latitude,longitude,elevation,utc_offset_seconds,timezone,timezone_abbreviation
26.81898,80.93023,127.0,19800,Asia/Kolkata,GMT+5:30

time,temperature_2m (°C),relative_humidity_2m (%),rain (mm),surface_pressure (hPa),cloud_cover (%),wind_speed_10m (m/s),wind_direction_10m (°)
2026-04-15T00:00,29.0,25,0.00,990.6,0,2.12,333
2026-04-15T01:00,27.6,28,0.00,989.7,0,1.28,321
2026-04-15T02:00,27.2,29,0.00,989.0,0,0.73,286
2026-04-15T03:00,26.1,31,0.00,988.8,0,1.00,264
2026-04-15T04:00,25.5,33,0.00,989.1,1,1.60,302
2026-04-15T05:00,25.3,39,0.00,989.3,0,2.30,316
2026-04-15T06:00,25.6,38,0.00,989.9,4,2.41,304
2026-04-15T07:00,28.2,33,0.00,990.9,11,1.61,286
2026-04-15T08:00,31.9,27,0.00,991.4,20,1.06,311
2026-04-15T09:00,35.6,18,0.00,991.7,38,1.63,315
2026-04-15T10:00,37.7,13,0.00,991.6,2,2.58,313
2026-04-15T11:00,38.4,12,0.00,991.0,5,2.84,326
2026-04-15T12:00,39.5,11,0.00,990.5,3,3.20,321
2026-04-15T13:00,39.8,11,0.00,989.5,1,3.36,313
2026-04-15T14:00,39.8,11,0.00,988.7,0,3.52,305
2026-04-15T15:00,39.3,12,0.00,988.1,0,3.59,302
2026-04-15T16:00,38.6,13,0.00,987.9,0,3.70,300
2026-04-15T17:00,38.1,12,0.00,987.8,3,3.18,296
2026-04-15T18:00,36.1,14,0.00,988.2,0,1.79,333
2026-04-15T19:00,34.7,16,0.00,988.6,0,2.26,5
2026-04-15T20:00,34.0,16,0.00,989.2,11,2.82,343
2026-04-15T21:00,32.9,16,0.00,990.0,1,3.73,325
2026-04-15T22:00,31.1,18,0.00,990.1,0,2.93,335
2026-04-15T23:00,30.0,20,0.00,989.8,0,2.38,352
2026-04-16T00:00,29.3,21,0.00,989.4,0,2.83,347
2026-04-16T01:00,28.6,22,0.00,988.9,0,2.77,354
2026-04-16T02:00,28.3,23,0.00,988.9,0,2.38,8
2026-04-16T03:00,26.3,26,0.00,989.4,0,1.63,162
2026-04-16T04:00,25.4,30,0.00,989.7,0,1.25,180
2026-04-16T05:00,24.7,37,0.00,989.7,4,1.22,99
2026-04-16T06:00,25.8,35,0.00,990.8,5,1.27,169
2026-04-16T07:00,28.5,30,0.00,991.8,0,0.55,265
2026-04-16T08:00,31.9,23,0.00,992.7,0,0.67,228
2026-04-16T09:00,35.1,19,0.00,993.1,0,0.86,216
2026-04-16T10:00,37.4,15,0.00,993.4,0,0.96,231
2026-04-16T11:00,37.9,13,0.00,993.0,0,0.66,261
2026-04-16T12:00,39.8,10,0.00,992.4,0,1.87,290
2026-04-16T13:00,40.2,9,0.00,991.8,0,3.13,304
2026-04-16T14:00,40.0,7,0.00,990.9,91,3.51,311
2026-04-16T15:00,39.7,9,0.00,990.2,76,2.87,299
2026-04-16T16:00,39.1,10,0.00,989.8,24,2.78,293
2026-04-16T17:00,38.3,10,0.00,989.4,0,2.75,295
2026-04-16T18:00,36.3,13,0.00,989.6,1,1.81,309
2026-04-16T19:00,34.1,17,0.00,990.5,12,1.18,324
2026-04-16T20:00,32.8,19,0.00,991.3,27,1.21,263
2026-04-16T21:00,31.8,19,0.00,992.0,100,1.48,246
2026-04-16T22:00,30.9,20,0.00,992.2,88,1.25,265
2026-04-16T23:00,30.8,22,0.00,992.4,95,0.43,234
2026-04-17T00:00,28.5,25,0.00,992.3,98,1.17,340
2026-04-17T01:00,27.9,27,0.00,991.9,100,0.43,126
2026-04-17T02:00,27.1,29,0.00,991.4,51,0.66,171
2026-04-17T03:00,26.3,31,0.00,991.3,38,0.32,39
2026-04-17T04:00,25.4,33,0.00,991.7,45,1.68,100
2026-04-17T05:00,24.7,39,0.00,991.4,53,0.72,78
2026-04-17T06:00,25.5,37,0.00,992.7,73,1.76,95
2026-04-17T07:00,27.5,33,0.00,993.7,99,1.50,86
2026-04-17T08:00,29.9,29,0.00,994.5,100,1.92,99
2026-04-17T09:00,32.1,27,0.00,995.2,100,1.57,99
2026-04-17T10:00,34.9,24,0.00,995.1,97,1.06,98
2026-04-17T11:00,35.3,25,0.00,994.9,100,1.14,75
2026-04-17T12:00,37.7,20,0.00,994.4,100,0.47,18
2026-04-17T13:00,38.8,16,0.00,993.5,100,1.50,323
2026-04-17T14:00,39.3,15,0.00,992.5,98,2.31,309
2026-04-17T15:00,39.0,16,0.00,991.6,80,3.36,307
2026-04-17T16:00,38.1,18,0.00,991.3,80,3.39,315
2026-04-17T17:00,38.1,16,0.00,990.8,73,2.84,321
2026-04-17T18:00,36.3,19,0.00,991.3,36,0.83,25
2026-04-17T19:00,35.2,22,0.00,991.7,89,0.64,39
2026-04-17T20:00,34.7,22,0.00,992.0,96,0.78,15
2026-04-17T21:00,34.8,20,0.00,992.5,80,2.30,360
2026-04-17T22:00,33.1,23,0.00,992.2,96,1.53,349
2026-04-17T23:00,31.9,28,0.00,992.2,0,1.07,349
2026-04-18T00:00,30.6,29,0.00,992.0,0,1.49,340
2026-04-18T01:00,30.1,31,0.00,991.6,0,1.64,348
2026-04-18T02:00,29.0,34,0.00,991.4,0,2.02,318
2026-04-18T03:00,27.2,38,0.00,991.3,0,2.28,296
2026-04-18T04:00,26.6,39,0.00,990.9,0,2.13,294
2026-04-18T05:00,27.1,40,0.00,990.8,0,2.51,331
2026-04-18T06:00,27.2,40,0.00,991.8,0,1.91,290
2026-04-18T07:00,28.9,36,0.00,992.7,0,0.92,229
2026-04-18T08:00,31.9,29,0.00,993.2,0,0.57,285
2026-04-18T09:00,35.0,24,0.00,993.1,12,0.82,308
2026-04-18T10:00,38.0,18,0.00,993.3,95,1.17,301
2026-04-18T11:00,38.9,16,0.00,993.1,87,1.99,321
2026-04-18T12:00,40.3,15,0.00,992.7,94,3.09,309
2026-04-18T13:00,40.9,15,0.00,991.9,99,3.89,296
2026-04-18T14:00,41.0,15,0.00,990.8,95,4.13,291
2026-04-18T15:00,40.8,15,0.00,989.9,59,4.21,290
2026-04-18T16:00,40.3,16,0.00,989.4,19,4.16,286
2026-04-18T17:00,39.8,15,0.00,989.0,0,4.22,280
2026-04-18T18:00,38.0,18,0.00,989.2,0,3.37,255
2026-04-18T19:00,36.5,20,0.00,989.8,0,2.80,272
2026-04-18T20:00,35.0,23,0.00,990.3,0,2.62,301
2026-04-18T21:00,34.4,24,0.00,990.8,0,2.98,301
2026-04-18T22:00,33.5,25,0.00,990.9,0,3.22,313
2026-04-18T23:00,32.7,28,0.00,990.7,0,2.12,315
2026-04-19T00:00,31.1,31,0.00,990.2,0,1.70,310
2026-04-19T01:00,29.8,34,0.00,989.3,0,1.49,290
2026-04-19T02:00,28.9,36,0.00,989.0,0,1.78,281
2026-04-19T03:00,27.9,39,0.00,989.1,0,1.71,285
2026-04-19T04:00,27.4,41,0.00,989.2,0,2.20,287
2026-04-19T05:00,27.2,44,0.00,989.3,0,1.99,295
2026-04-19T06:00,27.7,42,0.00,989.8,0,2.28,299
2026-04-19T07:00,30.1,36,0.00,990.7,0,1.39,255
2026-04-19T08:00,33.0,31,0.00,991.6,0,1.84,248
2026-04-19T09:00,36.0,25,0.00,992.1,0,1.25,270
2026-04-19T10:00,38.5,21,0.00,991.8,0,1.47,280
2026-04-19T11:00,39.9,18,0.00,991.4,0,2.15,288
2026-04-19T12:00,41.5,14,0.00,990.9,0,3.36,293
2026-04-19T13:00,42.0,13,0.00,989.9,7,4.23,293
2026-04-19T14:00,42.0,12,0.00,989.2,37,4.91,292
2026-04-19T15:00,41.5,11,0.00,988.3,43,5.05,291
2026-04-19T16:00,41.1,11,0.00,988.1,28,5.22,290
2026-04-19T17:00,40.1,12,0.00,987.7,55,4.08,277
2026-04-19T18:00,38.2,14,0.00,988.3,46,2.93,247
2026-04-19T19:00,36.7,15,0.00,988.9,20,2.55,250
2026-04-19T20:00,35.6,16,0.00,989.1,0,2.43,261
2026-04-19T21:00,34.5,18,0.00,989.9,0,2.73,296
2026-04-19T22:00,33.3,20,0.00,989.8,0,2.75,327
2026-04-19T23:00,32.8,21,0.00,989.5,37,2.64,345
2026-04-20T00:00,31.6,22,0.00,989.1,4,1.98,339
2026-04-20T01:00,29.9,26,0.00,988.8,0,1.23,339
2026-04-20T02:00,29.1,28,0.00,988.7,2,0.30,270
2026-04-20T03:00,28.2,29,0.00,988.8,0,1.12,238
2026-04-20T04:00,26.8,32,0.00,988.7,0,1.15,270
2026-04-20T05:00,27.5,38,0.00,988.5,0,0.63,342
2026-04-20T06:00,28.4,36,0.00,989.6,0,1.13,13
2026-04-20T07:00,30.5,32,0.00,990.7,0,1.35,321
2026-04-20T08:00,34.0,25,0.00,991.0,0,0.82,322
2026-04-20T09:00,37.1,21,0.00,991.3,0,1.28,301
2026-04-20T10:00,39.6,16,0.00,991.3,0,2.40,293
2026-04-20T11:00,40.7,13,0.00,990.7,24,3.05,288
2026-04-20T12:00,41.5,10,0.00,990.2,46,4.89,288
2026-04-20T13:00,41.4,11,0.00,989.3,7,4.66,301
2026-04-20T14:00,42.0,9,0.00,987.9,27,4.75,300
2026-04-20T15:00,41.4,9,0.00,987.1,91,5.96,293
2026-04-20T16:00,40.7,10,0.00,986.7,30,5.45,292
2026-04-20T17:00,39.7,11,0.00,986.9,0,4.27,305
2026-04-20T18:00,37.9,13,0.00,987.4,0,2.90,328
2026-04-20T19:00,36.5,15,0.00,988.0,0,3.29,336
2026-04-20T20:00,35.2,17,0.00,988.9,0,2.91,319
2026-04-20T21:00,33.4,20,0.00,989.6,0,2.80,313
2026-04-20T22:00,32.3,21,0.00,989.6,0,2.36,324
2026-04-20T23:00,32.0,22,0.00,989.3,0,2.78,337
2026-04-21T00:00,31.3,22,0.00,988.6,0,3.18,323
2026-04-21T01:00,31.1,21,0.00,988.4,0,3.19,318
2026-04-21T02:00,30.5,21,0.00,988.2,0,2.72,313
2026-04-21T03:00,29.2,23,0.00,988.3,0,2.46,299
2026-04-21T04:00,28.1,27,0.00,988.6,0,2.77,298
2026-04-21T05:00,27.7,32,0.00,988.9,0,3.40,306
2026-04-21T06:00,27.9,33,0.00,989.4,0,3.13,304
2026-04-21T07:00,30.0,29,0.00,990.4,0,2.25,291
2026-04-21T08:00,33.2,24,0.00,991.0,0,2.44,301
2026-04-21T09:00,36.6,17,0.00,991.3,0,2.74,301
2026-04-21T10:00,38.6,12,0.00,991.2,0,3.80,297
2026-04-21T11:00,39.5,11,0.00,990.6,0,5.00,290
2026-04-21T12:00,40.3,11,0.00,990.0,0,5.89,285
2026-04-21T13:00,40.7,11,0.00,989.1,0,6.46,286
2026-04-21T14:00,40.6,11,0.00,988.3,0,6.67,285
2026-04-21T15:00,40.4,11,0.00,987.6,0,6.31,278
2026-04-21T16:00,40.0,11,0.00,987.0,0,6.40,270
2026-04-21T17:00,38.7,12,0.00,987.1,0,4.62,290
2026-04-21T18:00,36.5,15,0.00,987.8,0,3.06,304
2026-04-21T19:00,34.9,17,0.00,988.7,0,2.34,318
2026-04-21T20:00,33.8,19,0.00,989.2,0,2.30,312
2026-04-21T21:00,33.0,19,0.00,989.6,0,2.13,309
2026-04-21T22:00,32.5,19,0.00,989.6,0,1.97,306
2026-04-21T23:00,31.5,21,0.00,989.3,0,1.89,302
2026-04-22T00:00,30.6,22,0.00,988.9,0,2.05,283
2026-04-22T01:00,29.6,23,0.00,988.5,0,2.45,274
2026-04-22T02:00,28.7,25,0.00,988.4,0,2.64,260
2026-04-22T03:00,27.7,26,0.00,988.2,0,3.05,235
2026-04-22T04:00,27.2,27,0.00,988.2,0,3.07,251
2026-04-22T05:00,27.2,29,0.00,988.3,0,2.75,254
2026-04-22T06:00,28.0,28,0.00,989.4,0,2.91,258
2026-04-22T07:00,30.2,25,0.00,990.4,0,2.49,260
2026-04-22T08:00,33.4,22,0.00,990.8,0,2.67,257
2026-04-22T09:00,36.9,18,0.00,991.1,0,3.15,267
2026-04-22T10:00,39.2,15,0.00,991.1,0,4.26,279
2026-04-22T11:00,40.1,13,0.00,990.7,0,5.30,289
2026-04-22T12:00,40.8,12,0.00,990.0,0,6.20,293
2026-04-22T13:00,41.1,11,0.00,989.0,0,6.30,293
2026-04-22T14:00,41.3,11,0.00,988.0,0,5.73,291
2026-04-22T15:00,41.2,10,0.00,987.4,0,5.47,286
2026-04-22T16:00,40.8,10,0.00,986.9,0,5.50,287
2026-04-22T17:00,39.0,12,0.00,986.8,0,4.67,314
2026-04-22T18:00,37.3,14,0.00,987.3,0,3.26,328
2026-04-22T19:00,36.1,16,0.00,988.0,0,2.83,315
2026-04-22T20:00,34.8,18,0.00,988.7,0,2.07,302
2026-04-22T21:00,33.1,20,0.00,989.4,0,1.34,297
2026-04-22T22:00,31.8,23,0.00,989.5,0,1.20,287
2026-04-22T23:00,31.2,24,0.00,989.5,0,0.74,332
2026-04-23T00:00,30.3,26,0.00,989.5,0,0.38,293
2026-04-23T01:00,29.2,26,0.00,989.1,0,2.27,220
2026-04-23T02:00,28.0,28,0.00,989.2,0,2.14,217
2026-04-23T03:00,27.5,29,0.00,989.5,0,2.37,228
2026-04-23T04:00,27.5,29,0.00,989.8,0,1.68,240
2026-04-23T05:00,27.0,33,0.00,989.8,0,1.50,244
2026-04-23T06:00,28.1,31,0.00,990.6,0,2.68,233
2026-04-23T07:00,30.8,27,0.00,991.5,0,2.12,243
2026-04-23T08:00,34.3,23,0.00,992.0,0,1.97,263
2026-04-23T09:00,38.1,18,0.00,992.5,0,2.35,274
2026-04-23T10:00,40.4,14,0.00,992.4,0,3.51,287
2026-04-23T11:00,41.2,12,0.00,991.6,0,4.25,294
2026-04-23T12:00,42.0,11,0.00,990.9,0,4.79,295
2026-04-23T13:00,42.2,11,0.00,990.0,0,4.96,292
2026-04-23T14:00,42.2,11,0.00,988.9,0,4.76,289
2026-04-23T15:00,41.9,10,0.00,988.3,0,4.65,289
2026-04-23T16:00,41.3,9,0.00,987.7,0,4.48,286
2026-04-23T17:00,40.1,10,0.00,987.4,0,4.10,288
2026-04-23T18:00,38.5,11,0.00,987.9,0,3.02,263
2026-04-23T19:00,36.9,12,0.00,988.5,0,3.17,249
2026-04-23T20:00,34.8,14,0.00,989.4,0,2.43,261
2026-04-23T21:00,33.7,15,0.00,990.2,0,2.71,300
2026-04-23T22:00,32.9,16,0.00,990.2,0,2.56,266
2026-04-23T23:00,32.2,17,0.00,990.2,0,2.33,260
2026-04-24T00:00,30.4,20,0.00,990.0,0,1.42,288
2026-04-24T01:00,29.5,21,0.00,989.4,0,1.55,268
2026-04-24T02:00,28.6,23,0.00,989.2,0,1.41,278
2026-04-24T03:00,28.2,23,0.00,989.0,0,1.47,260
2026-04-24T04:00,27.4,24,0.00,989.4,0,2.79,234
2026-04-24T05:00,27.0,32,0.00,989.8,0,0.80,4
2026-04-24T06:00,28.5,28,0.00,990.9,0,1.21,246
2026-04-24T07:00,30.8,25,0.00,991.8,0,0.57,232
2026-04-24T08:00,33.7,20,0.00,992.3,0,0.75,323
2026-04-24T09:00,37.0,15,0.00,992.5,0,0.70,274
2026-04-24T10:00,39.5,12,0.00,992.1,0,1.05,270
2026-04-24T11:00,40.5,10,0.00,991.4,0,1.15,270
2026-04-24T12:00,42.2,9,0.00,990.7,0,1.87,261
2026-04-24T13:00,42.7,10,0.00,989.6,0,2.48,279
2026-04-24T14:00,42.8,10,0.00,988.5,0,3.18,298
2026-04-24T15:00,42.3,10,0.00,988.0,0,4.00,319
2026-04-24T16:00,41.5,10,0.00,987.8,0,4.25,332
2026-04-24T17:00,40.8,11,0.00,987.5,0,2.08,297
2026-04-24T18:00,38.8,13,0.00,987.9,0,1.27,225
2026-04-24T19:00,36.7,15,0.00,989.0,0,2.97,200
2026-04-24T20:00,35.6,16,0.00,989.7,0,3.49,209
2026-04-24T21:00,34.9,16,0.00,990.2,0,3.18,225
2026-04-24T22:00,33.8,18,0.00,990.2,0,2.70,230
2026-04-24T23:00,33.1,19,0.00,990.1,0,1.99,219
2026-04-25T00:00,32.1,20,0.00,990.1,0,2.14,217
2026-04-25T01:00,31.8,21,0.00,989.7,0,1.95,230
2026-04-25T02:00,31.2,21,0.00,989.6,0,1.99,231
2026-04-25T03:00,30.6,22,0.00,989.8,0,2.59,242
2026-04-25T04:00,29.9,23,0.00,990.2,8,2.10,269
2026-04-25T05:00,28.5,33,0.00,990.3,0,0.40,83
2026-04-25T06:00,29.5,30,0.00,991.2,0,1.80,124
2026-04-25T07:00,31.7,28,0.00,992.1,0,1.24,130
2026-04-25T08:00,34.6,23,0.00,992.5,0,0.58,121
2026-04-25T09:00,37.5,19,0.00,992.7,0,0.58,149
2026-04-25T10:00,39.9,16,0.00,992.1,7,0.60,156
2026-04-25T11:00,40.4,15,0.00,991.8,65,0.21,135
2026-04-25T12:00,43.1,12,0.00,990.8,58,1.61,275
2026-04-25T13:00,43.7,11,0.00,989.7,72,3.83,282
2026-04-25T14:00,43.0,10,0.00,988.9,80,4.90,295
2026-04-25T15:00,42.6,11,0.00,988.4,38,4.33,292
2026-04-25T16:00,42.4,12,0.00,988.2,11,3.44,279
2026-04-25T17:00,41.4,14,0.00,987.1,3,3.57,276
2026-04-25T18:00,40.0,15,0.00,987.7,12,2.35,272
2026-04-25T19:00,38.2,17,0.00,988.8,2,3.26,281
2026-04-25T20:00,37.3,19,0.00,989.7,1,4.16,296
2026-04-25T21:00,36.2,21,0.00,990.3,0,2.72,283
2026-04-25T22:00,35.1,23,0.00,990.3,0,2.50,282
2026-04-25T23:00,34.5,24,0.00,990.0,0,2.11,275
2026-04-26T00:00,34.1,24,0.00,989.3,2,1.85,270
2026-04-26T01:00,33.3,25,0.00,988.7,2,2.45,266
2026-04-26T02:00,31.9,27,0.00,988.4,0,1.46,278
2026-04-26T03:00,30.6,30,0.00,988.4,0,0.96,332
2026-04-26T04:00,30.3,29,0.00,988.9,0,1.74,342
2026-04-26T05:00,30.2,40,0.00,988.2,0,2.83,315
2026-04-26T06:00,30.8,38,0.00,989.0,0,2.35,322
2026-04-26T07:00,32.2,36,0.00,989.8,0,1.27,349
2026-04-26T08:00,34.4,33,0.00,990.4,0,1.38,347
2026-04-26T09:00,36.8,30,0.00,990.7,0,1.80,341
2026-04-26T10:00,39.0,25,0.00,990.6,0,1.95,331
2026-04-26T11:00,40.9,18,0.00,989.6,0,2.41,310
2026-04-26T12:00,42.1,16,0.00,988.9,3,3.58,306
2026-04-26T13:00,43.2,13,0.00,987.8,30,4.72,306
2026-04-26T14:00,43.2,13,0.00,986.6,16,5.73,304
2026-04-26T15:00,42.5,13,0.00,985.9,72,6.28,307
2026-04-26T16:00,41.9,13,0.00,985.4,66,5.66,306
2026-04-26T17:00,41.0,13,0.00,985.1,80,4.48,294
2026-04-26T18:00,39.2,15,0.00,985.5,71,2.93,279
2026-04-26T19:00,38.1,16,0.00,986.4,63,3.59,283
2026-04-26T20:00,37.8,16,0.00,987.0,1,4.45,296
2026-04-26T21:00,37.3,17,0.00,987.4,0,3.69,303
2026-04-26T22:00,36.2,18,0.00,987.6,0,3.24,304
2026-04-26T23:00,35.2,21,0.00,987.3,0,2.30,336
2026-04-27T00:00,30.8,45,0.00,987.6,0,4.65,91
2026-04-27T01:00,29.0,63,0.00,987.5,0,3.56,95
2026-04-27T02:00,28.4,67,0.00,987.4,13,3.40,107
2026-04-27T03:00,27.7,71,0.00,987.3,7,3.27,119
2026-04-27T04:00,26.8,74,0.00,987.3,0,3.43,106
2026-04-27T05:00,25.1,78,0.00,987.4,0,2.78,108
2026-04-27T06:00,25.7,74,0.00,987.9,5,2.52,104
2026-04-27T07:00,27.3,67,0.00,988.4,2,2.34,110
2026-04-27T08:00,29.8,58,0.00,988.7,1,1.69,109
2026-04-27T09:00,32.8,48,0.00,988.7,5,1.17,130
2026-04-27T10:00,35.9,38,0.00,988.1,0,1.07,169
2026-04-27T11:00,35.3,40,0.00,988.1,0,0.56,80
2026-04-27T12:00,38.3,31,0.00,987.4,0,0.40,353
2026-04-27T13:00,39.8,25,0.00,986.2,0,1.24,313
2026-04-27T14:00,40.9,21,0.00,985.0,0,2.31,300
2026-04-27T15:00,40.9,21,0.00,984.0,5,3.42,291
2026-04-27T16:00,40.5,21,0.00,983.7,35,3.85,279
2026-04-27T17:00,39.8,12,0.00,983.7,6,2.57,278
2026-04-27T18:00,38.1,17,0.00,983.7,39,0.32,129
2026-04-27T19:00,36.6,16,0.00,984.1,87,1.36,118
2026-04-27T20:00,34.9,18,0.00,985.0,100,1.25,92
2026-04-27T21:00,33.7,20,0.00,985.9,16,1.24,140
2026-04-27T22:00,32.5,22,0.00,986.2,0,1.56,135
2026-04-27T23:00,31.2,27,0.00,986.5,70,3.44,99
2026-04-28T00:00,30.5,39,0.00,986.5,49,3.91,117
2026-04-28T01:00,29.7,48,0.00,986.4,99,3.82,122
2026-04-28T02:00,29.2,52,0.00,986.5,2,3.47,126
2026-04-28T03:00,28.6,55,0.00,987.1,42,2.61,78
2026-04-28T04:00,27.9,60,0.00,987.2,100,2.45,107
2026-04-28T05:00,26.6,72,0.00,987.8,100,3.08,97
2026-04-28T06:00,26.9,71,0.00,988.9,99,3.11,95
2026-04-28T07:00,28.1,66,0.00,989.2,37,3.57,96
2026-04-28T08:00,30.1,58,0.00,989.6,3,3.05,91
2026-04-28T09:00,32.4,50,0.00,989.4,0,3.22,102
2026-04-28T10:00,34.8,43,0.00,989.4,0,2.35,89
2026-04-28T11:00,34.6,43,0.00,989.3,2,1.17,110
2026-04-28T12:00,37.1,35,0.00,988.3,0,0.35,82
2026-04-28T13:00,38.8,29,0.00,987.1,0,1.21,300
2026-04-28T14:00,40.1,24,0.00,986.0,20,3.05,293
2026-04-28T15:00,38.2,23,0.00,985.4,70,3.87,290
2026-04-28T16:00,38.8,21,0.00,984.7,44,3.59,279
2026-04-28T17:00,39.1,20,0.00,984.1,34,3.18,292
2026-04-28T18:00,37.7,23,0.00,984.5,2,1.82,254
2026-04-28T19:00,37.1,23,0.00,985.2,0,2.27,262
2026-04-28T20:00,36.3,24,0.00,985.9,0,1.60,309
2026-04-28T21:00,34.7,27,0.00,986.6,0,0.94,328
2026-04-28T22:00,33.8,29,0.00,987.3,0,2.89,9
2026-04-28T23:00,32.9,38,0.00,987.2,0,2.93,46
2026-04-29T00:00,32.2,41,0.00,986.9,0,2.44,55
2026-04-29T01:00,31.3,44,0.00,986.3,0,2.39,53
2026-04-29T02:00,30.6,47,0.00,986.1,0,2.20,69
2026-04-29T03:00,29.7,49,0.00,986.2,0,2.45,107
2026-04-29T04:00,28.8,53,0.00,986.6,0,2.38,131
2026-04-29T05:00,28.5,60,0.00,986.3,1,3.15,100
2026-04-29T06:00,29.4,58,0.00,987.3,0,2.56,107
2026-04-29T07:00,31.0,57,0.00,987.9,20,3.00,108
2026-04-29T08:00,33.3,52,0.00,988.5,0,2.77,110
2026-04-29T09:00,35.7,44,0.00,988.9,4,2.42,120
2026-04-29T10:00,38.0,35,0.00,988.6,14,1.88,132
2026-04-29T11:00,39.4,25,0.00,988.0,55,1.58,18
2026-04-29T12:00,37.2,27,0.20,989.3,98,2.67,293
2026-04-29T13:00,34.9,33,0.00,988.1,87,3.56,340
2026-04-29T14:00,36.4,30,0.00,986.9,63,1.98,41
2026-04-29T15:00,36.3,29,0.30,986.6,90,1.34,27
2026-04-29T16:00,36.0,28,0.00,986.5,100,2.48,298
2026-04-29T17:00,34.3,39,0.00,984.2,34,1.30,286
2026-04-29T18:00,34.0,39,0.00,984.5,7,1.36,17
2026-04-29T19:00,32.8,43,0.00,985.9,24,1.77,98
2026-04-29T20:00,31.3,51,0.00,987.2,10,2.78,104
2026-04-29T21:00,30.1,55,0.00,988.0,13,3.40,104
2026-04-29T22:00,29.3,57,0.00,988.2,2,2.65,126
2026-04-29T23:00,28.4,63,0.00,987.7,45,3.04,123
2026-04-30T00:00,27.3,66,0.00,987.7,23,3.50,138
2026-04-30T01:00,26.4,69,0.00,987.9,63,3.00,120
2026-04-30T02:00,25.9,70,0.00,988.4,22,3.08,132
2026-04-30T03:00,25.1,73,0.00,988.2,4,3.41,104
2026-04-30T04:00,24.5,75,0.00,988.7,20,3.08,122
2026-04-30T05:00,23.9,74,0.00,988.2,99,3.00,108
2026-04-30T06:00,24.0,76,0.00,990.6,100,2.78,76
2026-04-30T07:00,24.9,75,0.00,991.8,100,3.92,79
2026-04-30T08:00,26.5,66,0.00,992.4,97,4.40,87
2026-04-30T09:00,28.6,57,0.00,992.1,96,4.65,102
2026-04-30T10:00,30.2,51,0.00,992.4,85,3.73,130
2026-04-30T11:00,29.6,54,0.00,993.1,100,4.14,127
2026-04-30T12:00,30.1,53,0.00,992.7,88,3.47,134
2026-04-30T13:00,30.8,49,0.00,991.2,100,3.25,157
2026-04-30T14:00,32.1,44,0.00,990.0,30,2.61,163
2026-04-30T15:00,32.5,42,0.00,989.6,58,1.70,180
2026-04-30T16:00,32.1,42,0.00,989.2,66,0.96,9
2026-04-30T17:00,29.2,57,0.00,986.9,25,1.35,94
2026-04-30T18:00,28.1,63,0.00,988.4,60,1.82,37
2026-04-30T19:00,27.1,70,0.00,989.5,100,1.04,35
2026-04-30T20:00,26.9,69,0.00,990.8,100,1.67,49
2026-04-30T21:00,25.9,71,0.00,992.6,96,5.65,39
2026-04-30T22:00,22.7,77,0.20,991.8,100,3.97,101
2026-04-30T23:00,22.3,90,0.00,991.5,100,1.81,85
2026-05-01T00:00,22.0,91,0.00,991.3,70,1.55,111
2026-05-01T01:00,21.9,91,0.00,990.9,6,2.31,96
2026-05-01T02:00,21.9,90,0.00,990.3,41,2.25,107
2026-05-01T03:00,21.9,90,0.00,990.1,66,1.94,108
2026-05-01T04:00,21.7,91,0.00,990.3,38,1.61,83
2026-05-01T05:00,22.7,86,0.00,990.4,0,1.94,102
2026-05-01T06:00,23.0,83,0.00,991.5,0,2.49,52
2026-05-01T07:00,23.7,78,0.00,992.4,3,3.34,55
2026-05-01T08:00,25.8,70,0.00,992.1,9,3.10,93
2026-05-01T09:00,28.5,58,0.00,992.5,0,2.51,95
2026-05-01T10:00,30.3,52,0.00,992.3,2,2.26,85
2026-05-01T11:00,31.2,48,0.00,992.0,34,1.88,29
2026-05-01T12:00,32.2,46,0.00,991.4,11,2.06,41
2026-05-01T13:00,32.7,44,0.00,990.6,23,2.09,48
2026-05-01T14:00,32.7,44,0.00,989.2,41,1.77,65
2026-05-01T15:00,32.6,44,0.00,988.1,45,1.91,84
2026-05-01T16:00,32.0,45,0.00,987.7,23,1.47,145
2026-05-01T17:00,31.4,46,0.00,987.6,5,0.95,108
2026-05-01T18:00,30.3,54,0.00,987.9,3,1.11,98
2026-05-01T19:00,29.2,57,0.00,988.6,4,1.91,84
2026-05-01T20:00,28.3,59,0.00,989.0,0,2.43,76
2026-05-01T21:00,27.4,61,0.00,989.5,1,2.18,81
2026-05-01T22:00,26.7,63,0.00,989.7,0,2.74,81
2026-05-01T23:00,26.8,64,0.00,989.2,0,4.15,75
2026-05-02T00:00,26.0,66,0.00,988.8,0,3.25,87
2026-05-02T01:00,25.4,69,0.00,988.2,0,2.87,96
2026-05-02T02:00,24.9,71,0.00,988.0,0,2.81,95
2026-05-02T03:00,24.4,73,0.00,988.0,6,2.84,100
2026-05-02T04:00,24.0,74,0.00,988.5,39,2.44,118
2026-05-02T05:00,23.3,78,0.00,988.3,28,3.63,98
2026-05-02T06:00,23.7,76,0.00,989.2,4,3.03,98
2026-05-02T07:00,25.0,73,0.00,989.7,0,3.59,99
2026-05-02T08:00,27.1,65,0.00,990.3,1,3.22,97
2026-05-02T09:00,29.3,54,0.00,990.5,0,3.46,101
2026-05-02T10:00,31.3,47,0.00,990.2,0,3.29,99
2026-05-02T11:00,31.8,46,0.00,990.2,0,3.37,75
2026-05-02T12:00,32.8,43,0.00,989.4,0,3.00,79
2026-05-02T13:00,33.7,41,0.00,988.3,2,2.35,78
2026-05-02T14:00,34.1,39,0.00,986.8,27,1.75,77
2026-05-02T15:00,34.3,38,0.00,985.6,11,1.07,79
2026-05-02T16:00,34.3,37,0.00,985.3,14,0.30,171
2026-05-02T17:00,33.0,38,0.00,985.1,5,1.79,18
2026-05-02T18:00,32.3,40,0.00,985.9,2,0.41,256
2026-05-02T19:00,31.1,47,0.00,986.5,3,1.79,30
2026-05-02T20:00,30.2,50,0.00,987.0,0,2.39,61
2026-05-02T21:00,29.2,55,0.00,988.0,0,1.86,95
2026-05-02T22:00,28.0,59,0.00,988.4,0,2.26,121
2026-05-02T23:00,28.1,60,0.00,988.1,0,2.63,99
2026-05-03T00:00,27.4,61,0.00,988.1,0,2.51,107
2026-05-03T01:00,26.8,62,0.00,987.2,0,3.13,103
2026-05-03T02:00,26.2,63,0.00,987.4,16,2.35,94
2026-05-03T03:00,25.4,65,0.00,988.5,100,3.66,55
2026-05-03T04:00,24.9,69,0.00,988.6,100,3.92,85
2026-05-03T05:00,24.4,79,0.00,989.4,100,3.92,84
2026-05-03T06:00,24.3,80,0.00,990.1,42,4.27,95
2026-05-03T07:00,25.2,76,0.00,990.4,17,4.15,99
2026-05-03T08:00,27.2,67,0.00,991.1,100,3.86,103
2026-05-03T09:00,29.1,60,0.00,991.8,95,3.87,107
2026-05-03T10:00,31.1,54,0.00,991.8,66,3.98,117
2026-05-03T11:00,31.5,51,0.00,991.9,86,3.91,106
2026-05-03T12:00,32.4,48,0.00,991.4,62,3.70,99
2026-05-03T13:00,33.1,46,0.00,990.5,1,3.58,102
2026-05-03T14:00,33.7,44,0.00,989.1,0,3.83,114
2026-05-03T15:00,33.7,43,0.00,988.4,2,3.39,121
2026-05-03T16:00,33.5,44,0.00,988.1,5,2.62,116
2026-05-03T17:00,31.4,51,0.50,988.4,21,2.82,63
2026-05-03T18:00,30.4,56,0.00,988.9,16,1.90,76
2026-05-03T19:00,29.4,60,0.00,989.7,5,2.95,64
2026-05-03T20:00,28.7,61,0.00,990.5,0,3.25,76
2026-05-03T21:00,28.1,62,0.00,991.3,0,3.25,90
2026-05-03T22:00,27.3,64,0.00,991.5,0,3.31,94
2026-05-03T23:00,27.1,66,0.00,990.7,5,3.82,104
2026-05-04T00:00,26.6,67,0.00,990.2,7,4.14,98
2026-05-04T01:00,26.1,68,0.00,990.4,0,3.77,95
2026-05-04T02:00,25.5,69,0.00,990.6,0,4.41,93
2026-05-04T03:00,25.1,72,0.00,990.6,0,4.72,95
2026-05-04T04:00,24.8,75,0.00,990.4,0,4.72,100
2026-05-04T05:00,24.3,78,0.00,990.0,2,4.81,111
2026-05-04T06:00,24.5,78,0.20,990.9,90,3.58,97
2026-05-04T07:00,24.5,81,4.20,993.8,100,4.51,3
2026-05-04T08:00,22.1,90,6.90,996.1,100,4.83,21
2026-05-04T09:00,22.2,92,0.80,995.8,100,4.71,71
2026-05-04T10:00,23.2,90,8.30,997.4,100,2.86,5
2026-05-04T11:00,23.1,84,0.40,995.3,79,3.62,41
2026-05-04T12:00,26.1,74,0.00,994.4,10,4.13,71
2026-05-04T13:00,28.0,66,0.00,993.0,40,5.14,83
2026-05-04T14:00,28.0,66,0.00,991.7,27,4.63,83
2026-05-04T15:00,28.6,64,0.00,991.8,1,3.40,66
2026-05-04T16:00,28.6,64,0.00,990.8,1,3.75,81
2026-05-04T17:00,26.8,66,0.00,990.0,3,2.65,88
2026-05-04T18:00,25.9,71,0.00,990.9,20,2.15,87
2026-05-04T19:00,25.0,75,0.00,992.2,2,1.45,88
2026-05-04T20:00,24.5,79,0.00,992.8,2,0.85,118
2026-05-04T21:00,24.1,79,0.00,993.5,13,1.57,112
2026-05-04T22:00,23.6,81,0.00,994.2,7,1.97,117
2026-05-04T23:00,23.4,82,0.00,993.6,100,2.10,118
2026-05-05T00:00,22.8,85,0.00,993.8,100,1.62,68
2026-05-05T01:00,22.5,85,0.00,994.1,100,2.15,78
2026-05-05T02:00,22.3,85,0.00,994.2,100,1.74,78
2026-05-05T03:00,22.0,85,0.00,994.4,98,1.98,74
2026-05-05T04:00,21.9,83,0.00,994.6,100,3.00,66
2026-05-05T05:00,21.9,82,0.00,994.3,100,3.56,64
2026-05-05T06:00,22.4,78,0.00,996.0,100,3.25,143
2026-05-05T07:00,22.3,79,0.10,996.9,100,3.04,110
2026-05-05T08:00,23.6,77,0.20,996.9,100,2.30,139
2026-05-05T09:00,24.2,76,0.10,997.8,100,1.14,119
2026-05-05T10:00,25.4,72,0.20,996.8,100,2.56,84
2026-05-05T11:00,25.5,71,0.00,996.9,100,2.35,102
2026-05-05T12:00,26.8,68,0.00,995.9,100,2.27,76
2026-05-05T13:00,27.7,65,0.00,995.3,99,1.91,57
2026-05-05T14:00,28.0,64,0.00,994.7,100,1.91,45
2026-05-05T15:00,27.3,66,0.00,993.7,100,1.98,47
2026-05-05T16:00,26.8,68,0.00,992.9,89,2.05,45
2026-05-05T17:00,26.3,70,0.00,992.6,93,1.32,37
2026-05-05T18:00,25.4,79,0.00,992.4,48,0.71,8
2026-05-05T19:00,24.5,82,0.00,993.1,70,1.53,328
2026-05-05T20:00,23.9,85,0.00,993.6,25,1.13,347
2026-05-05T21:00,23.4,86,0.00,994.2,0,1.30,337
2026-05-05T22:00,22.8,89,0.00,994.2,2,0.86,306
2026-05-05T23:00,23.6,89,0.00,993.6,1,1.05,3
2026-05-06T00:00,22.9,93,0.00,993.1,1,0.83,335
2026-05-06T01:00,22.5,94,0.00,992.4,4,0.50,307
2026-05-06T02:00,22.1,96,0.00,992.4,12,0.32,141
2026-05-06T03:00,22.0,96,0.00,992.7,20,0.21,76
2026-05-06T04:00,21.7,97,0.00,992.7,13,0.51,349
2026-05-06T05:00,21.5,95,0.00,992.8,20,1.46,188
2026-05-06T06:00,22.7,90,0.00,993.7,28,1.03,227
2026-05-06T07:00,24.6,81,0.00,994.3,1,1.03,223
2026-05-06T08:00,26.3,73,0.00,994.5,0,1.38,257
2026-05-06T09:00,28.1,64,0.00,994.5,0,1.50,285
2026-05-06T10:00,29.5,57,0.00,994.3,38,1.86,301
2026-05-06T11:00,30.2,51,0.00,994.0,1,0.83,335
2026-05-06T12:00,31.1,47,0.00,993.4,20,1.20,343
2026-05-06T13:00,31.6,44,0.00,992.4,13,1.72,352
2026-05-06T14:00,32.0,42,0.00,991.2,12,2.04,349
2026-05-06T15:00,31.8,42,0.00,990.6,25,2.06,334
2026-05-06T16:00,31.4,44,0.00,990.2,52,2.19,313
2026-05-06T17:00,25.5,70,0.00,990.7,98,2.24,66
2026-05-06T18:00,24.5,73,0.80,991.1,11,1.84,131
2026-05-06T19:00,24.2,71,0.00,991.1,2,2.33,121
2026-05-06T20:00,23.9,70,0.00,991.4,9,2.22,126
2026-05-06T21:00,23.2,73,0.00,992.0,0,1.81,118
2026-05-06T22:00,22.5,77,0.00,992.4,0,1.81,95
2026-05-06T23:00,23.8,76,0.00,992.5,16,2.65,91
2026-05-07T00:00,23.8,74,0.00,992.4,0,2.50,110
2026-05-07T01:00,23.3,72,0.00,991.9,0,2.63,123
2026-05-07T02:00,22.8,70,0.00,991.8,0,2.63,129
2026-05-07T03:00,22.3,71,0.00,992.1,1,2.72,134
2026-05-07T04:00,21.8,75,0.00,992.2,1,3.04,132
2026-05-07T05:00,21.6,85,0.00,994.3,80,0.58,239
2026-05-07T06:00,21.2,84,0.50,994.6,100,4.31,105
2026-05-07T07:00,22.5,79,0.00,994.7,26,3.43,127
2026-05-07T08:00,25.4,68,0.00,996.1,92,2.18,171
2026-05-07T09:00,27.2,59,0.00,996.4,100,2.87,187
2026-05-07T10:00,28.4,55,0.00,996.1,89,1.96,184
2026-05-07T11:00,26.8,63,0.00,997.1,100,3.14,211
2026-05-07T12:00,27.8,54,0.10,996.0,69,2.90,183
2026-05-07T13:00,28.4,51,0.00,995.1,24,1.49,194
2026-05-07T14:00,29.7,47,0.10,993.7,44,0.75,176
2026-05-07T15:00,29.9,47,0.00,993.8,12,2.15,324
2026-05-07T16:00,29.7,47,0.00,993.5,56,0.98,336
2026-05-07T17:00,27.2,54,0.00,993.0,75,1.13,347
2026-05-07T18:00,26.1,64,0.00,993.2,8,1.18,12
2026-05-07T19:00,25.0,70,0.00,993.9,3,1.36,8
2026-05-07T20:00,24.2,75,0.00,994.2,1,1.37,24
2026-05-07T21:00,23.8,76,0.00,994.2,0,1.59,66
2026-05-07T22:00,23.5,79,0.00,994.5,5,0.40,120
2026-05-07T23:00,22.9,88,0.00,994.6,0,0.00,270
2026-05-08T00:00,22.8,88,0.00,993.8,0,0.25,90
2026-05-08T01:00,22.5,89,0.00,993.2,1,1.50,90
2026-05-08T02:00,22.3,88,0.00,993.2,13,1.50,92
2026-05-08T03:00,21.9,89,0.00,993.3,52,1.05,115
2026-05-08T04:00,21.9,88,0.00,993.7,99,1.26,108
2026-05-08T05:00,22.3,87,0.00,993.9,100,2.04,79
2026-05-08T06:00,23.0,85,0.00,995.1,100,1.74,72
2026-05-08T07:00,24.6,78,0.00,995.7,27,2.27,82
2026-05-08T08:00,26.7,69,0.00,996.0,0,2.20,90
2026-05-08T09:00,28.7,60,0.00,996.6,1,2.37,97
2026-05-08T10:00,30.3,53,0.00,996.7,0,2.33,105
2026-05-08T11:00,31.2,44,0.00,995.9,8,2.33,118
2026-05-08T12:00,32.1,39,0.00,995.0,1,2.48,109
2026-05-08T13:00,32.7,37,0.00,994.3,0,1.94,108
2026-05-08T14:00,33.2,36,0.00,993.3,0,1.38,109
2026-05-08T15:00,33.0,36,0.00,992.3,1,1.92,99
2026-05-08T16:00,32.5,37,0.00,991.8,0,2.26,85
2026-05-08T17:00,31.7,42,0.00,991.6,1,2.42,68
2026-05-08T18:00,29.2,53,0.00,992.0,0,2.16,50
2026-05-08T19:00,27.6,57,0.00,992.7,0,2.55,45
2026-05-08T20:00,26.6,57,0.00,993.2,0,2.73,49
2026-05-08T21:00,26.0,56,0.00,993.7,0,3.34,60
2026-05-08T22:00,25.4,57,0.00,993.7,0,3.38,71
2026-05-08T23:00,26.3,57,0.00,993.3,0,3.76,86
2026-05-09T00:00,25.7,60,0.00,993.1,0,3.17,96
2026-05-09T01:00,25.1,64,0.00,992.7,0,3.17,111
2026-05-09T02:00,24.7,67,0.00,992.8,0,2.91,119
2026-05-09T03:00,24.2,69,0.00,992.9,23,2.64,105
2026-05-09T04:00,23.7,71,0.00,993.4,35,3.05,92
2026-05-09T05:00,23.7,79,0.00,993.6,19,3.11,79
2026-05-09T06:00,24.3,78,0.00,994.9,93,2.40,78
2026-05-09T07:00,24.7,76,0.00,995.5,82,3.88,97
2026-05-09T08:00,26.5,68,0.00,995.6,12,3.62,96
2026-05-09T09:00,28.7,59,0.00,995.7,50,3.55,92
2026-05-09T10:00,29.7,54,0.00,995.5,43,3.70,91
2026-05-09T11:00,31.3,48,0.00,995.1,83,2.93,67
2026-05-09T12:00,32.1,45,0.00,994.4,14,3.31,87
2026-05-09T13:00,32.4,44,1.50,993.5,20,3.26,85
2026-05-09T14:00,32.0,45,0.50,992.4,56,3.86,80
2026-05-09T15:00,31.7,43,0.00,992.0,59,3.47,117
2026-05-09T16:00,31.0,46,0.00,992.2,52,2.72,137
2026-05-09T17:00,28.8,59,0.00,991.4,12,2.06,72
2026-05-09T18:00,28.3,62,0.00,991.6,4,1.50,53
2026-05-09T19:00,27.4,65,0.00,992.1,0,2.42,60
2026-05-09T20:00,27.0,67,0.00,992.4,0,2.43,58
2026-05-09T21:00,26.5,69,0.00,993.0,0,1.96,71
2026-05-09T22:00,26.0,71,0.00,993.3,0,1.96,94
2026-05-09T23:00,26.8,67,0.00,992.7,0,2.71,86
2026-05-10T00:00,27.2,60,0.00,992.5,0,2.40,91
2026-05-10T01:00,26.8,59,0.00,992.2,0,3.10,105
2026-05-10T02:00,26.4,55,0.00,992.2,0,2.95,116
2026-05-10T03:00,25.7,58,0.00,992.7,0,2.44,113
2026-05-10T04:00,25.0,61,0.00,993.0,0,2.38,98
2026-05-10T05:00,24.7,71,0.00,993.5,0,3.35,92
2026-05-10T06:00,25.7,67,0.00,994.7,0,3.15,88
2026-05-10T07:00,27.2,62,0.00,995.3,0,3.36,85
2026-05-10T08:00,29.1,56,0.00,995.4,0,3.52,83
2026-05-10T09:00,31.2,48,0.00,995.5,0,3.65,88
2026-05-10T10:00,33.0,39,0.00,995.0,0,3.60,91
2026-05-10T11:00,33.6,38,0.00,994.5,15,3.17,78
2026-05-10T12:00,34.3,35,0.00,993.7,5,2.72,77
2026-05-10T13:00,34.8,33,0.00,992.6,1,2.52,76
2026-05-10T14:00,34.9,32,0.00,991.7,2,2.52,76
2026-05-10T15:00,34.9,31,0.00,990.9,2,2.37,72
2026-05-10T16:00,34.6,30,0.00,990.3,5,2.22,67
2026-05-10T17:00,33.7,34,0.00,990.0,1,1.86,66
2026-05-10T18:00,32.4,39,0.00,990.9,0,2.68,57
2026-05-10T19:00,31.1,45,0.00,991.6,0,2.69,47
2026-05-10T20:00,30.3,46,0.00,992.3,0,2.66,49
2026-05-10T21:00,29.6,48,0.00,992.9,0,2.64,65
2026-05-10T22:00,28.5,52,0.00,992.7,0,2.86,94
2026-05-10T23:00,28.4,54,0.00,992.8,0,2.95,90
2026-05-11T00:00,28.2,53,0.00,992.4,0,2.90,101
2026-05-11T01:00,27.6,54,0.00,992.4,0,2.83,98
2026-05-11T02:00,27.0,56,0.00,992.4,0,3.00,93
2026-05-11T03:00,26.5,58,0.00,992.5,0,3.25,90
2026-05-11T04:00,25.9,60,0.00,993.0,0,3.10,92
2026-05-11T05:00,26.1,65,0.00,993.4,1,3.48,97
2026-05-11T06:00,26.9,62,0.00,994.2,16,3.01,94
2026-05-11T07:00,28.2,59,0.00,994.7,7,3.10,89
2026-05-11T08:00,30.0,53,0.00,994.9,9,3.01,95
2026-05-11T09:00,32.2,45,0.00,994.7,3,2.40,102
2026-05-11T10:00,34.1,37,0.00,994.3,0,2.36,103
2026-05-11T11:00,34.6,35,0.00,993.8,4,2.20,89
2026-05-11T12:00,35.7,32,0.00,993.4,19,1.61,64
2026-05-11T13:00,36.1,30,0.00,992.4,39,1.71,38
2026-05-11T14:00,36.4,29,0.00,991.3,44,2.10,25
2026-05-11T15:00,36.2,28,0.00,990.5,63,2.82,6
2026-05-11T16:00,35.3,32,0.00,990.2,15,2.87,354
2026-05-11T17:00,34.5,28,0.00,990.0,5,2.06,356
2026-05-11T18:00,33.5,30,0.00,990.4,3,1.59,41
2026-05-11T19:00,31.6,40,0.00,990.7,7,2.35,78
2026-05-11T20:00,30.6,44,0.00,990.9,2,1.97,81
2026-05-11T21:00,30.1,45,0.00,991.4,1,1.92,81
2026-05-11T22:00,29.8,44,0.00,991.6,0,2.11,94
2026-05-11T23:00,30.2,43,0.00,991.3,0,2.41,85
2026-05-12T00:00,30.0,44,0.00,991.1,0,2.45,91
2026-05-12T01:00,29.4,45,0.00,990.8,0,2.51,107
2026-05-12T02:00,28.5,47,0.00,990.7,1,2.64,115
2026-05-12T03:00,27.7,50,0.00,990.8,1,2.73,116
2026-05-12T04:00,27.0,53,0.00,991.0,9,3.15,110
2026-05-12T05:00,27.1,61,0.00,990.6,0,2.91,131
2026-05-12T06:00,28.0,60,0.00,991.3,1,2.60,120
2026-05-12T07:00,29.7,55,0.00,991.8,1,2.01,117
2026-05-12T08:00,31.8,49,0.00,992.4,2,2.06,116
2026-05-12T09:00,34.0,42,0.00,992.7,2,1.92,118
2026-05-12T10:00,35.6,35,0.00,992.5,4,1.84,119
2026-05-12T11:00,35.9,35,0.00,992.3,6,1.41,82
2026-05-12T12:00,36.4,34,0.00,991.6,15,1.14,61
2026-05-12T13:00,36.7,33,0.00,990.4,31,0.85,50
2026-05-12T14:00,37.2,32,0.00,988.9,2,0.45,354
2026-05-12T15:00,37.4,32,0.00,987.8,11,1.46,344
2026-05-12T16:00,36.9,32,0.00,987.2,6,1.93,343
2026-05-12T17:00,35.3,39,0.00,987.3,9,1.32,99
2026-05-12T18:00,34.4,41,0.00,987.7,14,1.76,97
2026-05-12T19:00,33.3,46,0.00,988.1,1,1.90,88
2026-05-12T20:00,32.2,50,0.00,988.5,36,2.36,84
2026-05-12T21:00,31.2,53,0.00,988.9,53,2.61,85
2026-05-12T22:00,30.7,52,0.00,989.1,2,3.02,83
2026-05-12T23:00,30.8,52,0.00,989.0,0,3.12,84
2026-05-13T00:00,30.0,56,0.00,988.5,0,3.25,92
2026-05-13T01:00,29.4,58,0.00,988.0,1,3.41,95
2026-05-13T02:00,28.8,60,0.00,988.2,6,2.87,97
2026-05-13T03:00,28.3,61,0.00,988.6,10,2.75,93
2026-05-13T04:00,27.9,64,0.00,988.2,0,3.37,105
2026-05-13T05:00,27.9,72,0.00,988.7,0,2.96,120
2026-05-13T06:00,28.4,72,0.00,989.4,0,2.20,107
2026-05-13T07:00,30.1,67,0.00,990.2,0,2.23,99
2026-05-13T08:00,31.9,60,0.00,990.8,0,2.40,88
2026-05-13T09:00,33.9,52,0.00,990.7,0,2.70,92
2026-05-13T10:00,35.5,45,0.00,990.2,0,2.82,97
2026-05-13T11:00,36.5,42,0.00,989.7,0,2.36,73
2026-05-13T12:00,37.0,39,0.00,989.1,84,2.24,27
2026-05-13T13:00,36.0,40,0.00,988.1,2,2.35,359
2026-05-13T14:00,37.1,37,0.00,986.4,2,1.86,24
2026-05-13T15:00,37.4,34,0.00,985.5,1,1.18,348
2026-05-13T16:00,37.2,32,0.00,985.0,0,1.22,305
2026-05-13T17:00,34.4,34,0.00,984.3,9,2.51,107
2026-05-13T18:00,33.1,38,0.00,984.0,2,1.91,133
2026-05-13T19:00,32.1,43,0.00,984.7,0,1.09,106
2026-05-13T20:00,31.7,44,0.00,986.0,0,1.03,47
2026-05-13T21:00,31.2,46,0.00,986.2,0,1.57,112
2026-05-13T22:00,30.5,49,0.00,987.2,0,2.19,45
2026-05-13T23:00,29.9,50,0.00,986.6,10,1.39,64
2026-05-14T00:00,29.0,54,0.00,986.5,3,1.08,124
2026-05-14T01:00,28.1,58,0.00,986.5,2,1.39,142
2026-05-14T02:00,27.6,61,0.00,986.7,84,2.01,94
2026-05-14T03:00,27.5,59,0.00,986.0,15,3.40,116
2026-05-14T04:00,27.2,59,0.00,987.1,2,2.11,176
2026-05-14T05:00,25.4,66,0.00,987.2,2,2.29,101
2026-05-14T06:00,25.6,66,0.00,988.2,14,2.71,94
2026-05-14T07:00,26.7,69,0.00,988.8,0,2.67,98
2026-05-14T08:00,28.9,64,0.00,989.3,0,2.37,108
2026-05-14T09:00,31.3,54,0.00,989.4,0,2.07,110
2026-05-14T10:00,33.5,45,0.00,989.7,0,1.51,84
2026-05-14T11:00,34.9,39,0.00,989.6,0,1.52,63
2026-05-14T12:00,35.6,39,0.00,988.8,0,1.71,52
2026-05-14T13:00,36.1,39,0.00,987.7,0,1.91,49
2026-05-14T14:00,36.3,39,0.00,986.5,0,1.59,41
2026-05-14T15:00,36.5,38,0.00,985.6,1,1.63,27
2026-05-14T16:00,36.2,38,0.00,985.0,1,1.90,360
2026-05-14T17:00,35.7,37,0.00,984.7,0,2.05,359
2026-05-14T18:00,34.5,41,0.00,985.0,0,1.83,26
2026-05-14T19:00,33.1,48,0.00,985.0,2,2.06,64
2026-05-14T20:00,32.2,53,0.00,985.5,1,1.65,76
2026-05-14T21:00,31.2,57,0.00,986.3,0,2.00,103
2026-05-14T22:00,30.3,60,0.00,986.5,0,2.22,113
2026-05-14T23:00,29.9,63,0.00,986.2,0,2.42,97
2026-05-15T00:00,29.2,66,0.00,985.7,0,2.61,95
2026-05-15T01:00,28.8,67,0.00,985.7,0,2.56,102
2026-05-15T02:00,28.3,69,0.00,985.8,0,2.73,104
2026-05-15T03:00,27.9,71,0.00,986.0,14,2.67,111
2026-05-15T04:00,27.5,72,0.00,986.4,3,2.80,117
2026-05-15T05:00,27.6,74,0.00,987.0,0,1.81,129
2026-05-15T06:00,28.2,73,0.00,987.7,1,1.05,95
2026-05-15T07:00,29.8,67,0.00,988.8,10,0.87,121
2026-05-15T08:00,32.0,59,0.00,989.4,38,0.81,83
2026-05-15T09:00,28.0,77,2.60,991.6,98,4.19,303
2026-05-15T10:00,26.7,91,2.30,989.5,59,1.86,121
2026-05-15T11:00,34.6,48,0.00,989.6,50,1.84,299
2026-05-15T12:00,35.2,44,0.00,988.4,48,0.63,331
2026-05-15T13:00,35.8,41,0.00,987.4,13,1.66,339
2026-05-15T14:00,36.2,40,0.00,986.2,2,1.65,325
2026-05-15T15:00,36.4,37,0.00,985.5,30,2.02,303
2026-05-15T16:00,35.9,37,0.00,985.4,35,2.85,301
2026-05-15T17:00,36.2,37,0.10,985.2,4,2.90,285
2026-05-15T18:00,34.9,42,0.00,985.2,2,1.27,222
2026-05-15T19:00,33.7,48,0.00,985.7,1,1.06,188
2026-05-15T20:00,32.8,55,0.00,986.1,0,0.47,122
2026-05-15T21:00,31.5,58,0.00,986.8,0,1.05,65
2026-05-15T22:00,30.6,64,0.00,987.1,0,1.10,85
2026-05-15T23:00,30.6,65,0.00,987.3,0,0.99,49
2026-05-16T00:00,29.9,69,0.00,986.8,0,0.32,108
2026-05-16T01:00,29.1,72,0.00,986.5,0,0.59,200
2026-05-16T02:00,28.7,75,0.00,986.1,0,0.64,225
2026-05-16T03:00,28.2,77,0.00,986.2,0,0.39,220
2026-05-16T04:00,27.4,80,0.00,986.7,0,0.96,186
2026-05-16T05:00,27.5,81,0.00,986.8,0,0.81,202
2026-05-16T06:00,28.7,73,0.00,987.9,0,0.73,254
2026-05-16T07:00,30.9,64,0.00,988.8,0,0.61,305
2026-05-16T08:00,33.5,51,0.00,989.5,0,1.24,313
2026-05-16T09:00,35.4,41,0.00,989.8,0,1.60,328
2026-05-16T10:00,36.9,35,0.00,989.6,0,1.45,311
2026-05-16T11:00,38.1,29,0.00,989.7,0,1.90,300
2026-05-16T12:00,39.0,26,0.00,988.8,3,2.59,298
2026-05-16T13:00,39.4,24,0.00,987.8,3,3.07,292
2026-05-16T14:00,39.7,23,0.00,987.0,11,3.46,290
2026-05-16T15:00,39.6,22,0.00,986.2,7,3.98,297
2026-05-16T16:00,39.3,21,0.00,985.6,9,3.85,296
2026-05-16T17:00,38.6,22,0.00,985.6,2,2.93,314
2026-05-16T18:00,37.3,24,0.00,985.6,3,2.08,330
2026-05-16T19:00,35.9,29,0.00,986.1,2,1.27,315
2026-05-16T20:00,34.3,35,0.00,986.8,2,0.94,295
2026-05-16T21:00,33.4,38,0.00,987.5,0,1.58,305
2026-05-16T22:00,32.6,41,0.00,987.6,0,1.10,300
2026-05-16T23:00,32.6,43,0.00,987.5,0,1.62,338
2026-05-17T00:00,31.6,45,0.00,987.0,0,1.29,324
2026-05-17T01:00,30.9,46,0.00,986.3,0,1.12,280
2026-05-17T02:00,30.3,47,0.00,986.3,0,1.75,233
2026-05-17T03:00,29.3,51,0.00,986.5,0,2.20,221
2026-05-17T04:00,28.7,53,0.00,987.0,0,2.41,227
2026-05-17T05:00,29.4,43,0.00,987.4,0,2.77,263
2026-05-17T06:00,29.9,41,0.00,988.2,0,2.40,258
2026-05-17T07:00,31.7,38,0.00,988.9,0,1.82,254
2026-05-17T08:00,33.9,33,0.00,989.4,0,2.20,253
2026-05-17T09:00,36.2,29,0.00,989.8,0,2.56,266
2026-05-17T10:00,38.2,25,0.00,989.6,0,2.85,272
2026-05-17T11:00,39.8,22,0.00,989.2,0,3.72,285
2026-05-17T12:00,40.3,21,0.00,988.3,1,4.20,285
2026-05-17T13:00,40.9,20,0.00,987.1,2,4.83,286
2026-05-17T14:00,40.9,20,0.00,986.0,2,5.11,282
2026-05-17T15:00,40.7,20,0.00,985.0,1,5.57,284
2026-05-17T16:00,40.2,21,0.00,984.5,1,5.74,287
2026-05-17T17:00,40.1,20,0.00,984.4,4,4.70,272
2026-05-17T18:00,38.4,23,0.00,984.3,2,4.21,266
2026-05-17T19:00,36.9,25,0.00,984.7,1,3.81,280
2026-05-17T20:00,35.7,28,0.00,985.2,1,2.97,287
2026-05-17T21:00,34.9,30,0.00,985.6,2,2.40,282
2026-05-17T22:00,34.2,32,0.00,985.9,1,1.92,277
2026-05-17T23:00,33.7,39,0.00,985.4,0,0.70,270
2026-05-18T00:00,32.5,39,0.00,984.7,0,2.12,225
2026-05-18T01:00,32.0,39,0.00,984.4,0,2.17,244
2026-05-18T02:00,31.7,39,0.00,984.5,0,1.91,250
2026-05-18T03:00,31.4,40,0.00,984.6,0,1.75,239
2026-05-18T04:00,31.1,41,0.00,984.9,0,1.30,242
2026-05-18T05:00,30.7,40,0.00,985.0,0,2.80,230
2026-05-18T06:00,31.2,38,0.00,985.5,0,2.79,224
2026-05-18T07:00,33.3,34,0.00,986.4,0,2.23,236
2026-05-18T08:00,35.8,29,0.00,986.7,0,2.55,244
2026-05-18T09:00,38.3,25,0.00,987.1,0,2.65,270
2026-05-18T10:00,39.9,23,0.00,987.4,0,3.13,304
2026-05-18T11:00,41.4,21,0.00,986.8,2,2.98,310
2026-05-18T12:00,41.8,20,0.00,986.4,0,3.31,308
2026-05-18T13:00,42.0,20,0.00,985.7,0,3.86,301
2026-05-18T14:00,42.1,18,0.00,984.8,0,4.11,297
2026-05-18T15:00,41.9,18,0.00,984.3,0,3.76,287
2026-05-18T16:00,41.7,18,0.00,984.0,0,4.10,290
2026-05-18T17:00,41.3,19,0.00,983.7,0,3.58,306
2026-05-18T18:00,39.4,24,0.00,984.0,0,2.17,289
2026-05-18T19:00,37.7,29,0.00,984.2,0,2.11,274
2026-05-18T20:00,36.8,30,0.00,984.7,0,2.14,286
2026-05-18T21:00,35.5,33,0.00,985.3,0,1.20,312
2026-05-18T22:00,34.7,37,0.00,985.6,0,0.90,19
2026-05-18T23:00,34.6,39,0.00,985.2,0,1.50,88
2026-05-19T00:00,33.2,45,0.00,985.0,0,2.07,110
2026-05-19T01:00,32.1,50,0.00,984.6,0,2.28,119
2026-05-19T02:00,31.5,51,0.00,984.8,0,2.20,141
2026-05-19T03:00,31.0,52,0.00,985.1,0,2.33,152
2026-05-19T04:00,30.7,53,0.00,985.6,0,2.16,134
2026-05-19T05:00,30.5,56,0.00,985.8,0,2.55,90
2026-05-19T06:00,30.2,58,0.00,986.9,0,2.90,88
2026-05-19T07:00,31.5,57,0.00,988.0,0,3.22,102
2026-05-19T08:00,33.3,56,0.00,988.4,0,3.37,108
2026-05-19T09:00,35.4,52,0.00,988.7,0,3.47,115
2026-05-19T10:00,37.4,46,0.00,988.7,0,2.98,119
2026-05-19T11:00,38.2,44,0.00,988.5,0,2.48,109
2026-05-19T12:00,39.4,40,0.00,987.9,0,1.86,114
2026-05-19T13:00,40.3,37,0.00,987.0,0,1.21,128
2026-05-19T14:00,41.1,34,0.00,985.9,7,0.36,146
2026-05-19T15:00,41.8,27,0.00,985.3,5,1.18,324
2026-05-19T16:00,41.4,27,0.00,984.8,6,2.77,326
2026-05-19T17:00,38.9,44,0.00,984.7,0,2.09,69
2026-05-19T18:00,37.8,47,0.00,984.8,1,1.99,78
2026-05-19T19:00,36.9,50,0.00,985.4,0,1.63,72
2026-05-19T20:00,36.1,52,0.00,985.9,0,1.80,90
2026-05-19T21:00,35.0,56,0.00,986.3,0,1.94,102
2026-05-19T22:00,34.1,59,0.00,986.4,0,2.07,105
2026-05-19T23:00,33.6,61,0.00,986.8,0,2.57,97
2026-05-20T00:00,32.7,63,0.00,986.2,0,2.64,109
2026-05-20T01:00,31.9,65,0.00,985.5,0,2.65,122
2026-05-20T02:00,31.2,66,0.00,985.3,0,2.52,124
2026-05-20T03:00,30.7,68,0.00,985.3,0,2.26,135
2026-05-20T04:00,30.3,69,0.00,985.8,0,2.21,147
2026-05-20T05:00,30.0,70,0.00,985.8,0,2.11,173
2026-05-20T06:00,30.8,68,0.00,986.6,0,1.10,141
2026-05-20T07:00,32.5,61,0.00,987.2,0,1.18,102
2026-05-20T08:00,34.7,54,0.00,987.8,0,1.20,95
2026-05-20T09:00,37.1,45,0.00,987.9,0,0.62,104
2026-05-20T10:00,39.4,37,0.00,987.8,0,0.18,236
2026-05-20T11:00,41.1,28,0.00,987.2,1,1.09,286
2026-05-20T12:00,42.7,22,0.00,986.4,27,2.42,300
2026-05-20T13:00,42.7,24,0.00,985.4,5,3.85,300
2026-05-20T14:00,42.8,22,0.00,984.5,38,4.19,301
2026-05-20T15:00,42.6,19,0.00,983.8,10,3.82,315
2026-05-20T16:00,42.5,18,0.00,983.3,2,4.12,299
2026-05-20T17:00,42.1,21,0.00,983.5,5,2.14,339
2026-05-20T18:00,40.4,27,0.00,983.8,2,1.88,25
2026-05-20T19:00,38.8,34,0.00,984.4,2,1.66,106
2026-05-20T20:00,37.5,38,0.00,985.1,0,1.31,137
2026-05-20T21:00,36.5,43,0.00,985.3,0,1.30,92
2026-05-20T22:00,35.3,48,0.00,985.4,0,1.26,124
2026-05-20T23:00,34.9,50,0.00,985.1,0,0.63,162
2026-05-21T00:00,33.6,54,0.00,984.8,0,1.14,195
2026-05-21T01:00,32.8,55,0.00,984.5,0,1.56,230
2026-05-21T02:00,32.8,51,0.00,984.7,0,2.73,244
2026-05-21T03:00,32.4,51,0.00,984.8,0,0.40,270
2026-05-21T04:00,31.5,53,0.00,985.4,0,1.30,88
2026-05-21T05:00,31.5,61,0.00,985.3,0,0.34,297
2026-05-21T06:00,32.4,51,0.00,986.3,0,1.29,283
2026-05-21T07:00,34.3,39,0.00,987.2,0,1.76,290
2026-05-21T08:00,36.4,30,0.00,987.7,0,2.67,291
2026-05-21T09:00,38.0,25,0.00,987.9,0,3.22,296
2026-05-21T10:00,39.3,25,0.00,987.6,0,3.49,294
2026-05-21T11:00,41.1,23,0.00,987.5,0,4.08,293
2026-05-21T12:00,42.0,21,0.00,987.0,0,4.17,293
2026-05-21T13:00,42.7,19,0.00,986.3,0,4.07,284
2026-05-21T14:00,42.8,18,0.00,985.6,0,3.98,277
2026-05-21T15:00,42.7,18,0.00,985.1,0,3.66,273
2026-05-21T16:00,42.3,18,0.00,984.7,0,3.55,269
2026-05-21T17:00,41.6,18,0.00,984.8,0,3.86,267
2026-05-21T18:00,40.0,21,0.00,985.2,0,2.65,259
2026-05-21T19:00,38.6,24,0.00,985.8,0,2.33,255
2026-05-21T20:00,37.8,23,0.00,986.5,0,2.64,251
2026-05-21T21:00,37.1,23,0.00,987.0,0,2.60,240
2026-05-21T22:00,36.2,24,0.00,987.1,0,2.55,235
2026-05-21T23:00,35.5,28,0.00,986.9,0,1.30,254
2026-05-22T00:00,34.0,31,0.00,987.0,0,1.88,17
2026-05-22T01:00,33.2,37,0.00,986.9,0,2.12,82
2026-05-22T02:00,32.3,40,0.00,987.2,0,1.54,119
2026-05-22T03:00,31.1,44,0.00,987.5,0,1.03,157
2026-05-22T04:00,30.2,47,0.00,988.1,0,1.23,122
2026-05-22T05:00,29.2,80,0.00,988.4,0,2.05,103
2026-05-22T06:00,29.7,81,0.00,989.1,0,2.48,99
2026-05-22T07:00,31.3,74,0.00,989.7,0,2.56,111
2026-05-22T08:00,33.3,64,0.00,990.0,0,2.69,121
2026-05-22T09:00,35.6,54,0.00,990.1,0,2.33,137
2026-05-22T10:00,37.8,45,0.00,990.3,0,1.50,159
2026-05-22T11:00,37.9,42,0.00,990.0,0,0.34,153
2026-05-22T12:00,40.3,33,0.00,989.5,0,0.64,321
2026-05-22T13:00,41.5,27,0.00,988.6,17,1.70,320
2026-05-22T14:00,41.8,25,0.00,987.8,5,2.69,318
2026-05-22T15:00,41.4,26,0.00,987.2,17,3.16,311
2026-05-22T16:00,40.8,25,0.00,986.9,11,3.64,302
2026-05-22T17:00,41.5,16,0.00,986.2,0,3.85,296
2026-05-22T18:00,40.1,19,0.00,986.6,0,2.91,286
2026-05-22T19:00,38.4,22,0.00,986.9,0,2.65,269
2026-05-22T20:00,37.2,21,0.00,987.4,0,2.37,263
2026-05-22T21:00,36.8,19,0.00,987.8,1,2.35,272
2026-05-22T22:00,36.5,21,0.00,987.7,1,0.65,270
2026-05-22T23:00,35.2,27,0.00,987.5,0,0.83,25
2026-05-23T00:00,33.5,30,0.00,987.3,0,0.78,285
2026-05-23T01:00,32.7,29,0.00,987.2,3,1.25,233
2026-05-23T02:00,32.0,30,0.00,987.1,8,1.43,241
2026-05-23T03:00,31.4,32,0.00,987.4,1,1.85,251
2026-05-23T04:00,31.2,33,0.00,987.5,0,2.02,261
2026-05-23T05:00,30.7,44,0.00,987.6,0,0.63,252
2026-05-23T06:00,31.7,39,0.00,988.1,0,0.57,218
2026-05-23T07:00,33.0,36,0.00,988.5,0,1.15,18
2026-05-23T08:00,35.3,32,0.00,988.9,0,0.74,290
2026-05-23T09:00,37.7,28,0.00,989.4,0,2.02,290
2026-05-23T10:00,39.0,30,0.00,989.7,0,3.33,303
2026-05-23T11:00,41.3,22,0.00,988.8,2,3.45,300
2026-05-23T12:00,42.3,18,0.00,988.1,20,4.95,300
2026-05-23T13:00,42.6,15,0.00,987.5,52,6.74,304
2026-05-23T14:00,42.0,14,0.00,987.0,9,6.75,305
2026-05-23T15:00,42.0,15,0.00,986.6,5,6.79,301
2026-05-23T16:00,41.0,15,0.00,986.5,2,6.82,301
2026-05-23T17:00,41.3,15,0.00,985.7,2,4.83,298
2026-05-23T18:00,39.8,18,0.00,985.8,1,4.09,298
2026-05-23T19:00,38.1,19,0.00,985.8,0,3.65,303
2026-05-23T20:00,36.9,21,0.00,986.3,0,3.02,289
2026-05-23T21:00,35.9,22,0.00,986.8,0,2.50,290
2026-05-23T22:00,34.9,24,0.00,987.2,1,2.58,313
2026-05-23T23:00,34.7,27,0.00,986.9,5,2.53,308
2026-05-24T00:00,33.8,28,0.00,986.5,0,2.65,268
2026-05-24T01:00,32.6,31,0.00,986.1,0,2.17,247
2026-05-24T02:00,32.1,32,0.00,986.0,0,2.38,255
2026-05-24T03:00,31.7,31,0.00,986.1,0,2.15,269
2026-05-24T04:00,31.2,31,0.00,986.7,0,2.28,299
2026-05-24T05:00,30.8,38,0.00,987.0,0,2.62,262
2026-05-24T06:00,31.5,37,0.00,987.9,0,2.29,260
2026-05-24T07:00,33.5,33,0.00,988.4,0,2.11,248
2026-05-24T08:00,35.8,28,0.00,989.1,0,3.40,260
2026-05-24T09:00,37.6,25,0.00,989.6,0,3.75,272
2026-05-24T10:00,39.7,21,0.00,989.7,0,3.72,287
2026-05-24T11:00,41.5,15,0.00,989.0,0,4.14,297
2026-05-24T12:00,41.9,15,0.00,988.4,0,4.52,288
2026-05-24T13:00,42.3,15,0.00,987.5,0,4.86,285
2026-05-24T14:00,42.6,14,0.00,986.8,0,5.32,285
2026-05-24T15:00,42.3,15,0.00,986.5,0,5.91,295
2026-05-24T16:00,41.9,15,0.00,986.1,0,5.81,298
2026-05-24T17:00,41.6,15,0.00,986.0,0,4.81,305
2026-05-24T18:00,40.1,18,0.00,986.4,0,3.03,301
2026-05-24T19:00,38.3,21,0.00,986.7,0,2.04,287
2026-05-24T20:00,36.8,25,0.00,987.1,0,1.21,300
2026-05-24T21:00,35.8,28,0.00,987.7,0,0.85,270
2026-05-24T22:00,35.3,29,0.00,987.7,0,0.72,236
2026-05-24T23:00,35.1,30,0.00,987.2,0,0.75,217
2026-05-25T00:00,33.9,31,0.00,986.8,1,1.10,231
2026-05-25T01:00,33.5,31,0.00,985.9,0,1.14,247
2026-05-25T02:00,33.1,32,0.00,985.9,0,1.10,240
2026-05-25T03:00,32.5,34,0.00,986.0,0,0.74,242
2026-05-25T04:00,31.7,35,0.00,986.4,0,1.07,217
2026-05-25T05:00,31.6,45,0.00,986.5,0,0.07,45
2026-05-25T06:00,32.2,36,0.00,987.1,0,0.32,162
2026-05-25T07:00,34.1,31,0.00,988.1,0,1.28,291
2026-05-25T08:00,36.2,26,0.00,988.6,0,3.15,290
2026-05-25T09:00,38.3,23,0.00,988.7,0,4.07,286
2026-05-25T10:00,39.7,20,0.00,988.9,0,4.68,293
2026-05-25T11:00,41.1,19,0.00,988.6,0,4.77,293
2026-05-25T12:00,41.7,19,0.00,987.8,0,4.21,288
2026-05-25T13:00,42.4,18,0.00,986.7,0,3.94,282
2026-05-25T14:00,42.8,17,0.00,985.6,0,4.03,281
2026-05-25T15:00,42.7,17,0.00,984.9,4,4.07,281
2026-05-25T16:00,42.2,17,0.00,984.6,5,4.54,284
2026-05-25T17:00,42.2,16,0.50,984.3,16,4.57,283
2026-05-25T18:00,40.8,18,0.00,984.7,14,4.18,281
2026-05-25T19:00,39.3,18,0.00,985.1,0,2.86,297
2026-05-25T20:00,38.2,19,0.00,985.6,1,2.55,310
2026-05-25T21:00,37.1,21,0.00,986.2,0,1.56,320
2026-05-25T22:00,36.2,23,0.00,986.3,6,0.11,207
2026-05-25T23:00,36.0,22,0.00,986.1,6,2.06,6
2026-05-26T00:00,34.1,25,0.00,986.3,30,1.42,260
2026-05-26T01:00,33.1,29,0.00,985.9,23,0.90,267
2026-05-26T02:00,32.7,27,0.00,986.1,19,1.42,80
2026-05-26T03:00,31.2,44,0.00,986.4,3,3.77,105
2026-05-26T04:00,29.8,58,0.00,986.8,2,3.76,117
2026-05-26T05:00,28.2,55,0.00,987.3,1,2.40,144
2026-05-26T06:00,28.9,54,0.00,988.0,2,2.23,136
2026-05-26T07:00,30.9,50,0.00,988.5,2,2.80,140
2026-05-26T08:00,33.3,44,0.00,989.0,0,3.04,138
2026-05-26T09:00,35.6,39,0.00,989.2,0,3.30,139
2026-05-26T10:00,38.0,31,0.00,989.4,0,2.64,170
2026-05-26T11:00,40.0,23,0.00,988.8,0,2.72,187
2026-05-26T12:00,41.4,20,0.00,988.2,4,2.35,246
2026-05-26T13:00,42.0,17,0.10,987.0,6,4.63,298
2026-05-26T14:00,42.1,17,0.10,986.2,5,4.98,308
2026-05-26T15:00,41.7,15,0.00,985.6,0,5.74,311
2026-05-26T16:00,41.5,13,0.00,985.4,0,5.34,305
2026-05-26T17:00,41.2,13,0.00,985.5,1,4.42,314
2026-05-26T18:00,39.2,17,0.00,986.0,0,3.15,318
2026-05-26T19:00,37.6,18,0.00,986.9,0,2.97,327
2026-05-26T20:00,36.0,19,0.00,987.3,0,1.58,342
2026-05-26T21:00,35.0,22,0.00,987.6,0,1.09,16
2026-05-26T22:00,34.6,24,0.00,987.5,0,0.49,66
2026-05-26T23:00,34.3,28,0.00,987.3,0,0.45,153
2026-05-27T00:00,32.3,31,0.00,986.9,0,1.49,138
2026-05-27T01:00,31.0,38,0.00,986.6,12,1.94,102
2026-05-27T02:00,30.2,49,0.00,986.7,24,2.95,88
2026-05-27T03:00,29.2,63,0.00,986.8,25,3.27,113
2026-05-27T04:00,28.7,66,0.00,987.1,23,3.29,118
2026-05-27T05:00,28.2,76,0.00,987.2,9,3.57,112
2026-05-27T06:00,28.8,71,0.00,988.0,6,3.07,109
2026-05-27T07:00,29.9,62,0.00,988.8,3,2.96,109
2026-05-27T08:00,32.0,54,0.00,989.5,0,2.57,123
2026-05-27T09:00,34.2,47,0.00,989.8,0,2.38,112
2026-05-27T10:00,36.3,41,0.00,989.4,0,2.16,130
2026-05-27T11:00,37.2,37,0.00,989.3,0,2.15,89
2026-05-27T12:00,38.4,34,0.00,988.8,0,2.25,90
2026-05-27T13:00,39.1,32,0.00,987.9,0,1.96,105
2026-05-27T14:00,39.9,28,0.00,986.9,7,1.30,118
2026-05-27T15:00,40.7,23,0.00,986.2,5,0.59,70
2026-05-27T16:00,40.7,21,0.00,986.0,6,2.06,354
2026-05-27T17:00,37.0,37,0.00,985.8,0,2.58,72
2026-05-27T18:00,36.3,38,0.00,986.4,0,3.25,87
2026-05-27T19:00,35.2,40,0.00,987.1,0,3.16,101
2026-05-27T20:00,34.5,42,0.00,987.8,0,3.27,84
2026-05-27T21:00,33.6,44,0.00,988.4,0,3.20,89
2026-05-27T22:00,32.9,46,0.00,988.9,0,3.36,95
2026-05-27T23:00,32.5,46,0.00,988.3,0,3.81,107
2026-05-28T00:00,31.8,49,0.00,988.2,0,4.16,110
2026-05-28T01:00,31.0,54,0.00,988.3,0,4.25,102
2026-05-28T02:00,30.1,60,0.00,988.3,0,4.72,95
2026-05-28T03:00,29.3,63,0.00,988.4,0,4.46,99
2026-05-28T04:00,28.8,65,0.00,988.7,10,4.36,100
2026-05-28T05:00,28.0,68,0.00,989.3,9,3.91,94
2026-05-28T06:00,28.2,67,0.00,990.1,32,4.80,90
2026-05-28T07:00,29.3,63,0.00,990.7,15,4.73,96
2026-05-28T08:00,31.0,58,0.00,991.4,2,5.00,98
2026-05-28T09:00,32.8,52,0.00,991.5,0,5.28,100
2026-05-28T10:00,34.5,47,0.00,991.1,0,5.05,101
2026-05-28T11:00,35.7,43,0.00,990.9,0,4.66,99
2026-05-28T12:00,36.7,40,0.00,990.1,0,4.19,102
2026-05-28T13:00,37.4,38,0.00,989.3,1,3.65,107
2026-05-28T14:00,37.8,37,0.00,988.4,3,3.27,101
2026-05-28T15:00,37.8,37,0.00,987.4,0,3.79,102
2026-05-28T16:00,37.4,37,0.00,986.9,0,3.63,105
2026-05-28T17:00,36.8,40,0.00,986.5,0,3.26,131
2026-05-28T18:00,36.1,42,0.00,987.6,2,3.22,97
2026-05-28T19:00,35.5,43,0.00,988.5,20,3.91,87
2026-05-28T20:00,34.7,44,0.00,988.7,28,4.23,101
2026-05-28T21:00,34.0,46,0.00,989.5,34,4.73,96
2026-05-28T22:00,33.4,48,0.00,990.2,18,4.20,99
2026-05-28T23:00,30.7,57,0.00,990.8,98,3.79,54
2026-05-29T00:00,29.5,65,0.10,990.0,98,3.24,81
2026-05-29T01:00,29.4,64,0.00,989.7,98,3.76,94
2026-05-29T02:00,28.7,65,0.00,989.6,98,3.00,89
2026-05-29T03:00,28.2,68,0.00,988.4,100,4.05,89
2026-05-29T04:00,27.5,72,0.00,990.3,17,6.05,47
2026-05-29T05:00,24.1,83,0.00,989.5,99,3.45,89
2026-05-29T06:00,24.6,83,0.00,990.6,99,3.99,82
2026-05-29T07:00,25.3,78,0.00,991.2,98,3.53,102
2026-05-29T08:00,27.1,71,0.00,992.0,28,3.36,101
2026-05-29T09:00,29.4,62,0.00,992.5,17,3.70,92
2026-05-29T10:00,30.8,56,0.00,993.0,12,4.17,96
2026-05-29T11:00,31.6,55,0.00,993.2,34,3.38,114
2026-05-29T12:00,32.4,50,0.00,992.4,22,4.10,110
2026-05-29T13:00,32.7,49,0.10,991.3,3,4.10,99
2026-05-29T14:00,33.0,46,0.00,990.4,20,3.74,82
2026-05-29T15:00,33.0,45,0.00,990.1,5,3.21,72
2026-05-29T16:00,32.5,45,0.00,989.4,6,3.15,80
2026-05-29T17:00,31.9,52,0.00,989.3,39,2.72,96
2026-05-29T18:00,30.4,61,0.00,990.0,20,4.06,80
2026-05-29T19:00,29.4,67,0.00,990.8,9,3.35,80
2026-05-29T20:00,29.2,67,0.00,991.6,4,3.16,86
2026-05-29T21:00,28.6,68,0.00,992.5,12,2.95,92
2026-05-29T22:00,28.1,69,0.00,992.6,4,2.67,98
2026-05-29T23:00,27.5,72,0.00,992.8,64,2.18,99
2026-05-30T00:00,26.9,75,0.00,992.6,99,1.81,84
2026-05-30T01:00,26.4,77,0.00,991.8,97,2.61,86
2026-05-30T02:00,26.1,77,0.00,991.1,98,3.24,81
2026-05-30T03:00,25.7,79,0.00,990.8,100,3.28,78
2026-05-30T04:00,25.5,78,0.00,990.6,100,3.41,94
2026-05-30T05:00,25.2,81,0.00,991.6,71,2.65,134
2026-05-30T06:00,25.1,84,0.20,992.5,100,2.40,113
2026-05-30T07:00,25.8,76,0.00,992.9,100,3.10,93
2026-05-30T08:00,26.8,69,0.00,993.0,77,3.08,97
2026-05-30T09:00,28.6,60,0.00,992.9,19,3.17,102
2026-05-30T10:00,30.7,52,0.00,993.2,9,3.22,114
2026-05-30T11:00,31.1,53,0.00,993.1,26,3.70,113
2026-05-30T12:00,31.3,50,0.10,992.4,47,3.75,109
2026-05-30T13:00,31.7,49,0.10,991.4,36,2.62,98
2026-05-30T14:00,31.6,48,0.00,990.5,16,2.91,106
2026-05-30T15:00,32.1,46,0.00,990.2,5,2.66,94
2026-05-30T16:00,29.9,56,0.50,990.1,42,4.07,53
2026-05-30T17:00,31.0,55,0.30,989.3,34,3.03,59
2026-05-30T18:00,30.2,57,0.00,989.6,9,2.64,61
2026-05-30T19:00,29.1,62,0.00,990.4,20,2.02,57
2026-05-30T20:00,28.4,66,0.00,991.3,11,2.29,54
2026-05-30T21:00,27.7,71,0.00,991.9,17,3.20,51
2026-05-30T22:00,26.9,76,0.00,992.6,2,2.86,44
2026-05-30T23:00,26.5,78,0.00,992.0,0,2.62,40
2026-05-31T00:00,26.0,80,0.00,992.1,1,2.16,42
2026-05-31T01:00,25.7,80,0.00,992.0,2,2.13,49
2026-05-31T02:00,25.4,80,0.00,991.2,2,2.42,52
2026-05-31T03:00,25.0,82,0.00,991.0,1,1.60,39
2026-05-31T04:00,24.6,84,0.00,991.3,0,1.49,42
2026-05-31T05:00,25.2,85,0.00,991.9,0,1.61,36
2026-05-31T06:00,25.9,82,0.00,992.8,2,1.37,33
2026-05-31T07:00,27.2,76,0.00,993.7,8,1.45,63
2026-05-31T08:00,28.9,70,0.00,994.1,0,1.75,90
2026-05-31T09:00,30.7,62,0.00,994.1,8,1.82,99
2026-05-31T10:00,32.1,56,0.10,994.2,13,1.27,101
2026-05-31T11:00,30.7,60,0.10,994.2,57,1.93,343
2026-05-31T12:00,31.7,60,0.70,993.5,42,2.15,342
2026-05-31T13:00,32.4,55,0.40,993.1,23,2.37,342
2026-05-31T14:00,32.6,51,0.60,991.9,7,2.51,331
2026-05-31T15:00,32.9,48,0.10,991.6,20,3.26,339
2026-05-31T16:00,32.3,49,0.00,991.0,13,2.80,349
2026-05-31T17:00,28.8,64,0.00,991.8,74,2.78,337
2026-05-31T18:00,28.6,66,0.00,991.9,74,1.67,351
2026-05-31T19:00,28.0,67,0.00,992.2,31,1.66,7
2026-05-31T20:00,27.2,74,0.00,992.2,1,0.91,354
2026-05-31T21:00,26.7,78,0.00,992.7,5,0.81,338
2026-05-31T22:00,26.2,82,0.00,992.8,17,0.63,72
2026-05-31T23:00,25.5,88,0.00,992.7,0,1.17,80
2026-06-01T00:00,24.9,92,0.00,992.4,0,1.01,70
2026-06-01T01:00,24.6,94,0.00,992.1,2,0.68,36
2026-06-01T02:00,24.4,95,0.00,992.0,1,0.56,10
2026-06-01T03:00,24.2,96,0.00,991.9,3,0.47,58
2026-06-01T04:00,24.1,97,0.00,992.6,3,0.71,278
2026-06-01T05:00,24.0,89,0.00,993.7,59,2.98,262
2026-06-01T06:00,24.3,92,1.20,994.1,20,1.94,46
2026-06-01T07:00,25.9,90,0.20,994.1,59,0.45,84
2026-06-01T08:00,28.8,71,0.00,994.3,20,1.35,132
2026-06-01T09:00,30.2,59,0.00,994.5,66,1.90,113
2026-06-01T10:00,31.5,52,0.00,994.4,2,1.66,106
2026-06-01T11:00,31.8,47,0.00,994.8,71,2.85,269
2026-06-01T12:00,30.3,57,1.10,994.3,19,3.05,328
2026-06-01T13:00,32.6,45,0.00,993.1,20,1.48,332
2026-06-01T14:00,33.2,44,0.00,992.6,2,1.27,334
2026-06-01T15:00,33.5,43,0.00,991.7,23,0.36,304
2026-06-01T16:00,33.3,44,0.00,991.1,10,0.32,219
2026-06-01T17:00,33.5,41,0.00,990.5,30,1.50,37
2026-06-01T18:00,32.0,50,0.00,990.7,41,1.36,36
2026-06-01T19:00,30.8,55,0.00,990.9,91,1.70,45
2026-06-01T20:00,30.0,59,0.00,992.1,98,1.30,90
2026-06-01T21:00,29.5,62,0.00,993.0,91,1.57,99
2026-06-01T22:00,29.1,62,0.00,993.1,23,1.87,74
2026-06-01T23:00,28.7,65,0.00,992.5,81,2.48,50
2026-06-02T00:00,28.2,65,0.00,992.3,91,1.86,54
2026-06-02T01:00,27.8,65,0.00,991.7,98,1.61,64
2026-06-02T02:00,27.6,64,0.00,991.6,76,2.85,59
2026-06-02T03:00,26.5,65,0.00,991.6,70,2.10,78
2026-06-02T04:00,26.1,68,0.00,991.5,39,1.30,113
2026-06-02T05:00,26.3,75,0.00,991.7,18,1.72,98
2026-06-02T06:00,27.0,74,0.00,992.8,69,0.71,231
2026-06-02T07:00,28.5,68,0.00,992.9,52,0.65,274
2026-06-02T08:00,30.4,60,0.00,993.5,70,1.10,294
2026-06-02T09:00,31.9,53,0.00,993.7,72,1.03,299
2026-06-02T10:00,33.3,48,0.00,993.3,83,0.52,17
2026-06-02T11:00,35.6,40,0.00,992.6,28,0.89,128
2026-06-02T12:00,36.2,39,0.00,991.6,23,0.51,119
2026-06-02T13:00,36.6,38,0.00,990.6,41,0.34,63
2026-06-02T14:00,36.6,37,0.00,989.7,34,0.41,14
2026-06-02T15:00,36.5,38,0.00,988.8,97,0.99,330
2026-06-02T16:00,34.8,42,0.10,988.5,42,1.30,274
2026-06-02T17:00,33.3,58,0.20,988.0,32,1.77,254
2026-06-02T18:00,30.6,66,0.40,988.4,62,3.40,229
2026-06-02T19:00,29.6,68,0.00,988.9,9,2.05,273
2026-06-02T20:00,28.9,71,0.00,989.7,3,1.21,322
2026-06-02T21:00,28.2,73,0.00,990.3,2,1.26,342
2026-06-02T22:00,28.0,75,0.00,990.2,2,1.10,336
2026-06-02T23:00,28.6,77,0.00,989.8,2,0.79,18
2026-06-03T00:00,28.4,77,0.00,989.4,4,0.60,312
2026-06-03T01:00,27.9,80,0.00,989.3,20,0.75,176
2026-06-03T02:00,26.3,89,0.20,990.1,71,0.95,252
2026-06-03T03:00,26.6,87,0.10,989.4,38,0.60,265
2026-06-03T04:00,26.4,89,0.00,989.3,8,0.74,250
2026-06-03T05:00,26.5,87,0.00,989.3,49,1.67,41
2026-06-03T06:00,25.6,87,0.20,991.1,97,3.51,334
2026-06-03T07:00,26.9,79,0.00,991.0,9,1.02,11
2026-06-03T08:00,28.0,74,0.00,990.9,15,1.43,78
2026-06-03T09:00,30.4,64,0.00,990.2,2,0.45,180
2026-06-03T10:00,32.6,56,0.00,989.8,1,0.29,329
2026-06-03T11:00,35.1,43,0.00,989.1,2,1.75,273
2026-06-03T12:00,35.4,41,0.60,988.5,32,2.44,285
2026-06-03T13:00,35.8,39,0.10,987.5,9,2.03,286
2026-06-03T14:00,35.9,39,0.00,986.4,13,1.77,286
2026-06-03T15:00,36.1,40,0.00,985.5,13,1.63,288
2026-06-03T16:00,34.3,44,0.00,985.1,55,2.71,254
2026-06-03T17:00,36.1,31,0.30,985.0,11,1.82,286
2026-06-03T18:00,34.4,39,0.00,985.0,5,1.49,318
2026-06-03T19:00,33.0,43,0.00,985.5,2,1.42,328
2026-06-03T20:00,32.5,49,0.00,985.9,2,0.85,270
2026-06-03T21:00,31.1,54,0.00,986.5,3,1.24,220
2026-06-03T22:00,30.0,62,0.00,986.8,5,1.14,209
2026-06-03T23:00,30.2,63,0.00,986.6,9,1.37,237
2026-06-04T00:00,29.6,66,0.00,986.4,7,1.07,242
2026-06-04T01:00,29.3,68,0.00,985.9,2,0.83,213
2026-06-04T02:00,28.9,70,0.00,985.5,2,0.45,207
2026-06-04T03:00,28.3,73,0.00,985.6,2,0.51,331
2026-06-04T04:00,27.9,75,0.00,985.7,1,0.76,23
2026-06-04T05:00,28.4,78,0.00,986.4,5,0.15,360
2026-06-04T06:00,29.7,67,0.00,986.9,3,0.68,306
2026-06-04T07:00,32.0,55,0.00,987.1,0,0.83,205
2026-06-04T08:00,34.1,44,0.00,987.5,0,1.14,218
2026-06-04T09:00,35.8,37,0.00,987.6,9,1.65,235
2026-06-04T10:00,36.7,35,0.10,987.6,10,2.09,249
2026-06-04T11:00,37.1,33,0.00,987.5,30,1.82,249
2026-06-04T12:00,37.8,33,0.00,986.9,5,1.66,249
2026-06-04T13:00,38.3,32,0.00,986.0,12,2.18,254
2026-06-04T14:00,38.3,31,0.00,985.0,20,2.71,274
2026-06-04T15:00,38.0,29,0.00,984.5,20,3.00,281
2026-06-04T16:00,37.5,29,0.00,984.2,5,2.55,269
2026-06-04T17:00,37.8,31,0.00,983.8,5,1.00,270
2026-06-04T18:00,36.7,33,0.00,983.6,11,0.51,259
2026-06-04T19:00,35.4,41,0.00,984.3,11,0.30,180
2026-06-04T20:00,34.4,42,0.00,985.0,6,0.67,138
2026-06-04T21:00,33.3,47,0.00,985.9,10,0.63,119
2026-06-04T22:00,32.7,50,0.00,986.3,23,0.45,63
2026-06-04T23:00,32.7,51,0.00,985.9,5,0.21,76
2026-06-05T00:00,31.8,51,0.00,985.8,7,1.22,125
2026-06-05T01:00,30.8,54,0.00,985.6,5,1.23,153
2026-06-05T02:00,30.0,57,0.00,985.4,16,1.10,177
2026-06-05T03:00,29.6,59,0.00,985.3,2,1.05,183
2026-06-05T04:00,29.0,65,0.00,985.6,2,0.50,186
2026-06-05T05:00,28.5,62,0.00,986.8,48,4.21,340
2026-06-05T06:00,28.1,66,0.30,986.8,31,3.85,1
2026-06-05T07:00,29.9,61,0.10,987.2,31,1.39,26
2026-06-05T08:00,32.6,51,0.00,987.8,15,1.35,51
2026-06-05T09:00,33.9,44,0.00,987.9,9,0.81,11
2026-06-05T10:00,35.8,39,0.00,987.7,3,0.99,30
2026-06-05T11:00,36.7,35,0.00,988.1,3,0.92,13
2026-06-05T12:00,37.7,32,0.00,987.2,2,0.10,270
2026-06-05T13:00,38.2,32,0.00,986.2,2,1.09,254
2026-06-05T14:00,38.3,32,0.00,985.5,5,1.92,255
2026-06-05T15:00,37.9,33,0.00,984.7,2,2.16,266
2026-06-05T16:00,37.4,33,0.00,984.2,13,2.70,281
2026-06-05T17:00,35.8,41,0.00,984.6,50,2.55,281
2026-06-05T18:00,34.8,44,0.10,984.8,3,2.75,289
2026-06-05T19:00,33.7,49,0.00,985.3,8,1.86,301
2026-06-05T20:00,33.1,53,0.00,985.9,19,1.74,311
2026-06-05T21:00,32.4,55,0.00,986.6,18,2.13,330
2026-06-05T22:00,31.8,57,0.00,987.2,18,1.91,317
2026-06-05T23:00,31.7,60,0.00,986.9,10,2.18,323
2026-06-06T00:00,30.9,64,0.00,986.5,19,2.11,292
2026-06-06T01:00,30.3,66,0.00,986.6,2,2.47,284
2026-06-06T02:00,30.0,65,0.00,986.6,0,2.55,281
2026-06-06T03:00,29.8,65,0.00,986.6,11,2.56,287
2026-06-06T04:00,29.5,66,0.00,986.8,32,2.15,292
2026-06-06T05:00,29.2,67,0.00,987.4,2,0.66,261
2026-06-06T06:00,30.1,63,0.00,988.0,20,0.51,29
2026-06-06T07:00,31.3,60,0.00,988.6,24,0.96,28
2026-06-06T08:00,32.6,55,0.00,988.9,27,0.22,333
2026-06-06T09:00,34.1,49,0.00,989.2,9,1.17,260
2026-06-06T10:00,34.9,48,0.10,989.1,24,1.86,276
2026-06-06T11:00,35.9,41,0.10,988.9,5,2.10,282
2026-06-06T12:00,37.2,39,0.00,988.1,8,2.02,293
2026-06-06T13:00,37.6,36,0.00,987.0,10,2.27,303
2026-06-06T14:00,38.0,32,0.00,986.3,23,2.58,302
2026-06-06T15:00,37.6,32,0.00,985.8,16,2.57,307
2026-06-06T16:00,37.2,33,0.00,985.4,10,2.42,308
2026-06-06T17:00,36.9,37,0.00,984.4,5,2.09,320
2026-06-06T18:00,35.8,41,0.00,984.8,3,2.72,44
2026-06-06T19:00,33.1,56,0.00,985.8,2,3.16,85
2026-06-06T20:00,32.3,59,0.00,986.7,2,2.65,87
2026-06-06T21:00,31.8,60,0.00,987.6,1,2.46,114
2026-06-06T22:00,31.6,59,0.00,988.0,13,2.21,115
2026-06-06T23:00,31.2,60,0.00,988.0,1,2.23,136
2026-06-07T00:00,30.4,63,0.00,988.0,1,2.27,140
2026-06-07T01:00,29.8,66,0.00,987.8,0,2.12,124
2026-06-07T02:00,29.4,68,0.00,987.7,1,1.41,117
2026-06-07T03:00,29.1,69,0.00,987.6,20,1.45,88
2026-06-07T04:00,28.8,71,0.00,987.9,21,1.82,81
2026-06-07T05:00,27.6,78,0.00,988.0,0,2.00,90
2026-06-07T06:00,28.5,74,0.00,988.8,0,1.42,72
2026-06-07T07:00,30.6,64,0.00,989.1,0,1.09,74
2026-06-07T08:00,33.1,52,0.00,989.5,0,1.02,101
2026-06-07T09:00,35.1,45,0.00,989.4,0,1.09,106
2026-06-07T10:00,36.7,39,0.00,989.2,2,0.59,110
2026-06-07T11:00,37.1,38,0.00,989.2,11,0.18,124
2026-06-07T12:00,38.6,33,0.10,988.4,11,0.76,293
2026-06-07T13:00,39.1,30,0.00,987.5,51,2.36,283
2026-06-07T14:00,38.3,30,0.00,986.9,27,4.00,279
2026-06-07T15:00,38.2,32,0.00,985.9,9,3.21,274
2026-06-07T16:00,38.2,31,0.00,985.0,7,3.08,278
2026-06-07T17:00,38.7,28,0.00,984.6,21,3.54,278
2026-06-07T18:00,37.9,28,0.00,984.5,11,2.66,265
2026-06-07T19:00,37.0,30,0.00,985.0,2,1.69,258
2026-06-07T20:00,35.9,34,0.00,985.7,2,1.78,259
2026-06-07T21:00,34.8,37,0.00,986.1,2,2.23,236
2026-06-07T22:00,33.8,38,0.00,986.6,2,1.38,251
2026-06-07T23:00,33.3,39,0.00,986.4,4,2.21,245
2026-06-08T00:00,32.8,41,0.00,986.2,1,1.20,253
2026-06-08T01:00,32.2,44,0.00,985.8,22,0.59,250
2026-06-08T02:00,31.7,44,0.00,985.7,0,1.71,285
2026-06-08T03:00,31.1,45,0.00,985.4,0,1.44,250
2026-06-08T04:00,30.6,46,0.00,985.2,2,1.96,238
2026-06-08T05:00,31.6,46,0.00,985.9,9,2.59,298
2026-06-08T06:00,31.6,50,0.00,986.0,27,1.88,295
2026-06-08T07:00,33.2,47,0.00,986.3,7,1.19,292
2026-06-08T08:00,35.5,41,0.00,986.7,5,1.74,282
2026-06-08T09:00,37.3,35,0.00,986.7,2,2.71,274
2026-06-08T10:00,38.4,32,0.00,986.5,1,3.23,283
2026-06-08T11:00,39.2,29,0.00,986.5,33,3.89,296
2026-06-08T12:00,38.9,31,0.20,985.7,33,3.32,291
2026-06-08T13:00,39.5,30,0.00,985.0,32,3.58,285
2026-06-08T14:00,39.6,27,0.00,984.4,26,3.77,285
2026-06-08T15:00,39.7,26,0.00,983.7,30,3.78,281
2026-06-08T16:00,39.4,24,0.00,983.2,16,4.00,286
2026-06-08T17:00,39.9,16,0.00,982.9,1,3.10,269
2026-06-08T18:00,37.9,22,0.00,982.7,1,2.45,229
2026-06-08T19:00,36.4,24,0.00,983.1,1,2.91,231
2026-06-08T20:00,35.6,24,0.00,984.1,2,3.19,261
2026-06-08T21:00,35.0,24,0.00,984.6,3,2.87,283
2026-06-08T22:00,34.3,26,0.00,985.1,2,2.72,302
2026-06-08T23:00,34.3,30,0.00,984.6,1,1.57,292
2026-06-09T00:00,33.4,34,0.00,984.0,27,0.90,236
2026-06-09T01:00,32.4,37,0.00,983.6,17,2.74,211
2026-06-09T02:00,31.9,36,0.00,983.8,56,2.31,219
2026-06-09T03:00,31.5,37,0.00,983.9,22,2.87,221
2026-06-09T04:00,31.1,39,0.00,983.9,17,2.66,229
2026-06-09T05:00,30.2,49,0.00,984.0,0,3.11,240
2026-06-09T06:00,30.9,52,0.00,984.7,0,2.07,233
2026-06-09T07:00,32.7,50,0.00,985.0,0,1.35,219
2026-06-09T08:00,34.7,45,0.00,985.2,0,1.10,227
2026-06-09T09:00,36.7,39,0.00,985.3,0,1.99,242
2026-06-09T10:00,38.5,35,0.00,985.1,15,2.43,261
2026-06-09T11:00,40.7,29,0.00,984.7,20,2.55,281
2026-06-09T12:00,41.7,24,0.00,984.0,22,2.52,291
2026-06-09T13:00,41.5,22,0.20,983.3,26,4.52,283
2026-06-09T14:00,41.0,22,0.10,982.7,13,4.60,278
2026-06-09T15:00,40.3,26,0.10,982.2,23,4.78,291
2026-06-09T16:00,39.9,28,0.20,981.9,12,3.90,306
2026-06-09T17:00,39.0,27,0.00,981.6,12,2.94,310
2026-06-09T18:00,38.3,28,0.00,981.5,11,1.24,256
2026-06-09T19:00,37.6,31,0.00,982.1,11,0.98,246
2026-06-09T20:00,36.7,33,0.00,982.8,6,1.73,202
2026-06-09T21:00,35.4,36,0.00,983.5,3,2.57,193
2026-06-09T22:00,34.4,41,0.00,984.1,3,2.97,222
2026-06-09T23:00,33.8,47,0.00,983.9,22,2.16,228
2026-06-10T00:00,33.2,49,0.00,983.9,51,1.97,243
2026-06-10T01:00,33.1,45,0.00,983.4,44,2.39,259
2026-06-10T02:00,32.7,41,0.00,983.0,11,1.40,274
2026-06-10T03:00,32.1,45,0.00,983.1,8,2.35,360
2026-06-10T04:00,31.3,50,0.00,983.6,9,0.85,310
2026-06-10T05:00,29.7,66,0.00,983.7,2,1.76,55
2026-06-10T06:00,30.1,66,0.00,984.2,2,1.40,86
2026-06-10T07:00,31.5,61,0.00,985.5,6,0.10,360
2026-06-10T08:00,33.4,55,0.00,986.2,2,1.19,22
2026-06-10T09:00,35.6,46,0.00,986.0,0,1.00,53
2026-06-10T10:00,37.7,38,0.00,985.9,0,0.99,311
2026-06-10T11:00,38.5,33,0.00,986.5,48,1.31,317
2026-06-10T12:00,39.5,30,0.00,985.7,27,2.42,336
2026-06-10T13:00,39.9,30,0.00,984.9,2,2.66,310
2026-06-10T14:00,40.4,27,0.00,984.0,1,1.70,298
2026-06-10T15:00,40.4,25,0.00,983.7,9,2.26,298
2026-06-10T16:00,40.4,23,0.00,983.0,5,2.12,285
2026-06-10T17:00,40.2,25,0.00,982.6,17,3.40,287
2026-06-10T18:00,38.6,25,0.00,982.8,7,3.62,309
2026-06-10T19:00,37.5,26,0.00,983.4,4,2.12,333
2026-06-10T20:00,36.5,33,0.00,983.7,2,1.95,42
2026-06-10T21:00,35.3,45,0.00,984.8,20,2.66,85
2026-06-10T22:00,34.1,49,0.00,985.3,1,2.93,107
2026-06-10T23:00,33.2,53,0.00,985.4,2,3.37,111
2026-06-11T00:00,32.3,56,0.00,985.2,3,3.29,103
2026-06-11T01:00,31.5,59,0.00,984.8,0,3.51,107
2026-06-11T02:00,30.9,63,0.00,984.6,6,3.42,108
2026-06-11T03:00,30.4,65,0.00,984.1,2,3.38,103
2026-06-11T04:00,30.1,67,0.00,984.7,2,3.52,79
2026-06-11T05:00,25.4,96,0.00,985.7,46,3.51,175
2026-06-11T06:00,25.2,94,0.60,987.9,59,3.88,30
2026-06-11T07:00,26.3,87,0.10,987.6,3,3.49,98
2026-06-11T08:00,28.8,72,0.00,987.9,5,3.70,90
2026-06-11T09:00,30.7,64,0.00,988.4,2,3.42,102
2026-06-11T10:00,32.1,59,0.00,988.5,2,3.83,112
2026-06-11T11:00,32.8,52,0.00,988.9,1,3.76,115
2026-06-11T12:00,33.6,51,0.00,988.3,13,3.49,114
2026-06-11T13:00,34.0,50,0.00,987.5,5,3.59,98
2026-06-11T14:00,34.1,51,0.00,986.9,0,3.87,96
2026-06-11T15:00,33.9,51,0.00,986.5,0,3.99,105
2026-06-11T16:00,33.4,52,0.00,986.2,0,4.02,101
2026-06-11T17:00,32.6,57,0.00,985.2,0,3.85,91
2026-06-11T18:00,30.9,63,0.00,985.6,0,3.71,93
2026-06-11T19:00,29.8,67,0.00,986.7,5,2.81,86
2026-06-11T20:00,29.1,69,0.00,987.9,2,3.00,101
2026-06-11T21:00,28.6,71,0.00,988.8,2,3.29,107
2026-06-11T22:00,28.2,73,0.00,988.9,2,3.42,108
2026-06-11T23:00,27.6,75,0.00,988.5,1,3.15,117
2026-06-12T00:00,27.2,77,0.00,988.6,0,3.02,102
2026-06-12T01:00,26.9,78,0.00,988.4,0,3.65,88
2026-06-12T02:00,26.5,79,0.00,988.4,0,3.89,82
2026-06-12T03:00,26.3,80,0.00,989.2,8,3.33,98
2026-06-12T04:00,26.2,81,0.00,989.2,9,3.97,76
2026-06-12T05:00,26.0,80,0.00,990.4,12,3.72,42
2026-06-12T06:00,26.4,80,0.10,991.0,2,4.07,64
2026-06-12T07:00,27.1,78,0.00,992.0,96,2.33,45
2026-06-12T08:00,26.1,88,4.40,993.4,100,1.01,57
2026-06-12T09:00,25.0,94,3.90,991.8,49,4.72,95
2026-06-12T10:00,28.6,79,0.60,991.3,2,4.68,106
2026-06-12T11:00,30.6,65,0.00,991.7,36,3.47,123
2026-06-12T12:00,32.1,61,0.00,991.2,30,2.79,123
2026-06-12T13:00,33.2,58,0.00,990.2,33,2.29,100
2026-06-12T14:00,33.7,56,0.00,989.7,13,1.66,69
2026-06-12T15:00,33.7,56,0.00,988.8,14,1.88,61
2026-06-12T16:00,33.4,57,0.00,988.0,2,1.87,81
2026-06-12T17:00,32.9,57,0.00,987.9,17,1.81,51
2026-06-12T18:00,31.9,66,0.00,988.2,9,1.06,41
2026-06-12T19:00,30.6,72,0.00,988.7,15,1.14,29
2026-06-12T20:00,30.1,74,0.00,989.3,7,1.37,33
2026-06-12T21:00,29.5,77,0.00,990.0,7,1.70,45
2026-06-12T22:00,28.9,77,0.00,990.8,9,1.70,43
2026-06-12T23:00,29.1,79,0.00,990.2,20,1.23,69
2026-06-13T00:00,28.7,81,0.00,990.1,23,1.17,80
2026-06-13T01:00,25.9,86,0.00,990.1,46,3.36,47
2026-06-13T02:00,24.4,92,1.40,989.3,78,3.02,151
2026-06-13T03:00,23.8,94,2.60,990.3,48,0.21,166
2026-06-13T04:00,24.1,96,2.50,990.8,73,0.53,311
2026-06-13T05:00,24.6,93,0.30,991.1,66,3.43,344
2026-06-13T06:00,24.0,94,3.50,991.1,100,0.78,315
2026-06-13T07:00,23.9,96,6.90,992.6,100,1.23,282
2026-06-13T08:00,24.1,95,5.30,992.4,100,1.08,112
2026-06-13T09:00,24.6,92,0.90,991.5,90,0.79,108
2026-06-13T10:00,27.5,79,0.00,991.9,100,0.14,315
2026-06-13T11:00,26.4,87,0.00,991.4,100,1.68,53
2026-06-13T12:00,28.6,77,0.00,990.8,27,1.36,73
2026-06-13T13:00,30.8,68,0.00,990.0,23,1.09,74
2026-06-13T14:00,31.4,65,0.00,989.2,35,0.78,75
2026-06-13T15:00,31.7,65,0.00,988.1,9,0.76,67
2026-06-13T16:00,31.7,65,0.00,987.5,17,0.76,58
2026-06-13T17:00,32.5,61,0.00,987.2,1,1.77,278
2026-06-13T18:00,31.4,67,0.00,987.1,4,1.15,265
2026-06-13T19:00,30.2,69,0.00,987.5,5,1.86,246
2026-06-13T20:00,29.6,72,0.00,987.9,2,1.03,227
2026-06-13T21:00,29.8,71,0.00,988.5,3,0.27,202
2026-06-13T22:00,29.6,71,0.00,988.7,2,0.29,211
2026-06-13T23:00,28.6,82,0.00,988.4,2,0.11,153
2026-06-14T00:00,28.0,83,0.00,987.9,1,0.91,189
2026-06-14T01:00,27.7,81,0.00,987.8,1,1.66,201
2026-06-14T02:00,27.2,83,0.00,987.8,1,1.20,225
2026-06-14T03:00,26.9,83,0.00,987.7,1,1.19,242
2026-06-14T04:00,26.8,81,0.00,987.8,0,1.36,264
2026-06-14T05:00,26.8,80,0.00,988.2,0,2.04,292
2026-06-14T06:00,27.5,80,0.00,988.3,0,1.77,278
2026-06-14T07:00,28.8,76,0.00,988.9,0,1.82,291
2026-06-14T08:00,30.4,70,0.00,989.4,0,1.72,296
2026-06-14T09:00,31.9,61,0.00,989.4,0,1.95,293
2026-06-14T10:00,33.1,57,0.00,989.3,0,2.38,278
2026-06-14T11:00,34.0,52,0.00,989.1,0,2.74,279
2026-06-14T12:00,35.1,46,0.00,988.2,11,2.88,287
2026-06-14T13:00,35.8,41,0.00,987.2,4,3.30,292
2026-06-14T14:00,36.2,39,0.00,986.3,13,3.35,297
2026-06-14T15:00,36.2,38,0.00,985.3,2,3.27,293
2026-06-14T16:00,35.9,40,0.00,984.7,2,2.80,289
2026-06-14T17:00,35.0,48,0.00,984.7,2,2.26,288
2026-06-14T18:00,33.4,59,0.00,984.9,2,1.05,265
2026-06-14T19:00,32.3,62,0.00,985.4,6,0.51,191
2026-06-14T20:00,31.6,66,0.00,986.2,5,0.11,117
2026-06-14T21:00,31.1,67,0.00,986.9,5,0.67,117
2026-06-14T22:00,30.3,69,0.00,987.4,16,1.17,140
2026-06-14T23:00,29.8,70,0.00,987.2,20,1.19,123
2026-06-15T00:00,29.2,70,0.00,986.9,1,1.91,175
2026-06-15T01:00,28.6,69,0.00,986.4,3,1.56,186
2026-06-15T02:00,28.2,70,0.00,986.5,82,1.61,206
2026-06-15T03:00,28.1,71,0.00,986.7,100,1.45,221
2026-06-15T04:00,28.3,68,0.00,987.1,95,1.74,258
2026-06-15T05:00,28.1,63,0.00,987.7,13,2.59,304
2026-06-15T06:00,28.7,63,0.00,988.2,8,2.22,301
2026-06-15T07:00,30.2,60,0.00,988.7,2,1.75,301
2026-06-15T08:00,32.0,55,0.00,988.7,30,1.06,289
2026-06-15T09:00,33.7,50,0.00,989.0,4,0.64,315
2026-06-15T10:00,35.2,45,0.00,989.1,2,0.42,225
2026-06-15T11:00,35.4,43,0.00,988.7,16,2.64,190
2026-06-15T12:00,36.4,40,0.00,987.9,2,3.02,209
2026-06-15T13:00,37.1,38,0.00,987.1,2,2.49,232
2026-06-15T14:00,37.5,36,0.00,986.5,14,2.01,264
2026-06-15T15:00,37.5,35,0.00,986.1,14,2.55,290
2026-06-15T16:00,37.0,36,0.00,985.6,11,2.64,295
2026-06-15T17:00,36.3,36,0.00,985.5,5,2.80,273
2026-06-15T18:00,34.7,45,0.00,985.7,7,1.50,249
2026-06-15T19:00,33.4,48,0.00,986.4,8,1.75,233
2026-06-15T20:00,32.8,47,0.00,987.0,4,1.86,243
2026-06-15T21:00,32.0,48,0.00,987.9,2,1.99,245
2026-06-15T22:00,31.4,49,0.00,988.6,1,3.40,287
2026-06-15T23:00,30.9,51,0.00,988.6,0,3.54,314
2026-06-16T00:00,29.9,56,0.00,988.4,0,2.48,313
2026-06-16T01:00,29.1,61,0.00,988.0,0,2.00,323
2026-06-16T02:00,28.2,66,0.00,987.8,0,1.27,312
2026-06-16T03:00,27.7,69,0.00,988.1,1,1.41,315
2026-06-16T04:00,27.3,72,0.00,988.3,17,1.60,321
2026-06-16T05:00,27.6,71,0.00,988.6,0,2.17,308
2026-06-16T06:00,28.3,70,0.00,989.3,0,2.46,297
2026-06-16T07:00,30.1,64,0.00,989.9,0,2.06,309
2026-06-16T08:00,32.2,58,0.00,990.1,1,1.36,354
2026-06-16T09:00,34.2,51,0.00,990.0,0,1.19,22
2026-06-16T10:00,35.7,46,0.00,990.3,0,0.95,342
2026-06-16T11:00,36.7,42,0.00,990.3,2,1.30,328
2026-06-16T12:00,37.8,36,0.00,989.7,13,1.56,320
2026-06-16T13:00,38.4,34,0.00,989.0,8,2.02,320
2026-06-16T14:00,38.5,32,0.00,988.4,24,2.47,306
2026-06-16T15:00,38.4,29,0.00,987.8,20,4.05,320
2026-06-16T16:00,37.7,31,0.00,987.0,4,3.36,316
2026-06-16T17:00,37.6,34,0.00,986.4,5,2.81,355
2026-06-16T18:00,36.4,36,0.00,986.6,2,2.45,1
2026-06-16T19:00,35.0,41,0.00,987.7,4,1.75,347
2026-06-16T20:00,34.0,48,0.00,988.4,5,0.86,350
2026-06-16T21:00,33.4,54,0.00,989.5,4,0.39,50
2026-06-16T22:00,32.8,56,0.00,990.1,2,0.14,135
2026-06-16T23:00,32.3,55,0.00,989.7,34,1.47,350
2026-06-17T00:00,31.4,57,0.00,989.2,93,1.46,354
2026-06-17T01:00,31.1,58,0.00,989.0,97,0.84,17
2026-06-17T02:00,31.0,62,0.00,988.9,95,0.28,45
2026-06-17T03:00,30.7,61,0.00,989.1,28,0.25,233
2026-06-17T04:00,30.0,62,0.00,989.6,9,1.05,301
2026-06-17T05:00,29.3,66,0.00,989.9,9,2.08,350
2026-06-17T06:00,29.8,64,0.00,990.2,28,1.84,338
2026-06-17T07:00,31.4,58,0.00,990.4,29,1.30,2
2026-06-17T08:00,33.7,50,0.00,990.6,15,1.65,360
2026-06-17T09:00,35.5,43,0.00,990.8,28,1.59,336
2026-06-17T10:00,36.9,38,0.00,990.7,4,1.40,305
2026-06-17T11:00,35.6,40,0.00,990.9,100,1.82,307
2026-06-17T12:00,37.6,32,0.00,990.0,14,0.35,270
2026-06-17T13:00,38.8,30,0.00,989.1,26,2.92,277
2026-06-17T14:00,37.7,33,0.20,988.6,15,3.36,275
2026-06-17T15:00,37.6,35,0.00,987.6,20,2.16,265
2026-06-17T16:00,37.4,36,0.00,987.0,3,1.95,267
2026-06-17T17:00,38.2,31,0.00,985.8,8,2.02,300
2026-06-17T18:00,37.3,34,0.00,986.1,10,1.63,281
2026-06-17T19:00,35.9,40,0.00,986.5,8,1.06,251
2026-06-17T20:00,34.6,46,0.00,987.2,7,1.89,212
2026-06-17T21:00,33.9,47,0.00,988.0,4,1.63,220
2026-06-17T22:00,33.3,48,0.00,988.5,2,1.59,221
2026-06-17T23:00,32.9,52,0.00,988.5,3,1.63,259
2026-06-18T00:00,32.1,55,0.00,988.4,14,1.77,254
2026-06-18T01:00,31.9,56,0.00,988.3,21,2.11,265
2026-06-18T02:00,31.8,54,0.00,988.2,2,2.15,288
2026-06-18T03:00,31.4,53,0.00,988.2,0,1.89,307
2026-06-18T04:00,30.8,55,0.00,988.2,0,1.66,316
2026-06-18T05:00,30.4,66,0.00,988.3,2,0.66,351
2026-06-18T06:00,31.3,61,0.00,988.4,1,0.40,277
2026-06-18T07:00,33.3,51,0.00,989.0,5,0.75,233
2026-06-18T08:00,35.3,43,0.00,989.5,2,1.22,235
2026-06-18T09:00,36.8,37,0.00,989.6,2,1.74,231
2026-06-18T10:00,37.9,35,0.00,989.3,1,1.98,236
2026-06-18T11:00,38.8,34,0.00,989.5,12,1.80,251
2026-06-18T12:00,39.5,32,0.00,989.0,29,2.25,266
2026-06-18T13:00,39.2,33,0.00,988.2,20,2.59,280
2026-06-18T14:00,38.9,34,0.00,987.3,25,2.87,276
2026-06-18T15:00,38.7,35,0.00,986.5,13,3.41,266
2026-06-18T16:00,35.4,45,0.70,985.9,23,4.96,289
2026-06-18T17:00,38.8,25,0.00,984.5,2,2.97,283
2026-06-18T18:00,37.8,27,0.00,984.8,2,2.29,250
2026-06-18T19:00,37.0,31,0.00,985.4,2,2.10,218
2026-06-18T20:00,36.0,34,0.00,986.5,2,1.77,223
2026-06-18T21:00,35.1,37,0.00,987.5,3,1.50,266
2026-06-18T22:00,34.4,39,0.00,988.2,3,1.75,301
2026-06-18T23:00,33.9,43,0.00,987.5,3,1.07,259
2026-06-19T00:00,32.7,49,0.00,987.4,6,1.66,237
2026-06-19T01:00,31.9,53,0.00,987.0,9,1.70,267
2026-06-19T02:00,31.3,56,0.00,986.7,5,1.36,276
2026-06-19T03:00,30.8,58,0.00,986.8,1,1.19,248
2026-06-19T04:00,30.4,60,0.00,986.9,1,1.20,253
2026-06-19T05:00,31.1,57,0.00,987.0,16,2.16,275
2026-06-19T06:00,31.1,59,0.20,987.4,8,0.55,185
2026-06-19T07:00,32.8,55,0.20,987.8,4,0.62,256
2026-06-19T08:00,35.0,49,0.00,988.1,0,0.94,295
2026-06-19T09:00,36.9,43,0.00,988.3,0,1.52,316
2026-06-19T10:00,38.3,38,0.00,988.4,2,2.02,303
2026-06-19T11:00,39.5,35,0.00,988.2,7,2.56,291
2026-06-19T12:00,36.3,40,1.00,988.7,79,5.43,255
2026-06-19T13:00,37.5,37,0.30,987.6,4,2.27,256
2026-06-19T14:00,39.0,33,0.00,986.9,3,3.07,254
2026-06-19T15:00,39.0,32,0.00,986.2,1,3.64,261
2026-06-19T16:00,38.8,32,0.00,985.5,9,3.54,262
2026-06-19T17:00,39.6,30,0.00,985.1,5,3.17,291
2026-06-19T18:00,38.9,30,0.00,985.7,7,2.82,290
2026-06-19T19:00,37.6,36,0.00,986.5,4,2.45,269
2026-06-19T20:00,36.4,39,0.00,987.2,5,2.35,266
2026-06-19T21:00,35.4,40,0.00,987.9,2,2.36,287
2026-06-19T22:00,34.9,40,0.00,988.5,2,2.66,298
2026-06-19T23:00,34.8,39,0.00,988.1,2,3.06,296
2026-06-20T00:00,33.9,42,0.00,987.9,2,2.83,302
2026-06-20T01:00,33.3,44,0.00,987.4,2,2.59,310
2026-06-20T02:00,32.7,46,0.00,987.5,9,2.31,321
2026-06-20T03:00,32.2,48,0.00,987.2,20,1.91,319
2026-06-20T04:00,31.9,49,0.00,987.1,13,1.59,316
2026-06-20T05:00,31.2,57,0.00,987.2,0,2.19,281
2026-06-20T06:00,31.7,55,0.00,988.0,0,2.11,274
2026-06-20T07:00,33.2,51,0.00,988.5,3,1.69,289
2026-06-20T08:00,35.0,47,0.00,989.0,14,1.45,316
2026-06-20T09:00,36.9,43,0.00,989.0,35,1.28,309
2026-06-20T10:00,38.6,36,0.00,988.8,5,2.14,286
2026-06-20T11:00,39.8,32,0.00,988.5,16,3.32,286
2026-06-20T12:00,40.0,33,0.20,988.3,11,3.86,283
2026-06-20T13:00,40.1,32,0.00,987.6,5,3.95,279
2026-06-20T14:00,40.1,30,0.00,987.0,9,4.20,273
2026-06-20T15:00,39.7,30,0.00,986.3,5,4.47,284
2026-06-20T16:00,38.8,32,0.00,985.8,2,4.87,289
2026-06-20T17:00,39.8,27,0.00,985.2,11,3.85,271
2026-06-20T18:00,38.7,29,0.00,985.3,4,2.98,278
2026-06-20T19:00,37.1,36,0.00,986.0,2,2.82,276
2026-06-20T20:00,35.9,39,0.00,987.0,2,2.98,278
2026-06-20T21:00,35.1,41,0.00,987.9,2,2.95,272
2026-06-20T22:00,34.6,40,0.00,988.2,1,2.83,278
2026-06-20T23:00,34.6,41,0.00,987.4,0,2.95,281
2026-06-21T00:00,33.9,42,0.00,987.4,0,3.21,274
2026-06-21T01:00,33.4,44,0.00,987.0,1,3.43,278
2026-06-21T02:00,33.0,45,0.00,986.8,1,3.71,284
2026-06-21T03:00,32.4,48,0.00,986.7,32,3.81,281
2026-06-21T04:00,32.1,50,0.00,987.0,68,3.44,283
2026-06-21T05:00,31.6,57,0.00,986.8,20,2.91,289
2026-06-21T06:00,32.0,57,0.00,987.6,3,2.73,278
2026-06-21T07:00,33.4,52,0.00,988.0,11,3.60,272
2026-06-21T08:00,34.6,47,0.00,988.4,16,4.12,264
2026-06-21T09:00,35.9,44,0.00,988.3,19,4.26,267
2026-06-21T10:00,37.2,40,0.00,988.0,20,4.34,278
2026-06-21T11:00,38.6,35,0.00,987.5,59,3.80,291
2026-06-21T12:00,39.0,32,0.00,986.9,20,3.61,292
2026-06-21T13:00,39.4,31,0.00,986.0,57,3.85,283
2026-06-21T14:00,39.4,31,0.00,985.3,10,4.29,278
2026-06-21T15:00,39.3,30,0.00,984.7,2,4.25,279
2026-06-21T16:00,39.0,31,0.00,984.3,5,4.30,282
2026-06-21T17:00,39.6,29,0.00,983.7,9,3.88,285
2026-06-21T18:00,38.9,30,0.00,983.9,16,2.90,267
2026-06-21T19:00,37.7,34,0.00,984.7,34,2.60,267
2026-06-21T20:00,36.6,39,0.00,985.9,56,2.33,298
2026-06-21T21:00,36.2,37,0.00,986.9,80,2.25,291
2026-06-21T22:00,35.6,36,0.00,987.5,54,2.23,254
2026-06-21T23:00,32.8,49,0.00,986.8,59,2.47,97
2026-06-22T00:00,32.3,56,0.00,986.8,43,1.91,133
2026-06-22T01:00,32.3,57,0.00,986.7,9,1.14,195
2026-06-22T02:00,32.1,56,0.00,986.6,1,1.76,265
2026-06-22T03:00,31.8,53,0.00,986.4,3,2.28,279
2026-06-22T04:00,31.1,54,0.00,986.8,9,2.45,271
2026-06-22T05:00,31.1,58,0.00,986.8,8,2.29,306
2026-06-22T06:00,31.4,55,0.00,987.5,9,2.21,298
2026-06-22T07:00,32.7,51,0.00,988.3,6,2.28,299
2026-06-22T08:00,34.6,46,0.00,988.4,1,2.02,293
2026-06-22T09:00,36.3,41,0.00,988.5,2,1.82,291
2026-06-22T10:00,37.9,35,0.00,988.0,5,1.96,276
2026-06-22T11:00,39.2,30,0.00,987.9,12,3.03,283
2026-06-22T12:00,39.6,29,0.00,986.9,7,3.74,282
2026-06-22T13:00,40.0,28,0.00,986.1,20,3.89,288
2026-06-22T14:00,40.1,26,0.00,985.5,12,4.02,289
2026-06-22T15:00,39.9,25,0.00,984.9,15,3.70,289
2026-06-22T16:00,39.3,26,0.00,984.9,29,4.25,279
2026-06-22T17:00,39.8,26,0.00,984.0,21,3.45,292
2026-06-22T18:00,38.9,26,0.00,984.5,31,2.75,280
2026-06-22T19:00,38.3,27,0.00,985.1,30,2.00,271
2026-06-22T20:00,36.7,35,0.00,985.7,1,1.51,278
2026-06-22T21:00,35.6,39,0.00,986.5,1,1.55,272
2026-06-22T22:00,34.6,39,0.00,986.9,1,2.67,264
2026-06-22T23:00,34.1,39,0.00,986.6,1,2.70,273
2026-06-23T00:00,33.3,41,0.00,986.2,1,2.50,271
2026-06-23T01:00,32.6,43,0.00,985.8,1,2.57,277
2026-06-23T02:00,32.1,45,0.00,985.8,0,2.20,287
2026-06-23T03:00,31.6,48,0.00,985.8,0,2.30,297
2026-06-23T04:00,31.2,50,0.00,985.6,0,2.24,299
2026-06-23T05:00,30.9,53,0.00,985.6,0,2.19,313
2026-06-23T06:00,31.5,53,0.00,985.9,0,2.06,311
2026-06-23T07:00,33.0,49,0.00,986.1,0,2.55,313
2026-06-23T08:00,34.6,44,0.00,986.3,0,3.16,321
2026-06-23T09:00,36.0,41,0.00,986.6,0,2.88,321
2026-06-23T10:00,37.6,34,0.00,986.3,10,2.88,290
2026-06-23T11:00,38.8,31,0.00,986.1,9,3.36,273
2026-06-23T12:00,39.1,28,0.00,985.8,8,4.00,288
2026-06-23T13:00,39.5,27,0.00,984.8,14,3.89,283
2026-06-23T14:00,39.7,26,0.00,984.0,16,3.91,280
2026-06-23T15:00,39.4,27,0.00,983.4,15,3.97,289
2026-06-23T16:00,38.7,27,0.00,983.1,7,4.18,298
2026-06-23T17:00,39.3,24,0.00,982.5,13,3.13,283
2026-06-23T18:00,38.6,25,0.00,982.9,5,1.65,284
2026-06-23T19:00,37.3,29,0.00,983.9,6,1.26,34
2026-06-23T20:00,36.3,34,0.00,984.9,8,1.88,79
2026-06-23T21:00,35.4,36,0.00,985.7,25,2.01,161
2026-06-23T22:00,34.8,39,0.00,986.1,17,0.79,198
2026-06-23T23:00,34.7,39,0.00,986.1,84,1.80,314
2026-06-24T00:00,33.8,41,0.00,985.9,84,2.25,328
2026-06-24T01:00,33.1,42,0.00,985.6,97,2.46,322
2026-06-24T02:00,32.4,43,0.00,985.4,3,1.92,321
2026-06-24T03:00,32.0,45,0.00,985.4,39,1.80,341
2026-06-24T04:00,31.7,47,0.00,985.6,20,0.96,298
2026-06-24T05:00,28.2,71,0.00,986.3,100,1.94,305
2026-06-24T06:00,29.5,62,0.00,986.1,100,1.23,339
2026-06-24T07:00,30.9,56,0.00,986.5,92,1.03,293
2026-06-24T08:00,33.2,46,0.00,986.7,16,1.66,249
2026-06-24T09:00,35.7,37,0.00,986.9,2,2.12,243
2026-06-24T10:00,37.4,33,0.00,986.7,0,2.41,264
2026-06-24T11:00,38.1,31,0.00,986.9,0,2.19,305
2026-06-24T12:00,38.9,29,0.00,986.3,7,2.23,310
2026-06-24T13:00,38.9,29,0.00,985.5,25,2.43,284
2026-06-24T14:00,38.9,30,0.10,984.7,7,2.16,274
2026-06-24T15:00,38.8,30,0.00,984.0,5,2.30,283
2026-06-24T16:00,38.2,32,0.00,983.6,12,2.87,293
2026-06-24T17:00,38.5,27,0.00,983.1,7,2.36,291
2026-06-24T18:00,38.1,28,0.00,983.4,9,2.47,262
2026-06-24T19:00,37.7,29,0.00,984.1,5,2.14,249
2026-06-24T20:00,36.8,32,0.00,985.3,5,0.32,108
2026-06-24T21:00,35.5,35,0.00,986.4,4,1.96,105
2026-06-24T22:00,34.9,40,0.00,987.1,2,1.17,110
2026-06-24T23:00,35.2,39,0.00,986.9,23,2.10,245
2026-06-25T00:00,33.4,44,0.00,986.9,10,2.47,238
2026-06-25T01:00,33.4,43,0.00,986.4,17,0.78,165
2026-06-25T02:00,32.5,45,0.00,986.5,52,4.11,190
2026-06-25T03:00,30.7,55,0.10,986.7,9,2.53,198
2026-06-25T04:00,30.6,55,0.00,987.2,5,1.88,209
2026-06-25T05:00,31.9,51,0.00,987.0,27,1.65,284
2026-06-25T06:00,32.3,50,0.00,987.5,6,0.35,352
2026-06-25T07:00,33.7,46,0.00,988.0,2,0.21,166
2026-06-25T08:00,35.4,42,0.00,988.5,16,1.12,207
2026-06-25T09:00,36.9,37,0.00,988.6,22,1.34,207
2026-06-25T10:00,38.1,34,0.00,988.5,15,1.86,204
2026-06-25T11:00,39.6,31,0.00,987.9,91,1.72,197
2026-06-25T12:00,38.9,31,0.00,987.6,61,2.78,194
2026-06-25T13:00,39.5,31,0.00,986.7,16,2.40,192
2026-06-25T14:00,40.0,30,0.00,986.1,23,2.48,208
2026-06-25T15:00,39.7,31,0.00,985.2,34,2.59,236
2026-06-25T16:00,38.2,34,0.10,984.8,30,3.22,298
2026-06-25T17:00,39.6,28,0.00,983.8,2,2.98,319
2026-06-25T18:00,38.4,29,0.00,984.6,8,2.75,327
2026-06-25T19:00,37.7,30,0.00,985.6,13,1.77,335
2026-06-25T20:00,37.4,32,0.00,986.4,11,1.73,350
2026-06-25T21:00,36.7,35,0.00,987.3,2,1.67,9
2026-06-25T22:00,35.9,38,0.00,988.1,5,0.81,43
2026-06-25T23:00,36.4,40,0.00,987.2,6,0.00,270
2026-06-26T00:00,34.8,42,0.00,987.1,13,0.62,104
2026-06-26T01:00,34.1,47,0.00,986.9,8,0.55,90
2026-06-26T02:00,33.3,48,0.00,987.2,14,3.22,134
2026-06-26T03:00,32.1,53,0.00,987.3,0,3.32,192
2026-06-26T04:00,31.7,52,0.00,987.5,11,2.98,211
2026-06-26T05:00,29.8,74,0.00,987.9,9,2.67,159
2026-06-26T06:00,31.2,68,0.00,988.1,6,1.27,116
2026-06-26T07:00,32.7,62,0.00,989.1,6,1.87,106
2026-06-26T08:00,34.3,56,0.00,989.6,13,1.81,132
2026-06-26T09:00,36.0,50,0.00,989.8,13,2.65,136
2026-06-26T10:00,37.7,44,0.00,989.6,12,2.34,146
2026-06-26T11:00,38.9,38,0.00,989.2,9,2.12,153
2026-06-26T12:00,39.8,35,0.10,988.7,31,1.86,149
2026-06-26T13:00,40.2,35,0.00,987.4,33,1.82,164
2026-06-26T14:00,40.3,34,0.00,986.8,45,2.30,179
2026-06-26T15:00,40.1,34,0.00,985.9,99,2.67,188
2026-06-26T16:00,38.4,37,0.10,985.6,58,2.93,210
2026-06-26T17:00,38.1,35,0.20,985.5,31,1.35,270
2026-06-26T18:00,37.4,36,0.00,986.1,18,2.06,198
2026-06-26T19:00,36.5,40,0.00,987.0,6,2.33,189
2026-06-26T20:00,35.9,42,0.00,987.5,2,2.25,179
2026-06-26T21:00,35.2,44,0.00,988.2,0,2.17,172
2026-06-26T22:00,34.8,46,0.00,988.7,0,2.38,170
2026-06-26T23:00,32.1,68,0.00,988.5,45,2.34,34
2026-06-27T00:00,31.3,73,0.10,988.4,55,1.99,108
2026-06-27T01:00,30.9,71,0.00,988.4,20,1.17,130
2026-06-27T02:00,30.8,72,0.00,987.8,11,1.24,166
2026-06-27T03:00,30.6,74,0.00,987.9,10,1.51,172
2026-06-27T04:00,30.5,73,0.00,987.9,11,1.85,182
2026-06-27T05:00,29.9,80,0.00,988.3,7,2.56,86
2026-06-27T06:00,29.6,80,0.20,988.6,1,2.71,115
2026-06-27T07:00,31.2,68,0.00,989.0,2,2.61,148
2026-06-27T08:00,33.1,58,0.00,988.9,1,2.74,159
2026-06-27T09:00,34.8,53,0.00,988.9,1,2.71,176
2026-06-27T10:00,36.4,48,0.00,988.8,0,2.57,188
2026-06-27T11:00,38.3,43,0.00,988.3,2,1.91,174
2026-06-27T12:00,38.7,41,0.00,987.5,13,2.07,165
2026-06-27T13:00,39.3,40,0.00,986.3,16,1.85,178
2026-06-27T14:00,39.6,39,0.00,985.5,18,1.52,203
2026-06-27T15:00,39.7,37,0.00,984.6,14,1.59,221
2026-06-27T16:00,39.4,36,0.00,983.8,24,2.03,260
2026-06-27T17:00,39.4,37,0.00,983.0,41,1.17,301
2026-06-27T18:00,38.3,38,0.00,983.5,24,1.41,6
2026-06-27T19:00,37.2,44,0.00,984.6,24,0.60,132
2026-06-27T20:00,35.9,52,0.00,985.6,34,2.18,200
2026-06-27T21:00,35.2,55,0.10,986.1,20,1.43,209
2026-06-27T22:00,34.8,56,0.00,986.2,9,0.83,303
2026-06-27T23:00,34.1,59,0.10,986.0,31,1.45,2
2026-06-28T00:00,28.4,87,2.40,986.4,99,3.63,98
2026-06-28T01:00,28.4,92,0.40,985.5,23,2.50,181
2026-06-28T02:00,28.6,89,0.00,985.9,14,0.82,256
2026-06-28T03:00,28.9,90,0.00,985.9,11,0.71,225
2026-06-28T04:00,28.9,90,0.00,986.2,4,0.62,194
2026-06-28T05:00,28.9,86,0.00,986.7,13,2.25,91
2026-06-28T06:00,29.4,81,0.00,987.4,17,2.75,119
2026-06-28T07:00,30.6,75,0.00,987.6,6,2.41,132
2026-06-28T08:00,32.4,67,0.00,987.8,7,1.91,160
2026-06-28T09:00,34.4,58,0.00,987.8,9,1.54,193
2026-06-28T10:00,36.0,51,0.00,987.7,7,1.06,225
2026-06-28T11:00,37.6,44,0.00,987.0,10,0.76,262
2026-06-28T12:00,38.9,40,0.00,986.0,14,1.05,270
2026-06-28T13:00,39.8,36,0.00,984.8,24,1.50,270
2026-06-28T14:00,39.9,35,0.00,983.7,33,2.17,285
2026-06-28T15:00,39.4,36,0.10,982.7,24,2.38,280
2026-06-28T16:00,39.1,35,0.00,982.0,20,2.28,279
2026-06-28T17:00,38.3,37,0.00,982.2,15,2.40,282
2026-06-28T18:00,37.9,38,0.00,982.9,10,1.88,295
2026-06-28T19:00,37.5,42,0.00,983.8,9,0.60,294
2026-06-28T20:00,36.6,43,0.00,984.4,6,1.24,137
2026-06-28T21:00,35.3,50,0.00,984.6,6,2.02,140
2026-06-28T22:00,34.7,52,0.00,984.6,8,1.95,154
2026-06-28T23:00,29.1,92,0.10,985.3,36,0.36,214
2026-06-29T00:00,29.5,85,0.10,984.9,44,1.00,90
2026-06-29T01:00,29.6,85,0.00,984.0,37,0.94,148
2026-06-29T02:00,29.8,83,0.10,984.1,59,0.81,120
2026-06-29T03:00,29.7,83,0.00,984.1,51,2.06,139
2026-06-29T04:00,29.5,85,0.00,984.1,23,2.34,130
2026-06-29T05:00,29.7,79,0.00,984.4,53,1.90,145
2026-06-29T06:00,29.2,78,0.00,985.0,94,3.45,89
2026-06-29T07:00,29.6,76,0.00,985.2,64,3.69,123
2026-06-29T08:00,31.4,67,0.00,985.5,37,2.69,132
2026-06-29T09:00,33.5,59,0.00,985.6,45,2.82,155
2026-06-29T10:00,35.4,52,0.00,985.7,57,2.50,178
2026-06-29T11:00,36.2,53,0.00,985.8,96,2.41,159
2026-06-29T12:00,36.6,52,0.00,985.0,98,1.98,170
2026-06-29T13:00,35.8,55,0.00,984.1,99,2.71,152
2026-06-29T14:00,35.9,55,0.10,983.4,99,2.30,153
2026-06-29T15:00,32.2,73,2.00,983.4,91,2.64,350
2026-06-29T16:00,32.7,71,0.60,982.4,93,2.06,76
2026-06-29T17:00,35.1,58,0.10,981.6,98,2.40,67
2026-06-29T18:00,34.6,61,0.00,982.0,100,3.31,75
2026-06-29T19:00,30.2,88,2.50,983.4,97,2.16,185
2026-06-29T20:00,28.8,88,0.60,984.4,96,3.59,125
2026-06-29T21:00,29.1,83,0.00,985.4,87,2.55,169
2026-06-29T22:00,29.2,81,0.00,985.7,93,1.84,137
2026-06-29T23:00,31.4,73,0.00,984.4,43,3.45,141
2026-06-30T00:00,30.8,74,0.00,984.0,44,3.34,145
2026-06-30T01:00,30.4,76,0.00,983.4,67,3.15,153
2026-06-30T02:00,30.2,75,0.00,983.4,83,3.12,148
2026-06-30T03:00,30.2,74,0.00,983.4,85,2.97,160
2026-06-30T04:00,30.0,73,0.00,984.1,87,2.96,185
2026-06-30T05:00,29.0,82,0.00,984.3,90,3.04,70
2026-06-30T06:00,28.6,81,0.00,985.0,98,3.50,90
2026-06-30T07:00,28.9,79,0.00,986.1,100,3.30,91
2026-06-30T08:00,30.0,74,0.00,986.7,100,2.67,98
2026-06-30T09:00,31.5,68,0.00,986.6,98,1.83,107
2026-06-30T10:00,32.5,64,0.00,986.7,100,1.66,85
2026-06-30T11:00,30.5,70,0.00,988.0,100,1.79,54
2026-06-30T12:00,31.2,65,0.10,987.3,100,1.44,70
2026-06-30T13:00,31.4,61,0.00,986.0,100,0.86,10
2026-06-30T14:00,32.1,59,0.00,985.9,99,1.55,339
2026-06-30T15:00,32.1,59,0.00,985.1,98,1.51,352
2026-06-30T16:00,32.4,58,0.00,983.9,99,1.19,327
2026-06-30T17:00,30.6,69,0.00,984.2,95,0.90,357
2026-06-30T18:00,30.4,70,0.00,984.4,100,0.93,36
2026-06-30T19:00,29.8,74,0.00,984.9,97,0.90,341
2026-06-30T20:00,29.4,78,0.00,985.5,92,0.65,58
2026-06-30T21:00,29.1,80,0.00,986.1,59,0.87,114
2026-06-30T22:00,28.9,81,0.00,986.4,100,1.61,85
2026-06-30T23:00,29.5,80,0.00,986.5,100,1.76,110
2026-07-01T00:00,29.0,83,0.20,986.4,85,1.77,119
2026-07-01T01:00,28.9,85,0.00,985.9,100,1.36,118
2026-07-01T02:00,28.7,86,0.10,985.6,85,1.18,102
2026-07-01T03:00,28.0,92,0.20,985.6,100,0.65,212
2026-07-01T04:00,27.8,91,0.30,985.6,70,1.10,270
2026-07-01T05:00,26.5,98,0.80,985.6,98,1.03,51
2026-07-01T06:00,26.9,95,0.40,985.7,97,2.00,87
2026-07-01T07:00,27.7,90,0.10,986.4,100,1.88,73
2026-07-01T08:00,28.2,87,0.60,987.5,100,1.20,132
2026-07-01T09:00,27.8,89,1.60,987.4,100,1.74,131
2026-07-01T10:00,29.7,82,0.70,987.6,98,1.39,142
2026-07-01T11:00,31.1,75,0.20,987.1,96,0.00,270
2026-07-01T12:00,32.2,69,1.20,986.3,100,0.21,76
2026-07-01T13:00,31.7,70,0.30,985.4,90,1.42,231
2026-07-01T14:00,29.7,82,4.10,984.9,97,2.89,260
2026-07-01T15:00,30.4,77,0.40,984.3,98,1.31,353
2026-07-01T16:00,30.4,77,0.30,984.1,98,0.45,354
2026-07-01T17:00,30.2,76,0.20,983.6,96,1.23,282
2026-07-01T18:00,29.6,80,0.00,983.8,98,1.20,315
2026-07-01T19:00,29.2,83,0.00,984.6,99,0.55,265
2026-07-01T20:00,29.1,86,0.00,985.4,99,0.25,360
2026-07-01T21:00,29.1,86,0.00,986.1,100,0.96,84
2026-07-01T22:00,29.2,84,0.00,986.7,99,1.46,112
2026-07-01T23:00,29.3,86,0.00,986.8,97,1.00,96
2026-07-02T00:00,29.1,86,0.00,986.8,98,0.74,138
2026-07-02T01:00,28.9,87,0.00,986.4,99,0.68,144
2026-07-02T02:00,28.0,91,0.70,986.1,100,1.23,148
2026-07-02T03:00,26.8,95,2.80,986.2,100,0.54,158
2026-07-02T04:00,26.6,96,1.70,986.3,97,0.78,320
2026-07-02T05:00,27.7,97,0.80,985.3,95,1.56,140
2026-07-02T06:00,27.6,92,0.80,985.9,94,2.42,162
2026-07-02T07:00,28.3,88,0.10,986.5,99,2.04,126
2026-07-02T08:00,29.8,80,0.00,987.3,99,1.62,112
2026-07-02T09:00,30.7,78,0.10,987.5,99,1.60,110
2026-07-02T10:00,31.6,74,0.10,987.8,99,1.25,95
2026-07-02T11:00,31.3,75,0.10,987.5,99,2.58,105
2026-07-02T12:00,30.8,76,0.50,986.3,90,2.66,116
2026-07-02T13:00,32.2,70,0.30,985.6,94,1.06,109
2026-07-02T14:00,33.1,68,0.10,984.9,97,1.04,73
2026-07-02T15:00,33.1,67,0.00,984.6,98,1.26,83
2026-07-02T16:00,33.0,67,0.00,983.8,93,1.39,105
2026-07-02T17:00,33.0,63,0.00,983.7,87,1.96,94
2026-07-02T18:00,32.0,70,0.00,984.1,93,1.55,105
2026-07-02T19:00,31.0,75,0.00,984.8,100,1.31,83
2026-07-02T20:00,30.4,78,0.00,985.2,98,1.85,88
2026-07-02T21:00,30.0,79,0.00,986.4,98,2.17,105
2026-07-02T22:00,29.6,82,0.00,987.1,99,1.59,103
2026-07-02T23:00,29.7,82,0.00,987.1,98,1.77,112
2026-07-03T00:00,29.2,86,0.00,986.7,98,0.47,58
2026-07-03T01:00,28.0,92,0.90,986.3,99,2.31,292
2026-07-03T02:00,26.7,97,2.90,986.5,99,0.68,17
2026-07-03T03:00,26.8,98,1.90,986.5,95,2.36,17
2026-07-03T04:00,26.8,97,1.40,986.7,99,2.23,40
2026-07-03T05:00,27.0,97,0.90,986.2,99,2.05,47
2026-07-03T06:00,27.5,96,0.00,986.7,90,2.04,73
2026-07-03T07:00,28.6,90,0.00,986.6,97,1.75,66
2026-07-03T08:00,30.4,79,0.00,986.6,91,2.10,102
2026-07-03T09:00,31.9,72,0.00,986.8,98,2.15,112
2026-07-03T10:00,33.0,66,0.10,986.8,98,1.99,115
2026-07-03T11:00,34.1,61,0.10,986.4,88,2.31,108
2026-07-03T12:00,34.7,58,0.00,985.7,91,2.72,107
2026-07-03T13:00,35.0,56,0.10,984.8,84,2.74,105
2026-07-03T14:00,35.1,55,0.10,983.9,91,2.56,94
2026-07-03T15:00,35.0,55,0.10,983.4,92,2.55,89
2026-07-03T16:00,34.7,57,0.20,982.8,94,2.41,84
2026-07-03T17:00,34.1,63,0.00,982.9,47,2.00,87
2026-07-03T18:00,32.5,72,0.00,983.5,98,1.79,63
2026-07-03T19:00,31.8,74,0.00,984.2,98,1.66,85
2026-07-03T20:00,31.5,74,0.00,984.9,96,1.89,102
2026-07-03T21:00,31.1,76,0.00,985.6,80,1.61,97
2026-07-03T22:00,30.7,77,0.00,985.6,59,1.57,68
2026-07-03T23:00,30.8,75,0.00,984.8,43,2.35,66
2026-07-04T00:00,30.3,77,0.00,984.6,57,1.93,80
2026-07-04T01:00,29.9,79,0.00,984.9,32,1.56,84
2026-07-04T02:00,29.2,83,0.30,984.6,70,2.01,71
2026-07-04T03:00,27.7,91,1.60,984.6,93,1.77,98
2026-07-04T04:00,27.6,90,0.30,984.9,88,2.60,106
2026-07-04T05:00,27.5,91,0.20,984.9,89,1.82,69
2026-07-04T06:00,28.4,89,0.00,985.1,11,1.70,47
2026-07-04T07:00,30.0,82,0.00,985.2,16,1.32,29
2026-07-04T08:00,31.8,74,0.00,985.1,25,1.57,68
2026-07-04T09:00,32.8,69,0.10,984.5,44,1.95,91
2026-07-04T10:00,33.8,63,0.10,984.1,50,2.04,112
2026-07-04T11:00,34.8,58,0.10,984.4,34,2.62,119
2026-07-04T12:00,34.9,58,0.30,983.7,32,2.59,118
2026-07-04T13:00,35.4,56,0.10,982.7,21,2.18,127
2026-07-04T14:00,35.6,55,0.10,981.5,12,1.84,133
2026-07-04T15:00,35.8,54,0.00,981.3,18,1.20,107
2026-07-04T16:00,35.5,55,0.00,981.1,15,0.91,81
2026-07-04T17:00,35.4,59,0.00,980.6,58,1.12,111
2026-07-04T18:00,34.0,70,0.00,981.1,52,0.97,78
2026-07-04T19:00,32.7,75,0.00,981.8,45,1.75,77
2026-07-04T20:00,32.2,74,0.00,982.5,64,1.87,98
2026-07-04T21:00,31.8,76,0.00,983.1,80,1.63,133
2026-07-04T22:00,31.3,82,0.00,983.4,80,0.96,99
2026-07-04T23:00,31.3,79,0.00,982.7,25,0.85,45
2026-07-05T00:00,30.8,80,0.00,983.0,31,0.93,74
2026-07-05T01:00,30.4,82,0.00,982.8,33,1.29,77
2026-07-05T02:00,30.2,83,0.00,982.8,17,1.96,71
2026-07-05T03:00,30.0,83,0.00,982.5,61,0.96,43
2026-07-05T04:00,29.6,84,0.20,983.1,100,0.92,151
2026-07-05T05:00,27.7,94,0.40,983.7,95,1.51,82
2026-07-05T06:00,28.7,93,0.00,983.8,93,1.77,8
2026-07-05T07:00,30.3,87,0.00,984.1,99,1.41,45
2026-07-05T08:00,32.0,76,0.00,984.0,100,1.36,54
2026-07-05T09:00,33.1,70,0.00,984.3,97,1.30,58
2026-07-05T10:00,34.4,60,0.10,984.1,89,2.16,86
2026-07-05T11:00,33.9,64,0.00,984.1,54,1.94,72
2026-07-05T12:00,34.9,59,0.30,982.9,10,1.18,78
2026-07-05T13:00,35.9,55,0.00,982.1,6,1.01,81
2026-07-05T14:00,36.1,54,0.00,981.8,29,1.36,54
2026-07-05T15:00,33.9,67,1.20,981.6,52,1.46,84
2026-07-05T16:00,34.3,63,0.60,981.4,19,1.45,90
2026-07-05T17:00,34.5,62,0.30,980.7,39,3.21,94
2026-07-05T18:00,32.8,74,0.00,981.9,38,2.02,110
2026-07-05T19:00,31.9,76,0.00,983.1,31,2.67,103
2026-07-05T20:00,31.5,77,0.00,983.8,15,2.56,121
2026-07-05T21:00,30.9,81,0.00,984.7,16,1.85,142
2026-07-05T22:00,30.4,84,0.00,984.8,3,1.52,134
2026-07-05T23:00,30.4,81,0.00,984.3,20,1.72,98
2026-07-06T00:00,29.8,85,0.00,984.1,34,0.97,78
2026-07-06T01:00,29.6,87,0.00,983.7,100,1.24,43
2026-07-06T02:00,29.6,86,0.00,983.2,74,1.36,28
2026-07-06T03:00,29.4,85,0.00,983.2,46,1.30,74
2026-07-06T04:00,28.9,86,0.00,983.2,12,1.14,61
2026-07-06T05:00,29.5,87,0.00,983.7,6,1.23,69
2026-07-06T06:00,30.1,86,0.00,984.1,22,1.49,48
2026-07-06T07:00,31.3,80,0.00,984.5,20,2.15,65
2026-07-06T08:00,32.2,70,0.10,984.6,29,3.11,85
2026-07-06T09:00,33.3,62,0.00,984.8,27,3.10,93
2026-07-06T10:00,33.5,61,0.40,984.8,39,3.98,96
2026-07-06T11:00,34.4,55,0.20,984.6,39,4.22,95
2026-07-06T12:00,33.8,57,0.30,984.3,68,4.35,87
2026-07-06T13:00,33.8,60,0.20,983.4,36,4.06,86
2026-07-06T14:00,34.4,59,0.00,982.7,34,3.27,79
2026-07-06T15:00,34.4,58,0.00,982.3,27,3.50,92
2026-07-06T16:00,34.3,55,0.00,981.8,37,3.98,84
2026-07-06T17:00,33.7,64,0.00,981.6,41,2.35,61
2026-07-06T18:00,33.0,68,0.00,982.1,41,1.70,50
2026-07-06T19:00,32.2,72,0.00,982.7,48,2.19,45
2026-07-06T20:00,31.6,72,0.00,983.4,30,2.46,52
2026-07-06T21:00,31.1,73,0.00,984.1,24,2.22,59
2026-07-06T22:00,30.8,75,0.00,984.4,41,2.90,69
2026-07-06T23:00,30.3,78,0.00,983.9,61,2.74,99
2026-07-07T00:00,29.9,80,0.00,983.3,97,1.21,83
2026-07-07T01:00,29.6,82,0.00,983.1,100,1.33,70
2026-07-07T02:00,29.6,83,0.00,983.0,100,0.89,63
2026-07-07T03:00,29.1,87,0.40,982.7,100,1.50,75
2026-07-07T04:00,28.9,88,0.00,983.0,100,1.47,72
2026-07-07T05:00,28.9,87,0.00,982.7,61,3.56,94
2026-07-07T06:00,29.5,79,0.00,983.1,40,3.78,98
2026-07-07T07:00,30.2,75,0.00,983.8,98,4.15,93
2026-07-07T08:00,30.9,72,0.00,984.3,95,4.91,81
2026-07-07T09:00,31.2,69,0.10,984.3,99,4.80,82
2026-07-07T10:00,31.4,67,0.10,984.1,100,4.40,91
2026-07-07T11:00,32.9,62,0.10,983.5,84,4.70,82
2026-07-07T12:00,31.8,69,1.20,982.2,83,4.90,72
2026-07-07T13:00,33.7,61,0.10,981.4,91,4.58,79
2026-07-07T14:00,29.3,84,3.70,981.9,98,3.95,91
2026-07-07T15:00,29.4,83,0.20,980.9,95,2.11,76
2026-07-07T16:00,30.6,77,0.00,980.5,98,3.26,79
2026-07-07T17:00,30.3,75,5.00,980.0,89,4.79,82
2026-07-07T18:00,30.1,75,0.30,980.1,91,4.65,102
2026-07-07T19:00,28.2,86,0.50,981.4,98,3.31,87
2026-07-07T20:00,27.0,93,2.10,982.5,100,3.62,96
2026-07-07T21:00,26.9,95,8.10,983.7,100,3.56,101
2026-07-07T22:00,26.5,96,5.10,984.0,100,3.92,104
2026-07-07T23:00,27.0,95,1.10,983.2,100,5.03,117
2026-07-08T00:00,27.1,95,0.10,982.5,98,4.61,120
2026-07-08T01:00,27.3,94,0.10,982.1,100,4.50,114
2026-07-08T02:00,27.3,93,0.00,982.1,98,4.33,107
2026-07-08T03:00,26.7,93,0.10,982.5,99,4.50,105
2026-07-08T04:00,26.7,94,0.20,982.7,82,4.04,98
2026-07-08T05:00,27.2,92,0.80,981.7,95,3.88,105
2026-07-08T06:00,27.8,87,0.00,982.3,95,3.66,104
2026-07-08T07:00,28.9,84,0.20,982.3,98,3.97,109
2026-07-08T08:00,29.9,79,0.10,982.9,98,4.34,119
2026-07-08T09:00,31.4,70,0.00,983.0,100,5.14,127
2026-07-08T10:00,29.8,79,1.10,982.4,98,4.45,123
2026-07-08T11:00,30.6,74,0.40,983.0,98,4.78,132
2026-07-08T12:00,30.6,78,2.50,982.5,98,4.07,127
2026-07-08T13:00,31.9,71,0.10,981.8,96,4.60,143
2026-07-08T14:00,28.9,86,3.00,981.7,100,5.56,150
2026-07-08T15:00,29.0,91,1.90,980.9,89,3.08,133
2026-07-08T16:00,31.1,74,0.10,980.6,65,3.33,137
2026-07-08T17:00,29.6,82,0.10,980.8,98,4.21,132
2026-07-08T18:00,28.7,88,0.20,981.9,100,3.11,138
2026-07-08T19:00,27.2,95,2.70,982.1,93,3.52,129
2026-07-08T20:00,27.5,95,0.20,982.6,95,2.96,112
2026-07-08T21:00,27.0,96,1.50,983.9,99,3.37,108
2026-07-08T22:00,26.7,97,6.60,984.2,100,3.08,103
2026-07-08T23:00,27.5,95,3.50,983.3,99,3.51,110
2026-07-09T00:00,27.3,95,0.20,982.6,100,3.80,117
2026-07-09T01:00,27.2,95,0.00,982.4,100,3.76,126
2026-07-09T02:00,27.0,95,0.10,982.6,99,3.44,118
2026-07-09T03:00,26.6,96,0.30,982.6,100,2.91,106
2026-07-09T04:00,26.1,98,2.40,983.6,100,3.35,117
2026-07-09T05:00,27.0,92,0.90,983.3,99,3.43,143
2026-07-09T06:00,27.4,93,1.10,983.4,96,2.97,153
2026-07-09T07:00,27.4,92,1.30,984.1,96,2.37,138
2026-07-09T08:00,28.0,89,0.60,984.5,100,3.01,122
2026-07-09T09:00,28.0,90,0.40,984.6,100,3.04,123
2026-07-09T10:00,28.6,87,0.30,984.8,100,2.83,132
2026-07-09T11:00,30.5,77,0.20,984.8,100,3.63,165
2026-07-09T12:00,27.8,92,6.10,984.7,88,4.07,166
2026-07-09T13:00,29.1,88,1.40,984.0,98,1.79,144
2026-07-09T14:00,30.6,80,0.10,983.8,90,2.57,173
2026-07-09T15:00,30.5,80,0.40,983.4,89,2.00,181
2026-07-09T16:00,31.2,72,0.00,982.7,98,1.47,170
2026-07-09T17:00,28.7,85,0.00,983.7,100,0.43,36
2026-07-09T18:00,28.2,92,1.30,984.4,100,0.81,210
2026-07-09T19:00,27.8,95,1.70,984.9,100,0.76,172
2026-07-09T20:00,27.7,95,0.50,985.6,100,0.81,202
2026-07-09T21:00,27.4,97,0.20,986.3,100,2.25,163
2026-07-09T22:00,27.2,97,0.20,986.3,99,1.82,148
2026-07-09T23:00,27.6,96,0.10,985.6,96,2.16,187
2026-07-10T00:00,27.2,97,0.10,985.4,99,2.37,187
2026-07-10T01:00,27.0,96,0.00,985.0,95,2.44,195
2026-07-10T02:00,26.7,95,0.00,984.6,96,2.59,199
2026-07-10T03:00,26.6,94,0.00,984.6,98,2.43,212
2026-07-10T04:00,26.7,94,0.00,984.9,99,2.44,211
2026-07-10T05:00,26.4,96,0.50,985.2,100,3.13,200
2026-07-10T06:00,26.4,95,3.40,985.3,100,2.25,197
2026-07-10T07:00,26.5,94,2.90,986.0,100,1.77,225
2026-07-10T08:00,26.5,96,2.20,985.9,100,1.61,187
2026-07-10T09:00,27.5,93,0.40,986.6,100,2.10,177
2026-07-10T10:00,29.7,82,0.00,986.2,51,2.52,201
2026-07-10T11:00,28.1,84,0.00,986.3,100,2.28,189
2026-07-10T12:00,29.9,82,0.70,985.7,73,2.64,209
2026-07-10T13:00,30.0,78,1.10,984.9,94,3.65,237
2026-07-10T14:00,30.5,79,0.20,984.5,99,2.94,223
2026-07-10T15:00,30.7,78,0.20,984.0,100,3.36,228
2026-07-10T16:00,30.1,82,0.20,983.3,94,2.63,231
2026-07-10T17:00,31.5,68,0.00,983.3,98,2.63,219
2026-07-10T18:00,30.4,73,0.00,983.6,100,1.99,198
2026-07-10T19:00,28.4,83,0.40,984.5,100,2.07,233
2026-07-10T20:00,26.1,97,10.30,985.1,99,1.95,183
2026-07-10T21:00,26.4,96,1.90,985.8,98,1.64,128
2026-07-10T22:00,26.7,95,0.10,985.8,100,1.46,128
2026-07-10T23:00,27.5,93,0.30,984.8,93,3.61,227
2026-07-11T00:00,25.8,96,6.20,984.7,100,1.84,221
2026-07-11T01:00,26.1,95,0.30,983.9,94,2.49,210
2026-07-11T02:00,26.2,95,0.00,983.4,100,2.98,220
2026-07-11T03:00,26.6,93,0.00,983.3,93,2.45,231
2026-07-11T04:00,26.5,91,0.00,983.3,100,3.30,229
2026-07-11T05:00,26.9,89,0.00,983.0,99,3.18,246
2026-07-11T06:00,27.0,84,0.00,983.4,98,2.91,243
2026-07-11T07:00,28.3,81,0.00,983.9,37,2.29,254
2026-07-11T08:00,30.4,73,0.00,984.3,72,2.94,252
2026-07-11T09:00,31.8,67,0.00,984.4,89,3.78,263
2026-07-11T10:00,32.8,63,0.00,984.4,24,4.71,267
2026-07-11T11:00,33.1,62,0.00,985.0,99,3.95,272
2026-07-11T12:00,33.0,61,0.00,984.1,100,3.86,266
2026-07-11T13:00,31.7,69,0.50,983.5,59,4.21,266
2026-07-11T14:00,33.6,65,0.10,982.4,57,2.95,267
2026-07-11T15:00,34.0,60,0.10,981.7,80,4.65,253
2026-07-11T16:00,28.7,88,2.00,982.0,93,4.44,309
2026-07-11T17:00,31.3,76,0.10,981.4,91,2.86,243
2026-07-11T18:00,30.8,79,0.00,981.7,95,2.55,230
2026-07-11T19:00,30.3,81,0.00,982.5,99,2.45,229
2026-07-11T20:00,30.3,78,0.00,983.1,100,2.82,243
2026-07-11T21:00,29.6,80,0.30,983.6,99,2.85,270
2026-07-11T22:00,26.3,95,3.30,984.4,100,3.56,275
2026-07-11T23:00,27.9,90,1.20,983.1,73,0.46,13
2026-07-12T00:00,28.1,88,0.10,982.9,96,1.57,248
2026-07-12T01:00,28.2,89,0.00,981.8,100,2.08,260
2026-07-12T02:00,28.2,88,0.10,981.5,100,2.39,250
2026-07-12T03:00,28.0,90,0.00,981.5,100,1.06,8
2026-07-12T04:00,27.0,95,0.00,981.6,99,1.61,106
2026-07-12T05:00,27.4,79,0.10,981.7,100,2.67,257
2026-07-12T06:00,27.7,78,0.00,982.2,100,2.53,252
2026-07-12T07:00,28.7,76,0.00,982.4,98,2.14,233
2026-07-12T08:00,30.6,71,0.00,982.5,54,2.71,247
2026-07-12T09:00,32.4,65,0.00,982.7,14,3.59,251
2026-07-12T10:00,33.6,62,0.00,982.8,27,4.36,261
2026-07-12T11:00,33.1,64,0.10,983.1,55,4.26,266
2026-07-12T12:00,34.4,60,0.10,982.9,43,3.70,261
2026-07-12T13:00,34.5,60,0.20,981.8,48,4.16,260
2026-07-12T14:00,35.2,57,0.10,981.2,84,4.07,259
2026-07-12T15:00,34.8,57,0.10,980.8,20,4.44,258
2026-07-12T16:00,34.3,59,0.00,980.5,27,4.01,256
2026-07-12T17:00,34.2,60,0.00,980.4,35,2.89,260
2026-07-12T18:00,32.8,67,0.00,980.7,70,2.37,252
2026-07-12T19:00,31.6,70,0.00,981.5,95,2.15,242
2026-07-12T20:00,31.1,69,0.00,982.1,88,3.09,245
2026-07-12T21:00,31.2,66,0.00,982.7,92,3.45,253
2026-07-12T22:00,30.9,66,0.00,983.0,94,3.20,243
2026-07-12T23:00,30.5,69,0.00,982.6,84,3.32,247
2026-07-13T00:00,30.2,69,0.00,982.2,95,3.27,241
2026-07-13T01:00,29.6,71,0.00,981.7,99,3.10,239
2026-07-13T02:00,29.1,73,0.00,981.7,99,3.16,239
2026-07-13T03:00,29.0,74,0.00,981.7,99,3.09,245
2026-07-13T04:00,28.9,74,0.00,981.8,96,3.18,248
2026-07-13T05:00,29.0,72,0.00,982.1,90,3.70,261
2026-07-13T06:00,29.3,73,0.00,982.5,84,2.85,270
2026-07-13T07:00,30.6,72,0.00,983.1,95,2.57,263
2026-07-13T08:00,31.9,69,0.00,983.5,78,3.36,267
2026-07-13T09:00,33.2,66,0.00,983.8,41,3.96,274
2026-07-13T10:00,34.2,63,0.00,983.9,57,4.24,278
2026-07-13T11:00,34.8,58,0.10,984.2,34,4.54,284
2026-07-13T12:00,35.4,56,0.10,983.8,78,4.47,288
2026-07-13T13:00,35.7,55,0.00,983.0,74,4.35,283
2026-07-13T14:00,35.7,55,0.00,982.5,70,4.18,277
2026-07-13T15:00,35.5,56,0.00,982.2,96,3.87,264
2026-07-13T16:00,34.9,60,0.00,982.0,100,3.39,254
2026-07-13T17:00,34.4,61,0.00,982.0,98,2.71,254
2026-07-13T18:00,33.1,68,0.00,982.4,97,1.97,240
2026-07-13T19:00,32.4,67,0.00,983.2,100,2.38,240
2026-07-13T20:00,31.8,68,0.00,984.2,99,2.41,223
2026-07-13T21:00,31.3,70,0.00,984.8,92,2.79,234
2026-07-13T22:00,30.9,68,0.00,985.1,23,3.29,242
2026-07-13T23:00,31.1,64,0.00,984.2,80,3.56,253
2026-07-14T00:00,30.3,67,0.00,984.2,70,3.11,251
2026-07-14T01:00,30.0,70,0.00,983.8,39,3.12,258
2026-07-14T02:00,29.7,72,0.00,983.7,97,2.47,256
2026-07-14T03:00,29.4,75,0.00,983.7,90,1.98,260
2026-07-14T04:00,28.6,80,0.00,984.1,82,1.40,356
2026-07-14T05:00,29.1,74,0.00,984.0,95,2.38,280
2026-07-14T06:00,29.6,75,0.00,984.7,38,0.99,300
2026-07-14T07:00,30.7,72,0.00,985.2,48,1.19,255
2026-07-14T08:00,32.0,67,0.00,985.7,53,1.83,253
2026-07-14T09:00,33.0,64,0.00,986.1,85,2.20,249
2026-07-14T10:00,34.1,60,0.00,986.2,77,2.64,260
2026-07-14T11:00,33.0,64,0.00,986.3,96,2.48,205
2026-07-14T12:00,34.6,62,0.00,986.0,98,1.52,229
2026-07-14T13:00,35.6,53,0.00,985.1,100,2.41,276
2026-07-14T14:00,36.0,48,0.00,984.7,98,2.80,286
2026-07-14T15:00,35.5,50,0.00,984.0,97,2.47,277
2026-07-14T16:00,34.9,56,0.00,983.8,75,1.76,263
2026-07-14T17:00,28.8,82,0.00,984.5,91,4.31,103
2026-07-14T18:00,29.4,78,0.10,984.1,90,2.28,171
2026-07-14T19:00,29.6,78,0.00,985.1,95,1.01,99
2026-07-14T20:00,29.6,80,0.00,986.1,100,1.39,69
2026-07-14T21:00,29.6,79,0.00,986.7,77,2.02,160
2026-07-14T22:00,29.6,79,0.00,986.8,98,2.05,179
2026-07-14T23:00,29.9,79,0.00,986.4,100,2.30,184
2026-07-15T00:00,30.0,79,0.00,986.3,100,2.13,210
2026-07-15T01:00,29.9,76,0.00,985.8,100,2.54,260
2026-07-15T02:00,29.4,71,0.00,985.4,100,3.00,270
2026-07-15T03:00,28.9,71,0.00,985.4,95,3.21,259
2026-07-15T04:00,28.4,75,0.00,985.4,46,3.18,251
2026-07-15T05:00,29.1,75,0.00,985.6,93,2.24,260
2026-07-15T06:00,29.3,77,0.00,986.5,96,1.56,222
2026-07-15T07:00,30.3,76,0.00,986.9,100,1.00,183
2026-07-15T08:00,30.7,76,0.00,987.4,100,1.30,148
2026-07-15T09:00,31.5,73,0.00,988.0,100,1.83,154
2026-07-15T10:00,32.4,69,0.00,988.0,99,1.39,206
2026-07-15T11:00,33.2,68,0.00,988.0,41,1.86,324
2026-07-15T12:00,32.0,72,0.90,987.8,59,2.58,216
2026-07-15T13:00,32.8,69,0.30,987.1,78,2.04,239
2026-07-15T14:00,32.6,70,0.20,986.4,58,2.51,299
2026-07-15T15:00,32.9,70,0.00,985.7,49,1.94,282
2026-07-15T16:00,33.1,65,0.00,985.3,70,1.93,291
2026-07-15T17:00,33.1,69,0.00,985.5,96,0.86,353
2026-07-15T18:00,32.1,76,0.00,985.8,55,1.30,23
2026-07-15T19:00,31.2,78,0.00,986.2,38,1.23,58
2026-07-15T20:00,30.8,81,0.00,986.7,84,0.81,79
2026-07-15T21:00,30.8,82,0.00,987.8,88,0.16,342
2026-07-15T22:00,30.2,85,0.00,988.4,93,0.49,225
2026-07-15T23:00,30.1,85,0.00,988.0,98,1.54,205
