latitude,longitude,elevation,utc_offset_seconds,timezone,timezone_abbreviation
26.800003,80.899994,127.0,19800,Asia/Kolkata,GMT+5:30

time,pm10 (μg/m³),pm2_5 (μg/m³),carbon_monoxide (μg/m³),nitrogen_dioxide (μg/m³),sulphur_dioxide (μg/m³),ozone (μg/m³)
2026-07-19T23:30,69.8,46.8,379.0,22.7,8.5,50.0

time,pm10 (μg/m³),pm2_5 (μg/m³),nitrogen_dioxide (μg/m³),sulphur_dioxide (μg/m³),ozone (μg/m³),carbon_monoxide (μg/m³)
2026-04-15T00:00,173.7,34.5,13.2,11.4,88.0,354.0
2026-04-15T01:00,184.9,37.1,14.0,11.8,83.0,340.0
2026-04-15T02:00,189.5,40.0,14.9,12.2,77.0,341.0
2026-04-15T03:00,188.6,42.7,16.2,12.3,66.0,368.0
2026-04-15T04:00,186.3,44.7,17.6,12.3,54.0,409.0
2026-04-15T05:00,143.4,38.0,14.0,10.1,57.0,441.0
2026-04-15T06:00,132.2,38.9,13.4,11.2,71.0,462.0
2026-04-15T07:00,122.0,39.6,12.4,12.7,91.0,473.0
2026-04-15T08:00,132.2,41.2,10.9,13.9,113.0,456.0
2026-04-15T09:00,160.2,39.9,8.3,14.9,138.0,386.0
2026-04-15T10:00,215.1,37.1,5.1,15.5,164.0,286.0
2026-04-15T11:00,265.4,37.3,2.6,15.3,181.0,212.0
2026-04-15T12:00,262.6,36.0,1.4,13.4,184.0,187.0
2026-04-15T13:00,225.8,32.5,1.0,10.6,179.0,188.0
2026-04-15T14:00,179.7,27.8,1.1,8.4,172.0,191.0
2026-04-15T15:00,149.5,24.6,1.4,7.1,165.0,189.0
2026-04-15T16:00,131.3,22.6,2.3,6.4,156.0,190.0
2026-04-15T17:00,83.6,17.3,4.1,6.7,152.0,198.0
2026-04-15T18:00,79.6,22.4,8.5,9.3,137.0,221.0
2026-04-15T19:00,89.4,29.3,14.5,12.8,116.0,251.0
2026-04-15T20:00,101.7,33.8,18.6,15.1,99.0,269.0
2026-04-15T21:00,121.5,36.8,19.2,15.1,90.0,264.0
2026-04-15T22:00,147.1,38.5,17.9,14.0,86.0,248.0
2026-04-15T23:00,171.8,37.5,16.6,12.9,81.0,236.0
2026-04-16T00:00,188.1,36.9,15.7,12.2,75.0,230.0
2026-04-16T01:00,197.0,38.1,14.9,11.5,70.0,228.0
2026-04-16T02:00,202.6,39.8,14.7,11.2,64.0,242.0
2026-04-16T03:00,200.2,41.1,15.9,11.5,55.0,286.0
2026-04-16T04:00,199.3,42.7,17.8,12.1,46.0,346.0
2026-04-16T05:00,240.3,54.4,24.6,15.0,38.0,390.0
2026-04-16T06:00,251.5,62.2,22.0,15.7,61.0,410.0
2026-04-16T07:00,169.5,57.6,18.3,16.7,93.0,415.0
2026-04-16T08:00,165.8,51.5,14.4,17.1,124.0,398.0
2026-04-16T09:00,175.1,46.0,10.0,16.8,153.0,345.0
2026-04-16T10:00,146.2,36.3,5.4,15.9,179.0,272.0
2026-04-16T11:00,219.3,36.2,2.1,14.5,195.0,215.0
2026-04-16T12:00,253.3,34.8,0.8,12.1,192.0,192.0
2026-04-16T13:00,175.6,26.4,0.7,9.1,179.0,186.0
2026-04-16T14:00,124.8,21.1,1.1,6.9,165.0,186.0
2026-04-16T15:00,93.8,17.5,1.3,5.9,157.0,189.0
2026-04-16T16:00,75.4,14.8,2.0,5.7,149.0,199.0
2026-04-16T17:00,58.3,14.3,4.5,7.6,159.0,216.0
2026-04-16T18:00,62.6,20.3,9.0,10.0,141.0,243.0
2026-04-16T19:00,74.0,28.0,15.2,13.3,115.0,277.0
2026-04-16T20:00,86.8,34.2,19.7,15.4,94.0,307.0
2026-04-16T21:00,102.9,38.6,20.8,15.3,82.0,329.0
2026-04-16T22:00,118.5,41.2,20.2,14.1,75.0,347.0
2026-04-16T23:00,130.4,40.3,19.3,12.9,69.0,359.0
2026-04-17T00:00,138.8,39.0,18.2,11.9,64.0,360.0
2026-04-17T01:00,145.3,38.8,16.9,11.0,59.0,354.0
2026-04-17T02:00,147.6,39.2,16.3,10.5,55.0,356.0
2026-04-17T03:00,146.2,40.0,17.5,10.8,46.0,372.0
2026-04-17T04:00,139.2,40.9,19.4,11.5,37.0,395.0
2026-04-17T05:00,142.0,50.8,22.8,15.4,36.0,418.0
2026-04-17T06:00,124.8,52.4,19.9,15.8,59.0,444.0
2026-04-17T07:00,98.7,49.0,15.9,16.4,92.0,469.0
2026-04-17T08:00,95.5,46.8,12.0,16.6,125.0,477.0
2026-04-17T09:00,98.3,43.9,8.6,16.4,158.0,456.0
2026-04-17T10:00,97.1,40.0,5.3,15.8,190.0,418.0
2026-04-17T11:00,83.1,32.1,2.9,14.9,210.0,375.0
2026-04-17T12:00,66.4,24.3,1.7,13.1,209.0,324.0
2026-04-17T13:00,58.6,21.4,1.3,10.9,196.0,269.0
2026-04-17T14:00,54.8,19.8,1.5,9.6,183.0,231.0
2026-04-17T15:00,54.8,19.3,2.0,9.6,176.0,221.0
2026-04-17T16:00,57.3,19.8,3.1,10.4,169.0,228.0
2026-04-17T17:00,75.9,22.8,4.8,10.2,169.0,245.0
2026-04-17T18:00,78.7,30.5,10.4,14.0,152.0,276.0
2026-04-17T19:00,88.9,39.6,18.1,19.2,127.0,316.0
2026-04-17T20:00,98.3,47.4,24.1,23.6,107.0,346.0
2026-04-17T21:00,110.1,54.9,26.8,26.5,95.0,355.0
2026-04-17T22:00,125.3,60.5,27.9,28.6,88.0,353.0
2026-04-17T23:00,140.6,64.0,28.2,29.5,81.0,350.0
2026-04-18T00:00,147.1,66.1,28.0,28.7,73.0,344.0
2026-04-18T01:00,147.6,66.8,27.2,26.7,66.0,337.0
2026-04-18T02:00,150.4,67.5,26.0,24.6,60.0,338.0
2026-04-18T03:00,158.3,65.9,24.8,22.4,53.0,358.0
2026-04-18T04:00,162.5,62.9,23.2,20.2,47.0,387.0
2026-04-18T05:00,71.7,28.3,10.4,16.1,72.0,407.0
2026-04-18T06:00,74.0,30.4,10.2,16.5,80.0,413.0
2026-04-18T07:00,68.5,31.5,9.8,16.9,91.0,410.0
2026-04-18T08:00,76.4,31.5,8.9,16.9,106.0,392.0
2026-04-18T09:00,74.7,29.9,6.9,16.2,127.0,346.0
2026-04-18T10:00,71.5,26.7,4.3,15.0,151.0,285.0
2026-04-18T11:00,82.9,24.0,2.3,13.4,167.0,238.0
2026-04-18T12:00,100.6,23.8,1.3,11.1,168.0,218.0
2026-04-18T13:00,120.1,26.3,0.9,8.5,161.0,213.0
2026-04-18T14:00,130.4,27.4,1.0,6.6,154.0,211.0
2026-04-18T15:00,144.8,28.9,1.3,5.7,150.0,207.0
2026-04-18T16:00,161.1,31.1,2.0,5.5,145.0,207.0
2026-04-18T17:00,170.0,31.4,3.7,7.0,150.0,219.0
2026-04-18T18:00,169.0,36.2,6.6,8.7,136.0,255.0
2026-04-18T19:00,178.3,41.7,10.6,11.0,118.0,303.0
2026-04-18T20:00,196.5,45.8,13.5,13.0,103.0,335.0
2026-04-18T21:00,227.7,50.2,14.1,14.3,97.0,335.0
2026-04-18T22:00,258.9,54.2,13.6,15.3,96.0,318.0
2026-04-18T23:00,271.0,56.6,13.0,16.1,95.0,307.0
2026-04-19T00:00,259.8,56.9,12.4,16.8,93.0,305.0
2026-04-19T01:00,235.6,55.8,11.8,17.3,92.0,309.0
2026-04-19T02:00,209.5,53.9,11.3,17.6,90.0,324.0
2026-04-19T03:00,183.0,51.5,11.3,17.6,85.0,363.0
2026-04-19T04:00,156.5,48.2,11.6,17.4,80.0,414.0
2026-04-19T05:00,223.1,61.9,17.4,17.2,58.0,446.0
2026-04-19T06:00,180.2,59.6,15.6,17.9,76.0,446.0
2026-04-19T07:00,164.4,58.2,12.9,18.8,101.0,427.0
2026-04-19T08:00,196.5,61.2,10.2,19.0,126.0,397.0
2026-04-19T09:00,248.7,62.6,7.2,18.1,153.0,352.0
2026-04-19T10:00,293.4,61.7,4.2,16.5,181.0,296.0
2026-04-19T11:00,320.4,58.7,1.9,14.4,196.0,250.0
2026-04-19T12:00,268.2,47.8,0.9,11.5,191.0,222.0
2026-04-19T13:00,194.6,36.6,0.7,8.2,174.0,203.0
2026-04-19T14:00,160.7,31.1,1.0,5.9,159.0,192.0
2026-04-19T15:00,146.2,28.6,1.8,5.0,150.0,185.0
2026-04-19T16:00,134.6,27.4,3.1,5.1,143.0,186.0
2026-04-19T17:00,124.3,27.4,4.6,6.5,143.0,198.0
2026-04-19T18:00,122.0,30.6,6.4,7.6,132.0,232.0
2026-04-19T19:00,130.4,33.1,8.9,9.1,117.0,278.0
2026-04-19T20:00,152.7,36.6,11.3,10.3,102.0,307.0
2026-04-19T21:00,179.3,41.1,13.6,11.1,90.0,301.0
2026-04-19T22:00,205.4,45.9,15.9,11.6,78.0,278.0
2026-04-19T23:00,226.8,49.9,17.3,11.8,69.0,262.0
2026-04-20T00:00,233.3,52.0,17.2,11.5,63.0,260.0
2026-04-20T01:00,224.0,51.8,16.3,11.0,59.0,265.0
2026-04-20T02:00,207.7,50.9,15.6,10.6,55.0,277.0
2026-04-20T03:00,197.0,50.9,15.8,10.5,48.0,301.0
2026-04-20T04:00,182.1,50.5,16.2,10.6,42.0,333.0
2026-04-20T05:00,206.8,58.2,22.8,13.6,36.0,359.0
2026-04-20T06:00,173.7,56.5,20.2,14.0,57.0,383.0
2026-04-20T07:00,156.0,56.6,16.5,14.5,88.0,401.0
2026-04-20T08:00,168.6,58.9,12.7,15.4,117.0,394.0
2026-04-20T09:00,169.0,54.0,8.9,17.3,146.0,340.0
2026-04-20T10:00,142.5,41.3,5.1,19.5,174.0,261.0
2026-04-20T11:00,179.7,40.9,2.3,19.8,190.0,201.0
2026-04-20T12:00,224.4,39.9,1.0,16.3,187.0,179.0
2026-04-20T13:00,225.8,35.6,0.8,10.9,173.0,177.0
2026-04-20T14:00,194.6,30.0,1.1,6.9,160.0,179.0
2026-04-20T15:00,179.3,27.8,1.8,5.7,153.0,180.0
2026-04-20T16:00,171.4,27.6,3.1,6.0,147.0,187.0
2026-04-20T17:00,169.0,28.6,4.8,5.4,145.0,201.0
2026-04-20T18:00,164.8,31.9,7.0,6.6,133.0,230.0
2026-04-20T19:00,162.1,35.0,10.0,8.4,115.0,266.0
2026-04-20T20:00,172.3,37.5,12.2,10.1,102.0,294.0
2026-04-20T21:00,192.8,40.7,12.8,11.6,97.0,306.0
2026-04-20T22:00,195.1,42.6,12.6,13.0,95.0,309.0
2026-04-20T23:00,180.2,42.5,12.4,14.0,92.0,305.0
2026-04-21T00:00,160.2,41.9,12.5,14.3,86.0,290.0
2026-04-21T01:00,136.0,41.0,12.6,14.2,79.0,269.0
2026-04-21T02:00,114.8,39.2,12.4,14.0,74.0,260.0
2026-04-21T03:00,110.8,38.1,11.8,13.6,70.0,276.0
2026-04-21T04:00,136.4,40.3,11.1,13.2,69.0,305.0
2026-04-21T05:00,210.0,46.1,11.6,13.3,67.0,329.0
2026-04-21T06:00,220.7,49.7,11.2,14.3,77.0,347.0
2026-04-21T07:00,204.4,52.5,10.5,15.6,92.0,360.0
2026-04-21T08:00,230.0,55.1,9.2,15.9,108.0,353.0
2026-04-21T09:00,198.4,51.3,6.9,14.5,128.0,310.0
2026-04-21T10:00,132.2,38.5,4.0,12.1,150.0,247.0
2026-04-21T11:00,64.0,21.4,1.9,9.8,164.0,200.0
2026-04-21T12:00,55.4,16.9,1.0,7.5,163.0,187.0
2026-04-21T13:00,68.7,16.6,0.8,5.2,155.0,191.0
2026-04-21T14:00,117.3,20.8,0.9,3.8,148.0,196.0
2026-04-21T15:00,197.4,29.3,1.2,3.7,147.0,197.0
2026-04-21T16:00,271.9,38.1,1.9,4.4,148.0,200.0
2026-04-21T17:00,357.6,52.5,3.7,6.3,157.0,207.0
2026-04-21T18:00,376.3,59.8,5.2,7.6,148.0,222.0
2026-04-21T19:00,397.7,66.8,7.2,9.4,136.0,241.0
2026-04-21T20:00,432.1,74.5,9.4,10.9,123.0,262.0
2026-04-21T21:00,480.6,82.4,11.8,11.8,110.0,287.0
2026-04-21T22:00,529.0,90.1,14.3,12.4,97.0,313.0
2026-04-21T23:00,566.2,95.5,15.7,12.5,88.0,329.0
2026-04-22T00:00,581.1,98.3,15.1,12.0,84.0,324.0
2026-04-22T01:00,566.2,97.8,13.5,11.0,83.0,308.0
2026-04-22T02:00,538.3,94.8,11.9,10.2,83.0,303.0
2026-04-22T03:00,497.3,90.3,10.9,9.8,82.0,322.0
2026-04-22T04:00,454.5,85.4,10.0,9.6,82.0,352.0
2026-04-22T05:00,454.5,90.6,11.6,10.6,77.0,373.0
2026-04-22T06:00,391.2,85.4,11.4,11.0,86.0,382.0
2026-04-22T07:00,292.4,78.7,10.9,11.5,100.0,382.0
2026-04-22T08:00,313.9,75.7,9.8,11.7,116.0,369.0
2026-04-22T09:00,377.2,74.5,7.4,11.4,139.0,333.0
2026-04-22T10:00,502.9,80.3,4.2,10.8,164.0,284.0
2026-04-22T11:00,449.8,68.9,1.9,10.0,181.0,246.0
2026-04-22T12:00,308.3,51.7,1.0,8.8,181.0,231.0
2026-04-22T13:00,235.6,42.7,0.9,7.4,173.0,228.0
2026-04-22T14:00,229.1,40.9,1.1,6.6,165.0,226.0
2026-04-22T15:00,254.3,43.0,1.5,6.6,162.0,219.0
2026-04-22T16:00,280.3,46.3,2.3,7.2,160.0,215.0
2026-04-22T17:00,302.7,47.3,3.4,7.7,147.0,222.0
2026-04-22T18:00,285.9,50.3,5.9,8.9,134.0,249.0
2026-04-22T19:00,299.9,55.5,9.5,10.5,116.0,289.0
2026-04-22T20:00,327.8,60.5,12.8,11.9,101.0,329.0
2026-04-22T21:00,367.9,66.4,15.4,13.0,92.0,374.0
2026-04-22T22:00,412.6,72.4,17.7,13.9,85.0,421.0
2026-04-22T23:00,443.3,76.8,19.2,14.3,79.0,445.0
2026-04-23T00:00,446.1,79.2,19.7,13.7,73.0,425.0
2026-04-23T01:00,421.0,79.4,19.4,12.6,67.0,383.0
2026-04-23T02:00,371.6,76.1,18.7,11.7,63.0,359.0
2026-04-23T03:00,353.9,74.3,17.4,11.1,61.0,376.0
2026-04-23T04:00,356.7,74.3,15.7,10.7,60.0,412.0
2026-04-23T05:00,348.3,74.7,13.1,11.3,73.0,438.0
2026-04-23T06:00,328.8,75.9,12.5,11.5,83.0,448.0
2026-04-23T07:00,289.6,75.7,11.5,11.9,98.0,448.0
2026-04-23T08:00,335.3,78.9,10.1,12.6,116.0,427.0
2026-04-23T09:00,401.4,83.4,7.7,14.3,143.0,368.0
2026-04-23T10:00,450.8,86.1,4.8,16.3,173.0,287.0
2026-04-23T11:00,417.2,76.6,2.6,16.9,192.0,225.0
2026-04-23T12:00,325.0,59.3,1.5,14.8,192.0,200.0
2026-04-23T13:00,242.1,44.5,1.0,11.3,181.0,193.0
2026-04-23T14:00,218.9,39.7,1.1,8.4,169.0,189.0
2026-04-23T15:00,222.1,38.2,1.6,6.8,161.0,180.0
2026-04-23T16:00,226.3,37.7,2.6,5.9,152.0,173.0
2026-04-23T17:00,248.7,41.1,4.8,4.7,139.0,178.0
2026-04-23T18:00,259.8,46.2,8.6,6.5,124.0,204.0
2026-04-23T19:00,284.1,52.5,13.9,8.9,102.0,242.0
2026-04-23T20:00,314.8,57.6,17.8,10.5,85.0,270.0
2026-04-23T21:00,345.5,61.9,19.0,10.7,75.0,277.0
2026-04-23T22:00,359.5,63.8,18.9,10.1,69.0,275.0
2026-04-23T23:00,355.8,62.6,18.0,9.3,66.0,272.0
2026-04-24T00:00,333.4,59.3,16.2,8.4,65.0,266.0
2026-04-24T01:00,293.4,54.1,13.8,7.4,67.0,260.0
2026-04-24T02:00,242.1,47.6,12.1,6.7,68.0,271.0
2026-04-24T03:00,192.8,41.0,11.9,6.5,65.0,313.0
2026-04-24T04:00,153.7,35.9,12.5,6.5,60.0,372.0
2026-04-24T05:00,286.8,56.5,21.8,10.0,42.0,418.0
2026-04-24T06:00,243.1,57.7,19.3,10.5,60.0,448.0
2026-04-24T07:00,168.1,52.0,15.7,11.1,85.0,464.0
2026-04-24T08:00,154.1,45.3,12.1,11.3,110.0,451.0
2026-04-24T09:00,124.8,37.0,8.6,10.7,136.0,383.0
2026-04-24T10:00,104.5,30.9,5.2,9.7,163.0,284.0
2026-04-24T11:00,108.3,28.5,2.6,8.7,179.0,211.0
2026-04-24T12:00,134.6,26.8,1.3,7.6,179.0,192.0
2026-04-24T13:00,181.1,29.3,0.9,6.4,168.0,199.0
2026-04-24T14:00,221.7,32.9,1.2,5.6,158.0,206.0
2026-04-24T15:00,238.4,35.0,1.7,5.2,152.0,197.0
2026-04-24T16:00,230.5,35.6,2.8,5.3,146.0,187.0
2026-04-24T17:00,207.2,40.3,6.0,8.8,146.0,203.0
2026-04-24T18:00,198.8,47.0,12.0,11.4,127.0,271.0
2026-04-24T19:00,211.9,55.3,20.1,14.9,101.0,363.0
2026-04-24T20:00,214.2,59.4,25.4,17.1,81.0,424.0
2026-04-24T21:00,213.3,60.1,25.3,16.7,74.0,419.0
2026-04-24T22:00,207.7,57.7,22.4,15.0,74.0,383.0
2026-04-24T23:00,197.9,53.2,19.6,13.3,74.0,361.0
2026-04-25T00:00,190.5,49.0,17.5,12.1,74.0,368.0
2026-04-25T01:00,188.1,46.9,15.5,10.9,75.0,390.0
2026-04-25T02:00,186.7,46.3,14.5,10.1,74.0,424.0
2026-04-25T03:00,192.3,47.0,15.3,9.7,66.0,484.0
2026-04-25T04:00,193.7,47.8,17.0,9.8,55.0,556.0
2026-04-25T05:00,213.7,53.4,22.6,10.8,47.0,604.0
2026-04-25T06:00,216.5,59.5,20.9,12.0,67.0,613.0
2026-04-25T07:00,179.3,59.6,18.3,13.5,95.0,596.0
2026-04-25T08:00,190.0,56.9,15.3,14.2,124.0,560.0
2026-04-25T09:00,189.1,51.6,11.3,13.2,156.0,494.0
2026-04-25T10:00,172.8,46.3,6.8,11.4,189.0,408.0
2026-04-25T11:00,161.6,41.7,3.4,9.7,208.0,335.0
2026-04-25T12:00,167.6,39.9,1.7,8.5,203.0,283.0
2026-04-25T13:00,220.3,43.0,1.2,7.6,184.0,244.0
2026-04-25T14:00,230.0,40.7,1.4,7.1,166.0,221.0
2026-04-25T15:00,193.7,36.9,2.6,7.1,155.0,222.0
2026-04-25T16:00,147.1,33.6,4.7,7.6,146.0,239.0
2026-04-25T17:00,114.6,28.4,5.8,7.4,154.0,251.0
2026-04-25T18:00,124.8,34.2,10.9,10.3,138.0,241.0
2026-04-25T19:00,145.8,43.2,18.0,14.3,116.0,226.0
2026-04-25T20:00,171.8,51.1,22.5,16.8,98.0,242.0
2026-04-25T21:00,197.4,56.9,22.3,16.5,89.0,318.0
2026-04-25T22:00,216.1,57.0,19.7,14.7,85.0,424.0
2026-04-25T23:00,231.9,54.6,17.1,13.3,81.0,504.0
2026-04-26T00:00,262.6,56.7,14.9,12.8,78.0,528.0
2026-04-26T01:00,288.7,62.4,12.8,12.5,75.0,525.0
2026-04-26T02:00,322.2,70.1,11.8,12.5,71.0,529.0
2026-04-26T03:00,328.8,75.7,13.1,12.7,62.0,561.0
2026-04-26T04:00,319.4,78.7,15.5,13.2,52.0,600.0
2026-04-26T05:00,435.9,100.1,18.1,13.5,49.0,618.0
2026-04-26T06:00,399.5,100.6,16.0,14.2,67.0,603.0
2026-04-26T07:00,294.3,90.1,13.1,15.1,92.0,566.0
2026-04-26T08:00,309.2,89.9,10.2,15.7,117.0,512.0
2026-04-26T09:00,295.2,85.4,7.5,15.9,145.0,428.0
2026-04-26T10:00,238.4,72.6,4.8,15.7,173.0,326.0
2026-04-26T11:00,191.9,57.5,2.8,14.7,188.0,247.0
2026-04-26T12:00,170.9,46.6,1.7,12.1,178.0,210.0
2026-04-26T13:00,159.3,39.9,1.2,8.7,154.0,196.0
2026-04-26T14:00,170.0,37.0,1.1,6.2,134.0,187.0
2026-04-26T15:00,207.7,39.2,1.4,5.2,127.0,179.0
2026-04-26T16:00,248.7,43.7,2.1,5.0,125.0,177.0
2026-04-26T17:00,249.6,42.1,4.0,5.1,121.0,178.0
2026-04-26T18:00,262.6,47.7,6.7,6.4,110.0,168.0
2026-04-26T19:00,295.2,55.4,10.3,8.3,94.0,161.0
2026-04-26T20:00,339.0,63.8,13.0,9.7,82.0,191.0
2026-04-26T21:00,387.4,71.2,13.9,10.3,77.0,299.0
2026-04-26T22:00,420.0,76.1,13.8,10.5,74.0,445.0
2026-04-26T23:00,400.5,75.7,13.4,10.5,74.0,546.0
2026-04-27T00:00,302.7,66.8,12.7,10.2,75.0,557.0
2026-04-27T01:00,208.2,57.5,11.6,9.6,77.0,522.0
2026-04-27T02:00,142.5,55.5,10.7,9.4,80.0,496.0
2026-04-27T03:00,94.5,52.9,10.0,9.8,83.0,501.0
2026-04-27T04:00,68.5,51.9,9.4,10.6,86.0,514.0
2026-04-27T05:00,64.5,48.7,6.4,11.3,108.0,521.0
2026-04-27T06:00,56.3,48.9,6.5,12.1,113.0,520.0
2026-04-27T07:00,57.7,49.8,6.6,13.2,122.0,513.0
2026-04-27T08:00,64.0,50.6,6.3,14.0,135.0,493.0
2026-04-27T09:00,78.5,51.2,5.3,14.4,158.0,450.0
2026-04-27T10:00,110.8,51.8,4.0,14.5,187.0,394.0
2026-04-27T11:00,163.9,54.4,2.9,14.2,206.0,342.0
2026-04-27T12:00,204.0,54.2,2.2,13.4,210.0,297.0
2026-04-27T13:00,218.4,51.3,1.7,12.2,205.0,255.0
2026-04-27T14:00,231.4,49.2,1.6,10.9,196.0,226.0
2026-04-27T15:00,223.5,45.6,1.5,9.3,184.0,215.0
2026-04-27T16:00,202.1,40.9,1.7,7.6,167.0,217.0
2026-04-27T17:00,145.3,34.3,4.4,8.7,170.0,223.0
2026-04-27T18:00,152.3,40.6,11.5,12.4,150.0,229.0
2026-04-27T19:00,164.8,50.4,21.3,17.4,122.0,240.0
2026-04-27T20:00,168.6,59.4,28.1,20.7,99.0,261.0
2026-04-27T21:00,159.3,63.6,29.5,20.9,87.0,299.0
2026-04-27T22:00,143.4,62.9,28.0,19.4,79.0,347.0
2026-04-27T23:00,125.7,57.9,25.7,17.6,75.0,391.0
2026-04-28T00:00,107.3,51.7,23.0,15.8,74.0,429.0
2026-04-28T01:00,95.9,48.7,19.5,13.7,76.0,462.0
2026-04-28T02:00,83.8,47.1,16.6,12.1,77.0,484.0
2026-04-28T03:00,68.9,45.8,14.8,11.4,75.0,486.0
2026-04-28T04:00,61.2,46.0,13.4,11.3,72.0,477.0
2026-04-28T05:00,86.1,49.0,14.9,11.2,67.0,468.0
2026-04-28T06:00,65.7,51.1,13.4,12.2,81.0,468.0
2026-04-28T07:00,60.5,53.3,11.2,13.6,100.0,469.0
2026-04-28T08:00,66.8,53.3,9.0,14.5,122.0,461.0
2026-04-28T09:00,112.9,51.6,6.8,14.5,148.0,441.0
2026-04-28T10:00,186.7,56.3,4.6,14.1,177.0,412.0
2026-04-28T11:00,260.8,62.2,2.9,13.5,196.0,377.0
2026-04-28T12:00,335.3,69.4,2.0,12.8,200.0,332.0
2026-04-28T13:00,388.4,75.0,1.6,11.9,195.0,281.0
2026-04-28T14:00,384.6,71.7,1.7,11.1,186.0,243.0
2026-04-28T15:00,356.7,66.4,2.3,10.3,175.0,218.0
2026-04-28T16:00,316.6,63.1,3.4,9.7,161.0,205.0
2026-04-28T17:00,267.3,61.2,4.5,10.5,172.0,224.0
2026-04-28T18:00,245.9,65.2,11.4,13.8,151.0,304.0
2026-04-28T19:00,265.4,75.4,20.7,18.3,123.0,416.0
2026-04-28T20:00,273.8,82.9,26.3,21.4,103.0,491.0
2026-04-28T21:00,255.2,83.4,24.7,21.5,100.0,495.0
2026-04-28T22:00,226.3,75.2,19.3,20.1,105.0,462.0
2026-04-28T23:00,212.8,68.2,14.9,19.0,108.0,432.0
2026-04-29T00:00,196.5,63.3,12.9,18.8,104.0,413.0
2026-04-29T01:00,171.4,58.6,11.8,18.9,98.0,396.0
2026-04-29T02:00,146.7,53.8,11.4,18.8,92.0,392.0
2026-04-29T03:00,123.9,49.9,12.3,18.2,84.0,413.0
2026-04-29T04:00,119.7,49.7,13.8,17.3,77.0,447.0
2026-04-29T05:00,133.6,60.8,16.8,17.2,69.0,475.0
2026-04-29T06:00,101.5,53.8,15.0,17.0,82.0,495.0
2026-04-29T07:00,88.5,51.8,12.4,16.6,102.0,508.0
2026-04-29T08:00,86.6,51.3,9.9,16.3,124.0,497.0
2026-04-29T09:00,95.9,52.0,7.5,16.2,152.0,442.0
2026-04-29T10:00,123.9,53.2,5.0,16.1,182.0,363.0
2026-04-29T11:00,128.1,50.4,3.3,15.8,204.0,304.0
2026-04-29T12:00,104.1,48.7,2.6,15.1,212.0,287.0
2026-04-29T13:00,103.8,48.3,2.5,14.1,211.0,290.0
2026-04-29T14:00,108.0,46.6,2.8,13.3,207.0,293.0
2026-04-29T15:00,103.4,45.8,3.1,12.5,202.0,284.0
2026-04-29T16:00,92.9,46.3,3.7,11.8,194.0,275.0
2026-04-29T17:00,136.0,35.7,4.1,7.5,129.0,282.0
2026-04-29T18:00,126.2,38.2,6.9,8.8,116.0,323.0
2026-04-29T19:00,118.5,40.7,10.7,10.7,97.0,380.0
2026-04-29T20:00,109.2,41.2,13.4,12.0,83.0,418.0
2026-04-29T21:00,97.6,41.1,14.2,12.4,78.0,416.0
2026-04-29T22:00,83.4,40.4,14.0,12.4,77.0,394.0
2026-04-29T23:00,69.8,39.1,13.2,12.1,78.0,378.0
2026-04-30T00:00,57.7,38.0,11.7,11.5,83.0,375.0
2026-04-30T01:00,45.6,34.7,9.6,10.6,90.0,378.0
2026-04-30T02:00,36.4,31.1,8.1,9.9,94.0,386.0
2026-04-30T03:00,34.2,28.6,7.7,9.5,92.0,404.0
2026-04-30T04:00,32.9,26.8,7.9,9.2,88.0,428.0
2026-04-30T05:00,60.3,34.2,12.8,10.9,62.0,444.0
2026-04-30T06:00,42.0,33.2,11.7,11.8,73.0,448.0
2026-04-30T07:00,39.0,32.7,10.0,13.1,88.0,445.0
2026-04-30T08:00,36.6,32.1,8.3,14.0,107.0,437.0
2026-04-30T09:00,36.9,29.9,6.4,14.0,133.0,423.0
2026-04-30T10:00,43.9,30.7,4.5,13.6,161.0,405.0
2026-04-30T11:00,56.9,32.7,3.1,13.2,183.0,388.0
2026-04-30T12:00,69.2,33.9,2.7,13.2,192.0,372.0
2026-04-30T13:00,79.6,34.7,3.0,13.2,193.0,358.0
2026-04-30T14:00,82.9,36.0,3.3,13.1,192.0,351.0
2026-04-30T15:00,85.7,36.3,3.5,12.8,193.0,357.0
2026-04-30T16:00,88.0,36.4,3.7,12.3,192.0,371.0
2026-04-30T17:00,95.9,26.5,3.8,10.7,169.0,384.0
2026-04-30T18:00,77.5,28.7,9.9,12.9,146.0,393.0
2026-04-30T19:00,78.5,36.2,18.2,15.8,115.0,401.0
2026-04-30T20:00,85.4,43.0,23.2,17.4,93.0,407.0
2026-04-30T21:00,84.3,46.2,21.8,16.3,88.0,411.0
2026-04-30T22:00,69.4,38.9,17.0,13.8,91.0,412.0
2026-04-30T23:00,58.4,33.4,12.9,11.6,94.0,411.0
2026-05-01T00:00,50.4,30.6,10.6,10.3,95.0,402.0
2026-05-01T01:00,46.0,28.9,8.8,9.4,96.0,389.0
2026-05-01T02:00,42.7,28.5,7.8,8.8,96.0,388.0
2026-05-01T03:00,41.8,29.3,7.9,8.8,91.0,410.0
2026-05-01T04:00,43.0,30.7,8.6,9.2,85.0,443.0
2026-05-01T05:00,37.3,32.6,12.3,11.7,69.0,466.0
2026-05-01T06:00,41.2,34.9,10.9,12.3,81.0,471.0
2026-05-01T07:00,43.7,36.3,8.9,13.2,99.0,466.0
2026-05-01T08:00,49.8,36.2,6.9,13.6,117.0,451.0
2026-05-01T09:00,55.6,33.9,5.1,13.3,137.0,419.0
2026-05-01T10:00,61.7,30.3,3.3,12.5,159.0,377.0
2026-05-01T11:00,66.8,29.7,2.0,11.6,174.0,343.0
2026-05-01T12:00,68.5,29.2,1.5,10.6,178.0,323.0
2026-05-01T13:00,69.4,28.8,1.4,9.5,177.0,312.0
2026-05-01T14:00,71.9,28.6,1.6,8.7,174.0,305.0
2026-05-01T15:00,78.5,28.8,1.5,8.2,175.0,302.0
2026-05-01T16:00,87.5,29.9,1.7,8.0,175.0,303.0
2026-05-01T17:00,82.9,26.9,3.2,8.4,187.0,314.0
2026-05-01T18:00,83.6,32.4,9.0,10.6,164.0,342.0
2026-05-01T19:00,87.5,43.5,16.7,13.5,132.0,379.0
2026-05-01T20:00,77.5,44.0,21.5,15.2,108.0,403.0
2026-05-01T21:00,67.1,38.6,20.4,14.7,101.0,403.0
2026-05-01T22:00,64.3,36.8,16.3,13.0,101.0,391.0
2026-05-01T23:00,60.8,34.1,12.6,11.3,103.0,377.0
2026-05-02T00:00,54.5,31.1,10.5,9.6,103.0,361.0
2026-05-02T01:00,50.5,29.6,8.9,7.9,105.0,343.0
2026-05-02T02:00,46.4,29.0,8.0,6.8,104.0,340.0
2026-05-02T03:00,42.8,28.9,8.3,6.7,98.0,365.0
2026-05-02T04:00,40.6,29.2,9.3,7.3,90.0,405.0
2026-05-02T05:00,41.4,27.5,8.4,7.7,100.0,431.0
2026-05-02T06:00,34.5,27.9,7.9,8.4,108.0,433.0
2026-05-02T07:00,41.9,28.7,7.2,9.3,120.0,422.0
2026-05-02T08:00,46.8,28.4,6.2,10.0,135.0,406.0
2026-05-02T09:00,53.6,29.0,4.8,10.1,155.0,386.0
2026-05-02T10:00,60.5,30.4,3.2,10.0,176.0,361.0
2026-05-02T11:00,65.9,31.0,2.0,9.7,191.0,342.0
2026-05-02T12:00,74.3,30.6,1.4,9.1,193.0,333.0
2026-05-02T13:00,88.0,30.6,1.3,8.4,188.0,331.0
2026-05-02T14:00,95.5,30.6,1.5,7.9,182.0,330.0
2026-05-02T15:00,95.9,30.6,1.7,7.7,180.0,330.0
2026-05-02T16:00,94.5,30.7,2.3,7.8,178.0,332.0
2026-05-02T17:00,82.4,22.9,3.4,6.9,184.0,338.0
2026-05-02T18:00,75.9,29.2,7.5,8.4,163.0,350.0
2026-05-02T19:00,73.1,34.5,13.0,10.5,134.0,366.0
2026-05-02T20:00,67.8,33.5,16.4,11.8,113.0,376.0
2026-05-02T21:00,66.6,32.1,15.7,11.6,108.0,376.0
2026-05-02T22:00,64.7,31.0,12.9,10.6,112.0,371.0
2026-05-02T23:00,62.6,29.7,10.5,9.7,115.0,366.0
2026-05-03T00:00,61.2,28.7,9.3,9.2,116.0,360.0
2026-05-03T01:00,59.6,28.1,8.4,8.9,118.0,354.0
2026-05-03T02:00,57.4,28.1,8.1,8.9,117.0,356.0
2026-05-03T03:00,54.4,28.7,8.7,9.4,110.0,375.0
2026-05-03T04:00,51.8,31.3,9.9,10.2,102.0,402.0
2026-05-03T05:00,63.3,32.8,5.9,8.3,135.0,420.0
2026-05-03T06:00,56.0,34.5,5.8,8.4,135.0,421.0
2026-05-03T07:00,54.9,36.4,5.7,8.6,135.0,414.0
2026-05-03T08:00,52.4,34.5,5.3,8.7,139.0,402.0
2026-05-03T09:00,50.8,32.7,4.3,8.8,150.0,385.0
2026-05-03T10:00,49.6,31.9,2.9,8.9,165.0,364.0
2026-05-03T11:00,48.7,31.8,1.9,8.9,176.0,347.0
2026-05-03T12:00,48.4,31.8,1.5,8.9,181.0,336.0
2026-05-03T13:00,49.5,31.8,1.4,8.9,183.0,328.0
2026-05-03T14:00,50.4,31.5,1.6,8.9,183.0,323.0
2026-05-03T15:00,52.2,31.4,1.9,8.8,182.0,323.0
2026-05-03T16:00,53.3,31.4,2.6,8.7,179.0,326.0
2026-05-03T17:00,26.4,20.0,3.2,7.7,169.0,330.0
2026-05-03T18:00,29.7,22.4,4.9,8.5,157.0,334.0
2026-05-03T19:00,33.9,25.3,7.1,9.5,141.0,339.0
2026-05-03T20:00,38.9,26.5,8.7,10.1,129.0,346.0
2026-05-03T21:00,42.3,27.2,8.9,9.8,124.0,358.0
2026-05-03T22:00,43.7,27.6,8.5,9.1,122.0,372.0
2026-05-03T23:00,43.4,27.1,8.0,8.4,121.0,378.0
2026-05-04T00:00,42.1,26.3,7.6,7.9,120.0,369.0
2026-05-04T01:00,40.0,25.2,7.1,7.4,119.0,352.0
2026-05-04T02:00,37.8,24.6,6.9,7.2,118.0,344.0
2026-05-04T03:00,37.0,25.4,7.2,7.6,113.0,352.0
2026-05-04T04:00,38.5,28.1,7.7,8.2,107.0,369.0
2026-05-04T05:00,39.5,34.7,10.8,7.6,92.0,384.0
2026-05-04T06:00,45.5,33.5,9.2,7.1,102.0,396.0
2026-05-04T07:00,39.1,30.6,7.0,6.4,116.0,407.0
2026-05-04T08:00,36.1,25.3,5.1,5.8,129.0,413.0
2026-05-04T09:00,40.0,25.3,3.8,5.4,140.0,413.0
2026-05-04T10:00,47.3,25.6,2.7,5.1,151.0,407.0
2026-05-04T11:00,45.9,25.7,2.0,5.0,160.0,395.0
2026-05-04T12:00,45.6,25.3,1.6,5.2,167.0,370.0
2026-05-04T13:00,48.9,26.5,1.5,5.6,173.0,339.0
2026-05-04T14:00,50.8,28.3,1.7,6.1,177.0,321.0
2026-05-04T15:00,51.0,29.9,2.0,6.7,179.0,321.0
2026-05-04T16:00,51.6,31.7,2.6,7.4,179.0,334.0
2026-05-04T17:00,65.9,35.0,3.4,6.8,168.0,361.0
2026-05-04T18:00,55.5,34.8,7.3,8.4,150.0,417.0
2026-05-04T19:00,52.5,38.2,12.7,10.6,124.0,487.0
2026-05-04T20:00,56.6,42.8,16.2,12.1,105.0,532.0
2026-05-04T21:00,57.9,43.1,16.2,12.1,99.0,529.0
2026-05-04T22:00,55.8,41.7,14.4,11.4,99.0,500.0
2026-05-04T23:00,52.4,39.0,12.5,10.7,99.0,470.0
2026-05-05T00:00,49.0,36.8,11.1,10.2,99.0,446.0
2026-05-05T01:00,44.8,34.6,9.7,9.6,99.0,421.0
2026-05-05T02:00,39.3,30.9,8.7,9.1,98.0,404.0
2026-05-05T03:00,32.9,26.1,8.5,8.6,95.0,401.0
2026-05-05T04:00,28.1,21.9,8.8,8.3,92.0,405.0
2026-05-05T05:00,40.6,39.6,7.7,10.5,104.0,410.0
2026-05-05T06:00,41.8,35.3,8.2,10.2,103.0,414.0
2026-05-05T07:00,40.2,32.1,8.9,9.9,102.0,418.0
2026-05-05T08:00,37.6,28.6,8.9,9.9,107.0,419.0
2026-05-05T09:00,37.5,30.0,7.5,10.5,123.0,415.0
2026-05-05T10:00,41.7,33.5,5.4,11.4,145.0,408.0
2026-05-05T11:00,49.1,34.7,3.9,12.1,162.0,399.0
2026-05-05T12:00,60.3,38.8,3.6,12.3,168.0,386.0
2026-05-05T13:00,62.4,39.3,3.9,12.2,169.0,371.0
2026-05-05T14:00,61.0,39.5,4.2,12.1,169.0,363.0
2026-05-05T15:00,62.4,41.8,3.5,11.7,174.0,361.0
2026-05-05T16:00,60.8,41.1,2.9,11.2,179.0,365.0
2026-05-05T17:00,57.6,36.1,5.7,13.0,149.0,384.0
2026-05-05T18:00,56.1,37.8,11.2,15.4,134.0,429.0
2026-05-05T19:00,61.9,45.2,18.7,18.7,114.0,489.0
2026-05-05T20:00,72.2,54.9,24.5,20.8,96.0,538.0
2026-05-05T21:00,80.1,64.5,26.8,20.7,83.0,561.0
2026-05-05T22:00,73.1,60.1,27.4,19.4,73.0,574.0
2026-05-05T23:00,72.6,59.5,27.6,18.0,65.0,591.0
2026-05-06T00:00,74.5,61.0,27.5,16.7,58.0,626.0
2026-05-06T01:00,73.6,60.5,27.0,15.2,53.0,666.0
2026-05-06T02:00,73.1,59.5,27.6,14.5,49.0,692.0
2026-05-06T03:00,75.2,59.8,31.5,15.0,40.0,701.0
2026-05-06T04:00,78.9,62.2,36.5,16.1,31.0,697.0
2026-05-06T05:00,48.1,43.5,21.1,12.5,53.0,669.0
2026-05-06T06:00,49.7,45.2,17.2,13.5,77.0,601.0
2026-05-06T07:00,53.4,44.7,11.7,14.8,110.0,508.0
2026-05-06T08:00,50.8,36.1,7.2,15.1,137.0,432.0
2026-05-06T09:00,49.6,28.2,4.5,13.6,154.0,387.0
2026-05-06T10:00,52.3,26.4,2.8,11.1,165.0,359.0
2026-05-06T11:00,57.4,26.3,1.7,9.1,172.0,338.0
2026-05-06T12:00,68.7,27.2,1.2,8.2,176.0,324.0
2026-05-06T13:00,75.4,27.5,1.3,7.7,175.0,319.0
2026-05-06T14:00,82.9,28.3,1.6,7.4,174.0,314.0
2026-05-06T15:00,90.3,29.5,1.4,6.9,174.0,301.0
2026-05-06T16:00,98.5,30.9,1.4,6.6,173.0,289.0
2026-05-06T17:00,89.4,27.3,2.8,7.9,167.0,302.0
2026-05-06T18:00,86.6,31.3,8.5,10.6,149.0,364.0
2026-05-06T19:00,97.8,38.0,16.6,14.4,124.0,450.0
2026-05-06T20:00,111.5,46.8,23.6,17.5,101.0,508.0
2026-05-06T21:00,122.0,56.9,29.4,19.4,83.0,515.0
2026-05-06T22:00,123.9,62.6,34.2,20.5,68.0,494.0
2026-05-06T23:00,114.3,61.7,35.4,20.3,59.0,467.0
2026-05-07T00:00,94.1,56.3,30.4,18.0,62.0,433.0
2026-05-07T01:00,71.9,46.2,21.8,14.3,71.0,393.0
2026-05-07T02:00,54.8,37.3,15.1,11.3,78.0,367.0
2026-05-07T03:00,42.3,31.0,12.6,9.6,78.0,371.0
2026-05-07T04:00,34.7,27.0,12.0,8.5,76.0,390.0
2026-05-07T05:00,30.4,27.9,12.9,8.5,70.0,399.0
2026-05-07T06:00,31.7,28.8,11.9,9.3,79.0,385.0
2026-05-07T07:00,38.4,30.5,10.4,10.4,91.0,361.0
2026-05-07T08:00,44.4,32.7,8.6,11.2,108.0,338.0
2026-05-07T09:00,50.1,33.4,6.4,11.5,133.0,317.0
2026-05-07T10:00,60.5,31.5,3.9,11.5,161.0,297.0
2026-05-07T11:00,78.2,32.0,2.1,11.2,181.0,281.0
2026-05-07T12:00,90.1,32.0,1.4,10.4,186.0,271.0
2026-05-07T13:00,100.6,33.2,1.4,9.4,182.0,265.0
2026-05-07T14:00,100.8,33.5,1.6,8.6,178.0,265.0
2026-05-07T15:00,95.2,32.9,1.7,8.3,178.0,267.0
2026-05-07T16:00,92.2,33.2,2.1,8.2,177.0,273.0
2026-05-07T17:00,71.2,25.5,3.7,7.7,167.0,295.0
2026-05-07T18:00,62.6,30.3,6.3,8.8,152.0,349.0
2026-05-07T19:00,62.4,32.7,9.8,10.2,132.0,418.0
2026-05-07T20:00,61.5,34.0,12.4,11.3,115.0,462.0
2026-05-07T21:00,61.0,35.0,13.3,11.6,107.0,457.0
2026-05-07T22:00,60.3,35.4,13.3,11.4,103.0,426.0
2026-05-07T23:00,57.9,35.5,13.0,11.1,100.0,400.0
2026-05-08T00:00,65.4,36.7,12.4,10.6,100.0,390.0
2026-05-08T01:00,65.2,37.5,11.6,9.9,101.0,384.0
2026-05-08T02:00,60.5,36.9,11.3,9.3,100.0,386.0
2026-05-08T03:00,58.3,37.5,12.5,9.0,91.0,399.0
2026-05-08T04:00,56.8,38.1,14.3,8.8,80.0,420.0
2026-05-08T05:00,58.7,45.3,19.8,10.5,57.0,433.0
2026-05-08T06:00,55.5,45.2,17.0,11.2,75.0,434.0
2026-05-08T07:00,54.4,44.6,13.1,12.1,101.0,428.0
2026-05-08T08:00,52.2,40.6,9.5,12.3,126.0,417.0
2026-05-08T09:00,47.3,31.9,6.5,11.2,149.0,398.0
2026-05-08T10:00,49.8,28.7,3.7,9.5,171.0,374.0
2026-05-08T11:00,51.2,27.4,1.8,8.1,186.0,354.0
2026-05-08T12:00,57.2,27.0,1.0,7.6,190.0,339.0
2026-05-08T13:00,63.6,27.3,1.1,7.5,187.0,328.0
2026-05-08T14:00,64.7,27.2,1.5,7.5,182.0,322.0
2026-05-08T15:00,63.8,26.9,1.9,7.3,179.0,319.0
2026-05-08T16:00,63.1,26.7,2.7,7.2,174.0,320.0
2026-05-08T17:00,34.7,16.6,4.1,8.2,171.0,333.0
2026-05-08T18:00,33.4,20.8,6.0,8.8,157.0,372.0
2026-05-08T19:00,34.9,21.1,8.5,9.6,137.0,423.0
2026-05-08T20:00,36.7,20.7,10.2,10.0,123.0,451.0
2026-05-08T21:00,38.2,21.0,10.2,9.7,119.0,434.0
2026-05-08T22:00,37.6,22.2,9.3,9.1,120.0,395.0
2026-05-08T23:00,35.3,23.1,8.6,8.6,121.0,366.0
2026-05-09T00:00,33.2,24.0,8.4,8.5,120.0,357.0
2026-05-09T01:00,32.7,25.7,8.4,8.6,119.0,358.0
2026-05-09T02:00,34.3,28.3,8.6,8.9,116.0,371.0
2026-05-09T03:00,36.8,31.0,9.4,9.3,109.0,407.0
2026-05-09T04:00,39.7,33.6,10.5,9.8,101.0,455.0
2026-05-09T05:00,46.6,39.1,8.8,11.6,114.0,483.0
2026-05-09T06:00,47.7,40.9,8.5,12.1,118.0,473.0
2026-05-09T07:00,53.4,43.7,8.1,12.9,124.0,442.0
2026-05-09T08:00,54.6,43.1,7.3,13.4,133.0,411.0
2026-05-09T09:00,54.9,38.6,5.8,13.6,149.0,385.0
2026-05-09T10:00,60.3,40.0,3.9,13.5,167.0,359.0
2026-05-09T11:00,62.2,41.0,2.5,13.1,181.0,337.0
2026-05-09T12:00,61.2,38.6,1.8,12.0,186.0,319.0
2026-05-09T13:00,61.0,36.8,1.6,10.6,186.0,304.0
2026-05-09T14:00,61.2,34.8,1.8,9.5,184.0,297.0
2026-05-09T15:00,62.4,33.6,2.0,8.8,181.0,295.0
2026-05-09T16:00,63.8,33.5,2.7,8.6,176.0,300.0
2026-05-09T17:00,67.1,35.4,4.9,9.6,161.0,321.0
2026-05-09T18:00,65.4,40.4,13.9,13.9,141.0,372.0
2026-05-09T19:00,76.6,50.9,26.1,19.7,114.0,439.0
2026-05-09T20:00,88.0,61.9,33.8,23.1,93.0,486.0
2026-05-09T21:00,91.3,66.1,33.0,22.0,85.0,494.0
2026-05-09T22:00,82.9,59.4,27.6,18.5,84.0,482.0
2026-05-09T23:00,69.4,49.9,22.4,15.3,86.0,471.0
2026-05-10T00:00,58.7,43.3,18.4,13.3,90.0,467.0
2026-05-10T01:00,51.8,40.0,14.5,11.8,97.0,463.0
2026-05-10T02:00,48.4,38.8,11.8,10.7,101.0,464.0
2026-05-10T03:00,47.4,38.8,11.4,10.3,97.0,473.0
2026-05-10T04:00,47.8,39.3,12.2,10.5,90.0,486.0
2026-05-10T05:00,52.4,44.7,12.1,13.2,92.0,493.0
2026-05-10T06:00,53.8,46.4,11.0,14.9,106.0,492.0
2026-05-10T07:00,57.5,49.0,9.3,17.1,126.0,485.0
2026-05-10T08:00,59.4,48.4,7.6,18.4,146.0,470.0
2026-05-10T09:00,56.8,43.1,5.6,17.8,168.0,439.0
2026-05-10T10:00,58.3,41.8,3.5,16.3,191.0,400.0
2026-05-10T11:00,58.6,39.7,2.0,14.6,206.0,368.0
2026-05-10T12:00,60.1,37.7,1.4,12.9,208.0,350.0
2026-05-10T13:00,64.5,36.1,1.3,11.1,201.0,339.0
2026-05-10T14:00,67.5,34.9,1.6,9.8,194.0,333.0
2026-05-10T15:00,67.5,34.3,2.0,9.0,190.0,325.0
2026-05-10T16:00,65.9,34.0,2.7,8.7,184.0,321.0
2026-05-10T17:00,61.2,34.5,4.5,8.9,174.0,336.0
2026-05-10T18:00,57.9,39.3,8.3,10.2,154.0,390.0
2026-05-10T19:00,58.1,42.7,13.2,12.2,129.0,464.0
2026-05-10T20:00,58.3,43.3,16.4,13.4,111.0,513.0
2026-05-10T21:00,57.9,43.5,16.6,13.2,105.0,516.0
2026-05-10T22:00,56.1,42.1,15.1,12.4,105.0,495.0
2026-05-10T23:00,52.2,39.8,13.9,11.5,105.0,467.0
2026-05-11T00:00,48.2,38.1,13.5,10.7,102.0,431.0
2026-05-11T01:00,45.4,36.8,13.3,9.9,98.0,389.0
2026-05-11T02:00,43.0,35.6,13.3,9.5,94.0,368.0
2026-05-11T03:00,42.1,35.9,14.0,9.6,87.0,389.0
2026-05-11T04:00,43.7,37.7,14.9,10.2,79.0,432.0
2026-05-11T05:00,43.0,36.6,11.4,11.7,98.0,464.0
2026-05-11T06:00,43.4,37.5,10.3,12.5,110.0,476.0
2026-05-11T07:00,44.9,37.8,8.8,13.7,126.0,477.0
2026-05-11T08:00,46.3,36.3,7.1,14.0,142.0,467.0
2026-05-11T09:00,46.2,34.3,5.2,13.0,157.0,437.0
2026-05-11T10:00,44.0,31.7,3.2,11.2,172.0,395.0
2026-05-11T11:00,41.9,29.6,1.7,9.5,182.0,362.0
2026-05-11T12:00,42.1,28.6,1.1,8.2,183.0,346.0
2026-05-11T13:00,43.8,27.9,1.1,7.0,179.0,339.0
2026-05-11T14:00,46.0,27.6,1.5,6.2,174.0,333.0
2026-05-11T15:00,46.9,27.6,1.9,5.7,171.0,320.0
2026-05-11T16:00,46.9,27.8,2.8,5.5,168.0,308.0
2026-05-11T17:00,41.2,20.6,4.5,6.3,165.0,313.0
2026-05-11T18:00,39.7,25.7,10.6,8.7,143.0,351.0
2026-05-11T19:00,43.4,31.3,18.9,12.0,113.0,406.0
2026-05-11T20:00,47.1,36.3,24.9,14.3,90.0,451.0
2026-05-11T21:00,48.1,38.4,26.3,14.8,81.0,477.0
2026-05-11T22:00,47.3,38.3,25.2,14.3,79.0,492.0
2026-05-11T23:00,43.3,35.4,23.8,13.4,78.0,494.0
2026-05-12T00:00,39.7,32.5,22.3,12.1,77.0,471.0
2026-05-12T01:00,36.3,29.9,20.4,10.4,76.0,434.0
2026-05-12T02:00,33.2,27.6,18.9,9.0,77.0,413.0
2026-05-12T03:00,31.4,26.9,18.4,8.0,76.0,422.0
2026-05-12T04:00,30.3,26.0,18.4,7.3,76.0,446.0
2026-05-12T05:00,28.7,21.9,12.9,9.3,94.0,469.0
2026-05-12T06:00,35.5,30.0,11.9,12.4,108.0,491.0
2026-05-12T07:00,43.4,38.5,10.3,16.7,128.0,511.0
2026-05-12T08:00,51.5,46.1,8.6,19.5,149.0,514.0
2026-05-12T09:00,55.8,49.9,6.4,19.5,173.0,482.0
2026-05-12T10:00,57.3,50.8,4.0,18.0,198.0,433.0
2026-05-12T11:00,58.3,48.4,2.3,16.4,215.0,398.0
2026-05-12T12:00,68.0,46.8,1.5,14.9,218.0,395.0
2026-05-12T13:00,79.4,46.6,1.4,13.3,214.0,406.0
2026-05-12T14:00,90.6,46.7,1.8,12.1,207.0,416.0
2026-05-12T15:00,100.1,46.9,2.6,11.4,202.0,413.0
2026-05-12T16:00,105.0,47.4,4.0,11.1,195.0,409.0
2026-05-12T17:00,98.5,48.8,5.8,11.3,184.0,417.0
2026-05-12T18:00,85.9,52.7,8.7,12.2,166.0,454.0
2026-05-12T19:00,78.5,54.1,12.2,13.6,145.0,504.0
2026-05-12T20:00,72.6,53.6,14.3,14.4,129.0,536.0
2026-05-12T21:00,69.8,52.3,14.1,14.0,123.0,534.0
2026-05-12T22:00,66.6,50.5,12.6,13.0,123.0,514.0
2026-05-12T23:00,62.9,48.2,11.3,12.0,122.0,492.0
2026-05-13T00:00,59.1,46.2,10.8,11.2,118.0,468.0
2026-05-13T01:00,56.2,45.1,10.4,10.5,113.0,441.0
2026-05-13T02:00,53.8,44.1,10.3,10.2,108.0,425.0
2026-05-13T03:00,51.6,43.5,10.5,10.6,102.0,429.0
2026-05-13T04:00,50.3,43.9,11.0,11.4,96.0,444.0
2026-05-13T05:00,72.2,65.2,13.5,13.5,83.0,456.0
2026-05-13T06:00,78.7,70.1,12.2,15.4,94.0,460.0
2026-05-13T07:00,79.9,72.4,10.3,18.0,110.0,461.0
2026-05-13T08:00,79.9,71.5,8.3,19.5,129.0,456.0
2026-05-13T09:00,81.5,71.5,6.2,19.1,154.0,443.0
2026-05-13T10:00,83.8,71.0,4.0,17.8,181.0,425.0
2026-05-13T11:00,85.2,69.8,2.4,16.3,199.0,409.0
2026-05-13T12:00,90.6,68.0,1.5,14.9,203.0,397.0
2026-05-13T13:00,115.9,66.4,1.1,13.5,198.0,386.0
2026-05-13T14:00,149.5,66.1,1.8,12.4,189.0,379.0
2026-05-13T15:00,163.4,65.9,3.8,11.9,178.0,372.0
2026-05-13T16:00,164.8,66.1,6.7,11.7,164.0,369.0
2026-05-13T17:00,183.5,57.0,7.5,12.3,158.0,376.0
2026-05-13T18:00,176.0,67.8,16.2,14.0,133.0,403.0
2026-05-13T19:00,169.5,75.4,28.2,16.4,98.0,441.0
2026-05-13T20:00,158.8,75.9,37.1,18.1,71.0,468.0
2026-05-13T21:00,159.7,79.4,40.6,18.6,58.0,471.0
2026-05-13T22:00,159.3,82.4,41.0,18.3,53.0,463.0
2026-05-13T23:00,149.9,81.5,39.1,17.6,51.0,460.0
2026-05-14T00:00,134.6,75.0,33.8,16.1,54.0,471.0
2026-05-14T01:00,122.9,68.5,26.3,14.2,60.0,488.0
2026-05-14T02:00,112.2,63.6,20.4,12.9,65.0,497.0
2026-05-14T03:00,101.5,60.3,18.2,12.7,64.0,487.0
2026-05-14T04:00,88.7,58.4,17.6,13.0,62.0,471.0
2026-05-14T05:00,90.1,76.1,28.8,16.3,48.0,468.0
2026-05-14T06:00,103.8,75.7,24.5,16.6,67.0,499.0
2026-05-14T07:00,99.7,71.5,18.4,17.1,94.0,543.0
2026-05-14T08:00,96.4,65.2,13.0,17.5,122.0,568.0
2026-05-14T09:00,97.8,59.6,8.8,18.0,154.0,552.0
2026-05-14T10:00,114.3,58.9,5.3,18.4,187.0,516.0
2026-05-14T11:00,131.8,60.3,2.8,18.4,210.0,485.0
2026-05-14T12:00,144.8,60.8,1.5,17.5,218.0,472.0
2026-05-14T13:00,156.9,60.3,1.3,16.1,215.0,465.0
2026-05-14T14:00,170.9,60.3,1.9,14.9,208.0,455.0
2026-05-14T15:00,181.6,61.5,3.0,14.0,197.0,428.0
2026-05-14T16:00,183.5,61.9,5.0,13.4,181.0,397.0
2026-05-14T17:00,103.6,40.0,5.4,13.8,189.0,394.0
2026-05-14T18:00,86.6,45.3,10.2,14.9,166.0,437.0
2026-05-14T19:00,81.5,48.7,16.9,16.3,133.0,509.0
2026-05-14T20:00,77.8,48.5,21.9,17.3,107.0,584.0
2026-05-14T21:00,77.5,49.0,23.7,17.4,94.0,671.0
2026-05-14T22:00,78.5,49.9,23.7,17.0,87.0,762.0
2026-05-14T23:00,78.5,49.8,23.2,16.4,82.0,810.0
2026-05-15T00:00,78.7,49.8,22.2,15.4,78.0,783.0
2026-05-15T01:00,77.3,49.4,20.5,14.2,77.0,713.0
2026-05-15T02:00,75.4,48.3,19.3,13.2,75.0,647.0
2026-05-15T03:00,73.1,47.5,19.1,12.6,71.0,596.0
2026-05-15T04:00,71.7,47.8,19.3,12.3,67.0,549.0
2026-05-15T05:00,63.6,47.4,20.6,12.0,62.0,515.0
2026-05-15T06:00,63.3,50.5,18.9,13.2,72.0,504.0
2026-05-15T07:00,68.5,53.1,16.5,14.9,87.0,507.0
2026-05-15T08:00,69.2,52.4,13.6,16.1,106.0,506.0
2026-05-15T09:00,70.3,47.3,9.7,16.4,135.0,499.0
2026-05-15T10:00,86.6,45.1,5.4,16.1,168.0,487.0
2026-05-15T11:00,115.5,46.1,2.2,15.6,191.0,463.0
2026-05-15T12:00,130.4,47.0,1.0,14.7,196.0,412.0
2026-05-15T13:00,137.4,46.9,0.9,13.5,191.0,347.0
2026-05-15T14:00,136.4,46.1,1.5,12.4,182.0,301.0
2026-05-15T15:00,135.0,45.2,2.2,11.1,170.0,283.0
2026-05-15T16:00,134.1,44.6,3.5,9.8,154.0,283.0
2026-05-15T17:00,107.1,42.8,7.0,9.0,134.0,306.0
2026-05-15T18:00,100.6,45.2,14.3,11.6,117.0,363.0
2026-05-15T19:00,108.3,51.6,24.7,15.1,93.0,442.0
2026-05-15T20:00,115.3,57.5,33.8,18.2,73.0,513.0
2026-05-15T21:00,125.3,63.1,40.1,20.3,60.0,570.0
2026-05-15T22:00,137.4,68.9,45.3,22.0,51.0,619.0
2026-05-15T23:00,149.5,73.1,49.9,22.9,42.0,644.0
2026-05-16T00:00,160.2,75.7,54.2,22.6,33.0,626.0
2026-05-16T01:00,168.6,77.3,58.1,21.6,25.0,584.0
2026-05-16T02:00,175.6,78.9,61.4,21.1,19.0,559.0
2026-05-16T03:00,181.1,80.6,66.1,21.6,10.0,581.0
2026-05-16T04:00,187.2,83.4,70.3,22.5,3.0,622.0
2026-05-16T05:00,140.6,68.0,48.5,14.5,21.0,632.0
2026-05-16T06:00,123.4,64.7,39.2,15.8,48.0,586.0
2026-05-16T07:00,119.2,60.5,26.2,17.6,87.0,510.0
2026-05-16T08:00,143.0,57.3,15.4,18.8,122.0,439.0
2026-05-16T09:00,143.4,52.7,9.0,19.1,151.0,384.0
2026-05-16T10:00,152.3,52.2,4.7,18.9,177.0,334.0
2026-05-16T11:00,180.2,56.0,1.9,18.1,192.0,295.0
2026-05-16T12:00,230.0,62.2,0.5,16.3,192.0,270.0
2026-05-16T13:00,255.2,63.8,0.5,13.9,182.0,256.0
2026-05-16T14:00,243.1,60.5,1.3,11.9,169.0,248.0
2026-05-16T15:00,225.8,57.0,2.5,10.5,156.0,245.0
2026-05-16T16:00,197.4,53.6,4.5,9.4,141.0,249.0
2026-05-16T17:00,125.7,39.6,8.1,9.4,125.0,255.0
2026-05-16T18:00,125.7,43.8,13.6,10.7,109.0,263.0
2026-05-16T19:00,131.8,48.8,21.3,12.5,88.0,275.0
2026-05-16T20:00,140.6,52.6,28.4,14.0,69.0,291.0
2026-05-16T21:00,156.5,57.4,33.9,14.9,57.0,318.0
2026-05-16T22:00,173.2,62.2,38.7,15.4,49.0,350.0
2026-05-16T23:00,183.9,63.3,42.7,15.5,41.0,371.0
2026-05-17T00:00,191.9,63.8,46.0,15.1,33.0,372.0
2026-05-17T01:00,196.0,65.0,48.3,14.2,27.0,362.0
2026-05-17T02:00,192.3,65.9,49.0,13.5,23.0,357.0
2026-05-17T03:00,178.3,65.4,47.9,12.9,19.0,365.0
2026-05-17T04:00,158.8,63.8,45.0,12.4,18.0,378.0
2026-05-17T05:00,171.4,60.8,32.4,10.9,32.0,386.0
2026-05-17T06:00,170.9,62.4,26.3,11.6,56.0,389.0
2026-05-17T07:00,181.1,65.2,17.9,12.5,89.0,388.0
2026-05-17T08:00,314.8,78.0,10.8,13.2,119.0,374.0
2026-05-17T09:00,425.6,89.4,6.6,13.6,144.0,336.0
2026-05-17T10:00,324.1,75.4,3.8,13.7,166.0,284.0
2026-05-17T11:00,206.3,56.8,1.9,13.3,178.0,247.0
2026-05-17T12:00,156.5,47.5,0.9,11.8,175.0,237.0
2026-05-17T13:00,148.5,45.1,0.8,9.7,163.0,240.0
2026-05-17T14:00,170.0,47.4,1.1,8.2,151.0,244.0
2026-05-17T15:00,211.9,53.2,1.7,7.9,144.0,245.0
2026-05-17T16:00,255.2,60.5,2.8,8.1,139.0,246.0
2026-05-17T17:00,176.0,48.5,5.1,7.8,125.0,249.0
2026-05-17T18:00,183.0,54.4,9.0,9.1,112.0,253.0
2026-05-17T19:00,206.8,61.9,14.5,11.0,93.0,259.0
2026-05-17T20:00,231.4,68.9,19.3,12.4,77.0,267.0
2026-05-17T21:00,256.1,76.1,22.8,13.0,66.0,281.0
2026-05-17T22:00,272.9,82.0,25.8,13.0,56.0,298.0
2026-05-17T23:00,282.2,84.8,27.7,12.8,49.0,309.0
2026-05-18T00:00,282.2,85.9,28.2,12.1,43.0,308.0
2026-05-18T01:00,274.7,85.7,27.8,11.1,39.0,302.0
2026-05-18T02:00,264.5,84.8,27.5,10.3,36.0,299.0
2026-05-18T03:00,257.0,83.4,28.4,9.9,29.0,302.0
2026-05-18T04:00,251.5,82.2,29.6,9.7,23.0,308.0
2026-05-18T05:00,240.3,77.1,23.3,9.1,35.0,318.0
2026-05-18T06:00,217.0,75.4,20.6,9.9,52.0,337.0
2026-05-18T07:00,190.5,72.6,16.7,11.0,77.0,359.0
2026-05-18T08:00,253.3,74.5,12.9,12.0,104.0,367.0
2026-05-18T09:00,352.0,84.3,9.2,12.9,137.0,348.0
2026-05-18T10:00,493.6,103.6,5.6,13.7,174.0,314.0
2026-05-18T11:00,555.1,114.1,2.9,13.9,197.0,285.0
2026-05-18T12:00,558.8,115.0,1.6,13.1,199.0,264.0
2026-05-18T13:00,530.9,110.4,1.2,11.8,188.0,247.0
2026-05-18T14:00,453.6,97.6,1.5,10.8,176.0,241.0
2026-05-18T15:00,356.7,83.1,2.4,10.3,166.0,248.0
2026-05-18T16:00,287.8,74.0,4.0,10.1,154.0,266.0
2026-05-18T17:00,209.1,56.1,7.0,10.3,141.0,294.0
2026-05-18T18:00,200.2,59.5,13.3,12.4,124.0,337.0
2026-05-18T19:00,217.0,67.3,22.4,15.5,99.0,391.0
2026-05-18T20:00,237.0,75.2,31.9,18.5,77.0,437.0
2026-05-18T21:00,263.6,84.1,41.8,21.6,60.0,473.0
2026-05-18T22:00,292.4,93.4,52.0,24.6,44.0,503.0
2026-05-18T23:00,318.5,101.7,60.2,26.2,31.0,517.0
2026-05-19T00:00,328.8,107.3,66.0,25.6,20.0,508.0
2026-05-19T01:00,322.2,109.7,69.8,23.5,11.0,483.0
2026-05-19T02:00,309.2,109.2,70.0,21.5,6.0,461.0
2026-05-19T03:00,285.9,106.6,65.4,19.7,5.0,444.0
2026-05-19T04:00,247.7,99.2,57.3,17.9,8.0,428.0
2026-05-19T05:00,210.9,88.7,47.2,16.8,23.0,423.0
2026-05-19T06:00,176.0,83.1,38.5,16.9,50.0,440.0
2026-05-19T07:00,149.0,75.9,26.4,16.9,89.0,467.0
2026-05-19T08:00,146.7,70.5,16.3,16.9,127.0,479.0
2026-05-19T09:00,149.9,67.5,10.1,16.8,163.0,462.0
2026-05-19T10:00,172.3,67.3,5.8,16.6,197.0,430.0
2026-05-19T11:00,208.2,68.2,2.9,16.1,219.0,401.0
2026-05-19T12:00,264.5,74.3,1.4,15.2,222.0,381.0
2026-05-19T13:00,310.1,78.0,1.3,14.0,214.0,364.0
2026-05-19T14:00,303.6,74.0,1.8,12.8,202.0,354.0
2026-05-19T15:00,257.0,65.7,2.0,11.3,190.0,355.0
2026-05-19T16:00,221.7,61.9,2.9,9.7,176.0,362.0
2026-05-19T17:00,146.7,45.5,6.3,13.2,185.0,367.0
2026-05-19T18:00,134.1,50.8,13.2,15.0,159.0,367.0
2026-05-19T19:00,127.1,57.0,22.7,17.4,123.0,364.0
2026-05-19T20:00,118.0,58.8,29.2,19.0,95.0,359.0
2026-05-19T21:00,111.3,59.0,29.8,19.0,84.0,351.0
2026-05-19T22:00,105.0,57.6,27.5,18.2,81.0,340.0
2026-05-19T23:00,98.5,54.9,25.2,17.2,78.0,331.0
2026-05-20T00:00,92.7,52.6,23.7,16.0,74.0,303.0
2026-05-20T01:00,87.8,50.8,22.2,14.7,70.0,277.0
2026-05-20T02:00,83.4,49.5,21.7,13.7,65.0,311.0
2026-05-20T03:00,79.6,49.1,23.6,13.3,55.0,476.0
2026-05-20T04:00,78.2,50.8,26.6,13.3,44.0,701.0
2026-05-20T05:00,62.9,49.4,24.1,13.8,52.0,839.0
2026-05-20T06:00,66.4,53.0,20.5,15.1,73.0,809.0
2026-05-20T07:00,73.8,52.6,15.5,17.0,104.0,691.0
2026-05-20T08:00,84.8,52.7,11.0,18.0,134.0,578.0
2026-05-20T09:00,103.8,53.7,7.5,17.7,166.0,501.0
2026-05-20T10:00,140.6,58.1,4.6,16.7,198.0,428.0
2026-05-20T11:00,191.9,62.6,2.5,15.3,215.0,365.0
2026-05-20T12:00,270.1,70.8,1.4,13.2,207.0,309.0
2026-05-20T13:00,271.9,65.4,1.1,10.7,185.0,261.0
2026-05-20T14:00,212.8,53.6,1.5,8.9,166.0,231.0
2026-05-20T15:00,173.2,46.3,2.7,8.3,157.0,228.0
2026-05-20T16:00,154.6,44.4,4.5,8.5,151.0,242.0
2026-05-20T17:00,119.7,41.2,7.9,8.2,138.0,258.0
2026-05-20T18:00,115.9,45.1,14.0,10.5,124.0,266.0
2026-05-20T19:00,119.2,51.9,22.6,13.8,104.0,276.0
2026-05-20T20:00,127.6,59.8,30.9,17.1,87.0,294.0
2026-05-20T21:00,141.6,68.5,38.9,20.6,75.0,335.0
2026-05-20T22:00,158.8,76.4,46.5,24.1,66.0,385.0
2026-05-20T23:00,175.1,81.7,50.9,25.7,59.0,411.0
2026-05-21T00:00,188.6,85.7,49.9,24.1,54.0,389.0
2026-05-21T01:00,179.3,82.2,45.6,20.6,51.0,343.0
2026-05-21T02:00,176.0,74.5,42.1,17.7,47.0,315.0
2026-05-21T03:00,191.4,73.6,41.7,16.2,38.0,329.0
2026-05-21T04:00,209.1,77.3,42.1,15.2,29.0,361.0
2026-05-21T05:00,272.9,82.4,33.5,13.1,43.0,375.0
2026-05-21T06:00,274.7,89.4,27.6,13.0,62.0,354.0
2026-05-21T07:00,281.3,89.6,19.4,12.8,89.0,317.0
2026-05-21T08:00,384.6,94.3,12.4,12.1,111.0,280.0
2026-05-21T09:00,391.2,91.0,7.8,10.5,125.0,249.0
2026-05-21T10:00,367.9,85.0,4.4,8.3,134.0,218.0
2026-05-21T11:00,370.7,84.1,2.1,6.9,141.0,194.0
2026-05-21T12:00,387.4,86.4,1.0,6.8,145.0,179.0
2026-05-21T13:00,410.7,89.9,0.9,7.4,147.0,169.0
2026-05-21T14:00,438.7,93.6,1.5,7.8,146.0,166.0
2026-05-21T15:00,488.0,101.3,2.1,7.5,143.0,168.0
2026-05-21T16:00,504.8,107.6,3.2,7.1,138.0,175.0
2026-05-21T17:00,285.0,63.6,7.4,6.2,118.0,188.0
2026-05-21T18:00,318.5,73.1,16.2,9.4,102.0,210.0
2026-05-21T19:00,363.2,85.0,28.4,13.7,79.0,237.0
2026-05-21T20:00,399.5,95.2,37.7,16.8,60.0,262.0
2026-05-21T21:00,428.4,103.4,41.6,17.5,48.0,278.0
2026-05-21T22:00,428.4,105.9,42.5,16.9,40.0,292.0
2026-05-21T23:00,393.9,99.2,42.0,16.0,35.0,313.0
2026-05-22T00:00,362.3,89.6,39.6,14.8,34.0,353.0
2026-05-22T01:00,306.4,80.3,35.7,13.3,35.0,401.0
2026-05-22T02:00,250.5,72.6,32.8,12.1,36.0,429.0
2026-05-22T03:00,221.7,69.6,32.9,11.6,32.0,416.0
2026-05-22T04:00,214.7,71.5,34.1,11.4,28.0,383.0
2026-05-22T05:00,208.2,85.7,34.0,14.4,49.0,370.0
2026-05-22T06:00,167.6,84.3,28.1,14.8,70.0,406.0
2026-05-22T07:00,134.6,78.5,19.9,15.4,100.0,462.0
2026-05-22T08:00,133.2,74.0,13.0,15.6,130.0,489.0
2026-05-22T09:00,181.1,76.8,8.6,15.1,159.0,462.0
2026-05-22T10:00,244.9,80.1,5.5,14.2,188.0,406.0
2026-05-22T11:00,288.7,84.5,3.3,13.2,206.0,351.0
2026-05-22T12:00,288.7,83.4,1.9,12.2,207.0,300.0
2026-05-22T13:00,250.5,74.0,1.5,11.2,198.0,249.0
2026-05-22T14:00,207.2,61.7,1.8,10.2,186.0,214.0
2026-05-22T15:00,198.4,56.1,2.5,9.2,173.0,203.0
2026-05-22T16:00,210.5,57.3,4.0,8.3,158.0,207.0
2026-05-22T17:00,148.1,46.3,7.4,9.5,151.0,214.0
2026-05-22T18:00,167.2,55.4,16.4,13.1,135.0,219.0
2026-05-22T19:00,192.3,67.5,29.1,18.2,113.0,226.0
2026-05-22T20:00,216.1,79.2,40.6,22.2,91.0,236.0
2026-05-22T21:00,236.6,90.3,50.6,24.5,70.0,250.0
2026-05-22T22:00,250.5,99.4,59.4,25.8,51.0,267.0
2026-05-22T23:00,250.5,100.4,63.0,25.5,37.0,280.0
2026-05-23T00:00,237.5,93.8,58.0,22.5,34.0,287.0
2026-05-23T01:00,235.2,87.5,47.8,18.0,38.0,291.0
2026-05-23T02:00,237.5,84.1,39.0,14.2,40.0,292.0
2026-05-23T03:00,242.1,82.7,34.1,12.0,34.0,284.0
2026-05-23T04:00,266.4,85.9,30.5,10.6,27.0,272.0
2026-05-23T05:00,247.7,92.7,57.5,18.1,15.0,274.0
2026-05-23T06:00,261.7,93.1,48.2,17.1,40.0,307.0
2026-05-23T07:00,263.6,95.7,35.2,15.8,77.0,353.0
2026-05-23T08:00,335.3,105.7,23.6,14.9,113.0,376.0
2026-05-23T09:00,362.3,110.8,15.1,15.4,152.0,358.0
2026-05-23T10:00,338.1,105.2,8.1,16.3,191.0,317.0
2026-05-23T11:00,240.3,78.7,3.1,16.1,212.0,276.0
2026-05-23T12:00,156.5,50.4,0.9,13.4,201.0,239.0
2026-05-23T13:00,149.0,42.7,0.8,9.6,171.0,203.0
2026-05-23T14:00,168.1,42.0,1.3,6.9,147.0,179.0
2026-05-23T15:00,226.8,49.0,2.0,6.2,139.0,171.0
2026-05-23T16:00,277.5,57.4,3.5,6.7,136.0,174.0
2026-05-23T17:00,279.4,56.0,4.7,6.6,131.0,191.0
2026-05-23T18:00,303.6,65.4,7.4,7.6,122.0,228.0
2026-05-23T19:00,321.3,73.1,11.0,8.9,109.0,278.0
2026-05-23T20:00,341.8,79.4,14.0,10.0,98.0,320.0
2026-05-23T21:00,355.8,83.6,15.4,10.5,92.0,350.0
2026-05-23T22:00,353.9,84.8,16.0,10.8,89.0,373.0
2026-05-23T23:00,339.9,83.4,16.8,10.8,85.0,382.0
2026-05-24T00:00,330.6,82.4,18.1,10.5,79.0,370.0
2026-05-24T01:00,323.2,82.9,19.5,10.0,71.0,345.0
2026-05-24T02:00,310.1,83.6,20.6,9.6,65.0,323.0
2026-05-24T03:00,304.5,85.2,21.7,9.4,57.0,312.0
2026-05-24T04:00,304.5,88.5,22.6,9.3,51.0,305.0
2026-05-24T05:00,388.4,104.8,18.9,10.0,58.0,299.0
2026-05-24T06:00,388.4,110.6,16.4,11.0,72.0,298.0
2026-05-24T07:00,372.5,114.1,12.9,12.4,91.0,298.0
2026-05-24T08:00,493.6,125.3,9.5,13.0,110.0,291.0
2026-05-24T09:00,540.2,127.6,6.5,12.2,129.0,268.0
2026-05-24T10:00,474.0,110.8,3.6,10.5,148.0,237.0
2026-05-24T11:00,259.8,65.0,1.6,9.1,161.0,214.0
2026-05-24T12:00,165.3,45.3,0.8,8.1,164.0,206.0
2026-05-24T13:00,161.1,43.4,0.7,7.2,161.0,206.0
2026-05-24T14:00,195.6,47.0,1.1,6.7,157.0,208.0
2026-05-24T15:00,265.4,55.9,1.5,6.8,155.0,206.0
2026-05-24T16:00,332.5,66.4,2.4,7.2,152.0,205.0
2026-05-24T17:00,335.3,66.8,4.0,7.9,148.0,214.0
2026-05-24T18:00,312.9,69.4,8.1,9.3,134.0,240.0
2026-05-24T19:00,327.8,75.4,14.1,11.4,115.0,277.0
2026-05-24T20:00,363.2,83.6,21.3,13.9,96.0,309.0
2026-05-24T21:00,389.3,92.2,30.6,17.2,80.0,334.0
2026-05-24T22:00,413.5,102.2,41.0,20.8,64.0,355.0
2026-05-24T23:00,429.3,110.6,49.0,23.0,51.0,369.0
2026-05-25T00:00,433.1,114.8,53.2,22.7,40.0,374.0
2026-05-25T01:00,432.1,117.1,55.1,21.0,32.0,371.0
2026-05-25T02:00,430.3,117.3,55.3,19.4,27.0,361.0
2026-05-25T03:00,452.6,118.5,54.4,18.5,22.0,339.0
2026-05-25T04:00,458.2,118.3,52.0,17.6,21.0,310.0
2026-05-25T05:00,508.5,130.4,59.0,21.1,23.0,286.0
2026-05-25T06:00,449.8,126.2,48.0,20.1,53.0,275.0
2026-05-25T07:00,366.9,113.6,32.6,18.7,94.0,268.0
2026-05-25T08:00,437.7,108.0,19.6,16.6,126.0,255.0
2026-05-25T09:00,478.7,103.1,11.5,13.3,140.0,226.0
2026-05-25T10:00,474.0,96.6,5.9,9.4,144.0,191.0
2026-05-25T11:00,478.7,98.0,2.1,6.6,146.0,165.0
2026-05-25T12:00,504.8,105.2,0.5,5.7,147.0,158.0
2026-05-25T13:00,536.4,112.5,0.7,5.8,145.0,161.0
2026-05-25T14:00,566.2,118.3,1.5,5.9,141.0,165.0
2026-05-25T15:00,603.5,124.3,1.7,5.4,136.0,165.0
2026-05-25T16:00,637.0,129.9,2.4,5.0,129.0,167.0
2026-05-25T17:00,527.1,118.3,5.5,6.2,125.0,176.0
2026-05-25T18:00,488.0,122.5,13.2,8.9,110.0,198.0
2026-05-25T19:00,521.5,132.2,23.9,12.7,90.0,228.0
2026-05-25T20:00,540.2,141.1,33.6,15.9,71.0,259.0
2026-05-25T21:00,545.8,148.5,41.3,18.2,56.0,292.0
2026-05-25T22:00,525.3,152.3,47.9,20.0,43.0,326.0
2026-05-25T23:00,482.4,149.0,51.8,20.7,34.0,346.0
2026-05-26T00:00,462.9,144.8,52.1,19.6,29.0,336.0
2026-05-26T01:00,446.1,140.6,49.7,17.5,27.0,313.0
2026-05-26T02:00,391.2,130.4,46.1,15.7,28.0,314.0
2026-05-26T03:00,330.6,118.0,41.5,14.7,31.0,367.0
2026-05-26T04:00,259.8,104.3,35.7,14.1,37.0,444.0
2026-05-26T05:00,300.8,99.2,30.3,12.6,50.0,500.0
2026-05-26T06:00,228.6,90.8,25.3,13.2,69.0,522.0
2026-05-26T07:00,201.6,86.4,18.3,14.1,97.0,523.0
2026-05-26T08:00,203.5,82.0,12.3,14.4,123.0,502.0
2026-05-26T09:00,226.3,78.7,8.2,13.8,147.0,447.0
2026-05-26T10:00,277.5,82.0,5.0,12.7,170.0,371.0
2026-05-26T11:00,337.1,89.9,2.8,11.4,185.0,306.0
2026-05-26T12:00,369.7,92.4,1.6,9.9,189.0,262.0
2026-05-26T13:00,271.9,71.7,1.3,8.2,186.0,230.0
2026-05-26T14:00,197.9,57.3,1.5,7.1,182.0,215.0
2026-05-26T15:00,204.4,55.3,2.1,7.0,180.0,218.0
2026-05-26T16:00,219.3,54.0,3.3,7.5,177.0,238.0
2026-05-26T17:00,209.1,52.3,5.3,7.7,163.0,275.0
2026-05-26T18:00,184.9,54.2,11.9,10.3,145.0,344.0
2026-05-26T19:00,194.6,61.7,21.3,13.9,121.0,430.0
2026-05-26T20:00,202.6,68.7,30.0,17.3,99.0,489.0
2026-05-26T21:00,212.3,73.1,37.8,20.4,84.0,497.0
2026-05-26T22:00,222.6,77.5,44.9,23.3,72.0,478.0
2026-05-26T23:00,225.8,82.7,48.9,24.5,63.0,456.0
2026-05-27T00:00,215.1,82.2,48.4,22.9,56.0,432.0
2026-05-27T01:00,186.7,75.0,44.8,19.7,53.0,405.0
2026-05-27T02:00,150.9,63.6,39.6,17.0,54.0,403.0
2026-05-27T03:00,113.4,53.6,32.3,15.5,61.0,449.0
2026-05-27T04:00,70.8,41.6,23.4,14.5,73.0,518.0
2026-05-27T05:00,91.7,51.1,32.3,12.8,46.0,565.0
2026-05-27T06:00,69.8,43.4,26.8,13.4,66.0,567.0
2026-05-27T07:00,51.7,37.3,19.1,14.3,94.0,547.0
2026-05-27T08:00,49.6,35.6,12.6,14.8,124.0,522.0
2026-05-27T09:00,62.2,37.3,8.4,14.8,157.0,503.0
2026-05-27T10:00,87.8,39.8,5.3,14.4,191.0,480.0
2026-05-27T11:00,115.7,43.5,3.1,13.8,214.0,444.0
2026-05-27T12:00,130.4,44.2,2.0,12.9,220.0,381.0
2026-05-27T13:00,143.4,45.5,1.8,11.8,215.0,305.0
2026-05-27T14:00,170.4,48.7,2.0,10.8,208.0,254.0
2026-05-27T15:00,209.1,52.4,2.3,9.7,201.0,242.0
2026-05-27T16:00,232.4,54.2,3.1,8.8,192.0,255.0
2026-05-27T17:00,142.0,32.5,4.1,10.7,173.0,284.0
2026-05-27T18:00,113.9,32.4,6.5,11.6,159.0,338.0
2026-05-27T19:00,93.6,32.6,9.9,12.9,140.0,408.0
2026-05-27T20:00,86.4,32.6,12.0,13.8,127.0,458.0
2026-05-27T21:00,79.9,32.5,11.9,13.9,125.0,470.0
2026-05-27T22:00,69.6,30.5,10.5,13.7,129.0,463.0
2026-05-27T23:00,59.0,28.9,9.3,13.4,132.0,450.0
2026-05-28T00:00,50.6,28.3,8.5,13.3,133.0,434.0
2026-05-28T01:00,42.4,26.7,7.7,13.2,133.0,413.0
2026-05-28T02:00,36.4,24.8,7.3,13.1,131.0,397.0
2026-05-28T03:00,33.6,24.2,7.6,13.2,123.0,390.0
2026-05-28T04:00,34.3,24.9,8.2,13.3,111.0,388.0
2026-05-28T05:00,35.3,25.3,8.4,13.4,106.0,388.0
2026-05-28T06:00,36.1,27.5,8.0,13.4,107.0,389.0
2026-05-28T07:00,39.9,30.3,7.4,13.5,110.0,391.0
2026-05-28T08:00,46.7,33.8,6.5,13.5,118.0,391.0
2026-05-28T09:00,53.9,37.3,5.1,13.5,137.0,387.0
2026-05-28T10:00,61.2,39.9,3.4,13.6,161.0,382.0
2026-05-28T11:00,67.3,41.7,2.2,13.5,180.0,376.0
2026-05-28T12:00,75.0,42.6,1.7,13.2,188.0,371.0
2026-05-28T13:00,82.4,43.1,1.6,12.8,189.0,365.0
2026-05-28T14:00,87.5,43.5,1.8,12.5,189.0,360.0
2026-05-28T15:00,91.7,44.0,2.0,12.3,189.0,354.0
2026-05-28T16:00,94.5,44.5,2.4,12.1,187.0,348.0
2026-05-28T17:00,46.3,15.1,3.3,11.4,172.0,347.0
2026-05-28T18:00,42.3,16.5,5.5,12.2,160.0,358.0
2026-05-28T19:00,38.2,19.8,8.4,13.2,144.0,375.0
2026-05-28T20:00,38.6,20.0,10.3,13.9,133.0,384.0
2026-05-28T21:00,39.8,20.5,10.0,13.8,131.0,376.0
2026-05-28T22:00,39.8,21.7,8.6,13.4,135.0,361.0
2026-05-28T23:00,39.3,23.5,7.4,13.1,137.0,347.0
2026-05-29T00:00,39.1,25.8,6.8,13.1,137.0,339.0
2026-05-29T01:00,40.4,28.4,6.4,13.1,136.0,332.0
2026-05-29T02:00,43.1,30.6,6.3,13.1,133.0,328.0
2026-05-29T03:00,44.7,32.4,6.6,13.0,126.0,324.0
2026-05-29T04:00,47.4,33.8,7.1,12.8,118.0,322.0
2026-05-29T05:00,44.1,33.8,8.1,13.5,115.0,329.0
2026-05-29T06:00,49.1,35.5,7.5,13.1,119.0,353.0
2026-05-29T07:00,50.2,36.9,6.6,12.5,125.0,386.0
2026-05-29T08:00,51.0,38.8,5.6,12.1,135.0,404.0
2026-05-29T09:00,53.8,40.4,4.4,12.0,151.0,394.0
2026-05-29T10:00,57.9,40.9,3.1,12.1,171.0,369.0
2026-05-29T11:00,66.4,40.5,2.2,11.9,185.0,346.0
2026-05-29T12:00,77.5,39.7,1.8,11.1,188.0,329.0
2026-05-29T13:00,86.4,38.6,1.7,10.0,184.0,314.0
2026-05-29T14:00,90.1,38.3,1.8,9.1,180.0,304.0
2026-05-29T15:00,82.7,36.8,2.2,8.6,178.0,302.0
2026-05-29T16:00,74.7,35.9,2.8,8.3,174.0,306.0
2026-05-29T17:00,48.9,22.9,3.4,8.1,168.0,313.0
2026-05-29T18:00,41.4,23.3,5.4,8.9,158.0,323.0
2026-05-29T19:00,38.4,25.6,8.1,9.9,145.0,337.0
2026-05-29T20:00,35.7,26.4,10.0,10.4,134.0,349.0
2026-05-29T21:00,36.6,26.3,10.2,10.0,128.0,360.0
2026-05-29T22:00,35.5,25.0,9.7,9.0,124.0,370.0
2026-05-29T23:00,32.5,23.0,9.3,8.1,120.0,375.0
2026-05-30T00:00,28.6,21.4,9.5,7.4,113.0,369.0
2026-05-30T01:00,24.5,20.8,10.0,6.8,105.0,359.0
2026-05-30T02:00,24.4,20.7,10.2,6.3,99.0,353.0
2026-05-30T03:00,22.9,19.9,10.2,6.1,96.0,358.0
2026-05-30T04:00,22.6,19.8,10.0,6.1,96.0,368.0
2026-05-30T05:00,21.7,20.3,12.7,8.0,84.0,379.0
2026-05-30T06:00,25.4,21.5,11.2,8.1,95.0,396.0
2026-05-30T07:00,26.5,21.3,9.1,8.1,111.0,415.0
2026-05-30T08:00,24.2,20.5,7.0,8.0,128.0,416.0
2026-05-30T09:00,25.8,20.1,5.1,7.7,147.0,384.0
2026-05-30T10:00,26.8,20.1,3.2,7.2,168.0,335.0
2026-05-30T11:00,30.3,20.8,1.9,6.6,180.0,296.0
2026-05-30T12:00,32.8,21.1,1.4,5.7,178.0,278.0
2026-05-30T13:00,36.3,21.5,1.4,4.8,168.0,271.0
2026-05-30T14:00,40.3,22.0,1.6,4.0,158.0,271.0
2026-05-30T15:00,41.2,22.4,1.9,3.5,153.0,278.0
2026-05-30T16:00,38.5,21.3,2.4,3.3,148.0,293.0
2026-05-30T17:00,28.5,20.1,3.3,3.3,138.0,310.0
2026-05-30T18:00,28.7,20.3,5.2,4.1,130.0,332.0
2026-05-30T19:00,29.2,22.1,7.8,5.3,118.0,357.0
2026-05-30T20:00,30.3,22.9,10.2,6.2,107.0,374.0
2026-05-30T21:00,30.3,22.9,12.0,6.7,98.0,379.0
2026-05-30T22:00,28.9,22.9,13.6,6.9,89.0,376.0
2026-05-30T23:00,27.4,23.1,14.5,7.0,83.0,371.0
2026-05-31T00:00,26.9,22.6,14.3,6.9,80.0,366.0
2026-05-31T01:00,27.8,21.8,13.3,6.7,79.0,359.0
2026-05-31T02:00,26.8,21.5,12.9,6.7,78.0,349.0
2026-05-31T03:00,25.3,21.8,13.8,6.9,73.0,334.0
2026-05-31T04:00,25.7,22.8,15.2,7.2,67.0,317.0
2026-05-31T05:00,24.9,21.7,11.5,6.4,89.0,307.0
2026-05-31T06:00,25.7,22.1,9.9,7.4,102.0,312.0
2026-05-31T07:00,28.1,23.7,7.7,8.8,121.0,323.0
2026-05-31T08:00,32.8,27.2,5.7,9.5,138.0,329.0
2026-05-31T09:00,39.0,30.7,4.0,9.1,152.0,322.0
2026-05-31T10:00,41.4,30.4,2.5,8.2,165.0,309.0
2026-05-31T11:00,40.6,28.6,1.5,7.2,173.0,298.0
2026-05-31T12:00,43.7,27.1,1.1,6.4,173.0,290.0
2026-05-31T13:00,50.5,25.7,1.1,5.6,168.0,284.0
2026-05-31T14:00,57.4,23.9,1.3,5.0,163.0,282.0
2026-05-31T15:00,59.1,22.4,1.2,4.5,160.0,282.0
2026-05-31T16:00,58.7,21.8,1.4,4.2,156.0,285.0
2026-05-31T17:00,68.0,26.0,3.1,3.9,140.0,297.0
2026-05-31T18:00,58.8,29.3,8.7,5.6,122.0,322.0
2026-05-31T19:00,62.9,34.8,16.4,8.0,97.0,356.0
2026-05-31T20:00,64.7,39.3,22.8,9.8,77.0,388.0
2026-05-31T21:00,65.9,42.6,26.3,10.5,66.0,419.0
2026-05-31T22:00,65.0,44.7,28.3,10.6,59.0,448.0
2026-05-31T23:00,61.2,44.7,29.8,10.5,53.0,464.0
2026-06-01T00:00,59.6,45.3,31.0,10.2,47.0,458.0
2026-06-01T01:00,59.8,47.0,31.6,9.7,41.0,439.0
2026-06-01T02:00,59.1,48.2,31.8,9.4,38.0,425.0
2026-06-01T03:00,57.5,48.0,31.9,9.2,34.0,422.0
2026-06-01T04:00,56.2,47.6,31.6,9.2,33.0,424.0
2026-06-01T05:00,56.1,41.0,24.0,8.4,61.0,428.0
2026-06-01T06:00,57.5,41.2,20.1,8.7,77.0,438.0
2026-06-01T07:00,61.9,38.8,14.6,9.0,100.0,450.0
2026-06-01T08:00,61.2,33.2,9.9,8.8,120.0,444.0
2026-06-01T09:00,56.0,29.6,6.6,7.6,134.0,403.0
2026-06-01T10:00,47.1,25.4,4.0,5.9,145.0,344.0
2026-06-01T11:00,46.0,23.6,2.2,4.6,152.0,297.0
2026-06-01T12:00,45.1,22.5,1.4,3.9,153.0,274.0
2026-06-01T13:00,44.2,21.2,1.3,3.6,150.0,264.0
2026-06-01T14:00,42.0,20.5,1.5,3.5,147.0,259.0
2026-06-01T15:00,42.0,20.3,0.8,3.3,147.0,253.0
2026-06-01T16:00,42.8,20.3,0.4,3.2,148.0,254.0
2026-06-01T17:00,101.5,45.8,4.0,5.1,143.0,273.0
2026-06-01T18:00,87.3,53.6,13.4,8.3,119.0,325.0
2026-06-01T19:00,93.6,61.7,26.4,12.9,86.0,396.0
2026-06-01T20:00,100.1,68.7,36.6,16.5,61.0,458.0
2026-06-01T21:00,106.6,74.7,41.4,18.6,51.0,501.0
2026-06-01T22:00,110.6,78.5,43.4,19.8,50.0,536.0
2026-06-01T23:00,111.5,79.2,43.7,20.0,49.0,561.0
2026-06-02T00:00,109.0,77.3,42.2,18.7,48.0,580.0
2026-06-02T01:00,106.4,76.1,39.0,16.4,48.0,589.0
2026-06-02T02:00,100.8,72.6,35.9,14.1,48.0,585.0
2026-06-02T03:00,97.8,68.5,33.8,12.0,46.0,557.0
2026-06-02T04:00,88.7,65.7,31.9,9.9,44.0,516.0
2026-06-02T05:00,72.2,52.0,28.0,9.3,46.0,482.0
2026-06-02T06:00,72.2,56.0,25.3,10.5,60.0,470.0
2026-06-02T07:00,77.5,54.9,21.5,12.0,80.0,466.0
2026-06-02T08:00,83.6,52.3,17.2,12.7,102.0,450.0
2026-06-02T09:00,85.0,48.0,12.1,11.7,129.0,406.0
2026-06-02T10:00,81.0,45.2,6.5,9.7,158.0,349.0
2026-06-02T11:00,80.8,46.4,2.5,8.2,179.0,304.0
2026-06-02T12:00,82.4,48.0,1.0,7.5,186.0,280.0
2026-06-02T13:00,85.9,48.9,1.1,7.2,183.0,267.0
2026-06-02T14:00,86.4,48.3,1.8,7.1,179.0,261.0
2026-06-02T15:00,85.7,47.4,1.8,6.8,176.0,254.0
2026-06-02T16:00,84.5,46.6,2.3,6.6,170.0,254.0
2026-06-02T17:00,77.3,41.0,5.9,6.5,150.0,280.0
2026-06-02T18:00,77.1,49.0,12.7,8.5,129.0,357.0
2026-06-02T19:00,93.6,60.8,22.2,11.3,99.0,461.0
2026-06-02T20:00,88.5,59.8,30.0,13.3,75.0,539.0
2026-06-02T21:00,93.6,62.2,35.0,14.0,63.0,567.0
2026-06-02T22:00,99.4,64.7,38.4,14.0,57.0,570.0
2026-06-02T23:00,102.9,66.8,39.5,13.5,54.0,569.0
2026-06-03T00:00,101.7,66.4,37.4,12.3,53.0,567.0
2026-06-03T01:00,95.2,62.6,33.1,10.6,54.0,561.0
2026-06-03T02:00,88.5,58.2,29.0,10.0,56.0,563.0
2026-06-03T03:00,81.7,53.2,26.0,11.2,55.0,594.0
2026-06-03T04:00,75.7,48.1,23.2,13.4,54.0,633.0
2026-06-03T05:00,60.3,48.0,20.6,8.8,65.0,630.0
2026-06-03T06:00,65.0,49.2,17.7,10.2,85.0,546.0
2026-06-03T07:00,68.2,46.7,13.6,11.9,113.0,421.0
2026-06-03T08:00,69.2,43.8,9.8,12.6,136.0,323.0
2026-06-03T09:00,64.3,38.4,6.6,11.0,149.0,284.0
2026-06-03T10:00,64.7,36.4,3.6,8.3,157.0,274.0
2026-06-03T11:00,66.1,35.5,1.6,6.2,161.0,264.0
2026-06-03T12:00,63.8,32.4,0.8,5.4,160.0,245.0
2026-06-03T13:00,63.1,30.5,1.0,5.2,154.0,227.0
2026-06-03T14:00,64.5,29.4,1.5,5.1,148.0,218.0
2026-06-03T15:00,67.5,28.8,1.5,4.8,145.0,215.0
2026-06-03T16:00,72.2,28.7,1.9,4.8,143.0,222.0
2026-06-03T17:00,78.5,33.6,6.7,5.8,127.0,255.0
2026-06-03T18:00,88.5,41.0,16.0,8.8,108.0,332.0
2026-06-03T19:00,108.3,51.7,29.1,13.1,82.0,435.0
2026-06-03T20:00,124.8,61.0,42.1,17.0,58.0,535.0
2026-06-03T21:00,141.1,70.1,54.2,20.1,41.0,638.0
2026-06-03T22:00,158.3,79.6,66.1,22.9,26.0,738.0
2026-06-03T23:00,172.8,87.1,75.5,25.1,15.0,782.0
2026-06-04T00:00,184.4,93.4,81.5,26.4,7.0,730.0
2026-06-04T01:00,190.9,99.0,84.9,27.1,3.0,622.0
2026-06-04T02:00,193.7,103.6,86.1,27.5,0.0,533.0
2026-06-04T03:00,192.3,106.2,86.1,28.1,0.0,494.0
2026-06-04T04:00,189.5,107.3,83.8,28.4,0.0,474.0
2026-06-04T05:00,184.4,72.2,53.5,11.9,16.0,451.0
2026-06-04T06:00,152.7,72.9,43.1,14.0,49.0,418.0
2026-06-04T07:00,166.7,68.9,28.6,16.7,94.0,382.0
2026-06-04T08:00,174.2,62.6,16.6,17.8,131.0,346.0
2026-06-04T09:00,175.6,57.4,9.5,15.9,151.0,307.0
2026-06-04T10:00,180.7,56.0,4.9,12.4,163.0,267.0
2026-06-04T11:00,155.1,49.9,1.9,9.5,170.0,237.0
2026-06-04T12:00,136.4,45.3,0.5,8.0,171.0,223.0
2026-06-04T13:00,123.9,41.8,0.7,7.0,167.0,220.0
2026-06-04T14:00,111.1,38.3,1.5,6.4,161.0,221.0
2026-06-04T15:00,103.8,36.4,1.8,5.9,156.0,220.0
2026-06-04T16:00,98.5,35.2,2.8,5.7,149.0,224.0
2026-06-04T17:00,85.4,34.7,8.5,6.3,133.0,246.0
2026-06-04T18:00,90.3,42.8,19.2,9.6,112.0,297.0
2026-06-04T19:00,100.8,54.0,34.3,14.3,84.0,367.0
2026-06-04T20:00,108.0,62.9,47.5,18.4,59.0,439.0
2026-06-04T21:00,116.4,70.5,57.7,21.5,43.0,519.0
2026-06-04T22:00,127.1,80.1,66.0,23.9,31.0,602.0
2026-06-04T23:00,133.6,86.8,70.3,25.0,24.0,657.0
2026-06-05T00:00,131.8,88.0,69.0,24.0,22.0,658.0
2026-06-05T01:00,124.8,85.4,63.7,21.7,24.0,632.0
2026-06-05T02:00,121.1,83.1,56.6,19.4,30.0,623.0
2026-06-05T03:00,119.7,82.0,47.4,17.3,42.0,670.0
2026-06-05T04:00,117.8,80.8,36.4,15.1,58.0,734.0
2026-06-05T05:00,107.3,61.9,22.2,13.6,74.0,751.0
2026-06-05T06:00,101.7,60.5,18.9,13.6,86.0,675.0
2026-06-05T07:00,96.4,58.6,14.3,13.6,104.0,551.0
2026-06-05T08:00,97.1,56.3,10.1,13.2,122.0,447.0
2026-06-05T09:00,106.2,52.9,6.9,12.1,142.0,390.0
2026-06-05T10:00,112.7,51.5,4.1,10.7,162.0,353.0
2026-06-05T11:00,115.3,48.3,2.2,9.5,176.0,327.0
2026-06-05T12:00,121.1,47.3,1.3,8.8,181.0,313.0
2026-06-05T13:00,125.3,48.4,1.2,8.5,179.0,309.0
2026-06-05T14:00,131.3,50.4,1.6,8.4,177.0,305.0
2026-06-05T15:00,136.0,52.4,2.0,8.5,177.0,292.0
2026-06-05T16:00,143.9,55.2,2.9,9.0,176.0,279.0
2026-06-05T17:00,159.3,51.7,6.1,7.3,148.0,276.0
2026-06-05T18:00,136.0,55.5,8.4,9.1,140.0,291.0
2026-06-05T19:00,141.1,59.8,11.7,11.5,129.0,318.0
2026-06-05T20:00,155.1,64.0,14.5,13.6,119.0,347.0
2026-06-05T21:00,162.5,68.0,16.3,14.9,112.0,379.0
2026-06-05T22:00,163.4,70.5,17.5,15.7,105.0,413.0
2026-06-05T23:00,160.2,72.2,18.3,16.4,99.0,439.0
2026-06-06T00:00,154.1,71.7,18.2,16.8,93.0,448.0
2026-06-06T01:00,159.3,73.3,17.5,17.0,88.0,448.0
2026-06-06T02:00,171.4,75.2,17.7,17.2,82.0,451.0
2026-06-06T03:00,177.9,78.0,20.1,17.2,73.0,463.0
2026-06-06T04:00,197.9,83.1,23.2,17.2,64.0,477.0
2026-06-06T05:00,246.8,88.9,23.9,19.0,59.0,483.0
2026-06-06T06:00,215.1,87.8,19.5,20.8,82.0,476.0
2026-06-06T07:00,270.1,93.4,13.3,23.1,114.0,460.0
2026-06-06T08:00,256.1,86.6,8.2,23.8,141.0,438.0
2026-06-06T09:00,247.7,79.9,5.2,21.6,159.0,406.0
2026-06-06T10:00,237.5,75.7,3.2,17.8,173.0,369.0
2026-06-06T11:00,196.0,66.4,1.9,14.6,182.0,340.0
2026-06-06T12:00,154.6,59.5,1.3,12.6,185.0,326.0
2026-06-06T13:00,129.5,54.7,1.4,11.2,184.0,321.0
2026-06-06T14:00,106.6,50.1,1.8,10.1,181.0,319.0
2026-06-06T15:00,90.1,47.4,1.7,9.1,180.0,317.0
2026-06-06T16:00,79.2,45.5,1.9,8.5,177.0,319.0
2026-06-06T17:00,74.7,41.9,5.3,9.9,159.0,327.0
2026-06-06T18:00,72.4,44.0,13.7,12.6,141.0,348.0
2026-06-06T19:00,78.5,51.7,25.4,16.3,116.0,375.0
2026-06-06T20:00,82.4,60.5,35.1,19.2,94.0,397.0
2026-06-06T21:00,85.4,68.2,40.9,20.4,78.0,407.0
2026-06-06T22:00,85.2,71.5,44.6,20.8,64.0,411.0
2026-06-06T23:00,82.0,71.2,46.6,20.5,54.0,416.0
2026-06-07T00:00,79.9,71.0,46.4,19.4,48.0,424.0
2026-06-07T01:00,80.8,71.9,44.3,17.8,46.0,435.0
2026-06-07T02:00,83.8,74.0,42.1,16.2,44.0,449.0
2026-06-07T03:00,86.8,75.7,40.7,14.8,37.0,477.0
2026-06-07T04:00,86.8,74.3,39.0,13.6,31.0,510.0
2026-06-07T05:00,77.1,68.0,29.6,12.8,52.0,522.0
2026-06-07T06:00,74.0,63.8,24.5,13.2,74.0,496.0
2026-06-07T07:00,77.3,61.0,17.3,13.7,106.0,450.0
2026-06-07T08:00,96.9,58.8,11.2,13.7,134.0,408.0
2026-06-07T09:00,149.5,59.0,7.2,13.0,156.0,380.0
2026-06-07T10:00,206.8,61.9,4.2,11.8,175.0,357.0
2026-06-07T11:00,236.6,63.6,2.1,10.5,185.0,333.0
2026-06-07T12:00,237.5,61.2,1.1,9.0,180.0,306.0
2026-06-07T13:00,227.2,58.1,1.0,7.5,167.0,279.0
2026-06-07T14:00,217.9,55.9,1.2,6.3,154.0,257.0
2026-06-07T15:00,210.9,54.4,1.4,5.7,147.0,239.0
2026-06-07T16:00,210.5,54.8,2.0,5.4,140.0,226.0
2026-06-07T17:00,158.3,47.1,3.6,5.6,134.0,228.0
2026-06-07T18:00,147.1,48.3,8.8,7.2,118.0,257.0
2026-06-07T19:00,151.8,53.2,16.1,9.4,95.0,301.0
2026-06-07T20:00,167.6,60.5,22.3,11.1,76.0,335.0
2026-06-07T21:00,179.7,66.6,26.3,11.8,64.0,350.0
2026-06-07T22:00,190.5,69.6,29.2,11.9,55.0,355.0
2026-06-07T23:00,193.2,69.6,31.0,11.8,48.0,351.0
2026-06-08T00:00,194.6,68.7,31.7,11.3,44.0,333.0
2026-06-08T01:00,196.0,68.0,31.3,10.5,42.0,306.0
2026-06-08T02:00,196.5,68.0,30.2,9.9,42.0,287.0
2026-06-08T03:00,189.1,67.3,28.7,9.6,43.0,285.0
2026-06-08T04:00,172.3,62.9,26.6,9.5,47.0,292.0
2026-06-08T05:00,170.4,65.2,21.5,10.2,54.0,298.0
2026-06-08T06:00,156.5,66.4,19.0,11.6,71.0,307.0
2026-06-08T07:00,165.3,68.7,15.3,13.4,95.0,315.0
2026-06-08T08:00,193.7,69.6,11.7,14.3,117.0,309.0
2026-06-08T09:00,206.8,65.9,8.1,13.4,134.0,274.0
2026-06-08T10:00,202.1,61.9,4.6,11.5,149.0,224.0
2026-06-08T11:00,193.7,59.1,2.0,9.9,157.0,188.0
2026-06-08T12:00,192.8,57.7,0.9,8.9,156.0,178.0
2026-06-08T13:00,200.2,57.2,0.9,8.1,150.0,182.0
2026-06-08T14:00,209.1,57.5,1.4,7.7,143.0,189.0
2026-06-08T15:00,224.4,59.0,2.1,7.5,140.0,197.0
2026-06-08T16:00,239.3,61.2,3.4,7.7,136.0,208.0
2026-06-08T17:00,173.7,50.5,5.8,8.0,130.0,222.0
2026-06-08T18:00,174.2,56.0,11.2,9.5,114.0,239.0
2026-06-08T19:00,196.0,63.3,18.7,11.5,93.0,259.0
2026-06-08T20:00,219.8,69.8,25.3,13.0,74.0,280.0
2026-06-08T21:00,247.7,75.7,30.2,13.6,62.0,305.0
2026-06-08T22:00,280.3,81.5,34.2,13.7,54.0,332.0
2026-06-08T23:00,305.5,86.1,36.3,13.5,48.0,349.0
2026-06-09T00:00,297.1,87.1,35.8,12.8,46.0,353.0
2026-06-09T01:00,285.0,84.5,33.4,11.8,46.0,348.0
2026-06-09T02:00,267.3,81.0,31.0,11.0,47.0,337.0
2026-06-09T03:00,244.9,76.4,29.1,10.4,45.0,318.0
2026-06-09T04:00,219.8,70.3,27.1,10.0,42.0,293.0
2026-06-09T05:00,227.7,69.4,22.6,9.7,49.0,274.0
2026-06-09T06:00,207.7,68.5,20.1,10.1,59.0,265.0
2026-06-09T07:00,188.1,65.4,16.4,10.6,74.0,262.0
2026-06-09T08:00,191.9,61.2,12.8,10.9,94.0,258.0
2026-06-09T09:00,192.8,61.2,9.2,10.7,124.0,250.0
2026-06-09T10:00,230.5,65.9,5.6,10.1,159.0,241.0
2026-06-09T11:00,304.5,73.8,3.0,9.5,182.0,234.0
2026-06-09T12:00,371.6,78.9,1.7,8.7,183.0,229.0
2026-06-09T13:00,346.5,70.1,1.3,7.7,171.0,225.0
2026-06-09T14:00,323.2,66.1,1.7,7.0,158.0,223.0
2026-06-09T15:00,328.8,68.2,2.1,6.3,149.0,223.0
2026-06-09T16:00,343.7,73.3,3.3,5.9,140.0,224.0
2026-06-09T17:00,326.0,70.5,6.3,5.6,125.0,230.0
2026-06-09T18:00,296.2,74.0,14.4,8.3,110.0,236.0
2026-06-09T19:00,309.2,82.4,25.6,11.9,88.0,245.0
2026-06-09T20:00,299.0,87.8,34.2,14.6,70.0,272.0
2026-06-09T21:00,272.9,89.2,37.7,15.5,59.0,335.0
2026-06-09T22:00,246.8,88.0,38.5,15.4,53.0,416.0
2026-06-09T23:00,232.8,85.7,38.1,14.7,47.0,469.0
2026-06-10T00:00,226.3,82.9,36.0,13.3,43.0,471.0
2026-06-10T01:00,223.5,80.3,32.7,11.3,40.0,446.0
2026-06-10T02:00,217.5,77.5,30.9,10.0,37.0,418.0
2026-06-10T03:00,214.7,75.7,32.9,9.8,29.0,391.0
2026-06-10T04:00,237.0,77.3,36.4,10.3,20.0,363.0
2026-06-10T05:00,265.4,85.9,35.2,13.2,42.0,349.0
2026-06-10T06:00,242.1,87.5,29.2,14.1,67.0,367.0
2026-06-10T07:00,240.3,87.5,20.8,15.4,102.0,399.0
2026-06-10T08:00,269.2,89.2,13.7,16.2,136.0,414.0
2026-06-10T09:00,306.4,93.6,9.1,16.4,170.0,394.0
2026-06-10T10:00,288.7,90.6,5.7,16.2,203.0,356.0
2026-06-10T11:00,243.1,81.0,3.3,15.5,224.0,319.0
2026-06-10T12:00,202.6,73.1,2.1,14.0,225.0,288.0
2026-06-10T13:00,204.9,72.6,2.0,12.1,212.0,258.0
2026-06-10T14:00,228.2,72.6,2.4,10.3,197.0,236.0
2026-06-10T15:00,283.1,75.0,2.7,8.7,182.0,214.0
2026-06-10T16:00,361.4,80.6,3.4,7.3,163.0,200.0
2026-06-10T17:00,358.6,71.9,5.8,6.7,133.0,219.0
2026-06-10T18:00,350.2,78.0,16.1,9.4,112.0,303.0
2026-06-10T19:00,339.9,87.1,29.9,13.1,83.0,421.0
2026-06-10T20:00,279.4,87.5,37.7,15.5,66.0,505.0
2026-06-10T21:00,209.5,80.8,33.6,15.4,73.0,525.0
2026-06-10T22:00,150.9,72.9,23.5,14.1,93.0,510.0
2026-06-10T23:00,116.2,68.9,15.1,12.8,109.0,484.0
2026-06-11T00:00,106.6,68.0,11.2,11.9,117.0,446.0
2026-06-11T01:00,94.8,66.1,8.9,11.0,123.0,396.0
2026-06-11T02:00,96.9,66.4,7.7,10.6,125.0,357.0
2026-06-11T03:00,98.5,66.4,7.8,10.8,121.0,339.0
2026-06-11T04:00,94.3,66.6,8.9,11.5,113.0,332.0
2026-06-11T05:00,110.8,66.6,9.0,11.1,108.0,324.0
2026-06-11T06:00,105.0,66.6,8.6,11.5,115.0,307.0
2026-06-11T07:00,109.2,67.3,8.1,12.1,126.0,290.0
2026-06-11T08:00,105.0,65.9,7.2,12.5,139.0,286.0
2026-06-11T09:00,100.1,65.4,5.8,12.7,155.0,307.0
2026-06-11T10:00,100.8,64.7,4.0,12.6,174.0,341.0
2026-06-11T11:00,101.3,61.2,2.7,12.2,185.0,367.0
2026-06-11T12:00,98.3,56.1,2.1,11.0,185.0,374.0
2026-06-11T13:00,90.1,50.6,1.9,9.4,178.0,373.0
2026-06-11T14:00,83.8,46.9,2.0,8.2,171.0,371.0
2026-06-11T15:00,78.2,44.4,2.2,7.6,167.0,369.0
2026-06-11T16:00,71.9,42.7,2.7,7.5,164.0,367.0
2026-06-11T17:00,60.8,35.2,3.8,9.1,168.0,368.0
2026-06-11T18:00,62.6,35.9,4.9,9.4,160.0,378.0
2026-06-11T19:00,59.0,35.9,6.4,9.8,150.0,392.0
2026-06-11T20:00,56.1,34.6,7.6,10.1,140.0,401.0
2026-06-11T21:00,52.9,32.8,8.1,10.1,133.0,403.0
2026-06-11T22:00,42.4,29.7,8.2,10.0,128.0,400.0
2026-06-11T23:00,39.7,26.7,8.4,9.8,122.0,391.0
2026-06-12T00:00,37.3,24.3,8.7,9.3,115.0,372.0
2026-06-12T01:00,36.7,22.3,9.1,8.6,108.0,347.0
2026-06-12T02:00,31.8,20.7,9.7,8.2,102.0,328.0
2026-06-12T03:00,28.9,20.5,10.8,8.3,95.0,318.0
2026-06-12T04:00,29.3,20.7,12.0,8.6,89.0,314.0
2026-06-12T05:00,43.1,25.4,14.1,8.8,81.0,317.0
2026-06-12T06:00,43.7,28.8,12.1,10.2,95.0,333.0
2026-06-12T07:00,50.5,32.1,9.3,12.1,115.0,356.0
2026-06-12T08:00,53.4,34.0,6.8,13.5,135.0,370.0
2026-06-12T09:00,56.1,38.2,4.9,14.0,153.0,367.0
2026-06-12T10:00,65.2,42.4,3.2,14.0,171.0,354.0
2026-06-12T11:00,65.9,44.8,2.1,13.7,184.0,338.0
2026-06-12T12:00,67.8,46.2,1.6,13.1,189.0,313.0
2026-06-12T13:00,68.7,46.9,1.6,12.3,188.0,284.0
2026-06-12T14:00,70.1,47.0,1.9,11.6,186.0,273.0
2026-06-12T15:00,70.3,46.9,1.0,10.6,186.0,279.0
2026-06-12T16:00,71.0,46.0,0.3,9.6,185.0,303.0
2026-06-12T17:00,97.6,49.8,4.1,10.0,170.0,364.0
2026-06-12T18:00,85.4,51.5,8.8,10.9,149.0,512.0
2026-06-12T19:00,82.2,53.6,15.4,12.1,120.0,698.0
2026-06-12T20:00,79.2,53.8,20.6,12.8,96.0,797.0
2026-06-12T21:00,75.9,53.1,23.1,12.7,82.0,728.0
2026-06-12T22:00,73.6,52.6,24.2,12.2,74.0,572.0
2026-06-12T23:00,71.2,51.8,24.7,11.6,67.0,445.0
2026-06-13T00:00,69.4,50.2,24.5,11.1,63.0,393.0
2026-06-13T01:00,66.1,49.0,23.6,10.6,60.0,369.0
2026-06-13T02:00,63.3,48.1,23.2,10.3,58.0,355.0
2026-06-13T03:00,61.5,47.4,24.3,10.2,51.0,344.0
2026-06-13T04:00,59.1,47.3,25.8,10.3,44.0,343.0
2026-06-13T05:00,52.4,52.0,20.8,11.2,64.0,347.0
2026-06-13T06:00,46.4,44.7,16.6,10.0,82.0,360.0
2026-06-13T07:00,41.2,36.9,10.7,8.3,107.0,378.0
2026-06-13T08:00,43.7,34.2,6.1,7.3,130.0,388.0
2026-06-13T09:00,52.5,36.4,3.9,7.7,148.0,382.0
2026-06-13T10:00,63.3,42.3,2.8,8.8,163.0,368.0
2026-06-13T11:00,72.6,49.0,2.2,9.5,174.0,355.0
2026-06-13T12:00,75.7,53.0,1.7,9.4,178.0,347.0
2026-06-13T13:00,76.1,54.7,1.6,9.0,177.0,341.0
2026-06-13T14:00,77.1,54.6,1.8,8.6,174.0,334.0
2026-06-13T15:00,77.5,53.6,1.5,8.1,172.0,309.0
2026-06-13T16:00,85.2,56.9,1.4,7.5,168.0,283.0
2026-06-13T17:00,56.0,34.0,4.3,8.4,153.0,307.0
2026-06-13T18:00,53.8,36.6,12.7,10.1,130.0,431.0
2026-06-13T19:00,61.9,43.4,24.4,12.5,97.0,606.0
2026-06-13T20:00,68.2,49.1,33.6,14.2,71.0,733.0
2026-06-13T21:00,70.5,48.3,37.3,14.7,59.0,761.0
2026-06-13T22:00,82.2,51.0,38.6,14.5,54.0,742.0
2026-06-13T23:00,97.3,55.6,41.2,14.5,48.0,730.0
2026-06-14T00:00,114.8,61.5,47.6,14.9,38.0,749.0
2026-06-14T01:00,131.8,67.1,55.4,15.3,28.0,776.0
2026-06-14T02:00,147.1,70.5,60.9,15.6,20.0,797.0
2026-06-14T03:00,161.6,72.6,63.8,15.6,11.0,821.0
2026-06-14T04:00,173.7,75.4,64.5,15.4,4.0,839.0
2026-06-14T05:00,187.7,68.7,37.8,10.5,34.0,805.0
2026-06-14T06:00,183.5,66.4,29.1,11.3,61.0,673.0
2026-06-14T07:00,253.3,71.2,17.0,12.3,99.0,489.0
2026-06-14T08:00,289.6,72.4,7.6,13.0,131.0,349.0
2026-06-14T09:00,210.5,61.2,3.6,13.1,152.0,298.0
2026-06-14T10:00,155.1,51.2,2.4,12.8,168.0,290.0
2026-06-14T11:00,156.9,49.2,1.7,12.3,177.0,282.0
2026-06-14T12:00,185.3,53.7,1.0,11.4,176.0,255.0
2026-06-14T13:00,227.2,59.8,0.9,10.2,169.0,227.0
2026-06-14T14:00,262.6,65.0,1.3,9.4,160.0,212.0
2026-06-14T15:00,287.8,70.1,2.1,9.3,153.0,210.0
2026-06-14T16:00,303.6,75.7,3.4,9.5,144.0,222.0
2026-06-14T17:00,255.2,67.5,5.5,9.8,138.0,259.0
2026-06-14T18:00,248.7,73.6,12.4,11.9,120.0,351.0
2026-06-14T19:00,276.6,84.1,22.1,14.9,94.0,470.0
2026-06-14T20:00,286.8,91.5,31.0,17.1,71.0,540.0
2026-06-14T21:00,300.8,97.3,37.4,17.9,55.0,516.0
2026-06-14T22:00,317.6,103.1,42.9,17.9,43.0,444.0
2026-06-14T23:00,335.3,107.6,48.7,17.8,32.0,391.0
2026-06-15T00:00,355.8,110.8,56.0,17.6,21.0,387.0
2026-06-15T01:00,374.4,114.8,63.6,17.1,12.0,401.0
2026-06-15T02:00,381.8,118.0,68.9,17.1,5.0,411.0
2026-06-15T03:00,383.7,121.1,72.0,17.9,0.0,406.0
2026-06-15T04:00,390.2,124.8,72.9,19.0,0.0,397.0
2026-06-15T05:00,221.7,76.1,27.0,8.2,36.0,386.0
2026-06-15T06:00,227.2,78.2,23.4,10.0,53.0,377.0
2026-06-15T07:00,266.4,84.5,18.3,12.3,77.0,366.0
2026-06-15T08:00,303.6,88.9,13.4,13.9,102.0,348.0
2026-06-15T09:00,312.9,90.3,9.1,14.0,130.0,318.0
2026-06-15T10:00,312.0,87.3,5.0,13.2,158.0,281.0
2026-06-15T11:00,298.0,80.8,2.1,12.1,176.0,250.0
2026-06-15T12:00,283.1,74.7,1.0,10.6,176.0,226.0
2026-06-15T13:00,265.4,70.5,1.0,8.8,166.0,206.0
2026-06-15T14:00,253.3,68.7,1.6,7.4,155.0,200.0
2026-06-15T15:00,242.1,67.5,1.8,6.6,148.0,213.0
2026-06-15T16:00,232.4,66.8,2.5,6.1,141.0,238.0
2026-06-15T17:00,163.0,54.9,6.9,6.3,120.0,265.0
2026-06-15T18:00,170.0,61.0,16.5,9.2,100.0,293.0
2026-06-15T19:00,187.2,69.4,29.7,13.1,73.0,322.0
2026-06-15T20:00,191.9,78.0,39.2,16.0,53.0,341.0
2026-06-15T21:00,175.6,80.1,40.8,16.9,47.0,341.0
2026-06-15T22:00,196.5,83.4,38.7,16.8,48.0,332.0
2026-06-15T23:00,233.3,91.7,38.2,16.6,47.0,327.0
2026-06-16T00:00,262.6,98.7,42.6,16.7,40.0,333.0
2026-06-16T01:00,288.7,104.3,48.5,16.7,31.0,344.0
2026-06-16T02:00,288.7,106.4,51.0,16.6,26.0,354.0
2026-06-16T03:00,247.7,101.3,47.3,16.0,26.0,361.0
2026-06-16T04:00,218.9,95.0,40.2,15.4,29.0,368.0
2026-06-16T05:00,80.3,55.1,21.4,19.1,62.0,372.0
2026-06-16T06:00,73.1,51.1,18.8,20.2,78.0,377.0
2026-06-16T07:00,97.3,53.6,15.0,21.6,100.0,381.0
2026-06-16T08:00,130.4,58.2,11.3,21.9,121.0,373.0
2026-06-16T09:00,139.2,57.6,7.8,20.2,139.0,345.0
2026-06-16T10:00,210.5,64.0,4.4,17.5,156.0,305.0
2026-06-16T11:00,303.6,75.9,2.0,14.8,165.0,271.0
2026-06-16T12:00,312.9,76.6,1.0,12.4,161.0,249.0
2026-06-16T13:00,287.8,73.8,1.0,10.2,149.0,233.0
2026-06-16T14:00,264.5,71.5,1.4,8.7,139.0,223.0
2026-06-16T15:00,253.3,70.3,1.4,8.2,137.0,211.0
2026-06-16T16:00,251.5,71.0,1.8,8.5,136.0,205.0
2026-06-16T17:00,206.8,62.9,4.6,10.9,135.0,227.0
2026-06-16T18:00,194.2,68.2,16.0,14.2,114.0,290.0
2026-06-16T19:00,220.3,80.8,32.1,18.8,85.0,381.0
2026-06-16T20:00,240.3,93.6,46.8,22.6,59.0,480.0
2026-06-16T21:00,256.1,105.2,60.2,25.2,37.0,601.0
2026-06-16T22:00,268.2,114.6,72.2,26.9,18.0,731.0
2026-06-16T23:00,258.9,115.9,76.8,27.0,8.0,813.0
2026-06-17T00:00,232.4,108.3,68.6,24.1,11.0,810.0
2026-06-17T01:00,201.6,96.2,53.0,19.5,23.0,758.0
2026-06-17T02:00,179.7,85.9,40.2,16.0,33.0,714.0
2026-06-17T03:00,160.2,79.2,34.5,14.9,34.0,709.0
2026-06-17T04:00,143.0,75.0,31.6,15.0,34.0,710.0
2026-06-17T05:00,157.9,73.1,21.8,16.5,55.0,677.0
2026-06-17T06:00,147.6,74.3,19.0,17.6,73.0,574.0
2026-06-17T07:00,169.5,78.2,15.0,18.9,98.0,437.0
2026-06-17T08:00,198.4,82.7,11.2,19.3,120.0,325.0
2026-06-17T09:00,240.3,84.3,7.6,17.9,138.0,264.0
2026-06-17T10:00,303.6,83.6,4.2,15.5,152.0,228.0
2026-06-17T11:00,335.3,82.7,1.8,13.1,160.0,203.0
2026-06-17T12:00,307.3,75.7,0.9,10.7,156.0,185.0
2026-06-17T13:00,250.5,65.7,1.0,8.2,145.0,177.0
2026-06-17T14:00,212.8,57.9,1.4,6.3,135.0,174.0
2026-06-17T15:00,195.6,54.0,1.1,5.0,131.0,169.0
2026-06-17T16:00,190.0,51.9,1.0,4.2,128.0,170.0
2026-06-17T17:00,124.8,36.9,3.4,4.0,118.0,194.0
2026-06-17T18:00,102.7,37.1,11.1,6.1,101.0,260.0
2026-06-17T19:00,110.1,43.4,22.2,9.2,77.0,349.0
2026-06-17T20:00,126.2,52.9,34.0,12.4,55.0,424.0
2026-06-17T21:00,146.7,64.3,47.9,16.1,36.0,476.0
2026-06-17T22:00,165.8,75.9,62.6,19.9,19.0,514.0
2026-06-17T23:00,177.0,83.6,71.0,21.6,9.0,523.0
2026-06-18T00:00,175.1,82.2,68.1,19.6,9.0,478.0
2026-06-18T01:00,167.6,77.1,59.0,15.6,16.0,403.0
2026-06-18T02:00,161.6,73.3,51.6,12.5,21.0,358.0
2026-06-18T03:00,158.3,71.5,50.1,11.3,16.0,379.0
2026-06-18T04:00,159.7,71.2,50.3,10.9,10.0,429.0
2026-06-18T05:00,205.8,71.2,48.5,12.7,16.0,457.0
2026-06-18T06:00,171.8,70.8,39.2,15.2,46.0,440.0
2026-06-18T07:00,218.9,70.8,26.3,18.6,89.0,400.0
2026-06-18T08:00,268.2,75.2,15.5,20.5,126.0,358.0
2026-06-18T09:00,312.0,80.1,9.1,19.7,155.0,315.0
2026-06-18T10:00,339.0,82.4,4.9,17.5,178.0,270.0
2026-06-18T11:00,307.3,74.7,2.1,15.1,191.0,235.0
2026-06-18T12:00,264.5,67.1,0.9,12.9,187.0,217.0
2026-06-18T13:00,241.2,63.8,1.0,10.5,173.0,209.0
2026-06-18T14:00,222.1,60.5,1.5,8.7,159.0,205.0
2026-06-18T15:00,208.6,57.7,1.6,7.6,151.0,199.0
2026-06-18T16:00,201.2,56.2,1.9,7.0,144.0,197.0
2026-06-18T17:00,194.6,58.2,4.1,8.0,138.0,208.0
2026-06-18T18:00,173.2,58.0,10.0,9.5,122.0,238.0
2026-06-18T19:00,169.5,62.4,18.5,11.7,100.0,281.0
2026-06-18T20:00,178.3,69.2,26.7,13.6,80.0,328.0
2026-06-18T21:00,184.9,75.7,33.8,15.0,65.0,383.0
2026-06-18T22:00,188.1,80.6,40.5,16.2,53.0,442.0
2026-06-18T23:00,190.5,82.2,46.9,17.1,42.0,481.0
2026-06-19T00:00,197.0,83.4,53.9,17.6,33.0,482.0
2026-06-19T01:00,207.2,86.6,60.5,17.7,25.0,463.0
2026-06-19T02:00,216.1,90.8,63.2,17.4,21.0,453.0
2026-06-19T03:00,210.9,92.2,59.8,16.4,19.0,468.0
2026-06-19T04:00,186.3,84.8,52.3,14.9,20.0,491.0
2026-06-19T05:00,168.1,68.2,31.4,11.6,42.0,502.0
2026-06-19T06:00,163.0,69.4,26.3,12.2,60.0,491.0
2026-06-19T07:00,192.8,71.7,19.2,12.8,85.0,468.0
2026-06-19T08:00,217.9,75.7,12.9,12.9,109.0,434.0
2026-06-19T09:00,223.5,76.1,8.3,11.8,131.0,384.0
2026-06-19T10:00,225.4,74.5,4.4,10.0,151.0,323.0
2026-06-19T11:00,226.8,69.6,1.8,8.4,162.0,277.0
2026-06-19T12:00,196.0,58.6,0.8,7.2,159.0,256.0
2026-06-19T13:00,160.2,49.1,0.9,6.1,147.0,249.0
2026-06-19T14:00,138.3,44.0,1.3,5.2,136.0,246.0
2026-06-19T15:00,144.4,43.4,1.4,4.4,129.0,240.0
2026-06-19T16:00,175.6,47.0,1.8,3.9,123.0,238.0
2026-06-19T17:00,122.0,38.0,3.6,4.1,122.0,247.0
2026-06-19T18:00,119.2,39.8,8.2,5.3,109.0,282.0
2026-06-19T19:00,130.9,44.8,14.5,7.0,91.0,329.0
2026-06-19T20:00,139.2,49.4,18.7,8.5,79.0,351.0
2026-06-19T21:00,154.1,52.9,18.6,9.4,78.0,325.0
2026-06-19T22:00,182.5,58.3,16.5,10.1,82.0,275.0
2026-06-19T23:00,200.2,64.0,14.9,11.0,86.0,237.0
2026-06-20T00:00,199.8,67.8,14.9,12.3,87.0,228.0
2026-06-20T01:00,191.4,70.1,15.5,13.7,87.0,233.0
2026-06-20T02:00,187.7,72.4,16.3,14.7,85.0,237.0
2026-06-20T03:00,188.1,75.2,17.7,14.9,79.0,236.0
2026-06-20T04:00,195.1,78.7,19.3,14.6,72.0,236.0
2026-06-20T05:00,306.4,93.8,15.4,8.1,54.0,239.0
2026-06-20T06:00,312.9,95.0,13.8,8.3,61.0,250.0
2026-06-20T07:00,359.5,99.2,11.6,8.6,73.0,264.0
2026-06-20T08:00,434.9,109.2,9.2,9.2,88.0,269.0
2026-06-20T09:00,529.0,124.3,6.6,10.7,113.0,258.0
2026-06-20T10:00,607.2,136.4,3.9,12.5,142.0,239.0
2026-06-20T11:00,607.2,128.5,1.9,13.2,160.0,221.0
2026-06-20T12:00,510.4,109.2,1.1,11.7,157.0,209.0
2026-06-20T13:00,445.2,95.9,1.1,9.0,144.0,198.0
2026-06-20T14:00,423.8,89.6,1.3,7.1,134.0,191.0
2026-06-20T15:00,420.0,87.1,1.5,6.6,135.0,188.0
2026-06-20T16:00,411.6,86.4,1.9,6.8,141.0,188.0
2026-06-20T17:00,359.5,73.6,3.0,6.4,133.0,192.0
2026-06-20T18:00,306.4,71.5,4.9,7.2,129.0,199.0
2026-06-20T19:00,293.4,72.4,7.6,8.3,123.0,210.0
2026-06-20T20:00,309.2,75.0,9.9,9.2,117.0,221.0
2026-06-20T21:00,339.9,79.9,11.3,9.6,111.0,235.0
2026-06-20T22:00,366.9,86.1,12.3,9.8,104.0,251.0
2026-06-20T23:00,375.3,90.8,13.0,9.7,98.0,258.0
2026-06-21T00:00,366.0,93.4,13.2,9.4,92.0,250.0
2026-06-21T01:00,343.7,93.1,13.2,8.9,87.0,233.0
2026-06-21T02:00,312.9,90.1,13.0,8.2,81.0,222.0
2026-06-21T03:00,285.0,85.4,13.1,7.3,72.0,224.0
2026-06-21T04:00,275.7,82.2,13.0,6.2,63.0,232.0
2026-06-21T05:00,380.9,98.0,10.6,5.2,63.0,236.0
2026-06-21T06:00,410.7,104.3,9.3,5.3,67.0,234.0
2026-06-21T07:00,491.7,115.7,7.6,5.4,72.0,228.0
2026-06-21T08:00,586.7,127.1,5.9,5.7,81.0,221.0
2026-06-21T09:00,584.9,128.1,4.5,6.5,96.0,213.0
2026-06-21T10:00,564.4,126.7,3.2,7.5,114.0,204.0
2026-06-21T11:00,529.0,122.5,2.2,8.0,127.0,193.0
2026-06-21T12:00,482.4,113.4,1.6,7.5,130.0,180.0
2026-06-21T13:00,425.6,100.1,1.3,6.6,127.0,166.0
2026-06-21T14:00,397.7,90.3,1.2,5.6,123.0,155.0
2026-06-21T15:00,407.0,86.4,1.3,4.7,119.0,149.0
2026-06-21T16:00,416.3,83.6,1.6,3.8,114.0,146.0
2026-06-21T17:00,321.3,71.5,2.6,4.8,115.0,147.0
2026-06-21T18:00,281.3,68.5,5.4,5.4,104.0,155.0
2026-06-21T19:00,255.2,67.5,9.2,6.3,90.0,167.0
2026-06-21T20:00,237.0,67.3,12.5,7.2,78.0,178.0
2026-06-21T21:00,232.4,69.2,14.5,7.9,72.0,186.0
2026-06-21T22:00,232.4,72.6,16.0,8.6,70.0,194.0
2026-06-21T23:00,229.1,76.1,16.9,9.1,68.0,198.0
2026-06-22T00:00,231.4,80.1,17.2,9.4,67.0,195.0
2026-06-22T01:00,242.1,84.8,17.0,9.5,68.0,189.0
2026-06-22T02:00,254.3,88.7,17.0,9.5,67.0,191.0
2026-06-22T03:00,272.9,92.9,18.0,9.4,62.0,207.0
2026-06-22T04:00,291.5,96.4,19.1,9.3,56.0,231.0
2026-06-22T05:00,367.9,107.3,23.6,11.1,55.0,250.0
2026-06-22T06:00,375.3,109.4,19.1,11.5,67.0,262.0
2026-06-22T07:00,413.5,105.5,12.9,12.0,85.0,269.0
2026-06-22T08:00,364.1,91.7,7.8,12.2,102.0,268.0
2026-06-22T09:00,331.6,82.4,4.8,11.9,119.0,254.0
2026-06-22T10:00,352.0,78.2,3.0,11.2,136.0,231.0
2026-06-22T11:00,326.9,68.2,1.7,10.3,147.0,210.0
2026-06-22T12:00,287.8,61.2,1.1,8.9,147.0,193.0
2026-06-22T13:00,270.1,58.9,1.1,7.2,141.0,177.0
2026-06-22T14:00,256.1,57.3,1.3,5.8,134.0,165.0
2026-06-22T15:00,240.3,54.4,1.4,4.7,129.0,154.0
2026-06-22T16:00,221.7,51.5,1.7,3.9,124.0,146.0
2026-06-22T17:00,193.2,41.7,3.1,3.1,116.0,149.0
2026-06-22T18:00,186.3,41.8,7.5,4.4,104.0,170.0
2026-06-22T19:00,171.8,44.4,13.6,6.3,86.0,201.0
2026-06-22T20:00,173.2,48.7,18.3,7.8,73.0,225.0
2026-06-22T21:00,175.1,52.6,20.5,8.7,67.0,232.0
2026-06-22T22:00,171.8,53.9,21.4,9.3,64.0,232.0
2026-06-22T23:00,173.7,55.3,21.6,9.9,64.0,236.0
2026-06-23T00:00,172.3,57.5,21.1,10.6,66.0,250.0
2026-06-23T01:00,163.9,59.6,19.9,11.2,70.0,268.0
2026-06-23T02:00,156.9,61.2,19.2,11.7,72.0,287.0
2026-06-23T03:00,156.5,62.9,19.9,11.9,69.0,308.0
2026-06-23T04:00,162.1,65.0,21.0,11.9,64.0,330.0
2026-06-23T05:00,202.1,64.3,18.1,14.8,82.0,340.0
2026-06-23T06:00,184.4,65.0,15.5,16.3,101.0,332.0
2026-06-23T07:00,244.0,71.2,11.9,18.1,127.0,314.0
2026-06-23T08:00,314.8,78.2,8.5,18.4,146.0,292.0
2026-06-23T09:00,344.6,77.1,5.7,15.6,153.0,268.0
2026-06-23T10:00,257.0,57.9,3.2,11.3,154.0,241.0
2026-06-23T11:00,178.8,43.1,1.5,7.8,153.0,219.0
2026-06-23T12:00,157.9,38.9,0.9,6.3,150.0,204.0
2026-06-23T13:00,161.1,38.6,1.0,5.7,144.0,194.0
2026-06-23T14:00,178.8,39.8,1.3,5.3,140.0,187.0
2026-06-23T15:00,184.4,39.8,1.3,5.0,139.0,177.0
2026-06-23T16:00,181.1,39.2,1.5,4.9,139.0,169.0
2026-06-23T17:00,194.6,43.4,3.1,4.9,132.0,181.0
2026-06-23T18:00,176.0,44.7,8.2,6.4,118.0,230.0
2026-06-23T19:00,176.5,49.2,15.4,8.6,98.0,298.0
2026-06-23T20:00,196.0,56.7,22.3,10.5,81.0,348.0
2026-06-23T21:00,223.1,65.2,28.9,12.2,68.0,365.0
2026-06-23T22:00,242.1,71.9,35.2,13.7,57.0,364.0
2026-06-23T23:00,258.9,74.3,39.2,14.3,49.0,354.0
2026-06-24T00:00,271.9,74.3,39.5,13.3,45.0,331.0
2026-06-24T01:00,279.4,74.3,37.5,11.5,44.0,299.0
2026-06-24T02:00,261.7,72.6,34.8,10.4,44.0,282.0
2026-06-24T03:00,223.1,68.9,32.1,10.9,43.0,291.0
2026-06-24T04:00,194.6,67.3,28.8,12.0,44.0,315.0
2026-06-24T05:00,270.1,78.5,23.5,10.3,48.0,341.0
2026-06-24T06:00,235.6,77.3,20.9,10.7,61.0,378.0
2026-06-24T07:00,249.6,77.5,17.1,11.1,80.0,417.0
2026-06-24T08:00,274.7,79.9,13.2,11.1,100.0,422.0
2026-06-24T09:00,291.5,82.7,9.2,10.2,122.0,363.0
2026-06-24T10:00,291.5,76.6,5.1,8.7,145.0,271.0
2026-06-24T11:00,291.5,74.3,2.1,7.4,159.0,200.0
2026-06-24T12:00,288.7,73.3,1.1,6.4,160.0,173.0
2026-06-24T13:00,279.4,71.2,1.2,5.6,152.0,167.0
2026-06-24T14:00,270.1,69.2,1.5,4.9,144.0,168.0
2026-06-24T15:00,259.8,66.8,1.3,4.2,139.0,171.0
2026-06-24T16:00,250.5,64.7,1.4,3.7,134.0,180.0
2026-06-24T17:00,237.5,62.4,2.8,3.7,126.0,195.0
2026-06-24T18:00,200.7,59.6,6.6,4.5,111.0,215.0
2026-06-24T19:00,171.4,59.5,11.9,5.7,93.0,240.0
2026-06-24T20:00,163.0,60.8,16.5,6.8,78.0,272.0
2026-06-24T21:00,162.5,62.9,19.7,7.6,68.0,316.0
2026-06-24T22:00,165.8,64.5,22.4,8.3,60.0,366.0
2026-06-24T23:00,171.8,65.4,25.1,8.9,53.0,406.0
2026-06-25T00:00,183.9,66.1,28.1,9.2,47.0,426.0
2026-06-25T01:00,200.2,67.8,31.1,9.4,41.0,436.0
2026-06-25T02:00,218.4,71.2,34.6,9.8,36.0,444.0
2026-06-25T03:00,237.0,75.2,40.6,10.6,26.0,458.0
2026-06-25T04:00,253.3,78.9,47.0,11.5,16.0,470.0
2026-06-25T05:00,263.6,82.0,48.0,12.4,19.0,467.0
2026-06-25T06:00,226.3,81.3,38.9,13.3,48.0,438.0
2026-06-25T07:00,241.2,78.5,24.3,14.1,91.0,393.0
2026-06-25T08:00,299.0,75.4,12.5,14.0,125.0,347.0
2026-06-25T09:00,349.2,74.3,6.7,12.2,143.0,299.0
2026-06-25T10:00,358.6,75.2,3.6,9.4,153.0,249.0
2026-06-25T11:00,339.9,73.1,1.7,7.2,158.0,211.0
2026-06-25T12:00,315.7,70.1,0.8,6.2,159.0,192.0
2026-06-25T13:00,292.4,66.8,1.1,5.8,157.0,186.0
2026-06-25T14:00,274.7,64.5,1.5,5.5,153.0,184.0
2026-06-25T15:00,263.6,63.6,1.1,5.0,152.0,184.0
2026-06-25T16:00,249.6,61.9,0.9,4.6,150.0,188.0
2026-06-25T17:00,82.7,31.5,3.4,5.8,132.0,201.0
2026-06-25T18:00,72.6,32.2,9.4,6.9,114.0,218.0
2026-06-25T19:00,71.0,36.9,17.6,8.5,89.0,243.0
2026-06-25T20:00,71.5,40.6,24.4,9.8,69.0,296.0
2026-06-25T21:00,73.6,43.1,27.8,10.4,58.0,402.0
2026-06-25T22:00,76.4,45.5,29.6,10.7,52.0,535.0
2026-06-25T23:00,79.9,47.5,31.6,10.9,46.0,634.0
2026-06-26T00:00,85.7,50.4,34.9,11.2,39.0,671.0
2026-06-26T01:00,92.0,54.4,38.3,11.5,32.0,673.0
2026-06-26T02:00,93.4,56.8,39.7,11.7,28.0,661.0
2026-06-26T03:00,88.5,55.9,38.1,11.6,24.0,639.0
2026-06-26T04:00,84.3,53.3,34.6,11.4,23.0,603.0
2026-06-26T05:00,66.4,42.0,20.4,10.1,52.0,565.0
2026-06-26T06:00,68.7,43.4,17.3,10.6,69.0,530.0
2026-06-26T07:00,74.5,43.8,12.9,11.2,94.0,493.0
2026-06-26T08:00,77.8,43.2,9.0,11.3,116.0,446.0
2026-06-26T09:00,79.2,41.6,6.1,10.3,135.0,379.0
2026-06-26T10:00,85.0,40.5,3.6,8.8,151.0,302.0
2026-06-26T11:00,96.9,40.6,1.9,7.6,162.0,245.0
2026-06-26T12:00,102.0,40.7,1.2,7.0,165.0,223.0
2026-06-26T13:00,102.0,40.3,1.3,6.6,161.0,220.0
2026-06-26T14:00,101.3,39.7,1.5,6.4,158.0,220.0
2026-06-26T15:00,100.6,39.2,1.4,6.2,157.0,215.0
2026-06-26T16:00,100.1,39.0,1.6,6.2,155.0,212.0
2026-06-26T17:00,112.5,45.8,3.3,4.4,141.0,224.0
2026-06-26T18:00,99.9,45.1,7.2,5.6,128.0,259.0
2026-06-26T19:00,98.7,48.3,12.5,7.3,111.0,308.0
2026-06-26T20:00,102.9,51.5,16.8,8.8,96.0,351.0
2026-06-26T21:00,105.7,54.2,18.7,9.8,89.0,390.0
2026-06-26T22:00,105.7,56.3,19.5,10.6,84.0,424.0
2026-06-26T23:00,107.6,55.5,20.3,10.8,79.0,428.0
2026-06-27T00:00,93.4,50.9,21.8,10.1,70.0,377.0
2026-06-27T01:00,88.7,51.2,23.3,9.0,61.0,297.0
2026-06-27T02:00,90.1,51.8,24.1,8.2,54.0,240.0
2026-06-27T03:00,87.1,52.3,24.1,8.3,51.0,231.0
2026-06-27T04:00,84.3,50.5,23.5,8.9,50.0,244.0
2026-06-27T05:00,53.2,39.0,25.7,6.8,39.0,255.0
2026-06-27T06:00,58.3,37.4,21.2,7.7,59.0,258.0
2026-06-27T07:00,64.7,36.2,14.9,8.8,86.0,259.0
2026-06-27T08:00,78.0,36.7,9.6,9.5,113.0,255.0
2026-06-27T09:00,93.1,39.8,6.3,9.2,137.0,242.0
2026-06-27T10:00,108.7,43.8,3.9,8.4,160.0,225.0
2026-06-27T11:00,119.7,46.7,2.3,7.8,176.0,211.0
2026-06-27T12:00,124.8,48.3,1.5,7.9,184.0,205.0
2026-06-27T13:00,130.9,51.8,1.5,8.3,185.0,203.0
2026-06-27T14:00,122.9,49.2,1.7,8.4,183.0,202.0
2026-06-27T15:00,117.6,47.3,1.5,7.8,179.0,200.0
2026-06-27T16:00,116.2,46.0,1.5,7.0,172.0,198.0
2026-06-27T17:00,137.4,53.7,3.6,6.4,157.0,205.0
2026-06-27T18:00,128.5,54.9,8.9,7.3,139.0,224.0
2026-06-27T19:00,153.7,64.7,16.3,8.6,114.0,250.0
2026-06-27T20:00,143.9,66.8,21.3,9.3,93.0,277.0
2026-06-27T21:00,102.0,54.5,22.0,8.9,82.0,311.0
2026-06-27T22:00,87.3,49.0,20.5,8.0,76.0,346.0
2026-06-27T23:00,79.6,50.3,18.6,7.0,72.0,355.0
2026-06-28T00:00,71.2,44.9,16.5,6.0,71.0,316.0
2026-06-28T01:00,61.7,37.4,14.2,5.0,71.0,252.0
2026-06-28T02:00,55.3,35.0,13.2,4.5,70.0,205.0
2026-06-28T03:00,52.7,34.3,15.3,4.7,62.0,194.0
2026-06-28T04:00,51.7,34.2,18.8,5.5,52.0,199.0
2026-06-28T05:00,35.6,26.5,14.5,6.4,63.0,205.0
2026-06-28T06:00,39.3,28.4,13.0,6.5,70.0,207.0
2026-06-28T07:00,41.2,27.7,10.8,6.7,80.0,209.0
2026-06-28T08:00,40.0,26.9,8.6,6.8,93.0,210.0
2026-06-28T09:00,42.3,27.1,6.3,6.8,111.0,210.0
2026-06-28T10:00,47.3,28.1,3.9,6.8,132.0,209.0
2026-06-28T11:00,57.6,29.6,2.2,6.8,148.0,207.0
2026-06-28T12:00,79.6,33.6,1.5,6.9,156.0,202.0
2026-06-28T13:00,106.9,40.6,1.4,7.1,160.0,194.0
2026-06-28T14:00,124.3,44.9,1.5,7.1,160.0,190.0
2026-06-28T15:00,136.4,47.4,1.1,6.7,158.0,190.0
2026-06-28T16:00,138.3,45.8,0.9,6.1,152.0,192.0
2026-06-28T17:00,149.9,46.4,2.5,6.0,141.0,196.0
2026-06-28T18:00,141.1,47.4,7.7,6.9,120.0,202.0
2026-06-28T19:00,130.4,50.8,14.7,8.4,93.0,210.0
2026-06-28T20:00,122.5,54.2,19.7,9.5,73.0,219.0
2026-06-28T21:00,114.1,53.2,20.8,10.0,68.0,229.0
2026-06-28T22:00,118.7,55.1,20.0,10.3,70.0,240.0
2026-06-28T23:00,117.8,56.7,19.5,10.3,71.0,248.0
2026-06-29T00:00,116.4,58.3,20.1,10.0,67.0,246.0
2026-06-29T01:00,107.8,57.2,21.0,9.5,61.0,241.0
2026-06-29T02:00,101.3,56.0,21.9,9.1,56.0,245.0
2026-06-29T03:00,102.7,57.4,23.5,8.8,49.0,273.0
2026-06-29T04:00,97.8,56.6,25.1,8.6,43.0,310.0
2026-06-29T05:00,41.8,36.8,17.6,6.0,57.0,332.0
2026-06-29T06:00,43.5,36.9,15.5,6.8,68.0,323.0
2026-06-29T07:00,43.8,32.5,12.5,7.9,83.0,297.0
2026-06-29T08:00,51.1,30.9,9.6,8.5,99.0,273.0
2026-06-29T09:00,67.1,32.7,6.9,8.1,118.0,254.0
2026-06-29T10:00,90.6,36.3,4.3,7.2,137.0,236.0
2026-06-29T11:00,116.6,41.4,2.4,6.4,151.0,223.0
2026-06-29T12:00,153.2,48.1,1.5,6.0,154.0,215.0
2026-06-29T13:00,191.4,54.0,1.3,5.8,151.0,212.0
2026-06-29T14:00,239.3,61.0,1.8,5.8,147.0,215.0
2026-06-29T15:00,269.2,67.1,3.1,6.1,146.0,223.0
2026-06-29T16:00,294.3,72.2,5.0,6.7,145.0,237.0
2026-06-29T17:00,139.2,54.0,5.3,7.5,153.0,262.0
2026-06-29T18:00,97.1,49.9,7.3,8.2,142.0,314.0
2026-06-29T19:00,73.6,46.9,10.1,9.1,127.0,376.0
2026-06-29T20:00,60.8,44.7,12.3,9.7,113.0,406.0
2026-06-29T21:00,52.5,42.3,13.5,9.6,102.0,372.0
2026-06-29T22:00,47.5,38.6,14.3,9.2,91.0,304.0
2026-06-29T23:00,45.1,37.1,14.5,8.6,84.0,254.0
2026-06-30T00:00,46.3,36.9,14.0,7.7,81.0,241.0
2026-06-30T01:00,45.5,37.1,13.1,6.7,80.0,245.0
2026-06-30T02:00,43.3,36.7,12.4,5.9,80.0,255.0
2026-06-30T03:00,39.6,33.4,12.5,5.7,78.0,267.0
2026-06-30T04:00,40.0,33.2,12.8,5.8,76.0,284.0
2026-06-30T05:00,44.7,30.2,17.3,8.7,58.0,305.0
2026-06-30T06:00,44.1,31.2,15.4,8.9,65.0,335.0
2026-06-30T07:00,53.9,31.2,12.7,9.2,74.0,368.0
2026-06-30T08:00,77.5,33.9,10.1,9.2,86.0,383.0
2026-06-30T09:00,102.7,38.9,7.8,8.5,102.0,368.0
2026-06-30T10:00,110.6,41.0,5.7,7.6,120.0,335.0
2026-06-30T11:00,117.8,41.3,4.4,6.7,131.0,300.0
2026-06-30T12:00,127.1,43.7,4.1,6.0,130.0,261.0
2026-06-30T13:00,109.0,38.6,4.6,5.5,121.0,220.0
2026-06-30T14:00,97.6,35.5,5.5,5.3,113.0,192.0
2026-06-30T15:00,91.5,34.6,6.6,5.6,108.0,186.0
2026-06-30T16:00,87.5,34.9,8.1,6.3,103.0,194.0
2026-06-30T17:00,101.0,37.8,4.8,5.5,123.0,210.0
2026-06-30T18:00,84.8,39.9,9.5,7.2,109.0,233.0
2026-06-30T19:00,82.9,44.2,16.0,9.4,90.0,264.0
2026-06-30T20:00,83.1,47.1,20.5,11.0,76.0,299.0
2026-06-30T21:00,84.8,48.7,21.2,11.3,72.0,340.0
2026-06-30T22:00,82.0,48.9,19.9,10.8,72.0,384.0
2026-06-30T23:00,76.6,47.7,18.7,10.2,72.0,420.0
2026-07-01T00:00,74.3,48.3,18.6,9.5,68.0,452.0
2026-07-01T01:00,74.5,50.5,18.6,8.7,64.0,476.0
2026-07-01T02:00,71.5,50.6,18.1,8.0,62.0,472.0
2026-07-01T03:00,63.8,45.6,16.7,7.4,65.0,410.0
2026-07-01T04:00,58.3,40.6,14.7,7.0,71.0,318.0
2026-07-01T05:00,49.8,35.7,11.3,6.0,87.0,265.0
2026-07-01T06:00,47.4,36.3,11.5,7.1,88.0,293.0
2026-07-01T07:00,47.1,36.4,11.6,8.5,91.0,359.0
2026-07-01T08:00,46.9,34.2,10.9,9.4,97.0,397.0
2026-07-01T09:00,48.7,32.9,8.8,9.2,110.0,370.0
2026-07-01T10:00,49.1,33.4,5.9,8.5,127.0,315.0
2026-07-01T11:00,52.4,33.2,3.6,7.7,141.0,272.0
2026-07-01T12:00,61.0,32.2,2.5,6.9,148.0,256.0
2026-07-01T13:00,67.5,31.3,2.1,6.1,151.0,252.0
2026-07-01T14:00,74.7,31.9,2.0,5.6,153.0,260.0
2026-07-01T15:00,79.2,32.5,1.5,5.4,157.0,279.0
2026-07-01T16:00,79.6,33.4,1.4,5.4,160.0,309.0
2026-07-01T17:00,62.9,28.0,6.1,5.7,131.0,348.0
2026-07-01T18:00,59.3,31.1,12.1,7.3,112.0,407.0
2026-07-01T19:00,56.5,38.1,20.4,9.4,85.0,475.0
2026-07-01T20:00,59.5,43.7,25.8,10.8,66.0,519.0
2026-07-01T21:00,59.6,45.9,25.9,10.8,62.0,520.0
2026-07-01T22:00,57.4,46.4,23.3,10.1,66.0,496.0
2026-07-01T23:00,54.6,46.0,20.2,9.1,71.0,470.0
2026-07-02T00:00,50.6,44.8,17.1,7.9,77.0,445.0
2026-07-02T01:00,47.6,43.5,13.7,6.6,84.0,416.0
2026-07-02T02:00,42.5,37.7,11.2,5.6,90.0,394.0
2026-07-02T03:00,38.8,34.3,10.5,5.3,91.0,384.0
2026-07-02T04:00,35.7,32.6,10.7,5.3,91.0,380.0
2026-07-02T05:00,39.3,35.3,11.1,7.2,93.0,376.0
2026-07-02T06:00,38.0,35.6,10.3,7.2,98.0,369.0
2026-07-02T07:00,36.0,34.1,9.1,7.3,106.0,361.0
2026-07-02T08:00,31.4,28.8,7.8,7.3,115.0,354.0
2026-07-02T09:00,29.9,26.9,6.4,7.4,125.0,348.0
2026-07-02T10:00,28.1,26.1,4.9,7.4,136.0,342.0
2026-07-02T11:00,24.9,23.3,3.7,7.4,146.0,338.0
2026-07-02T12:00,22.6,21.2,3.0,7.3,155.0,334.0
2026-07-02T13:00,22.3,21.1,2.7,7.1,163.0,331.0
2026-07-02T14:00,22.2,21.1,2.7,6.9,168.0,337.0
2026-07-02T15:00,21.9,21.1,2.4,6.6,170.0,353.0
2026-07-02T16:00,22.1,21.5,2.5,6.4,168.0,377.0
2026-07-02T17:00,30.7,28.7,6.3,5.9,131.0,410.0
2026-07-02T18:00,32.9,32.0,10.9,7.4,115.0,461.0
2026-07-02T19:00,37.6,37.0,17.1,9.4,92.0,521.0
2026-07-02T20:00,40.2,39.8,21.3,10.6,75.0,562.0
2026-07-02T21:00,39.0,38.8,21.7,10.5,69.0,575.0
2026-07-02T22:00,36.9,36.6,20.0,9.6,68.0,570.0
2026-07-02T23:00,35.6,35.3,17.8,8.5,70.0,550.0
2026-07-03T00:00,33.2,33.1,14.8,7.1,77.0,505.0
2026-07-03T01:00,27.5,27.5,11.3,5.5,87.0,445.0
2026-07-03T02:00,22.3,22.2,9.1,4.4,93.0,406.0
2026-07-03T03:00,19.6,19.6,9.6,4.2,90.0,408.0
2026-07-03T04:00,21.2,21.1,11.5,4.6,82.0,431.0
2026-07-03T05:00,17.9,17.8,10.8,5.2,88.0,445.0
2026-07-03T06:00,19.4,19.3,9.7,5.8,97.0,442.0
2026-07-03T07:00,19.4,19.3,8.1,6.5,109.0,430.0
2026-07-03T08:00,21.0,20.9,6.5,7.0,120.0,412.0
2026-07-03T09:00,21.7,21.6,5.0,6.8,130.0,383.0
2026-07-03T10:00,21.1,20.9,3.6,6.3,140.0,346.0
2026-07-03T11:00,20.1,20.0,2.6,5.9,146.0,316.0
2026-07-03T12:00,19.3,19.1,2.2,5.6,148.0,293.0
2026-07-03T13:00,18.2,18.0,2.2,5.4,146.0,277.0
2026-07-03T14:00,17.9,17.6,2.4,5.3,144.0,274.0
2026-07-03T15:00,17.5,17.3,2.2,5.1,144.0,291.0
2026-07-03T16:00,17.6,17.3,2.2,4.9,144.0,322.0
2026-07-03T17:00,21.7,21.3,5.6,5.1,127.0,358.0
2026-07-03T18:00,25.8,25.5,9.4,6.4,113.0,404.0
2026-07-03T19:00,28.7,28.5,14.7,8.2,95.0,457.0
2026-07-03T20:00,29.0,28.8,18.4,9.5,81.0,493.0
2026-07-03T21:00,28.9,28.8,19.0,9.9,77.0,503.0
2026-07-03T22:00,28.8,28.6,18.0,9.8,78.0,498.0
2026-07-03T23:00,28.0,27.8,17.0,9.6,79.0,486.0
2026-07-04T00:00,27.6,27.5,16.2,9.3,79.0,467.0
2026-07-04T01:00,28.6,28.3,15.3,8.9,79.0,442.0
2026-07-04T02:00,30.7,30.5,15.0,8.7,77.0,426.0
2026-07-04T03:00,33.6,33.1,16.2,8.8,70.0,427.0
2026-07-04T04:00,36.2,35.5,17.9,9.2,61.0,437.0
2026-07-04T05:00,38.5,37.5,16.6,9.5,65.0,447.0
2026-07-04T06:00,39.5,38.4,14.3,9.9,80.0,461.0
2026-07-04T07:00,39.6,38.6,11.0,10.3,101.0,475.0
2026-07-04T08:00,37.7,36.6,8.0,10.4,120.0,468.0
2026-07-04T09:00,35.3,34.0,5.6,9.8,136.0,419.0
2026-07-04T10:00,31.1,30.3,3.5,8.7,151.0,349.0
2026-07-04T11:00,29.0,28.2,2.1,7.8,160.0,296.0
2026-07-04T12:00,28.0,27.2,1.5,7.2,161.0,277.0
2026-07-04T13:00,26.7,26.0,1.5,6.7,157.0,276.0
2026-07-04T14:00,25.4,24.7,1.9,6.3,152.0,284.0
2026-07-04T15:00,24.3,23.6,1.9,6.0,150.0,296.0
2026-07-04T16:00,24.0,23.3,2.1,5.8,146.0,318.0
2026-07-04T17:00,24.7,24.0,6.7,6.0,117.0,350.0
2026-07-04T18:00,29.9,29.3,13.0,7.6,100.0,408.0
2026-07-04T19:00,35.6,34.9,21.5,9.8,76.0,478.0
2026-07-04T20:00,38.8,38.2,27.5,11.4,59.0,517.0
2026-07-04T21:00,39.5,39.0,28.3,11.7,55.0,499.0
2026-07-04T22:00,37.4,36.9,26.4,11.4,56.0,450.0
2026-07-04T23:00,36.3,35.9,25.1,11.0,57.0,406.0
2026-07-05T00:00,36.9,36.6,25.8,10.7,52.0,374.0
2026-07-05T01:00,38.1,37.7,27.1,10.2,47.0,347.0
2026-07-05T02:00,38.0,37.6,27.2,9.5,44.0,336.0
2026-07-05T03:00,38.1,37.7,25.5,8.3,45.0,353.0
2026-07-05T04:00,36.7,36.3,22.7,6.8,49.0,385.0
2026-07-05T05:00,32.7,31.9,19.5,8.9,60.0,408.0
2026-07-05T06:00,33.4,32.9,16.5,9.2,78.0,412.0
2026-07-05T07:00,33.8,33.5,12.2,9.6,103.0,406.0
2026-07-05T08:00,31.0,30.7,8.5,9.5,126.0,389.0
2026-07-05T09:00,28.7,28.5,5.9,8.7,146.0,354.0
2026-07-05T10:00,27.3,27.0,4.0,7.5,163.0,308.0
2026-07-05T11:00,26.3,26.0,2.6,6.4,174.0,272.0
2026-07-05T12:00,24.7,24.5,2.0,5.5,173.0,255.0
2026-07-05T13:00,22.8,22.4,2.1,4.7,166.0,248.0
2026-07-05T14:00,21.5,21.1,2.4,4.2,159.0,249.0
2026-07-05T15:00,21.3,20.9,2.3,4.0,159.0,259.0
2026-07-05T16:00,22.5,22.2,2.5,4.2,160.0,277.0
2026-07-05T17:00,15.1,14.8,3.9,4.6,130.0,296.0
2026-07-05T18:00,22.0,21.8,11.4,6.5,111.0,318.0
2026-07-05T19:00,31.0,30.7,21.6,9.1,84.0,341.0
2026-07-05T20:00,36.6,36.0,28.4,10.8,64.0,354.0
2026-07-05T21:00,34.6,34.1,27.9,10.8,57.0,348.0
2026-07-05T22:00,32.6,32.4,23.9,9.9,56.0,333.0
2026-07-05T23:00,32.7,32.5,21.7,9.3,54.0,324.0
2026-07-06T00:00,33.4,33.2,23.8,9.3,50.0,327.0
2026-07-06T01:00,35.6,35.4,27.8,9.5,45.0,336.0
2026-07-06T02:00,38.2,37.8,31.3,9.7,40.0,352.0
2026-07-06T03:00,41.7,41.1,34.8,9.8,32.0,385.0
2026-07-06T04:00,42.6,42.0,37.9,9.9,24.0,425.0
2026-07-06T05:00,49.0,48.1,36.1,10.2,27.0,440.0
2026-07-06T06:00,44.0,43.7,28.0,10.1,57.0,407.0
2026-07-06T07:00,35.7,35.5,16.8,9.9,98.0,349.0
2026-07-06T08:00,25.4,25.0,8.0,9.2,127.0,299.0
2026-07-06T09:00,14.5,14.3,4.1,7.4,134.0,268.0
2026-07-06T10:00,11.7,11.6,2.6,5.0,129.0,245.0
2026-07-06T11:00,11.9,11.7,1.8,3.3,125.0,232.0
2026-07-06T12:00,12.1,11.9,1.4,2.9,126.0,234.0
2026-07-06T13:00,12.5,12.3,1.8,3.2,127.0,246.0
2026-07-06T14:00,13.8,13.6,2.4,3.5,128.0,259.0
2026-07-06T15:00,15.0,14.2,2.9,3.5,130.0,272.0
2026-07-06T16:00,14.6,14.3,3.6,3.6,131.0,287.0
2026-07-06T17:00,20.8,18.4,6.0,3.9,111.0,296.0
2026-07-06T18:00,20.3,19.2,9.4,5.2,100.0,294.0
2026-07-06T19:00,21.9,21.3,14.0,6.9,85.0,286.0
2026-07-06T20:00,23.4,22.9,17.2,8.2,73.0,284.0
2026-07-06T21:00,24.5,23.9,17.8,8.5,68.0,296.0
2026-07-06T22:00,24.2,23.1,17.1,8.4,68.0,314.0
2026-07-06T23:00,21.1,19.8,15.9,8.0,68.0,325.0
2026-07-07T00:00,17.6,16.5,14.3,7.4,70.0,321.0
2026-07-07T01:00,15.7,14.9,12.3,6.6,72.0,309.0
2026-07-07T02:00,15.1,14.1,10.9,6.0,74.0,300.0
2026-07-07T03:00,15.4,13.8,10.7,5.9,72.0,299.0
2026-07-07T04:00,15.3,13.6,11.0,6.0,68.0,301.0
2026-07-07T05:00,13.8,13.2,11.6,5.9,65.0,301.0
2026-07-07T06:00,13.6,13.0,9.7,5.7,73.0,299.0
2026-07-07T07:00,12.4,12.0,7.1,5.4,85.0,294.0
2026-07-07T08:00,10.6,10.5,4.9,5.2,96.0,287.0
2026-07-07T09:00,10.7,10.5,3.7,5.0,106.0,272.0
2026-07-07T10:00,11.4,11.3,3.0,4.9,115.0,254.0
2026-07-07T11:00,12.3,12.3,2.6,4.8,122.0,243.0
2026-07-07T12:00,13.5,13.5,2.3,4.8,125.0,244.0
2026-07-07T13:00,13.2,13.2,2.2,4.8,124.0,253.0
2026-07-07T14:00,12.5,12.4,2.7,4.9,122.0,262.0
2026-07-07T15:00,13.4,13.4,4.0,4.9,118.0,271.0
2026-07-07T16:00,13.7,13.7,5.9,4.8,111.0,281.0
2026-07-07T17:00,34.3,34.2,6.6,7.1,123.0,291.0
2026-07-07T18:00,36.6,36.6,8.4,8.3,118.0,303.0
2026-07-07T19:00,35.7,35.6,10.8,9.9,110.0,315.0
2026-07-07T20:00,36.3,36.2,12.3,10.8,104.0,323.0
2026-07-07T21:00,33.4,33.4,11.7,9.8,101.0,323.0
2026-07-07T22:00,27.3,27.2,10.1,8.0,98.0,319.0
2026-07-07T23:00,25.4,25.1,9.3,7.5,94.0,315.0
2026-07-08T00:00,24.8,24.4,10.2,9.5,86.0,312.0
2026-07-08T01:00,26.5,26.0,11.9,12.7,76.0,308.0
2026-07-08T02:00,28.9,28.0,13.5,15.5,67.0,303.0
2026-07-08T03:00,29.8,28.6,15.1,17.2,59.0,294.0
2026-07-08T04:00,28.6,27.4,16.7,18.4,51.0,283.0
2026-07-08T05:00,23.6,22.6,16.0,16.7,51.0,273.0
2026-07-08T06:00,22.8,21.7,14.6,16.6,56.0,266.0
2026-07-08T07:00,22.9,21.8,12.5,16.4,64.0,261.0
2026-07-08T08:00,22.6,21.4,10.3,15.7,75.0,258.0
2026-07-08T09:00,21.4,20.4,7.7,14.1,91.0,256.0
2026-07-08T10:00,20.1,19.4,4.9,12.0,108.0,256.0
2026-07-08T11:00,19.1,18.5,3.0,10.1,121.0,256.0
2026-07-08T12:00,17.2,16.6,2.5,8.6,124.0,255.0
2026-07-08T13:00,16.7,16.4,2.9,7.3,121.0,253.0
2026-07-08T14:00,16.5,16.2,3.7,6.3,118.0,257.0
2026-07-08T15:00,17.9,17.6,4.8,5.6,116.0,268.0
2026-07-08T16:00,18.2,18.0,6.2,5.3,113.0,283.0
2026-07-08T17:00,21.9,21.8,7.5,6.1,113.0,300.0
2026-07-08T18:00,22.5,22.4,8.5,6.1,107.0,322.0
2026-07-08T19:00,20.7,20.7,9.9,6.1,100.0,345.0
2026-07-08T20:00,20.8,20.8,11.1,6.3,92.0,356.0
2026-07-08T21:00,22.7,22.5,12.1,6.8,85.0,346.0
2026-07-08T22:00,23.3,23.1,12.9,7.5,79.0,324.0
2026-07-08T23:00,25.5,25.1,13.4,8.1,74.0,303.0
2026-07-09T00:00,27.9,27.5,13.5,8.6,71.0,284.0
2026-07-09T01:00,29.2,28.7,13.2,9.0,69.0,265.0
2026-07-09T02:00,30.7,30.3,13.0,9.3,67.0,254.0
2026-07-09T03:00,30.6,30.0,13.1,9.3,64.0,253.0
2026-07-09T04:00,30.0,29.3,13.2,9.1,62.0,258.0
2026-07-09T05:00,37.1,36.1,16.0,10.4,57.0,269.0
2026-07-09T06:00,33.1,32.1,14.9,10.3,60.0,289.0
2026-07-09T07:00,29.6,28.5,13.3,10.0,64.0,315.0
2026-07-09T08:00,27.4,26.3,11.6,9.6,71.0,330.0
2026-07-09T09:00,25.8,24.6,9.5,8.8,83.0,326.0
2026-07-09T10:00,24.5,23.1,7.2,7.9,97.0,311.0
2026-07-09T11:00,18.6,17.2,5.6,7.1,108.0,297.0
2026-07-09T12:00,14.5,13.2,4.7,6.6,115.0,284.0
2026-07-09T13:00,13.3,12.3,4.5,6.4,119.0,270.0
2026-07-09T14:00,14.2,13.4,5.3,6.2,119.0,265.0
2026-07-09T15:00,15.5,14.1,7.4,6.0,112.0,272.0
2026-07-09T16:00,17.1,14.7,10.6,5.8,100.0,287.0
2026-07-09T17:00,30.2,25.0,9.0,6.5,105.0,307.0
2026-07-09T18:00,32.8,28.7,12.7,7.3,93.0,336.0
2026-07-09T19:00,36.4,32.7,17.7,8.3,76.0,371.0
2026-07-09T20:00,35.2,31.4,20.7,8.8,64.0,394.0
2026-07-09T21:00,33.9,29.6,19.7,8.4,62.0,400.0
2026-07-09T22:00,32.5,27.2,16.7,7.5,66.0,395.0
2026-07-09T23:00,29.5,23.8,14.4,6.7,68.0,381.0
2026-07-10T00:00,28.6,22.0,13.7,5.9,67.0,351.0
2026-07-10T01:00,29.2,22.4,13.6,5.2,66.0,311.0
2026-07-10T02:00,31.1,23.6,14.0,4.8,64.0,283.0
2026-07-10T03:00,32.4,24.9,15.1,4.9,61.0,276.0
2026-07-10T04:00,34.9,26.4,16.6,5.3,57.0,280.0
2026-07-10T05:00,88.9,39.1,12.7,10.3,76.0,288.0
2026-07-10T06:00,79.6,38.8,13.0,9.5,75.0,306.0
2026-07-10T07:00,68.5,36.6,13.3,8.5,75.0,328.0
2026-07-10T08:00,58.2,34.0,13.3,7.6,74.0,332.0
2026-07-10T09:00,57.2,35.3,12.7,7.1,74.0,297.0
2026-07-10T10:00,56.7,33.6,11.8,6.9,74.0,243.0
2026-07-10T11:00,52.0,34.7,10.9,6.8,75.0,206.0
2026-07-10T12:00,51.1,35.2,9.9,7.0,79.0,205.0
2026-07-10T13:00,50.1,32.5,8.9,7.4,84.0,222.0
2026-07-10T14:00,53.4,33.1,8.4,7.6,88.0,237.0
2026-07-10T15:00,53.9,32.8,8.5,7.1,91.0,241.0
2026-07-10T16:00,59.6,35.2,9.1,6.4,94.0,243.0
2026-07-10T17:00,140.2,61.7,6.7,7.0,114.0,251.0
2026-07-10T18:00,124.3,63.6,11.2,8.1,99.0,277.0
2026-07-10T19:00,124.8,66.4,17.5,9.6,78.0,309.0
2026-07-10T20:00,122.0,67.8,22.0,10.5,63.0,324.0
2026-07-10T21:00,121.5,66.1,23.2,10.3,58.0,307.0
2026-07-10T22:00,130.4,66.4,22.8,9.5,59.0,272.0
2026-07-10T23:00,144.4,68.5,21.9,8.7,59.0,243.0
2026-07-11T00:00,137.4,64.0,20.8,7.9,58.0,227.0
2026-07-11T01:00,123.4,58.0,19.2,7.1,57.0,217.0
2026-07-11T02:00,118.3,55.4,18.2,6.5,55.0,209.0
2026-07-11T03:00,109.7,51.9,18.5,6.2,51.0,201.0
2026-07-11T04:00,103.4,48.9,19.3,6.1,47.0,195.0
2026-07-11T05:00,58.3,37.4,15.4,8.1,47.0,195.0
2026-07-11T06:00,58.6,39.7,14.8,8.2,49.0,208.0
2026-07-11T07:00,60.5,42.0,13.8,8.2,51.0,227.0
2026-07-11T08:00,81.0,46.2,12.1,7.9,60.0,235.0
2026-07-11T09:00,115.0,52.0,8.9,7.0,80.0,220.0
2026-07-11T10:00,158.8,59.4,5.0,5.8,105.0,194.0
2026-07-11T11:00,211.9,67.1,2.1,4.8,123.0,173.0
2026-07-11T12:00,257.0,73.6,0.9,4.3,127.0,159.0
2026-07-11T13:00,279.4,76.1,0.8,4.0,123.0,151.0
2026-07-11T14:00,272.9,75.2,1.3,3.9,118.0,153.0
2026-07-11T15:00,262.6,75.2,2.3,4.0,113.0,174.0
2026-07-11T16:00,227.7,72.4,4.0,4.2,105.0,206.0
2026-07-11T17:00,218.4,79.2,7.3,4.7,89.0,234.0
2026-07-11T18:00,199.3,73.8,13.1,6.2,77.0,246.0
2026-07-11T19:00,190.9,76.4,21.1,8.1,60.0,254.0
2026-07-11T20:00,193.7,80.8,26.0,9.2,49.0,280.0
2026-07-11T21:00,179.3,78.7,24.7,8.6,50.0,350.0
2026-07-11T22:00,150.9,71.7,20.4,7.1,56.0,438.0
2026-07-11T23:00,121.5,59.6,17.7,5.9,58.0,489.0
2026-07-12T00:00,112.5,52.6,18.7,5.3,52.0,461.0
2026-07-12T01:00,101.7,52.0,21.4,5.1,42.0,396.0
2026-07-12T02:00,91.7,51.8,24.0,5.1,33.0,362.0
2026-07-12T03:00,89.6,48.2,26.8,5.5,25.0,406.0
2026-07-12T04:00,96.9,50.2,29.5,6.2,18.0,482.0
2026-07-12T05:00,78.7,38.9,11.8,7.5,58.0,510.0
2026-07-12T06:00,71.9,37.7,10.8,8.0,62.0,444.0
2026-07-12T07:00,65.7,37.1,9.4,8.7,68.0,330.0
2026-07-12T08:00,74.3,36.4,7.8,8.8,76.0,239.0
2026-07-12T09:00,76.4,35.9,5.8,7.7,89.0,196.0
2026-07-12T10:00,88.0,37.0,3.5,6.0,104.0,175.0
2026-07-12T11:00,119.2,40.9,1.9,4.6,115.0,162.0
2026-07-12T12:00,141.6,44.7,1.2,3.9,117.0,153.0
2026-07-12T13:00,152.7,46.6,1.1,3.5,114.0,151.0
2026-07-12T14:00,158.3,47.3,1.5,3.4,110.0,153.0
2026-07-12T15:00,155.1,47.1,2.3,3.5,106.0,159.0
2026-07-12T16:00,136.4,46.4,3.6,3.8,100.0,168.0
2026-07-12T17:00,122.0,48.8,5.9,4.5,92.0,181.0
2026-07-12T18:00,108.3,49.2,9.4,5.7,82.0,202.0
2026-07-12T19:00,99.7,49.9,14.1,7.3,68.0,226.0
2026-07-12T20:00,90.3,49.1,17.1,8.5,58.0,238.0
2026-07-12T21:00,80.8,46.1,16.9,8.7,56.0,228.0
2026-07-12T22:00,74.0,42.7,15.0,8.4,58.0,206.0
2026-07-12T23:00,72.4,40.4,13.2,8.1,61.0,188.0
2026-07-13T00:00,74.7,39.5,11.7,7.7,64.0,180.0
2026-07-13T01:00,76.8,39.3,10.3,7.2,66.0,177.0
2026-07-13T02:00,75.9,39.0,9.7,7.0,67.0,177.0
2026-07-13T03:00,74.3,38.8,10.7,7.2,62.0,182.0
2026-07-13T04:00,72.4,38.8,12.5,7.7,55.0,191.0
2026-07-13T05:00,69.8,37.1,10.2,6.9,62.0,200.0
2026-07-13T06:00,71.7,37.8,9.8,7.1,65.0,212.0
2026-07-13T07:00,74.7,39.0,9.2,7.4,69.0,225.0
2026-07-13T08:00,94.3,44.0,8.1,7.4,77.0,228.0
2026-07-13T09:00,124.8,50.5,6.2,6.9,93.0,213.0
2026-07-13T10:00,158.8,56.8,3.8,6.1,112.0,188.0
2026-07-13T11:00,174.6,59.5,2.1,5.4,125.0,169.0
2026-07-13T12:00,165.8,57.3,1.4,4.7,127.0,161.0
2026-07-13T13:00,160.2,55.2,1.3,4.1,124.0,159.0
2026-07-13T14:00,150.4,52.3,1.7,3.8,119.0,165.0
2026-07-13T15:00,136.4,49.1,2.5,3.8,116.0,183.0
2026-07-13T16:00,122.9,46.4,3.8,4.2,112.0,210.0
2026-07-13T17:00,136.4,58.0,9.1,5.5,86.0,239.0
2026-07-13T18:00,115.7,57.9,12.0,6.6,78.0,274.0
2026-07-13T19:00,105.9,58.1,15.9,8.0,67.0,311.0
2026-07-13T20:00,97.3,56.2,18.6,9.1,58.0,326.0
2026-07-13T21:00,90.1,53.7,18.5,9.3,55.0,301.0
2026-07-13T22:00,85.4,51.5,17.1,9.2,55.0,254.0
2026-07-13T23:00,81.7,48.5,16.5,9.0,54.0,218.0
2026-07-14T00:00,83.1,47.4,17.6,8.9,50.0,204.0
2026-07-14T01:00,91.3,51.2,19.4,8.8,46.0,200.0
2026-07-14T02:00,92.2,52.9,21.4,8.8,41.0,203.0
2026-07-14T03:00,96.6,56.2,24.1,9.2,35.0,215.0
2026-07-14T04:00,105.9,59.8,26.8,9.7,28.0,234.0
2026-07-14T05:00,121.1,54.6,13.5,6.8,51.0,249.0
2026-07-14T06:00,122.5,56.8,12.9,7.1,55.0,259.0
2026-07-14T07:00,121.1,59.1,11.9,7.4,61.0,265.0
2026-07-14T08:00,162.1,64.7,10.4,7.8,72.0,264.0
2026-07-14T09:00,208.6,73.3,8.0,8.3,92.0,252.0
2026-07-14T10:00,256.1,82.2,5.2,8.9,117.0,232.0
2026-07-14T11:00,273.8,85.7,3.0,9.0,135.0,215.0
2026-07-14T12:00,260.8,83.4,1.9,8.2,140.0,197.0
2026-07-14T13:00,245.9,80.3,1.5,7.0,138.0,181.0
2026-07-14T14:00,239.3,77.8,2.0,6.0,133.0,184.0
2026-07-14T15:00,221.2,72.9,3.4,5.5,125.0,222.0
2026-07-14T16:00,199.8,70.1,5.7,5.2,115.0,279.0
2026-07-14T17:00,244.9,87.5,11.0,6.0,96.0,324.0
2026-07-14T18:00,225.8,90.6,18.7,8.3,81.0,345.0
2026-07-14T19:00,231.4,98.7,29.3,11.5,60.0,354.0
2026-07-14T20:00,217.9,100.6,36.5,13.7,44.0,356.0
2026-07-14T21:00,194.2,93.8,37.5,14.0,38.0,355.0
2026-07-14T22:00,183.0,89.9,35.2,13.3,38.0,347.0
2026-07-14T23:00,179.7,87.8,32.1,12.3,38.0,331.0
2026-07-15T00:00,155.1,78.7,28.5,10.9,39.0,300.0
2026-07-15T01:00,151.3,75.9,24.1,9.2,41.0,261.0
2026-07-15T02:00,142.5,72.9,21.1,8.0,42.0,234.0
2026-07-15T03:00,135.0,70.8,21.0,7.7,39.0,227.0
2026-07-15T04:00,127.1,69.4,22.3,7.8,35.0,232.0
2026-07-15T05:00,140.2,76.1,23.7,8.9,32.0,243.0
2026-07-15T06:00,129.9,74.7,20.6,10.1,45.0,265.0
2026-07-15T07:00,139.7,71.7,16.1,11.7,65.0,292.0
2026-07-15T08:00,147.6,68.9,12.0,13.0,88.0,307.0
2026-07-15T09:00,159.3,69.6,8.5,13.7,118.0,298.0
2026-07-15T10:00,172.8,72.4,5.2,14.0,152.0,276.0
2026-07-15T11:00,188.6,74.7,2.9,13.7,175.0,253.0
2026-07-15T12:00,196.0,74.0,2.0,12.4,179.0,230.0
2026-07-15T13:00,183.9,69.4,2.0,10.6,172.0,206.0
2026-07-15T14:00,176.5,66.8,2.5,9.0,162.0,196.0
2026-07-15T15:00,174.6,66.4,3.0,8.0,153.0,204.0
2026-07-15T16:00,170.0,64.7,3.9,7.2,142.0,225.0
2026-07-15T17:00,173.2,69.4,6.9,7.9,130.0,260.0
2026-07-15T18:00,149.9,71.9,15.5,10.1,108.0,319.0
2026-07-15T19:00,158.8,81.7,27.2,13.1,79.0,391.0
2026-07-15T20:00,157.4,86.1,34.9,14.9,57.0,442.0
2026-07-15T21:00,155.1,86.6,34.7,14.5,51.0,457.0
2026-07-15T22:00,149.5,84.5,30.5,13.0,53.0,450.0
2026-07-15T23:00,143.0,78.7,26.4,11.5,55.0,436.0
