latitude,longitude,elevation,utc_offset_seconds,timezone,timezone_abbreviation
13.0,77.600006,918.0,19800,Asia/Kolkata,GMT+5:30

time,pm10 (μg/m³),pm2_5 (μg/m³),carbon_monoxide (μg/m³),nitrogen_dioxide (μg/m³),sulphur_dioxide (μg/m³),ozone (μg/m³)
2026-07-20T00:30,8.0,6.2,210.0,9.2,4.1,40.0

time,pm10 (μg/m³),pm2_5 (μg/m³),nitrogen_dioxide (μg/m³),sulphur_dioxide (μg/m³),ozone (μg/m³),carbon_monoxide (μg/m³)
2026-04-15T00:00,19.5,17.0,19.4,10.0,89.0,394.0
2026-04-15T01:00,20.1,17.3,18.2,10.5,89.0,347.0
2026-04-15T02:00,21.2,18.0,18.1,11.1,86.0,322.0
2026-04-15T03:00,22.6,19.2,20.8,11.9,77.0,332.0
2026-04-15T04:00,24.3,20.6,24.8,12.8,65.0,365.0
2026-04-15T05:00,27.3,23.3,30.4,13.3,56.0,419.0
2026-04-15T06:00,29.5,25.6,26.7,13.3,65.0,524.0
2026-04-15T07:00,28.6,25.1,21.5,13.2,80.0,650.0
2026-04-15T08:00,27.4,23.7,16.5,12.7,98.0,709.0
2026-04-15T09:00,24.2,20.1,11.8,11.4,125.0,640.0
2026-04-15T10:00,23.7,19.1,7.3,9.7,156.0,505.0
2026-04-15T11:00,25.3,19.6,4.1,8.3,179.0,396.0
2026-04-15T12:00,29.7,22.3,2.8,7.4,187.0,348.0
2026-04-15T13:00,32.8,24.6,2.7,6.9,187.0,328.0
2026-04-15T14:00,33.8,25.6,3.4,6.4,184.0,324.0
2026-04-15T15:00,33.4,25.7,4.3,5.9,180.0,335.0
2026-04-15T16:00,32.7,25.4,5.9,5.5,174.0,364.0
2026-04-15T17:00,20.3,16.4,9.1,6.1,157.0,405.0
2026-04-15T18:00,24.2,20.8,14.6,7.0,138.0,476.0
2026-04-15T19:00,28.4,25.3,22.2,8.2,112.0,560.0
2026-04-15T20:00,27.3,24.3,26.8,9.0,93.0,603.0
2026-04-15T21:00,25.3,22.4,25.6,9.0,88.0,571.0
2026-04-15T22:00,24.3,21.4,21.6,8.6,89.0,499.0
2026-04-15T23:00,24.3,21.2,18.7,8.6,89.0,437.0
2026-04-16T00:00,24.3,20.9,18.3,9.4,86.0,400.0
2026-04-16T01:00,25.0,21.2,19.1,10.6,83.0,372.0
2026-04-16T02:00,26.7,22.5,21.1,11.7,77.0,360.0
2026-04-16T03:00,28.8,24.4,26.0,12.8,65.0,358.0
2026-04-16T04:00,31.7,27.2,32.2,13.8,51.0,372.0
2026-04-16T05:00,37.3,32.0,36.9,14.4,44.0,418.0
2026-04-16T06:00,43.5,38.3,32.1,14.4,58.0,540.0
2026-04-16T07:00,41.9,38.0,25.3,14.4,78.0,696.0
2026-04-16T08:00,38.6,33.5,18.9,13.9,101.0,773.0
2026-04-16T09:00,34.1,28.9,13.3,12.4,132.0,701.0
2026-04-16T10:00,32.0,26.5,8.2,10.4,166.0,551.0
2026-04-16T11:00,31.9,25.9,4.5,8.7,190.0,428.0
2026-04-16T12:00,31.0,25.0,3.0,7.6,196.0,370.0
2026-04-16T13:00,28.8,23.4,3.0,6.9,191.0,339.0
2026-04-16T14:00,26.8,22.1,3.6,6.3,183.0,326.0
2026-04-16T15:00,25.6,21.2,4.4,5.7,175.0,336.0
2026-04-16T16:00,25.4,21.2,5.8,5.3,165.0,364.0
2026-04-16T17:00,29.6,25.1,8.1,5.3,144.0,391.0
2026-04-16T18:00,31.2,27.7,11.9,6.1,130.0,409.0
2026-04-16T19:00,32.7,29.7,17.1,7.2,110.0,425.0
2026-04-16T20:00,32.6,29.7,20.4,8.6,97.0,438.0
2026-04-16T21:00,32.5,29.7,20.0,10.4,97.0,450.0
2026-04-16T22:00,32.7,30.2,17.8,12.5,104.0,458.0
2026-04-16T23:00,32.8,30.3,16.1,14.3,108.0,455.0
2026-04-17T00:00,32.6,29.9,15.3,15.5,107.0,430.0
2026-04-17T01:00,32.7,29.7,15.0,16.4,103.0,394.0
2026-04-17T02:00,34.0,30.3,16.3,17.6,99.0,370.0
2026-04-17T03:00,36.6,32.5,21.0,19.7,92.0,352.0
2026-04-17T04:00,41.4,37.1,27.2,22.1,83.0,345.0
2026-04-17T05:00,43.9,39.5,33.9,18.7,55.0,389.0
2026-04-17T06:00,51.7,46.9,30.8,18.6,68.0,550.0
2026-04-17T07:00,51.3,47.0,26.3,18.4,86.0,762.0
2026-04-17T08:00,46.9,40.3,21.3,17.4,108.0,865.0
2026-04-17T09:00,41.0,34.1,15.4,15.0,137.0,753.0
2026-04-17T10:00,38.2,31.0,9.0,11.8,170.0,532.0
2026-04-17T11:00,36.6,29.2,4.4,9.1,192.0,363.0
2026-04-17T12:00,32.0,26.1,2.6,7.4,194.0,310.0
2026-04-17T13:00,28.2,23.3,2.5,6.3,185.0,308.0
2026-04-17T14:00,24.9,20.5,3.1,5.4,175.0,321.0
2026-04-17T15:00,22.2,18.4,3.8,4.7,167.0,342.0
2026-04-17T16:00,20.8,17.2,5.1,4.3,158.0,377.0
2026-04-17T17:00,30.9,25.2,7.8,4.5,145.0,408.0
2026-04-17T18:00,31.4,27.4,11.8,5.4,132.0,427.0
2026-04-17T19:00,32.5,28.9,17.3,6.6,114.0,442.0
2026-04-17T20:00,33.5,29.9,21.2,7.8,101.0,453.0
2026-04-17T21:00,36.3,32.4,22.1,8.8,97.0,467.0
2026-04-17T22:00,39.8,35.4,21.5,9.7,97.0,478.0
2026-04-17T23:00,42.4,37.8,20.5,10.7,97.0,470.0
2026-04-18T00:00,44.0,39.2,19.2,11.9,97.0,423.0
2026-04-18T01:00,45.4,40.4,17.5,13.3,97.0,358.0
2026-04-18T02:00,47.3,41.7,16.7,14.8,95.0,319.0
2026-04-18T03:00,49.1,43.1,17.9,16.3,89.0,321.0
2026-04-18T04:00,51.9,45.8,20.1,18.0,82.0,349.0
2026-04-18T05:00,57.5,50.9,25.2,18.9,77.0,401.0
2026-04-18T06:00,59.8,54.0,23.1,21.5,89.0,510.0
2026-04-18T07:00,53.3,48.7,20.0,24.8,105.0,644.0
2026-04-18T08:00,47.6,41.8,16.5,25.8,123.0,703.0
2026-04-18T09:00,45.5,38.0,12.2,22.5,143.0,618.0
2026-04-18T10:00,43.4,34.9,7.4,16.8,164.0,459.0
2026-04-18T11:00,38.1,30.3,3.9,12.0,177.0,338.0
2026-04-18T12:00,33.8,27.2,2.6,9.0,178.0,300.0
2026-04-18T13:00,31.7,25.8,2.5,6.9,172.0,300.0
2026-04-18T14:00,29.9,24.8,3.1,5.4,165.0,311.0
2026-04-18T15:00,28.4,23.7,3.9,4.6,160.0,330.0
2026-04-18T16:00,26.8,22.6,5.3,4.5,155.0,360.0
2026-04-18T17:00,34.5,28.3,7.5,5.3,146.0,388.0
2026-04-18T18:00,35.2,30.9,11.3,6.3,133.0,412.0
2026-04-18T19:00,35.6,31.8,16.6,7.8,116.0,434.0
2026-04-18T20:00,34.3,30.5,20.4,9.0,101.0,450.0
2026-04-18T21:00,32.5,28.7,21.3,9.6,93.0,460.0
2026-04-18T22:00,31.5,27.7,20.7,9.9,88.0,463.0
2026-04-18T23:00,30.9,27.0,19.8,10.5,85.0,451.0
2026-04-19T00:00,29.9,25.9,18.5,11.5,83.0,405.0
2026-04-19T01:00,29.6,25.4,16.9,12.8,83.0,344.0
2026-04-19T02:00,29.9,25.3,16.8,14.2,81.0,316.0
2026-04-19T03:00,31.2,26.2,20.0,16.0,74.0,345.0
2026-04-19T04:00,34.6,29.3,24.7,18.0,66.0,406.0
2026-04-19T05:00,36.8,31.9,26.1,17.6,60.0,474.0
2026-04-19T06:00,40.7,36.1,23.9,17.7,71.0,558.0
2026-04-19T07:00,37.3,33.5,20.6,17.8,88.0,649.0
2026-04-19T08:00,31.4,27.1,17.0,16.9,107.0,687.0
2026-04-19T09:00,27.8,23.3,12.6,14.3,132.0,631.0
2026-04-19T10:00,28.2,23.1,7.8,10.8,161.0,523.0
2026-04-19T11:00,29.9,23.6,4.3,8.0,181.0,431.0
2026-04-19T12:00,31.4,24.4,3.0,6.8,187.0,377.0
2026-04-19T13:00,31.9,24.9,3.0,6.3,185.0,340.0
2026-04-19T14:00,31.4,24.8,3.6,6.1,181.0,324.0
2026-04-19T15:00,30.6,24.3,4.1,5.8,177.0,330.0
2026-04-19T16:00,29.7,23.9,5.2,5.7,170.0,357.0
2026-04-19T17:00,21.5,17.8,8.0,6.1,155.0,402.0
2026-04-19T18:00,23.7,20.7,14.2,7.5,137.0,488.0
2026-04-19T19:00,26.8,24.3,22.7,9.4,112.0,593.0
2026-04-19T20:00,24.9,22.6,28.1,10.5,92.0,648.0
2026-04-19T21:00,21.7,19.4,27.6,10.0,84.0,606.0
2026-04-19T22:00,20.3,17.9,24.1,8.7,81.0,514.0
2026-04-19T23:00,19.7,17.0,21.2,8.0,79.0,446.0
2026-04-20T00:00,18.7,15.9,19.6,8.5,77.0,426.0
2026-04-20T01:00,18.4,15.5,18.5,9.6,75.0,430.0
2026-04-20T02:00,20.4,17.3,19.7,10.9,71.0,453.0
2026-04-20T03:00,23.2,20.0,25.5,12.5,59.0,509.0
2026-04-20T04:00,25.9,22.8,33.5,14.2,43.0,584.0
2026-04-20T05:00,27.5,25.6,25.8,12.5,46.0,633.0
2026-04-20T06:00,31.8,29.8,24.5,14.0,59.0,636.0
2026-04-20T07:00,36.1,34.1,22.6,16.0,78.0,612.0
2026-04-20T08:00,36.7,33.6,19.7,16.9,102.0,574.0
2026-04-20T09:00,37.8,34.2,14.9,15.8,135.0,514.0
2026-04-20T10:00,35.9,32.0,9.2,13.7,173.0,440.0
2026-04-20T11:00,32.8,28.5,5.0,11.6,201.0,381.0
2026-04-20T12:00,31.8,26.9,3.4,9.9,211.0,348.0
2026-04-20T13:00,31.2,26.1,3.4,8.4,211.0,331.0
2026-04-20T14:00,30.2,25.0,4.0,7.2,208.0,327.0
2026-04-20T15:00,29.0,23.9,4.4,6.4,205.0,332.0
2026-04-20T16:00,28.0,22.9,5.4,6.0,198.0,351.0
2026-04-20T17:00,29.8,23.6,8.5,5.9,170.0,398.0
2026-04-20T18:00,31.0,26.1,14.5,7.2,150.0,510.0
2026-04-20T19:00,33.1,29.2,22.7,9.0,122.0,649.0
2026-04-20T20:00,31.1,27.9,27.4,10.5,101.0,716.0
2026-04-20T21:00,28.1,25.6,25.6,11.1,95.0,646.0
2026-04-20T22:00,26.5,24.6,20.3,11.3,97.0,505.0
2026-04-20T23:00,26.1,24.4,15.9,12.4,99.0,389.0
2026-04-21T00:00,25.8,24.3,13.6,15.2,99.0,328.0
2026-04-21T01:00,25.1,23.7,12.0,18.8,98.0,292.0
2026-04-21T02:00,24.1,22.7,11.5,21.5,95.0,288.0
2026-04-21T03:00,23.6,22.3,12.7,22.7,85.0,329.0
2026-04-21T04:00,25.4,24.0,14.9,23.0,72.0,402.0
2026-04-21T05:00,28.1,26.7,17.2,22.6,65.0,474.0
2026-04-21T06:00,30.5,29.2,16.1,21.6,73.0,548.0
2026-04-21T07:00,25.4,23.9,14.4,20.2,84.0,622.0
2026-04-21T08:00,21.1,19.3,12.3,18.1,99.0,655.0
2026-04-21T09:00,21.4,19.2,9.4,15.0,121.0,622.0
2026-04-21T10:00,23.7,20.5,6.1,11.2,146.0,548.0
2026-04-21T11:00,25.6,21.2,3.7,8.3,165.0,472.0
2026-04-21T12:00,25.0,20.1,2.8,6.9,173.0,395.0
2026-04-21T13:00,23.3,18.8,2.7,6.2,175.0,317.0
2026-04-21T14:00,21.2,17.3,3.2,5.7,173.0,269.0
2026-04-21T15:00,19.7,16.1,4.0,5.0,167.0,272.0
2026-04-21T16:00,18.7,15.5,5.3,4.3,158.0,306.0
2026-04-21T17:00,19.4,15.7,7.1,3.5,138.0,348.0
2026-04-21T18:00,21.0,18.2,11.0,4.4,125.0,405.0
2026-04-21T19:00,22.2,19.8,16.3,5.6,106.0,472.0
2026-04-21T20:00,19.8,17.7,19.7,6.7,93.0,504.0
2026-04-21T21:00,18.5,16.3,19.3,7.2,90.0,474.0
2026-04-21T22:00,19.2,16.9,16.9,7.6,92.0,410.0
2026-04-21T23:00,20.7,18.5,14.8,9.2,94.0,358.0
2026-04-22T00:00,22.2,20.0,13.4,13.1,95.0,332.0
2026-04-22T01:00,23.7,21.6,12.3,18.1,97.0,318.0
2026-04-22T02:00,24.7,22.6,12.3,22.1,95.0,321.0
2026-04-22T03:00,25.4,23.4,14.6,24.2,86.0,344.0
2026-04-22T04:00,27.5,25.4,18.0,25.3,75.0,383.0
2026-04-22T05:00,39.5,36.0,29.5,24.2,63.0,434.0
2026-04-22T06:00,45.6,42.1,25.4,24.5,74.0,519.0
2026-04-22T07:00,36.4,33.6,19.7,24.7,90.0,615.0
2026-04-22T08:00,27.6,24.8,14.5,23.6,108.0,649.0
2026-04-22T09:00,26.0,22.6,10.3,20.0,132.0,563.0
2026-04-22T10:00,26.0,21.7,6.6,15.1,158.0,415.0
2026-04-22T11:00,24.3,19.7,4.0,11.1,176.0,303.0
2026-04-22T12:00,23.4,17.9,2.8,9.0,179.0,266.0
2026-04-22T13:00,23.6,17.5,2.6,7.8,174.0,265.0
2026-04-22T14:00,23.3,17.4,3.0,7.0,167.0,276.0
2026-04-22T15:00,22.5,17.2,3.7,6.5,162.0,296.0
2026-04-22T16:00,21.8,16.9,5.1,6.3,156.0,329.0
2026-04-22T17:00,22.0,17.1,7.4,6.4,147.0,359.0
2026-04-22T18:00,23.7,19.9,11.5,7.3,134.0,386.0
2026-04-22T19:00,25.0,21.9,17.1,8.6,116.0,411.0
2026-04-22T20:00,23.9,21.1,20.9,9.6,102.0,421.0
2026-04-22T21:00,23.3,20.7,21.4,10.0,97.0,408.0
2026-04-22T22:00,23.9,21.4,20.0,10.1,96.0,380.0
2026-04-22T23:00,24.7,22.1,18.5,10.4,96.0,351.0
2026-04-23T00:00,24.9,22.3,16.7,11.0,95.0,320.0
2026-04-23T01:00,25.0,22.5,14.7,11.7,94.0,288.0
2026-04-23T02:00,25.3,22.9,14.0,12.7,92.0,275.0
2026-04-23T03:00,26.1,23.5,16.1,14.0,85.0,281.0
2026-04-23T04:00,27.6,25.0,19.5,15.5,76.0,304.0
2026-04-23T05:00,32.6,29.9,23.4,17.0,73.0,362.0
2026-04-23T06:00,37.5,34.9,22.1,19.9,82.0,501.0
2026-04-23T07:00,31.7,29.8,20.1,23.8,95.0,674.0
2026-04-23T08:00,26.8,24.6,17.4,25.6,111.0,757.0
2026-04-23T09:00,25.6,22.7,13.3,23.5,135.0,664.0
2026-04-23T10:00,26.6,22.7,8.4,19.3,162.0,480.0
2026-04-23T11:00,27.4,22.3,4.8,15.4,180.0,338.0
2026-04-23T12:00,28.0,21.4,3.2,12.3,181.0,291.0
2026-04-23T13:00,28.8,21.7,2.9,9.4,173.0,286.0
2026-04-23T14:00,27.9,21.5,3.2,7.3,165.0,294.0
2026-04-23T15:00,26.8,21.0,4.0,6.4,160.0,313.0
2026-04-23T16:00,25.8,20.4,5.4,6.3,155.0,345.0
2026-04-23T17:00,27.9,21.8,7.8,6.3,138.0,372.0
2026-04-23T18:00,28.5,23.6,11.4,7.4,126.0,387.0
2026-04-23T19:00,29.2,24.9,16.2,9.0,110.0,397.0
2026-04-23T20:00,28.8,24.7,19.5,10.4,98.0,402.0
2026-04-23T21:00,28.6,24.9,19.8,11.2,94.0,405.0
2026-04-23T22:00,29.5,26.1,18.5,11.8,95.0,404.0
2026-04-23T23:00,30.5,27.4,17.1,12.6,96.0,390.0
2026-04-24T00:00,31.0,28.2,15.7,14.0,97.0,348.0
2026-04-24T01:00,31.7,28.9,14.3,15.6,98.0,293.0
2026-04-24T02:00,32.2,29.5,14.0,17.2,96.0,265.0
2026-04-24T03:00,32.9,30.3,16.1,18.7,88.0,276.0
2026-04-24T04:00,35.2,32.4,19.2,20.1,78.0,312.0
2026-04-24T05:00,47.1,43.4,34.1,22.8,67.0,375.0
2026-04-24T06:00,53.0,49.1,29.6,23.3,80.0,498.0
2026-04-24T07:00,43.8,40.5,23.2,23.8,98.0,647.0
2026-04-24T08:00,37.5,33.2,17.2,22.9,118.0,720.0
2026-04-24T09:00,34.8,29.7,12.1,19.5,141.0,649.0
2026-04-24T10:00,33.4,27.5,7.5,14.8,166.0,502.0
2026-04-24T11:00,32.8,25.3,4.2,11.0,182.0,385.0
2026-04-24T12:00,31.4,23.3,2.8,9.1,185.0,336.0
2026-04-24T13:00,29.7,22.2,2.8,8.2,179.0,316.0
2026-04-24T14:00,28.2,21.5,3.3,7.6,172.0,312.0
2026-04-24T15:00,26.6,20.7,4.0,7.0,165.0,325.0
2026-04-24T16:00,25.4,20.1,5.3,6.6,157.0,353.0
2026-04-24T17:00,33.4,25.7,7.9,7.1,139.0,378.0
2026-04-24T18:00,31.7,26.1,12.3,7.7,124.0,395.0
2026-04-24T19:00,30.7,26.4,18.4,8.5,103.0,409.0
2026-04-24T20:00,27.4,23.9,22.2,9.2,89.0,415.0
2026-04-24T21:00,24.3,21.5,21.7,9.6,87.0,414.0
2026-04-24T22:00,23.2,21.0,19.0,10.0,92.0,405.0
2026-04-24T23:00,23.0,21.1,16.6,10.5,96.0,387.0
2026-04-25T00:00,23.2,21.3,15.4,11.3,97.0,349.0
2026-04-25T01:00,23.5,21.6,14.5,12.4,97.0,300.0
2026-04-25T02:00,23.9,21.9,14.3,13.5,96.0,269.0
2026-04-25T03:00,24.3,22.2,15.1,14.7,92.0,258.0
2026-04-25T04:00,24.6,22.5,16.6,16.1,87.0,264.0
2026-04-25T05:00,25.1,23.4,17.8,17.4,86.0,307.0
2026-04-25T06:00,26.0,24.6,17.7,19.2,88.0,434.0
2026-04-25T07:00,25.8,24.9,17.3,21.4,93.0,599.0
2026-04-25T08:00,20.0,19.0,15.9,21.9,101.0,682.0
2026-04-25T09:00,19.3,17.1,12.3,18.9,118.0,604.0
2026-04-25T10:00,21.8,17.9,7.5,14.0,138.0,444.0
2026-04-25T11:00,26.0,19.9,4.0,10.0,154.0,322.0
2026-04-25T12:00,30.5,22.9,2.7,7.8,160.0,287.0
2026-04-25T13:00,33.4,25.6,2.6,6.4,161.0,290.0
2026-04-25T14:00,34.5,26.7,3.2,5.4,159.0,304.0
2026-04-25T15:00,34.1,26.8,4.1,4.6,156.0,325.0
2026-04-25T16:00,33.2,26.4,5.6,4.3,150.0,357.0
2026-04-25T17:00,24.9,20.3,8.5,4.3,134.0,382.0
2026-04-25T18:00,26.4,22.8,11.5,5.1,123.0,395.0
2026-04-25T19:00,27.2,24.2,15.6,6.3,108.0,402.0
2026-04-25T20:00,27.1,24.2,18.1,7.9,99.0,404.0
2026-04-25T21:00,27.9,25.1,17.6,10.0,101.0,403.0
2026-04-25T22:00,28.9,26.3,15.7,12.5,108.0,397.0
2026-04-25T23:00,29.4,26.8,14.1,14.6,112.0,381.0
2026-04-26T00:00,29.5,26.7,13.2,16.0,111.0,341.0
2026-04-26T01:00,29.7,26.7,12.8,17.0,107.0,291.0
2026-04-26T02:00,30.5,27.0,13.5,18.2,102.0,266.0
2026-04-26T03:00,32.1,27.9,16.8,19.7,94.0,283.0
2026-04-26T04:00,35.6,30.7,21.4,21.3,85.0,325.0
2026-04-26T05:00,42.0,37.0,25.0,23.2,83.0,380.0
2026-04-26T06:00,48.4,43.3,22.7,24.7,92.0,463.0
2026-04-26T07:00,40.7,36.9,19.3,26.5,104.0,559.0
2026-04-26T08:00,30.4,25.7,15.7,26.3,119.0,607.0
2026-04-26T09:00,30.9,24.8,11.5,22.3,138.0,568.0
2026-04-26T10:00,33.8,26.3,6.9,16.3,159.0,481.0
2026-04-26T11:00,36.4,27.8,3.7,11.5,175.0,407.0
2026-04-26T12:00,39.6,29.2,2.5,9.3,183.0,366.0
2026-04-26T13:00,43.4,30.3,2.7,8.4,186.0,338.0
2026-04-26T14:00,45.3,30.6,3.4,7.9,186.0,327.0
2026-04-26T15:00,45.2,30.6,4.5,7.6,185.0,337.0
2026-04-26T16:00,43.9,30.4,6.2,7.6,181.0,363.0
2026-04-26T17:00,33.2,23.1,9.0,7.5,152.0,396.0
2026-04-26T18:00,32.4,25.4,12.3,7.9,138.0,444.0
2026-04-26T19:00,30.0,25.4,16.7,8.6,118.0,498.0
2026-04-26T20:00,25.8,22.6,19.7,9.5,103.0,522.0
2026-04-26T21:00,24.2,21.9,19.7,10.9,97.0,491.0
2026-04-26T22:00,24.9,23.0,18.3,12.6,96.0,430.0
2026-04-26T23:00,25.7,24.0,17.3,14.2,94.0,381.0
2026-04-27T00:00,26.4,24.7,17.3,15.7,89.0,353.0
2026-04-27T01:00,27.1,25.4,17.8,17.3,84.0,337.0
2026-04-27T02:00,28.7,26.8,19.2,18.5,78.0,343.0
2026-04-27T03:00,30.7,28.6,22.7,19.6,69.0,384.0
2026-04-27T04:00,34.2,32.0,27.1,20.5,60.0,448.0
2026-04-27T05:00,33.3,30.6,24.5,15.9,59.0,506.0
2026-04-27T06:00,38.6,35.6,22.2,14.7,75.0,558.0
2026-04-27T07:00,41.6,38.3,18.8,13.0,98.0,604.0
2026-04-27T08:00,40.2,35.0,15.2,11.2,122.0,616.0
2026-04-27T09:00,32.6,28.2,11.1,9.3,146.0,564.0
2026-04-27T10:00,30.7,25.5,6.8,7.4,170.0,478.0
2026-04-27T11:00,33.5,24.7,3.8,6.1,188.0,416.0
2026-04-27T12:00,38.8,25.3,2.7,5.8,198.0,407.0
2026-04-27T13:00,44.2,26.4,2.9,6.0,204.0,423.0
2026-04-27T14:00,47.8,27.6,3.8,6.3,205.0,434.0
2026-04-27T15:00,48.7,28.2,5.0,6.3,205.0,421.0
2026-04-27T16:00,48.1,28.4,6.8,6.3,201.0,404.0
2026-04-27T17:00,44.0,27.6,9.7,6.5,183.0,414.0
2026-04-27T18:00,45.2,32.8,14.5,7.6,163.0,487.0
2026-04-27T19:00,44.8,34.6,20.9,9.2,136.0,587.0
2026-04-27T20:00,37.4,30.2,25.3,10.4,113.0,637.0
2026-04-27T21:00,30.6,25.7,25.4,10.7,101.0,589.0
2026-04-27T22:00,28.6,24.3,23.3,10.7,95.0,492.0
2026-04-27T23:00,30.6,26.3,21.8,10.6,89.0,413.0
2026-04-28T00:00,32.8,28.1,22.1,10.7,82.0,377.0
2026-04-28T01:00,34.5,29.6,22.9,10.9,75.0,360.0
2026-04-28T02:00,36.0,31.0,23.5,10.9,69.0,354.0
2026-04-28T03:00,37.4,32.5,23.9,10.7,61.0,349.0
2026-04-28T04:00,38.8,34.2,24.0,10.4,53.0,354.0
2026-04-28T05:00,40.9,37.7,18.4,9.3,61.0,394.0
2026-04-28T06:00,44.4,41.1,17.2,9.2,74.0,512.0
2026-04-28T07:00,47.5,43.1,15.5,8.9,93.0,665.0
2026-04-28T08:00,47.5,41.4,13.3,8.6,115.0,743.0
2026-04-28T09:00,46.1,38.9,10.2,8.0,141.0,675.0
2026-04-28T10:00,43.7,35.7,6.6,7.3,169.0,533.0
2026-04-28T11:00,43.8,34.1,4.1,6.7,190.0,420.0
2026-04-28T12:00,46.2,33.1,3.2,6.4,200.0,376.0
2026-04-28T13:00,45.9,31.5,3.3,6.3,203.0,362.0
2026-04-28T14:00,45.3,30.7,4.0,6.2,202.0,361.0
2026-04-28T15:00,44.2,29.7,4.2,5.8,200.0,370.0
2026-04-28T16:00,43.1,28.7,5.1,5.5,195.0,392.0
2026-04-28T17:00,45.4,29.6,8.6,5.4,167.0,427.0
2026-04-28T18:00,46.8,34.6,20.4,8.0,140.0,489.0
2026-04-28T19:00,49.1,38.1,36.6,11.7,102.0,563.0
2026-04-28T20:00,49.8,39.7,48.4,14.2,72.0,606.0
2026-04-28T21:00,47.7,39.0,52.4,14.7,56.0,586.0
2026-04-28T22:00,47.5,39.6,51.9,14.1,48.0,533.0
2026-04-28T23:00,46.2,38.2,48.6,13.1,46.0,497.0
2026-04-29T00:00,43.3,34.6,41.2,11.7,52.0,505.0
2026-04-29T01:00,39.8,31.3,30.9,10.0,63.0,530.0
2026-04-29T02:00,36.9,29.3,23.0,8.8,70.0,536.0
2026-04-29T03:00,33.8,28.0,19.9,8.7,67.0,490.0
2026-04-29T04:00,31.8,27.6,19.1,9.2,60.0,424.0
2026-04-29T05:00,36.3,31.0,24.6,10.3,54.0,403.0
2026-04-29T06:00,37.3,32.8,22.8,11.0,66.0,476.0
2026-04-29T07:00,39.6,36.0,20.3,11.8,83.0,594.0
2026-04-29T08:00,41.9,36.4,17.1,12.1,105.0,665.0
2026-04-29T09:00,44.1,37.4,12.8,11.3,137.0,644.0
2026-04-29T10:00,44.0,35.9,8.0,9.9,175.0,577.0
2026-04-29T11:00,45.2,35.0,4.5,8.7,202.0,513.0
2026-04-29T12:00,47.6,34.2,3.2,8.0,212.0,464.0
2026-04-29T13:00,49.4,33.5,3.3,7.4,211.0,418.0
2026-04-29T14:00,49.8,32.8,4.2,7.1,207.0,389.0
2026-04-29T15:00,49.4,32.4,5.0,6.7,203.0,386.0
2026-04-29T16:00,48.7,32.2,6.5,6.6,196.0,401.0
2026-04-29T17:00,52.9,33.4,10.0,6.2,167.0,417.0
2026-04-29T18:00,54.4,39.1,20.7,8.3,140.0,427.0
2026-04-29T19:00,57.6,44.2,35.1,11.1,103.0,438.0
2026-04-29T20:00,50.4,40.0,44.1,12.9,76.0,461.0
2026-04-29T21:00,42.3,34.7,42.6,12.9,67.0,515.0
2026-04-29T22:00,38.3,32.7,35.6,11.9,68.0,580.0
2026-04-29T23:00,34.5,30.2,29.3,10.9,69.0,603.0
2026-04-30T00:00,29.9,26.8,25.6,10.2,66.0,539.0
2026-04-30T01:00,28.4,25.6,22.4,9.6,64.0,433.0
2026-04-30T02:00,27.9,24.8,20.0,9.2,61.0,367.0
2026-04-30T03:00,27.6,23.8,18.5,9.1,57.0,385.0
2026-04-30T04:00,26.9,22.6,17.8,9.2,53.0,444.0
2026-04-30T05:00,26.0,21.5,16.3,8.6,53.0,493.0
2026-04-30T06:00,26.5,21.2,15.0,7.9,60.0,522.0
2026-04-30T07:00,29.0,21.0,13.0,6.9,70.0,542.0
2026-04-30T08:00,30.2,21.4,10.9,6.2,85.0,538.0
2026-04-30T09:00,31.5,22.4,8.4,5.9,110.0,490.0
2026-04-30T10:00,33.2,23.9,5.6,5.9,140.0,419.0
2026-04-30T11:00,35.5,25.8,3.7,5.9,164.0,369.0
2026-04-30T12:00,38.4,28.0,2.9,5.9,176.0,345.0
2026-04-30T13:00,40.9,29.9,2.8,6.0,182.0,343.0
2026-04-30T14:00,43.0,31.4,3.8,6.1,184.0,395.0
2026-04-30T15:00,46.7,33.5,6.1,6.3,184.0,546.0
2026-04-30T16:00,48.5,35.5,9.3,6.6,180.0,752.0
2026-04-30T17:00,41.9,31.0,8.2,6.9,185.0,914.0
2026-04-30T18:00,45.4,38.1,15.8,8.1,162.0,977.0
2026-04-30T19:00,44.2,38.0,26.3,9.7,130.0,997.0
2026-04-30T20:00,41.0,36.4,33.6,11.0,105.0,1041.0
2026-04-30T21:00,38.6,34.0,34.9,11.8,93.0,1168.0
2026-04-30T22:00,40.7,35.6,33.2,12.3,87.0,1320.0
2026-04-30T23:00,43.9,38.5,30.9,12.7,83.0,1388.0
2026-05-01T00:00,45.3,39.7,28.7,12.9,78.0,1307.0
2026-05-01T01:00,46.0,40.2,26.0,12.9,75.0,1142.0
2026-05-01T02:00,43.2,37.7,23.8,12.9,71.0,978.0
2026-05-01T03:00,40.5,35.4,22.6,12.9,65.0,820.0
2026-05-01T04:00,40.2,34.7,21.9,12.8,58.0,663.0
2026-05-01T05:00,43.2,37.4,24.5,12.0,58.0,573.0
2026-05-01T06:00,45.6,39.9,24.7,13.2,65.0,615.0
2026-05-01T07:00,46.4,41.1,24.8,14.8,77.0,724.0
2026-05-01T08:00,41.8,34.9,23.0,15.5,96.0,767.0
2026-05-01T09:00,42.4,34.1,17.5,14.5,129.0,663.0
2026-05-01T10:00,43.9,34.8,10.2,12.6,169.0,492.0
2026-05-01T11:00,45.1,35.5,4.8,10.9,198.0,365.0
2026-05-01T12:00,45.1,35.3,2.5,9.7,209.0,324.0
2026-05-01T13:00,44.6,34.7,2.3,8.7,209.0,325.0
2026-05-01T14:00,42.0,32.5,4.3,8.1,203.0,349.0
2026-05-01T15:00,39.9,31.1,9.6,7.9,193.0,394.0
2026-05-01T16:00,40.4,31.3,17.2,8.2,177.0,461.0
2026-05-01T17:00,27.0,22.2,32.4,7.9,123.0,530.0
2026-05-01T18:00,29.3,25.5,33.5,8.9,114.0,608.0
2026-05-01T19:00,30.9,27.2,35.0,10.4,101.0,687.0
2026-05-01T20:00,30.5,27.1,35.5,11.4,90.0,726.0
2026-05-01T21:00,29.5,26.4,34.3,11.7,84.0,698.0
2026-05-01T22:00,29.8,26.5,32.1,11.6,79.0,631.0
2026-05-01T23:00,31.1,27.5,29.3,11.4,76.0,563.0
2026-05-02T00:00,30.7,27.1,25.6,11.0,75.0,499.0
2026-05-02T01:00,29.8,26.1,21.3,10.5,75.0,435.0
2026-05-02T02:00,29.7,25.8,18.3,10.1,73.0,398.0
2026-05-02T03:00,30.9,26.8,17.8,10.1,66.0,401.0
2026-05-02T04:00,32.2,28.0,18.5,10.2,58.0,431.0
2026-05-02T05:00,36.0,30.5,21.8,11.3,56.0,477.0
2026-05-02T06:00,38.9,33.4,20.6,11.9,66.0,562.0
2026-05-02T07:00,37.4,31.7,18.9,12.7,80.0,662.0
2026-05-02T08:00,34.3,27.0,16.4,12.6,97.0,694.0
2026-05-02T09:00,34.7,23.9,12.4,11.0,119.0,593.0
2026-05-02T10:00,35.4,21.2,7.7,8.5,144.0,423.0
2026-05-02T11:00,34.1,18.7,4.3,6.6,162.0,295.0
2026-05-02T12:00,32.5,17.8,2.9,5.7,170.0,256.0
2026-05-02T13:00,32.0,17.6,2.8,5.2,171.0,259.0
2026-05-02T14:00,31.7,17.3,3.7,5.0,169.0,273.0
2026-05-02T15:00,31.0,16.8,5.0,4.9,165.0,267.0
2026-05-02T16:00,30.7,16.4,7.3,5.0,158.0,273.0
2026-05-02T17:00,26.1,15.8,15.6,5.8,138.0,356.0
2026-05-02T18:00,35.2,25.8,29.2,8.4,115.0,621.0
2026-05-02T19:00,42.6,33.8,47.3,11.9,83.0,963.0
2026-05-02T20:00,36.7,29.8,56.4,13.7,61.0,1130.0
2026-05-02T21:00,28.9,24.1,47.5,12.2,61.0,953.0
2026-05-02T22:00,28.3,23.4,29.4,9.1,71.0,600.0
2026-05-02T23:00,28.5,22.9,15.5,6.8,78.0,328.0
2026-05-03T00:00,28.1,22.0,11.3,6.3,76.0,242.0
2026-05-03T01:00,27.8,21.4,11.1,6.5,70.0,237.0
2026-05-03T02:00,27.9,21.4,11.5,6.8,65.0,249.0
2026-05-03T03:00,29.2,22.5,11.3,6.8,60.0,258.0
2026-05-03T04:00,30.5,23.9,11.7,6.8,55.0,285.0
2026-05-03T05:00,31.4,25.5,12.6,7.6,53.0,329.0
2026-05-03T06:00,35.0,28.8,12.2,7.2,61.0,414.0
2026-05-03T07:00,32.2,24.9,11.5,6.7,73.0,515.0
2026-05-03T08:00,29.5,20.3,10.4,6.2,87.0,558.0
2026-05-03T09:00,32.7,18.6,8.3,5.9,103.0,488.0
2026-05-03T10:00,42.1,18.9,5.6,5.6,121.0,359.0
2026-05-03T11:00,51.6,20.1,3.7,5.3,134.0,264.0
2026-05-03T12:00,46.6,17.9,2.7,4.9,141.0,240.0
2026-05-03T13:00,44.7,17.1,2.4,4.4,143.0,250.0
2026-05-03T14:00,44.9,17.1,3.4,4.3,143.0,269.0
2026-05-03T15:00,45.5,17.3,3.6,4.0,143.0,269.0
2026-05-03T16:00,47.0,18.1,5.2,4.1,140.0,278.0
2026-05-03T17:00,48.0,19.2,12.5,5.5,131.0,361.0
2026-05-03T18:00,62.2,33.4,38.4,10.4,97.0,592.0
2026-05-03T19:00,74.5,46.2,73.2,17.0,50.0,896.0
2026-05-03T20:00,74.3,48.0,92.2,20.7,20.0,1116.0
2026-05-03T21:00,66.4,43.4,80.4,18.7,22.0,1198.0
2026-05-03T22:00,49.8,32.4,52.9,13.7,41.0,1195.0
2026-05-03T23:00,37.1,23.6,30.5,9.7,55.0,1106.0
2026-05-04T00:00,34.7,21.1,21.3,8.0,58.0,871.0
2026-05-04T01:00,35.6,21.1,17.2,7.3,57.0,549.0
2026-05-04T02:00,36.4,21.2,14.9,7.1,55.0,317.0
2026-05-04T03:00,37.5,21.3,13.9,7.5,51.0,256.0
2026-05-04T04:00,38.9,21.5,14.7,8.5,47.0,284.0
2026-05-04T05:00,45.3,22.8,15.3,9.1,48.0,334.0
2026-05-04T06:00,49.4,25.7,15.2,9.9,57.0,409.0
2026-05-04T07:00,53.6,25.8,15.0,10.8,70.0,506.0
2026-05-04T08:00,56.5,26.3,13.8,11.0,85.0,548.0
2026-05-04T09:00,56.8,25.0,10.6,9.6,106.0,480.0
2026-05-04T10:00,56.8,23.3,6.5,7.5,129.0,357.0
2026-05-04T11:00,57.3,21.5,3.5,5.7,145.0,266.0
2026-05-04T12:00,58.7,21.1,2.1,4.8,150.0,243.0
2026-05-04T13:00,59.1,20.7,1.8,4.4,147.0,252.0
2026-05-04T14:00,57.4,19.8,3.4,4.2,141.0,268.0
2026-05-04T15:00,56.3,19.2,5.5,3.6,133.0,278.0
2026-05-04T16:00,55.6,18.5,9.4,3.2,121.0,295.0
2026-05-04T17:00,50.2,18.8,13.4,5.1,127.0,340.0
2026-05-04T18:00,61.2,31.2,30.3,8.2,103.0,453.0
2026-05-04T19:00,73.3,45.2,53.1,12.5,70.0,593.0
2026-05-04T20:00,60.3,37.1,67.0,15.1,48.0,662.0
2026-05-04T21:00,55.5,34.1,63.6,14.5,46.0,591.0
2026-05-04T22:00,53.3,31.7,51.2,12.3,55.0,449.0
2026-05-04T23:00,56.8,32.8,39.7,10.3,63.0,336.0
2026-05-05T00:00,54.1,31.1,32.0,9.1,68.0,292.0
2026-05-05T01:00,49.2,27.6,25.0,8.1,72.0,279.0
2026-05-05T02:00,47.7,26.0,19.9,7.5,73.0,278.0
2026-05-05T03:00,48.7,26.1,17.5,7.6,66.0,284.0
2026-05-05T04:00,44.8,25.1,16.8,8.2,56.0,303.0
2026-05-05T05:00,72.6,33.6,18.4,11.7,86.0,338.0
2026-05-05T06:00,73.3,35.3,18.4,13.2,88.0,411.0
2026-05-05T07:00,71.5,33.9,18.2,15.1,91.0,499.0
2026-05-05T08:00,63.1,31.4,16.8,15.7,101.0,537.0
2026-05-05T09:00,56.1,28.0,13.0,13.6,122.0,478.0
2026-05-05T10:00,54.0,26.0,7.9,10.0,149.0,370.0
2026-05-05T11:00,54.4,25.1,4.3,7.4,170.0,288.0
2026-05-05T12:00,54.4,24.3,2.5,6.6,181.0,263.0
2026-05-05T13:00,53.3,23.7,2.1,6.6,186.0,264.0
2026-05-05T14:00,53.2,24.0,4.3,6.9,184.0,275.0
2026-05-05T15:00,54.5,24.5,8.3,6.7,175.0,294.0
2026-05-05T16:00,56.8,26.0,15.0,6.8,159.0,324.0
2026-05-05T17:00,45.3,26.1,30.5,9.8,108.0,357.0
2026-05-05T18:00,56.8,37.1,57.9,16.8,78.0,394.0
2026-05-05T19:00,73.1,52.4,95.2,26.3,36.0,434.0
2026-05-05T20:00,91.7,69.4,120.2,32.6,6.0,463.0
2026-05-05T21:00,105.9,82.7,122.2,32.8,0.0,479.0
2026-05-05T22:00,104.1,82.0,111.9,29.7,3.0,485.0
2026-05-05T23:00,73.3,57.0,99.1,26.3,11.0,477.0
2026-05-06T00:00,61.2,46.8,85.0,23.0,21.0,441.0
2026-05-06T01:00,58.0,43.9,68.4,19.3,33.0,393.0
2026-05-06T02:00,59.8,45.3,55.0,16.5,43.0,370.0
2026-05-06T03:00,56.9,43.1,48.1,15.1,45.0,402.0
2026-05-06T04:00,54.6,40.6,44.5,14.5,43.0,460.0
2026-05-06T05:00,40.7,28.3,23.2,11.4,41.0,501.0
2026-05-06T06:00,38.0,26.3,20.9,11.3,50.0,512.0
2026-05-06T07:00,37.4,24.2,17.7,11.0,64.0,506.0
2026-05-06T08:00,38.5,23.0,14.2,10.5,81.0,480.0
2026-05-06T09:00,40.5,21.5,10.4,9.4,105.0,418.0
2026-05-06T10:00,43.1,20.6,6.4,7.9,131.0,336.0
2026-05-06T11:00,45.1,21.9,3.6,6.8,152.0,278.0
2026-05-06T12:00,46.4,23.4,2.5,6.3,162.0,264.0
2026-05-06T13:00,45.3,23.6,2.6,6.1,165.0,275.0
2026-05-06T14:00,46.6,24.8,3.7,6.0,165.0,297.0
2026-05-06T15:00,42.7,23.5,5.7,5.8,163.0,332.0
2026-05-06T16:00,43.2,23.9,8.6,5.7,158.0,378.0
2026-05-06T17:00,40.9,25.6,11.9,5.9,144.0,416.0
2026-05-06T18:00,44.0,32.1,14.0,7.8,137.0,442.0
2026-05-06T19:00,46.0,36.0,16.9,10.3,126.0,461.0
2026-05-06T20:00,44.0,36.7,18.5,12.0,117.0,466.0
2026-05-06T21:00,43.2,36.9,17.5,12.0,112.0,453.0
2026-05-06T22:00,35.2,31.5,15.2,11.1,108.0,426.0
2026-05-06T23:00,31.4,28.4,13.5,10.3,103.0,392.0
2026-05-07T00:00,28.8,25.8,13.1,9.8,95.0,343.0
2026-05-07T01:00,28.5,25.4,13.1,9.4,86.0,287.0
2026-05-07T02:00,28.4,25.3,13.3,9.2,78.0,252.0
2026-05-07T03:00,27.9,24.8,13.5,8.9,70.0,250.0
2026-05-07T04:00,27.5,24.6,13.7,8.8,63.0,270.0
2026-05-07T05:00,29.9,26.8,16.2,10.5,59.0,306.0
2026-05-07T06:00,27.9,25.0,15.0,13.2,62.0,375.0
2026-05-07T07:00,24.9,21.5,13.2,16.9,68.0,459.0
2026-05-07T08:00,25.4,21.1,11.1,18.7,77.0,504.0
2026-05-07T09:00,26.0,20.4,8.5,16.9,94.0,473.0
2026-05-07T10:00,26.1,19.7,5.6,13.2,114.0,402.0
2026-05-07T11:00,25.0,18.3,3.6,10.1,129.0,344.0
2026-05-07T12:00,23.7,17.1,2.7,8.3,133.0,318.0
2026-05-07T13:00,22.8,16.1,2.7,7.1,132.0,305.0
2026-05-07T14:00,21.5,15.3,3.4,6.3,128.0,305.0
2026-05-07T15:00,20.3,14.8,4.4,5.8,124.0,322.0
2026-05-07T16:00,19.3,14.5,6.0,5.6,117.0,352.0
2026-05-07T17:00,19.9,15.4,10.2,6.2,108.0,375.0
2026-05-07T18:00,24.0,20.8,18.3,7.9,91.0,389.0
2026-05-07T19:00,26.4,24.0,29.1,10.2,69.0,396.0
2026-05-07T20:00,23.6,21.9,35.2,11.5,53.0,390.0
2026-05-07T21:00,21.0,19.7,32.1,10.8,51.0,362.0
2026-05-07T22:00,18.8,17.8,24.3,9.1,56.0,320.0
2026-05-07T23:00,15.9,15.1,17.7,7.6,59.0,285.0
2026-05-08T00:00,13.0,12.3,14.6,6.6,55.0,262.0
2026-05-08T01:00,11.3,10.7,12.7,5.7,49.0,245.0
2026-05-08T02:00,11.1,10.3,11.6,5.1,43.0,236.0
2026-05-08T03:00,11.0,10.3,11.4,4.9,38.0,230.0
2026-05-08T04:00,11.4,10.9,11.9,5.1,34.0,231.0
2026-05-08T05:00,13.3,12.7,11.0,7.2,51.0,253.0
2026-05-08T06:00,12.1,11.5,11.5,7.1,50.0,323.0
2026-05-08T07:00,10.0,9.4,12.0,7.0,49.0,415.0
2026-05-08T08:00,9.7,9.1,11.6,6.7,53.0,460.0
2026-05-08T09:00,11.0,10.0,9.3,6.3,67.0,414.0
2026-05-08T10:00,11.5,10.2,6.0,5.8,85.0,321.0
2026-05-08T11:00,11.2,9.6,3.6,5.3,100.0,250.0
2026-05-08T12:00,11.3,9.5,2.5,4.8,109.0,228.0
2026-05-08T13:00,11.5,9.4,2.3,4.4,114.0,228.0
2026-05-08T14:00,11.6,9.4,3.1,4.1,115.0,239.0
2026-05-08T15:00,11.1,9.0,5.3,3.9,109.0,264.0
2026-05-08T16:00,11.1,8.8,8.5,3.9,99.0,300.0
2026-05-08T17:00,10.4,8.8,11.1,3.9,87.0,331.0
2026-05-08T18:00,11.2,10.0,14.4,5.0,78.0,355.0
2026-05-08T19:00,13.3,12.1,18.9,6.6,67.0,373.0
2026-05-08T20:00,14.0,12.8,21.7,7.9,58.0,374.0
2026-05-08T21:00,13.4,12.5,20.9,8.6,56.0,348.0
2026-05-08T22:00,13.0,12.3,18.4,9.1,57.0,305.0
2026-05-08T23:00,12.7,12.2,16.7,9.5,56.0,266.0
2026-05-09T00:00,12.5,12.0,17.1,10.0,51.0,236.0
2026-05-09T01:00,13.6,13.1,18.5,10.5,43.0,211.0
2026-05-09T02:00,15.1,14.6,19.7,11.1,37.0,199.0
2026-05-09T03:00,15.3,14.7,21.0,12.0,31.0,202.0
2026-05-09T04:00,15.2,14.6,22.1,12.9,27.0,219.0
2026-05-09T05:00,17.8,17.2,19.5,12.2,29.0,253.0
2026-05-09T06:00,17.9,17.2,17.5,12.1,30.0,327.0
2026-05-09T07:00,13.2,12.2,14.6,11.8,31.0,418.0
2026-05-09T08:00,11.3,9.8,11.8,11.1,36.0,462.0
2026-05-09T09:00,9.6,8.5,9.2,9.6,47.0,413.0
2026-05-09T10:00,8.7,8.0,6.7,7.6,61.0,317.0
2026-05-09T11:00,8.4,7.8,4.9,6.0,73.0,243.0
2026-05-09T12:00,8.5,7.7,3.9,4.9,81.0,217.0
2026-05-09T13:00,10.8,9.4,3.6,4.1,86.0,214.0
2026-05-09T14:00,11.7,10.2,4.7,3.7,88.0,228.0
2026-05-09T15:00,14.3,12.5,7.7,3.6,84.0,271.0
2026-05-09T16:00,13.0,11.6,12.2,3.9,77.0,331.0
2026-05-09T17:00,12.9,12.5,20.2,4.9,56.0,371.0
2026-05-09T18:00,13.1,12.9,24.6,6.1,48.0,373.0
2026-05-09T19:00,14.7,14.4,30.6,7.9,36.0,355.0
2026-05-09T20:00,16.2,16.1,34.7,9.2,27.0,333.0
2026-05-09T21:00,16.0,15.8,34.9,9.7,24.0,308.0
2026-05-09T22:00,16.5,16.2,33.3,9.8,25.0,279.0
2026-05-09T23:00,18.2,17.9,32.5,10.0,24.0,253.0
2026-05-10T00:00,20.1,19.8,34.5,10.5,20.0,229.0
2026-05-10T01:00,21.7,21.3,37.3,11.0,16.0,210.0
2026-05-10T02:00,24.9,24.5,37.8,11.2,13.0,206.0
2026-05-10T03:00,25.4,25.0,34.1,10.6,14.0,229.0
2026-05-10T04:00,26.7,26.3,28.1,9.6,17.0,268.0
2026-05-10T05:00,20.2,19.7,24.7,11.8,25.0,306.0
2026-05-10T06:00,20.5,20.0,21.1,11.5,27.0,347.0
2026-05-10T07:00,16.0,15.4,16.0,10.9,31.0,388.0
2026-05-10T08:00,12.0,11.1,11.6,10.1,42.0,402.0
2026-05-10T09:00,12.6,10.9,8.4,8.8,66.0,366.0
2026-05-10T10:00,15.5,11.5,5.8,7.3,98.0,303.0
2026-05-10T11:00,19.1,12.6,4.0,5.9,122.0,255.0
2026-05-10T12:00,21.2,12.6,2.9,4.8,134.0,238.0
2026-05-10T13:00,23.1,12.7,2.5,3.8,138.0,237.0
2026-05-10T14:00,22.8,12.5,3.1,3.2,139.0,245.0
2026-05-10T15:00,23.3,12.9,4.1,3.0,138.0,266.0
2026-05-10T16:00,28.3,15.7,6.2,3.1,132.0,296.0
2026-05-10T17:00,26.5,16.0,11.4,4.1,121.0,317.0
2026-05-10T18:00,29.3,20.6,23.9,6.6,97.0,320.0
2026-05-10T19:00,34.6,26.7,39.7,9.9,68.0,314.0
2026-05-10T20:00,33.1,26.7,48.3,12.0,48.0,310.0
2026-05-10T21:00,25.7,21.7,43.3,11.6,48.0,317.0
2026-05-10T22:00,20.7,18.3,31.1,10.0,58.0,327.0
2026-05-10T23:00,18.2,16.7,21.5,8.8,65.0,325.0
2026-05-11T00:00,17.1,15.9,18.3,8.7,64.0,298.0
2026-05-11T01:00,17.9,17.0,17.6,9.0,60.0,260.0
2026-05-11T02:00,19.0,18.0,16.9,9.1,56.0,240.0
2026-05-11T03:00,20.3,19.5,15.2,8.5,54.0,245.0
2026-05-11T04:00,25.0,23.9,13.5,7.6,52.0,268.0
2026-05-11T05:00,22.4,20.2,21.7,9.4,37.0,319.0
2026-05-11T06:00,28.8,26.0,20.5,12.7,47.0,435.0
2026-05-11T07:00,24.2,21.5,18.8,17.2,61.0,578.0
2026-05-11T08:00,23.5,20.5,16.3,19.6,80.0,646.0
2026-05-11T09:00,25.4,21.2,12.4,18.0,106.0,566.0
2026-05-11T10:00,28.2,21.0,7.8,14.4,137.0,409.0
2026-05-11T11:00,31.8,21.4,4.4,11.1,158.0,289.0
2026-05-11T12:00,33.4,21.2,2.9,8.9,165.0,252.0
2026-05-11T13:00,33.5,20.3,2.7,7.1,163.0,251.0
2026-05-11T14:00,32.7,18.3,3.6,5.8,157.0,259.0
2026-05-11T15:00,31.1,16.5,5.2,4.8,149.0,270.0
2026-05-11T16:00,29.8,15.6,8.0,4.4,138.0,290.0
2026-05-11T17:00,19.3,12.6,16.1,5.0,115.0,311.0
2026-05-11T18:00,21.7,16.4,22.9,7.0,100.0,331.0
2026-05-11T19:00,24.6,20.2,32.2,9.8,80.0,352.0
2026-05-11T20:00,26.0,21.9,39.2,11.8,63.0,367.0
2026-05-11T21:00,27.0,22.7,41.8,12.3,54.0,375.0
2026-05-11T22:00,28.6,23.8,42.1,12.0,49.0,377.0
2026-05-11T23:00,29.8,24.5,41.4,11.6,46.0,367.0
2026-05-12T00:00,29.6,23.9,39.3,11.0,44.0,329.0
2026-05-12T01:00,29.0,23.1,36.3,10.3,43.0,279.0
2026-05-12T02:00,30.9,24.9,34.9,10.2,42.0,263.0
2026-05-12T03:00,33.4,27.4,37.4,11.2,37.0,309.0
2026-05-12T04:00,35.6,29.5,41.5,12.8,32.0,389.0
2026-05-12T05:00,40.5,34.0,42.2,14.9,38.0,460.0
2026-05-12T06:00,48.3,41.7,37.2,16.8,52.0,521.0
2026-05-12T07:00,43.2,37.4,30.0,19.4,73.0,574.0
2026-05-12T08:00,30.7,23.8,22.9,20.0,95.0,581.0
2026-05-12T09:00,28.0,19.7,15.9,17.0,120.0,504.0
2026-05-12T10:00,28.7,17.9,9.0,12.2,146.0,381.0
2026-05-12T11:00,31.3,17.7,4.1,8.2,164.0,289.0
2026-05-12T12:00,32.4,17.6,2.2,6.0,169.0,262.0
2026-05-12T13:00,30.7,16.5,2.2,4.7,166.0,268.0
2026-05-12T14:00,30.3,15.9,3.4,3.9,160.0,282.0
2026-05-12T15:00,29.2,15.4,5.3,3.5,154.0,302.0
2026-05-12T16:00,28.5,15.3,8.3,3.7,145.0,332.0
2026-05-12T17:00,28.3,16.8,12.7,4.4,132.0,359.0
2026-05-12T18:00,29.4,20.6,20.0,5.9,112.0,381.0
2026-05-12T19:00,30.6,23.4,28.6,8.0,87.0,401.0
2026-05-12T20:00,28.9,22.5,33.9,9.3,70.0,413.0
2026-05-12T21:00,27.8,21.3,32.8,9.2,65.0,417.0
2026-05-12T22:00,27.8,21.0,28.3,8.5,67.0,413.0
2026-05-12T23:00,27.6,20.7,24.8,8.0,68.0,401.0
2026-05-13T00:00,27.7,20.5,23.5,8.1,65.0,370.0
2026-05-13T01:00,28.8,21.2,23.3,8.5,61.0,330.0
2026-05-13T02:00,31.1,23.2,25.1,9.5,55.0,314.0
2026-05-13T03:00,34.8,27.1,31.4,11.4,43.0,327.0
2026-05-13T04:00,38.3,30.7,39.8,13.8,30.0,364.0
2026-05-13T05:00,34.7,31.2,36.8,14.1,38.0,439.0
2026-05-13T06:00,41.1,37.3,32.1,14.9,53.0,608.0
2026-05-13T07:00,34.6,29.5,25.4,16.0,75.0,815.0
2026-05-13T08:00,35.6,26.8,19.0,15.9,99.0,902.0
2026-05-13T09:00,36.9,26.9,13.2,13.7,126.0,755.0
2026-05-13T10:00,34.8,24.1,7.7,10.5,154.0,488.0
2026-05-13T11:00,34.0,22.9,3.9,7.9,174.0,291.0
2026-05-13T12:00,33.2,22.5,2.4,6.8,181.0,248.0
2026-05-13T13:00,33.2,22.3,2.5,6.3,180.0,275.0
2026-05-13T14:00,32.7,21.5,3.7,6.0,174.0,305.0
2026-05-13T15:00,31.9,20.4,4.9,5.3,164.0,313.0
2026-05-13T16:00,31.2,19.5,7.1,4.7,150.0,325.0
2026-05-13T17:00,40.3,26.3,15.5,5.5,129.0,350.0
2026-05-13T18:00,43.1,31.9,33.7,8.2,100.0,407.0
2026-05-13T19:00,47.5,37.6,58.3,11.9,60.0,477.0
2026-05-13T20:00,49.1,40.4,73.9,14.3,32.0,519.0
2026-05-13T21:00,49.6,41.4,71.8,14.2,27.0,508.0
2026-05-13T22:00,45.6,38.3,60.6,12.9,35.0,469.0
2026-05-13T23:00,37.5,31.2,50.5,11.6,41.0,429.0
2026-05-14T00:00,31.8,26.3,44.2,10.6,43.0,393.0
2026-05-14T01:00,29.6,24.6,39.0,9.7,43.0,357.0
2026-05-14T02:00,29.8,24.8,36.6,9.4,41.0,336.0
2026-05-14T03:00,33.4,27.8,39.7,10.1,33.0,337.0
2026-05-14T04:00,39.0,32.7,45.7,11.5,22.0,352.0
2026-05-14T05:00,44.0,36.7,39.9,11.3,28.0,373.0
2026-05-14T06:00,49.1,41.4,36.3,11.5,34.0,409.0
2026-05-14T07:00,48.2,39.0,31.0,11.8,43.0,451.0
2026-05-14T08:00,43.7,34.0,25.0,11.5,59.0,463.0
2026-05-14T09:00,41.6,30.5,17.6,10.1,88.0,418.0
2026-05-14T10:00,41.2,26.7,9.5,8.1,123.0,344.0
2026-05-14T11:00,53.4,27.2,3.7,6.5,148.0,289.0
2026-05-14T12:00,67.8,30.5,1.5,5.7,155.0,274.0
2026-05-14T13:00,70.3,31.2,1.7,5.3,151.0,279.0
2026-05-14T14:00,65.4,29.2,3.4,5.2,144.0,292.0
2026-05-14T15:00,61.2,27.8,6.2,5.1,136.0,311.0
2026-05-14T16:00,59.1,27.3,10.6,5.3,126.0,338.0
2026-05-14T17:00,78.0,40.3,17.1,6.4,113.0,374.0
2026-05-14T18:00,71.9,42.0,26.4,8.2,95.0,424.0
2026-05-14T19:00,68.7,43.8,39.0,10.7,70.0,482.0
2026-05-14T20:00,65.7,43.4,47.2,12.4,52.0,529.0
2026-05-14T21:00,65.0,43.1,46.5,12.3,47.0,564.0
2026-05-14T22:00,62.6,41.9,41.5,11.3,49.0,589.0
2026-05-14T23:00,60.8,40.2,38.1,10.8,50.0,586.0
2026-05-15T00:00,64.0,41.1,39.4,11.4,47.0,536.0
2026-05-15T01:00,68.9,43.8,42.2,12.4,44.0,459.0
2026-05-15T02:00,74.0,47.1,43.8,13.2,41.0,398.0
2026-05-15T03:00,77.1,49.7,42.7,13.6,36.0,365.0
2026-05-15T04:00,73.6,49.2,40.3,13.8,32.0,348.0
2026-05-15T05:00,75.9,49.0,39.7,13.8,34.0,358.0
2026-05-15T06:00,68.2,48.0,35.5,13.9,45.0,425.0
2026-05-15T07:00,61.7,45.8,29.4,13.9,62.0,519.0
2026-05-15T08:00,57.7,40.9,23.1,13.3,81.0,562.0
2026-05-15T09:00,60.5,40.2,16.3,11.5,105.0,502.0
2026-05-15T10:00,63.8,37.5,9.4,9.0,131.0,392.0
2026-05-15T11:00,66.1,35.5,4.5,7.1,148.0,312.0
2026-05-15T12:00,66.6,33.5,2.2,6.3,152.0,295.0
2026-05-15T13:00,65.9,31.1,1.9,6.1,147.0,309.0
2026-05-15T14:00,64.5,29.7,5.0,6.3,137.0,334.0
2026-05-15T15:00,61.2,28.6,12.3,6.8,123.0,367.0
2026-05-15T16:00,55.3,29.7,23.0,7.8,104.0,411.0
2026-05-15T17:00,77.1,40.9,23.7,7.5,102.0,461.0
2026-05-15T18:00,77.1,46.8,39.9,10.3,80.0,520.0
2026-05-15T19:00,80.8,53.0,62.0,14.2,51.0,585.0
2026-05-15T20:00,85.4,58.2,77.2,17.1,29.0,640.0
2026-05-15T21:00,89.6,62.2,78.9,18.0,23.0,689.0
2026-05-15T22:00,89.6,63.1,73.7,17.8,25.0,729.0
2026-05-15T23:00,88.5,60.3,68.5,17.2,26.0,734.0
2026-05-16T00:00,87.8,57.7,65.8,16.3,24.0,679.0
2026-05-16T01:00,87.5,60.1,63.1,14.9,21.0,589.0
2026-05-16T02:00,85.4,60.3,60.4,13.8,19.0,518.0
2026-05-16T03:00,82.4,59.3,57.6,13.0,18.0,480.0
2026-05-16T04:00,79.6,58.2,54.7,12.5,18.0,461.0
2026-05-16T05:00,82.7,57.5,51.3,12.9,17.0,472.0
2026-05-16T06:00,82.4,57.4,48.5,13.2,25.0,549.0
2026-05-16T07:00,78.2,55.6,44.4,13.5,36.0,657.0
2026-05-16T08:00,84.5,55.3,39.7,13.8,50.0,702.0
2026-05-16T09:00,98.0,56.6,34.2,13.9,67.0,623.0
2026-05-16T10:00,102.0,57.7,28.1,13.9,85.0,481.0
2026-05-16T11:00,101.5,56.7,23.1,13.7,101.0,371.0
2026-05-16T12:00,101.5,55.8,19.6,13.3,113.0,332.0
2026-05-16T13:00,104.8,56.1,17.1,12.8,121.0,325.0
2026-05-16T14:00,107.8,57.0,15.9,12.3,127.0,327.0
2026-05-16T15:00,107.8,57.6,14.0,11.2,133.0,329.0
2026-05-16T16:00,103.6,56.8,13.3,10.1,135.0,341.0
2026-05-16T17:00,54.1,28.2,12.2,5.7,106.0,368.0
2026-05-16T18:00,55.9,34.1,30.4,7.8,80.0,418.0
2026-05-16T19:00,66.4,42.6,55.1,10.7,44.0,484.0
2026-05-16T20:00,65.4,42.5,70.9,12.6,19.0,546.0
2026-05-16T21:00,58.6,38.9,68.6,12.6,17.0,609.0
2026-05-16T22:00,53.1,36.9,57.3,11.7,26.0,669.0
2026-05-16T23:00,52.3,37.3,48.9,11.1,33.0,691.0
2026-05-17T00:00,53.7,38.9,48.8,11.3,31.0,645.0
2026-05-17T01:00,56.8,42.0,51.6,11.7,26.0,561.0
2026-05-17T02:00,58.7,44.8,53.5,12.2,22.0,501.0
2026-05-17T03:00,59.4,46.3,53.9,12.6,17.0,489.0
2026-05-17T04:00,59.0,46.8,53.4,13.0,13.0,500.0
2026-05-17T05:00,50.4,43.3,42.1,11.3,30.0,525.0
2026-05-17T06:00,48.9,43.5,34.1,11.1,45.0,581.0
2026-05-17T07:00,35.3,31.5,23.0,10.7,68.0,652.0
2026-05-17T08:00,29.9,25.1,13.8,10.2,90.0,673.0
2026-05-17T09:00,31.9,24.4,8.6,9.5,112.0,602.0
2026-05-17T10:00,36.3,25.4,5.5,8.6,135.0,482.0
2026-05-17T11:00,38.2,24.5,3.4,7.8,152.0,381.0
2026-05-17T12:00,38.0,23.6,2.2,7.2,161.0,321.0
2026-05-17T13:00,37.6,23.3,2.2,6.7,164.0,280.0
2026-05-17T14:00,37.4,23.3,3.1,6.3,162.0,256.0
2026-05-17T15:00,36.3,22.8,4.6,5.8,155.0,254.0
2026-05-17T16:00,36.3,22.6,7.1,5.5,143.0,269.0
2026-05-17T17:00,40.2,27.9,24.6,8.3,120.0,291.0
2026-05-17T18:00,47.1,35.6,28.5,9.1,106.0,324.0
2026-05-17T19:00,48.3,37.5,33.6,10.2,87.0,363.0
2026-05-17T20:00,49.7,38.6,35.9,11.0,74.0,388.0
2026-05-17T21:00,49.7,38.6,32.7,11.1,72.0,387.0
2026-05-17T22:00,50.2,38.6,26.7,10.8,75.0,372.0
2026-05-17T23:00,50.4,38.0,21.5,10.5,77.0,356.0
2026-05-18T00:00,48.8,36.3,18.3,10.3,75.0,341.0
2026-05-18T01:00,44.5,33.5,15.9,10.0,72.0,325.0
2026-05-18T02:00,39.6,30.2,14.4,9.6,68.0,312.0
2026-05-18T03:00,35.2,27.2,14.1,8.9,60.0,296.0
2026-05-18T04:00,32.1,25.4,14.6,8.1,50.0,283.0
2026-05-18T05:00,31.2,23.9,12.5,7.1,57.0,303.0
2026-05-18T06:00,31.1,24.3,13.1,7.9,63.0,395.0
2026-05-18T07:00,29.0,21.2,13.7,8.9,72.0,520.0
2026-05-18T08:00,29.9,20.5,13.2,9.4,86.0,584.0
2026-05-18T09:00,31.8,21.2,10.5,8.8,109.0,528.0
2026-05-18T10:00,34.2,22.7,6.6,7.7,136.0,411.0
2026-05-18T11:00,34.2,22.8,3.8,6.8,156.0,321.0
2026-05-18T12:00,33.8,22.8,2.2,6.3,166.0,284.0
2026-05-18T13:00,33.6,23.1,1.7,6.0,170.0,274.0
2026-05-18T14:00,32.6,22.6,4.0,5.9,165.0,294.0
2026-05-18T15:00,31.0,21.8,10.9,5.8,148.0,370.0
2026-05-18T16:00,37.6,28.0,20.6,5.7,122.0,478.0
2026-05-18T17:00,27.0,23.2,25.3,5.4,96.0,546.0
2026-05-18T18:00,27.3,24.0,26.2,6.2,90.0,539.0
2026-05-18T19:00,26.8,23.9,27.4,7.4,82.0,493.0
2026-05-18T20:00,28.9,25.6,27.8,8.3,74.0,448.0
2026-05-18T21:00,29.8,26.5,27.1,8.8,68.0,420.0
2026-05-18T22:00,29.9,26.7,25.6,9.0,62.0,393.0
2026-05-18T23:00,26.1,23.5,23.2,8.7,59.0,362.0
2026-05-19T00:00,19.8,18.0,18.9,7.6,61.0,318.0
2026-05-19T01:00,14.5,13.2,13.7,6.0,65.0,271.0
2026-05-19T02:00,11.6,10.7,10.0,5.0,67.0,238.0
2026-05-19T03:00,10.9,9.9,9.1,5.0,65.0,227.0
2026-05-19T04:00,11.4,10.4,9.6,5.6,62.0,231.0
2026-05-19T05:00,10.6,10.1,9.7,5.2,60.0,252.0
2026-05-19T06:00,13.6,13.1,11.5,5.6,59.0,306.0
2026-05-19T07:00,10.5,9.9,13.8,6.0,58.0,376.0
2026-05-19T08:00,8.8,8.1,14.4,6.2,63.0,416.0
2026-05-19T09:00,7.9,7.4,11.7,5.9,78.0,397.0
2026-05-19T10:00,7.3,7.0,7.4,5.3,97.0,349.0
2026-05-19T11:00,7.2,6.8,4.1,4.7,113.0,311.0
2026-05-19T12:00,7.5,7.0,3.0,4.1,121.0,290.0
2026-05-19T13:00,7.7,7.3,3.1,3.5,126.0,279.0
2026-05-19T14:00,7.9,7.4,3.7,3.1,127.0,303.0
2026-05-19T15:00,8.2,7.7,4.7,3.0,126.0,395.0
2026-05-19T16:00,8.6,8.0,6.2,3.1,123.0,522.0
2026-05-19T17:00,12.0,11.6,17.6,3.7,86.0,608.0
2026-05-19T18:00,14.2,13.9,18.9,4.3,79.0,617.0
2026-05-19T19:00,13.7,13.5,20.6,5.2,69.0,586.0
2026-05-19T20:00,11.2,10.9,21.9,5.8,60.0,543.0
2026-05-19T21:00,10.7,10.4,22.5,5.9,54.0,495.0
2026-05-19T22:00,11.6,11.2,22.6,5.8,49.0,436.0
2026-05-19T23:00,11.8,11.3,21.9,5.6,46.0,381.0
2026-05-20T00:00,10.8,10.0,19.7,5.3,44.0,330.0
2026-05-20T01:00,9.8,9.1,16.6,4.9,44.0,282.0
2026-05-20T02:00,9.2,8.5,14.2,4.7,43.0,251.0
2026-05-20T03:00,8.9,8.1,13.4,4.7,41.0,239.0
2026-05-20T04:00,9.1,8.1,13.4,4.9,38.0,243.0
2026-05-20T05:00,8.4,7.4,10.8,4.6,44.0,267.0
2026-05-20T06:00,9.5,8.3,11.7,4.9,44.0,334.0
2026-05-20T07:00,10.7,9.2,12.8,5.2,45.0,421.0
2026-05-20T08:00,10.9,9.1,12.8,5.3,49.0,467.0
2026-05-20T09:00,11.0,9.0,10.6,4.8,60.0,432.0
2026-05-20T10:00,10.3,8.1,7.3,4.1,74.0,357.0
2026-05-20T11:00,9.0,7.2,5.0,3.5,84.0,299.0
2026-05-20T12:00,8.4,6.8,4.5,3.2,87.0,276.0
2026-05-20T13:00,8.2,6.7,5.0,3.1,86.0,271.0
2026-05-20T14:00,8.0,6.6,5.8,3.0,85.0,293.0
2026-05-20T15:00,7.9,6.5,5.9,2.7,86.0,357.0
2026-05-20T16:00,7.8,6.5,6.4,2.5,88.0,448.0
2026-05-20T17:00,5.6,5.3,12.9,3.2,77.0,531.0
2026-05-20T18:00,7.7,7.4,19.1,4.4,67.0,602.0
2026-05-20T19:00,11.0,10.5,27.7,6.0,53.0,665.0
2026-05-20T20:00,12.8,12.2,33.8,7.2,42.0,690.0
2026-05-20T21:00,14.8,14.1,35.3,7.5,38.0,658.0
2026-05-20T22:00,15.1,14.4,34.4,7.4,36.0,589.0
2026-05-20T23:00,14.7,13.9,32.4,7.0,36.0,514.0
2026-05-21T00:00,13.8,13.0,29.1,6.4,36.0,433.0
2026-05-21T01:00,13.0,12.2,24.8,5.6,37.0,347.0
2026-05-21T02:00,12.2,11.3,21.3,5.0,37.0,282.0
2026-05-21T03:00,11.3,10.4,19.6,4.8,35.0,247.0
2026-05-21T04:00,10.6,9.7,18.8,4.9,32.0,235.0
2026-05-21T05:00,11.8,10.7,13.1,4.9,36.0,249.0
2026-05-21T06:00,11.8,10.8,12.5,5.2,39.0,313.0
2026-05-21T07:00,11.1,10.0,11.6,5.5,45.0,404.0
2026-05-21T08:00,10.1,8.8,10.3,5.6,54.0,459.0
2026-05-21T09:00,8.9,7.7,8.0,5.1,70.0,439.0
2026-05-21T10:00,8.6,7.2,5.3,4.3,90.0,383.0
2026-05-21T11:00,8.3,7.0,3.3,3.6,106.0,340.0
2026-05-21T12:00,8.8,7.4,2.5,3.3,115.0,322.0
2026-05-21T13:00,9.4,7.8,2.4,3.1,120.0,318.0
2026-05-21T14:00,10.2,8.3,3.3,3.1,122.0,344.0
2026-05-21T15:00,11.3,9.1,5.2,3.2,122.0,413.0
2026-05-21T16:00,12.0,9.6,8.0,3.5,119.0,512.0
2026-05-21T17:00,11.8,9.2,10.9,3.9,109.0,621.0
2026-05-21T18:00,14.8,12.9,15.8,5.1,95.0,762.0
2026-05-21T19:00,15.3,14.1,22.5,6.6,76.0,912.0
2026-05-21T20:00,13.4,12.3,26.4,7.5,62.0,982.0
2026-05-21T21:00,12.6,11.0,25.2,7.0,57.0,916.0
2026-05-21T22:00,11.8,10.2,21.3,5.8,57.0,769.0
2026-05-21T23:00,11.8,10.3,17.7,4.8,56.0,617.0
2026-05-22T00:00,10.2,8.9,15.1,4.5,52.0,466.0
2026-05-22T01:00,8.7,7.7,12.7,4.3,48.0,310.0
2026-05-22T02:00,7.5,6.8,11.1,4.3,44.0,200.0
2026-05-22T03:00,6.8,6.2,10.9,4.2,40.0,157.0
2026-05-22T04:00,6.6,6.0,11.5,4.2,36.0,160.0
2026-05-22T05:00,6.4,5.8,10.4,3.9,40.0,200.0
2026-05-22T06:00,6.5,5.9,10.2,4.2,41.0,307.0
2026-05-22T07:00,7.4,6.7,9.8,4.5,43.0,450.0
2026-05-22T08:00,7.6,6.6,8.9,4.6,49.0,528.0
2026-05-22T09:00,7.4,6.3,7.1,4.3,64.0,477.0
2026-05-22T10:00,8.0,6.5,4.8,3.8,84.0,360.0
2026-05-22T11:00,8.3,6.5,3.1,3.3,100.0,272.0
2026-05-22T12:00,9.0,6.7,2.2,3.0,110.0,245.0
2026-05-22T13:00,10.3,7.1,2.0,2.7,116.0,246.0
2026-05-22T14:00,12.9,8.0,3.0,2.6,117.0,269.0
2026-05-22T15:00,18.3,9.8,5.5,2.7,112.0,329.0
2026-05-22T16:00,17.3,11.3,9.2,3.1,103.0,412.0
2026-05-22T17:00,24.4,15.5,10.1,3.1,99.0,467.0
2026-05-22T18:00,25.2,19.2,23.5,5.2,77.0,460.0
2026-05-22T19:00,28.4,22.9,41.4,8.1,48.0,426.0
2026-05-22T20:00,30.3,25.4,50.7,9.6,29.0,419.0
2026-05-22T21:00,21.8,18.2,42.9,8.4,33.0,486.0
2026-05-22T22:00,14.6,12.1,26.5,5.9,48.0,580.0
2026-05-22T23:00,11.2,9.2,13.9,4.0,59.0,615.0
2026-05-23T00:00,9.7,8.1,10.5,3.6,58.0,532.0
2026-05-23T01:00,8.6,7.4,10.9,3.8,52.0,390.0
2026-05-23T02:00,8.0,7.0,11.7,4.1,47.0,281.0
2026-05-23T03:00,7.6,6.8,12.1,4.3,43.0,226.0
2026-05-23T04:00,7.3,6.6,12.9,4.5,38.0,204.0
2026-05-23T05:00,5.5,5.0,10.4,4.3,40.0,247.0
2026-05-23T06:00,6.3,5.8,11.1,4.6,40.0,428.0
2026-05-23T07:00,7.6,6.9,11.9,5.1,40.0,675.0
2026-05-23T08:00,8.3,7.2,11.7,5.2,45.0,802.0
2026-05-23T09:00,8.5,6.9,9.6,4.7,59.0,686.0
2026-05-23T10:00,9.1,6.7,6.5,3.9,78.0,449.0
2026-05-23T11:00,10.5,7.0,4.2,3.2,93.0,279.0
2026-05-23T12:00,12.8,7.8,3.3,2.8,103.0,251.0
2026-05-23T13:00,15.1,8.8,3.1,2.6,109.0,289.0
2026-05-23T14:00,17.7,10.0,3.7,2.6,112.0,348.0
2026-05-23T15:00,20.0,11.3,5.0,2.7,111.0,420.0
2026-05-23T16:00,21.8,12.5,7.0,2.9,107.0,512.0
2026-05-23T17:00,30.0,17.2,9.4,3.5,109.0,601.0
2026-05-23T18:00,29.6,19.8,13.3,4.0,96.0,702.0
2026-05-23T19:00,27.2,20.3,18.7,4.6,77.0,798.0
2026-05-23T20:00,25.1,19.2,22.8,5.2,62.0,819.0
2026-05-23T21:00,25.8,19.7,24.6,5.6,54.0,701.0
2026-05-23T22:00,23.5,18.4,25.0,6.0,49.0,507.0
2026-05-23T23:00,20.6,16.9,24.4,6.0,45.0,353.0
2026-05-24T00:00,17.8,15.2,22.3,5.5,43.0,287.0
2026-05-24T01:00,15.5,13.9,19.0,4.6,43.0,262.0
2026-05-24T02:00,13.9,12.7,16.4,4.0,42.0,250.0
2026-05-24T03:00,12.5,11.6,15.2,3.9,39.0,243.0
2026-05-24T04:00,11.5,10.7,14.5,3.9,36.0,249.0
2026-05-24T05:00,7.6,6.9,10.1,3.5,41.0,264.0
2026-05-24T06:00,7.6,7.0,9.9,3.9,41.0,298.0
2026-05-24T07:00,7.4,6.8,9.4,4.3,42.0,342.0
2026-05-24T08:00,7.5,6.6,8.5,4.5,47.0,362.0
2026-05-24T09:00,8.6,6.9,6.6,4.1,60.0,336.0
2026-05-24T10:00,10.9,8.0,4.2,3.4,77.0,287.0
2026-05-24T11:00,13.4,9.5,2.4,2.9,91.0,250.0
2026-05-24T12:00,15.8,11.6,1.6,2.6,101.0,235.0
2026-05-24T13:00,17.4,13.2,1.5,2.5,109.0,232.0
2026-05-24T14:00,17.9,13.8,2.3,2.6,112.0,250.0
2026-05-24T15:00,18.5,14.6,3.8,2.7,110.0,306.0
2026-05-24T16:00,20.3,16.6,6.3,3.0,103.0,382.0
2026-05-24T17:00,19.4,15.5,7.6,3.2,105.0,438.0
2026-05-24T18:00,23.7,21.1,10.1,3.9,97.0,452.0
2026-05-24T19:00,24.5,22.0,13.5,4.8,85.0,445.0
2026-05-24T20:00,21.8,19.3,15.9,5.5,76.0,439.0
2026-05-24T21:00,22.5,19.8,16.4,5.7,72.0,448.0
2026-05-24T22:00,23.8,21.3,15.8,5.7,70.0,458.0
2026-05-24T23:00,24.2,21.4,15.0,5.5,68.0,448.0
2026-05-25T00:00,23.2,20.6,14.1,5.2,66.0,400.0
2026-05-25T01:00,22.7,20.3,13.0,4.8,64.0,333.0
2026-05-25T02:00,22.6,20.1,12.2,4.5,62.0,283.0
2026-05-25T03:00,22.2,19.8,12.0,4.4,58.0,249.0
2026-05-25T04:00,21.4,19.3,12.0,4.5,53.0,231.0
2026-05-25T05:00,9.9,9.7,11.1,4.7,41.0,266.0
2026-05-25T06:00,13.0,12.7,12.3,5.4,42.0,416.0
2026-05-25T07:00,11.2,10.6,13.8,6.4,45.0,618.0
2026-05-25T08:00,12.2,10.9,13.9,6.8,55.0,722.0
2026-05-25T09:00,14.0,11.8,11.0,6.2,78.0,628.0
2026-05-25T10:00,16.1,13.0,6.7,5.0,107.0,436.0
2026-05-25T11:00,16.8,13.6,3.5,4.1,128.0,293.0
2026-05-25T12:00,17.2,13.8,1.8,3.6,137.0,236.0
2026-05-25T13:00,17.6,14.0,1.1,3.4,138.0,228.0
2026-05-25T14:00,18.6,14.7,3.4,3.4,132.0,300.0
2026-05-25T15:00,20.0,15.7,10.7,3.7,117.0,521.0
2026-05-25T16:00,24.9,21.5,20.9,4.3,95.0,823.0
2026-05-25T17:00,33.5,27.8,28.2,5.9,98.0,1026.0
2026-05-25T18:00,39.2,35.2,49.7,9.8,69.0,1043.0
2026-05-25T19:00,44.7,40.5,78.4,15.1,30.0,961.0
2026-05-25T20:00,53.7,49.0,93.8,18.0,7.0,870.0
2026-05-25T21:00,48.0,43.8,82.9,16.4,15.0,796.0
2026-05-25T22:00,41.2,37.3,58.8,12.5,38.0,712.0
2026-05-25T23:00,41.2,36.6,39.4,9.3,55.0,624.0
2026-05-26T00:00,41.0,36.3,32.5,8.2,57.0,524.0
2026-05-26T01:00,43.7,38.3,30.4,7.8,53.0,421.0
2026-05-26T02:00,43.8,38.4,28.4,7.6,49.0,348.0
2026-05-26T03:00,40.9,36.2,24.7,7.2,45.0,318.0
2026-05-26T04:00,37.4,33.6,21.2,7.0,41.0,318.0
2026-05-26T05:00,27.9,24.9,13.4,5.4,48.0,340.0
2026-05-26T06:00,27.6,24.9,13.4,5.8,54.0,404.0
2026-05-26T07:00,24.1,20.9,13.2,6.3,62.0,490.0
2026-05-26T08:00,23.2,19.8,12.2,6.5,75.0,532.0
2026-05-26T09:00,23.6,19.7,9.6,6.1,96.0,485.0
2026-05-26T10:00,25.1,20.5,6.3,5.3,122.0,394.0
2026-05-26T11:00,26.7,21.6,3.8,4.6,141.0,330.0
2026-05-26T12:00,27.9,22.5,2.1,4.1,150.0,308.0
2026-05-26T13:00,27.8,22.2,1.3,3.8,152.0,313.0
2026-05-26T14:00,27.4,21.8,3.7,3.7,147.0,376.0
2026-05-26T15:00,26.4,21.1,11.3,4.0,132.0,544.0
2026-05-26T16:00,27.4,22.0,22.2,4.7,110.0,770.0
2026-05-26T17:00,24.7,21.7,30.4,5.4,93.0,942.0
2026-05-26T18:00,26.2,23.4,46.7,8.3,70.0,1013.0
2026-05-26T19:00,32.6,30.2,68.6,12.3,39.0,1030.0
2026-05-26T20:00,42.7,40.0,81.0,14.8,19.0,1022.0
2026-05-26T21:00,48.3,45.5,75.4,14.7,19.0,1002.0
2026-05-26T22:00,43.8,40.4,60.3,13.2,30.0,956.0
2026-05-26T23:00,36.4,33.5,46.2,11.5,39.0,871.0
2026-05-27T00:00,31.5,29.0,36.3,9.6,42.0,713.0
2026-05-27T01:00,28.6,26.4,27.4,7.5,44.0,517.0
2026-05-27T02:00,26.2,24.1,20.9,6.0,45.0,373.0
2026-05-27T03:00,23.9,22.1,18.2,5.7,43.0,311.0
2026-05-27T04:00,22.4,20.8,17.9,6.0,40.0,301.0
2026-05-27T05:00,26.2,23.4,16.1,6.0,60.0,344.0
2026-05-27T06:00,27.8,25.1,17.3,6.9,63.0,494.0
2026-05-27T07:00,26.7,23.8,18.7,8.1,68.0,697.0
2026-05-27T08:00,23.7,20.8,18.4,8.6,78.0,796.0
2026-05-27T09:00,21.6,18.6,14.5,7.6,96.0,686.0
2026-05-27T10:00,20.3,17.3,8.9,6.0,118.0,471.0
2026-05-27T11:00,19.6,16.4,4.7,4.6,135.0,313.0
2026-05-27T12:00,19.7,16.0,3.3,4.0,141.0,276.0
2026-05-27T13:00,19.7,15.7,3.2,3.6,141.0,295.0
2026-05-27T14:00,20.5,15.7,3.9,3.5,139.0,334.0
2026-05-27T15:00,21.4,15.9,3.1,3.3,138.0,357.0
2026-05-27T16:00,21.8,15.8,3.0,3.3,135.0,400.0
2026-05-27T17:00,15.9,12.2,9.2,4.0,121.0,539.0
2026-05-27T18:00,23.9,20.7,30.6,7.4,89.0,910.0
2026-05-27T19:00,32.5,29.0,59.6,12.1,46.0,1377.0
2026-05-27T20:00,39.1,36.0,77.6,15.0,16.0,1611.0
2026-05-27T21:00,39.2,36.4,74.6,14.6,14.0,1394.0
2026-05-27T22:00,33.5,31.1,60.6,12.4,25.0,942.0
2026-05-27T23:00,28.5,26.4,46.9,10.3,36.0,580.0
2026-05-28T00:00,24.7,22.9,36.4,8.7,42.0,435.0
2026-05-28T01:00,22.1,20.4,26.1,7.3,48.0,379.0
2026-05-28T02:00,20.7,19.2,18.7,6.2,51.0,347.0
2026-05-28T03:00,20.4,18.9,15.9,5.8,49.0,319.0
2026-05-28T04:00,20.0,18.7,16.0,5.8,45.0,316.0
2026-05-28T05:00,21.7,20.3,16.0,5.7,48.0,334.0
2026-05-28T06:00,23.1,21.7,15.6,5.8,54.0,392.0
2026-05-28T07:00,20.5,18.9,14.8,5.8,62.0,471.0
2026-05-28T08:00,16.5,14.7,13.3,5.7,74.0,508.0
2026-05-28T09:00,15.8,13.7,10.3,5.1,93.0,460.0
2026-05-28T10:00,15.3,12.7,6.4,4.4,115.0,369.0
2026-05-28T11:00,15.4,12.1,3.7,3.8,133.0,305.0
2026-05-28T12:00,16.8,12.3,2.7,3.6,142.0,276.0
2026-05-28T13:00,18.2,12.8,2.9,3.5,146.0,272.0
2026-05-28T14:00,20.0,13.5,3.8,3.6,147.0,336.0
2026-05-28T15:00,20.8,13.8,5.3,3.6,145.0,531.0
2026-05-28T16:00,22.6,14.6,7.6,3.8,139.0,792.0
2026-05-28T17:00,14.9,10.7,23.9,5.3,107.0,971.0
2026-05-28T18:00,21.1,17.0,23.6,5.6,99.0,990.0
2026-05-28T19:00,16.8,13.7,23.2,6.0,87.0,927.0
2026-05-28T20:00,16.5,14.0,23.9,6.5,76.0,860.0
2026-05-28T21:00,18.4,15.6,27.3,7.1,65.0,826.0
2026-05-28T22:00,20.5,17.4,31.7,7.7,54.0,788.0
2026-05-28T23:00,21.4,18.3,33.3,8.0,46.0,716.0
2026-05-29T00:00,19.2,16.5,29.5,7.8,44.0,570.0
2026-05-29T01:00,17.2,15.3,22.9,7.2,46.0,390.0
2026-05-29T02:00,15.9,14.5,17.7,6.7,46.0,267.0
2026-05-29T03:00,14.6,13.5,15.8,6.3,42.0,237.0
2026-05-29T04:00,13.8,12.8,15.4,6.0,37.0,264.0
2026-05-29T05:00,13.1,11.2,16.7,5.7,37.0,326.0
2026-05-29T06:00,14.7,12.5,16.5,6.1,39.0,458.0
2026-05-29T07:00,15.1,12.7,16.2,6.6,43.0,625.0
2026-05-29T08:00,15.1,12.3,14.8,6.7,53.0,704.0
2026-05-29T09:00,14.4,11.4,11.5,6.0,75.0,610.0
2026-05-29T10:00,13.8,10.8,7.2,4.9,104.0,428.0
2026-05-29T11:00,14.2,10.7,4.0,4.0,126.0,293.0
2026-05-29T12:00,15.7,11.2,1.8,3.6,138.0,251.0
2026-05-29T13:00,17.9,12.0,0.8,3.5,145.0,256.0
2026-05-29T14:00,19.2,12.3,3.5,3.6,142.0,298.0
2026-05-29T15:00,21.1,12.9,13.7,4.0,125.0,395.0
2026-05-29T16:00,22.3,13.3,27.7,4.7,100.0,530.0
2026-05-29T17:00,34.7,23.5,24.8,5.2,104.0,642.0
2026-05-29T18:00,35.0,27.7,24.5,5.3,98.0,708.0
2026-05-29T19:00,33.4,26.1,24.2,5.5,89.0,752.0
2026-05-29T20:00,27.5,21.6,24.1,5.7,80.0,783.0
2026-05-29T21:00,26.8,22.2,24.7,5.9,72.0,818.0
2026-05-29T22:00,25.0,21.4,25.5,6.1,63.0,839.0
2026-05-29T23:00,23.1,19.5,25.3,6.2,57.0,804.0
2026-05-30T00:00,22.1,18.6,23.1,6.0,54.0,664.0
2026-05-30T01:00,19.3,16.4,19.8,5.7,52.0,469.0
2026-05-30T02:00,16.5,14.3,17.1,5.4,50.0,320.0
2026-05-30T03:00,14.3,12.8,15.6,5.3,45.0,255.0
2026-05-30T04:00,14.0,13.0,14.5,5.2,39.0,238.0
2026-05-30T05:00,10.9,9.4,14.3,5.0,38.0,259.0
2026-05-30T06:00,12.0,10.4,14.0,5.1,40.0,349.0
2026-05-30T07:00,12.5,10.4,13.5,5.3,43.0,478.0
2026-05-30T08:00,13.3,10.7,12.3,5.2,52.0,546.0
2026-05-30T09:00,14.2,10.8,9.7,4.7,72.0,491.0
2026-05-30T10:00,15.3,11.0,6.4,4.0,97.0,375.0
2026-05-30T11:00,16.0,11.3,4.0,3.5,117.0,286.0
2026-05-30T12:00,17.1,11.8,1.7,3.2,131.0,241.0
2026-05-30T13:00,18.9,12.5,0.3,3.1,140.0,223.0
2026-05-30T14:00,21.1,13.4,3.4,3.2,138.0,274.0
2026-05-30T15:00,22.7,13.9,14.1,3.5,119.0,445.0
2026-05-30T16:00,25.5,17.4,29.3,4.0,91.0,683.0
2026-05-30T17:00,28.9,22.1,23.4,5.8,98.0,874.0
2026-05-30T18:00,32.4,27.0,46.7,10.4,70.0,976.0
2026-05-30T19:00,43.8,38.1,78.4,16.6,32.0,1030.0
2026-05-30T20:00,58.6,52.5,98.7,20.7,5.0,1041.0
2026-05-30T21:00,65.9,60.3,97.9,20.8,0.0,1007.0
2026-05-30T22:00,58.4,53.2,85.9,18.6,5.0,930.0
2026-05-30T23:00,53.1,48.2,72.2,16.1,13.0,821.0
2026-05-31T00:00,44.1,39.3,58.6,13.3,22.0,652.0
2026-05-31T01:00,38.9,33.9,43.3,10.2,34.0,451.0
2026-05-31T02:00,36.0,30.5,31.1,7.7,43.0,307.0
2026-05-31T03:00,33.1,27.4,24.2,6.5,48.0,259.0
2026-05-31T04:00,30.3,24.8,20.3,6.1,50.0,267.0
2026-05-31T05:00,32.1,25.7,16.3,7.4,61.0,305.0
2026-05-31T06:00,30.0,24.4,16.0,7.7,62.0,395.0
2026-05-31T07:00,27.5,22.6,15.4,8.0,64.0,514.0
2026-05-31T08:00,24.9,20.3,13.9,7.8,72.0,567.0
2026-05-31T09:00,23.5,18.4,10.4,6.6,91.0,487.0
2026-05-31T10:00,23.3,17.7,6.0,5.0,116.0,341.0
2026-05-31T11:00,21.9,16.5,2.8,3.7,134.0,231.0
2026-05-31T12:00,19.7,14.8,1.5,3.1,138.0,188.0
2026-05-31T13:00,18.4,13.7,1.4,3.0,135.0,182.0
2026-05-31T14:00,17.8,13.0,2.6,3.0,129.0,226.0
2026-05-31T15:00,17.4,12.4,5.4,3.2,120.0,358.0
2026-05-31T16:00,21.0,14.6,9.5,3.5,107.0,541.0
2026-05-31T17:00,9.6,7.0,6.0,3.6,115.0,671.0
2026-05-31T18:00,18.8,16.5,29.7,9.2,83.0,693.0
2026-05-31T19:00,31.5,28.9,61.8,16.8,38.0,663.0
2026-05-31T20:00,44.1,40.5,81.7,21.2,9.0,649.0
2026-05-31T21:00,53.9,50.3,78.3,19.3,9.0,699.0
2026-05-31T22:00,39.2,35.7,62.7,14.1,23.0,766.0
2026-05-31T23:00,28.1,25.1,47.8,9.9,37.0,768.0
2026-06-01T00:00,27.1,24.6,37.6,8.3,46.0,643.0
2026-06-01T01:00,24.0,22.0,28.1,7.6,54.0,455.0
2026-06-01T02:00,19.4,17.5,20.7,7.1,59.0,313.0
2026-06-01T03:00,17.2,15.4,16.2,6.6,57.0,256.0
2026-06-01T04:00,15.9,14.4,13.7,6.3,52.0,246.0
2026-06-01T05:00,14.2,12.4,12.3,6.9,54.0,279.0
2026-06-01T06:00,15.7,14.1,13.4,7.1,58.0,395.0
2026-06-01T07:00,16.5,15.0,14.7,7.4,64.0,554.0
2026-06-01T08:00,16.8,14.9,14.6,7.3,75.0,632.0
2026-06-01T09:00,16.1,13.3,11.5,6.5,95.0,546.0
2026-06-01T10:00,15.9,12.5,6.9,5.4,119.0,378.0
2026-06-01T11:00,15.5,11.7,3.7,4.5,136.0,255.0
2026-06-01T12:00,16.1,11.6,1.7,4.1,142.0,214.0
2026-06-01T13:00,16.9,11.6,1.1,4.1,140.0,217.0
2026-06-01T14:00,17.9,11.9,4.7,4.3,131.0,279.0
2026-06-01T15:00,21.9,15.0,14.7,4.7,112.0,439.0
2026-06-01T16:00,22.2,16.6,29.0,5.4,87.0,658.0
2026-06-01T17:00,18.9,12.9,18.3,6.1,99.0,827.0
2026-06-01T18:00,32.4,27.6,40.1,12.4,71.0,904.0
2026-06-01T19:00,52.9,46.8,70.0,20.9,32.0,932.0
2026-06-01T20:00,63.1,56.9,90.5,26.3,4.0,932.0
2026-06-01T21:00,60.1,53.4,92.9,25.7,0.0,912.0
2026-06-01T22:00,53.9,47.4,85.9,22.1,5.0,864.0
2026-06-01T23:00,46.6,40.5,78.2,18.7,12.0,789.0
2026-06-02T00:00,40.5,35.4,72.6,16.8,15.0,662.0
2026-06-02T01:00,39.1,34.6,66.2,15.1,18.0,507.0
2026-06-02T02:00,38.1,34.1,59.0,13.7,21.0,400.0
2026-06-02T03:00,35.6,32.5,50.1,12.6,24.0,380.0
2026-06-02T04:00,31.1,29.0,40.4,11.8,27.0,408.0
2026-06-02T05:00,16.8,15.8,18.5,7.5,48.0,443.0
2026-06-02T06:00,20.3,19.2,18.0,7.8,58.0,488.0
2026-06-02T07:00,17.4,15.8,17.2,8.1,72.0,541.0
2026-06-02T08:00,17.8,15.9,15.5,8.0,89.0,550.0
2026-06-02T09:00,16.7,14.3,11.8,7.2,112.0,473.0
2026-06-02T10:00,16.2,13.1,7.2,6.1,139.0,352.0
2026-06-02T11:00,17.2,13.2,3.9,5.2,159.0,271.0
2026-06-02T12:00,17.9,13.3,2.1,4.8,169.0,255.0
2026-06-02T13:00,19.8,14.1,1.7,4.8,172.0,278.0
2026-06-02T14:00,21.6,15.1,4.4,4.9,168.0,343.0
2026-06-02T15:00,23.2,15.9,12.9,5.4,152.0,479.0
2026-06-02T16:00,23.3,16.2,24.5,6.0,129.0,656.0
2026-06-02T17:00,22.1,15.1,11.1,5.7,148.0,792.0
2026-06-02T18:00,24.3,20.4,16.2,6.2,127.0,844.0
2026-06-02T19:00,19.2,16.3,23.4,6.9,98.0,853.0
2026-06-02T20:00,19.2,16.4,29.3,7.6,74.0,864.0
2026-06-02T21:00,17.8,15.5,33.3,8.3,61.0,915.0
2026-06-02T22:00,19.6,17.5,36.0,9.1,54.0,967.0
2026-06-02T23:00,19.0,17.3,36.8,9.5,49.0,944.0
2026-06-03T00:00,17.1,15.8,34.5,9.3,47.0,774.0
2026-06-03T01:00,16.4,15.4,30.2,8.8,48.0,529.0
2026-06-03T02:00,15.8,14.8,26.2,8.4,48.0,344.0
2026-06-03T03:00,14.9,14.1,23.5,8.4,45.0,277.0
2026-06-03T04:00,14.4,13.7,21.1,8.6,43.0,271.0
2026-06-03T05:00,17.6,16.4,21.3,9.5,44.0,293.0
2026-06-03T06:00,19.6,18.8,19.5,8.5,50.0,355.0
2026-06-03T07:00,16.5,15.4,17.0,7.2,59.0,445.0
2026-06-03T08:00,12.7,10.7,14.1,6.0,72.0,498.0
2026-06-03T09:00,12.8,10.4,10.5,5.1,93.0,473.0
2026-06-03T10:00,12.5,9.8,6.5,4.4,118.0,410.0
2026-06-03T11:00,11.1,8.8,4.0,3.8,133.0,365.0
2026-06-03T12:00,9.7,7.6,3.8,3.5,130.0,353.0
2026-06-03T13:00,8.7,7.0,5.1,3.4,117.0,357.0
2026-06-03T14:00,6.9,6.1,7.2,3.4,103.0,388.0
2026-06-03T15:00,5.5,5.2,10.3,3.5,88.0,456.0
2026-06-03T16:00,5.4,5.0,14.2,3.7,72.0,549.0
2026-06-03T17:00,14.0,10.4,10.5,3.4,92.0,642.0
2026-06-03T18:00,16.6,14.2,14.2,4.0,83.0,749.0
2026-06-03T19:00,15.0,13.2,19.2,4.7,71.0,855.0
2026-06-03T20:00,13.6,11.5,22.5,5.3,60.0,888.0
2026-06-03T21:00,14.5,12.1,22.7,5.5,53.0,794.0
2026-06-03T22:00,14.1,11.6,21.1,5.6,48.0,627.0
2026-06-03T23:00,12.7,10.2,19.0,5.5,44.0,477.0
2026-06-04T00:00,11.1,9.0,16.4,5.2,41.0,368.0
2026-06-04T01:00,9.3,7.6,13.2,4.6,39.0,275.0
2026-06-04T02:00,7.6,6.2,10.8,4.3,37.0,213.0
2026-06-04T03:00,6.9,5.7,9.9,4.3,35.0,193.0
2026-06-04T04:00,6.6,5.5,9.8,4.5,34.0,205.0
2026-06-04T05:00,5.7,4.7,9.0,4.3,34.0,230.0
2026-06-04T06:00,7.0,5.6,8.9,4.1,35.0,278.0
2026-06-04T07:00,7.9,5.7,8.6,3.9,37.0,340.0
2026-06-04T08:00,9.2,5.7,7.9,3.6,42.0,373.0
2026-06-04T09:00,10.8,6.2,6.3,3.2,52.0,348.0
2026-06-04T10:00,12.3,6.7,4.3,2.8,65.0,294.0
2026-06-04T11:00,13.7,6.9,2.9,2.5,76.0,253.0
2026-06-04T12:00,14.4,7.3,1.8,2.3,85.0,229.0
2026-06-04T13:00,14.9,7.7,1.4,2.3,93.0,218.0
2026-06-04T14:00,15.0,7.9,3.1,2.4,94.0,257.0
2026-06-04T15:00,14.9,8.0,8.9,2.7,84.0,386.0
2026-06-04T16:00,12.2,7.5,16.9,3.2,67.0,564.0
2026-06-04T17:00,17.9,10.0,11.0,3.0,79.0,704.0
2026-06-04T18:00,17.7,12.8,14.2,3.8,70.0,788.0
2026-06-04T19:00,16.7,12.2,18.5,5.0,56.0,835.0
2026-06-04T20:00,15.5,11.7,21.0,5.7,46.0,813.0
2026-06-04T21:00,14.7,11.4,20.1,5.7,41.0,677.0
2026-06-04T22:00,12.7,9.9,17.4,5.3,39.0,472.0
2026-06-04T23:00,10.4,8.1,14.8,4.9,37.0,308.0
2026-06-05T00:00,8.4,6.5,13.0,4.7,35.0,229.0
2026-06-05T01:00,7.3,5.6,11.3,4.4,35.0,191.0
2026-06-05T02:00,6.8,5.3,10.0,4.3,34.0,170.0
2026-06-05T03:00,6.2,4.9,9.4,4.4,33.0,159.0
2026-06-05T04:00,5.2,4.4,9.2,4.6,33.0,165.0
2026-06-05T05:00,2.9,2.6,6.7,3.8,38.0,186.0
2026-06-05T06:00,4.3,3.5,7.0,3.9,38.0,234.0
2026-06-05T07:00,5.4,4.2,7.2,4.0,39.0,296.0
2026-06-05T08:00,5.4,4.0,7.0,4.0,43.0,330.0
2026-06-05T09:00,4.8,3.6,5.7,3.6,53.0,307.0
2026-06-05T10:00,3.0,2.8,3.8,3.1,67.0,256.0
2026-06-05T11:00,3.0,2.7,2.6,2.7,76.0,220.0
2026-06-05T12:00,3.4,2.7,2.4,2.5,78.0,217.0
2026-06-05T13:00,5.0,3.3,2.8,2.3,76.0,229.0
2026-06-05T14:00,7.5,4.7,4.1,2.3,73.0,252.0
2026-06-05T15:00,7.4,5.1,6.6,2.4,69.0,291.0
2026-06-05T16:00,7.3,5.1,9.9,2.6,64.0,341.0
2026-06-05T17:00,9.1,5.7,8.0,2.7,67.0,379.0
2026-06-05T18:00,8.1,6.0,11.7,3.6,58.0,398.0
2026-06-05T19:00,8.9,7.3,16.8,4.7,46.0,405.0
2026-06-05T20:00,8.9,7.7,20.1,5.6,37.0,404.0
2026-06-05T21:00,8.4,7.4,20.2,5.8,33.0,396.0
2026-06-05T22:00,7.9,7.2,18.6,5.7,32.0,378.0
2026-06-05T23:00,6.7,6.1,16.6,5.5,32.0,349.0
2026-06-06T00:00,5.6,5.1,14.4,5.2,32.0,297.0
2026-06-06T01:00,4.9,4.4,11.9,4.8,33.0,232.0
2026-06-06T02:00,4.6,4.1,10.1,4.6,34.0,186.0
2026-06-06T03:00,4.4,4.0,9.5,4.7,34.0,166.0
2026-06-06T04:00,4.4,3.9,9.7,4.9,33.0,165.0
2026-06-06T05:00,3.3,3.1,8.4,4.4,37.0,187.0
2026-06-06T06:00,4.2,3.9,8.2,4.4,39.0,255.0
2026-06-06T07:00,4.5,4.2,7.9,4.4,43.0,346.0
2026-06-06T08:00,3.9,3.6,7.3,4.2,48.0,397.0
2026-06-06T09:00,4.0,3.5,6.2,3.6,56.0,369.0
2026-06-06T10:00,4.6,3.7,4.7,2.7,65.0,301.0
2026-06-06T11:00,6.4,4.3,3.9,2.2,73.0,251.0
2026-06-06T12:00,6.3,4.7,3.7,2.2,78.0,232.0
2026-06-06T13:00,5.1,4.2,4.0,2.5,81.0,230.0
2026-06-06T14:00,4.0,3.8,5.5,2.8,80.0,260.0
2026-06-06T15:00,3.6,3.6,9.2,2.9,73.0,348.0
2026-06-06T16:00,3.8,3.7,14.1,3.0,63.0,467.0
2026-06-06T17:00,10.3,8.6,17.2,3.0,57.0,551.0
2026-06-06T18:00,11.6,10.2,18.4,3.6,52.0,571.0
2026-06-06T19:00,11.5,10.4,19.9,4.4,44.0,557.0
2026-06-06T20:00,8.7,7.9,20.4,4.9,38.0,532.0
2026-06-06T21:00,6.9,6.2,19.0,4.8,35.0,504.0
2026-06-06T22:00,6.1,5.6,16.5,4.4,34.0,466.0
2026-06-06T23:00,5.5,5.1,14.2,4.1,33.0,419.0
2026-06-07T00:00,4.6,4.3,12.4,3.9,32.0,353.0
2026-06-07T01:00,4.0,3.8,10.7,3.8,32.0,278.0
2026-06-07T02:00,3.7,3.5,9.7,3.8,31.0,224.0
2026-06-07T03:00,3.7,3.5,9.9,4.0,29.0,204.0
2026-06-07T04:00,3.7,3.6,10.7,4.4,26.0,204.0
2026-06-07T05:00,2.6,2.5,8.7,3.8,32.0,216.0
2026-06-07T06:00,3.3,3.2,8.6,4.1,34.0,248.0
2026-06-07T07:00,3.8,3.7,8.4,4.6,36.0,291.0
2026-06-07T08:00,3.8,3.8,7.7,4.7,42.0,314.0
2026-06-07T09:00,3.3,3.3,6.0,4.3,54.0,295.0
2026-06-07T10:00,3.0,3.0,3.9,3.6,68.0,254.0
2026-06-07T11:00,2.6,2.6,2.6,3.0,78.0,224.0
2026-06-07T12:00,2.4,2.3,2.8,2.6,79.0,214.0
2026-06-07T13:00,2.1,1.9,4.0,2.3,76.0,214.0
2026-06-07T14:00,2.9,2.8,5.4,2.3,72.0,224.0
2026-06-07T15:00,2.9,2.8,7.2,2.6,68.0,252.0
2026-06-07T16:00,4.0,3.9,9.3,3.2,62.0,291.0
2026-06-07T17:00,3.4,3.4,8.1,2.8,74.0,317.0
2026-06-07T18:00,6.0,5.9,10.4,3.7,68.0,321.0
2026-06-07T19:00,7.7,7.6,13.6,5.0,59.0,313.0
2026-06-07T20:00,7.2,7.0,15.4,5.7,52.0,300.0
2026-06-07T21:00,6.8,6.5,14.6,5.4,48.0,281.0
2026-06-07T22:00,6.9,6.4,12.5,4.7,46.0,257.0
2026-06-07T23:00,6.9,6.2,10.5,4.0,45.0,236.0
2026-06-08T00:00,6.4,5.7,9.1,3.6,44.0,221.0
2026-06-08T01:00,5.7,5.1,7.8,3.4,43.0,209.0
2026-06-08T02:00,4.9,4.4,6.9,3.3,43.0,202.0
2026-06-08T03:00,4.4,4.0,6.5,3.4,42.0,195.0
2026-06-08T04:00,4.1,3.7,6.4,3.7,41.0,192.0
2026-06-08T05:00,4.6,4.2,6.9,3.9,39.0,212.0
2026-06-08T06:00,5.5,5.0,7.6,4.0,39.0,283.0
2026-06-08T07:00,6.0,4.8,8.4,4.2,41.0,375.0
2026-06-08T08:00,7.4,5.5,8.5,4.2,45.0,422.0
2026-06-08T09:00,8.2,5.6,7.0,3.8,56.0,377.0
2026-06-08T10:00,8.6,5.6,4.8,3.1,70.0,286.0
2026-06-08T11:00,8.3,5.4,3.1,2.6,81.0,218.0
2026-06-08T12:00,8.0,5.3,2.5,2.3,88.0,201.0
2026-06-08T13:00,7.5,4.9,2.4,2.1,92.0,208.0
2026-06-08T14:00,6.8,4.5,2.8,2.0,93.0,227.0
2026-06-08T15:00,6.4,4.3,3.8,2.0,90.0,265.0
2026-06-08T16:00,5.8,4.0,5.4,2.0,85.0,316.0
2026-06-08T17:00,7.2,4.6,6.0,2.3,71.0,346.0
2026-06-08T18:00,8.1,5.8,8.7,2.9,62.0,339.0
2026-06-08T19:00,9.1,6.9,12.3,3.8,50.0,312.0
2026-06-08T20:00,8.7,6.8,14.7,4.4,41.0,285.0
2026-06-08T21:00,7.7,6.3,14.6,4.4,37.0,267.0
2026-06-08T22:00,6.2,5.4,13.3,4.2,36.0,249.0
2026-06-08T23:00,4.9,4.5,11.8,4.0,36.0,230.0
2026-06-09T00:00,4.0,3.7,10.4,3.9,37.0,204.0
2026-06-09T01:00,3.4,3.3,8.7,3.8,38.0,177.0
2026-06-09T02:00,3.0,2.8,7.5,3.7,39.0,160.0
2026-06-09T03:00,2.7,2.5,6.8,3.6,39.0,154.0
2026-06-09T04:00,2.5,2.3,6.4,3.5,39.0,159.0
2026-06-09T05:00,4.2,3.1,6.2,3.2,39.0,180.0
2026-06-09T06:00,4.6,3.7,7.0,3.3,39.0,237.0
2026-06-09T07:00,5.0,4.4,8.0,3.5,38.0,312.0
2026-06-09T08:00,3.7,3.3,8.3,3.6,41.0,351.0
2026-06-09T09:00,4.2,3.8,7.2,3.4,49.0,321.0
2026-06-09T10:00,4.5,3.6,5.5,3.1,59.0,256.0
2026-06-09T11:00,5.2,3.6,4.2,2.8,67.0,210.0
2026-06-09T12:00,6.0,3.9,3.8,2.6,71.0,203.0
2026-06-09T13:00,6.3,3.9,3.9,2.5,74.0,213.0
2026-06-09T14:00,6.7,4.1,4.5,2.4,74.0,233.0
2026-06-09T15:00,7.5,4.5,5.9,2.5,71.0,265.0
2026-06-09T16:00,8.0,4.9,7.9,2.6,66.0,306.0
2026-06-09T17:00,8.4,5.5,7.9,2.5,58.0,334.0
2026-06-09T18:00,7.5,5.3,9.7,3.0,54.0,340.0
2026-06-09T19:00,7.5,5.4,12.1,3.7,48.0,333.0
2026-06-09T20:00,7.5,5.5,13.7,4.2,43.0,319.0
2026-06-09T21:00,7.4,5.6,13.9,4.2,41.0,300.0
2026-06-09T22:00,6.3,5.0,13.2,3.9,40.0,273.0
2026-06-09T23:00,5.0,4.3,12.3,3.7,40.0,245.0
2026-06-10T00:00,3.8,3.4,11.0,3.5,40.0,210.0
2026-06-10T01:00,3.2,2.9,9.4,3.4,41.0,173.0
2026-06-10T02:00,2.9,2.7,8.3,3.3,41.0,149.0
2026-06-10T03:00,2.9,2.6,7.9,3.4,40.0,144.0
2026-06-10T04:00,3.3,2.7,8.1,3.5,38.0,153.0
2026-06-10T05:00,4.0,3.7,9.5,4.0,37.0,176.0
2026-06-10T06:00,5.7,5.0,10.1,4.2,37.0,229.0
2026-06-10T07:00,7.8,6.0,10.8,4.5,38.0,296.0
2026-06-10T08:00,12.0,6.9,10.6,4.5,43.0,332.0
2026-06-10T09:00,18.8,8.7,8.1,4.0,58.0,305.0
2026-06-10T10:00,24.1,10.9,4.7,3.2,77.0,246.0
2026-06-10T11:00,25.7,11.6,3.0,2.7,89.0,203.0
2026-06-10T12:00,26.5,11.7,4.3,2.7,89.0,191.0
2026-06-10T13:00,22.1,11.7,7.4,2.9,82.0,195.0
2026-06-10T14:00,18.6,11.0,11.1,3.2,74.0,211.0
2026-06-10T15:00,15.8,10.6,16.0,3.5,64.0,242.0
2026-06-10T16:00,12.3,9.4,21.7,4.0,52.0,286.0
2026-06-10T17:00,27.5,13.2,10.7,2.7,72.0,335.0
2026-06-10T18:00,21.9,13.4,13.5,3.4,66.0,399.0
2026-06-10T19:00,18.8,12.8,17.5,4.4,57.0,468.0
2026-06-10T20:00,15.7,11.0,20.6,5.2,49.0,498.0
2026-06-10T21:00,14.0,10.7,22.4,5.6,43.0,460.0
2026-06-10T22:00,13.9,10.9,23.5,5.8,38.0,382.0
2026-06-10T23:00,13.1,10.4,23.1,5.7,35.0,311.0
2026-06-11T00:00,11.4,8.9,20.4,5.3,34.0,257.0
2026-06-11T01:00,10.3,7.8,16.3,4.6,35.0,208.0
2026-06-11T02:00,9.5,7.1,13.1,4.2,35.0,177.0
2026-06-11T03:00,8.7,6.5,11.9,4.2,33.0,164.0
2026-06-11T04:00,8.2,6.1,11.6,4.4,31.0,169.0
2026-06-11T05:00,8.3,5.4,9.1,4.0,36.0,196.0
2026-06-11T06:00,11.0,7.0,9.5,4.1,37.0,271.0
2026-06-11T07:00,16.5,8.9,9.9,4.2,38.0,368.0
2026-06-11T08:00,23.9,11.2,9.6,4.2,42.0,420.0
2026-06-11T09:00,27.0,12.6,7.8,3.8,51.0,380.0
2026-06-11T10:00,30.9,13.4,5.2,3.3,63.0,294.0
2026-06-11T11:00,31.2,13.6,3.3,2.9,73.0,231.0
2026-06-11T12:00,30.0,13.7,1.8,2.7,82.0,207.0
2026-06-11T13:00,30.7,14.0,1.0,2.6,89.0,205.0
2026-06-11T14:00,31.5,14.2,3.6,2.7,89.0,250.0
2026-06-11T15:00,32.9,14.7,12.9,3.2,75.0,377.0
2026-06-11T16:00,31.1,15.9,25.5,4.0,54.0,550.0
2026-06-11T17:00,49.9,23.4,21.3,4.4,58.0,684.0
2026-06-11T18:00,52.2,30.7,22.4,5.2,55.0,753.0
2026-06-11T19:00,42.0,26.4,23.8,6.3,50.0,784.0
2026-06-11T20:00,26.4,17.9,24.4,7.0,46.0,770.0
2026-06-11T21:00,19.3,14.6,23.6,7.0,44.0,691.0
2026-06-11T22:00,16.9,13.4,22.1,6.7,42.0,567.0
2026-06-11T23:00,15.0,11.9,20.3,6.3,41.0,455.0
2026-06-12T00:00,14.3,10.8,18.2,5.9,40.0,372.0
2026-06-12T01:00,14.9,10.4,15.9,5.5,39.0,302.0
2026-06-12T02:00,16.1,10.5,14.3,5.2,37.0,252.0
2026-06-12T03:00,17.9,10.9,13.8,5.3,34.0,227.0
2026-06-12T04:00,19.8,11.5,14.0,5.5,31.0,223.0
2026-06-12T05:00,16.1,8.7,8.5,4.5,44.0,235.0
2026-06-12T06:00,16.1,9.4,9.3,4.6,43.0,276.0
2026-06-12T07:00,14.2,8.8,10.2,4.7,41.0,333.0
2026-06-12T08:00,12.2,7.5,10.3,4.6,44.0,363.0
2026-06-12T09:00,13.3,8.0,8.6,4.2,54.0,338.0
2026-06-12T10:00,15.5,8.4,6.0,3.7,67.0,287.0
2026-06-12T11:00,17.1,9.4,4.1,3.3,78.0,248.0
2026-06-12T12:00,18.7,10.2,3.2,3.0,86.0,223.0
2026-06-12T13:00,19.8,10.7,3.0,2.7,91.0,211.0
2026-06-12T14:00,21.1,11.1,4.7,2.6,91.0,250.0
2026-06-12T15:00,21.9,12.2,9.7,2.8,83.0,375.0
2026-06-12T16:00,20.9,13.0,16.6,3.1,69.0,551.0
2026-06-12T17:00,16.8,10.8,20.3,3.7,58.0,705.0
2026-06-12T18:00,15.4,11.4,23.0,5.0,52.0,837.0
2026-06-12T19:00,16.1,12.5,26.6,6.7,44.0,947.0
2026-06-12T20:00,16.0,12.9,28.5,7.8,38.0,970.0
2026-06-12T21:00,15.4,12.5,27.2,7.8,36.0,844.0
2026-06-12T22:00,14.3,11.7,24.2,7.3,37.0,631.0
2026-06-12T23:00,13.3,10.8,21.0,6.7,37.0,447.0
2026-06-13T00:00,12.5,9.7,17.9,6.1,37.0,329.0
2026-06-13T01:00,11.8,8.9,14.7,5.5,37.0,240.0
2026-06-13T02:00,11.5,8.4,12.2,5.0,37.0,185.0
2026-06-13T03:00,11.6,8.1,10.6,4.9,37.0,171.0
2026-06-13T04:00,11.5,7.9,9.7,5.0,37.0,191.0
2026-06-13T05:00,9.5,6.9,10.8,5.1,38.0,224.0
2026-06-13T06:00,10.5,8.0,11.4,5.0,37.0,278.0
2026-06-13T07:00,11.5,8.8,12.1,4.8,37.0,344.0
2026-06-13T08:00,11.3,7.7,12.1,4.6,39.0,379.0
2026-06-13T09:00,13.3,8.4,10.9,4.3,47.0,352.0
2026-06-13T10:00,16.4,9.7,9.0,4.0,58.0,294.0
2026-06-13T11:00,18.8,10.9,7.3,3.7,68.0,250.0
2026-06-13T12:00,20.4,11.9,5.6,3.5,78.0,235.0
2026-06-13T13:00,21.9,13.0,4.3,3.4,87.0,233.0
2026-06-13T14:00,22.4,13.1,4.8,3.3,91.0,249.0
2026-06-13T15:00,23.3,13.5,8.7,3.2,88.0,284.0
2026-06-13T16:00,23.6,13.7,14.5,3.3,80.0,336.0
2026-06-13T17:00,15.8,12.3,21.8,3.2,60.0,398.0
2026-06-13T18:00,18.2,14.8,25.6,4.3,53.0,489.0
2026-06-13T19:00,20.1,16.6,30.6,5.9,43.0,591.0
2026-06-13T20:00,19.7,15.9,33.0,6.9,36.0,637.0
2026-06-13T21:00,19.2,14.8,30.4,6.9,35.0,585.0
2026-06-13T22:00,18.6,13.7,25.1,6.4,37.0,478.0
2026-06-13T23:00,17.2,12.6,20.4,5.8,39.0,379.0
2026-06-14T00:00,15.8,11.5,17.2,5.4,39.0,307.0
2026-06-14T01:00,15.0,10.8,14.6,5.0,38.0,243.0
2026-06-14T02:00,14.3,10.3,12.5,4.6,38.0,199.0
2026-06-14T03:00,13.4,9.5,10.9,4.3,38.0,178.0
2026-06-14T04:00,12.5,8.8,9.9,4.2,38.0,177.0
2026-06-14T05:00,12.3,8.2,10.5,4.0,36.0,194.0
2026-06-14T06:00,13.2,8.4,10.6,4.4,36.0,246.0
2026-06-14T07:00,12.6,8.2,10.7,5.0,37.0,316.0
2026-06-14T08:00,11.6,8.4,10.0,5.1,42.0,350.0
2026-06-14T09:00,12.4,8.0,7.7,4.4,54.0,313.0
2026-06-14T10:00,18.1,9.1,4.5,3.4,70.0,242.0
2026-06-14T11:00,25.0,11.0,2.3,2.6,82.0,187.0
2026-06-14T12:00,46.0,17.3,1.6,2.3,87.0,166.0
2026-06-14T13:00,38.1,15.0,1.8,2.3,89.0,162.0
2026-06-14T14:00,35.3,14.6,3.0,2.5,88.0,181.0
2026-06-14T15:00,32.1,13.7,5.5,2.8,83.0,235.0
2026-06-14T16:00,26.4,12.4,8.9,3.2,76.0,312.0
2026-06-14T17:00,35.4,18.4,13.0,3.6,67.0,377.0
2026-06-14T18:00,33.8,18.7,19.4,5.2,57.0,424.0
2026-06-14T19:00,37.3,22.2,28.1,7.4,43.0,459.0
2026-06-14T20:00,42.0,25.5,33.1,8.7,33.0,469.0
2026-06-14T21:00,41.4,25.0,31.0,8.4,32.0,442.0
2026-06-14T22:00,34.8,21.4,25.1,7.1,35.0,390.0
2026-06-14T23:00,27.2,17.3,19.8,6.0,38.0,337.0
2026-06-15T00:00,21.1,14.0,16.3,5.2,38.0,283.0
2026-06-15T01:00,17.5,11.8,13.4,4.5,38.0,228.0
2026-06-15T02:00,15.5,10.5,11.0,3.9,38.0,189.0
2026-06-15T03:00,14.1,9.5,9.4,3.6,38.0,176.0
2026-06-15T04:00,13.4,9.0,8.3,3.4,37.0,180.0
2026-06-15T05:00,14.9,8.8,6.4,3.1,39.0,195.0
2026-06-15T06:00,14.7,9.2,7.1,3.4,39.0,229.0
2026-06-15T07:00,17.9,9.7,8.1,3.7,40.0,274.0
2026-06-15T08:00,21.4,11.1,8.2,3.9,44.0,298.0
2026-06-15T09:00,27.6,12.5,6.6,3.6,55.0,279.0
2026-06-15T10:00,32.2,14.1,4.2,3.2,71.0,238.0
2026-06-15T11:00,34.0,14.6,2.5,2.8,83.0,209.0
2026-06-15T12:00,36.7,15.4,1.7,2.6,90.0,195.0
2026-06-15T13:00,40.4,16.6,1.6,2.5,94.0,193.0
2026-06-15T14:00,42.7,17.6,2.8,2.5,95.0,225.0
2026-06-15T15:00,44.1,18.2,4.7,2.5,93.0,298.0
2026-06-15T16:00,45.4,19.3,7.9,2.6,87.0,404.0
2026-06-15T17:00,46.7,22.8,13.2,3.4,78.0,549.0
2026-06-15T18:00,47.6,26.8,27.4,6.1,59.0,796.0
2026-06-15T19:00,55.8,34.2,46.7,9.8,32.0,1081.0
2026-06-15T20:00,60.8,39.0,60.0,12.4,13.0,1212.0
2026-06-15T21:00,64.0,41.9,62.4,13.1,8.0,1054.0
2026-06-15T22:00,63.3,42.1,58.8,12.7,10.0,742.0
2026-06-15T23:00,55.8,37.3,52.3,11.7,14.0,485.0
2026-06-16T00:00,43.1,29.0,42.0,9.8,20.0,364.0
2026-06-16T01:00,33.4,23.2,28.9,7.4,28.0,299.0
2026-06-16T02:00,25.1,18.2,18.8,5.5,33.0,256.0
2026-06-16T03:00,20.1,14.8,14.7,4.9,33.0,223.0
2026-06-16T04:00,17.3,12.7,13.7,4.9,30.0,213.0
2026-06-16T05:00,13.9,10.4,10.8,4.6,33.0,230.0
2026-06-16T06:00,15.4,11.4,10.5,4.5,35.0,299.0
2026-06-16T07:00,18.7,12.2,10.1,4.4,39.0,396.0
2026-06-16T08:00,22.8,12.8,9.2,4.2,46.0,445.0
2026-06-16T09:00,28.9,14.6,7.4,4.0,60.0,399.0
2026-06-16T10:00,33.6,16.0,5.1,3.8,78.0,306.0
2026-06-16T11:00,36.6,17.2,3.4,3.6,92.0,237.0
2026-06-16T12:00,36.8,17.6,2.5,3.4,101.0,218.0
2026-06-16T13:00,38.9,18.6,2.2,3.2,106.0,224.0
2026-06-16T14:00,41.9,19.8,3.3,3.2,107.0,249.0
2026-06-16T15:00,40.3,19.6,4.6,3.0,105.0,238.0
2026-06-16T16:00,40.6,20.2,7.4,2.9,99.0,247.0
2026-06-16T17:00,28.2,16.8,14.5,4.2,86.0,439.0
2026-06-16T18:00,32.6,22.5,33.5,8.5,61.0,1058.0
2026-06-16T19:00,45.4,34.7,59.5,14.6,28.0,1860.0
2026-06-16T20:00,58.1,47.1,77.7,19.9,3.0,2281.0
2026-06-16T21:00,68.5,57.6,81.2,24.3,0.0,1958.0
2026-06-16T22:00,75.7,64.7,76.9,27.9,0.0,1254.0
2026-06-16T23:00,75.9,65.0,70.7,28.5,1.0,687.0
2026-06-17T00:00,66.4,55.5,64.1,23.6,5.0,463.0
2026-06-17T01:00,47.3,37.7,55.6,15.7,10.0,377.0
2026-06-17T02:00,36.6,27.9,47.1,9.6,15.0,334.0
2026-06-17T03:00,31.5,23.3,38.7,7.3,18.0,317.0
2026-06-17T04:00,29.3,21.2,30.4,6.8,21.0,344.0
2026-06-17T05:00,23.1,17.2,19.4,6.4,33.0,370.0
2026-06-17T06:00,23.3,17.5,17.7,6.2,38.0,387.0
2026-06-17T07:00,23.6,16.6,15.2,6.0,45.0,404.0
2026-06-17T08:00,22.8,15.0,12.6,5.6,54.0,400.0
2026-06-17T09:00,24.0,14.9,9.6,5.0,68.0,356.0
2026-06-17T10:00,25.9,15.1,6.4,4.2,85.0,291.0
2026-06-17T11:00,27.6,15.5,4.2,3.6,98.0,245.0
2026-06-17T12:00,30.5,16.4,3.2,3.3,105.0,232.0
2026-06-17T13:00,33.2,17.3,3.1,3.2,108.0,237.0
2026-06-17T14:00,35.7,18.4,4.2,3.3,108.0,263.0
2026-06-17T15:00,36.2,18.5,6.5,3.5,104.0,318.0
2026-06-17T16:00,56.8,27.9,10.1,3.8,96.0,393.0
2026-06-17T17:00,26.7,16.1,19.7,4.7,83.0,458.0
2026-06-17T18:00,34.8,25.6,35.1,7.2,61.0,504.0
2026-06-17T19:00,45.4,35.7,55.7,10.6,32.0,541.0
2026-06-17T20:00,40.7,32.2,66.6,12.5,14.0,569.0
2026-06-17T21:00,34.3,25.9,58.6,11.5,18.0,599.0
2026-06-17T22:00,30.0,22.2,40.9,9.0,33.0,620.0
2026-06-17T23:00,25.3,18.6,26.5,7.0,45.0,606.0
2026-06-18T00:00,21.0,15.6,20.4,6.2,47.0,526.0
2026-06-18T01:00,18.1,13.6,17.5,5.8,46.0,410.0
2026-06-18T02:00,16.5,12.5,16.0,5.7,44.0,322.0
2026-06-18T03:00,15.6,11.9,15.8,5.9,40.0,284.0
2026-06-18T04:00,15.3,11.6,16.8,6.5,36.0,273.0
2026-06-18T05:00,11.8,8.9,12.4,5.7,39.0,291.0
2026-06-18T06:00,12.3,9.4,12.5,5.6,39.0,364.0
2026-06-18T07:00,13.7,10.4,12.5,5.5,39.0,465.0
2026-06-18T08:00,14.2,9.5,11.7,5.3,43.0,513.0
2026-06-18T09:00,16.2,10.2,9.3,4.9,55.0,453.0
2026-06-18T10:00,19.2,11.7,6.1,4.4,71.0,340.0
2026-06-18T11:00,22.4,13.2,4.0,4.0,83.0,256.0
2026-06-18T12:00,24.5,14.1,3.3,3.6,89.0,204.0
2026-06-18T13:00,25.1,14.2,3.7,3.2,91.0,182.0
2026-06-18T14:00,25.7,14.8,6.2,3.2,88.0,266.0
2026-06-18T15:00,24.2,15.2,12.4,3.6,78.0,574.0
2026-06-18T16:00,22.4,15.6,20.6,4.4,63.0,987.0
2026-06-18T17:00,27.3,17.0,12.1,4.6,77.0,1228.0
2026-06-18T18:00,28.8,19.5,20.7,6.0,64.0,1122.0
2026-06-18T19:00,32.4,24.1,32.3,7.8,45.0,843.0
2026-06-18T20:00,32.2,24.2,39.5,9.0,33.0,638.0
2026-06-18T21:00,32.1,23.6,38.5,9.0,32.0,627.0
2026-06-18T22:00,32.6,23.4,33.2,8.3,38.0,689.0
2026-06-18T23:00,30.3,21.5,27.5,7.5,44.0,705.0
2026-06-19T00:00,22.7,16.2,22.2,6.8,51.0,609.0
2026-06-19T01:00,18.5,14.1,16.6,6.0,59.0,468.0
2026-06-19T02:00,17.2,13.7,12.7,5.5,65.0,361.0
2026-06-19T03:00,16.1,13.2,11.6,5.5,66.0,321.0
2026-06-19T04:00,15.0,12.3,12.1,5.8,64.0,316.0
2026-06-19T05:00,13.4,11.0,11.5,5.0,63.0,329.0
2026-06-19T06:00,10.9,9.3,14.0,5.4,61.0,373.0
2026-06-19T07:00,11.8,10.2,17.3,6.0,60.0,436.0
2026-06-19T08:00,11.8,10.0,18.5,6.4,64.0,462.0
2026-06-19T09:00,11.8,9.6,15.3,6.3,79.0,411.0
2026-06-19T10:00,12.6,9.7,9.9,6.0,100.0,322.0
2026-06-19T11:00,13.5,10.2,6.2,5.6,115.0,261.0
2026-06-19T12:00,14.8,11.0,5.5,5.1,119.0,236.0
2026-06-19T13:00,15.8,11.6,6.5,4.6,118.0,238.0
2026-06-19T14:00,17.5,13.2,8.7,4.4,114.0,303.0
2026-06-19T15:00,18.6,14.9,11.8,4.8,110.0,485.0
2026-06-19T16:00,17.7,14.1,16.2,5.6,103.0,731.0
2026-06-19T17:00,20.1,15.5,19.6,5.7,87.0,915.0
2026-06-19T18:00,27.1,23.4,34.3,7.6,66.0,961.0
2026-06-19T19:00,33.5,29.5,54.0,10.1,37.0,944.0
2026-06-19T20:00,32.0,28.3,64.8,11.7,19.0,971.0
2026-06-19T21:00,27.0,23.5,58.1,11.4,21.0,1141.0
2026-06-19T22:00,23.3,20.1,42.5,10.1,34.0,1353.0
2026-06-19T23:00,21.5,18.1,29.8,8.9,43.0,1412.0
2026-06-20T00:00,19.8,16.1,24.5,8.2,44.0,1169.0
2026-06-20T01:00,19.1,15.0,22.1,7.7,41.0,772.0
2026-06-20T02:00,19.4,14.7,20.9,7.3,38.0,474.0
2026-06-20T03:00,19.6,14.6,21.1,7.1,34.0,387.0
2026-06-20T04:00,20.3,14.9,22.6,7.2,29.0,398.0
2026-06-20T05:00,16.5,12.2,16.6,6.2,40.0,422.0
2026-06-20T06:00,19.2,14.4,16.7,6.6,42.0,443.0
2026-06-20T07:00,21.1,15.0,16.7,7.1,46.0,476.0
2026-06-20T08:00,22.5,15.2,15.6,7.3,55.0,486.0
2026-06-20T09:00,24.0,15.5,12.4,6.7,75.0,444.0
2026-06-20T10:00,24.2,15.5,8.1,5.8,101.0,378.0
2026-06-20T11:00,22.8,14.6,5.1,5.0,119.0,339.0
2026-06-20T12:00,21.8,14.1,2.8,4.3,126.0,339.0
2026-06-20T13:00,20.8,13.4,1.8,3.8,127.0,366.0
2026-06-20T14:00,20.7,13.4,5.5,3.7,119.0,432.0
2026-06-20T15:00,22.5,16.2,17.3,4.0,99.0,554.0
2026-06-20T16:00,25.4,18.2,33.8,4.8,72.0,716.0
2026-06-20T17:00,27.8,19.1,31.7,5.8,69.0,884.0
2026-06-20T18:00,38.1,29.3,48.5,9.3,49.0,1085.0
2026-06-20T19:00,51.7,41.4,71.3,14.0,21.0,1292.0
2026-06-20T20:00,57.0,44.7,86.0,17.1,2.0,1392.0
2026-06-20T21:00,55.2,41.1,86.1,17.4,0.0,1314.0
2026-06-20T22:00,53.9,39.1,78.1,16.1,3.0,1131.0
2026-06-20T23:00,52.6,38.1,66.7,14.3,9.0,942.0
2026-06-21T00:00,39.2,28.2,50.8,11.7,17.0,769.0
2026-06-21T01:00,27.0,19.4,31.6,8.5,28.0,591.0
2026-06-21T02:00,19.8,14.4,17.5,6.2,35.0,451.0
2026-06-21T03:00,16.0,11.7,13.2,5.5,34.0,359.0
2026-06-21T04:00,14.6,10.8,14.0,5.6,30.0,303.0
2026-06-21T05:00,12.6,9.4,11.5,5.1,34.0,294.0
2026-06-21T06:00,13.0,10.3,11.2,5.8,36.0,371.0
2026-06-21T07:00,12.4,10.0,10.8,6.6,38.0,494.0
2026-06-21T08:00,10.9,9.0,9.7,6.9,44.0,551.0
2026-06-21T09:00,9.8,7.8,7.4,6.0,55.0,469.0
2026-06-21T10:00,9.6,7.1,4.5,4.6,70.0,322.0
2026-06-21T11:00,9.5,6.8,2.4,3.5,81.0,214.0
2026-06-21T12:00,9.4,6.7,1.6,3.1,88.0,188.0
2026-06-21T13:00,9.8,6.9,1.6,3.0,91.0,201.0
2026-06-21T14:00,10.2,7.1,2.5,3.1,92.0,238.0
2026-06-21T15:00,10.5,7.3,4.4,3.3,90.0,311.0
2026-06-21T16:00,10.0,7.0,7.1,3.7,86.0,407.0
2026-06-21T17:00,14.0,10.9,17.8,4.2,51.0,469.0
2026-06-21T18:00,11.1,9.7,20.3,5.2,44.0,466.0
2026-06-21T19:00,10.6,9.7,23.8,6.5,35.0,430.0
2026-06-21T20:00,12.6,11.8,26.0,7.6,28.0,399.0
2026-06-21T21:00,12.8,12.0,26.1,8.2,26.0,392.0
2026-06-21T22:00,12.3,11.6,24.9,8.4,26.0,389.0
2026-06-21T23:00,12.4,11.7,23.2,8.5,27.0,371.0
2026-06-22T00:00,11.3,10.5,20.8,8.3,28.0,319.0
2026-06-22T01:00,10.7,10.0,17.8,7.8,29.0,252.0
2026-06-22T02:00,10.5,9.7,15.4,7.5,29.0,204.0
2026-06-22T03:00,10.7,9.8,14.2,7.4,28.0,186.0
2026-06-22T04:00,10.9,10.0,13.6,7.4,25.0,188.0
2026-06-22T05:00,5.2,4.8,8.6,4.9,31.0,212.0
2026-06-22T06:00,5.9,5.6,8.6,5.0,34.0,280.0
2026-06-22T07:00,6.0,5.5,8.6,5.2,37.0,369.0
2026-06-22T08:00,5.1,4.8,8.1,5.1,43.0,417.0
2026-06-22T09:00,4.6,4.3,6.7,4.6,52.0,381.0
2026-06-22T10:00,4.3,4.0,4.8,4.0,62.0,303.0
2026-06-22T11:00,4.2,4.0,3.4,3.4,71.0,246.0
2026-06-22T12:00,4.2,4.0,2.3,2.9,78.0,219.0
2026-06-22T13:00,4.2,3.8,1.7,2.5,84.0,212.0
2026-06-22T14:00,4.2,3.6,2.9,2.4,85.0,257.0
2026-06-22T15:00,4.1,3.4,6.9,2.6,77.0,410.0
2026-06-22T16:00,5.3,4.4,12.6,3.0,64.0,614.0
2026-06-22T17:00,5.5,5.3,16.8,3.7,56.0,730.0
2026-06-22T18:00,7.7,7.2,18.3,4.6,52.0,673.0
2026-06-22T19:00,9.3,8.7,20.2,5.8,46.0,528.0
2026-06-22T20:00,9.2,8.4,20.9,6.5,41.0,411.0
2026-06-22T21:00,9.1,8.1,19.4,6.3,38.0,375.0
2026-06-22T22:00,8.5,7.6,16.7,5.7,37.0,369.0
2026-06-22T23:00,7.3,6.5,14.1,5.0,36.0,350.0
2026-06-23T00:00,5.6,5.1,11.8,4.4,36.0,296.0
2026-06-23T01:00,4.5,4.1,9.5,3.8,37.0,229.0
2026-06-23T02:00,3.9,3.6,7.9,3.5,37.0,183.0
2026-06-23T03:00,3.5,3.2,7.4,3.6,36.0,169.0
2026-06-23T04:00,3.2,3.0,7.5,3.9,35.0,174.0
2026-06-23T05:00,2.4,2.1,5.8,3.1,40.0,193.0
2026-06-23T06:00,3.1,2.8,6.7,3.3,39.0,238.0
2026-06-23T07:00,4.0,3.8,8.0,3.5,37.0,298.0
2026-06-23T08:00,3.9,3.5,8.3,3.6,39.0,330.0
2026-06-23T09:00,4.9,3.8,6.9,3.3,48.0,307.0
2026-06-23T10:00,5.4,3.9,4.6,2.7,60.0,256.0
2026-06-23T11:00,6.4,4.4,2.9,2.3,70.0,218.0
2026-06-23T12:00,7.1,4.8,2.2,2.1,77.0,204.0
2026-06-23T13:00,7.7,5.2,2.2,2.0,81.0,202.0
2026-06-23T14:00,7.8,5.3,3.0,2.0,82.0,219.0
2026-06-23T15:00,7.5,5.2,5.2,2.2,77.0,268.0
2026-06-23T16:00,7.7,5.5,8.4,2.5,69.0,336.0
2026-06-23T17:00,9.2,6.4,10.0,2.7,61.0,390.0
2026-06-23T18:00,10.1,7.7,12.1,3.3,56.0,418.0
2026-06-23T19:00,10.8,8.6,14.9,4.2,49.0,431.0
2026-06-23T20:00,10.7,8.5,16.7,4.8,43.0,431.0
2026-06-23T21:00,10.6,8.5,16.7,4.9,40.0,418.0
2026-06-23T22:00,10.9,8.6,15.7,4.8,37.0,391.0
2026-06-23T23:00,11.1,8.4,14.4,4.6,36.0,357.0
2026-06-24T00:00,10.7,7.7,12.8,4.5,36.0,308.0
2026-06-24T01:00,9.9,7.0,11.0,4.4,36.0,251.0
2026-06-24T02:00,9.1,6.4,9.5,4.3,36.0,210.0
2026-06-24T03:00,8.2,5.9,8.7,4.3,35.0,187.0
2026-06-24T04:00,7.4,5.3,8.3,4.5,35.0,180.0
2026-06-24T05:00,6.8,4.6,6.9,4.1,36.0,204.0
2026-06-24T06:00,7.8,5.6,7.4,4.3,36.0,294.0
2026-06-24T07:00,9.3,6.9,8.1,4.6,36.0,416.0
2026-06-24T08:00,11.3,7.0,8.2,4.7,39.0,480.0
2026-06-24T09:00,15.3,8.4,7.3,4.4,46.0,430.0
2026-06-24T10:00,17.7,9.8,5.8,3.9,55.0,323.0
2026-06-24T11:00,18.5,10.2,4.6,3.4,63.0,243.0
2026-06-24T12:00,16.0,8.9,3.8,2.9,70.0,218.0
2026-06-24T13:00,14.0,8.1,3.2,2.3,76.0,221.0
2026-06-24T14:00,11.9,7.1,3.5,2.0,78.0,250.0
2026-06-24T15:00,11.0,7.2,5.0,2.0,74.0,329.0
2026-06-24T16:00,10.9,7.3,7.4,2.3,67.0,435.0
2026-06-24T17:00,9.4,6.4,9.8,2.7,59.0,501.0
2026-06-24T18:00,8.3,6.1,12.2,3.3,51.0,490.0
2026-06-24T19:00,8.2,6.5,14.6,4.0,43.0,438.0
2026-06-24T20:00,8.3,6.7,16.2,4.5,37.0,387.0
2026-06-24T21:00,8.1,6.5,16.6,4.7,34.0,348.0
2026-06-24T22:00,8.2,6.5,16.1,4.8,32.0,309.0
2026-06-24T23:00,8.1,6.5,15.1,4.7,32.0,274.0
2026-06-25T00:00,7.3,5.8,13.3,4.5,33.0,241.0
2026-06-25T01:00,6.2,4.9,11.0,4.2,34.0,211.0
2026-06-25T02:00,5.2,4.3,9.2,4.0,35.0,191.0
2026-06-25T03:00,4.3,3.7,8.4,4.0,35.0,182.0
2026-06-25T04:00,3.9,3.3,8.1,4.1,34.0,182.0
2026-06-25T05:00,4.3,3.5,8.0,4.2,34.0,198.0
2026-06-25T06:00,5.4,4.3,8.1,4.2,34.0,246.0
2026-06-25T07:00,6.7,5.2,8.4,4.2,36.0,308.0
2026-06-25T08:00,7.2,5.1,8.1,4.0,39.0,339.0
2026-06-25T09:00,8.8,5.5,6.5,3.5,46.0,302.0
2026-06-25T10:00,11.1,6.5,4.4,2.8,56.0,233.0
2026-06-25T11:00,11.8,6.6,2.8,2.3,64.0,193.0
2026-06-25T12:00,11.4,6.6,2.0,2.0,69.0,213.0
2026-06-25T13:00,10.9,6.4,1.8,1.8,73.0,262.0
2026-06-25T14:00,11.2,6.3,3.1,1.9,73.0,311.0
2026-06-25T15:00,12.6,6.9,6.8,2.4,68.0,353.0
2026-06-25T16:00,14.1,8.6,12.0,3.2,59.0,394.0
2026-06-25T17:00,11.4,8.8,17.6,3.4,48.0,427.0
2026-06-25T18:00,10.7,8.8,19.8,4.1,43.0,452.0
2026-06-25T19:00,10.7,9.3,22.7,5.1,35.0,469.0
2026-06-25T20:00,10.4,8.9,24.1,5.7,30.0,464.0
2026-06-25T21:00,10.1,8.4,22.7,5.7,29.0,427.0
2026-06-25T22:00,9.9,8.0,19.9,5.3,29.0,368.0
2026-06-25T23:00,9.4,7.3,17.1,4.9,30.0,312.0
2026-06-26T00:00,9.0,6.7,14.8,4.6,31.0,262.0
2026-06-26T01:00,9.0,6.4,12.7,4.3,32.0,214.0
2026-06-26T02:00,9.1,6.3,11.2,4.2,33.0,180.0
2026-06-26T03:00,9.0,6.2,11.0,4.4,31.0,163.0
2026-06-26T04:00,8.9,6.3,11.4,4.8,29.0,161.0
2026-06-26T05:00,9.7,6.2,9.9,4.6,33.0,178.0
2026-06-26T06:00,11.4,7.4,10.0,4.6,34.0,234.0
2026-06-26T07:00,14.0,8.6,10.0,4.7,35.0,311.0
2026-06-26T08:00,15.1,8.6,9.5,4.5,39.0,352.0
2026-06-26T09:00,13.7,8.0,7.7,4.0,47.0,324.0
2026-06-26T10:00,11.0,6.7,5.4,3.4,58.0,261.0
2026-06-26T11:00,9.1,5.6,3.8,2.8,65.0,215.0
2026-06-26T12:00,7.9,5.0,3.3,2.3,66.0,196.0
2026-06-26T13:00,7.0,4.4,3.6,1.9,64.0,194.0
2026-06-26T14:00,8.5,5.0,4.9,1.9,61.0,234.0
2026-06-26T15:00,8.7,6.4,7.6,2.4,58.0,355.0
2026-06-26T16:00,8.9,6.6,11.4,3.2,55.0,519.0
2026-06-26T17:00,14.3,9.6,18.3,3.4,49.0,632.0
2026-06-26T18:00,16.9,12.6,22.3,4.5,44.0,649.0
2026-06-26T19:00,17.1,13.4,27.8,5.9,37.0,616.0
2026-06-26T20:00,16.7,13.4,30.8,6.9,32.0,574.0
2026-06-26T21:00,16.1,13.0,29.3,7.0,31.0,538.0
2026-06-26T22:00,15.4,12.4,25.5,6.6,33.0,493.0
2026-06-26T23:00,14.3,11.2,21.7,6.2,34.0,437.0
2026-06-27T00:00,13.4,10.1,18.6,5.8,35.0,356.0
2026-06-27T01:00,13.2,9.5,15.6,5.3,36.0,263.0
2026-06-27T02:00,13.2,9.3,13.4,5.0,36.0,197.0
2026-06-27T03:00,13.3,9.1,12.7,5.0,34.0,173.0
2026-06-27T04:00,13.4,9.0,12.9,5.2,32.0,176.0
2026-06-27T05:00,11.1,7.4,10.8,5.1,34.0,197.0
2026-06-27T06:00,11.6,8.1,10.4,5.1,36.0,250.0
2026-06-27T07:00,12.3,8.1,9.8,5.0,39.0,321.0
2026-06-27T08:00,12.7,8.2,8.8,4.8,45.0,359.0
2026-06-27T09:00,13.8,8.3,6.9,4.2,56.0,328.0
2026-06-27T10:00,18.3,9.3,4.6,3.3,69.0,264.0
2026-06-27T11:00,22.2,10.4,3.0,2.7,80.0,219.0
2026-06-27T12:00,23.5,10.7,1.9,2.4,87.0,211.0
2026-06-27T13:00,23.3,10.6,1.6,2.3,90.0,224.0
2026-06-27T14:00,22.8,10.6,3.3,2.3,89.0,255.0
2026-06-27T15:00,20.8,10.0,8.9,2.5,79.0,310.0
2026-06-27T16:00,19.5,9.3,16.6,2.8,64.0,385.0
2026-06-27T17:00,15.6,10.9,22.4,3.0,53.0,466.0
2026-06-27T18:00,13.2,10.4,26.4,4.0,46.0,575.0
2026-06-27T19:00,14.2,11.9,31.7,5.4,37.0,691.0
2026-06-27T20:00,15.6,13.3,34.9,6.5,30.0,736.0
2026-06-27T21:00,15.3,12.8,34.1,6.9,29.0,653.0
2026-06-27T22:00,16.2,13.4,31.2,6.9,31.0,499.0
2026-06-27T23:00,16.9,13.8,27.8,6.8,32.0,367.0
2026-06-28T00:00,16.5,13.1,24.1,6.6,32.0,289.0
2026-06-28T01:00,16.1,12.4,19.9,6.2,32.0,234.0
2026-06-28T02:00,15.5,11.6,16.5,5.9,32.0,200.0
2026-06-28T03:00,14.9,10.9,14.5,5.6,31.0,193.0
2026-06-28T04:00,14.6,10.4,13.3,5.3,30.0,207.0
2026-06-28T05:00,14.1,9.5,12.4,5.1,30.0,228.0
2026-06-28T06:00,13.7,9.4,10.7,5.0,33.0,261.0
2026-06-28T07:00,13.7,8.7,8.3,4.9,39.0,301.0
2026-06-28T08:00,14.2,8.4,6.1,4.6,46.0,317.0
2026-06-28T09:00,15.3,8.7,4.5,4.2,57.0,283.0
2026-06-28T10:00,16.8,9.2,3.1,3.7,70.0,225.0
2026-06-28T11:00,15.3,8.5,2.1,3.2,80.0,185.0
2026-06-28T12:00,13.6,7.8,1.5,2.8,84.0,180.0
2026-06-28T13:00,15.1,8.2,1.3,2.5,85.0,194.0
2026-06-28T14:00,10.9,6.3,2.0,2.3,82.0,221.0
2026-06-28T15:00,9.2,5.6,4.4,2.3,75.0,270.0
2026-06-28T16:00,7.3,5.1,7.7,2.5,65.0,333.0
2026-06-28T17:00,6.4,5.5,10.4,2.9,56.0,378.0
2026-06-28T18:00,6.4,5.7,12.1,3.6,50.0,395.0
2026-06-28T19:00,6.7,6.2,13.2,4.5,46.0,395.0
2026-06-28T20:00,5.9,5.6,13.6,5.1,42.0,376.0
2026-06-28T21:00,4.9,4.7,13.1,5.0,39.0,329.0
2026-06-28T22:00,4.6,4.5,12.0,4.5,36.0,264.0
2026-06-28T23:00,4.2,4.1,10.8,4.1,35.0,211.0
2026-06-29T00:00,3.7,3.6,9.5,3.9,35.0,179.0
2026-06-29T01:00,3.3,3.2,8.2,3.7,36.0,159.0
2026-06-29T02:00,3.2,3.1,7.3,3.7,36.0,149.0
2026-06-29T03:00,3.2,3.0,7.0,3.8,35.0,140.0
2026-06-29T04:00,3.2,3.0,7.1,4.0,33.0,142.0
2026-06-29T05:00,4.6,4.0,8.4,4.0,33.0,176.0
2026-06-29T06:00,4.5,4.0,8.3,3.9,35.0,285.0
2026-06-29T07:00,4.4,4.0,8.1,3.7,38.0,426.0
2026-06-29T08:00,3.1,3.0,7.5,3.5,44.0,501.0
2026-06-29T09:00,3.3,3.3,6.0,3.2,54.0,442.0
2026-06-29T10:00,3.0,2.9,4.1,2.8,66.0,315.0
2026-06-29T11:00,2.9,2.6,2.7,2.5,77.0,221.0
2026-06-29T12:00,3.5,3.0,2.0,2.3,85.0,195.0
2026-06-29T13:00,4.2,3.4,1.8,2.1,91.0,201.0
2026-06-29T14:00,4.9,3.7,2.6,2.1,93.0,230.0
2026-06-29T15:00,5.4,3.9,5.0,2.2,90.0,298.0
2026-06-29T16:00,5.8,4.2,8.3,2.5,83.0,388.0
2026-06-29T17:00,6.3,5.3,13.4,3.1,61.0,439.0
2026-06-29T18:00,7.7,6.5,15.3,3.7,53.0,416.0
2026-06-29T19:00,8.6,7.4,17.8,4.5,43.0,355.0
2026-06-29T20:00,8.6,7.3,18.8,5.0,36.0,301.0
2026-06-29T21:00,6.9,5.7,17.0,4.8,35.0,274.0
2026-06-29T22:00,5.5,4.7,13.6,4.2,37.0,255.0
2026-06-29T23:00,4.4,3.9,10.6,3.7,39.0,232.0
2026-06-30T00:00,3.4,3.0,8.5,3.2,40.0,198.0
2026-06-30T01:00,3.1,2.5,6.8,2.8,41.0,161.0
2026-06-30T02:00,3.2,2.5,5.6,2.5,41.0,135.0
2026-06-30T03:00,3.2,2.4,5.1,2.5,41.0,125.0
2026-06-30T04:00,2.6,2.1,5.0,2.7,40.0,126.0
2026-06-30T05:00,1.3,1.3,5.7,2.9,40.0,144.0
2026-06-30T06:00,2.0,1.9,6.6,3.0,39.0,195.0
2026-06-30T07:00,3.2,2.9,7.7,3.2,39.0,264.0
2026-06-30T08:00,4.7,3.6,8.1,3.3,41.0,305.0
2026-06-30T09:00,6.4,4.6,7.0,3.2,48.0,294.0
2026-06-30T10:00,7.6,5.1,5.1,3.1,59.0,256.0
2026-06-30T11:00,8.1,5.3,3.8,2.9,66.0,224.0
2026-06-30T12:00,7.5,4.7,3.2,2.6,69.0,204.0
2026-06-30T13:00,6.9,4.2,3.1,2.2,69.0,190.0
2026-06-30T14:00,5.8,3.7,4.0,2.0,67.0,201.0
2026-06-30T15:00,4.8,3.6,6.6,2.2,64.0,261.0
2026-06-30T16:00,4.0,3.3,10.2,2.6,60.0,344.0
2026-06-30T17:00,6.4,5.0,13.5,2.9,52.0,397.0
2026-06-30T18:00,7.3,6.2,15.3,3.5,47.0,389.0
2026-06-30T19:00,7.9,6.9,17.8,4.4,41.0,349.0
2026-06-30T20:00,7.9,6.8,18.8,4.9,36.0,311.0
2026-06-30T21:00,7.0,6.0,17.2,4.8,34.0,286.0
2026-06-30T22:00,6.1,5.2,14.2,4.3,33.0,263.0
2026-06-30T23:00,5.1,4.5,11.5,3.9,33.0,238.0
2026-07-01T00:00,3.8,3.4,9.4,3.6,34.0,208.0
2026-07-01T01:00,3.1,2.7,7.6,3.3,35.0,176.0
2026-07-01T02:00,2.7,2.4,6.3,3.1,36.0,153.0
2026-07-01T03:00,2.6,2.2,5.5,3.1,37.0,136.0
2026-07-01T04:00,2.4,2.1,5.2,3.2,37.0,127.0
2026-07-01T05:00,2.6,2.2,5.8,3.4,37.0,145.0
2026-07-01T06:00,2.4,2.2,7.2,3.7,35.0,219.0
2026-07-01T07:00,3.5,3.4,9.1,4.0,33.0,319.0
2026-07-01T08:00,3.4,3.3,9.9,4.1,34.0,377.0
2026-07-01T09:00,3.2,2.9,8.5,3.7,41.0,346.0
2026-07-01T10:00,2.9,2.7,5.9,3.1,51.0,272.0
2026-07-01T11:00,2.8,2.5,4.1,2.6,59.0,223.0
2026-07-01T12:00,3.5,2.7,3.6,2.3,62.0,232.0
2026-07-01T13:00,4.2,2.9,3.8,2.2,64.0,266.0
2026-07-01T14:00,4.4,3.1,4.6,2.1,63.0,297.0
2026-07-01T15:00,4.2,3.1,6.0,2.1,60.0,313.0
2026-07-01T16:00,3.6,2.8,8.0,2.2,56.0,326.0
2026-07-01T17:00,6.4,4.5,10.7,2.7,48.0,339.0
2026-07-01T18:00,7.7,5.8,12.4,3.2,45.0,358.0
2026-07-01T19:00,7.8,6.1,14.6,3.8,40.0,377.0
2026-07-01T20:00,7.4,5.8,16.0,4.3,36.0,379.0
2026-07-01T21:00,6.7,5.6,15.9,4.5,34.0,353.0
2026-07-01T22:00,6.0,5.3,14.9,4.4,32.0,310.0
2026-07-01T23:00,4.9,4.5,13.4,4.3,32.0,267.0
2026-07-02T00:00,3.5,3.3,11.3,4.0,33.0,227.0
2026-07-02T01:00,2.6,2.5,8.7,3.5,35.0,187.0
2026-07-02T02:00,2.2,2.1,6.8,3.2,37.0,159.0
2026-07-02T03:00,2.0,1.9,5.6,3.0,38.0,142.0
2026-07-02T04:00,1.8,1.8,5.1,3.0,38.0,136.0
2026-07-02T05:00,1.7,1.7,5.7,3.1,39.0,154.0
2026-07-02T06:00,1.9,1.8,6.5,3.2,38.0,222.0
2026-07-02T07:00,3.0,2.9,7.5,3.3,38.0,315.0
2026-07-02T08:00,2.9,2.8,7.8,3.3,40.0,365.0
2026-07-02T09:00,2.6,2.4,6.8,3.1,47.0,330.0
2026-07-02T10:00,2.6,2.4,5.2,2.8,57.0,254.0
2026-07-02T11:00,3.0,2.7,4.1,2.6,64.0,197.0
2026-07-02T12:00,3.2,2.8,4.2,2.5,65.0,179.0
2026-07-02T13:00,3.0,2.5,4.9,2.5,63.0,181.0
2026-07-02T14:00,3.1,2.7,5.7,2.5,60.0,207.0
2026-07-02T15:00,2.7,2.4,6.6,2.4,58.0,279.0
2026-07-02T16:00,2.6,2.3,7.6,2.3,56.0,374.0
2026-07-02T17:00,5.4,4.6,15.3,3.0,45.0,432.0
2026-07-02T18:00,6.1,5.4,15.6,3.4,43.0,418.0
2026-07-02T19:00,5.8,5.2,16.0,3.9,41.0,366.0
2026-07-02T20:00,6.1,5.2,15.9,4.2,39.0,318.0
2026-07-02T21:00,6.7,5.2,14.9,4.2,38.0,290.0
2026-07-02T22:00,7.5,5.5,13.3,4.0,37.0,266.0
2026-07-02T23:00,7.9,5.4,11.7,3.8,37.0,241.0
2026-07-03T00:00,8.6,5.3,10.0,3.6,38.0,207.0
2026-07-03T01:00,7.6,4.5,8.3,3.4,39.0,171.0
2026-07-03T02:00,7.9,4.4,6.9,3.3,40.0,148.0
2026-07-03T03:00,7.7,4.3,6.0,3.3,40.0,143.0
2026-07-03T04:00,6.4,3.7,5.4,3.3,40.0,152.0
2026-07-03T05:00,5.7,3.2,5.9,3.5,40.0,175.0
2026-07-03T06:00,4.3,2.8,6.9,3.5,39.0,227.0
2026-07-03T07:00,4.7,3.6,8.3,3.6,37.0,294.0
2026-07-03T08:00,4.5,3.4,8.7,3.5,39.0,328.0
2026-07-03T09:00,6.0,3.7,7.3,3.2,47.0,299.0
2026-07-03T10:00,8.9,4.9,5.0,2.8,58.0,238.0
2026-07-03T11:00,10.5,5.6,3.2,2.4,67.0,194.0
2026-07-03T12:00,12.0,6.1,2.2,2.2,73.0,179.0
2026-07-03T13:00,11.3,5.8,1.8,2.0,78.0,181.0
2026-07-03T14:00,12.0,6.1,2.8,2.0,78.0,211.0
2026-07-03T15:00,10.6,5.6,6.4,2.2,70.0,297.0
2026-07-03T16:00,10.0,6.5,11.5,2.6,58.0,410.0
2026-07-03T17:00,14.6,8.8,11.5,2.8,55.0,476.0
2026-07-03T18:00,11.7,8.1,12.3,3.0,51.0,452.0
2026-07-03T19:00,7.7,5.8,13.3,3.4,45.0,381.0
2026-07-03T20:00,6.0,4.9,13.8,3.6,40.0,320.0
2026-07-03T21:00,5.1,4.5,13.3,3.6,38.0,293.0
2026-07-03T22:00,4.2,3.9,12.2,3.5,38.0,275.0
2026-07-03T23:00,3.7,3.4,10.8,3.4,38.0,252.0
2026-07-04T00:00,2.9,2.5,9.1,3.1,39.0,211.0
2026-07-04T01:00,2.3,2.0,7.1,2.8,41.0,164.0
2026-07-04T02:00,1.8,1.7,5.6,2.6,42.0,130.0
2026-07-04T03:00,1.6,1.5,4.6,2.5,42.0,111.0
2026-07-04T04:00,1.8,1.5,4.1,2.5,43.0,106.0
2026-07-04T05:00,1.4,1.3,4.2,2.3,43.0,130.0
2026-07-04T06:00,2.2,1.7,7.2,2.6,40.0,215.0
2026-07-04T07:00,3.3,2.8,11.1,2.9,35.0,329.0
2026-07-04T08:00,4.2,3.8,13.4,3.2,34.0,395.0
2026-07-04T09:00,4.7,4.2,12.3,3.3,38.0,366.0
2026-07-04T10:00,4.8,4.0,9.5,3.4,45.0,288.0
2026-07-04T11:00,6.0,4.2,7.0,3.3,52.0,226.0
2026-07-04T12:00,9.6,5.3,5.3,2.9,58.0,202.0
2026-07-04T13:00,12.4,6.2,4.0,2.3,63.0,194.0
2026-07-04T14:00,10.9,5.7,3.7,1.9,65.0,198.0
2026-07-04T15:00,8.8,5.0,5.1,1.9,62.0,219.0
2026-07-04T16:00,8.4,4.8,7.4,2.0,57.0,251.0
2026-07-04T17:00,15.7,8.2,8.1,2.1,61.0,277.0
2026-07-04T18:00,14.6,8.6,9.3,2.5,55.0,290.0
2026-07-04T19:00,14.8,9.2,10.9,3.0,48.0,296.0
2026-07-04T20:00,12.2,8.0,11.7,3.3,42.0,293.0
2026-07-04T21:00,7.1,5.2,11.2,3.3,40.0,278.0
2026-07-04T22:00,4.7,3.8,10.0,3.2,40.0,254.0
2026-07-04T23:00,4.0,3.1,8.6,3.0,40.0,227.0
2026-07-05T00:00,3.5,2.5,7.1,2.8,40.0,195.0
2026-07-05T01:00,2.7,2.0,5.5,2.5,41.0,159.0
2026-07-05T02:00,3.7,2.2,4.3,2.3,42.0,135.0
2026-07-05T03:00,3.5,2.1,3.8,2.3,42.0,126.0
2026-07-05T04:00,2.5,1.7,3.6,2.4,42.0,127.0
2026-07-05T05:00,5.0,3.0,3.7,2.4,42.0,141.0
2026-07-05T06:00,5.1,3.0,4.9,2.7,40.0,180.0
2026-07-05T07:00,6.7,3.8,6.5,3.2,38.0,231.0
2026-07-05T08:00,7.5,4.8,7.2,3.4,39.0,257.0
2026-07-05T09:00,6.2,4.1,6.0,3.2,45.0,234.0
2026-07-05T10:00,6.6,4.1,3.9,2.7,53.0,186.0
2026-07-05T11:00,8.7,4.8,2.3,2.3,61.0,150.0
2026-07-05T12:00,12.3,6.2,1.8,2.2,67.0,140.0
2026-07-05T13:00,15.6,7.9,1.8,2.1,71.0,143.0
2026-07-05T14:00,17.3,8.8,2.1,2.1,73.0,151.0
2026-07-05T15:00,18.9,9.7,2.8,2.1,71.0,166.0
2026-07-05T16:00,18.5,10.0,3.9,2.2,68.0,188.0
2026-07-05T17:00,20.3,11.2,4.2,2.2,67.0,203.0
2026-07-05T18:00,20.4,12.0,5.4,2.6,62.0,207.0
2026-07-05T19:00,19.7,12.3,6.9,3.1,54.0,206.0
2026-07-05T20:00,18.0,11.6,7.9,3.4,48.0,203.0
2026-07-05T21:00,16.5,10.6,7.8,3.4,45.0,203.0
2026-07-05T22:00,13.6,8.8,7.2,3.3,44.0,203.0
2026-07-05T23:00,12.5,7.9,6.4,3.1,43.0,195.0
2026-07-06T00:00,10.6,6.6,5.6,2.9,43.0,173.0
2026-07-06T01:00,8.5,5.3,4.6,2.7,44.0,143.0
2026-07-06T02:00,6.0,3.8,3.9,2.6,45.0,122.0
2026-07-06T03:00,4.2,2.7,3.5,2.6,46.0,113.0
2026-07-06T04:00,3.4,2.2,3.2,2.6,46.0,114.0
2026-07-06T05:00,5.1,2.9,3.3,2.6,49.0,128.0
2026-07-06T06:00,5.1,3.0,4.7,2.9,47.0,171.0
2026-07-06T07:00,5.5,3.7,6.5,3.4,46.0,229.0
2026-07-06T08:00,5.7,3.9,7.4,3.6,47.0,262.0
2026-07-06T09:00,5.1,3.5,6.3,3.3,54.0,246.0
2026-07-06T10:00,5.7,3.5,4.2,2.7,64.0,206.0
2026-07-06T11:00,8.9,4.8,2.6,2.3,72.0,177.0
2026-07-06T12:00,9.6,5.2,2.1,2.1,75.0,172.0
2026-07-06T13:00,12.0,5.5,2.1,2.0,76.0,177.0
2026-07-06T14:00,14.1,6.0,2.5,2.0,75.0,188.0
2026-07-06T15:00,9.3,4.8,3.3,1.9,72.0,206.0
2026-07-06T16:00,7.3,4.3,4.6,1.9,67.0,230.0
2026-07-06T17:00,10.2,7.6,6.3,2.3,67.0,248.0
2026-07-06T18:00,12.3,8.7,8.1,2.8,61.0,258.0
2026-07-06T19:00,10.2,7.7,10.5,3.6,52.0,263.0
2026-07-06T20:00,10.0,7.2,11.9,4.0,46.0,263.0
2026-07-06T21:00,8.6,6.0,11.2,3.9,44.0,257.0
2026-07-06T22:00,6.7,4.8,9.5,3.6,45.0,246.0
2026-07-06T23:00,7.5,4.7,7.8,3.2,46.0,228.0
2026-07-07T00:00,8.0,4.6,6.4,2.9,47.0,199.0
2026-07-07T01:00,6.8,3.9,5.0,2.7,49.0,164.0
2026-07-07T02:00,5.2,3.1,4.0,2.5,50.0,139.0
2026-07-07T03:00,4.6,2.8,3.4,2.5,51.0,126.0
2026-07-07T04:00,5.3,3.0,3.3,2.6,52.0,122.0
2026-07-07T05:00,7.7,4.2,3.6,2.9,52.0,136.0
2026-07-07T06:00,6.7,3.9,5.0,3.1,50.0,184.0
2026-07-07T07:00,5.8,4.1,6.8,3.4,48.0,250.0
2026-07-07T08:00,4.8,3.6,7.6,3.5,49.0,289.0
2026-07-07T09:00,4.7,3.5,6.4,3.2,55.0,277.0
2026-07-07T10:00,5.3,3.5,4.3,2.7,63.0,238.0
2026-07-07T11:00,7.5,4.4,2.7,2.3,70.0,208.0
2026-07-07T12:00,7.9,4.5,2.2,2.1,73.0,197.0
2026-07-07T13:00,8.0,4.2,2.2,2.0,75.0,195.0
2026-07-07T14:00,9.9,4.9,2.6,2.0,75.0,200.0
2026-07-07T15:00,9.8,5.0,3.5,2.0,73.0,217.0
2026-07-07T16:00,12.5,6.5,4.8,2.0,70.0,241.0
2026-07-07T17:00,22.8,11.1,6.4,2.1,63.0,260.0
2026-07-07T18:00,20.7,11.7,7.6,2.4,58.0,271.0
2026-07-07T19:00,24.0,13.6,9.1,2.9,51.0,278.0
2026-07-07T20:00,23.0,13.3,10.1,3.2,46.0,275.0
2026-07-07T21:00,21.7,12.0,10.0,3.3,44.0,260.0
2026-07-07T22:00,20.9,11.8,9.3,3.3,43.0,235.0
2026-07-07T23:00,17.5,10.4,8.4,3.2,42.0,209.0
2026-07-08T00:00,13.0,8.0,7.1,3.0,42.0,179.0
2026-07-08T01:00,10.8,6.3,5.6,2.8,42.0,148.0
2026-07-08T02:00,6.5,4.1,4.4,2.6,42.0,126.0
2026-07-08T03:00,5.7,3.5,3.8,2.6,41.0,115.0
2026-07-08T04:00,4.7,2.9,3.6,2.6,41.0,114.0
2026-07-08T05:00,4.2,3.0,4.0,3.0,39.0,130.0
2026-07-08T06:00,2.7,2.2,5.2,3.2,37.0,179.0
2026-07-08T07:00,3.4,3.0,6.8,3.4,34.0,246.0
2026-07-08T08:00,3.8,3.1,7.6,3.5,35.0,286.0
2026-07-08T09:00,6.3,3.6,6.7,3.3,41.0,274.0
2026-07-08T10:00,8.7,4.6,5.1,2.9,51.0,236.0
2026-07-08T11:00,13.7,6.3,3.7,2.6,59.0,208.0
2026-07-08T12:00,11.4,5.7,2.9,2.3,64.0,201.0
2026-07-08T13:00,10.4,5.7,2.4,2.1,67.0,203.0
2026-07-08T14:00,7.1,4.4,2.8,2.0,68.0,215.0
2026-07-08T15:00,5.6,4.0,4.6,2.2,65.0,242.0
2026-07-08T16:00,6.3,4.5,7.3,2.6,60.0,279.0
2026-07-08T17:00,11.6,7.5,12.7,3.2,54.0,305.0
2026-07-08T18:00,11.9,8.4,14.3,3.7,49.0,313.0
2026-07-08T19:00,12.4,9.1,16.3,4.3,41.0,310.0
2026-07-08T20:00,12.9,9.3,17.2,4.7,36.0,300.0
2026-07-08T21:00,12.9,8.8,15.9,4.6,34.0,282.0
2026-07-08T22:00,12.0,7.9,13.3,4.2,34.0,257.0
2026-07-08T23:00,10.4,6.8,11.0,3.9,34.0,229.0
2026-07-09T00:00,8.5,5.6,9.3,3.7,34.0,197.0
2026-07-09T01:00,7.2,4.7,7.8,3.6,34.0,162.0
2026-07-09T02:00,6.1,4.0,6.6,3.5,34.0,138.0
2026-07-09T03:00,5.9,3.8,5.6,3.4,35.0,125.0
2026-07-09T04:00,5.5,3.4,4.9,3.2,36.0,123.0
2026-07-09T05:00,2.9,2.4,6.2,3.4,35.0,142.0
2026-07-09T06:00,2.7,2.3,6.9,3.5,35.0,205.0
2026-07-09T07:00,3.5,2.7,7.8,3.6,36.0,289.0
2026-07-09T08:00,5.2,3.6,7.9,3.6,40.0,339.0
2026-07-09T09:00,7.4,4.5,6.5,3.3,49.0,319.0
2026-07-09T10:00,8.8,4.8,4.4,2.9,61.0,264.0
2026-07-09T11:00,11.5,5.9,2.9,2.6,70.0,223.0
2026-07-09T12:00,13.1,6.4,2.3,2.4,75.0,210.0
2026-07-09T13:00,14.6,7.0,2.3,2.2,77.0,212.0
2026-07-09T14:00,15.5,7.5,3.4,2.2,77.0,235.0
2026-07-09T15:00,15.5,7.7,6.1,2.6,73.0,300.0
2026-07-09T16:00,13.9,7.7,9.8,3.1,67.0,387.0
2026-07-09T17:00,17.2,10.5,14.6,3.8,60.0,438.0
2026-07-09T18:00,16.5,11.2,17.5,4.5,54.0,422.0
2026-07-09T19:00,18.0,12.4,21.3,5.5,45.0,371.0
2026-07-09T20:00,18.1,12.8,23.4,6.1,38.0,327.0
2026-07-09T21:00,18.3,12.8,22.2,6.0,35.0,311.0
2026-07-09T22:00,18.3,12.6,19.3,5.5,34.0,302.0
2026-07-09T23:00,17.1,11.6,16.5,5.1,33.0,284.0
2026-07-10T00:00,15.5,10.3,14.2,4.8,33.0,245.0
2026-07-10T01:00,14.0,9.2,12.0,4.5,33.0,196.0
2026-07-10T02:00,12.4,8.2,10.4,4.3,33.0,161.0
2026-07-10T03:00,11.5,7.6,9.7,4.4,32.0,143.0
2026-07-10T04:00,11.3,7.4,9.6,4.7,30.0,138.0
2026-07-10T05:00,11.1,6.9,8.7,4.5,31.0,154.0
2026-07-10T06:00,10.7,6.7,8.9,4.5,31.0,212.0
2026-07-10T07:00,11.1,6.5,9.0,4.5,32.0,291.0
2026-07-10T08:00,14.5,7.7,8.6,4.3,36.0,335.0
2026-07-10T09:00,12.1,6.7,7.0,3.9,45.0,307.0
2026-07-10T10:00,13.0,6.8,4.8,3.3,57.0,245.0
2026-07-10T11:00,14.0,7.0,3.2,2.9,67.0,205.0
2026-07-10T12:00,14.5,7.2,2.4,2.6,74.0,195.0
2026-07-10T13:00,15.4,7.7,2.3,2.4,80.0,208.0
2026-07-10T14:00,16.1,7.8,3.7,2.5,80.0,271.0
2026-07-10T15:00,21.7,9.2,7.9,2.9,72.0,438.0
2026-07-10T16:00,19.8,10.1,13.7,3.4,60.0,656.0
2026-07-10T17:00,19.8,11.3,21.2,4.0,45.0,797.0
2026-07-10T18:00,19.4,12.2,23.0,4.8,42.0,798.0
2026-07-10T19:00,20.5,13.5,25.4,5.9,37.0,723.0
2026-07-10T20:00,21.5,14.1,26.4,6.6,33.0,632.0
2026-07-10T21:00,21.7,14.0,25.0,6.7,32.0,536.0
2026-07-10T22:00,20.5,13.5,22.2,6.4,31.0,426.0
2026-07-10T23:00,18.2,12.2,19.3,6.0,31.0,330.0
2026-07-11T00:00,15.5,10.2,16.5,5.4,31.0,258.0
2026-07-11T01:00,13.4,8.6,13.6,4.7,31.0,202.0
2026-07-11T02:00,12.3,7.6,11.3,4.2,31.0,163.0
2026-07-11T03:00,12.2,7.2,10.0,4.1,30.0,143.0
2026-07-11T04:00,12.8,7.0,9.3,4.2,29.0,141.0
2026-07-11T05:00,11.9,6.6,9.0,4.0,29.0,159.0
2026-07-11T06:00,14.2,7.1,9.1,4.0,29.0,217.0
2026-07-11T07:00,16.5,8.0,9.2,4.0,30.0,295.0
2026-07-11T08:00,18.7,8.6,8.7,3.9,33.0,340.0
2026-07-11T09:00,22.2,9.4,7.0,3.5,42.0,317.0
2026-07-11T10:00,28.2,10.7,4.8,3.0,54.0,260.0
2026-07-11T11:00,34.5,12.2,3.2,2.6,64.0,217.0
2026-07-11T12:00,37.8,13.3,2.6,2.4,70.0,204.0
2026-07-11T13:00,39.8,13.8,2.6,2.3,74.0,204.0
2026-07-11T14:00,42.5,14.8,3.2,2.3,76.0,213.0
2026-07-11T15:00,43.2,14.9,4.4,2.2,76.0,219.0
2026-07-11T16:00,39.8,14.5,6.1,2.2,73.0,232.0
2026-07-11T17:00,47.4,17.8,10.5,2.6,63.0,283.0
2026-07-11T18:00,39.3,18.3,15.3,3.6,55.0,420.0
2026-07-11T19:00,33.9,18.5,21.9,4.9,43.0,593.0
2026-07-11T20:00,29.3,17.3,26.0,5.8,34.0,684.0
2026-07-11T21:00,27.8,16.6,25.5,5.9,31.0,619.0
2026-07-11T22:00,23.1,14.7,22.7,5.7,30.0,472.0
2026-07-11T23:00,18.9,12.5,19.7,5.3,30.0,345.0
2026-07-12T00:00,16.2,10.6,17.2,4.9,30.0,274.0
2026-07-12T01:00,15.2,9.5,14.6,4.4,29.0,223.0
2026-07-12T02:00,15.1,8.9,12.6,4.0,29.0,187.0
2026-07-12T03:00,15.0,8.6,11.5,3.9,28.0,163.0
2026-07-12T04:00,14.8,8.4,10.9,4.0,26.0,154.0
2026-07-12T05:00,14.4,7.7,8.7,3.7,30.0,158.0
2026-07-12T06:00,14.5,7.8,8.2,3.8,31.0,185.0
2026-07-12T07:00,15.9,8.3,7.5,4.0,34.0,226.0
2026-07-12T08:00,19.3,8.6,6.6,4.0,39.0,248.0
2026-07-12T09:00,23.9,9.9,5.2,3.7,50.0,233.0
2026-07-12T10:00,28.2,11.2,3.7,3.3,63.0,201.0
2026-07-12T11:00,32.7,12.3,2.5,2.9,74.0,176.0
2026-07-12T12:00,35.0,13.0,2.0,2.6,80.0,168.0
2026-07-12T13:00,35.6,13.2,1.8,2.4,83.0,168.0
2026-07-12T14:00,35.9,13.6,2.0,2.2,84.0,174.0
2026-07-12T15:00,36.7,14.1,2.3,2.1,83.0,190.0
2026-07-12T16:00,35.7,14.3,2.9,2.1,80.0,212.0
2026-07-12T17:00,43.7,18.2,5.3,2.5,74.0,228.0
2026-07-12T18:00,39.2,18.9,7.7,3.2,68.0,231.0
2026-07-12T19:00,35.3,19.0,11.0,4.2,59.0,229.0
2026-07-12T20:00,30.0,17.2,13.0,4.9,52.0,226.0
2026-07-12T21:00,25.3,14.9,12.7,4.9,48.0,229.0
2026-07-12T22:00,23.5,13.7,11.2,4.6,45.0,232.0
2026-07-12T23:00,22.1,12.4,9.8,4.3,43.0,226.0
2026-07-13T00:00,20.9,11.2,8.9,4.0,40.0,201.0
2026-07-13T01:00,19.8,10.4,8.1,3.8,38.0,166.0
2026-07-13T02:00,18.2,9.5,7.5,3.6,36.0,141.0
2026-07-13T03:00,16.1,8.6,7.0,3.6,34.0,131.0
2026-07-13T04:00,14.0,7.6,6.6,3.7,33.0,130.0
2026-07-13T05:00,14.4,8.1,7.6,3.9,32.0,145.0
2026-07-13T06:00,13.9,8.1,7.7,4.0,33.0,191.0
2026-07-13T07:00,14.7,8.0,7.8,4.0,34.0,253.0
2026-07-13T08:00,18.3,8.6,7.4,4.0,39.0,289.0
2026-07-13T09:00,25.0,10.6,6.1,3.8,51.0,273.0
2026-07-13T10:00,30.7,12.7,4.3,3.4,66.0,231.0
2026-07-13T11:00,35.5,14.3,3.0,3.1,78.0,200.0
2026-07-13T12:00,38.9,15.3,2.5,2.8,84.0,193.0
2026-07-13T13:00,39.9,15.7,2.4,2.6,87.0,196.0
2026-07-13T14:00,39.7,16.1,2.9,2.5,88.0,209.0
2026-07-13T15:00,39.2,16.4,3.9,2.4,87.0,233.0
2026-07-13T16:00,38.3,16.5,5.5,2.5,84.0,265.0
2026-07-13T17:00,32.7,15.5,7.9,2.8,77.0,298.0
2026-07-13T18:00,31.4,17.2,14.9,4.2,66.0,335.0
2026-07-13T19:00,31.3,19.7,24.4,6.0,50.0,372.0
2026-07-13T20:00,29.6,19.5,30.0,7.2,39.0,388.0
2026-07-13T21:00,26.1,17.5,28.1,7.2,37.0,369.0
2026-07-13T22:00,23.2,15.8,22.4,6.5,39.0,329.0
2026-07-13T23:00,21.1,14.5,17.5,5.8,40.0,289.0
2026-07-14T00:00,18.7,12.8,15.1,5.3,39.0,255.0
2026-07-14T01:00,15.9,10.8,13.4,4.9,38.0,221.0
2026-07-14T02:00,14.8,10.0,12.2,4.6,37.0,196.0
2026-07-14T03:00,14.6,9.5,11.2,4.4,35.0,175.0
2026-07-14T04:00,14.6,9.5,10.6,4.4,33.0,162.0
2026-07-14T05:00,14.1,9.5,10.8,4.8,33.0,179.0
2026-07-14T06:00,15.1,10.1,11.5,5.2,33.0,261.0
2026-07-14T07:00,17.9,11.6,12.4,5.7,35.0,373.0
2026-07-14T08:00,20.0,12.9,12.3,5.9,41.0,435.0
2026-07-14T09:00,22.5,14.0,10.1,5.5,57.0,396.0
2026-07-14T10:00,24.0,14.4,6.9,4.7,78.0,307.0
2026-07-14T11:00,24.9,14.6,4.4,4.0,94.0,238.0
2026-07-14T12:00,26.0,14.3,3.3,3.5,101.0,215.0
2026-07-14T13:00,26.7,14.0,2.9,3.0,104.0,213.0
2026-07-14T14:00,27.2,13.7,3.4,2.7,104.0,223.0
2026-07-14T15:00,27.6,13.5,4.1,2.5,102.0,225.0
2026-07-14T16:00,26.8,13.2,5.7,2.6,97.0,240.0
2026-07-14T17:00,15.4,10.4,15.1,3.5,75.0,324.0
2026-07-14T18:00,19.5,14.0,27.9,5.7,57.0,570.0
2026-07-14T19:00,25.3,20.1,45.3,8.7,33.0,885.0
2026-07-14T20:00,28.2,23.3,56.2,10.7,17.0,1047.0
2026-07-14T21:00,27.4,22.9,54.7,10.8,15.0,913.0
2026-07-14T22:00,25.9,21.7,46.6,9.9,21.0,625.0
2026-07-14T23:00,23.9,19.8,38.3,8.8,27.0,389.0
2026-07-15T00:00,21.5,17.5,31.3,7.7,30.0,283.0
2026-07-15T01:00,19.6,15.7,24.1,6.5,33.0,229.0
2026-07-15T02:00,19.0,14.8,18.5,5.6,35.0,198.0
2026-07-15T03:00,18.9,14.5,15.7,5.3,35.0,180.0
2026-07-15T04:00,19.5,14.5,14.7,5.3,34.0,184.0
2026-07-15T05:00,19.3,14.0,13.8,5.6,37.0,208.0
2026-07-15T06:00,21.0,15.1,13.3,5.6,39.0,269.0
2026-07-15T07:00,23.8,15.9,12.4,5.5,41.0,348.0
2026-07-15T08:00,26.0,16.0,11.1,5.3,48.0,390.0
2026-07-15T09:00,25.2,15.8,8.7,4.8,62.0,357.0
2026-07-15T10:00,22.4,14.7,5.8,4.1,80.0,286.0
2026-07-15T11:00,19.5,13.2,3.7,3.5,94.0,232.0
2026-07-15T12:00,17.0,11.4,2.8,3.0,99.0,214.0
2026-07-15T13:00,15.4,10.1,2.7,2.6,99.0,212.0
2026-07-15T14:00,14.8,9.6,3.3,2.3,98.0,221.0
2026-07-15T15:00,14.0,9.2,4.2,2.2,96.0,236.0
2026-07-15T16:00,13.1,8.8,5.9,2.2,92.0,261.0
2026-07-15T17:00,3.7,3.2,8.9,2.5,86.0,310.0
2026-07-15T18:00,5.8,5.5,17.4,4.0,73.0,416.0
2026-07-15T19:00,10.6,10.1,28.9,6.0,56.0,545.0
2026-07-15T20:00,12.5,11.7,35.6,7.3,44.0,607.0
2026-07-15T21:00,12.8,11.4,32.8,7.2,44.0,542.0
2026-07-15T22:00,13.9,11.7,25.2,6.4,49.0,410.0
2026-07-15T23:00,15.7,12.6,18.9,5.7,52.0,301.0
