latitude,longitude,elevation,utc_offset_seconds,timezone,timezone_abbreviation
12.970123,77.56364,918.0,19800,Asia/Kolkata,GMT+5:30

time,temperature_2m (°C),relative_humidity_2m (%),rain (mm),surface_pressure (hPa),cloud_cover (%),wind_speed_10m (m/s),wind_direction_10m (°)
2026-04-15T00:00,26.3,41,0.00,911.4,0,2.48,137
2026-04-15T01:00,25.5,43,0.00,910.7,0,2.06,154
2026-04-15T02:00,24.8,45,0.00,910.2,0,2.10,179
2026-04-15T03:00,24.2,44,0.00,909.7,2,1.95,183
2026-04-15T04:00,23.7,44,0.00,909.9,0,2.04,205
2026-04-15T05:00,22.9,66,0.00,909.8,0,2.06,221
2026-04-15T06:00,22.6,74,0.00,910.4,0,2.15,205
2026-04-15T07:00,23.7,76,0.00,911.5,28,2.21,205
2026-04-15T08:00,25.5,71,0.00,912.3,23,2.33,215
2026-04-15T09:00,28.1,55,0.00,913.2,2,1.99,231
2026-04-15T10:00,30.8,39,0.00,913.3,6,1.61,196
2026-04-15T11:00,32.1,33,0.00,913.0,1,1.92,155
2026-04-15T12:00,34.3,25,0.00,912.6,0,2.17,119
2026-04-15T13:00,35.1,23,0.00,911.6,0,2.95,101
2026-04-15T14:00,35.3,23,0.00,910.4,9,3.10,87
2026-04-15T15:00,35.4,23,0.00,909.8,13,3.14,99
2026-04-15T16:00,35.0,22,0.00,909.4,30,3.30,104
2026-04-15T17:00,34.5,22,0.00,909.1,37,3.52,83
2026-04-15T18:00,33.5,24,0.00,909.4,11,3.13,98
2026-04-15T19:00,31.8,28,0.00,910.3,38,3.15,136
2026-04-15T20:00,30.1,35,0.00,910.8,5,3.08,134
2026-04-15T21:00,29.2,34,0.00,911.3,1,3.89,127
2026-04-15T22:00,28.4,37,0.00,911.7,2,3.15,126
2026-04-15T23:00,27.7,40,0.00,911.4,0,2.65,133
2026-04-16T00:00,27.2,43,0.00,910.8,0,2.33,125
2026-04-16T01:00,26.6,46,0.00,910.1,3,1.97,153
2026-04-16T02:00,25.9,48,0.00,909.5,0,2.22,157
2026-04-16T03:00,25.2,49,0.00,909.0,0,2.21,174
2026-04-16T04:00,24.0,55,0.00,908.9,0,2.45,197
2026-04-16T05:00,22.8,82,0.00,909.2,0,1.75,211
2026-04-16T06:00,22.9,86,0.00,909.9,8,1.52,207
2026-04-16T07:00,24.2,81,0.00,911.1,4,1.29,234
2026-04-16T08:00,27.0,65,0.00,912.2,94,1.53,238
2026-04-16T09:00,30.0,44,0.00,913.0,83,1.65,235
2026-04-16T10:00,32.3,33,0.00,913.3,75,0.81,169
2026-04-16T11:00,33.4,27,0.00,913.0,98,2.26,118
2026-04-16T12:00,35.2,22,0.00,912.5,98,3.39,98
2026-04-16T13:00,35.7,20,0.00,911.5,97,3.47,97
2026-04-16T14:00,34.6,23,0.00,910.3,31,4.88,118
2026-04-16T15:00,34.0,25,0.00,910.0,20,4.32,117
2026-04-16T16:00,33.9,26,0.00,909.6,25,4.40,126
2026-04-16T17:00,32.8,27,0.00,909.2,24,4.73,123
2026-04-16T18:00,31.4,31,0.00,909.7,62,4.41,119
2026-04-16T19:00,30.7,33,0.00,910.6,19,3.36,136
2026-04-16T20:00,30.1,35,0.00,911.3,27,2.97,117
2026-04-16T21:00,28.6,42,0.00,911.9,29,4.14,117
2026-04-16T22:00,27.7,47,0.00,912.5,10,3.92,128
2026-04-16T23:00,27.0,51,0.00,912.0,2,3.03,149
2026-04-17T00:00,26.2,55,0.00,911.5,5,1.78,191
2026-04-17T01:00,25.6,57,0.00,910.9,54,1.32,205
2026-04-17T02:00,24.8,59,0.00,910.3,68,0.85,208
2026-04-17T03:00,24.1,61,0.00,909.6,95,0.76,188
2026-04-17T04:00,23.7,61,0.00,909.8,76,1.00,162
2026-04-17T05:00,23.4,71,0.00,910.1,98,1.79,198
2026-04-17T06:00,23.2,76,0.00,910.5,99,1.31,198
2026-04-17T07:00,24.8,71,0.00,911.9,100,0.81,223
2026-04-17T08:00,27.7,55,0.00,913.5,100,1.12,238
2026-04-17T09:00,30.4,40,0.00,914.4,100,0.96,227
2026-04-17T10:00,32.8,28,0.00,914.6,100,1.11,126
2026-04-17T11:00,33.9,23,0.00,914.3,98,2.80,101
2026-04-17T12:00,34.8,20,0.00,913.5,97,3.80,92
2026-04-17T13:00,35.2,20,0.00,912.6,89,3.58,102
2026-04-17T14:00,35.7,19,0.00,911.6,73,3.47,120
2026-04-17T15:00,35.5,19,0.00,910.9,93,4.02,107
2026-04-17T16:00,35.0,20,0.00,910.4,41,3.88,105
2026-04-17T17:00,34.4,20,0.00,910.4,7,3.31,124
2026-04-17T18:00,33.4,17,0.00,910.7,2,2.67,128
2026-04-17T19:00,31.8,17,0.00,911.4,1,3.53,117
2026-04-17T20:00,30.2,23,0.00,911.9,2,3.14,127
2026-04-17T21:00,29.0,35,0.00,912.3,9,3.49,124
2026-04-17T22:00,28.1,42,0.00,912.5,41,3.27,124
2026-04-17T23:00,27.4,46,0.00,912.5,35,2.77,129
2026-04-18T00:00,26.5,50,0.00,911.7,5,2.77,124
2026-04-18T01:00,25.9,52,0.00,910.8,0,2.86,117
2026-04-18T02:00,25.4,54,0.00,909.9,7,2.85,112
2026-04-18T03:00,24.7,58,0.00,909.6,32,2.75,117
2026-04-18T04:00,24.0,64,0.00,909.5,36,2.79,123
2026-04-18T05:00,23.8,66,0.00,910.0,52,1.79,144
2026-04-18T06:00,23.7,67,0.00,910.8,94,1.92,165
2026-04-18T07:00,25.2,58,0.00,912.1,92,2.15,177
2026-04-18T08:00,27.6,47,0.00,913.2,99,2.33,189
2026-04-18T09:00,30.0,38,0.00,913.9,99,2.05,183
2026-04-18T10:00,32.1,32,0.00,913.9,98,2.02,160
2026-04-18T11:00,33.3,26,0.00,913.7,13,2.25,127
2026-04-18T12:00,35.1,19,0.00,913.3,57,3.54,98
2026-04-18T13:00,35.4,19,0.00,912.4,84,4.10,89
2026-04-18T14:00,35.8,19,0.00,911.5,98,4.17,96
2026-04-18T15:00,35.5,19,0.00,910.8,97,4.56,94
2026-04-18T16:00,34.9,21,0.00,910.2,73,3.89,98
2026-04-18T17:00,34.0,21,0.00,910.0,33,3.85,89
2026-04-18T18:00,32.8,23,0.00,910.5,9,3.34,107
2026-04-18T19:00,32.4,24,0.00,910.8,4,2.68,117
2026-04-18T20:00,30.6,30,0.00,911.8,0,3.59,125
2026-04-18T21:00,29.5,32,0.00,912.3,0,4.48,121
2026-04-18T22:00,28.4,38,0.00,912.4,5,3.52,120
2026-04-18T23:00,27.7,41,0.00,911.9,2,2.98,125
2026-04-19T00:00,26.6,46,0.00,911.1,0,2.95,124
2026-04-19T01:00,25.8,50,0.00,910.2,1,2.79,123
2026-04-19T02:00,25.0,55,0.00,909.6,0,2.51,125
2026-04-19T03:00,24.2,60,0.00,909.6,1,1.80,177
2026-04-19T04:00,23.6,61,0.00,909.8,2,1.60,178
2026-04-19T05:00,23.5,61,0.00,910.2,0,2.32,199
2026-04-19T06:00,23.0,70,0.00,910.5,0,2.12,195
2026-04-19T07:00,24.1,73,0.00,911.6,0,1.81,204
2026-04-19T08:00,26.8,61,0.00,912.7,0,2.26,223
2026-04-19T09:00,29.3,47,0.00,913.6,0,2.09,226
2026-04-19T10:00,31.6,37,0.00,913.9,20,1.41,207
2026-04-19T11:00,32.3,30,0.00,913.4,16,1.42,162
2026-04-19T12:00,34.4,23,0.00,913.0,30,1.84,123
2026-04-19T13:00,35.2,21,0.00,912.1,15,2.90,101
2026-04-19T14:00,35.3,20,0.00,911.2,3,3.58,97
2026-04-19T15:00,35.1,20,0.00,910.5,6,3.46,95
2026-04-19T16:00,34.5,21,0.00,910.2,13,3.25,104
2026-04-19T17:00,34.4,20,0.00,909.8,17,3.61,87
2026-04-19T18:00,33.0,23,0.00,910.4,16,3.56,87
2026-04-19T19:00,31.8,26,0.00,911.2,23,2.61,122
2026-04-19T20:00,30.4,30,0.00,911.5,16,3.60,142
2026-04-19T21:00,29.7,31,0.00,912.0,20,3.32,136
2026-04-19T22:00,28.5,36,0.00,912.3,12,2.96,127
2026-04-19T23:00,27.8,39,0.00,912.0,30,1.95,193
2026-04-20T00:00,26.8,40,0.00,911.6,23,2.31,210
2026-04-20T01:00,26.1,41,0.00,911.1,7,0.72,236
2026-04-20T02:00,25.2,44,0.00,910.4,5,0.72,258
2026-04-20T03:00,24.7,47,0.00,910.3,1,0.96,261
2026-04-20T04:00,24.0,52,0.00,910.2,12,0.85,267
2026-04-20T05:00,24.0,58,0.00,910.4,4,1.52,316
2026-04-20T06:00,24.3,68,0.00,911.0,10,1.83,325
2026-04-20T07:00,25.5,68,0.00,911.8,19,1.77,317
2026-04-20T08:00,27.7,55,0.00,912.7,9,1.26,326
2026-04-20T09:00,30.3,42,0.00,913.3,6,0.63,342
2026-04-20T10:00,32.5,31,0.00,913.5,9,0.80,86
2026-04-20T11:00,32.0,33,0.00,913.0,21,0.72,115
2026-04-20T12:00,34.6,25,0.00,912.5,24,1.80,88
2026-04-20T13:00,35.5,22,0.00,911.2,19,2.59,80
2026-04-20T14:00,35.5,21,0.00,910.1,47,3.85,89
2026-04-20T15:00,34.4,22,0.00,909.5,30,3.82,96
2026-04-20T16:00,34.0,23,0.00,909.4,47,2.89,120
2026-04-20T17:00,33.9,20,0.00,908.9,63,4.00,116
2026-04-20T18:00,32.6,24,0.00,909.6,50,3.62,116
2026-04-20T19:00,31.7,26,0.00,910.5,34,2.77,129
2026-04-20T20:00,30.7,29,0.00,910.7,11,2.91,131
2026-04-20T21:00,29.1,35,0.00,911.4,8,4.55,126
2026-04-20T22:00,27.8,41,0.00,911.8,5,4.20,122
2026-04-20T23:00,26.9,46,0.00,911.4,1,3.82,137
2026-04-21T00:00,26.1,52,0.00,911.0,2,3.09,140
2026-04-21T01:00,25.0,61,0.00,910.6,15,2.50,154
2026-04-21T02:00,23.9,71,0.00,910.2,1,1.98,159
2026-04-21T03:00,23.3,78,0.00,909.7,2,1.82,148
2026-04-21T04:00,22.9,80,0.00,909.9,4,1.64,168
2026-04-21T05:00,22.8,88,0.00,910.1,7,2.01,161
2026-04-21T06:00,22.9,83,0.00,910.5,8,1.54,167
2026-04-21T07:00,24.3,71,0.00,911.5,4,1.60,180
2026-04-21T08:00,26.6,56,0.00,912.4,2,1.52,207
2026-04-21T09:00,29.0,45,0.00,913.1,2,1.24,223
2026-04-21T10:00,31.3,34,0.00,913.2,0,0.46,229
2026-04-21T11:00,31.9,27,0.00,912.7,0,0.70,86
2026-04-21T12:00,34.5,20,0.00,912.1,0,1.55,75
2026-04-21T13:00,35.4,17,0.00,910.9,55,2.35,78
2026-04-21T14:00,35.9,14,0.00,910.1,79,3.16,85
2026-04-21T15:00,35.5,16,0.00,909.5,9,3.81,79
2026-04-21T16:00,35.0,16,0.00,909.2,7,3.57,84
2026-04-21T17:00,34.2,16,0.00,908.7,5,3.56,73
2026-04-21T18:00,32.5,21,0.00,909.2,2,3.21,101
2026-04-21T19:00,31.9,23,0.00,910.0,3,2.08,117
2026-04-21T20:00,31.2,23,0.00,910.6,92,2.76,94
2026-04-21T21:00,28.9,32,0.00,911.5,32,3.98,123
2026-04-21T22:00,27.6,35,0.00,911.9,13,3.82,116
2026-04-21T23:00,26.4,41,0.00,911.7,21,3.15,117
2026-04-22T00:00,25.4,50,0.00,911.1,90,3.06,118
2026-04-22T01:00,24.2,62,0.00,910.2,27,3.12,139
2026-04-22T02:00,23.4,70,0.00,910.1,15,2.52,159
2026-04-22T03:00,22.9,71,0.00,910.2,4,1.85,322
2026-04-22T04:00,23.2,60,0.00,909.9,2,0.69,60
2026-04-22T05:00,23.5,63,0.00,910.1,2,1.82,21
2026-04-22T06:00,23.4,62,0.00,910.7,2,1.95,360
2026-04-22T07:00,24.5,60,0.00,911.6,4,1.68,23
2026-04-22T08:00,27.6,45,0.00,912.4,0,1.26,56
2026-04-22T09:00,30.4,31,0.00,912.9,0,1.15,108
2026-04-22T10:00,32.8,21,0.00,912.8,0,2.09,107
2026-04-22T11:00,33.5,21,0.00,912.6,1,3.06,95
2026-04-22T12:00,34.6,22,0.00,912.0,0,2.95,91
2026-04-22T13:00,35.7,19,0.00,910.8,11,2.95,101
2026-04-22T14:00,35.8,19,0.00,910.1,23,3.54,99
2026-04-22T15:00,34.9,20,0.00,909.6,23,4.41,86
2026-04-22T16:00,34.2,20,0.00,909.3,16,4.20,89
2026-04-22T17:00,33.6,21,0.00,909.2,12,4.14,105
2026-04-22T18:00,32.5,22,0.00,909.4,9,3.62,118
2026-04-22T19:00,32.2,22,0.00,910.1,7,3.49,109
2026-04-22T20:00,30.0,31,0.00,910.5,5,3.44,131
2026-04-22T21:00,28.8,36,0.00,911.3,15,3.24,119
2026-04-22T22:00,28.0,39,0.00,911.4,38,2.51,113
2026-04-22T23:00,27.6,40,0.00,910.8,13,2.96,112
2026-04-23T00:00,26.9,41,0.00,910.1,23,3.25,104
2026-04-23T01:00,26.1,44,0.00,909.6,13,2.85,105
2026-04-23T02:00,25.0,50,0.00,909.1,2,2.52,124
2026-04-23T03:00,23.5,56,0.00,908.8,14,1.96,184
2026-04-23T04:00,23.2,56,0.00,908.9,2,1.24,166
2026-04-23T05:00,23.7,53,0.00,909.0,1,1.08,167
2026-04-23T06:00,24.2,51,0.00,909.5,10,1.45,176
2026-04-23T07:00,25.5,48,0.00,910.7,10,1.71,175
2026-04-23T08:00,27.6,44,0.00,911.6,42,1.81,185
2026-04-23T09:00,29.7,39,0.00,912.4,99,1.68,190
2026-04-23T10:00,32.0,32,0.00,912.5,86,0.97,159
2026-04-23T11:00,33.7,22,0.00,912.2,70,2.30,86
2026-04-23T12:00,35.1,20,0.00,911.5,98,3.58,83
2026-04-23T13:00,36.0,18,0.00,910.8,95,3.66,87
2026-04-23T14:00,36.3,18,0.00,910.0,46,4.36,85
2026-04-23T15:00,35.6,19,0.00,909.4,22,4.12,76
2026-04-23T16:00,35.2,20,0.00,909.1,42,4.22,76
2026-04-23T17:00,34.3,18,0.00,909.0,32,4.55,82
2026-04-23T18:00,33.6,19,0.00,909.3,48,3.54,82
2026-04-23T19:00,32.0,24,0.00,910.1,35,3.57,127
2026-04-23T20:00,29.7,33,0.00,910.4,95,3.47,139
2026-04-23T21:00,29.1,34,0.00,911.0,55,3.69,131
2026-04-23T22:00,28.2,38,0.00,911.2,48,3.30,125
2026-04-23T23:00,27.6,41,0.00,910.7,10,3.02,130
2026-04-24T00:00,26.7,44,0.00,909.9,9,2.47,126
2026-04-24T01:00,26.1,46,0.00,909.4,16,2.30,124
2026-04-24T02:00,25.3,50,0.00,908.4,29,2.09,132
2026-04-24T03:00,24.6,56,0.00,908.4,16,1.82,143
2026-04-24T04:00,23.9,61,0.00,908.7,12,1.15,185
2026-04-24T05:00,24.1,61,0.00,909.1,30,0.82,194
2026-04-24T06:00,24.6,56,0.00,909.6,32,0.80,184
2026-04-24T07:00,26.3,49,0.00,910.9,37,0.78,195
2026-04-24T08:00,28.6,41,0.00,911.9,45,1.22,235
2026-04-24T09:00,30.7,35,0.00,912.5,16,1.20,228
2026-04-24T10:00,32.7,28,0.00,912.6,20,1.01,171
2026-04-24T11:00,33.4,24,0.00,912.3,23,1.63,130
2026-04-24T12:00,34.5,22,0.00,911.5,18,2.64,119
2026-04-24T13:00,35.1,21,0.00,910.7,16,3.50,100
2026-04-24T14:00,34.8,22,0.00,910.3,9,3.92,95
2026-04-24T15:00,34.6,23,0.00,909.9,82,3.69,106
2026-04-24T16:00,33.5,25,0.00,909.7,77,4.21,106
2026-04-24T17:00,33.2,24,0.00,909.6,67,4.10,108
2026-04-24T18:00,31.7,27,0.00,910.3,73,3.71,116
2026-04-24T19:00,30.1,32,0.00,910.9,38,3.34,145
2026-04-24T20:00,29.3,33,0.00,911.3,45,3.11,138
2026-04-24T21:00,28.5,33,0.00,911.6,23,3.46,121
2026-04-24T22:00,27.6,37,0.00,911.5,9,3.34,125
2026-04-24T23:00,27.2,40,0.00,911.0,0,3.42,128
2026-04-25T00:00,26.5,42,0.00,910.4,13,3.09,124
2026-04-25T01:00,25.9,45,0.00,909.9,100,2.51,121
2026-04-25T02:00,25.5,46,0.00,909.5,100,2.13,120
2026-04-25T03:00,25.2,47,0.00,909.4,100,1.78,122
2026-04-25T04:00,24.8,49,0.00,909.8,100,2.05,124
2026-04-25T05:00,24.3,55,0.00,910.0,100,2.02,138
2026-04-25T06:00,24.5,55,0.00,910.8,100,1.64,142
2026-04-25T07:00,25.6,52,0.00,912.3,100,1.25,182
2026-04-25T08:00,27.1,48,0.00,913.3,100,2.18,189
2026-04-25T09:00,29.6,38,0.00,914.0,99,2.10,168
2026-04-25T10:00,32.0,27,0.00,914.1,94,2.45,141
2026-04-25T11:00,33.1,23,0.00,913.7,73,2.58,126
2026-04-25T12:00,34.4,21,0.00,912.9,38,2.82,110
2026-04-25T13:00,35.0,20,0.00,912.0,58,3.27,97
2026-04-25T14:00,35.1,21,0.00,911.5,76,3.34,99
2026-04-25T15:00,34.5,23,0.00,911.2,100,3.27,101
2026-04-25T16:00,34.0,24,0.00,911.1,100,2.83,111
2026-04-25T17:00,33.7,23,0.00,911.1,84,3.50,92
2026-04-25T18:00,32.3,26,0.00,911.2,100,3.29,123
2026-04-25T19:00,30.9,31,0.00,911.5,100,4.03,152
2026-04-25T20:00,29.9,33,0.00,912.1,100,4.17,134
2026-04-25T21:00,28.9,38,0.00,912.2,100,4.06,124
2026-04-25T22:00,28.2,43,0.00,912.1,100,3.92,124
2026-04-25T23:00,27.5,48,0.00,911.9,95,3.45,129
2026-04-26T00:00,26.6,52,0.00,911.2,95,2.87,131
2026-04-26T01:00,25.8,56,0.00,910.4,29,2.41,133
2026-04-26T02:00,25.2,59,0.00,910.0,77,2.05,135
2026-04-26T03:00,24.5,63,0.00,909.7,72,1.88,140
2026-04-26T04:00,23.9,66,0.00,909.8,14,1.81,141
2026-04-26T05:00,24.2,64,0.00,910.5,0,1.36,174
2026-04-26T06:00,24.4,63,0.00,911.2,0,1.55,176
2026-04-26T07:00,25.9,58,0.00,912.4,2,1.71,187
2026-04-26T08:00,27.9,49,0.00,913.2,0,2.17,203
2026-04-26T09:00,30.0,40,0.00,914.0,2,1.92,208
2026-04-26T10:00,31.9,33,0.00,914.2,2,1.57,202
2026-04-26T11:00,32.4,32,0.00,913.6,3,1.00,186
2026-04-26T12:00,34.8,24,0.00,913.0,7,1.10,114
2026-04-26T13:00,35.7,22,0.00,911.6,2,2.15,87
2026-04-26T14:00,35.8,21,0.00,910.4,8,2.80,89
2026-04-26T15:00,35.9,21,0.00,909.8,54,3.27,97
2026-04-26T16:00,35.3,22,0.00,909.4,80,3.77,95
2026-04-26T17:00,34.4,22,0.00,909.3,48,4.13,83
2026-04-26T18:00,33.5,23,0.00,909.7,26,3.40,88
2026-04-26T19:00,32.1,28,0.00,910.2,11,2.75,115
2026-04-26T20:00,30.3,33,0.00,910.6,15,2.91,139
2026-04-26T21:00,29.0,36,0.00,911.3,18,4.09,125
2026-04-26T22:00,27.8,41,0.00,911.3,35,3.22,126
2026-04-26T23:00,27.1,44,0.00,911.2,7,2.82,147
2026-04-27T00:00,26.4,46,0.00,910.5,4,2.51,157
2026-04-27T01:00,26.0,47,0.00,910.1,1,2.26,162
2026-04-27T02:00,25.6,47,0.00,909.5,4,2.77,193
2026-04-27T03:00,24.7,49,0.00,909.2,13,2.05,193
2026-04-27T04:00,24.1,54,0.00,909.3,7,1.90,210
2026-04-27T05:00,23.8,67,0.00,909.6,37,2.07,233
2026-04-27T06:00,23.7,72,0.00,910.3,79,2.02,228
2026-04-27T07:00,25.2,70,0.00,911.1,59,1.64,232
2026-04-27T08:00,28.0,49,0.00,912.3,37,2.30,226
2026-04-27T09:00,30.1,40,0.00,912.8,12,2.19,223
2026-04-27T10:00,32.1,34,0.00,912.7,2,1.72,216
2026-04-27T11:00,32.6,31,0.00,912.2,10,1.32,205
2026-04-27T12:00,34.8,25,0.00,911.7,4,0.71,172
2026-04-27T13:00,36.1,21,0.00,910.7,3,0.83,123
2026-04-27T14:00,36.9,19,0.00,909.6,13,1.35,92
2026-04-27T15:00,36.9,18,0.00,908.7,23,2.20,89
2026-04-27T16:00,36.1,19,0.00,908.2,18,3.22,97
2026-04-27T17:00,35.6,19,0.00,907.7,99,3.18,109
2026-04-27T18:00,34.2,22,0.00,908.2,91,3.09,115
2026-04-27T19:00,33.1,24,0.00,909.3,92,2.35,153
2026-04-27T20:00,31.5,28,0.00,910.0,99,1.96,176
2026-04-27T21:00,30.5,31,0.00,910.6,71,2.45,131
2026-04-27T22:00,28.9,37,0.00,910.7,15,3.26,126
2026-04-27T23:00,28.1,40,0.00,910.3,98,2.96,143
2026-04-28T00:00,27.5,41,0.00,909.8,98,2.75,190
2026-04-28T01:00,26.6,44,0.00,909.2,63,2.12,172
2026-04-28T02:00,25.2,59,0.00,908.9,93,2.26,193
2026-04-28T03:00,24.1,75,0.00,908.5,20,2.15,202
2026-04-28T04:00,23.7,81,0.00,908.8,7,1.99,198
2026-04-28T05:00,23.8,89,0.00,909.1,80,2.20,197
2026-04-28T06:00,23.8,90,0.00,909.8,100,2.47,194
2026-04-28T07:00,25.0,83,0.00,910.7,99,2.19,204
2026-04-28T08:00,26.9,71,0.00,911.8,99,1.78,212
2026-04-28T09:00,29.4,55,0.00,912.4,99,1.73,237
2026-04-28T10:00,31.8,42,0.00,912.6,100,1.16,263
2026-04-28T11:00,32.0,38,0.00,912.2,100,0.46,257
2026-04-28T12:00,34.6,28,0.00,911.7,100,0.47,72
2026-04-28T13:00,35.5,24,0.00,910.6,100,1.40,86
2026-04-28T14:00,36.2,21,0.00,909.8,100,1.72,98
2026-04-28T15:00,36.3,20,0.00,909.0,100,2.52,104
2026-04-28T16:00,35.5,20,0.00,908.3,100,3.57,105
2026-04-28T17:00,34.2,23,0.00,908.0,100,1.97,97
2026-04-28T18:00,33.2,26,0.00,909.0,100,1.81,95
2026-04-28T19:00,32.2,29,0.00,910.0,95,1.60,160
2026-04-28T20:00,31.0,34,0.00,910.6,50,1.11,234
2026-04-28T21:00,30.5,35,0.00,911.2,100,1.22,279
2026-04-28T22:00,29.9,39,0.00,911.2,93,0.49,315
2026-04-28T23:00,28.0,46,0.00,910.9,100,2.15,359
2026-04-29T00:00,27.7,46,0.00,909.8,23,1.18,54
2026-04-29T01:00,27.3,47,0.00,909.4,63,1.68,107
2026-04-29T02:00,27.1,46,0.00,908.7,100,2.03,100
2026-04-29T03:00,25.9,50,0.00,908.7,100,1.80,177
2026-04-29T04:00,24.6,55,0.00,908.8,40,2.02,173
2026-04-29T05:00,24.2,61,0.00,909.1,96,2.39,164
2026-04-29T06:00,23.8,68,0.00,909.4,100,2.28,171
2026-04-29T07:00,25.0,69,0.00,910.4,8,2.46,186
2026-04-29T08:00,27.1,62,0.00,911.7,15,2.17,203
2026-04-29T09:00,29.5,52,0.00,912.8,92,1.81,222
2026-04-29T10:00,30.9,46,0.00,912.9,78,1.41,225
2026-04-29T11:00,31.7,42,0.00,912.8,15,1.70,208
2026-04-29T12:00,33.8,35,0.00,912.2,12,1.45,184
2026-04-29T13:00,35.2,29,0.00,911.4,35,1.26,146
2026-04-29T14:00,35.5,25,0.00,910.2,25,1.49,104
2026-04-29T15:00,35.6,25,0.00,909.5,29,2.20,91
2026-04-29T16:00,35.1,25,0.00,908.8,85,2.30,86
2026-04-29T17:00,30.2,42,0.00,909.1,76,2.21,308
2026-04-29T18:00,29.9,44,0.10,910.1,62,2.21,5
2026-04-29T19:00,29.1,43,0.00,910.7,52,2.20,348
2026-04-29T20:00,28.9,43,0.00,911.2,29,1.52,311
2026-04-29T21:00,28.7,45,0.00,911.4,14,1.55,327
2026-04-29T22:00,28.5,46,0.00,911.6,5,0.73,16
2026-04-29T23:00,27.6,51,0.00,910.9,13,0.45,63
2026-04-30T00:00,26.8,53,0.00,910.2,5,0.75,90
2026-04-30T01:00,26.7,52,0.00,909.8,0,1.21,120
2026-04-30T02:00,25.5,54,0.00,909.9,0,1.53,191
2026-04-30T03:00,24.0,65,0.00,909.7,10,2.49,210
2026-04-30T04:00,23.1,75,0.00,910.0,24,2.43,212
2026-04-30T05:00,22.7,88,0.00,910.3,5,2.44,215
2026-04-30T06:00,22.6,90,0.00,911.0,33,2.72,216
2026-04-30T07:00,23.8,83,0.00,912.0,19,3.23,219
2026-04-30T08:00,26.2,70,0.00,912.9,18,2.83,224
2026-04-30T09:00,28.7,57,0.00,913.6,2,2.55,235
2026-04-30T10:00,30.9,47,0.00,914.0,8,2.66,242
2026-04-30T11:00,31.5,44,0.00,913.7,15,1.82,279
2026-04-30T12:00,32.6,39,0.00,913.0,24,1.35,312
2026-04-30T13:00,34.0,35,0.00,912.3,22,0.83,335
2026-04-30T14:00,34.5,33,0.00,911.0,27,0.45,360
2026-04-30T15:00,34.6,32,0.00,910.2,99,0.61,35
2026-04-30T16:00,34.1,31,0.00,909.4,99,0.94,32
2026-04-30T17:00,29.2,49,3.00,909.9,60,2.23,254
2026-04-30T18:00,26.8,64,0.00,909.7,50,1.93,211
2026-04-30T19:00,23.1,75,0.00,910.6,78,4.48,219
2026-04-30T20:00,24.8,72,0.00,910.7,72,0.20,360
2026-04-30T21:00,24.7,77,0.00,912.3,28,1.53,232
2026-04-30T22:00,24.5,72,0.00,912.2,12,1.87,189
2026-04-30T23:00,22.0,82,0.00,911.1,6,2.11,234
2026-05-01T00:00,22.0,82,0.00,911.0,16,1.41,264
2026-05-01T01:00,21.9,83,0.00,910.5,2,1.12,260
2026-05-01T02:00,22.0,83,0.00,910.0,1,1.25,254
2026-05-01T03:00,21.9,84,0.00,909.5,2,1.35,255
2026-05-01T04:00,21.7,85,0.00,909.6,0,1.31,252
2026-05-01T05:00,22.8,76,0.00,909.8,7,1.43,61
2026-05-01T06:00,22.1,82,0.00,910.4,5,2.11,194
2026-05-01T07:00,22.5,83,0.00,911.9,18,2.80,251
2026-05-01T08:00,24.3,75,0.00,913.0,0,2.20,267
2026-05-01T09:00,26.8,65,0.00,913.9,0,2.20,300
2026-05-01T10:00,29.0,58,0.00,913.9,2,2.05,304
2026-05-01T11:00,29.6,54,0.00,913.6,28,2.15,292
2026-05-01T12:00,30.2,50,0.00,913.0,16,2.23,312
2026-05-01T13:00,31.0,48,0.00,912.1,30,2.02,314
2026-05-01T14:00,31.4,46,0.00,910.7,18,2.04,324
2026-05-01T15:00,31.6,45,0.00,909.8,30,1.95,318
2026-05-01T16:00,31.3,45,0.00,909.1,45,2.27,319
2026-05-01T17:00,26.3,64,0.00,909.1,52,2.47,216
2026-05-01T18:00,26.5,66,0.00,909.9,31,1.63,288
2026-05-01T19:00,26.0,68,0.00,910.0,24,0.92,202
2026-05-01T20:00,25.5,67,0.00,910.3,5,2.07,200
2026-05-01T21:00,24.6,67,0.00,911.0,1,1.81,222
2026-05-01T22:00,24.3,69,0.00,911.2,0,1.55,268
2026-05-01T23:00,24.1,73,0.00,911.1,37,2.13,210
2026-05-02T00:00,23.4,77,0.00,910.3,88,1.81,231
2026-05-02T01:00,22.6,81,0.00,909.7,81,2.15,202
2026-05-02T02:00,21.9,86,0.00,908.8,67,1.46,218
2026-05-02T03:00,21.6,88,0.00,908.6,40,1.12,249
2026-05-02T04:00,21.7,87,0.00,908.6,95,1.48,242
2026-05-02T05:00,22.4,86,0.00,909.2,34,1.58,288
2026-05-02T06:00,22.3,88,0.00,909.9,26,1.50,272
2026-05-02T07:00,23.6,84,0.00,911.3,3,1.71,238
2026-05-02T08:00,25.5,75,0.00,912.3,1,2.25,253
2026-05-02T09:00,27.7,62,0.00,912.8,68,2.40,266
2026-05-02T10:00,30.0,49,0.00,912.9,83,2.38,280
2026-05-02T11:00,30.7,45,0.00,912.5,93,1.11,288
2026-05-02T12:00,31.7,40,0.00,911.7,91,0.82,256
2026-05-02T13:00,32.6,36,0.00,910.7,95,0.78,255
2026-05-02T14:00,33.2,33,0.00,909.5,99,0.65,293
2026-05-02T15:00,33.3,32,0.00,908.7,68,1.30,293
2026-05-02T16:00,32.9,31,0.00,908.3,96,1.91,311
2026-05-02T17:00,31.6,36,0.00,907.9,84,2.24,321
2026-05-02T18:00,29.5,53,0.00,908.0,81,1.06,341
2026-05-02T19:00,28.5,55,0.00,908.4,79,1.12,291
2026-05-02T20:00,27.7,54,0.00,908.9,77,1.55,272
2026-05-02T21:00,27.1,48,0.00,909.7,74,2.86,196
2026-05-02T22:00,25.4,63,0.00,910.8,100,4.23,243
2026-05-02T23:00,24.5,75,0.00,910.8,100,3.54,222
2026-05-03T00:00,23.6,83,0.00,909.9,100,3.64,223
2026-05-03T01:00,22.9,89,0.00,909.3,99,3.33,221
2026-05-03T02:00,22.3,93,0.00,908.7,96,3.10,232
2026-05-03T03:00,22.0,96,0.00,908.6,99,3.05,238
2026-05-03T04:00,21.7,97,0.00,909.1,99,2.89,252
2026-05-03T05:00,21.7,98,0.00,909.6,100,3.11,237
2026-05-03T06:00,21.8,97,0.00,910.2,99,2.89,240
2026-05-03T07:00,22.8,90,0.00,911.1,98,2.55,259
2026-05-03T08:00,24.9,77,0.00,912.0,100,2.20,269
2026-05-03T09:00,27.3,62,0.00,912.6,100,2.35,272
2026-05-03T10:00,29.7,48,0.00,912.7,100,2.38,285
2026-05-03T11:00,31.4,37,0.00,912.1,100,2.51,299
2026-05-03T12:00,32.6,31,0.00,911.4,100,2.31,309
2026-05-03T13:00,33.1,29,0.00,910.8,100,2.21,303
2026-05-03T14:00,33.5,28,0.00,910.1,100,2.11,306
2026-05-03T15:00,33.1,28,0.00,909.6,99,1.96,322
2026-05-03T16:00,32.5,29,0.00,909.1,98,1.20,315
2026-05-03T17:00,32.0,31,0.00,908.6,95,2.01,305
2026-05-03T18:00,29.7,44,0.00,908.6,29,1.30,268
2026-05-03T19:00,28.3,43,0.00,909.0,8,1.70,242
2026-05-03T20:00,27.4,51,0.00,909.6,5,1.28,249
2026-05-03T21:00,27.3,48,0.00,910.0,11,1.27,281
2026-05-03T22:00,26.1,45,0.00,910.6,29,2.70,214
2026-05-03T23:00,24.1,64,0.00,910.7,28,2.62,206
2026-05-04T00:00,23.6,72,0.00,910.6,54,2.66,200
2026-05-04T01:00,23.4,77,0.00,909.9,25,2.55,200
2026-05-04T02:00,22.9,83,0.00,909.0,20,2.27,213
2026-05-04T03:00,22.3,88,0.00,908.6,26,2.23,220
2026-05-04T04:00,22.0,91,0.00,909.0,20,1.47,235
2026-05-04T05:00,21.9,96,0.00,909.7,100,2.15,248
2026-05-04T06:00,22.3,93,0.00,910.6,100,2.17,255
2026-05-04T07:00,23.4,85,0.00,911.1,75,2.30,274
2026-05-04T08:00,25.7,73,0.00,911.9,74,2.11,284
2026-05-04T09:00,28.5,58,0.00,912.9,95,2.17,289
2026-05-04T10:00,30.6,44,0.00,913.0,96,2.52,304
2026-05-04T11:00,31.6,39,0.00,912.6,99,2.35,333
2026-05-04T12:00,32.1,35,0.00,912.2,100,2.62,7
2026-05-04T13:00,32.2,33,0.00,911.1,93,2.37,28
2026-05-04T14:00,33.0,31,0.00,909.9,79,1.84,22
2026-05-04T15:00,33.4,28,0.00,908.9,95,2.45,356
2026-05-04T16:00,32.8,28,0.00,908.7,52,2.53,345
2026-05-04T17:00,32.0,29,0.00,908.5,41,3.00,336
2026-05-04T18:00,30.8,32,0.00,908.7,88,2.44,314
2026-05-04T19:00,28.9,49,0.00,909.0,54,0.73,344
2026-05-04T20:00,26.1,56,0.00,910.2,93,3.92,120
2026-05-04T21:00,25.0,61,0.00,910.7,100,1.74,141
2026-05-04T22:00,24.3,65,0.00,911.3,100,1.96,186
2026-05-04T23:00,24.1,63,0.00,910.5,100,1.77,140
2026-05-05T00:00,23.7,65,0.00,910.6,91,1.87,214
2026-05-05T01:00,23.1,69,0.00,909.6,100,1.66,196
2026-05-05T02:00,22.7,73,0.00,909.6,100,2.06,221
2026-05-05T03:00,22.5,73,0.00,909.8,99,1.75,217
2026-05-05T04:00,22.3,73,0.00,910.0,100,1.52,197
2026-05-05T05:00,22.3,75,0.00,910.4,100,0.76,188
2026-05-05T06:00,22.7,72,0.00,910.8,37,1.67,229
2026-05-05T07:00,24.2,67,0.00,911.9,41,2.17,247
2026-05-05T08:00,25.2,68,0.00,912.5,100,2.16,257
2026-05-05T09:00,27.2,59,0.00,912.8,44,1.91,276
2026-05-05T10:00,29.7,46,0.00,912.8,31,1.61,300
2026-05-05T11:00,30.1,42,0.00,912.5,98,1.03,313
2026-05-05T12:00,31.3,37,0.00,911.9,95,1.07,11
2026-05-05T13:00,31.6,33,0.00,911.2,97,2.13,30
2026-05-05T14:00,30.6,34,0.00,910.3,81,3.48,40
2026-05-05T15:00,31.0,33,0.00,909.9,45,2.92,38
2026-05-05T16:00,30.4,35,0.00,909.4,77,2.73,35
2026-05-05T17:00,29.9,35,0.00,909.6,100,2.94,43
2026-05-05T18:00,29.7,35,0.00,910.1,100,2.02,33
2026-05-05T19:00,29.5,36,0.00,910.7,100,1.12,58
2026-05-05T20:00,28.5,38,0.00,911.0,95,1.27,135
2026-05-05T21:00,27.4,47,0.00,911.1,100,1.76,165
2026-05-05T22:00,26.3,58,0.00,911.1,100,1.75,156
2026-05-05T23:00,24.8,69,0.00,910.5,98,1.41,197
2026-05-06T00:00,23.9,73,0.00,910.1,100,2.24,231
2026-05-06T01:00,23.1,75,0.00,909.8,100,1.97,240
2026-05-06T02:00,23.1,74,0.00,909.5,100,1.70,242
2026-05-06T03:00,23.1,75,0.00,909.7,100,2.10,270
2026-05-06T04:00,22.8,77,0.00,909.5,82,2.12,313
2026-05-06T05:00,23.1,76,0.00,909.4,21,1.62,304
2026-05-06T06:00,22.9,79,0.00,910.1,23,2.09,316
2026-05-06T07:00,24.0,75,0.00,911.0,9,2.10,322
2026-05-06T08:00,26.3,62,0.00,911.6,0,2.15,324
2026-05-06T09:00,29.1,46,0.00,912.1,2,2.49,330
2026-05-06T10:00,30.9,38,0.10,912.1,31,2.75,357
2026-05-06T11:00,30.8,40,0.10,911.5,20,2.41,6
2026-05-06T12:00,31.9,36,0.10,911.1,38,2.53,22
2026-05-06T13:00,32.2,35,0.20,910.2,28,3.11,28
2026-05-06T14:00,32.2,35,0.20,909.0,29,3.18,26
2026-05-06T15:00,32.1,36,0.00,908.4,20,2.91,27
2026-05-06T16:00,32.1,36,0.00,907.9,91,2.75,25
2026-05-06T17:00,30.4,42,0.00,907.8,66,2.67,96
2026-05-06T18:00,28.1,49,0.00,908.2,16,3.76,71
2026-05-06T19:00,26.6,55,0.00,909.1,69,4.05,90
2026-05-06T20:00,23.9,70,0.00,909.4,49,4.64,114
2026-05-06T21:00,23.4,76,0.00,910.1,80,3.87,114
2026-05-06T22:00,22.9,82,0.00,910.1,76,2.29,126
2026-05-06T23:00,23.7,77,0.00,909.2,99,3.57,112
2026-05-07T00:00,23.3,82,0.00,909.1,81,2.47,122
2026-05-07T01:00,22.7,88,0.00,908.8,48,2.41,137
2026-05-07T02:00,22.4,90,0.00,908.4,80,2.43,143
2026-05-07T03:00,22.1,88,0.00,908.5,95,2.16,136
2026-05-07T04:00,22.1,86,0.00,908.6,87,2.12,137
2026-05-07T05:00,21.9,94,0.00,909.1,58,2.05,135
2026-05-07T06:00,22.1,92,0.00,909.8,55,1.91,137
2026-05-07T07:00,23.4,83,0.00,910.5,58,2.04,152
2026-05-07T08:00,25.3,71,0.00,911.4,38,1.91,160
2026-05-07T09:00,27.2,59,0.00,912.1,98,1.94,162
2026-05-07T10:00,28.8,52,0.00,912.2,99,1.77,164
2026-05-07T11:00,28.7,55,0.00,911.8,100,1.45,180
2026-05-07T12:00,29.8,50,0.00,911.1,100,1.10,156
2026-05-07T13:00,30.9,45,0.00,910.1,26,0.92,119
2026-05-07T14:00,31.7,40,0.00,909.2,56,1.25,85
2026-05-07T15:00,31.9,37,0.00,908.9,49,1.73,80
2026-05-07T16:00,31.5,37,0.00,908.4,50,1.98,74
2026-05-07T17:00,30.8,38,0.00,908.0,30,2.22,82
2026-05-07T18:00,29.6,41,0.00,908.3,24,2.07,97
2026-05-07T19:00,28.4,50,0.00,909.0,38,0.91,84
2026-05-07T20:00,27.6,53,0.00,909.6,100,1.12,111
2026-05-07T21:00,26.7,57,0.00,910.4,97,1.47,125
2026-05-07T22:00,25.8,59,0.00,910.8,67,3.03,121
2026-05-07T23:00,25.1,66,0.00,910.5,17,3.26,126
2026-05-08T00:00,24.4,74,0.00,910.2,45,3.00,120
2026-05-08T01:00,23.7,81,0.00,909.8,79,2.56,121
2026-05-08T02:00,23.1,87,0.00,909.0,84,2.52,129
2026-05-08T03:00,22.3,89,0.70,908.8,94,2.39,154
2026-05-08T04:00,21.8,91,0.30,908.9,95,1.50,165
2026-05-08T05:00,22.5,91,0.00,909.7,95,1.35,94
2026-05-08T06:00,22.8,87,0.20,910.2,78,1.73,112
2026-05-08T07:00,23.8,82,0.00,911.0,74,1.39,105
2026-05-08T08:00,25.6,71,0.00,911.5,62,1.45,90
2026-05-08T09:00,27.6,58,0.00,911.7,13,1.68,67
2026-05-08T10:00,29.5,48,0.00,911.9,20,2.41,69
2026-05-08T11:00,30.7,43,0.00,911.6,16,2.89,62
2026-05-08T12:00,31.9,39,0.00,911.1,19,3.11,64
2026-05-08T13:00,32.7,36,0.00,910.1,20,3.72,59
2026-05-08T14:00,32.7,35,0.00,909.2,66,3.80,55
2026-05-08T15:00,32.8,35,0.00,908.7,56,3.58,62
2026-05-08T16:00,30.2,41,0.20,908.4,71,4.78,74
2026-05-08T17:00,30.4,41,0.20,908.5,32,4.12,54
2026-05-08T18:00,28.1,50,0.70,909.1,62,4.29,75
2026-05-08T19:00,26.7,60,0.10,909.9,35,3.97,85
2026-05-08T20:00,26.3,63,0.00,910.6,99,3.45,88
2026-05-08T21:00,25.6,67,0.00,911.2,100,3.01,105
2026-05-08T22:00,24.6,72,0.00,911.2,70,3.02,106
2026-05-08T23:00,23.8,79,0.00,910.6,98,3.27,101
2026-05-09T00:00,23.1,82,0.00,909.9,98,2.74,99
2026-05-09T01:00,22.5,86,0.00,909.6,48,2.19,101
2026-05-09T02:00,21.9,89,0.00,908.7,95,1.95,90
2026-05-09T03:00,21.6,90,0.00,908.8,100,1.69,71
2026-05-09T04:00,21.2,92,0.00,909.2,100,1.77,61
2026-05-09T05:00,21.7,89,0.00,909.6,100,1.75,92
2026-05-09T06:00,21.8,88,0.00,910.3,100,1.32,79
2026-05-09T07:00,23.1,78,0.00,910.9,95,1.52,67
2026-05-09T08:00,25.1,66,0.00,911.7,100,1.75,66
2026-05-09T09:00,27.2,56,0.00,912.1,16,1.71,75
2026-05-09T10:00,29.6,46,0.00,912.4,21,1.83,79
2026-05-09T11:00,30.0,45,0.00,911.9,28,2.26,84
2026-05-09T12:00,31.0,43,0.10,911.2,25,2.25,78
2026-05-09T13:00,31.8,40,0.10,910.3,43,1.97,63
2026-05-09T14:00,32.0,38,0.00,909.5,33,2.33,59
2026-05-09T15:00,29.9,46,0.50,908.9,100,3.24,70
2026-05-09T16:00,23.9,78,5.80,908.2,99,2.05,89
2026-05-09T17:00,26.7,61,0.10,908.5,100,4.18,101
2026-05-09T18:00,25.5,68,0.00,908.8,100,3.14,99
2026-05-09T19:00,24.4,76,0.00,909.6,100,3.08,98
2026-05-09T20:00,23.7,82,0.00,910.3,100,2.37,97
2026-05-09T21:00,23.0,86,0.00,910.7,93,2.28,105
2026-05-09T22:00,22.6,88,0.00,911.1,100,1.75,93
2026-05-09T23:00,23.1,89,0.00,910.8,100,2.64,100
2026-05-10T00:00,22.7,91,0.00,910.2,100,2.19,101
2026-05-10T01:00,22.4,92,0.00,909.5,100,1.55,111
2026-05-10T02:00,21.9,94,0.00,909.2,100,0.90,109
2026-05-10T03:00,21.7,95,0.00,909.1,100,0.76,82
2026-05-10T04:00,21.5,95,0.00,909.0,100,0.83,57
2026-05-10T05:00,21.5,95,0.00,909.3,100,1.46,59
2026-05-10T06:00,21.7,94,0.00,909.6,100,1.66,46
2026-05-10T07:00,22.9,87,0.00,910.4,100,2.16,48
2026-05-10T08:00,24.6,73,0.00,910.7,100,2.48,47
2026-05-10T09:00,26.5,59,0.00,911.0,100,2.49,52
2026-05-10T10:00,28.9,43,0.00,911.0,100,2.58,68
2026-05-10T11:00,30.6,37,0.00,910.6,80,2.64,80
2026-05-10T12:00,32.0,33,0.00,910.4,96,3.34,71
2026-05-10T13:00,32.5,29,0.00,910.0,13,4.40,56
2026-05-10T14:00,32.3,31,0.00,908.7,90,4.20,55
2026-05-10T15:00,32.6,27,0.00,908.5,30,4.25,58
2026-05-10T16:00,31.9,30,0.00,908.3,64,4.98,54
2026-05-10T17:00,31.5,29,0.00,908.2,83,4.50,61
2026-05-10T18:00,29.4,37,0.00,908.7,78,3.10,87
2026-05-10T19:00,27.7,48,0.00,909.6,71,2.57,103
2026-05-10T20:00,26.7,52,0.00,910.0,91,2.69,114
2026-05-10T21:00,25.4,59,0.00,910.3,98,2.69,112
2026-05-10T22:00,24.4,67,0.00,910.4,100,2.60,113
2026-05-10T23:00,24.3,74,0.00,910.2,100,3.14,121
2026-05-11T00:00,23.8,78,0.00,909.4,100,3.33,123
2026-05-11T01:00,23.0,85,0.00,908.8,100,2.83,122
2026-05-11T02:00,22.4,88,0.00,908.4,99,2.09,132
2026-05-11T03:00,22.0,92,0.00,908.2,100,1.82,127
2026-05-11T04:00,21.7,94,0.00,908.1,100,1.59,118
2026-05-11T05:00,21.9,98,0.00,908.5,98,1.24,130
2026-05-11T06:00,22.2,95,0.00,909.6,100,1.03,129
2026-05-11T07:00,23.9,82,0.00,910.7,100,0.63,151
2026-05-11T08:00,26.5,64,0.00,911.9,100,0.49,246
2026-05-11T09:00,28.8,48,0.00,912.4,98,0.64,321
2026-05-11T10:00,30.9,35,0.00,912.3,70,1.31,18
2026-05-11T11:00,31.4,34,0.00,911.7,70,1.50,339
2026-05-11T12:00,32.8,28,0.00,910.9,27,2.67,6
2026-05-11T13:00,33.1,27,0.00,910.1,52,3.96,21
2026-05-11T14:00,34.0,25,0.00,909.1,23,4.43,18
2026-05-11T15:00,34.0,24,0.00,908.4,37,4.68,14
2026-05-11T16:00,33.2,25,0.00,908.2,45,4.42,34
2026-05-11T17:00,32.3,25,0.00,908.4,31,3.65,33
2026-05-11T18:00,29.9,32,0.00,909.0,29,4.01,54
2026-05-11T19:00,29.3,33,0.00,910.1,39,3.26,54
2026-05-11T20:00,28.4,35,0.00,910.6,95,1.52,67
2026-05-11T21:00,27.9,36,0.00,910.6,98,2.12,71
2026-05-11T22:00,27.5,37,0.00,910.9,64,2.07,82
2026-05-11T23:00,26.3,45,0.00,910.5,1,2.40,102
2026-05-12T00:00,24.9,52,0.00,909.6,9,2.60,113
2026-05-12T01:00,23.6,63,0.00,908.9,33,2.63,111
2026-05-12T02:00,22.8,73,0.00,908.1,2,2.35,114
2026-05-12T03:00,22.1,79,0.00,907.7,0,1.32,143
2026-05-12T04:00,21.4,85,0.00,907.7,20,0.68,197
2026-05-12T05:00,22.2,77,0.00,908.0,99,0.53,229
2026-05-12T06:00,22.8,72,0.00,908.6,96,1.17,320
2026-05-12T07:00,24.6,62,0.00,909.4,100,1.24,317
2026-05-12T08:00,27.1,50,0.00,910.4,100,1.60,328
2026-05-12T09:00,29.5,40,0.00,910.9,98,2.00,3
2026-05-12T10:00,31.5,31,0.00,911.0,93,2.64,25
2026-05-12T11:00,32.4,31,0.00,910.2,48,2.82,37
2026-05-12T12:00,33.1,29,0.00,909.9,59,3.12,41
2026-05-12T13:00,33.1,28,0.00,909.1,53,3.82,43
2026-05-12T14:00,32.6,30,0.10,908.0,27,4.57,48
2026-05-12T15:00,32.2,33,0.20,907.6,26,4.08,49
2026-05-12T16:00,32.2,35,0.00,907.2,22,3.66,55
2026-05-12T17:00,32.2,31,0.00,907.1,6,3.74,67
2026-05-12T18:00,30.6,36,0.00,907.8,19,3.85,77
2026-05-12T19:00,29.7,41,0.00,908.8,17,3.46,87
2026-05-12T20:00,28.9,45,0.00,909.5,5,2.93,98
2026-05-12T21:00,28.4,47,0.00,910.0,35,2.83,111
2026-05-12T22:00,27.1,52,0.00,910.2,87,2.57,123
2026-05-12T23:00,26.7,53,0.00,909.4,69,2.36,126
2026-05-13T00:00,25.8,57,0.00,908.7,38,1.98,131
2026-05-13T01:00,24.9,62,0.00,908.0,98,1.70,156
2026-05-13T02:00,24.3,66,0.00,907.6,98,1.25,175
2026-05-13T03:00,24.0,68,0.00,907.2,89,0.85,183
2026-05-13T04:00,23.7,69,0.00,907.3,54,0.78,230
2026-05-13T05:00,23.3,76,0.00,907.4,99,1.28,211
2026-05-13T06:00,22.8,78,0.00,907.7,99,2.11,216
2026-05-13T07:00,23.7,77,0.00,908.8,95,2.25,233
2026-05-13T08:00,26.1,65,0.00,909.5,23,2.20,253
2026-05-13T09:00,28.8,50,0.00,910.5,34,2.35,269
2026-05-13T10:00,31.0,37,0.00,910.4,63,2.04,301
2026-05-13T11:00,31.8,34,0.00,909.9,57,2.07,323
2026-05-13T12:00,32.5,32,0.10,909.3,22,2.54,350
2026-05-13T13:00,33.3,31,0.00,908.5,17,3.26,4
2026-05-13T14:00,33.2,32,0.10,907.5,28,3.17,12
2026-05-13T15:00,33.3,31,0.10,907.0,95,3.37,21
2026-05-13T16:00,32.7,29,0.20,906.5,96,3.59,21
2026-05-13T17:00,33.7,25,0.00,906.3,99,3.02,27
2026-05-13T18:00,32.7,26,0.00,906.7,99,3.48,40
2026-05-13T19:00,31.8,28,0.00,907.7,100,3.31,70
2026-05-13T20:00,30.5,32,0.00,908.3,100,2.90,90
2026-05-13T21:00,29.3,35,0.00,908.9,100,2.81,95
2026-05-13T22:00,28.7,36,0.00,908.7,93,2.35,94
2026-05-13T23:00,27.4,46,0.00,908.0,98,1.97,153
2026-05-14T00:00,26.6,52,0.00,907.1,98,2.00,143
2026-05-14T01:00,25.6,57,0.00,906.1,98,1.95,151
2026-05-14T02:00,24.8,63,0.00,905.6,99,1.70,183
2026-05-14T03:00,24.1,69,0.00,905.6,85,1.36,253
2026-05-14T04:00,24.2,65,0.00,905.9,19,1.42,321
2026-05-14T05:00,24.0,77,0.00,906.2,89,2.24,321
2026-05-14T06:00,23.7,87,0.00,906.4,97,2.73,325
2026-05-14T07:00,24.9,83,0.00,907.4,96,3.12,320
2026-05-14T08:00,27.0,70,0.00,908.5,21,2.96,323
2026-05-14T09:00,29.7,53,0.00,909.6,44,3.07,336
2026-05-14T10:00,32.0,38,0.00,909.8,15,3.25,358
2026-05-14T11:00,32.7,32,0.00,909.7,50,3.29,17
2026-05-14T12:00,33.0,29,0.00,908.9,95,3.44,26
2026-05-14T13:00,33.6,27,0.10,908.2,98,3.78,29
2026-05-14T14:00,33.5,28,0.00,907.3,96,3.78,18
2026-05-14T15:00,33.7,28,0.00,906.6,99,3.41,11
2026-05-14T16:00,33.2,28,0.00,905.9,95,3.27,19
2026-05-14T17:00,33.4,25,0.00,906.2,100,3.98,50
2026-05-14T18:00,32.2,27,0.00,906.5,98,3.32,53
2026-05-14T19:00,30.9,33,0.00,907.5,98,2.93,73
2026-05-14T20:00,30.1,36,0.00,908.3,98,2.16,86
2026-05-14T21:00,29.4,38,0.00,908.7,89,2.12,98
2026-05-14T22:00,28.7,41,0.00,908.7,49,2.19,101
2026-05-14T23:00,28.0,46,0.00,907.9,16,2.82,120
2026-05-15T00:00,26.2,56,0.00,907.3,15,2.32,143
2026-05-15T01:00,25.2,65,0.00,906.6,5,2.26,155
2026-05-15T02:00,24.3,70,0.00,905.8,52,2.00,177
2026-05-15T03:00,23.8,73,0.00,905.9,64,2.20,221
2026-05-15T04:00,22.9,79,0.00,906.3,26,1.87,254
2026-05-15T05:00,22.5,89,0.00,906.5,73,1.59,229
2026-05-15T06:00,22.7,84,0.00,907.2,94,1.55,274
2026-05-15T07:00,24.2,75,0.00,908.4,78,2.02,312
2026-05-15T08:00,26.8,65,0.00,909.1,100,2.74,322
2026-05-15T09:00,29.2,53,0.00,909.4,100,3.70,328
2026-05-15T10:00,30.8,44,0.00,909.3,100,3.93,338
2026-05-15T11:00,30.4,44,0.00,909.3,100,3.32,342
2026-05-15T12:00,30.0,45,0.00,908.7,100,2.98,337
2026-05-15T13:00,31.1,40,0.00,908.3,100,2.93,346
2026-05-15T14:00,30.9,38,0.40,907.4,100,3.15,3
2026-05-15T15:00,30.8,37,0.00,907.1,100,3.03,8
2026-05-15T16:00,30.9,37,0.00,906.7,100,2.88,17
2026-05-15T17:00,30.9,37,0.00,906.9,100,1.92,7
2026-05-15T18:00,30.1,40,0.00,907.0,100,1.40,2
2026-05-15T19:00,29.8,42,0.00,907.4,100,0.74,62
2026-05-15T20:00,29.3,44,0.00,907.7,100,0.95,267
2026-05-15T21:00,28.3,51,0.00,908.1,100,1.42,238
2026-05-15T22:00,27.8,57,0.00,908.5,100,1.23,212
2026-05-15T23:00,26.7,57,0.00,908.0,100,1.60,182
2026-05-16T00:00,26.7,58,0.10,907.4,100,1.47,190
2026-05-16T01:00,25.8,61,0.00,906.4,96,2.08,240
2026-05-16T02:00,24.4,70,0.20,906.6,99,2.23,130
2026-05-16T03:00,24.0,74,0.20,906.4,98,1.06,161
2026-05-16T04:00,24.0,75,0.10,906.6,82,1.25,233
2026-05-16T05:00,23.9,77,0.00,906.4,80,1.85,218
2026-05-16T06:00,23.6,80,0.00,906.8,40,1.87,254
2026-05-16T07:00,24.9,74,0.00,907.5,25,1.58,281
2026-05-16T08:00,27.3,63,0.00,908.5,96,1.93,307
2026-05-16T09:00,28.9,52,0.00,909.2,79,1.84,317
2026-05-16T10:00,31.0,41,0.00,909.8,98,1.49,340
2026-05-16T11:00,31.8,42,0.00,909.9,73,0.76,8
2026-05-16T12:00,31.6,41,0.00,909.1,54,2.15,12
2026-05-16T13:00,27.9,57,0.70,907.9,77,2.80,254
2026-05-16T14:00,26.8,66,1.20,907.5,51,3.41,274
2026-05-16T15:00,26.4,66,0.70,907.0,84,2.69,301
2026-05-16T16:00,27.0,63,0.60,906.6,56,1.71,277
2026-05-16T17:00,33.2,29,0.20,907.0,95,3.68,59
2026-05-16T18:00,30.9,37,0.00,907.3,77,0.97,111
2026-05-16T19:00,28.7,48,0.00,907.6,57,1.59,242
2026-05-16T20:00,27.1,64,0.00,908.5,68,1.64,258
2026-05-16T21:00,27.0,65,0.00,909.1,34,1.10,300
2026-05-16T22:00,26.4,67,0.00,909.2,21,1.95,320
2026-05-16T23:00,26.3,69,0.00,909.1,53,1.17,313
2026-05-17T00:00,25.6,73,0.00,908.4,45,0.72,326
2026-05-17T01:00,25.0,77,0.00,907.8,28,0.98,246
2026-05-17T02:00,23.8,86,0.00,907.3,2,2.08,246
2026-05-17T03:00,22.8,90,0.00,906.9,46,1.99,242
2026-05-17T04:00,22.6,90,0.00,906.7,21,1.19,248
2026-05-17T05:00,22.9,83,0.00,906.6,9,0.90,273
2026-05-17T06:00,22.8,84,0.00,907.4,9,0.81,240
2026-05-17T07:00,24.0,79,0.00,908.7,20,1.35,268
2026-05-17T08:00,25.8,69,0.00,909.8,29,1.60,250
2026-05-17T09:00,27.8,59,0.00,910.3,75,1.26,252
2026-05-17T10:00,29.9,50,0.00,910.3,91,1.11,288
2026-05-17T11:00,30.9,40,0.00,910.2,83,0.21,256
2026-05-17T12:00,32.6,34,0.00,909.7,77,0.34,297
2026-05-17T13:00,33.5,31,0.00,908.8,92,1.10,360
2026-05-17T14:00,34.1,30,0.00,907.9,97,1.90,14
2026-05-17T15:00,33.0,32,0.00,906.8,78,2.77,13
2026-05-17T16:00,32.5,34,0.00,906.7,98,1.96,354
2026-05-17T17:00,33.1,28,0.00,906.6,80,3.87,25
2026-05-17T18:00,32.1,30,0.00,907.4,100,2.56,39
2026-05-17T19:00,31.5,32,0.00,908.2,100,1.20,92
2026-05-17T20:00,30.7,37,0.00,909.0,37,1.10,120
2026-05-17T21:00,29.3,45,0.00,909.6,38,2.25,143
2026-05-17T22:00,27.8,54,0.00,909.7,17,1.92,165
2026-05-17T23:00,25.8,68,0.00,909.2,76,2.22,188
2026-05-18T00:00,24.6,74,0.00,908.4,96,2.71,208
2026-05-18T01:00,23.6,78,0.00,907.6,98,2.87,203
2026-05-18T02:00,23.1,82,0.00,907.1,95,2.75,209
2026-05-18T03:00,22.8,86,0.00,907.0,91,2.77,221
2026-05-18T04:00,22.5,88,0.00,907.0,94,2.51,224
2026-05-18T05:00,22.8,91,0.00,907.5,100,3.28,211
2026-05-18T06:00,22.7,92,0.00,907.9,100,3.12,221
2026-05-18T07:00,23.7,85,0.00,908.7,100,2.71,232
2026-05-18T08:00,24.9,78,0.00,909.4,100,2.13,240
2026-05-18T09:00,25.9,73,0.00,910.3,100,2.22,247
2026-05-18T10:00,26.9,68,0.00,910.3,98,2.41,257
2026-05-18T11:00,30.5,50,0.00,910.3,95,2.06,276
2026-05-18T12:00,31.8,46,0.00,909.9,87,1.92,277
2026-05-18T13:00,32.7,43,0.10,909.2,85,1.60,266
2026-05-18T14:00,33.2,41,0.00,908.4,100,1.35,268
2026-05-18T15:00,31.7,45,0.20,907.2,100,1.91,250
2026-05-18T16:00,24.6,90,16.90,906.3,100,4.14,168
2026-05-18T17:00,23.2,91,8.90,907.4,99,3.52,231
2026-05-18T18:00,23.3,94,4.20,908.1,98,0.36,146
2026-05-18T19:00,23.2,93,0.60,908.7,89,2.27,213
2026-05-18T20:00,23.1,93,0.10,909.1,91,2.32,256
2026-05-18T21:00,23.1,93,0.00,910.0,96,2.15,248
2026-05-18T22:00,22.9,94,0.00,909.8,95,2.79,237
2026-05-18T23:00,22.6,96,0.00,910.4,99,2.38,240
2026-05-19T00:00,22.1,98,0.50,909.3,98,2.67,240
2026-05-19T01:00,22.0,98,0.20,908.3,100,3.51,229
2026-05-19T02:00,21.8,98,0.10,907.7,100,3.54,226
2026-05-19T03:00,21.5,98,0.00,907.7,98,2.98,230
2026-05-19T04:00,21.4,98,0.00,907.8,99,2.34,236
2026-05-19T05:00,21.6,95,0.00,908.1,100,2.90,234
2026-05-19T06:00,21.7,94,0.00,908.6,98,2.93,233
2026-05-19T07:00,22.6,88,0.00,909.5,90,3.14,239
2026-05-19T08:00,24.0,82,0.00,910.2,92,3.18,242
2026-05-19T09:00,25.9,74,0.00,910.8,95,3.59,249
2026-05-19T10:00,27.6,65,0.00,911.3,99,4.29,251
2026-05-19T11:00,28.2,63,0.10,911.1,88,3.78,259
2026-05-19T12:00,29.0,61,0.00,910.5,81,3.42,264
2026-05-19T13:00,28.9,61,0.00,910.0,87,3.19,261
2026-05-19T14:00,26.2,73,0.90,909.1,97,4.02,264
2026-05-19T15:00,26.3,74,0.50,908.3,92,2.09,281
2026-05-19T16:00,27.2,66,0.00,907.9,95,2.92,292
2026-05-19T17:00,25.2,79,0.60,908.7,98,2.94,312
2026-05-19T18:00,24.5,82,0.00,909.0,95,2.19,305
2026-05-19T19:00,24.0,84,0.00,909.3,85,1.80,273
2026-05-19T20:00,23.9,84,0.00,909.9,85,1.70,268
2026-05-19T21:00,23.7,87,0.00,910.3,79,1.45,268
2026-05-19T22:00,23.7,88,0.00,910.7,81,1.86,256
2026-05-19T23:00,24.1,86,0.00,910.3,100,2.83,234
2026-05-20T00:00,23.4,85,0.00,909.9,100,3.75,239
2026-05-20T01:00,22.7,85,0.00,909.3,100,3.44,242
2026-05-20T02:00,22.4,86,0.00,908.6,100,3.16,247
2026-05-20T03:00,22.1,87,0.00,908.6,100,3.11,251
2026-05-20T04:00,21.9,87,0.00,908.5,100,3.43,254
2026-05-20T05:00,22.2,89,0.00,908.6,91,3.22,244
2026-05-20T06:00,22.0,90,0.00,909.1,99,2.93,243
2026-05-20T07:00,23.0,86,0.00,910.4,99,3.07,248
2026-05-20T08:00,24.5,78,0.00,910.9,100,4.10,252
2026-05-20T09:00,25.6,74,0.00,911.4,100,3.41,256
2026-05-20T10:00,26.9,70,0.00,911.4,92,3.65,257
2026-05-20T11:00,28.7,60,0.00,911.1,76,3.78,263
2026-05-20T12:00,29.7,54,0.10,910.5,98,3.30,270
2026-05-20T13:00,29.8,54,0.00,910.1,98,3.58,255
2026-05-20T14:00,29.4,58,0.10,908.9,97,2.48,245
2026-05-20T15:00,30.0,55,0.10,908.3,100,3.13,262
2026-05-20T16:00,23.5,90,4.10,908.2,100,1.87,279
2026-05-20T17:00,26.3,76,1.30,908.3,96,2.20,231
2026-05-20T18:00,25.3,80,0.00,908.6,98,2.48,236
2026-05-20T19:00,25.2,80,0.00,909.5,75,2.41,265
2026-05-20T20:00,24.9,80,0.00,910.2,83,2.50,267
2026-05-20T21:00,24.5,82,0.00,910.5,88,2.45,269
2026-05-20T22:00,24.1,84,0.00,910.6,97,2.80,271
2026-05-20T23:00,24.4,84,0.00,909.8,55,3.35,268
2026-05-21T00:00,23.7,87,0.00,909.3,41,3.20,271
2026-05-21T01:00,23.1,88,0.00,908.9,75,3.20,268
2026-05-21T02:00,22.6,91,0.00,908.4,56,2.79,261
2026-05-21T03:00,22.3,93,0.00,908.5,62,2.63,256
2026-05-21T04:00,22.2,95,0.00,908.8,45,2.06,256
2026-05-21T05:00,22.6,95,0.00,909.1,80,2.17,247
2026-05-21T06:00,22.4,96,0.00,909.6,88,2.75,245
2026-05-21T07:00,23.5,88,0.00,910.5,55,3.44,249
2026-05-21T08:00,25.0,78,0.00,911.1,39,3.65,251
2026-05-21T09:00,26.7,71,0.00,911.4,36,2.96,254
2026-05-21T10:00,28.4,64,0.00,911.5,26,2.77,253
2026-05-21T11:00,29.8,59,0.00,911.1,43,2.79,255
2026-05-21T12:00,31.1,52,0.00,910.6,58,2.53,261
2026-05-21T13:00,31.6,48,0.00,910.0,55,2.07,263
2026-05-21T14:00,32.0,45,0.00,909.3,55,1.87,261
2026-05-21T15:00,32.0,45,0.00,908.6,91,1.97,263
2026-05-21T16:00,31.8,45,0.00,908.4,92,1.75,246
2026-05-21T17:00,29.5,54,0.00,908.9,59,1.62,236
2026-05-21T18:00,28.1,64,0.10,908.9,16,1.49,220
2026-05-21T19:00,27.5,67,0.00,909.4,23,1.21,246
2026-05-21T20:00,27.0,67,0.00,909.9,19,2.01,243
2026-05-21T21:00,26.2,70,0.00,910.8,68,2.93,262
2026-05-21T22:00,25.3,77,0.10,911.3,5,3.34,251
2026-05-21T23:00,22.3,89,0.00,910.8,9,3.66,266
2026-05-22T00:00,21.9,91,0.00,910.3,7,2.70,269
2026-05-22T01:00,22.3,90,0.00,910.2,100,3.05,271
2026-05-22T02:00,22.6,90,0.00,909.8,100,2.90,270
2026-05-22T03:00,22.6,91,0.10,909.5,100,3.42,255
2026-05-22T04:00,22.5,92,0.10,909.7,84,3.05,247
2026-05-22T05:00,22.0,92,0.00,910.4,86,3.00,270
2026-05-22T06:00,21.9,92,0.00,910.9,85,2.84,261
2026-05-22T07:00,23.1,87,0.00,911.6,95,2.97,250
2026-05-22T08:00,24.9,79,0.00,912.3,98,2.88,250
2026-05-22T09:00,26.9,70,0.00,913.2,99,3.28,258
2026-05-22T10:00,28.6,62,0.00,913.2,99,3.41,259
2026-05-22T11:00,27.7,62,0.00,913.0,100,3.22,277
2026-05-22T12:00,28.8,55,0.00,912.5,100,3.36,285
2026-05-22T13:00,28.9,53,0.00,912.0,97,3.19,279
2026-05-22T14:00,30.1,48,0.00,911.2,96,3.80,279
2026-05-22T15:00,30.2,49,0.00,910.6,98,3.36,285
2026-05-22T16:00,30.0,51,0.00,910.6,94,3.11,294
2026-05-22T17:00,26.9,66,0.30,911.0,52,3.77,325
2026-05-22T18:00,25.8,73,0.00,911.1,41,1.77,248
2026-05-22T19:00,24.7,77,0.00,911.7,100,1.65,267
2026-05-22T20:00,24.8,80,0.50,912.5,27,2.69,255
2026-05-22T21:00,22.5,85,0.10,912.8,30,3.14,239
2026-05-22T22:00,22.3,87,0.00,912.7,52,2.67,264
2026-05-22T23:00,23.3,85,0.00,912.5,57,2.66,250
2026-05-23T00:00,23.0,85,0.00,911.9,32,2.87,276
2026-05-23T01:00,22.7,86,0.00,911.5,91,2.51,264
2026-05-23T02:00,22.5,87,0.00,911.3,99,2.71,265
2026-05-23T03:00,22.3,87,0.00,911.0,100,2.90,272
2026-05-23T04:00,22.2,83,0.00,911.3,100,3.30,280
2026-05-23T05:00,21.7,92,0.00,911.2,100,2.51,253
2026-05-23T06:00,21.7,93,0.00,911.6,100,2.25,253
2026-05-23T07:00,22.0,91,0.00,912.0,100,2.96,240
2026-05-23T08:00,22.5,88,0.00,912.3,94,2.77,244
2026-05-23T09:00,24.5,78,0.00,913.2,34,2.98,261
2026-05-23T10:00,27.0,67,0.00,913.9,94,3.32,277
2026-05-23T11:00,25.9,70,0.00,914.1,96,2.60,300
2026-05-23T12:00,27.0,67,0.40,913.5,95,2.06,311
2026-05-23T13:00,26.5,69,0.10,913.0,99,2.69,318
2026-05-23T14:00,22.8,89,5.50,912.4,98,1.07,143
2026-05-23T15:00,24.6,80,0.50,911.5,98,0.25,259
2026-05-23T16:00,25.8,75,0.20,911.7,99,1.26,304
2026-05-23T17:00,24.4,85,0.00,911.5,73,3.03,292
2026-05-23T18:00,23.5,89,0.10,911.0,70,1.84,257
2026-05-23T19:00,23.5,92,0.00,911.5,88,2.78,256
2026-05-23T20:00,23.6,88,0.00,912.4,70,2.86,254
2026-05-23T21:00,23.0,89,0.00,913.2,80,3.08,253
2026-05-23T22:00,22.8,89,0.00,913.7,70,3.15,280
2026-05-23T23:00,23.0,93,0.10,912.4,77,3.28,286
2026-05-24T00:00,22.7,93,0.10,912.5,93,4.15,269
2026-05-24T01:00,22.4,94,0.00,911.8,91,3.35,267
2026-05-24T02:00,21.8,96,0.00,910.8,97,3.20,267
2026-05-24T03:00,21.8,97,0.00,910.5,99,2.70,271
2026-05-24T04:00,21.7,97,0.00,910.9,99,2.77,257
2026-05-24T05:00,21.3,96,0.00,910.9,98,3.13,253
2026-05-24T06:00,21.5,95,0.00,911.5,97,3.16,265
2026-05-24T07:00,22.6,88,0.00,912.3,99,3.90,280
2026-05-24T08:00,24.0,81,0.00,913.1,99,3.10,280
2026-05-24T09:00,24.6,78,0.00,913.6,40,3.30,272
2026-05-24T10:00,26.6,69,0.00,913.9,32,3.20,272
2026-05-24T11:00,28.5,58,0.00,913.1,12,3.42,276
2026-05-24T12:00,29.7,53,0.00,912.6,54,3.41,292
2026-05-24T13:00,29.9,53,0.00,912.0,29,3.23,309
2026-05-24T14:00,28.8,55,0.40,911.3,36,3.47,319
2026-05-24T15:00,29.0,53,0.80,910.8,39,2.70,326
2026-05-24T16:00,28.5,54,0.70,910.5,65,3.01,317
2026-05-24T17:00,29.0,50,1.90,910.7,100,0.81,7
2026-05-24T18:00,27.2,66,0.00,910.9,88,1.60,194
2026-05-24T19:00,25.6,73,0.00,911.5,29,3.54,211
2026-05-24T20:00,23.4,79,0.00,912.4,26,3.18,240
2026-05-24T21:00,23.0,83,0.00,912.9,3,2.92,248
2026-05-24T22:00,22.5,85,0.00,912.9,13,2.60,254
2026-05-24T23:00,21.9,93,0.00,913.2,24,3.11,222
2026-05-25T00:00,20.9,97,0.10,912.6,100,4.23,235
2026-05-25T01:00,20.8,96,0.00,911.5,35,3.15,224
2026-05-25T02:00,20.9,96,0.00,910.6,69,2.75,241
2026-05-25T03:00,21.1,96,0.00,910.6,79,2.93,245
2026-05-25T04:00,21.0,97,0.00,910.6,90,2.59,251
2026-05-25T05:00,20.6,97,0.00,910.4,55,2.55,242
2026-05-25T06:00,20.7,95,0.00,911.0,38,2.15,252
2026-05-25T07:00,22.2,87,0.00,912.1,37,1.75,273
2026-05-25T08:00,24.4,78,0.00,913.0,22,1.90,284
2026-05-25T09:00,26.6,68,0.00,913.5,11,2.56,291
2026-05-25T10:00,28.5,59,0.00,913.6,2,3.28,291
2026-05-25T11:00,29.6,52,0.00,913.2,0,2.83,291
2026-05-25T12:00,30.3,51,0.00,912.5,11,2.89,298
2026-05-25T13:00,31.0,51,0.00,911.9,38,2.33,301
2026-05-25T14:00,29.7,57,1.20,910.6,48,2.13,309
2026-05-25T15:00,29.9,56,0.70,910.3,100,1.86,306
2026-05-25T16:00,25.8,75,3.60,909.9,70,1.54,347
2026-05-25T17:00,27.4,69,0.60,910.1,48,1.43,205
2026-05-25T18:00,26.6,74,0.00,910.9,35,1.45,272
2026-05-25T19:00,26.0,78,0.00,911.6,38,1.33,236
2026-05-25T20:00,25.7,79,0.00,911.8,20,1.15,270
2026-05-25T21:00,25.3,77,0.00,912.1,12,1.72,240
2026-05-25T22:00,24.4,82,0.00,912.2,9,2.18,233
2026-05-25T23:00,24.7,83,0.00,912.1,33,3.02,243
2026-05-26T00:00,24.2,82,0.00,911.9,16,2.44,251
2026-05-26T01:00,23.5,83,0.00,911.2,9,2.17,255
2026-05-26T02:00,23.0,85,0.00,910.4,21,2.35,258
2026-05-26T03:00,22.5,87,0.00,910.2,30,2.35,268
2026-05-26T04:00,22.1,90,0.00,910.4,24,2.29,290
2026-05-26T05:00,21.6,94,0.00,910.6,90,2.14,254
2026-05-26T06:00,21.7,94,0.00,911.3,88,2.39,250
2026-05-26T07:00,23.0,86,0.00,912.3,46,2.74,261
2026-05-26T08:00,24.5,80,0.00,912.8,66,2.50,271
2026-05-26T09:00,26.3,72,0.00,913.5,77,2.61,274
2026-05-26T10:00,28.1,64,0.00,913.8,81,2.72,276
2026-05-26T11:00,29.1,61,0.00,913.3,60,2.46,283
2026-05-26T12:00,30.2,57,0.10,913.2,68,1.63,297
2026-05-26T13:00,30.7,55,0.10,912.0,34,1.86,294
2026-05-26T14:00,30.9,54,0.00,910.8,58,2.10,282
2026-05-26T15:00,30.7,54,0.00,910.3,100,1.70,284
2026-05-26T16:00,27.3,66,2.10,909.9,97,1.29,193
2026-05-26T17:00,24.1,86,0.80,910.5,99,1.70,114
2026-05-26T18:00,24.3,87,0.60,910.5,54,1.10,156
2026-05-26T19:00,24.7,82,0.10,910.9,77,1.18,168
2026-05-26T20:00,25.0,82,0.00,912.4,45,1.37,204
2026-05-26T21:00,24.7,82,0.00,913.4,100,1.01,57
2026-05-26T22:00,24.0,89,1.30,912.9,100,1.81,276
2026-05-26T23:00,21.4,94,1.60,912.6,100,2.84,280
2026-05-27T00:00,21.5,93,2.30,912.6,100,1.39,64
2026-05-27T01:00,21.4,94,0.70,911.2,100,1.63,297
2026-05-27T02:00,21.4,90,0.20,910.5,100,2.86,265
2026-05-27T03:00,21.3,93,0.50,910.1,100,3.03,257
2026-05-27T04:00,21.1,94,1.80,910.0,100,2.93,261
2026-05-27T05:00,21.2,96,1.80,910.1,98,2.43,278
2026-05-27T06:00,21.3,95,0.00,911.1,100,2.38,262
2026-05-27T07:00,22.3,91,0.00,912.6,98,2.00,257
2026-05-27T08:00,24.2,80,0.00,913.8,82,2.06,274
2026-05-27T09:00,26.1,70,0.00,914.4,95,2.35,297
2026-05-27T10:00,27.6,62,0.00,914.3,100,2.80,310
2026-05-27T11:00,27.8,61,0.00,914.0,100,2.69,317
2026-05-27T12:00,28.5,58,0.00,913.6,100,2.91,321
2026-05-27T13:00,28.5,57,0.00,912.7,99,3.25,329
2026-05-27T14:00,28.5,58,0.00,912.0,92,3.11,330
2026-05-27T15:00,28.4,58,0.00,911.1,91,2.51,325
2026-05-27T16:00,28.3,58,0.00,910.9,72,2.62,317
2026-05-27T17:00,28.0,62,0.00,911.0,97,2.27,303
2026-05-27T18:00,27.0,70,0.00,911.5,97,1.23,291
2026-05-27T19:00,26.0,75,0.00,911.7,80,1.28,239
2026-05-27T20:00,25.6,77,0.00,912.2,78,1.18,216
2026-05-27T21:00,25.3,76,0.00,912.5,80,1.56,222
2026-05-27T22:00,24.7,77,0.00,912.5,73,2.69,222
2026-05-27T23:00,23.4,84,0.00,912.1,84,2.11,211
2026-05-28T00:00,22.8,86,0.00,911.7,92,1.86,234
2026-05-28T01:00,22.3,88,0.00,911.1,97,1.99,245
2026-05-28T02:00,22.0,91,0.00,910.5,84,2.04,245
2026-05-28T03:00,21.9,92,0.00,910.7,82,1.82,249
2026-05-28T04:00,21.7,93,0.00,910.9,81,1.82,249
2026-05-28T05:00,21.5,97,0.00,911.4,98,2.11,248
2026-05-28T06:00,21.5,98,0.00,912.1,95,2.44,247
2026-05-28T07:00,22.7,90,0.00,913.1,73,2.92,257
2026-05-28T08:00,24.4,82,0.00,913.9,91,2.47,263
2026-05-28T09:00,26.3,72,0.00,914.3,97,2.80,269
2026-05-28T10:00,27.7,64,0.00,914.3,99,2.70,273
2026-05-28T11:00,29.0,59,0.00,914.1,90,2.57,278
2026-05-28T12:00,29.8,55,0.00,913.1,85,2.38,280
2026-05-28T13:00,30.4,52,0.00,912.0,95,2.19,294
2026-05-28T14:00,30.6,52,0.00,911.3,88,2.04,295
2026-05-28T15:00,30.3,54,0.00,910.8,68,1.79,306
2026-05-28T16:00,29.7,55,0.00,910.5,63,1.86,276
2026-05-28T17:00,27.3,66,0.30,910.3,98,1.74,153
2026-05-28T18:00,26.6,76,0.00,911.1,98,0.50,217
2026-05-28T19:00,26.2,75,0.00,911.7,100,0.90,183
2026-05-28T20:00,25.4,77,0.10,912.6,99,1.35,270
2026-05-28T21:00,24.2,76,0.10,913.0,85,2.12,255
2026-05-28T22:00,23.4,79,0.00,913.3,32,2.09,237
2026-05-28T23:00,23.3,82,0.00,912.7,72,2.96,254
2026-05-29T00:00,22.9,89,0.00,912.4,98,2.63,249
2026-05-29T01:00,22.4,94,0.00,911.8,98,2.41,236
2026-05-29T02:00,22.0,96,0.00,911.2,99,2.60,232
2026-05-29T03:00,21.6,97,0.00,910.8,98,2.33,239
2026-05-29T04:00,21.4,98,0.00,910.4,98,2.15,258
2026-05-29T05:00,21.2,98,0.00,910.9,98,1.75,267
2026-05-29T06:00,21.4,97,0.00,911.6,98,1.55,291
2026-05-29T07:00,22.5,90,0.00,912.7,100,1.81,275
2026-05-29T08:00,24.2,81,0.00,913.1,96,1.90,273
2026-05-29T09:00,26.4,70,0.00,913.7,83,2.56,264
2026-05-29T10:00,28.2,62,0.00,913.8,53,2.65,273
2026-05-29T11:00,29.3,58,0.00,913.0,54,2.25,267
2026-05-29T12:00,30.3,54,0.00,912.7,28,1.90,284
2026-05-29T13:00,31.1,52,0.00,912.1,44,2.53,295
2026-05-29T14:00,31.4,51,0.00,911.2,60,2.62,299
2026-05-29T15:00,30.9,49,0.00,910.4,76,2.55,312
2026-05-29T16:00,29.8,53,0.70,909.8,87,1.07,259
2026-05-29T17:00,29.3,50,0.10,910.3,96,1.81,309
2026-05-29T18:00,27.0,68,0.30,910.3,79,1.12,302
2026-05-29T19:00,26.1,75,0.00,910.6,15,1.49,200
2026-05-29T20:00,25.6,76,0.00,911.3,3,1.91,227
2026-05-29T21:00,25.1,72,0.00,912.4,1,3.90,229
2026-05-29T22:00,24.2,79,0.00,912.6,3,3.02,231
2026-05-29T23:00,22.4,84,0.00,912.4,95,2.91,243
2026-05-30T00:00,21.9,88,0.00,911.7,98,2.74,261
2026-05-30T01:00,21.7,90,0.00,910.9,98,2.51,264
2026-05-30T02:00,21.6,90,0.00,909.8,98,2.52,256
2026-05-30T03:00,21.3,91,0.00,909.5,98,2.55,254
2026-05-30T04:00,21.1,92,0.00,909.5,97,2.57,262
2026-05-30T05:00,20.7,98,0.00,909.4,38,2.60,254
2026-05-30T06:00,20.7,97,0.00,910.3,100,2.49,255
2026-05-30T07:00,22.0,88,0.00,911.3,47,3.02,263
2026-05-30T08:00,24.1,79,0.00,912.2,12,2.77,257
2026-05-30T09:00,26.2,71,0.00,913.0,11,2.65,259
2026-05-30T10:00,28.0,63,0.00,913.4,32,2.70,269
2026-05-30T11:00,29.1,57,0.00,913.6,49,2.55,293
2026-05-30T12:00,30.1,54,0.00,913.2,41,1.76,305
2026-05-30T13:00,30.7,51,0.00,912.4,17,1.54,324
2026-05-30T14:00,31.2,48,0.00,910.9,45,1.67,309
2026-05-30T15:00,31.3,47,0.00,910.2,70,1.04,325
2026-05-30T16:00,29.0,52,0.20,909.6,98,2.38,338
2026-05-30T17:00,25.2,76,0.40,910.3,97,1.48,303
2026-05-30T18:00,24.9,78,0.10,910.7,55,1.57,329
2026-05-30T19:00,24.4,81,0.00,911.1,48,1.28,329
2026-05-30T20:00,24.4,82,0.00,911.8,68,0.96,354
2026-05-30T21:00,24.3,85,0.00,912.2,80,1.13,315
2026-05-30T22:00,24.1,84,0.00,912.4,98,1.23,282
2026-05-30T23:00,22.1,85,0.00,911.8,100,1.81,256
2026-05-31T00:00,21.5,89,0.70,911.0,100,1.84,248
2026-05-31T01:00,21.3,88,0.30,910.0,100,2.65,268
2026-05-31T02:00,21.5,83,0.00,909.2,100,3.55,268
2026-05-31T03:00,21.2,83,0.20,909.2,100,3.67,255
2026-05-31T04:00,20.9,85,0.20,909.6,100,3.56,253
2026-05-31T05:00,21.9,94,0.00,910.1,100,2.05,257
2026-05-31T06:00,21.9,95,0.20,910.6,95,2.50,268
2026-05-31T07:00,22.4,94,0.00,911.4,98,2.18,279
2026-05-31T08:00,24.2,84,0.00,912.2,89,1.96,289
2026-05-31T09:00,26.7,70,0.00,913.0,52,2.53,297
2026-05-31T10:00,28.7,60,0.00,913.6,33,2.88,309
2026-05-31T11:00,27.9,59,0.00,913.3,97,2.51,314
2026-05-31T12:00,28.5,57,0.00,912.8,93,2.45,327
2026-05-31T13:00,29.8,52,0.00,912.3,41,2.13,336
2026-05-31T14:00,30.5,48,0.00,911.6,53,1.70,346
2026-05-31T15:00,30.3,48,0.00,910.8,48,1.76,340
2026-05-31T16:00,29.9,51,0.00,910.3,51,1.29,347
2026-05-31T17:00,29.1,52,0.00,909.9,68,1.57,323
2026-05-31T18:00,27.6,68,0.10,910.3,41,0.39,310
2026-05-31T19:00,27.0,73,0.00,910.9,27,0.39,220
2026-05-31T20:00,24.5,77,0.20,912.3,80,3.00,330
2026-05-31T21:00,23.3,85,0.50,912.3,48,0.46,221
2026-05-31T22:00,22.5,88,0.70,913.0,93,1.77,286
2026-05-31T23:00,22.8,86,0.60,912.3,98,1.74,168
2026-06-01T00:00,22.2,84,0.00,911.8,88,2.75,199
2026-06-01T01:00,21.7,82,0.00,911.6,98,2.85,211
2026-06-01T02:00,21.5,89,0.00,911.3,93,2.76,226
2026-06-01T03:00,21.3,93,0.00,911.2,90,2.93,243
2026-06-01T04:00,21.3,94,0.00,911.1,95,2.91,241
2026-06-01T05:00,20.8,96,0.00,910.8,95,1.96,266
2026-06-01T06:00,21.1,94,0.00,911.4,88,1.88,295
2026-06-01T07:00,22.2,88,0.00,912.4,88,1.89,307
2026-06-01T08:00,23.8,80,0.00,913.0,16,2.51,317
2026-06-01T09:00,26.4,67,0.00,913.4,2,2.86,324
2026-06-01T10:00,28.3,58,0.00,913.6,10,2.77,326
2026-06-01T11:00,29.1,54,0.00,913.7,98,2.88,343
2026-06-01T12:00,28.9,55,0.00,913.1,100,3.01,345
2026-06-01T13:00,28.1,58,0.00,912.5,97,2.90,349
2026-06-01T14:00,28.5,56,0.00,911.7,42,1.41,6
2026-06-01T15:00,29.1,51,0.10,911.2,35,1.36,8
2026-06-01T16:00,29.0,51,0.40,910.7,28,1.06,8
2026-06-01T17:00,29.4,43,0.00,910.7,52,0.85,40
2026-06-01T18:00,28.2,52,0.00,910.8,38,0.65,67
2026-06-01T19:00,27.2,58,0.00,911.1,48,0.61,125
2026-06-01T20:00,26.4,62,0.00,911.6,43,1.30,196
2026-06-01T21:00,26.0,61,0.00,911.9,69,1.43,241
2026-06-01T22:00,25.7,62,0.00,912.2,50,1.58,235
2026-06-01T23:00,24.7,66,0.00,912.0,11,1.70,166
2026-06-02T00:00,23.7,69,0.00,911.0,100,1.56,187
2026-06-02T01:00,23.7,68,0.00,910.8,88,1.79,207
2026-06-02T02:00,23.0,73,0.00,910.6,45,2.18,217
2026-06-02T03:00,22.4,78,0.00,910.3,79,2.09,226
2026-06-02T04:00,22.1,80,0.00,910.5,100,1.83,244
2026-06-02T05:00,22.2,87,0.00,910.5,3,1.80,273
2026-06-02T06:00,22.3,88,0.00,911.0,1,2.25,302
2026-06-02T07:00,23.8,80,0.00,912.1,20,2.20,311
2026-06-02T08:00,25.9,68,0.00,912.7,2,2.13,319
2026-06-02T09:00,28.2,55,0.00,913.2,12,2.18,323
2026-06-02T10:00,30.0,47,0.00,913.3,9,2.04,329
2026-06-02T11:00,30.9,44,0.00,913.0,11,1.59,316
2026-06-02T12:00,30.4,47,0.20,912.1,23,1.01,333
2026-06-02T13:00,30.8,45,0.30,911.6,23,0.25,233
2026-06-02T14:00,30.8,44,0.40,910.3,13,0.30,171
2026-06-02T15:00,30.6,44,0.10,909.6,27,0.45,180
2026-06-02T16:00,30.1,44,0.40,909.3,23,0.43,111
2026-06-02T17:00,29.4,49,0.90,909.8,82,1.70,182
2026-06-02T18:00,25.9,69,0.80,910.0,59,2.42,218
2026-06-02T19:00,24.4,81,0.40,910.6,50,2.72,224
2026-06-02T20:00,23.5,86,0.10,910.9,28,2.67,247
2026-06-02T21:00,23.4,88,0.00,911.4,25,2.00,257
2026-06-02T22:00,23.2,89,0.00,911.6,12,1.72,244
2026-06-02T23:00,22.6,91,0.00,911.0,28,1.90,270
2026-06-03T00:00,22.1,94,0.00,910.2,34,1.74,231
2026-06-03T01:00,21.7,97,0.00,910.0,98,2.22,234
2026-06-03T02:00,21.5,97,0.50,909.8,100,1.88,241
2026-06-03T03:00,21.5,97,0.20,909.3,100,2.01,243
2026-06-03T04:00,21.4,97,0.10,909.1,41,1.39,255
2026-06-03T05:00,22.1,97,0.00,909.7,95,2.33,239
2026-06-03T06:00,22.0,95,0.00,910.1,76,1.88,259
2026-06-03T07:00,22.9,89,0.10,910.7,48,2.12,262
2026-06-03T08:00,23.7,83,0.10,911.6,100,2.46,265
2026-06-03T09:00,23.3,85,0.40,911.7,100,1.80,304
2026-06-03T10:00,24.7,80,1.00,911.5,50,1.61,286
2026-06-03T11:00,27.1,62,0.30,911.1,52,2.84,280
2026-06-03T12:00,27.3,60,0.00,910.6,35,2.89,260
2026-06-03T13:00,27.7,58,0.10,910.0,37,2.82,245
2026-06-03T14:00,28.1,58,0.10,909.0,13,2.91,243
2026-06-03T15:00,27.7,60,0.10,908.2,43,3.11,246
2026-06-03T16:00,24.7,75,1.70,907.8,65,3.23,257
2026-06-03T17:00,24.4,84,4.50,908.5,73,3.17,264
2026-06-03T18:00,23.3,91,0.40,908.6,80,2.90,259
2026-06-03T19:00,22.7,90,0.30,909.3,98,3.02,254
2026-06-03T20:00,22.7,93,0.10,909.9,100,2.46,264
2026-06-03T21:00,22.5,93,0.00,910.3,93,2.74,252
2026-06-03T22:00,22.2,93,0.10,910.5,96,3.43,236
2026-06-03T23:00,21.8,88,0.10,910.1,88,3.70,232
2026-06-04T00:00,21.1,89,0.00,909.3,43,3.70,235
2026-06-04T01:00,20.7,90,0.00,908.4,31,3.74,242
2026-06-04T02:00,20.5,92,0.00,908.0,35,3.86,249
2026-06-04T03:00,20.4,93,0.00,908.1,75,4.01,246
2026-06-04T04:00,20.3,94,0.00,908.2,94,3.53,243
2026-06-04T05:00,20.3,95,0.00,908.3,98,3.12,238
2026-06-04T06:00,20.7,93,0.00,909.1,98,3.20,247
2026-06-04T07:00,22.0,88,0.00,909.9,98,3.96,254
2026-06-04T08:00,23.8,76,0.00,910.5,98,4.44,258
2026-06-04T09:00,25.4,69,0.00,910.8,91,4.32,260
2026-06-04T10:00,26.7,65,0.00,910.8,96,3.70,261
2026-06-04T11:00,27.7,58,0.00,910.8,100,3.65,268
2026-06-04T12:00,27.4,59,0.00,910.0,91,3.57,264
2026-06-04T13:00,28.8,55,0.00,909.7,98,3.60,270
2026-06-04T14:00,28.8,54,0.00,908.7,81,4.10,269
2026-06-04T15:00,28.9,55,0.00,908.1,74,3.58,263
2026-06-04T16:00,28.4,58,0.10,907.9,97,3.37,258
2026-06-04T17:00,28.2,57,0.20,907.6,96,3.21,259
2026-06-04T18:00,26.4,66,0.10,908.1,90,3.49,232
2026-06-04T19:00,25.3,72,0.00,908.9,94,3.58,247
2026-06-04T20:00,24.2,75,0.50,909.7,80,3.37,252
2026-06-04T21:00,23.4,82,0.30,910.3,88,2.80,243
2026-06-04T22:00,22.8,85,0.00,910.3,66,2.74,232
2026-06-04T23:00,22.5,85,0.00,909.7,91,3.08,226
2026-06-05T00:00,21.7,86,0.00,909.1,97,3.71,227
2026-06-05T01:00,21.4,88,0.00,908.7,98,3.54,239
2026-06-05T02:00,21.2,92,0.00,908.4,95,3.56,241
2026-06-05T03:00,21.2,93,0.00,908.2,99,3.53,245
2026-06-05T04:00,20.9,94,0.00,908.3,95,3.42,241
2026-06-05T05:00,21.1,92,0.00,908.8,100,3.44,244
2026-06-05T06:00,21.3,91,0.00,909.2,100,3.58,245
2026-06-05T07:00,22.3,85,0.00,910.0,97,4.54,249
2026-06-05T08:00,23.9,75,0.00,910.1,100,4.72,246
2026-06-05T09:00,25.0,71,0.00,910.6,100,4.92,245
2026-06-05T10:00,25.9,68,0.00,910.7,100,5.17,242
2026-06-05T11:00,26.9,64,0.10,910.9,100,5.58,247
2026-06-05T12:00,26.2,69,0.60,910.4,100,5.42,241
2026-06-05T13:00,25.9,70,0.60,910.0,100,6.11,245
2026-06-05T14:00,27.2,68,0.10,909.1,100,5.50,251
2026-06-05T15:00,26.7,63,0.20,908.5,98,5.30,259
2026-06-05T16:00,26.2,66,0.70,907.9,84,4.96,242
2026-06-05T17:00,25.6,69,0.40,907.9,40,4.24,258
2026-06-05T18:00,25.0,72,0.00,908.1,37,3.19,261
2026-06-05T19:00,24.3,75,0.00,908.8,88,3.36,259
2026-06-05T20:00,23.6,78,0.00,909.3,99,3.43,254
2026-06-05T21:00,22.8,82,0.00,909.7,98,3.29,246
2026-06-05T22:00,22.1,86,0.00,910.0,100,3.40,237
2026-06-05T23:00,22.5,85,0.00,909.8,100,3.61,239
2026-06-06T00:00,22.0,87,0.00,909.7,100,3.55,238
2026-06-06T01:00,21.5,89,0.00,908.8,100,3.47,237
2026-06-06T02:00,20.9,92,0.00,908.2,99,3.26,238
2026-06-06T03:00,20.7,93,0.00,907.8,100,3.26,238
2026-06-06T04:00,20.6,94,0.00,908.0,93,3.19,235
2026-06-06T05:00,20.5,93,0.00,908.3,98,2.75,233
2026-06-06T06:00,20.7,93,0.00,909.1,99,2.97,234
2026-06-06T07:00,22.0,88,0.00,909.8,100,3.56,244
2026-06-06T08:00,24.2,76,0.10,910.6,100,3.89,252
2026-06-06T09:00,25.2,69,0.00,911.2,98,3.45,260
2026-06-06T10:00,26.6,62,0.00,911.4,99,2.94,260
2026-06-06T11:00,26.6,61,0.10,911.4,93,4.16,257
2026-06-06T12:00,27.0,59,0.10,911.0,78,3.56,259
2026-06-06T13:00,28.2,54,0.00,910.4,95,3.25,256
2026-06-06T14:00,28.8,50,0.00,909.6,96,3.71,244
2026-06-06T15:00,28.7,49,0.00,909.3,95,5.42,237
2026-06-06T16:00,25.5,68,0.10,909.0,98,5.04,241
2026-06-06T17:00,25.4,71,0.00,909.0,100,4.22,239
2026-06-06T18:00,24.4,74,0.00,909.3,100,3.99,248
2026-06-06T19:00,23.7,78,0.00,909.5,100,3.62,235
2026-06-06T20:00,23.0,81,0.00,910.2,100,3.42,232
2026-06-06T21:00,22.6,81,0.00,910.9,99,3.80,237
2026-06-06T22:00,22.1,84,0.00,911.1,100,3.45,246
2026-06-06T23:00,22.2,86,0.00,911.4,100,4.27,246
2026-06-07T00:00,21.6,91,0.80,910.7,100,3.69,245
2026-06-07T01:00,21.4,92,0.10,910.1,100,3.79,239
2026-06-07T02:00,21.2,91,0.00,909.8,100,3.38,246
2026-06-07T03:00,20.9,93,0.00,909.3,100,3.27,251
2026-06-07T04:00,20.9,94,0.00,909.2,96,2.94,252
2026-06-07T05:00,21.0,93,0.00,909.2,100,2.21,283
2026-06-07T06:00,21.1,93,0.00,909.5,99,1.62,248
2026-06-07T07:00,22.1,87,0.00,910.9,99,3.43,227
2026-06-07T08:00,23.6,79,0.10,911.7,100,4.21,233
2026-06-07T09:00,24.2,77,0.20,912.3,100,3.63,236
2026-06-07T10:00,25.2,69,0.60,912.4,100,3.52,238
2026-06-07T11:00,24.4,77,0.30,912.1,99,3.92,253
2026-06-07T12:00,27.2,64,0.40,911.7,99,3.15,255
2026-06-07T13:00,28.5,59,0.00,910.7,100,3.01,255
2026-06-07T14:00,28.9,56,0.00,910.2,99,3.37,258
2026-06-07T15:00,28.8,56,0.00,909.7,100,3.67,265
2026-06-07T16:00,27.9,58,0.00,909.1,100,3.74,278
2026-06-07T17:00,27.4,60,0.90,909.2,95,3.57,248
2026-06-07T18:00,25.7,68,0.10,909.8,99,4.08,259
2026-06-07T19:00,24.0,79,0.10,910.6,100,3.71,266
2026-06-07T20:00,22.9,86,0.10,911.2,100,3.20,267
2026-06-07T21:00,22.5,88,0.00,911.9,99,3.01,275
2026-06-07T22:00,22.4,89,0.00,911.8,98,2.90,271
2026-06-07T23:00,22.3,91,0.00,911.3,99,2.80,248
2026-06-08T00:00,21.7,93,0.00,910.7,99,3.18,240
2026-06-08T01:00,21.4,92,0.00,909.8,100,2.96,248
2026-06-08T02:00,21.2,94,0.00,909.5,100,3.07,248
2026-06-08T03:00,21.2,94,0.00,909.4,100,2.91,246
2026-06-08T04:00,21.2,95,0.00,909.6,100,2.91,246
2026-06-08T05:00,21.1,95,0.00,909.6,100,3.21,239
2026-06-08T06:00,21.4,93,0.00,910.7,100,3.20,241
2026-06-08T07:00,22.4,88,0.00,911.4,100,4.09,242
2026-06-08T08:00,23.0,84,0.10,912.0,100,4.43,245
2026-06-08T09:00,24.7,75,0.20,912.5,99,4.44,253
2026-06-08T10:00,26.2,67,0.40,912.4,100,5.30,256
2026-06-08T11:00,26.0,66,0.10,912.1,100,4.82,257
2026-06-08T12:00,27.2,58,1.50,911.8,100,5.14,251
2026-06-08T13:00,26.2,69,0.90,910.8,100,5.89,263
2026-06-08T14:00,26.8,66,0.50,910.1,99,4.18,263
2026-06-08T15:00,28.7,55,0.00,909.9,99,5.46,252
2026-06-08T16:00,28.0,55,0.00,909.2,100,5.75,246
2026-06-08T17:00,27.2,58,0.00,909.3,99,5.21,246
2026-06-08T18:00,26.1,64,0.00,910.3,98,4.51,251
2026-06-08T19:00,25.3,69,0.00,910.6,96,4.32,254
2026-06-08T20:00,24.4,74,0.00,911.2,100,3.91,254
2026-06-08T21:00,23.7,78,0.00,911.7,100,4.18,244
2026-06-08T22:00,22.8,84,0.00,911.8,100,3.67,241
2026-06-08T23:00,22.3,90,0.00,911.2,100,3.58,240
2026-06-09T00:00,22.0,91,0.00,911.0,100,3.52,247
2026-06-09T01:00,22.2,89,0.00,910.2,91,3.81,256
2026-06-09T02:00,21.9,88,0.00,909.7,98,4.18,259
2026-06-09T03:00,21.6,87,0.00,909.7,100,4.16,260
2026-06-09T04:00,21.4,88,0.00,909.8,100,3.83,258
2026-06-09T05:00,21.3,94,0.00,909.9,99,3.42,241
2026-06-09T06:00,21.5,94,0.00,910.2,100,3.88,248
2026-06-09T07:00,22.5,88,0.00,911.1,100,4.39,247
2026-06-09T08:00,24.0,78,0.00,912.0,66,5.14,252
2026-06-09T09:00,25.4,70,0.20,912.0,85,5.55,256
2026-06-09T10:00,26.9,63,0.20,912.0,73,5.67,258
2026-06-09T11:00,25.3,70,0.20,911.6,100,4.75,246
2026-06-09T12:00,25.0,70,0.10,911.1,100,5.42,247
2026-06-09T13:00,25.4,71,0.00,910.6,79,3.83,246
2026-06-09T14:00,27.0,65,0.10,909.8,97,5.34,251
2026-06-09T15:00,25.9,68,0.00,909.2,92,4.93,247
2026-06-09T16:00,26.5,65,0.10,908.8,100,5.41,258
2026-06-09T17:00,27.2,58,0.10,909.0,98,5.43,253
2026-06-09T18:00,25.5,64,0.00,909.9,90,5.90,262
2026-06-09T19:00,24.6,69,0.00,910.3,77,5.16,267
2026-06-09T20:00,23.5,73,0.00,910.9,91,5.21,267
2026-06-09T21:00,22.9,77,0.00,911.2,84,4.70,268
2026-06-09T22:00,22.3,81,0.10,911.2,88,4.00,268
2026-06-09T23:00,22.6,81,0.00,910.7,91,3.98,258
2026-06-10T00:00,22.1,83,0.00,910.2,95,4.00,268
2026-06-10T01:00,21.8,84,0.00,909.3,90,3.75,268
2026-06-10T02:00,21.4,86,0.00,909.1,70,4.49,262
2026-06-10T03:00,21.1,87,0.00,908.8,96,4.35,267
2026-06-10T04:00,20.9,87,0.00,909.5,99,3.90,272
2026-06-10T05:00,20.7,91,0.00,910.0,92,3.42,263
2026-06-10T06:00,20.9,90,0.00,910.3,100,3.40,256
2026-06-10T07:00,22.3,83,0.00,911.3,98,4.00,261
2026-06-10T08:00,23.9,74,0.00,911.8,92,4.55,273
2026-06-10T09:00,25.9,63,0.00,912.1,95,5.42,282
2026-06-10T10:00,27.4,57,0.00,912.2,45,5.43,280
2026-06-10T11:00,28.0,53,0.00,912.1,52,5.68,286
2026-06-10T12:00,28.0,52,0.00,911.6,68,5.37,291
2026-06-10T13:00,29.1,50,0.00,910.7,88,4.37,292
2026-06-10T14:00,30.0,48,0.00,909.9,100,3.93,285
2026-06-10T15:00,29.7,49,0.10,909.1,95,3.85,283
2026-06-10T16:00,26.7,59,0.60,909.0,90,5.41,274
2026-06-10T17:00,25.1,71,1.70,909.4,88,3.58,298
2026-06-10T18:00,24.5,77,0.20,910.1,75,3.98,285
2026-06-10T19:00,23.3,84,0.00,910.4,98,3.04,279
2026-06-10T20:00,22.9,87,0.00,911.0,97,2.78,284
2026-06-10T21:00,22.5,88,0.00,911.4,76,3.37,277
2026-06-10T22:00,22.3,90,0.00,911.2,99,3.26,265
2026-06-10T23:00,21.9,88,0.00,911.0,94,3.45,268
2026-06-11T00:00,21.4,88,0.00,910.2,62,3.66,266
2026-06-11T01:00,21.0,89,0.00,909.2,88,3.53,263
2026-06-11T02:00,20.7,91,0.00,908.9,96,3.41,259
2026-06-11T03:00,20.6,93,0.00,908.9,57,3.18,262
2026-06-11T04:00,20.5,93,0.00,909.2,70,3.03,262
2026-06-11T05:00,20.7,91,0.00,908.7,99,3.35,273
2026-06-11T06:00,20.7,91,0.00,909.3,98,2.82,276
2026-06-11T07:00,21.9,86,0.00,910.3,77,2.65,271
2026-06-11T08:00,23.6,76,0.00,911.0,97,3.44,278
2026-06-11T09:00,25.2,69,0.00,911.4,99,3.44,279
2026-06-11T10:00,26.6,63,0.00,911.7,91,3.52,277
2026-06-11T11:00,27.5,55,0.00,911.5,100,3.93,292
2026-06-11T12:00,27.6,54,0.00,910.8,100,3.52,293
2026-06-11T13:00,27.8,56,0.00,910.2,100,2.84,280
2026-06-11T14:00,28.9,53,0.00,909.7,100,2.66,286
2026-06-11T15:00,29.1,51,0.00,909.0,100,2.59,295
2026-06-11T16:00,28.3,52,0.10,908.7,100,3.01,291
2026-06-11T17:00,27.1,57,0.00,909.1,97,3.83,277
2026-06-11T18:00,24.3,80,0.40,909.4,96,2.45,268
2026-06-11T19:00,23.9,86,0.10,909.9,98,2.89,252
2026-06-11T20:00,23.4,90,0.00,910.5,100,2.23,230
2026-06-11T21:00,22.9,92,0.00,911.0,99,2.52,229
2026-06-11T22:00,22.5,93,0.00,911.4,98,2.75,233
2026-06-11T23:00,22.1,94,0.00,911.0,95,3.44,229
2026-06-12T00:00,21.6,96,0.40,910.5,88,3.41,231
2026-06-12T01:00,21.3,98,0.10,909.8,91,3.44,237
2026-06-12T02:00,21.1,98,0.10,909.5,83,3.29,242
2026-06-12T03:00,20.9,97,0.00,909.2,91,3.31,241
2026-06-12T04:00,20.8,96,0.00,909.6,96,3.27,245
2026-06-12T05:00,20.9,97,0.00,909.6,91,2.33,235
2026-06-12T06:00,20.8,96,0.00,910.0,96,2.46,243
2026-06-12T07:00,22.3,86,0.00,911.0,95,3.45,270
2026-06-12T08:00,23.9,75,0.00,911.8,100,3.66,266
2026-06-12T09:00,25.3,69,0.00,912.7,100,3.52,264
2026-06-12T10:00,26.5,64,0.00,912.9,100,3.56,266
2026-06-12T11:00,25.9,68,0.00,912.1,100,2.96,254
2026-06-12T12:00,23.8,79,1.90,911.9,97,2.98,256
2026-06-12T13:00,27.2,64,0.20,911.7,91,2.30,271
2026-06-12T14:00,27.6,61,0.00,910.5,100,2.50,272
2026-06-12T15:00,27.7,58,0.10,909.9,70,3.06,285
2026-06-12T16:00,25.5,69,0.40,909.8,95,3.27,236
2026-06-12T17:00,25.3,75,0.10,910.3,83,1.58,252
2026-06-12T18:00,24.9,75,0.10,910.3,70,1.88,245
2026-06-12T19:00,22.6,87,0.40,911.0,100,2.46,336
2026-06-12T20:00,22.5,88,0.30,911.3,99,1.39,291
2026-06-12T21:00,22.5,88,0.00,912.1,95,2.06,266
2026-06-12T22:00,22.5,89,0.00,912.4,90,2.97,253
2026-06-12T23:00,20.5,92,0.00,912.1,100,2.54,260
2026-06-13T00:00,20.2,96,1.20,911.5,100,2.73,242
2026-06-13T01:00,20.1,98,2.00,910.8,100,3.02,243
2026-06-13T02:00,19.9,99,2.40,910.4,100,3.29,240
2026-06-13T03:00,20.0,98,1.40,910.0,100,2.57,241
2026-06-13T04:00,19.7,98,0.10,910.1,100,3.36,242
2026-06-13T05:00,20.2,94,0.00,910.6,100,3.22,242
2026-06-13T06:00,20.3,93,0.00,911.5,95,3.04,256
2026-06-13T07:00,21.4,87,0.00,912.3,96,3.09,261
2026-06-13T08:00,23.3,77,0.00,913.2,90,3.70,268
2026-06-13T09:00,25.3,68,0.10,913.4,61,4.03,284
2026-06-13T10:00,27.2,61,0.00,913.3,98,3.52,300
2026-06-13T11:00,26.4,67,0.00,912.9,100,3.53,291
2026-06-13T12:00,26.1,68,0.10,912.3,77,3.61,301
2026-06-13T13:00,28.0,62,0.40,911.8,56,3.28,308
2026-06-13T14:00,28.6,58,0.10,911.0,38,3.29,316
2026-06-13T15:00,29.1,54,0.00,910.5,100,3.68,312
2026-06-13T16:00,28.7,54,0.00,910.0,71,3.76,293
2026-06-13T17:00,23.0,88,1.10,910.3,99,4.02,253
2026-06-13T18:00,21.6,97,3.70,910.5,100,1.49,230
2026-06-13T19:00,21.9,97,2.00,910.5,44,1.53,232
2026-06-13T20:00,21.9,98,0.40,911.4,80,2.23,224
2026-06-13T21:00,22.0,96,0.00,911.9,98,2.25,238
2026-06-13T22:00,21.9,95,0.00,912.3,97,3.37,252
2026-06-13T23:00,22.0,91,0.00,912.0,90,2.93,256
2026-06-14T00:00,21.6,95,0.10,911.3,88,2.84,242
2026-06-14T01:00,21.5,96,0.00,910.9,84,3.15,250
2026-06-14T02:00,21.3,96,0.00,910.5,95,3.12,254
2026-06-14T03:00,21.1,98,0.00,910.3,100,3.18,254
2026-06-14T04:00,21.3,97,0.00,911.0,100,2.84,260
2026-06-14T05:00,21.3,95,0.10,910.8,100,3.78,277
2026-06-14T06:00,21.3,96,0.20,911.2,100,3.42,276
2026-06-14T07:00,22.1,89,0.30,911.8,100,3.46,275
2026-06-14T08:00,22.5,88,0.30,912.1,99,3.44,278
2026-06-14T09:00,24.4,76,0.50,912.6,100,4.10,290
2026-06-14T10:00,25.3,72,0.60,912.6,95,3.64,291
2026-06-14T11:00,25.4,66,0.10,912.5,98,4.33,301
2026-06-14T12:00,25.8,65,0.00,911.9,69,3.69,298
2026-06-14T13:00,27.3,60,0.30,911.3,70,4.30,306
2026-06-14T14:00,27.7,57,0.00,910.3,43,4.25,295
2026-06-14T15:00,28.1,53,0.10,909.9,59,4.02,297
2026-06-14T16:00,25.2,71,1.50,909.3,98,1.81,309
2026-06-14T17:00,26.2,63,0.50,909.5,51,2.92,322
2026-06-14T18:00,25.4,69,0.00,909.7,98,3.04,315
2026-06-14T19:00,24.3,74,0.30,910.0,30,1.76,290
2026-06-14T20:00,23.4,80,0.00,910.6,93,1.88,220
2026-06-14T21:00,23.4,80,0.00,911.0,97,2.11,239
2026-06-14T22:00,23.0,83,0.00,911.4,98,2.84,256
2026-06-14T23:00,21.9,89,0.00,910.9,73,3.23,257
2026-06-15T00:00,21.2,92,0.00,910.3,70,3.01,259
2026-06-15T01:00,20.7,93,0.00,909.5,96,2.97,263
2026-06-15T02:00,20.5,94,0.00,909.2,96,2.91,274
2026-06-15T03:00,20.5,94,0.00,909.1,80,2.77,276
2026-06-15T04:00,20.3,95,0.00,909.5,100,2.59,280
2026-06-15T05:00,20.9,93,0.00,909.9,100,2.74,285
2026-06-15T06:00,21.4,91,0.00,910.4,100,3.07,292
2026-06-15T07:00,22.4,85,0.00,911.2,61,4.04,301
2026-06-15T08:00,24.2,73,0.00,911.8,54,4.36,311
2026-06-15T09:00,26.0,64,0.00,912.2,26,4.60,315
2026-06-15T10:00,27.3,58,0.00,912.4,13,3.96,313
2026-06-15T11:00,28.0,57,0.00,912.3,13,3.83,310
2026-06-15T12:00,28.7,53,0.00,911.6,33,3.62,311
2026-06-15T13:00,29.5,45,0.00,911.0,37,3.52,305
2026-06-15T14:00,29.4,41,0.00,910.3,45,4.10,308
2026-06-15T15:00,29.7,40,0.00,909.7,36,3.61,312
2026-06-15T16:00,29.8,37,0.00,909.4,41,3.44,310
2026-06-15T17:00,29.3,41,0.00,909.1,15,2.83,302
2026-06-15T18:00,27.2,50,0.00,909.0,19,2.39,307
2026-06-15T19:00,25.8,54,0.00,909.5,27,2.91,311
2026-06-15T20:00,24.9,59,0.00,910.0,41,2.02,312
2026-06-15T21:00,24.4,62,0.00,910.8,91,2.66,286
2026-06-15T22:00,23.4,70,0.00,911.0,23,2.21,298
2026-06-15T23:00,23.2,75,0.00,910.9,25,2.55,298
2026-06-16T00:00,22.6,79,0.00,910.3,23,2.08,297
2026-06-16T01:00,22.1,82,0.00,910.0,20,2.01,284
2026-06-16T02:00,21.5,86,0.00,909.6,14,2.21,283
2026-06-16T03:00,21.2,89,0.00,909.7,13,2.39,290
2026-06-16T04:00,20.8,93,0.00,909.6,14,2.40,272
2026-06-16T05:00,20.9,93,0.00,909.9,3,2.35,266
2026-06-16T06:00,20.9,94,0.00,910.4,1,2.35,266
2026-06-16T07:00,22.3,85,0.00,911.4,7,2.77,283
2026-06-16T08:00,24.0,76,0.00,912.0,16,2.77,287
2026-06-16T09:00,25.9,66,0.00,912.5,24,2.96,289
2026-06-16T10:00,27.7,58,0.00,912.5,39,3.19,302
2026-06-16T11:00,28.6,51,0.00,912.3,26,3.71,313
2026-06-16T12:00,28.5,52,0.30,911.8,45,3.41,325
2026-06-16T13:00,29.2,49,0.10,911.0,69,2.65,328
2026-06-16T14:00,30.3,45,0.00,910.4,97,3.01,316
2026-06-16T15:00,30.3,45,0.00,909.7,61,2.55,318
2026-06-16T16:00,30.1,44,0.00,909.3,64,2.69,318
2026-06-16T17:00,29.3,45,0.00,909.3,67,2.40,329
2026-06-16T18:00,27.5,56,0.00,909.3,85,1.86,333
2026-06-16T19:00,26.3,61,0.00,909.9,98,1.80,347
2026-06-16T20:00,26.2,64,0.00,910.7,98,0.81,47
2026-06-16T21:00,26.0,64,0.00,911.3,98,0.52,17
2026-06-16T22:00,25.2,66,0.00,911.2,99,1.25,272
2026-06-16T23:00,24.5,71,0.00,910.9,99,1.85,273
2026-06-17T00:00,23.6,76,0.00,910.4,93,1.50,268
2026-06-17T01:00,23.2,79,0.00,910.0,89,1.30,268
2026-06-17T02:00,23.0,80,0.00,909.9,80,1.55,272
2026-06-17T03:00,22.5,82,0.00,909.9,37,1.40,270
2026-06-17T04:00,21.9,85,0.00,910.2,27,1.85,270
2026-06-17T05:00,21.7,89,0.00,910.5,2,1.87,254
2026-06-17T06:00,21.7,90,0.00,910.9,85,1.82,262
2026-06-17T07:00,23.2,85,0.00,912.0,100,2.73,294
2026-06-17T08:00,24.7,77,0.00,912.5,92,3.52,300
2026-06-17T09:00,26.3,70,0.00,912.9,44,3.34,292
2026-06-17T10:00,28.0,62,0.00,913.0,45,3.25,293
2026-06-17T11:00,28.5,57,0.00,912.7,98,3.00,298
2026-06-17T12:00,29.3,52,0.10,912.0,71,3.04,303
2026-06-17T13:00,29.8,48,0.00,911.3,51,2.83,314
2026-06-17T14:00,30.4,44,0.00,910.3,53,2.65,316
2026-06-17T15:00,30.4,44,0.10,909.6,48,2.55,318
2026-06-17T16:00,30.1,44,0.20,909.3,33,2.46,322
2026-06-17T17:00,29.9,44,0.20,908.9,23,2.66,326
2026-06-17T18:00,28.4,53,0.00,909.1,46,1.35,329
2026-06-17T19:00,27.2,57,0.00,910.0,38,1.63,333
2026-06-17T20:00,26.0,62,0.10,910.7,84,1.19,208
2026-06-17T21:00,22.5,88,0.90,911.1,92,3.51,216
2026-06-17T22:00,22.4,93,0.10,911.3,95,2.91,241
2026-06-17T23:00,22.9,89,0.00,911.1,99,2.80,235
2026-06-18T00:00,22.6,91,0.00,910.9,99,2.79,237
2026-06-18T01:00,22.3,91,0.00,910.5,97,2.75,237
2026-06-18T02:00,22.0,91,0.00,910.0,92,2.75,241
2026-06-18T03:00,21.6,92,0.00,910.3,100,2.75,237
2026-06-18T04:00,21.6,92,0.00,910.5,100,2.68,237
2026-06-18T05:00,21.8,91,0.00,910.3,99,2.50,258
2026-06-18T06:00,21.9,91,0.10,911.1,94,2.20,269
2026-06-18T07:00,22.3,87,0.40,911.6,96,2.38,278
2026-06-18T08:00,22.2,89,2.30,912.3,100,3.17,286
2026-06-18T09:00,22.7,87,1.00,912.5,94,3.16,301
2026-06-18T10:00,24.1,77,0.10,912.9,100,3.72,306
2026-06-18T11:00,24.6,72,0.00,912.6,99,2.98,284
2026-06-18T12:00,25.7,67,0.00,912.3,99,2.71,275
2026-06-18T13:00,27.4,59,0.00,911.6,100,2.94,288
2026-06-18T14:00,27.7,57,0.00,910.5,100,2.88,290
2026-06-18T15:00,27.6,56,0.00,909.4,88,2.97,277
2026-06-18T16:00,26.2,63,0.40,909.1,99,2.57,294
2026-06-18T17:00,26.2,62,1.70,909.7,93,2.59,295
2026-06-18T18:00,25.3,66,0.00,909.6,94,2.70,267
2026-06-18T19:00,24.3,71,0.00,910.0,99,2.17,251
2026-06-18T20:00,24.1,73,0.00,910.4,87,2.04,242
2026-06-18T21:00,22.9,83,0.00,911.2,90,2.73,208
2026-06-18T22:00,21.9,91,0.00,911.3,100,2.36,212
2026-06-18T23:00,22.2,90,0.00,911.2,97,2.45,221
2026-06-19T00:00,22.1,87,0.00,910.7,98,2.39,237
2026-06-19T01:00,21.8,86,0.00,910.3,100,2.82,245
2026-06-19T02:00,21.8,86,0.00,909.9,100,2.64,251
2026-06-19T03:00,21.5,89,0.00,909.9,98,2.55,244
2026-06-19T04:00,21.3,90,0.00,909.9,73,2.45,253
2026-06-19T05:00,21.4,95,0.00,910.1,99,2.49,260
2026-06-19T06:00,21.3,93,0.00,910.6,100,2.65,271
2026-06-19T07:00,21.9,87,0.00,911.2,100,2.57,278
2026-06-19T08:00,23.1,79,0.00,911.8,98,2.80,297
2026-06-19T09:00,25.1,67,0.00,912.4,99,2.66,298
2026-06-19T10:00,26.5,58,0.00,912.5,100,2.89,288
2026-06-19T11:00,26.5,59,0.00,912.5,99,2.56,274
2026-06-19T12:00,27.9,55,0.00,912.3,96,2.45,282
2026-06-19T13:00,28.4,55,0.00,911.6,99,1.83,296
2026-06-19T14:00,28.1,56,0.00,910.7,100,1.97,294
2026-06-19T15:00,27.7,57,0.30,910.1,100,1.80,270
2026-06-19T16:00,27.1,59,0.10,909.8,96,1.46,322
2026-06-19T17:00,27.5,57,0.00,909.7,96,1.75,283
2026-06-19T18:00,26.4,63,0.00,910.2,98,1.39,244
2026-06-19T19:00,23.3,77,0.20,910.6,100,0.80,274
2026-06-19T20:00,21.5,95,2.40,911.2,78,1.14,165
2026-06-19T21:00,21.6,92,0.40,911.7,78,2.14,233
2026-06-19T22:00,21.5,91,0.00,912.1,77,2.05,225
2026-06-19T23:00,22.8,88,0.00,911.9,94,2.06,219
2026-06-20T00:00,22.2,91,0.00,911.5,98,1.98,214
2026-06-20T01:00,21.8,93,0.00,910.7,98,2.07,217
2026-06-20T02:00,21.6,93,0.00,910.3,93,1.56,222
2026-06-20T03:00,21.3,94,0.00,909.5,90,2.10,252
2026-06-20T04:00,21.2,93,0.00,909.3,91,1.60,274
2026-06-20T05:00,21.1,96,0.00,909.6,96,2.00,248
2026-06-20T06:00,21.1,97,0.00,910.2,100,2.21,237
2026-06-20T07:00,22.2,90,0.00,911.3,95,2.47,252
2026-06-20T08:00,23.7,82,0.00,911.9,95,2.23,250
2026-06-20T09:00,25.7,73,0.00,912.7,68,2.29,250
2026-06-20T10:00,27.3,65,0.00,912.9,85,2.06,247
2026-06-20T11:00,27.9,63,0.00,912.8,99,1.85,251
2026-06-20T12:00,27.7,63,0.10,912.1,100,1.86,276
2026-06-20T13:00,26.9,67,0.90,911.6,99,1.92,321
2026-06-20T14:00,27.5,61,0.20,911.0,100,2.41,304
2026-06-20T15:00,24.4,77,1.00,910.5,99,1.63,349
2026-06-20T16:00,25.4,73,0.30,910.5,100,0.71,352
2026-06-20T17:00,25.7,66,0.00,910.7,100,0.94,295
2026-06-20T18:00,25.1,72,0.00,910.7,99,0.66,261
2026-06-20T19:00,24.6,76,0.00,911.1,100,0.11,333
2026-06-20T20:00,24.6,76,0.00,911.8,99,0.22,117
2026-06-20T21:00,24.5,74,0.00,912.2,87,0.61,189
2026-06-20T22:00,23.9,76,0.00,912.3,97,1.48,213
2026-06-20T23:00,23.0,83,0.00,912.3,100,3.13,214
2026-06-21T00:00,21.6,90,0.00,911.7,100,2.93,226
2026-06-21T01:00,21.3,93,0.10,911.0,98,3.09,241
2026-06-21T02:00,20.9,95,0.00,910.5,98,2.68,237
2026-06-21T03:00,20.7,96,0.00,910.2,99,2.28,241
2026-06-21T04:00,20.5,95,0.00,910.0,92,1.78,218
2026-06-21T05:00,21.0,94,0.00,910.4,86,2.32,233
2026-06-21T06:00,21.1,93,0.00,910.9,100,2.53,232
2026-06-21T07:00,22.1,88,0.00,911.3,100,1.90,240
2026-06-21T08:00,23.8,81,0.00,911.8,100,1.74,243
2026-06-21T09:00,25.6,73,0.00,912.1,99,1.43,241
2026-06-21T10:00,27.3,65,0.00,912.2,99,2.44,235
2026-06-21T11:00,26.0,62,0.00,911.6,99,2.30,228
2026-06-21T12:00,27.9,59,0.10,912.1,100,2.08,235
2026-06-21T13:00,28.4,58,0.00,911.3,100,1.56,225
2026-06-21T14:00,28.6,58,0.00,910.4,100,1.57,202
2026-06-21T15:00,27.6,59,0.00,909.5,100,2.09,201
2026-06-21T16:00,27.5,59,0.00,909.5,98,1.98,223
2026-06-21T17:00,27.8,55,0.00,909.8,93,2.37,224
2026-06-21T18:00,26.9,59,0.00,910.5,98,3.41,230
2026-06-21T19:00,25.4,70,0.00,910.8,100,2.17,241
2026-06-21T20:00,24.3,76,0.70,911.8,100,1.10,137
2026-06-21T21:00,22.3,90,0.60,912.0,100,1.93,111
2026-06-21T22:00,22.2,90,0.30,911.7,99,0.95,198
2026-06-21T23:00,23.2,85,0.00,911.6,99,3.19,230
2026-06-22T00:00,22.4,89,0.00,910.9,99,3.11,222
2026-06-22T01:00,22.0,90,0.00,910.4,97,3.08,224
2026-06-22T02:00,21.5,92,0.00,909.9,84,2.69,223
2026-06-22T03:00,21.1,93,0.00,909.7,98,3.04,225
2026-06-22T04:00,20.9,93,0.00,910.0,95,3.24,236
2026-06-22T05:00,21.0,96,0.00,910.4,88,2.71,240
2026-06-22T06:00,20.9,95,0.00,911.0,73,2.58,238
2026-06-22T07:00,22.1,88,0.00,911.6,83,3.12,254
2026-06-22T08:00,23.7,78,0.00,912.1,96,3.08,257
2026-06-22T09:00,24.9,72,0.00,912.4,98,3.09,247
2026-06-22T10:00,26.3,66,0.00,912.5,94,3.44,249
2026-06-22T11:00,27.5,57,0.00,912.1,79,3.49,262
2026-06-22T12:00,28.3,55,0.10,911.8,84,3.16,265
2026-06-22T13:00,29.3,52,0.00,911.3,85,2.80,259
2026-06-22T14:00,29.4,53,0.00,910.1,88,2.59,251
2026-06-22T15:00,28.1,55,0.20,909.3,95,3.70,240
2026-06-22T16:00,26.1,68,0.90,909.3,95,3.51,229
2026-06-22T17:00,24.9,72,0.70,909.8,93,4.10,252
2026-06-22T18:00,23.9,79,0.00,910.6,98,3.90,247
2026-06-22T19:00,22.9,87,0.10,910.7,94,3.33,242
2026-06-22T20:00,22.5,87,0.00,911.7,93,3.47,245
2026-06-22T21:00,22.2,91,0.10,912.2,95,3.62,244
2026-06-22T22:00,21.8,93,0.00,912.4,98,3.72,241
2026-06-22T23:00,21.8,93,0.00,911.7,96,3.52,240
2026-06-23T00:00,21.4,95,0.20,911.3,80,3.95,238
2026-06-23T01:00,20.9,97,0.10,910.3,89,3.40,256
2026-06-23T02:00,20.8,97,0.00,910.1,99,3.31,266
2026-06-23T03:00,20.7,97,0.00,910.0,98,3.47,258
2026-06-23T04:00,20.6,96,0.10,910.0,100,3.23,257
2026-06-23T05:00,20.8,91,0.00,909.8,69,3.83,253
2026-06-23T06:00,20.9,89,0.00,910.3,98,4.06,256
2026-06-23T07:00,21.9,83,0.00,911.0,98,4.77,257
2026-06-23T08:00,23.1,76,0.00,911.1,97,4.95,252
2026-06-23T09:00,25.3,65,0.00,911.5,98,5.81,255
2026-06-23T10:00,26.7,59,0.00,911.8,98,5.81,259
2026-06-23T11:00,27.2,56,0.00,911.8,100,5.62,265
2026-06-23T12:00,27.4,55,0.00,911.5,97,5.40,271
2026-06-23T13:00,28.0,54,0.00,910.9,91,5.21,273
2026-06-23T14:00,28.4,53,0.10,910.2,53,5.06,273
2026-06-23T15:00,28.3,52,0.00,909.5,59,4.80,268
2026-06-23T16:00,27.7,53,0.00,909.1,98,4.91,266
2026-06-23T17:00,26.7,55,0.20,909.7,100,4.92,280
2026-06-23T18:00,26.0,58,0.00,910.1,99,4.20,270
2026-06-23T19:00,24.9,63,0.00,910.8,100,4.43,263
2026-06-23T20:00,23.7,69,0.00,911.4,98,4.18,255
2026-06-23T21:00,22.9,73,0.00,911.6,99,3.94,252
2026-06-23T22:00,22.4,76,0.00,911.7,96,4.35,257
2026-06-23T23:00,22.3,75,0.00,911.6,93,4.57,265
2026-06-24T00:00,22.0,70,0.00,910.8,100,4.56,266
2026-06-24T01:00,21.8,73,0.00,910.1,99,3.97,259
2026-06-24T02:00,21.2,78,0.00,909.6,100,3.67,250
2026-06-24T03:00,21.1,79,0.00,909.6,100,3.75,249
2026-06-24T04:00,20.9,83,0.00,909.8,100,3.91,257
2026-06-24T05:00,20.9,86,0.00,909.4,91,3.12,248
2026-06-24T06:00,20.5,89,0.00,909.7,100,3.38,236
2026-06-24T07:00,21.2,88,0.00,910.5,100,3.27,231
2026-06-24T08:00,22.4,82,0.00,911.1,100,3.90,247
2026-06-24T09:00,24.2,70,0.00,911.3,100,4.23,259
2026-06-24T10:00,25.1,66,0.00,911.5,100,4.35,257
2026-06-24T11:00,26.0,62,0.00,911.6,87,4.73,263
2026-06-24T12:00,28.1,56,0.00,911.3,44,4.41,257
2026-06-24T13:00,29.6,50,0.00,910.6,91,4.90,258
2026-06-24T14:00,29.3,49,0.00,910.2,70,5.22,261
2026-06-24T15:00,27.2,55,0.80,909.7,96,6.18,258
2026-06-24T16:00,24.3,74,0.70,909.2,92,3.36,275
2026-06-24T17:00,27.1,56,0.00,909.4,52,4.35,251
2026-06-24T18:00,26.5,56,0.10,909.5,27,4.43,259
2026-06-24T19:00,25.2,60,0.00,909.7,13,4.60,253
2026-06-24T20:00,24.0,64,0.00,910.2,46,4.12,256
2026-06-24T21:00,23.0,71,0.00,910.6,2,3.97,256
2026-06-24T22:00,22.3,76,0.00,910.9,60,3.74,262
2026-06-24T23:00,22.2,79,0.00,910.6,75,3.38,257
2026-06-25T00:00,21.5,83,0.00,910.2,17,2.96,248
2026-06-25T01:00,21.0,89,0.00,909.6,7,3.07,246
2026-06-25T02:00,20.6,92,0.00,909.2,20,3.07,251
2026-06-25T03:00,20.5,93,0.00,909.4,32,2.90,249
2026-06-25T04:00,20.4,94,0.00,909.5,22,3.02,246
2026-06-25T05:00,20.8,89,0.00,909.5,23,2.86,245
2026-06-25T06:00,20.7,89,0.00,909.9,20,3.25,239
2026-06-25T07:00,22.2,82,0.00,911.0,63,3.91,243
2026-06-25T08:00,24.1,70,0.10,911.7,100,4.56,255
2026-06-25T09:00,25.5,63,0.10,911.8,25,4.77,265
2026-06-25T10:00,27.4,54,0.30,911.8,34,5.60,271
2026-06-25T11:00,28.6,50,0.20,911.5,41,5.06,273
2026-06-25T12:00,29.5,49,0.10,911.0,86,4.52,276
2026-06-25T13:00,30.0,48,0.10,910.4,98,4.41,273
2026-06-25T14:00,30.1,47,0.00,909.4,100,4.25,272
2026-06-25T15:00,23.7,82,2.10,909.0,90,3.90,260
2026-06-25T16:00,25.0,75,0.70,908.9,84,3.59,262
2026-06-25T17:00,26.2,66,0.20,908.9,56,4.25,261
2026-06-25T18:00,25.1,74,0.00,909.1,71,3.38,243
2026-06-25T19:00,24.4,80,0.00,909.4,77,2.77,244
2026-06-25T20:00,24.3,74,0.00,910.2,85,2.80,259
2026-06-25T21:00,23.7,77,0.00,910.5,98,3.13,243
2026-06-25T22:00,23.1,79,0.00,911.1,99,3.67,250
2026-06-25T23:00,22.0,86,0.00,911.0,94,3.27,251
2026-06-26T00:00,21.5,87,0.00,910.2,68,3.29,250
2026-06-26T01:00,20.8,91,0.00,909.4,73,3.19,253
2026-06-26T02:00,20.5,92,0.00,909.0,94,2.87,257
2026-06-26T03:00,20.3,93,0.00,909.1,98,2.68,261
2026-06-26T04:00,20.2,93,0.00,909.1,81,2.54,260
2026-06-26T05:00,21.2,89,0.00,909.7,99,2.87,276
2026-06-26T06:00,21.0,91,0.00,909.9,99,2.75,273
2026-06-26T07:00,22.1,86,0.00,910.7,98,3.51,273
2026-06-26T08:00,23.5,77,0.00,911.2,99,3.95,271
2026-06-26T09:00,25.0,68,0.00,911.7,99,4.36,273
2026-06-26T10:00,26.0,63,0.20,911.9,91,4.40,271
2026-06-26T11:00,27.0,57,0.40,911.8,66,4.38,281
2026-06-26T12:00,28.3,51,0.20,911.2,52,4.35,285
2026-06-26T13:00,28.9,48,0.50,910.5,37,4.48,290
2026-06-26T14:00,29.1,47,1.10,909.3,52,4.67,286
2026-06-26T15:00,29.0,49,0.60,908.6,86,4.57,288
2026-06-26T16:00,28.7,49,0.80,908.1,98,4.71,282
2026-06-26T17:00,26.5,63,0.10,908.7,30,3.51,253
2026-06-26T18:00,25.2,73,0.00,908.8,91,2.51,241
2026-06-26T19:00,24.4,76,0.00,909.4,52,2.91,243
2026-06-26T20:00,23.9,76,0.00,910.3,48,2.85,255
2026-06-26T21:00,23.2,79,0.00,911.0,49,2.67,247
2026-06-26T22:00,22.7,82,0.00,911.2,36,2.85,248
2026-06-26T23:00,22.8,82,0.00,910.7,37,3.32,249
2026-06-27T00:00,22.2,84,0.00,910.3,54,3.49,251
2026-06-27T01:00,21.6,88,0.00,909.7,98,3.52,255
2026-06-27T02:00,21.5,89,0.00,909.0,96,3.36,259
2026-06-27T03:00,21.3,89,0.00,908.6,59,3.55,260
2026-06-27T04:00,20.9,90,0.00,908.6,88,3.30,256
2026-06-27T05:00,20.6,94,0.00,908.9,98,2.53,255
2026-06-27T06:00,20.7,94,0.00,909.3,98,2.75,251
2026-06-27T07:00,22.2,86,0.00,910.2,98,3.83,263
2026-06-27T08:00,23.9,74,0.00,910.5,98,4.19,278
2026-06-27T09:00,25.8,65,0.00,911.2,95,3.97,281
2026-06-27T10:00,27.0,60,0.00,911.1,98,3.61,284
2026-06-27T11:00,28.0,55,0.10,911.0,100,3.36,285
2026-06-27T12:00,29.0,49,0.10,910.4,84,3.32,286
2026-06-27T13:00,29.8,48,0.10,910.0,92,3.17,282
2026-06-27T14:00,29.6,49,0.00,908.6,81,3.11,276
2026-06-27T15:00,29.7,50,0.00,907.8,84,2.90,281
2026-06-27T16:00,28.9,52,0.00,907.4,63,2.72,263
2026-06-27T17:00,27.8,57,0.40,907.6,86,3.30,231
2026-06-27T18:00,26.5,64,0.10,908.4,37,2.95,259
2026-06-27T19:00,25.2,71,0.00,909.1,59,2.58,285
2026-06-27T20:00,24.2,76,0.10,909.7,78,3.45,271
2026-06-27T21:00,22.2,90,1.50,909.8,88,3.43,251
2026-06-27T22:00,21.9,94,2.50,910.2,98,3.27,247
2026-06-27T23:00,23.0,88,0.40,910.2,90,3.05,238
2026-06-28T00:00,22.2,87,0.00,909.5,73,2.76,238
2026-06-28T01:00,21.6,87,0.00,908.7,36,2.75,243
2026-06-28T02:00,21.3,87,0.00,908.2,58,2.89,247
2026-06-28T03:00,21.0,88,0.00,908.2,72,2.84,246
2026-06-28T04:00,20.7,89,0.00,908.0,73,2.78,247
2026-06-28T05:00,20.9,95,0.00,908.1,94,2.43,233
2026-06-28T06:00,20.9,95,0.00,908.2,91,2.32,233
2026-06-28T07:00,21.8,89,0.00,909.2,95,2.80,229
2026-06-28T08:00,23.1,81,0.00,909.8,91,3.28,232
2026-06-28T09:00,25.3,68,0.00,910.5,93,4.33,236
2026-06-28T10:00,26.6,63,0.00,910.5,90,4.33,239
2026-06-28T11:00,27.2,64,0.10,910.3,45,3.86,236
2026-06-28T12:00,28.7,59,0.00,909.8,100,4.25,233
2026-06-28T13:00,28.9,58,0.00,908.8,100,4.11,233
2026-06-28T14:00,28.2,59,0.00,907.6,100,4.56,232
2026-06-28T15:00,23.0,87,2.40,907.3,94,5.54,220
2026-06-28T16:00,24.2,85,0.40,907.4,94,4.46,223
2026-06-28T17:00,24.6,84,0.20,907.6,76,4.09,237
2026-06-28T18:00,24.3,77,0.10,907.8,66,4.91,255
2026-06-28T19:00,23.9,76,0.00,908.2,76,5.19,263
2026-06-28T20:00,23.2,79,0.00,908.8,73,5.01,267
2026-06-28T21:00,22.6,83,0.00,909.4,95,4.65,262
2026-06-28T22:00,22.2,87,0.00,909.6,92,4.25,261
2026-06-28T23:00,22.0,82,0.00,910.1,31,3.63,258
2026-06-29T00:00,21.2,85,0.00,909.3,10,3.08,263
2026-06-29T01:00,20.8,87,0.00,908.9,47,3.05,260
2026-06-29T02:00,20.5,90,0.00,908.4,83,3.17,258
2026-06-29T03:00,20.6,91,0.00,908.4,75,3.02,258
2026-06-29T04:00,20.2,93,0.00,908.3,68,2.56,253
2026-06-29T05:00,20.3,92,0.00,908.4,37,2.33,255
2026-06-29T06:00,20.3,93,0.00,908.8,35,2.71,242
2026-06-29T07:00,21.3,88,0.00,909.5,99,3.40,244
2026-06-29T08:00,22.8,80,0.10,909.9,86,4.04,248
2026-06-29T09:00,24.6,69,0.10,910.2,100,4.73,257
2026-06-29T10:00,25.6,66,0.00,910.5,100,4.59,259
2026-06-29T11:00,27.4,57,0.00,910.8,96,5.56,267
2026-06-29T12:00,27.9,55,0.00,910.6,96,5.14,263
2026-06-29T13:00,27.9,55,0.00,909.9,100,4.66,261
2026-06-29T14:00,28.1,57,0.00,909.0,81,4.62,248
2026-06-29T15:00,25.9,68,0.60,908.3,56,4.10,246
2026-06-29T16:00,23.7,81,1.80,907.9,40,5.09,256
2026-06-29T17:00,23.9,86,0.50,908.3,33,3.36,240
2026-06-29T18:00,21.6,93,2.30,909.2,93,4.23,241
2026-06-29T19:00,21.7,92,1.50,909.5,70,4.50,247
2026-06-29T20:00,21.2,95,0.90,910.1,48,5.03,253
2026-06-29T21:00,20.8,97,0.50,910.7,53,4.22,248
2026-06-29T22:00,20.9,97,0.10,910.9,63,4.30,252
2026-06-29T23:00,21.4,95,0.00,910.7,49,4.80,262
2026-06-30T00:00,21.0,94,0.10,910.1,65,5.43,260
2026-06-30T01:00,20.6,93,0.00,909.4,84,5.32,261
2026-06-30T02:00,20.3,91,0.00,909.1,98,4.88,264
2026-06-30T03:00,20.1,90,0.00,908.9,90,4.81,267
2026-06-30T04:00,20.1,91,0.00,908.7,98,4.57,264
2026-06-30T05:00,20.2,88,0.00,908.8,87,4.12,260
2026-06-30T06:00,20.3,87,0.00,909.3,100,4.31,261
2026-06-30T07:00,21.5,83,0.00,910.1,98,4.15,257
2026-06-30T08:00,23.2,75,0.00,910.6,100,5.69,263
2026-06-30T09:00,24.2,71,0.00,910.8,100,5.56,262
2026-06-30T10:00,25.5,65,0.00,911.4,100,5.68,264
2026-06-30T11:00,26.4,60,0.10,911.4,100,6.51,267
2026-06-30T12:00,27.8,53,0.00,911.2,99,6.45,269
2026-06-30T13:00,28.3,54,0.00,910.6,100,5.96,266
2026-06-30T14:00,29.2,52,0.00,909.7,97,6.05,271
2026-06-30T15:00,28.7,54,0.20,909.1,93,5.21,273
2026-06-30T16:00,24.7,77,0.80,908.7,95,4.33,263
2026-06-30T17:00,25.0,73,0.20,909.1,88,3.22,264
2026-06-30T18:00,24.8,74,0.00,909.5,91,3.47,264
2026-06-30T19:00,24.5,68,0.00,909.8,97,4.68,254
2026-06-30T20:00,23.6,73,0.00,910.5,91,4.56,257
2026-06-30T21:00,22.9,77,0.00,911.0,100,4.69,263
2026-06-30T22:00,22.6,79,0.00,911.3,100,4.28,259
2026-06-30T23:00,22.3,79,0.00,911.0,100,4.14,250
2026-07-01T00:00,21.7,83,0.00,910.5,100,3.96,244
2026-07-01T01:00,21.3,85,0.00,909.8,99,4.30,245
2026-07-01T02:00,20.8,88,0.00,909.4,100,4.07,242
2026-07-01T03:00,20.5,89,0.00,909.2,100,4.05,241
2026-07-01T04:00,20.5,89,0.00,908.8,99,4.21,242
2026-07-01T05:00,21.2,88,0.00,909.1,100,4.49,244
2026-07-01T06:00,21.3,86,0.00,909.6,100,4.07,245
2026-07-01T07:00,21.6,84,0.00,910.0,100,4.70,245
2026-07-01T08:00,22.1,81,0.00,910.2,100,5.30,245
2026-07-01T09:00,23.2,76,0.00,910.4,100,5.92,248
2026-07-01T10:00,24.1,73,0.10,910.5,100,5.85,250
2026-07-01T11:00,24.4,70,0.10,910.5,100,6.54,249
2026-07-01T12:00,24.1,71,0.20,910.4,100,6.04,254
2026-07-01T13:00,24.6,70,0.40,909.7,100,5.42,261
2026-07-01T14:00,25.7,63,0.10,909.2,100,5.66,261
2026-07-01T15:00,25.6,64,0.00,908.7,94,6.26,262
2026-07-01T16:00,25.8,61,0.00,908.5,98,6.26,262
2026-07-01T17:00,25.1,66,0.00,908.6,100,5.81,255
2026-07-01T18:00,23.3,74,0.00,909.0,100,5.33,253
2026-07-01T19:00,22.2,83,0.10,909.4,98,5.19,251
2026-07-01T20:00,21.9,85,0.00,909.8,88,4.60,251
2026-07-01T21:00,21.8,85,0.00,910.4,100,4.09,248
2026-07-01T22:00,21.6,86,0.10,910.8,96,4.32,243
2026-07-01T23:00,21.8,83,0.00,910.5,100,4.48,237
2026-07-02T00:00,21.3,86,0.00,910.3,100,4.20,235
2026-07-02T01:00,21.2,88,0.00,909.8,100,4.22,236
2026-07-02T02:00,21.0,91,0.00,909.0,100,4.25,238
2026-07-02T03:00,20.8,93,0.00,908.7,100,4.52,242
2026-07-02T04:00,20.8,93,0.00,908.7,100,4.19,241
2026-07-02T05:00,20.9,94,0.00,908.4,100,4.28,240
2026-07-02T06:00,20.9,93,0.10,909.2,98,4.06,240
2026-07-02T07:00,21.7,88,0.10,909.7,100,4.45,241
2026-07-02T08:00,23.0,80,0.10,910.0,100,5.31,246
2026-07-02T09:00,24.6,71,0.10,910.6,100,5.74,255
2026-07-02T10:00,27.0,58,0.10,910.6,93,5.97,261
2026-07-02T11:00,27.8,58,0.00,910.6,100,5.88,256
2026-07-02T12:00,28.5,55,0.10,910.6,96,5.88,258
2026-07-02T13:00,28.9,54,0.00,910.1,100,6.07,261
2026-07-02T14:00,27.0,59,0.30,909.1,84,6.68,264
2026-07-02T15:00,27.7,57,0.10,908.7,83,5.57,261
2026-07-02T16:00,27.3,58,0.10,908.6,95,6.50,256
2026-07-02T17:00,26.4,62,0.00,909.0,98,5.26,256
2026-07-02T18:00,25.0,70,0.00,909.4,99,4.85,245
2026-07-02T19:00,23.9,78,0.00,909.7,100,4.30,250
2026-07-02T20:00,23.7,79,0.10,910.5,100,4.49,258
2026-07-02T21:00,23.1,81,0.00,910.9,99,4.83,260
2026-07-02T22:00,22.7,82,0.00,911.3,95,4.75,262
2026-07-02T23:00,21.9,82,0.00,911.0,100,4.29,253
2026-07-03T00:00,21.7,83,0.00,910.4,99,4.21,252
2026-07-03T01:00,21.5,85,0.00,909.7,100,3.91,249
2026-07-03T02:00,21.4,87,0.00,909.6,100,3.96,249
2026-07-03T03:00,21.4,87,0.00,909.1,100,3.73,252
2026-07-03T04:00,21.4,88,0.00,909.2,100,3.51,250
2026-07-03T05:00,21.4,88,0.00,909.5,95,3.34,246
2026-07-03T06:00,21.2,90,0.00,909.8,100,3.49,241
2026-07-03T07:00,22.0,86,0.00,910.3,100,3.67,244
2026-07-03T08:00,22.9,82,0.10,910.4,100,4.84,252
2026-07-03T09:00,25.2,68,0.20,910.8,100,5.88,258
2026-07-03T10:00,26.2,63,0.40,910.9,100,6.27,261
2026-07-03T11:00,27.7,54,0.50,911.1,100,7.20,260
2026-07-03T12:00,27.5,54,0.40,911.1,100,7.00,258
2026-07-03T13:00,27.4,54,0.10,910.7,100,6.87,262
2026-07-03T14:00,27.1,56,0.00,910.0,100,6.68,261
2026-07-03T15:00,25.5,64,0.20,909.5,99,6.69,264
2026-07-03T16:00,24.5,73,0.50,909.0,99,5.93,261
2026-07-03T17:00,24.0,80,0.10,909.2,98,3.06,259
2026-07-03T18:00,24.4,75,0.00,909.2,64,3.94,244
2026-07-03T19:00,23.9,72,0.20,909.8,63,5.30,259
2026-07-03T20:00,23.3,77,0.00,910.4,97,4.99,254
2026-07-03T21:00,23.0,79,0.10,910.9,100,5.42,256
2026-07-03T22:00,22.6,82,0.00,911.1,100,4.65,253
2026-07-03T23:00,22.8,79,0.10,910.6,100,4.78,252
2026-07-04T00:00,22.0,85,0.20,909.9,100,4.59,254
2026-07-04T01:00,21.6,89,0.20,909.5,100,4.78,257
2026-07-04T02:00,21.2,92,0.30,909.0,100,5.35,259
2026-07-04T03:00,21.0,94,0.50,908.4,100,5.78,261
2026-07-04T04:00,21.0,94,0.10,908.6,100,5.82,256
2026-07-04T05:00,21.0,91,0.10,908.9,100,5.19,251
2026-07-04T06:00,20.7,91,0.40,909.1,100,5.35,256
2026-07-04T07:00,20.9,92,0.40,909.5,100,5.39,251
2026-07-04T08:00,21.5,89,0.40,909.9,98,5.51,249
2026-07-04T09:00,22.2,84,0.40,910.1,98,5.84,250
2026-07-04T10:00,23.9,74,0.30,910.2,100,6.46,255
2026-07-04T11:00,24.8,70,0.10,909.9,100,6.63,252
2026-07-04T12:00,26.0,63,0.20,909.7,100,7.29,257
2026-07-04T13:00,26.7,56,0.10,909.1,99,7.28,259
2026-07-04T14:00,27.6,53,0.10,908.6,94,7.60,259
2026-07-04T15:00,27.2,53,0.00,907.8,94,7.19,259
2026-07-04T16:00,27.0,54,0.00,907.8,91,7.76,260
2026-07-04T17:00,26.0,58,0.10,907.9,100,6.56,257
2026-07-04T18:00,24.6,65,0.00,908.4,97,6.20,256
2026-07-04T19:00,23.6,71,0.00,908.7,100,5.68,256
2026-07-04T20:00,22.9,76,0.00,909.2,100,5.55,251
2026-07-04T21:00,22.5,80,0.00,909.6,97,5.20,250
2026-07-04T22:00,21.9,84,0.00,909.4,99,5.48,249
2026-07-04T23:00,21.7,86,0.00,909.0,100,5.07,248
2026-07-05T00:00,21.6,87,0.00,908.9,99,4.87,249
2026-07-05T01:00,21.4,89,0.10,908.5,100,5.12,248
2026-07-05T02:00,21.3,89,0.10,907.8,100,5.57,244
2026-07-05T03:00,21.1,88,0.00,907.8,100,5.35,240
2026-07-05T04:00,21.1,87,0.00,908.0,100,5.26,242
2026-07-05T05:00,21.6,87,0.00,907.9,100,5.21,243
2026-07-05T06:00,21.6,87,0.00,908.3,100,5.06,240
2026-07-05T07:00,22.0,87,0.10,909.0,100,4.43,238
2026-07-05T08:00,22.6,83,0.00,909.4,99,5.68,244
2026-07-05T09:00,24.6,69,0.10,909.8,98,6.74,249
2026-07-05T10:00,26.2,60,0.00,910.0,94,7.56,252
2026-07-05T11:00,26.7,55,0.10,910.0,95,7.54,255
2026-07-05T12:00,27.8,50,0.30,909.9,77,7.98,255
2026-07-05T13:00,27.8,52,0.30,909.3,80,8.22,255
2026-07-05T14:00,28.6,47,0.10,908.5,68,8.31,256
2026-07-05T15:00,28.6,46,0.00,908.3,80,7.78,253
2026-07-05T16:00,27.9,46,0.00,908.1,95,7.60,255
2026-07-05T17:00,26.3,50,0.00,908.3,96,6.50,253
2026-07-05T18:00,25.3,55,0.00,908.7,98,6.57,255
2026-07-05T19:00,23.8,63,0.00,908.6,99,6.36,252
2026-07-05T20:00,22.8,69,0.00,908.9,98,5.76,251
2026-07-05T21:00,22.1,73,0.00,909.3,98,5.39,245
2026-07-05T22:00,21.5,77,0.00,909.5,97,5.17,247
2026-07-05T23:00,21.5,77,0.00,909.0,95,5.45,240
2026-07-06T00:00,21.1,79,0.00,908.4,98,5.40,241
2026-07-06T01:00,20.9,82,0.00,907.9,100,5.28,242
2026-07-06T02:00,20.9,82,0.00,907.7,100,5.34,243
2026-07-06T03:00,20.9,83,0.00,907.8,100,5.51,239
2026-07-06T04:00,20.7,85,0.00,907.7,99,5.28,237
2026-07-06T05:00,21.3,85,0.00,907.9,100,5.28,237
2026-07-06T06:00,21.3,85,0.00,908.2,100,5.13,237
2026-07-06T07:00,21.9,81,0.00,909.1,98,5.88,238
2026-07-06T08:00,23.7,71,0.00,909.7,100,6.93,243
2026-07-06T09:00,25.2,64,0.10,910.0,100,7.16,243
2026-07-06T10:00,26.1,61,0.10,910.5,100,7.43,246
2026-07-06T11:00,27.5,54,0.10,910.3,87,7.85,245
2026-07-06T12:00,28.5,50,0.10,909.7,55,7.77,247
2026-07-06T13:00,28.8,48,0.30,909.3,74,7.98,247
2026-07-06T14:00,29.1,49,0.00,908.7,97,7.67,252
2026-07-06T15:00,28.7,49,0.20,908.4,72,8.24,250
2026-07-06T16:00,28.1,51,0.10,908.3,80,7.56,251
2026-07-06T17:00,27.6,52,0.10,908.4,98,6.67,251
2026-07-06T18:00,25.9,60,0.00,908.7,92,6.13,248
2026-07-06T19:00,24.6,66,0.00,909.2,99,5.30,241
2026-07-06T20:00,23.6,73,0.00,909.9,98,5.28,242
2026-07-06T21:00,22.8,79,0.00,910.1,97,5.23,244
2026-07-06T22:00,22.2,83,0.00,910.0,99,5.06,247
2026-07-06T23:00,22.1,85,0.00,909.5,99,4.92,242
2026-07-07T00:00,21.8,87,0.00,909.0,100,5.01,245
2026-07-07T01:00,21.6,89,0.10,908.5,100,5.46,244
2026-07-07T02:00,21.4,89,0.10,908.1,100,5.32,242
2026-07-07T03:00,21.2,88,0.00,908.1,99,5.30,244
2026-07-07T04:00,21.1,88,0.00,908.4,100,5.30,244
2026-07-07T05:00,21.7,87,0.00,908.2,99,5.43,243
2026-07-07T06:00,21.8,86,0.00,909.2,100,5.66,243
2026-07-07T07:00,22.7,81,0.00,910.0,100,5.79,243
2026-07-07T08:00,24.1,73,0.10,910.7,99,7.09,245
2026-07-07T09:00,24.6,69,0.10,911.0,100,7.51,248
2026-07-07T10:00,25.6,66,0.00,910.8,100,7.28,247
2026-07-07T11:00,26.0,64,0.10,910.8,99,7.18,246
2026-07-07T12:00,27.4,57,0.10,910.8,93,7.62,247
2026-07-07T13:00,28.3,53,0.10,910.2,98,7.48,252
2026-07-07T14:00,28.6,49,0.10,909.5,95,7.72,252
2026-07-07T15:00,27.8,53,0.10,909.1,99,7.81,255
2026-07-07T16:00,27.2,53,0.00,908.9,97,8.00,264
2026-07-07T17:00,26.9,56,0.00,908.9,94,7.15,258
2026-07-07T18:00,25.1,63,0.00,909.3,34,6.78,255
2026-07-07T19:00,23.9,68,0.00,909.8,60,6.37,253
2026-07-07T20:00,23.2,73,0.00,910.1,69,5.74,253
2026-07-07T21:00,22.6,77,0.00,910.7,26,5.60,257
2026-07-07T22:00,22.1,80,0.00,910.9,19,5.46,256
2026-07-07T23:00,22.0,80,0.00,910.3,66,5.11,247
2026-07-08T00:00,21.7,82,0.00,909.5,61,5.21,249
2026-07-08T01:00,21.6,84,0.00,909.0,94,5.19,245
2026-07-08T02:00,21.5,84,0.00,908.9,74,5.46,245
2026-07-08T03:00,21.3,85,0.00,908.7,98,5.52,249
2026-07-08T04:00,21.1,86,0.00,908.6,94,5.62,249
2026-07-08T05:00,21.5,87,0.00,908.6,98,5.28,244
2026-07-08T06:00,21.5,88,0.00,909.1,86,5.53,246
2026-07-08T07:00,22.5,84,0.00,909.8,75,4.50,246
2026-07-08T08:00,24.3,73,0.10,910.3,95,6.56,252
2026-07-08T09:00,25.6,67,0.10,910.6,85,6.79,253
2026-07-08T10:00,26.6,62,0.10,910.8,97,7.08,257
2026-07-08T11:00,26.0,64,0.10,910.5,100,6.04,258
2026-07-08T12:00,26.6,60,0.00,910.2,99,6.09,260
2026-07-08T13:00,28.2,53,0.00,909.7,88,5.86,266
2026-07-08T14:00,28.6,53,0.00,909.0,87,6.26,266
2026-07-08T15:00,24.9,75,1.40,908.7,73,4.20,248
2026-07-08T16:00,25.7,74,0.20,908.7,83,4.60,271
2026-07-08T17:00,25.3,74,0.30,908.9,43,3.54,251
2026-07-08T18:00,25.0,71,0.00,909.3,100,4.09,245
2026-07-08T19:00,24.6,70,0.00,910.0,100,4.71,258
2026-07-08T20:00,24.0,72,0.00,910.1,91,4.46,254
2026-07-08T21:00,22.8,76,0.00,910.3,80,4.61,249
2026-07-08T22:00,22.1,83,0.00,910.4,100,4.65,253
2026-07-08T23:00,22.4,87,0.00,910.1,100,3.97,249
2026-07-09T00:00,22.2,89,0.00,909.7,99,4.03,253
2026-07-09T01:00,22.0,90,0.00,909.3,93,3.77,248
2026-07-09T02:00,21.8,90,0.00,909.2,59,4.06,251
2026-07-09T03:00,21.5,90,0.00,909.0,98,4.34,262
2026-07-09T04:00,21.2,91,0.00,909.3,95,4.07,264
2026-07-09T05:00,21.9,90,0.00,909.5,95,3.59,257
2026-07-09T06:00,21.9,90,0.00,909.9,53,3.38,251
2026-07-09T07:00,22.7,86,0.10,911.0,57,3.97,253
2026-07-09T08:00,24.4,74,0.00,911.7,77,4.68,260
2026-07-09T09:00,25.9,66,0.10,911.9,99,5.32,261
2026-07-09T10:00,26.1,65,0.10,912.3,100,5.49,260
2026-07-09T11:00,25.7,67,0.00,911.9,100,4.72,260
2026-07-09T12:00,26.2,62,0.00,911.5,100,4.54,262
2026-07-09T13:00,28.1,54,0.00,911.0,100,4.70,261
2026-07-09T14:00,27.8,58,0.00,910.2,98,4.21,260
2026-07-09T15:00,28.8,54,0.00,909.7,63,4.20,255
2026-07-09T16:00,29.6,51,0.00,909.4,92,4.38,256
2026-07-09T17:00,27.3,57,0.40,909.7,98,4.20,261
2026-07-09T18:00,26.1,64,0.10,910.1,93,4.10,248
2026-07-09T19:00,24.9,70,0.00,910.7,93,3.24,241
2026-07-09T20:00,24.4,73,0.00,911.4,93,3.29,257
2026-07-09T21:00,23.9,76,0.00,912.1,94,3.95,261
2026-07-09T22:00,23.0,80,0.00,912.1,93,3.43,262
2026-07-09T23:00,23.1,81,0.00,911.7,99,3.02,254
2026-07-10T00:00,22.5,83,0.00,911.2,100,3.21,252
2026-07-10T01:00,22.1,86,0.00,910.4,98,3.36,247
2026-07-10T02:00,21.9,88,0.00,909.9,100,3.52,247
2026-07-10T03:00,21.7,89,0.00,909.8,95,3.54,251
2026-07-10T04:00,21.4,89,0.00,910.2,99,3.56,253
2026-07-10T05:00,21.4,91,0.00,910.5,99,3.14,256
2026-07-10T06:00,21.5,90,0.00,911.0,99,3.44,257
2026-07-10T07:00,22.4,85,0.00,912.2,90,4.10,261
2026-07-10T08:00,24.1,74,0.20,913.0,80,4.42,264
2026-07-10T09:00,26.2,63,0.10,913.3,90,4.66,266
2026-07-10T10:00,27.7,55,0.20,913.1,98,4.62,265
2026-07-10T11:00,28.0,53,0.40,913.2,100,4.41,275
2026-07-10T12:00,28.3,52,0.10,912.6,99,3.83,277
2026-07-10T13:00,28.9,50,0.10,911.8,98,3.69,283
2026-07-10T14:00,29.9,47,0.10,911.3,84,3.36,281
2026-07-10T15:00,26.9,60,0.70,910.6,88,4.77,237
2026-07-10T16:00,24.8,75,0.70,910.9,95,4.45,245
2026-07-10T17:00,26.3,65,0.40,911.2,92,3.15,243
2026-07-10T18:00,24.7,69,0.10,911.9,86,3.64,257
2026-07-10T19:00,23.6,78,0.20,912.3,77,3.25,256
2026-07-10T20:00,22.7,83,0.00,912.8,85,2.83,253
2026-07-10T21:00,22.1,86,0.00,912.9,70,2.83,249
2026-07-10T22:00,21.9,88,0.00,912.8,72,2.98,247
2026-07-10T23:00,22.2,90,0.00,912.7,41,3.33,242
2026-07-11T00:00,21.8,90,0.00,911.9,80,3.70,251
2026-07-11T01:00,21.4,90,0.00,910.8,98,3.66,256
2026-07-11T02:00,21.0,91,0.00,910.0,99,3.46,259
2026-07-11T03:00,20.7,92,0.00,909.8,80,3.71,267
2026-07-11T04:00,20.4,94,0.00,909.9,92,3.65,269
2026-07-11T05:00,20.5,94,0.00,910.0,77,3.52,264
2026-07-11T06:00,20.4,93,0.00,910.7,94,3.28,262
2026-07-11T07:00,21.7,85,0.00,911.6,90,3.85,268
2026-07-11T08:00,23.5,74,0.00,912.2,100,4.20,269
2026-07-11T09:00,25.6,62,0.00,912.7,89,4.55,269
2026-07-11T10:00,27.0,56,0.00,912.9,100,4.55,267
2026-07-11T11:00,28.5,47,0.00,912.9,97,4.71,274
2026-07-11T12:00,28.9,45,0.00,912.6,98,4.55,278
2026-07-11T13:00,30.5,39,0.00,911.7,100,4.73,286
2026-07-11T14:00,30.4,39,0.00,910.7,100,4.92,289
2026-07-11T15:00,30.7,38,0.00,910.0,100,4.59,286
2026-07-11T16:00,30.8,37,0.00,909.5,92,4.42,292
2026-07-11T17:00,29.9,43,0.00,909.6,71,4.73,290
2026-07-11T18:00,28.4,49,0.00,909.9,96,3.38,294
2026-07-11T19:00,27.2,56,0.00,910.5,34,3.78,296
2026-07-11T20:00,26.0,63,0.00,911.0,34,3.26,281
2026-07-11T21:00,24.8,70,0.00,911.6,33,2.85,267
2026-07-11T22:00,23.9,76,0.00,911.7,83,2.51,265
2026-07-11T23:00,23.4,83,0.00,911.6,67,2.65,272
2026-07-12T00:00,22.7,87,0.00,910.9,95,2.65,267
2026-07-12T01:00,22.0,90,0.00,909.9,98,2.76,266
2026-07-12T02:00,21.7,91,0.00,909.1,100,2.91,265
2026-07-12T03:00,21.1,94,0.00,908.9,99,2.84,261
2026-07-12T04:00,20.6,95,0.00,908.6,98,2.75,260
2026-07-12T05:00,20.9,93,0.00,908.6,95,2.95,255
2026-07-12T06:00,20.7,95,0.00,908.9,100,3.05,260
2026-07-12T07:00,22.0,85,0.00,909.7,100,3.97,265
2026-07-12T08:00,23.3,75,0.00,910.2,91,4.06,266
2026-07-12T09:00,26.0,61,0.00,910.9,87,4.35,270
2026-07-12T10:00,27.5,56,0.00,911.0,96,4.21,267
2026-07-12T11:00,29.2,48,0.00,910.9,95,4.55,273
2026-07-12T12:00,30.3,45,0.00,910.3,99,4.50,271
2026-07-12T13:00,31.5,42,0.00,909.7,99,4.67,275
2026-07-12T14:00,31.8,41,0.00,908.7,99,4.83,280
2026-07-12T15:00,31.7,41,0.00,908.6,100,4.58,284
2026-07-12T16:00,31.5,41,0.00,908.3,95,4.38,284
2026-07-12T17:00,30.3,43,0.00,908.6,97,4.51,266
2026-07-12T18:00,28.0,52,0.00,908.5,91,3.76,237
2026-07-12T19:00,26.3,60,0.00,909.1,98,3.94,243
2026-07-12T20:00,25.3,65,0.00,910.1,55,4.76,266
2026-07-12T21:00,24.2,70,0.00,910.5,100,4.09,278
2026-07-12T22:00,23.2,76,0.00,910.5,84,3.46,273
2026-07-12T23:00,22.9,79,0.00,910.2,76,3.49,261
2026-07-13T00:00,22.1,84,0.00,909.9,91,3.56,267
2026-07-13T01:00,21.5,88,0.00,909.3,94,3.65,270
2026-07-13T02:00,21.0,90,0.00,908.5,80,3.51,267
2026-07-13T03:00,20.5,92,0.00,908.6,89,3.42,263
2026-07-13T04:00,20.2,93,0.00,908.5,96,3.44,261
2026-07-13T05:00,20.4,93,0.00,908.9,100,3.54,261
2026-07-13T06:00,20.7,90,0.00,909.7,100,3.76,266
2026-07-13T07:00,21.8,83,0.00,910.4,99,4.55,272
2026-07-13T08:00,23.7,71,0.00,911.0,98,4.94,278
2026-07-13T09:00,25.8,60,0.00,911.5,95,5.06,279
2026-07-13T10:00,27.5,54,0.00,911.7,84,4.55,278
2026-07-13T11:00,28.8,48,0.00,912.0,96,4.36,280
2026-07-13T12:00,30.2,42,0.00,911.6,100,4.40,285
2026-07-13T13:00,31.3,38,0.00,911.1,99,4.32,286
2026-07-13T14:00,31.6,38,0.00,910.2,100,4.21,286
2026-07-13T15:00,31.8,38,0.00,909.7,96,4.27,294
2026-07-13T16:00,31.5,38,0.00,909.3,74,4.11,296
2026-07-13T17:00,30.9,39,0.00,909.3,55,4.01,299
2026-07-13T18:00,29.4,44,0.00,909.6,7,3.98,305
2026-07-13T19:00,28.0,49,0.00,910.1,31,3.92,308
2026-07-13T20:00,26.9,53,0.00,910.9,16,3.97,306
2026-07-13T21:00,25.4,60,0.00,911.1,98,3.84,291
2026-07-13T22:00,24.4,66,0.00,911.4,96,3.40,287
2026-07-13T23:00,23.9,70,0.00,910.9,95,3.37,285
2026-07-14T00:00,22.8,76,0.00,910.3,89,3.18,277
2026-07-14T01:00,21.9,82,0.00,909.7,100,2.96,266
2026-07-14T02:00,21.2,89,0.00,909.0,73,3.11,265
2026-07-14T03:00,20.5,94,0.00,908.5,44,3.10,270
2026-07-14T04:00,19.9,96,0.00,908.4,65,2.95,270
2026-07-14T05:00,20.1,93,0.00,909.1,100,2.87,277
2026-07-14T06:00,20.1,91,0.00,909.5,73,2.54,280
2026-07-14T07:00,21.0,84,0.00,910.3,95,3.12,282
2026-07-14T08:00,22.9,73,0.00,911.0,99,3.18,277
2026-07-14T09:00,25.3,60,0.00,911.5,99,3.59,278
2026-07-14T10:00,27.4,50,0.00,911.8,96,3.88,285
2026-07-14T11:00,28.9,47,0.00,911.8,97,3.69,295
2026-07-14T12:00,30.3,41,0.00,911.5,100,3.78,299
2026-07-14T13:00,31.4,37,0.00,911.1,100,3.78,298
2026-07-14T14:00,32.1,34,0.00,910.0,100,4.00,296
2026-07-14T15:00,32.0,34,0.00,909.4,100,4.18,298
2026-07-14T16:00,31.7,35,0.00,909.4,100,4.25,300
2026-07-14T17:00,31.0,33,0.00,909.6,96,3.80,298
2026-07-14T18:00,29.4,37,0.00,909.9,52,3.33,306
2026-07-14T19:00,28.2,40,0.00,910.3,92,2.97,314
2026-07-14T20:00,27.4,42,0.00,910.8,96,3.08,317
2026-07-14T21:00,25.8,48,0.00,911.4,96,2.62,283
2026-07-14T22:00,24.5,55,0.00,911.8,87,2.63,279
2026-07-14T23:00,24.0,61,0.00,910.8,96,2.98,278
2026-07-15T00:00,22.9,72,0.00,910.6,99,2.96,282
2026-07-15T01:00,22.0,78,0.00,910.1,98,2.98,284
2026-07-15T02:00,21.2,81,0.00,909.4,89,2.76,275
2026-07-15T03:00,20.6,86,0.00,909.4,98,2.65,269
2026-07-15T04:00,20.2,93,0.00,909.4,98,2.65,270
2026-07-15T05:00,19.9,96,0.00,909.8,99,2.47,256
2026-07-15T06:00,19.8,94,0.00,910.5,100,2.55,259
2026-07-15T07:00,20.6,87,0.00,911.2,100,3.26,265
2026-07-15T08:00,22.6,72,0.00,911.8,84,3.68,263
2026-07-15T09:00,24.6,63,0.00,912.4,85,3.47,263
2026-07-15T10:00,26.8,53,0.00,912.8,45,3.62,264
2026-07-15T11:00,28.1,44,0.00,912.8,96,3.80,272
2026-07-15T12:00,29.5,39,0.00,912.4,51,3.98,277
2026-07-15T13:00,30.7,35,0.00,911.9,32,4.09,278
2026-07-15T14:00,31.1,33,0.00,910.9,27,4.13,277
2026-07-15T15:00,31.3,32,0.00,910.3,25,4.30,273
2026-07-15T16:00,31.0,33,0.00,910.2,46,4.45,268
2026-07-15T17:00,30.8,34,0.00,910.1,67,4.40,270
2026-07-15T18:00,29.5,37,0.00,910.4,88,3.91,266
2026-07-15T19:00,27.9,43,0.00,910.7,94,3.15,245
2026-07-15T20:00,26.5,51,0.00,911.3,100,3.68,248
2026-07-15T21:00,25.1,62,0.00,911.4,99,3.77,264
2026-07-15T22:00,23.8,71,0.00,911.7,99,3.35,269
2026-07-15T23:00,23.2,73,0.00,911.2,98,3.25,272
