latitude,longitude,elevation,utc_offset_seconds,timezone,timezone_abbreviation
28.646748,77.2748,231.0,19800,Asia/Kolkata,GMT+5:30

time,temperature_2m (°C),relative_humidity_2m (%),rain (mm),surface_pressure (hPa),cloud_cover (%),wind_speed_10m (m/s),wind_direction_10m (°)
2026-04-15T00:00,27.0,30,0.00,980.2,29,1.06,8
2026-04-15T01:00,26.2,31,0.00,979.5,0,1.21,7
2026-04-15T02:00,25.1,33,0.00,978.8,0,1.27,351
2026-04-15T03:00,24.4,35,0.00,978.6,0,1.41,337
2026-04-15T04:00,23.8,36,0.00,978.5,0,1.34,333
2026-04-15T05:00,23.6,44,0.00,978.5,0,1.10,321
2026-04-15T06:00,23.7,43,0.00,979.0,0,1.14,299
2026-04-15T07:00,25.8,37,0.00,979.9,0,1.68,300
2026-04-15T08:00,28.8,30,0.00,980.4,0,1.23,297
2026-04-15T09:00,31.9,24,0.00,980.9,0,1.59,314
2026-04-15T10:00,34.7,18,0.00,980.8,0,2.10,322
2026-04-15T11:00,36.6,13,0.00,980.5,0,3.15,314
2026-04-15T12:00,37.9,12,0.00,980.2,0,3.25,314
2026-04-15T13:00,38.6,10,0.00,979.3,14,3.61,315
2026-04-15T14:00,38.7,10,0.00,978.4,19,3.82,316
2026-04-15T15:00,38.5,9,0.00,977.7,11,3.96,313
2026-04-15T16:00,37.9,10,0.00,977.2,2,3.90,311
2026-04-15T17:00,37.8,10,0.00,976.9,0,3.58,319
2026-04-15T18:00,36.4,12,0.00,977.3,0,2.41,310
2026-04-15T19:00,35.1,13,0.00,977.8,0,2.10,288
2026-04-15T20:00,34.2,14,0.00,978.3,0,1.98,291
2026-04-15T21:00,32.1,16,0.00,978.9,0,1.38,314
2026-04-15T22:00,30.8,19,0.00,979.1,0,1.54,331
2026-04-15T23:00,29.5,23,0.00,979.0,0,1.15,304
2026-04-16T00:00,27.1,28,0.00,979.1,4,0.88,313
2026-04-16T01:00,26.1,31,0.00,978.4,27,1.00,354
2026-04-16T02:00,25.4,36,0.00,978.2,0,0.91,6
2026-04-16T03:00,24.8,38,0.00,978.1,16,1.04,17
2026-04-16T04:00,24.6,38,0.00,978.3,47,0.65,337
2026-04-16T05:00,24.7,50,0.00,978.1,0,0.11,27
2026-04-16T06:00,24.4,46,0.00,979.1,0,0.00,270
2026-04-16T07:00,26.6,40,0.00,979.9,0,0.38,113
2026-04-16T08:00,30.5,29,0.00,981.0,2,0.00,270
2026-04-16T09:00,33.7,21,0.00,981.8,22,0.35,352
2026-04-16T10:00,36.0,16,0.00,982.4,35,0.85,332
2026-04-16T11:00,37.5,14,0.00,981.9,50,1.26,304
2026-04-16T12:00,39.4,11,0.00,981.8,84,2.16,312
2026-04-16T13:00,39.9,10,0.00,981.1,20,2.93,323
2026-04-16T14:00,39.8,11,0.00,980.0,15,3.15,324
2026-04-16T15:00,40.1,10,0.00,979.2,97,3.32,307
2026-04-16T16:00,39.2,11,0.00,978.6,100,4.35,304
2026-04-16T17:00,38.8,11,0.00,977.7,100,2.93,352
2026-04-16T18:00,36.8,16,0.00,978.3,100,2.05,360
2026-04-16T19:00,34.5,23,0.00,979.1,98,1.39,60
2026-04-16T20:00,33.3,23,0.00,980.2,80,2.02,136
2026-04-16T21:00,31.9,26,0.00,980.9,96,0.87,103
2026-04-16T22:00,30.8,29,0.00,980.9,100,0.81,150
2026-04-16T23:00,30.7,29,0.00,980.9,98,1.17,149
2026-04-17T00:00,29.4,31,0.00,980.6,99,1.37,147
2026-04-17T01:00,28.4,32,0.00,980.3,100,1.12,159
2026-04-17T02:00,28.4,32,0.00,980.1,99,0.86,170
2026-04-17T03:00,28.1,31,0.00,980.0,86,1.25,196
2026-04-17T04:00,27.0,34,0.00,980.3,99,0.69,300
2026-04-17T05:00,27.1,33,0.00,979.9,95,1.51,172
2026-04-17T06:00,28.2,31,0.00,981.1,100,2.00,179
2026-04-17T07:00,30.0,28,0.00,981.8,100,2.56,184
2026-04-17T08:00,32.7,23,0.00,983.1,100,0.71,188
2026-04-17T09:00,34.9,20,0.00,983.8,100,1.63,153
2026-04-17T10:00,37.1,16,0.00,984.1,100,1.79,162
2026-04-17T11:00,37.9,17,0.00,984.0,100,2.07,75
2026-04-17T12:00,38.2,17,0.00,983.5,100,1.77,98
2026-04-17T13:00,39.0,15,0.00,982.4,85,2.23,130
2026-04-17T14:00,40.4,12,0.00,981.3,58,2.31,162
2026-04-17T15:00,40.5,11,0.00,980.7,94,3.86,223
2026-04-17T16:00,38.5,15,0.00,980.6,55,3.41,292
2026-04-17T17:00,33.6,29,0.00,980.9,32,3.22,26
2026-04-17T18:00,31.9,31,0.00,981.1,52,3.15,44
2026-04-17T19:00,30.8,31,0.00,981.2,27,2.05,43
2026-04-17T20:00,29.9,33,0.00,981.9,79,1.87,352
2026-04-17T21:00,29.4,33,0.00,982.0,13,1.62,34
2026-04-17T22:00,28.6,35,0.00,981.4,2,1.01,81
2026-04-17T23:00,27.8,41,0.00,981.4,0,1.14,105
2026-04-18T00:00,27.0,42,0.00,980.8,4,0.81,112
2026-04-18T01:00,26.5,43,0.00,980.5,65,1.07,37
2026-04-18T02:00,26.1,43,0.00,980.0,98,0.92,331
2026-04-18T03:00,25.7,43,0.00,980.2,86,1.11,234
2026-04-18T04:00,25.0,45,0.00,980.1,48,1.05,295
2026-04-18T05:00,25.1,55,0.00,980.5,59,1.74,333
2026-04-18T06:00,24.6,57,0.00,981.2,31,1.81,309
2026-04-18T07:00,26.4,51,0.00,981.9,36,1.57,301
2026-04-18T08:00,29.6,41,0.00,982.5,3,1.26,304
2026-04-18T09:00,32.8,32,0.00,982.9,30,1.49,310
2026-04-18T10:00,35.4,25,0.00,983.0,47,1.74,311
2026-04-18T11:00,36.9,22,0.00,982.7,16,2.04,306
2026-04-18T12:00,39.0,17,0.00,982.4,0,2.53,295
2026-04-18T13:00,40.0,14,0.00,981.7,0,2.73,296
2026-04-18T14:00,40.6,13,0.00,980.7,2,2.71,293
2026-04-18T15:00,40.5,11,0.00,979.9,2,3.10,271
2026-04-18T16:00,39.9,12,0.00,979.3,9,3.25,270
2026-04-18T17:00,39.5,11,0.00,978.8,2,2.50,282
2026-04-18T18:00,37.9,13,0.00,978.7,80,1.70,332
2026-04-18T19:00,35.8,18,0.00,979.2,99,1.69,341
2026-04-18T20:00,34.6,19,0.00,979.6,96,1.57,333
2026-04-18T21:00,33.3,21,0.00,980.1,100,1.22,325
2026-04-18T22:00,32.6,21,0.00,979.9,6,1.21,277
2026-04-18T23:00,32.4,25,0.00,980.0,85,0.32,252
2026-04-19T00:00,30.6,27,0.00,979.8,100,0.36,254
2026-04-19T01:00,29.5,28,0.00,979.2,9,0.65,293
2026-04-19T02:00,28.6,29,0.00,978.6,49,1.30,298
2026-04-19T03:00,28.0,30,0.00,978.6,96,1.48,303
2026-04-19T04:00,27.0,33,0.00,978.3,100,1.23,302
2026-04-19T05:00,26.1,43,0.00,978.3,98,1.17,310
2026-04-19T06:00,26.7,42,0.00,979.0,100,1.52,287
2026-04-19T07:00,28.4,38,0.00,979.5,100,1.27,281
2026-04-19T08:00,31.5,32,0.00,980.2,68,0.79,288
2026-04-19T09:00,35.0,25,0.00,981.1,42,1.43,282
2026-04-19T10:00,37.3,21,0.00,981.3,83,1.63,297
2026-04-19T11:00,39.2,14,0.00,981.1,84,2.59,320
2026-04-19T12:00,40.0,13,0.00,980.6,73,3.01,316
2026-04-19T13:00,40.5,11,0.00,980.6,100,4.24,282
2026-04-19T14:00,39.6,11,0.00,979.3,88,3.45,269
2026-04-19T15:00,40.3,11,0.00,978.5,97,2.78,284
2026-04-19T16:00,39.3,11,0.00,978.1,98,4.14,295
2026-04-19T17:00,38.8,11,0.00,977.9,10,4.00,271
2026-04-19T18:00,37.8,11,0.00,978.2,19,2.71,295
2026-04-19T19:00,36.2,13,0.00,978.5,2,1.31,288
2026-04-19T20:00,34.3,17,0.00,978.7,0,1.07,307
2026-04-19T21:00,33.8,16,0.00,979.3,0,1.99,321
2026-04-19T22:00,31.5,19,0.00,979.4,0,2.54,350
2026-04-19T23:00,30.2,26,0.00,979.5,0,2.45,360
2026-04-20T00:00,29.4,27,0.00,978.9,0,2.43,351
2026-04-20T01:00,28.6,29,0.00,978.5,0,2.19,336
2026-04-20T02:00,28.0,30,0.00,978.2,0,1.96,328
2026-04-20T03:00,27.4,32,0.00,978.3,0,1.85,322
2026-04-20T04:00,26.8,34,0.00,978.4,0,1.71,322
2026-04-20T05:00,26.6,42,0.00,978.3,0,2.43,328
2026-04-20T06:00,26.7,42,0.00,979.1,0,2.67,322
2026-04-20T07:00,28.0,40,0.00,979.9,0,1.78,302
2026-04-20T08:00,30.4,35,0.00,980.8,0,1.61,306
2026-04-20T09:00,33.5,28,0.00,981.4,0,1.67,311
2026-04-20T10:00,36.4,19,0.00,981.6,0,2.53,308
2026-04-20T11:00,38.2,15,0.00,981.0,12,2.87,301
2026-04-20T12:00,39.2,13,0.00,980.4,14,3.16,301
2026-04-20T13:00,39.7,11,0.00,979.7,52,3.87,294
2026-04-20T14:00,39.4,11,0.00,978.7,20,4.21,288
2026-04-20T15:00,39.4,10,0.00,978.0,20,4.14,288
2026-04-20T16:00,38.8,11,0.00,977.6,2,3.94,290
2026-04-20T17:00,38.1,12,0.00,977.5,3,4.45,303
2026-04-20T18:00,36.9,13,0.00,978.0,0,3.76,300
2026-04-20T19:00,35.4,14,0.00,978.6,0,3.47,295
2026-04-20T20:00,33.9,14,0.00,979.3,0,2.71,286
2026-04-20T21:00,32.5,15,0.00,979.5,0,2.35,282
2026-04-20T22:00,31.5,16,0.00,979.6,8,2.39,281
2026-04-20T23:00,31.1,15,0.00,979.6,94,2.74,301
2026-04-21T00:00,30.1,15,0.00,979.2,14,2.73,311
2026-04-21T01:00,29.0,16,0.00,979.2,0,2.15,306
2026-04-21T02:00,28.2,17,0.00,978.7,0,1.86,297
2026-04-21T03:00,27.4,18,0.00,978.7,0,1.81,312
2026-04-21T04:00,26.6,20,0.00,978.4,0,1.51,304
2026-04-21T05:00,27.1,24,0.00,978.3,0,1.90,330
2026-04-21T06:00,26.7,26,0.00,978.5,0,1.20,287
2026-04-21T07:00,28.3,24,0.00,979.6,0,1.85,251
2026-04-21T08:00,30.7,21,0.00,980.4,0,2.01,276
2026-04-21T09:00,33.4,19,0.00,980.9,0,2.19,281
2026-04-21T10:00,35.8,16,0.00,981.1,0,2.89,293
2026-04-21T11:00,37.6,13,0.00,980.5,0,4.37,294
2026-04-21T12:00,38.6,12,0.00,980.0,0,4.91,292
2026-04-21T13:00,39.0,12,0.00,979.2,0,5.01,287
2026-04-21T14:00,39.0,12,0.00,978.2,0,4.95,284
2026-04-21T15:00,38.7,13,0.00,977.6,0,4.90,284
2026-04-21T16:00,38.4,14,0.00,977.5,0,4.67,276
2026-04-21T17:00,38.0,13,0.00,977.0,2,3.80,269
2026-04-21T18:00,36.9,15,0.00,977.0,36,2.74,279
2026-04-21T19:00,35.2,17,0.00,977.5,2,1.90,305
2026-04-21T20:00,34.1,18,0.00,978.0,0,1.97,294
2026-04-21T21:00,33.3,20,0.00,978.5,0,2.10,288
2026-04-21T22:00,32.5,21,0.00,978.5,0,1.70,298
2026-04-21T23:00,31.4,24,0.00,978.9,2,2.55,349
2026-04-22T00:00,29.5,28,0.00,978.3,52,1.24,317
2026-04-22T01:00,28.5,30,0.00,978.0,20,1.21,322
2026-04-22T02:00,27.9,30,0.00,977.7,100,1.31,320
2026-04-22T03:00,27.7,30,0.00,977.5,98,1.27,312
2026-04-22T04:00,27.4,30,0.00,977.6,91,1.35,285
2026-04-22T05:00,27.1,32,0.00,977.7,0,1.85,267
2026-04-22T06:00,26.9,33,0.00,978.4,0,1.85,267
2026-04-22T07:00,28.3,32,0.00,979.4,0,2.01,266
2026-04-22T08:00,30.6,28,0.00,980.3,0,2.39,259
2026-04-22T09:00,33.8,21,0.00,980.7,0,2.75,271
2026-04-22T10:00,36.4,17,0.00,980.8,0,3.05,280
2026-04-22T11:00,38.2,14,0.00,980.5,0,3.69,283
2026-04-22T12:00,39.6,12,0.00,979.9,0,4.22,287
2026-04-22T13:00,40.2,11,0.00,979.1,0,4.40,289
2026-04-22T14:00,40.6,11,0.00,978.1,0,4.30,293
2026-04-22T15:00,40.6,10,0.00,977.5,0,4.16,297
2026-04-22T16:00,40.0,11,0.00,976.9,0,4.10,304
2026-04-22T17:00,39.4,12,0.00,976.4,0,4.26,324
2026-04-22T18:00,38.2,13,0.00,976.7,0,2.98,331
2026-04-22T19:00,36.5,15,0.00,977.0,0,2.11,306
2026-04-22T20:00,35.3,16,0.00,977.4,0,1.92,298
2026-04-22T21:00,33.7,18,0.00,977.8,0,1.80,316
2026-04-22T22:00,32.1,21,0.00,978.0,0,1.32,299
2026-04-22T23:00,31.8,23,0.00,978.2,0,1.37,260
2026-04-23T00:00,30.1,25,0.00,978.6,0,1.27,296
2026-04-23T01:00,29.7,25,0.00,978.4,0,1.65,273
2026-04-23T02:00,28.9,27,0.00,978.4,0,1.69,251
2026-04-23T03:00,28.4,28,0.00,978.5,0,2.15,248
2026-04-23T04:00,28.2,27,0.00,978.7,0,2.73,262
2026-04-23T05:00,29.0,24,0.00,979.0,0,3.13,250
2026-04-23T06:00,29.0,20,0.00,979.8,0,3.35,250
2026-04-23T07:00,30.0,18,0.00,980.6,0,2.96,251
2026-04-23T08:00,31.9,16,0.00,981.4,0,3.00,259
2026-04-23T09:00,34.4,15,0.00,981.8,0,2.95,270
2026-04-23T10:00,36.9,13,0.00,981.8,0,2.95,273
2026-04-23T11:00,38.9,12,0.00,981.3,0,3.31,266
2026-04-23T12:00,40.5,11,0.00,980.7,0,3.31,259
2026-04-23T13:00,41.2,11,0.00,979.7,0,2.60,267
2026-04-23T14:00,41.4,11,0.00,978.7,0,2.26,283
2026-04-23T15:00,41.3,11,0.00,977.8,0,2.26,298
2026-04-23T16:00,40.7,11,0.00,977.1,0,2.64,307
2026-04-23T17:00,39.8,12,0.00,976.6,0,2.66,286
2026-04-23T18:00,39.0,13,0.00,977.0,0,2.40,266
2026-04-23T19:00,37.7,15,0.00,977.6,0,2.41,275
2026-04-23T20:00,36.3,17,0.00,978.1,0,1.55,274
2026-04-23T21:00,34.6,19,0.00,978.4,0,2.34,222
2026-04-23T22:00,33.5,21,0.00,978.3,0,2.09,237
2026-04-23T23:00,32.5,26,0.00,978.5,0,1.36,264
2026-04-24T00:00,30.7,28,0.00,978.4,0,1.08,347
2026-04-24T01:00,29.9,35,0.00,977.9,0,0.39,230
2026-04-24T02:00,29.4,30,0.00,977.7,0,1.42,260
2026-04-24T03:00,29.5,29,0.00,977.9,0,1.60,266
2026-04-24T04:00,29.3,29,0.00,978.1,0,2.15,245
2026-04-24T05:00,28.5,35,0.00,977.8,0,1.45,243
2026-04-24T06:00,29.0,31,0.00,978.7,0,1.41,253
2026-04-24T07:00,30.4,29,0.00,979.8,0,1.32,279
2026-04-24T08:00,32.6,26,0.00,980.2,0,1.46,254
2026-04-24T09:00,35.5,22,0.00,980.8,0,1.60,274
2026-04-24T10:00,38.1,18,0.00,980.7,2,1.32,279
2026-04-24T11:00,40.0,15,0.00,980.0,0,1.20,270
2026-04-24T12:00,41.7,13,0.00,979.6,20,1.88,299
2026-04-24T13:00,42.2,12,0.00,978.9,30,2.41,326
2026-04-24T14:00,41.9,13,0.00,977.8,63,2.17,331
2026-04-24T15:00,42.0,13,0.00,977.0,75,2.21,332
2026-04-24T16:00,41.6,13,0.00,976.6,66,2.32,323
2026-04-24T17:00,41.1,11,0.00,975.9,97,2.20,359
2026-04-24T18:00,39.5,14,0.00,976.8,57,1.20,5
2026-04-24T19:00,37.4,33,0.00,977.5,0,0.07,315
2026-04-24T20:00,36.3,25,0.00,978.2,2,0.32,198
2026-04-24T21:00,35.0,23,0.00,979.0,0,1.09,286
2026-04-24T22:00,33.4,23,0.00,979.5,0,1.24,320
2026-04-24T23:00,33.1,28,0.00,979.4,0,1.96,6
2026-04-25T00:00,32.3,30,0.00,979.4,0,1.93,350
2026-04-25T01:00,31.4,31,0.00,979.2,0,1.73,327
2026-04-25T02:00,30.8,29,0.00,979.4,0,1.69,304
2026-04-25T03:00,30.1,28,0.00,979.4,19,1.49,312
2026-04-25T04:00,29.6,29,0.00,979.5,0,1.42,309
2026-04-25T05:00,28.9,43,0.00,979.3,0,0.97,348
2026-04-25T06:00,29.7,36,0.00,980.2,0,1.18,324
2026-04-25T07:00,31.4,33,0.00,981.3,0,2.10,273
2026-04-25T08:00,33.4,29,0.00,981.9,0,2.21,288
2026-04-25T09:00,36.2,24,0.00,982.2,0,1.95,299
2026-04-25T10:00,39.1,19,0.00,982.0,0,2.30,312
2026-04-25T11:00,40.9,14,0.00,981.8,30,2.97,324
2026-04-25T12:00,41.8,13,0.00,981.2,30,3.30,325
2026-04-25T13:00,42.1,12,0.00,980.2,66,3.90,324
2026-04-25T14:00,42.2,13,0.00,979.2,92,3.98,305
2026-04-25T15:00,42.1,12,0.00,978.6,88,4.37,309
2026-04-25T16:00,41.3,13,0.00,978.5,100,4.90,321
2026-04-25T17:00,41.4,12,0.00,977.3,99,4.60,318
2026-04-25T18:00,40.0,13,0.00,977.8,28,3.64,314
2026-04-25T19:00,38.2,15,0.00,978.5,90,2.48,295
2026-04-25T20:00,37.0,16,0.00,979.1,5,2.62,294
2026-04-25T21:00,35.7,18,0.00,979.7,37,2.11,306
2026-04-25T22:00,34.4,20,0.00,979.7,99,1.82,323
2026-04-25T23:00,33.6,23,0.00,979.9,99,1.81,336
2026-04-26T00:00,32.9,25,0.00,979.4,63,1.81,332
2026-04-26T01:00,32.3,27,0.00,978.9,18,1.79,324
2026-04-26T02:00,31.4,30,0.00,978.4,0,1.48,315
2026-04-26T03:00,31.0,31,0.00,978.3,0,1.77,310
2026-04-26T04:00,30.2,33,0.00,978.5,0,1.84,303
2026-04-26T05:00,29.8,36,0.00,978.3,0,1.75,294
2026-04-26T06:00,30.1,35,0.00,978.9,0,2.11,277
2026-04-26T07:00,31.3,33,0.00,979.7,0,1.91,275
2026-04-26T08:00,33.6,29,0.00,980.4,0,1.76,285
2026-04-26T09:00,36.3,25,0.00,980.7,0,2.10,298
2026-04-26T10:00,38.5,21,0.00,980.5,0,2.88,309
2026-04-26T11:00,40.2,19,0.00,979.6,17,3.34,305
2026-04-26T12:00,41.3,17,0.00,979.1,45,3.95,308
2026-04-26T13:00,41.6,16,0.00,978.2,55,4.09,309
2026-04-26T14:00,41.6,15,0.00,977.0,48,4.30,299
2026-04-26T15:00,41.0,14,0.00,976.3,100,5.36,288
2026-04-26T16:00,39.9,16,0.00,975.7,98,5.15,284
2026-04-26T17:00,40.7,14,0.00,974.7,84,4.73,300
2026-04-26T18:00,39.7,15,0.00,975.0,23,4.29,298
2026-04-26T19:00,38.4,16,0.00,975.4,88,3.51,298
2026-04-26T20:00,37.2,17,0.00,976.0,8,2.84,284
2026-04-26T21:00,35.9,18,0.00,976.3,2,1.99,298
2026-04-26T22:00,34.5,21,0.00,976.3,0,1.51,304
2026-04-26T23:00,33.7,21,0.00,976.1,0,1.96,341
2026-04-27T00:00,31.4,25,0.00,976.0,0,1.33,347
2026-04-27T01:00,30.3,30,0.00,975.8,19,1.03,331
2026-04-27T02:00,29.6,32,0.00,975.6,72,1.00,307
2026-04-27T03:00,29.2,29,0.00,975.7,98,1.24,313
2026-04-27T04:00,28.6,31,0.00,975.6,66,1.20,312
2026-04-27T05:00,29.2,35,0.00,975.8,100,1.31,313
2026-04-27T06:00,30.2,28,0.00,976.2,96,1.35,321
2026-04-27T07:00,31.8,27,0.00,977.0,36,1.43,299
2026-04-27T08:00,34.3,23,0.00,977.4,0,1.32,307
2026-04-27T09:00,36.8,18,0.00,977.7,0,1.66,316
2026-04-27T10:00,38.9,14,0.00,977.6,0,2.05,315
2026-04-27T11:00,39.9,14,0.00,977.1,0,2.42,322
2026-04-27T12:00,41.3,13,0.00,976.5,8,2.71,308
2026-04-27T13:00,42.2,13,0.00,975.5,4,3.10,308
2026-04-27T14:00,42.5,14,0.00,974.3,16,3.94,303
2026-04-27T15:00,42.2,13,0.00,973.3,42,4.80,292
2026-04-27T16:00,41.5,13,0.00,972.9,96,5.30,295
2026-04-27T17:00,41.1,11,0.00,972.3,74,3.81,308
2026-04-27T18:00,40.3,12,0.00,972.7,100,2.24,294
2026-04-27T19:00,38.1,15,0.00,973.3,100,1.40,268
2026-04-27T20:00,38.2,14,0.00,974.2,100,2.80,281
2026-04-27T21:00,34.1,26,0.00,975.8,100,5.51,266
2026-04-27T22:00,33.8,26,0.00,976.1,100,5.02,265
2026-04-27T23:00,33.7,25,0.00,975.5,100,3.75,249
2026-04-28T00:00,32.6,28,0.00,975.1,99,2.16,277
2026-04-28T01:00,31.8,31,0.00,975.3,100,2.02,279
2026-04-28T02:00,31.3,33,0.00,975.4,100,2.65,272
2026-04-28T03:00,30.8,34,0.00,975.7,99,3.41,305
2026-04-28T04:00,30.6,34,0.00,975.9,100,3.23,305
2026-04-28T05:00,29.8,38,0.00,975.3,44,2.06,311
2026-04-28T06:00,30.5,37,0.00,976.6,53,2.45,309
2026-04-28T07:00,31.4,36,0.00,978.3,43,2.29,238
2026-04-28T08:00,33.1,34,0.00,978.7,40,2.76,292
2026-04-28T09:00,34.8,30,0.00,978.6,28,2.33,329
2026-04-28T10:00,36.6,25,0.00,978.6,13,2.28,351
2026-04-28T11:00,36.4,27,0.00,978.1,15,2.75,53
2026-04-28T12:00,37.5,25,0.00,977.7,90,1.85,38
2026-04-28T13:00,36.4,25,0.00,977.4,77,0.86,80
2026-04-28T14:00,37.8,22,0.00,976.6,65,1.00,252
2026-04-28T15:00,36.4,24,0.00,976.2,88,2.19,305
2026-04-28T16:00,36.2,25,0.00,975.4,100,1.76,255
2026-04-28T17:00,35.8,24,0.00,974.3,100,2.69,24
2026-04-28T18:00,34.9,26,0.00,974.7,10,2.02,20
2026-04-28T19:00,33.6,29,0.00,975.0,2,1.35,59
2026-04-28T20:00,32.7,32,0.00,975.5,7,1.48,66
2026-04-28T21:00,32.0,33,0.00,975.6,12,1.95,48
2026-04-28T22:00,31.2,35,0.00,976.0,15,1.70,43
2026-04-28T23:00,30.9,42,0.00,975.4,95,2.45,57
2026-04-29T00:00,30.9,43,0.00,975.3,51,1.20,73
2026-04-29T01:00,29.6,46,0.00,975.7,52,3.54,36
2026-04-29T02:00,29.1,45,0.00,974.6,42,2.55,23
2026-04-29T03:00,28.4,47,0.00,974.7,89,0.75,180
2026-04-29T04:00,27.5,51,0.00,975.2,97,0.96,309
2026-04-29T05:00,27.5,59,0.00,976.7,100,2.59,310
2026-04-29T06:00,27.4,59,0.00,977.5,100,2.15,273
2026-04-29T07:00,28.1,55,0.00,977.0,100,0.83,115
2026-04-29T08:00,29.8,48,0.00,977.5,100,0.72,78
2026-04-29T09:00,30.6,43,0.00,978.0,100,1.11,54
2026-04-29T10:00,32.9,33,0.00,978.2,89,1.68,17
2026-04-29T11:00,33.5,30,0.00,978.5,90,2.16,86
2026-04-29T12:00,35.0,24,0.00,977.7,34,1.92,97
2026-04-29T13:00,36.1,22,0.00,977.0,25,1.38,103
2026-04-29T14:00,36.5,22,0.00,976.0,35,1.55,86
2026-04-29T15:00,36.6,22,0.00,975.2,12,1.57,81
2026-04-29T16:00,36.6,22,0.00,974.5,21,2.10,72
2026-04-29T17:00,34.0,26,0.00,974.7,16,1.13,77
2026-04-29T18:00,33.5,27,0.00,974.7,5,1.90,63
2026-04-29T19:00,32.7,29,0.00,975.0,9,2.50,74
2026-04-29T20:00,31.8,31,0.00,975.2,6,1.85,93
2026-04-29T21:00,30.9,35,0.00,975.5,1,1.40,88
2026-04-29T22:00,30.2,37,0.00,975.7,0,1.06,98
2026-04-29T23:00,30.0,41,0.00,975.4,1,1.05,115
2026-04-30T00:00,28.7,49,0.00,975.2,0,0.81,97
2026-04-30T01:00,28.4,46,0.00,975.1,2,0.90,177
2026-04-30T02:00,28.0,52,0.00,975.2,4,0.34,117
2026-04-30T03:00,27.4,55,0.00,975.6,0,0.32,129
2026-04-30T04:00,26.8,57,0.00,976.2,0,0.76,172
2026-04-30T05:00,27.1,55,0.00,976.1,0,1.17,190
2026-04-30T06:00,28.1,51,0.00,976.9,0,1.60,178
2026-04-30T07:00,29.4,46,0.00,977.9,5,1.75,180
2026-04-30T08:00,31.8,40,0.00,978.1,25,1.51,172
2026-04-30T09:00,34.4,32,0.00,978.4,31,2.35,176
2026-04-30T10:00,35.9,27,0.00,978.3,24,2.15,181
2026-04-30T11:00,36.4,17,0.00,978.4,66,0.97,192
2026-04-30T12:00,37.7,16,0.00,978.3,65,1.03,133
2026-04-30T13:00,34.9,24,0.00,977.9,55,4.09,102
2026-04-30T14:00,34.8,23,0.10,977.1,75,3.24,128
2026-04-30T15:00,35.4,21,0.00,976.9,69,2.46,204
2026-04-30T16:00,36.0,19,0.00,976.3,38,2.43,212
2026-04-30T17:00,31.0,43,0.00,975.2,37,4.05,74
2026-04-30T18:00,29.3,50,0.00,976.0,4,3.52,55
2026-04-30T19:00,28.2,54,0.00,977.5,4,2.71,74
2026-04-30T20:00,27.9,56,0.00,977.7,0,2.94,72
2026-04-30T21:00,27.4,60,0.00,978.2,5,2.39,101
2026-04-30T22:00,26.9,62,0.00,978.3,5,2.48,124
2026-04-30T23:00,24.9,68,0.00,978.3,1,2.17,154
2026-05-01T00:00,24.0,70,0.00,978.2,0,3.00,169
2026-05-01T01:00,23.7,69,0.00,977.9,0,3.21,176
2026-05-01T02:00,23.4,69,0.00,977.5,0,2.81,175
2026-05-01T03:00,22.9,72,0.00,977.5,0,2.22,149
2026-05-01T04:00,22.3,76,0.00,977.5,0,1.54,119
2026-05-01T05:00,22.7,79,0.00,977.6,0,2.51,107
2026-05-01T06:00,22.7,80,0.00,978.5,0,1.83,101
2026-05-01T07:00,23.6,80,0.00,979.5,6,2.00,91
2026-05-01T08:00,25.2,74,0.00,979.8,1,2.29,106
2026-05-01T09:00,27.2,65,0.00,979.9,0,2.72,107
2026-05-01T10:00,29.1,57,0.00,980.0,0,2.57,114
2026-05-01T11:00,30.6,51,0.00,979.5,0,2.48,115
2026-05-01T12:00,32.0,46,0.00,979.0,0,2.04,115
2026-05-01T13:00,33.2,42,0.00,978.0,0,1.50,111
2026-05-01T14:00,33.9,39,0.00,977.0,22,0.68,73
2026-05-01T15:00,34.4,37,0.00,975.8,9,0.81,30
2026-05-01T16:00,34.8,35,0.00,975.0,2,1.26,18
2026-05-01T17:00,32.9,36,0.00,975.3,3,1.63,137
2026-05-01T18:00,32.0,40,0.00,975.4,32,1.07,127
2026-05-01T19:00,30.8,50,0.00,976.0,100,0.81,83
2026-05-01T20:00,30.4,44,0.00,975.8,2,1.85,93
2026-05-01T21:00,29.3,47,0.00,976.8,0,1.61,97
2026-05-01T22:00,28.5,50,0.00,977.2,0,1.41,107
2026-05-01T23:00,28.4,51,0.00,976.9,0,2.18,122
2026-05-02T00:00,27.8,53,0.00,976.6,0,2.04,121
2026-05-02T01:00,27.1,56,0.00,976.2,0,1.71,128
2026-05-02T02:00,26.7,57,0.00,975.9,0,1.65,145
2026-05-02T03:00,26.2,59,0.00,975.7,0,1.49,140
2026-05-02T04:00,25.9,59,0.00,975.4,4,1.42,132
2026-05-02T05:00,25.7,65,0.00,975.8,7,1.90,150
2026-05-02T06:00,26.5,62,0.00,976.8,27,0.90,146
2026-05-02T07:00,28.0,57,0.00,977.7,2,0.78,130
2026-05-02T08:00,30.1,51,0.00,977.8,1,1.27,135
2026-05-02T09:00,32.4,43,0.00,978.0,0,1.72,126
2026-05-02T10:00,34.2,37,0.00,978.0,0,1.46,121
2026-05-02T11:00,35.0,35,0.00,978.0,24,2.09,101
2026-05-02T12:00,34.4,35,0.20,977.9,43,1.95,77
2026-05-02T13:00,34.2,36,0.00,976.9,33,0.61,215
2026-05-02T14:00,34.5,35,0.00,975.6,48,2.79,237
2026-05-02T15:00,35.5,30,0.00,974.4,40,1.63,259
2026-05-02T16:00,35.7,29,0.00,973.5,19,0.96,242
2026-05-02T17:00,34.9,28,0.00,972.7,72,3.04,144
2026-05-02T18:00,34.0,31,0.00,973.1,43,3.13,119
2026-05-02T19:00,33.1,33,0.00,973.1,5,2.59,124
2026-05-02T20:00,32.1,36,0.00,974.0,0,2.56,96
2026-05-02T21:00,31.1,38,0.00,975.4,0,1.70,90
2026-05-02T22:00,30.4,40,0.00,975.9,1,2.03,106
2026-05-02T23:00,31.2,41,0.00,975.4,100,2.71,157
2026-05-03T00:00,30.1,43,0.00,975.2,16,2.44,165
2026-05-03T01:00,29.0,46,0.00,974.9,0,1.62,171
2026-05-03T02:00,28.5,47,0.00,974.8,0,2.41,175
2026-05-03T03:00,27.9,47,0.00,974.7,0,2.38,165
2026-05-03T04:00,27.0,49,0.00,974.5,0,1.52,131
2026-05-03T05:00,25.5,57,0.00,975.0,5,2.69,125
2026-05-03T06:00,25.7,58,0.00,975.6,0,2.66,130
2026-05-03T07:00,27.1,55,0.00,976.2,0,2.98,131
2026-05-03T08:00,29.4,51,0.00,976.8,0,3.13,124
2026-05-03T09:00,31.7,46,0.00,977.5,15,2.94,133
2026-05-03T10:00,33.8,40,0.00,977.9,15,2.25,127
2026-05-03T11:00,34.5,34,0.00,978.9,22,2.49,60
2026-05-03T12:00,33.6,37,0.00,978.9,93,4.87,73
2026-05-03T13:00,32.2,44,1.30,979.4,99,2.57,82
2026-05-03T14:00,32.6,43,0.00,977.9,5,4.05,106
2026-05-03T15:00,33.5,38,0.00,977.3,55,3.98,108
2026-05-03T16:00,33.5,38,0.00,976.2,16,3.83,123
2026-05-03T17:00,33.4,38,0.00,975.8,3,3.60,114
2026-05-03T18:00,32.8,43,0.00,976.0,8,3.35,89
2026-05-03T19:00,32.0,45,0.00,976.2,17,3.60,88
2026-05-03T20:00,31.1,48,0.00,976.8,30,3.73,98
2026-05-03T21:00,30.0,52,0.00,977.4,39,3.35,104
2026-05-03T22:00,29.1,55,0.00,977.9,41,3.48,106
2026-05-03T23:00,29.5,52,0.00,978.7,100,2.51,275
2026-05-04T00:00,26.4,64,0.10,980.0,100,4.93,330
2026-05-04T01:00,23.3,78,0.10,980.3,100,4.60,346
2026-05-04T02:00,23.3,75,0.10,980.3,100,1.55,360
2026-05-04T03:00,22.2,83,2.00,978.5,100,3.61,121
2026-05-04T04:00,22.7,77,0.40,978.3,100,2.51,121
2026-05-04T05:00,21.6,91,0.70,981.0,100,2.75,117
2026-05-04T06:00,21.1,93,0.90,980.7,100,3.95,81
2026-05-04T07:00,21.2,86,0.30,978.2,100,4.96,93
2026-05-04T08:00,22.6,77,0.00,978.8,100,1.00,252
2026-05-04T09:00,24.4,63,0.00,981.5,96,1.63,47
2026-05-04T10:00,26.3,58,0.00,982.3,1,3.18,68
2026-05-04T11:00,27.4,55,0.00,982.1,2,4.06,100
2026-05-04T12:00,28.4,50,0.00,981.9,2,3.86,107
2026-05-04T13:00,29.6,39,0.00,981.2,2,3.95,103
2026-05-04T14:00,30.3,39,0.00,980.6,72,3.05,108
2026-05-04T15:00,30.2,41,0.00,980.1,48,2.62,116
2026-05-04T16:00,30.0,41,0.00,979.6,22,2.48,130
2026-05-04T17:00,29.0,47,0.00,978.3,20,2.80,106
2026-05-04T18:00,28.1,54,0.00,978.8,5,2.78,98
2026-05-04T19:00,27.0,60,0.00,979.9,1,2.43,99
2026-05-04T20:00,26.4,62,0.00,980.0,2,2.77,116
2026-05-04T21:00,25.7,66,0.00,981.1,14,2.20,78
2026-05-04T22:00,24.9,71,0.00,981.8,5,2.66,62
2026-05-04T23:00,24.8,76,0.00,981.9,100,2.16,77
2026-05-05T00:00,24.0,79,0.00,981.6,100,1.84,147
2026-05-05T01:00,23.7,81,0.00,982.0,100,1.66,147
2026-05-05T02:00,23.4,84,0.00,981.4,100,0.67,27
2026-05-05T03:00,23.1,85,0.00,981.1,100,1.52,63
2026-05-05T04:00,22.7,84,0.00,981.2,77,2.34,79
2026-05-05T05:00,22.6,83,0.00,982.0,0,3.09,65
2026-05-05T06:00,23.0,83,0.00,982.3,0,2.56,73
2026-05-05T07:00,24.3,78,0.00,983.3,0,1.91,84
2026-05-05T08:00,26.0,71,0.00,984.4,12,2.40,59
2026-05-05T09:00,27.7,62,0.00,984.9,100,1.55,90
2026-05-05T10:00,27.6,62,0.00,985.1,74,1.03,141
2026-05-05T11:00,29.6,50,0.00,985.4,30,0.63,209
2026-05-05T12:00,26.5,61,2.20,985.6,48,4.58,141
2026-05-05T13:00,28.1,54,1.40,984.6,33,0.74,42
2026-05-05T14:00,29.1,51,0.00,983.8,77,1.25,61
2026-05-05T15:00,27.8,55,0.30,983.4,63,1.38,139
2026-05-05T16:00,27.9,57,0.00,982.9,34,1.21,150
2026-05-05T17:00,31.0,32,0.00,981.4,40,1.61,263
2026-05-05T18:00,28.7,45,0.00,982.0,45,2.45,4
2026-05-05T19:00,26.9,53,0.00,982.5,5,1.75,24
2026-05-05T20:00,26.1,59,0.00,982.6,1,1.96,58
2026-05-05T21:00,25.2,64,0.00,983.0,0,1.41,67
2026-05-05T22:00,24.3,72,0.00,983.1,0,0.88,47
2026-05-05T23:00,23.9,79,0.00,982.5,0,0.46,283
2026-05-06T00:00,23.4,81,0.00,982.0,0,0.65,274
2026-05-06T01:00,23.1,81,0.00,981.6,0,0.59,290
2026-05-06T02:00,22.6,82,0.00,981.3,0,0.87,336
2026-05-06T03:00,22.2,82,0.00,981.7,0,1.16,353
2026-05-06T04:00,21.4,87,0.00,981.5,0,0.96,354
2026-05-06T05:00,22.0,90,0.00,981.6,0,0.27,202
2026-05-06T06:00,22.9,85,0.00,982.5,0,0.52,253
2026-05-06T07:00,24.4,77,0.00,983.2,0,0.30,270
2026-05-06T08:00,26.3,67,0.00,983.6,0,0.25,259
2026-05-06T09:00,28.3,54,0.00,983.6,0,0.54,292
2026-05-06T10:00,30.0,43,0.00,983.3,0,0.82,322
2026-05-06T11:00,31.1,37,0.00,983.1,27,1.00,6
2026-05-06T12:00,32.1,33,0.00,982.5,22,1.10,5
2026-05-06T13:00,32.8,31,0.00,981.4,16,0.85,357
2026-05-06T14:00,33.3,28,0.00,980.2,10,0.92,331
2026-05-06T15:00,33.7,26,0.00,979.2,10,1.18,348
2026-05-06T16:00,33.9,26,0.00,978.6,33,1.41,343
2026-05-06T17:00,33.7,24,0.00,978.0,22,0.72,335
2026-05-06T18:00,32.0,45,0.00,978.1,14,0.20,90
2026-05-06T19:00,29.9,37,0.00,978.6,1,1.81,95
2026-05-06T20:00,28.5,41,0.00,979.1,0,2.11,104
2026-05-06T21:00,26.8,50,0.00,979.6,28,1.30,118
2026-05-06T22:00,26.3,50,0.00,979.7,5,1.64,121
2026-05-06T23:00,26.8,50,0.00,979.4,1,2.54,58
2026-05-07T00:00,25.9,52,0.00,979.0,7,2.30,66
2026-05-07T01:00,24.7,57,0.00,979.1,34,1.57,81
2026-05-07T02:00,23.9,62,0.00,979.0,56,1.36,96
2026-05-07T03:00,23.7,59,0.00,979.6,38,2.27,130
2026-05-07T04:00,22.8,62,0.00,980.0,38,3.36,138
2026-05-07T05:00,22.7,73,0.00,979.7,5,1.27,132
2026-05-07T06:00,23.9,62,0.00,980.5,55,2.51,149
2026-05-07T07:00,24.5,62,0.00,981.2,26,2.74,128
2026-05-07T08:00,26.3,57,0.00,982.1,36,3.36,105
2026-05-07T09:00,27.0,51,0.00,982.7,18,4.27,116
2026-05-07T10:00,29.0,46,0.00,982.6,2,4.82,131
2026-05-07T11:00,28.6,50,0.00,983.4,11,4.62,112
2026-05-07T12:00,28.8,50,0.00,983.2,64,4.28,120
2026-05-07T13:00,29.0,47,0.00,983.0,97,4.31,105
2026-05-07T14:00,29.1,46,0.00,982.4,96,3.45,107
2026-05-07T15:00,29.6,44,0.00,981.6,19,3.57,105
2026-05-07T16:00,29.6,45,0.00,981.3,4,3.63,124
2026-05-07T17:00,29.7,39,0.00,980.7,11,3.83,121
2026-05-07T18:00,28.3,46,0.00,981.1,32,2.87,97
2026-05-07T19:00,26.5,55,0.00,981.6,3,2.70,90
2026-05-07T20:00,25.6,61,0.00,982.2,2,2.50,88
2026-05-07T21:00,24.9,67,0.00,982.5,1,2.81,95
2026-05-07T22:00,24.3,71,0.00,982.4,0,2.50,106
2026-05-07T23:00,24.1,76,0.00,982.1,0,2.79,105
2026-05-08T00:00,23.3,81,0.00,981.7,2,2.08,120
2026-05-08T01:00,22.9,84,0.00,981.1,0,1.90,117
2026-05-08T02:00,22.4,87,0.00,980.9,1,2.15,102
2026-05-08T03:00,22.0,90,0.00,981.0,0,2.17,105
2026-05-08T04:00,21.7,91,0.00,981.3,9,1.99,102
2026-05-08T05:00,22.0,89,0.00,982.0,2,2.44,121
2026-05-08T06:00,22.4,87,0.00,982.5,0,2.20,107
2026-05-08T07:00,23.7,81,0.00,983.0,0,2.44,116
2026-05-08T08:00,25.8,71,0.00,983.5,0,2.57,123
2026-05-08T09:00,28.0,61,0.00,983.9,0,3.15,117
2026-05-08T10:00,30.0,50,0.00,983.9,0,3.58,118
2026-05-08T11:00,31.4,43,0.00,983.3,0,3.94,123
2026-05-08T12:00,32.2,39,0.00,982.9,0,3.65,123
2026-05-08T13:00,33.1,36,0.00,982.4,11,3.40,118
2026-05-08T14:00,33.5,34,0.00,981.6,41,2.80,112
2026-05-08T15:00,33.4,34,0.00,980.9,41,2.36,103
2026-05-08T16:00,30.2,43,0.10,981.9,99,1.50,94
2026-05-08T17:00,32.0,35,0.00,980.5,29,2.53,105
2026-05-08T18:00,30.9,39,0.00,980.7,15,2.32,83
2026-05-08T19:00,29.3,45,0.00,981.2,5,1.89,78
2026-05-08T20:00,28.2,51,0.00,981.6,0,1.79,72
2026-05-08T21:00,27.2,55,0.00,981.9,0,1.77,82
2026-05-08T22:00,26.5,58,0.00,982.1,0,1.52,73
2026-05-08T23:00,26.5,60,0.00,981.8,0,1.70,90
2026-05-09T00:00,26.0,63,0.00,981.1,0,1.40,94
2026-05-09T01:00,25.5,64,0.00,981.0,0,1.51,98
2026-05-09T02:00,24.9,66,0.00,981.0,0,1.50,105
2026-05-09T03:00,24.3,67,0.00,981.3,0,1.46,98
2026-05-09T04:00,23.8,69,0.00,981.7,0,1.47,100
2026-05-09T05:00,24.0,73,0.00,981.9,0,1.70,93
2026-05-09T06:00,24.6,71,0.00,982.7,0,1.65,90
2026-05-09T07:00,25.9,65,0.00,983.4,0,1.50,94
2026-05-09T08:00,28.0,57,0.00,983.8,0,1.67,99
2026-05-09T09:00,30.2,49,0.00,984.1,0,2.01,109
2026-05-09T10:00,32.0,41,0.00,983.9,1,2.39,119
2026-05-09T11:00,32.9,38,0.00,983.4,7,2.49,112
2026-05-09T12:00,33.9,35,0.00,983.0,3,2.21,108
2026-05-09T13:00,34.6,33,0.00,982.2,10,1.82,98
2026-05-09T14:00,34.7,32,0.00,981.5,11,2.02,99
2026-05-09T15:00,34.6,32,0.00,980.8,34,1.70,87
2026-05-09T16:00,34.4,32,0.00,980.5,38,1.92,83
2026-05-09T17:00,33.6,33,0.00,980.0,2,2.47,76
2026-05-09T18:00,32.8,35,0.00,980.4,2,2.71,60
2026-05-09T19:00,31.2,43,0.00,980.8,2,2.79,44
2026-05-09T20:00,30.0,49,0.00,981.1,0,2.39,74
2026-05-09T21:00,29.2,52,0.00,981.6,0,2.15,87
2026-05-09T22:00,28.4,55,0.00,981.6,0,1.37,100
2026-05-09T23:00,28.1,58,0.00,981.7,0,1.57,112
2026-05-10T00:00,27.4,62,0.00,981.3,0,1.05,115
2026-05-10T01:00,27.0,63,0.00,980.6,0,1.22,125
2026-05-10T02:00,26.5,65,0.00,980.5,0,1.13,131
2026-05-10T03:00,25.9,67,0.00,980.8,0,1.31,137
2026-05-10T04:00,25.4,67,0.00,981.2,0,1.53,128
2026-05-10T05:00,25.7,67,0.00,981.7,0,1.91,133
2026-05-10T06:00,26.1,66,0.00,982.7,0,1.93,121
2026-05-10T07:00,27.4,61,0.00,983.3,0,1.67,129
2026-05-10T08:00,29.6,53,0.00,984.0,0,1.49,132
2026-05-10T09:00,32.0,43,0.00,984.4,0,2.05,135
2026-05-10T10:00,33.5,37,0.00,983.8,0,2.74,128
2026-05-10T11:00,34.3,35,0.00,983.2,54,3.20,115
2026-05-10T12:00,35.6,31,0.00,982.6,27,2.33,100
2026-05-10T13:00,36.6,28,0.00,981.8,37,1.70,62
2026-05-10T14:00,37.1,26,0.00,980.6,47,1.79,54
2026-05-10T15:00,37.0,26,0.00,979.6,52,2.20,60
2026-05-10T16:00,36.7,27,0.00,978.9,48,2.04,62
2026-05-10T17:00,34.7,31,0.00,978.8,15,2.96,68
2026-05-10T18:00,33.1,36,0.00,979.2,48,3.36,62
2026-05-10T19:00,31.8,40,0.00,979.5,34,2.89,60
2026-05-10T20:00,31.0,42,0.00,979.9,1,2.47,72
2026-05-10T21:00,30.1,44,0.00,980.6,0,1.82,99
2026-05-10T22:00,29.3,47,0.00,980.7,0,1.93,107
2026-05-10T23:00,29.4,49,0.00,980.8,0,2.07,105
2026-05-11T00:00,29.1,50,0.00,980.8,37,2.11,104
2026-05-11T01:00,28.6,52,0.00,980.7,99,1.95,93
2026-05-11T02:00,28.1,53,0.00,980.4,99,2.08,114
2026-05-11T03:00,27.6,55,0.00,980.6,100,1.99,108
2026-05-11T04:00,27.1,57,0.00,981.2,98,1.47,108
2026-05-11T05:00,26.8,60,0.00,981.8,2,2.19,125
2026-05-11T06:00,27.2,60,0.00,982.7,13,2.04,112
2026-05-11T07:00,28.5,55,0.00,983.0,3,2.26,115
2026-05-11T08:00,30.5,49,0.00,983.3,31,2.65,126
2026-05-11T09:00,32.7,43,0.00,984.0,97,1.88,130
2026-05-11T10:00,34.3,36,0.00,983.8,92,2.06,141
2026-05-11T11:00,34.2,36,0.00,983.5,100,1.08,158
2026-05-11T12:00,35.0,34,0.00,982.2,100,1.95,116
2026-05-11T13:00,35.6,33,0.00,981.1,67,2.02,120
2026-05-11T14:00,36.6,31,0.00,980.1,2,1.98,135
2026-05-11T15:00,36.9,30,0.00,979.3,5,1.50,120
2026-05-11T16:00,36.9,29,0.00,978.9,78,1.38,77
2026-05-11T17:00,36.5,28,0.00,979.0,66,1.52,44
2026-05-11T18:00,35.5,31,0.00,978.6,45,1.92,51
2026-05-11T19:00,34.0,37,0.00,978.9,18,2.18,53
2026-05-11T20:00,32.7,44,0.00,979.2,2,1.76,75
2026-05-11T21:00,31.7,47,0.00,979.6,0,1.47,100
2026-05-11T22:00,31.0,49,0.00,979.6,0,1.54,115
2026-05-11T23:00,30.5,51,0.00,978.9,0,2.39,123
2026-05-12T00:00,29.8,53,0.00,978.5,17,2.06,116
2026-05-12T01:00,29.3,54,0.00,978.4,93,1.93,127
2026-05-12T02:00,29.0,54,0.00,978.3,95,1.85,128
2026-05-12T03:00,28.6,56,0.00,978.3,96,1.73,136
2026-05-12T04:00,28.2,57,0.00,978.7,91,1.84,139
2026-05-12T05:00,27.7,65,0.00,979.0,95,2.35,114
2026-05-12T06:00,28.1,63,0.00,979.6,40,2.34,130
2026-05-12T07:00,29.3,57,0.00,979.8,85,2.83,135
2026-05-12T08:00,31.1,50,0.00,980.3,48,2.69,135
2026-05-12T09:00,27.8,67,5.30,982.8,94,5.93,18
2026-05-12T10:00,27.2,75,4.10,980.2,5,4.06,161
2026-05-12T11:00,36.9,31,0.00,979.9,7,4.21,132
2026-05-12T12:00,37.9,28,0.00,979.0,13,4.00,138
2026-05-12T13:00,38.4,26,0.00,978.0,15,3.40,139
2026-05-12T14:00,37.7,26,0.00,977.2,32,2.62,119
2026-05-12T15:00,38.2,26,0.10,976.7,52,2.98,125
2026-05-12T16:00,33.7,41,0.30,976.9,66,4.28,60
2026-05-12T17:00,35.3,35,0.20,975.5,39,4.05,119
2026-05-12T18:00,33.8,40,0.00,975.7,62,3.11,109
2026-05-12T19:00,32.5,47,0.00,976.0,24,2.64,80
2026-05-12T20:00,31.4,52,0.00,976.7,69,1.93,80
2026-05-12T21:00,30.4,57,0.00,977.2,90,2.25,58
2026-05-12T22:00,30.0,57,0.00,977.3,13,1.78,79
2026-05-12T23:00,30.0,59,0.00,977.6,11,2.04,112
2026-05-13T00:00,28.7,61,0.00,976.9,0,2.54,80
2026-05-13T01:00,27.9,64,0.00,976.1,0,2.38,112
2026-05-13T02:00,27.5,64,0.00,976.0,0,2.21,128
2026-05-13T03:00,27.0,65,0.00,976.5,0,1.84,123
2026-05-13T04:00,26.5,68,0.00,977.0,0,1.82,74
2026-05-13T05:00,26.7,71,0.00,977.0,0,2.75,117
2026-05-13T06:00,26.8,71,0.00,977.5,0,2.00,127
2026-05-13T07:00,28.2,66,0.00,978.3,0,1.98,111
2026-05-13T08:00,30.4,57,0.00,979.1,7,2.16,83
2026-05-13T09:00,32.8,48,0.00,979.3,6,2.40,92
2026-05-13T10:00,35.2,40,0.00,978.8,0,2.31,112
2026-05-13T11:00,36.1,32,0.00,978.8,46,2.80,137
2026-05-13T12:00,36.5,32,0.00,977.8,1,2.04,121
2026-05-13T13:00,37.3,30,0.00,976.6,7,1.65,125
2026-05-13T14:00,38.0,28,0.00,975.2,4,1.28,121
2026-05-13T15:00,38.4,26,0.00,974.4,25,0.68,126
2026-05-13T16:00,39.0,23,0.00,974.5,85,1.21,336
2026-05-13T17:00,37.3,33,0.10,972.5,5,1.86,117
2026-05-13T18:00,36.4,35,0.00,973.1,5,1.17,130
2026-05-13T19:00,35.3,39,0.00,973.7,16,1.37,123
2026-05-13T20:00,33.8,47,0.00,974.9,58,1.46,59
2026-05-13T21:00,32.8,53,0.00,975.7,60,1.13,77
2026-05-13T22:00,31.8,58,0.00,975.5,80,1.50,60
2026-05-13T23:00,28.3,61,0.00,976.5,55,2.80,35
2026-05-14T00:00,27.7,60,0.00,975.2,25,1.52,46
2026-05-14T01:00,27.5,59,0.00,974.4,64,1.21,38
2026-05-14T02:00,27.4,59,0.00,974.0,86,0.57,225
2026-05-14T03:00,27.6,58,0.00,974.0,98,1.03,227
2026-05-14T04:00,27.8,54,0.00,974.3,73,1.25,217
2026-05-14T05:00,26.9,64,0.00,974.6,92,1.75,193
2026-05-14T06:00,26.9,63,0.00,976.0,27,0.83,237
2026-05-14T07:00,28.3,56,0.00,976.4,13,1.26,214
2026-05-14T08:00,30.9,44,0.00,976.9,2,1.23,212
2026-05-14T09:00,33.7,35,0.00,977.5,5,1.04,215
2026-05-14T10:00,36.0,28,0.00,978.0,18,0.50,217
2026-05-14T11:00,37.4,24,0.00,977.9,23,0.81,112
2026-05-14T12:00,38.3,23,0.00,977.4,57,1.07,79
2026-05-14T13:00,39.1,21,0.00,976.5,67,0.97,69
2026-05-14T14:00,39.1,21,0.20,975.5,8,0.68,126
2026-05-14T15:00,38.7,21,0.10,974.9,26,1.81,14
2026-05-14T16:00,38.1,24,0.00,974.0,6,2.13,9
2026-05-14T17:00,37.8,27,0.00,973.0,8,2.66,78
2026-05-14T18:00,36.2,33,0.00,973.3,5,2.83,77
2026-05-14T19:00,35.1,36,0.00,974.0,5,2.25,86
2026-05-14T20:00,34.4,37,0.00,974.4,65,1.85,92
2026-05-14T21:00,33.5,41,0.00,975.1,94,1.56,97
2026-05-14T22:00,32.6,45,0.00,975.5,78,1.37,114
2026-05-14T23:00,33.6,43,0.00,976.1,99,3.37,255
2026-05-15T00:00,31.3,46,0.10,976.1,100,3.02,297
2026-05-15T01:00,29.4,55,0.00,976.6,100,3.30,321
2026-05-15T02:00,28.8,60,0.00,976.2,63,3.68,338
2026-05-15T03:00,28.0,56,0.00,975.6,77,3.18,341
2026-05-15T04:00,27.6,51,0.00,975.3,39,2.85,358
2026-05-15T05:00,28.9,48,0.00,974.7,95,2.94,43
2026-05-15T06:00,29.2,48,0.00,975.7,3,1.22,251
2026-05-15T07:00,31.0,40,0.00,976.6,1,1.47,235
2026-05-15T08:00,33.1,33,0.00,977.4,0,0.78,220
2026-05-15T09:00,35.0,27,0.00,978.0,0,0.35,180
2026-05-15T10:00,36.6,23,0.00,978.3,0,0.70,180
2026-05-15T11:00,38.2,20,0.00,978.2,14,1.79,198
2026-05-15T12:00,39.6,16,0.00,977.7,20,2.11,265
2026-05-15T13:00,39.8,15,0.00,976.7,12,3.74,295
2026-05-15T14:00,40.0,15,0.00,975.7,26,3.98,305
2026-05-15T15:00,39.9,15,0.00,975.1,10,3.97,319
2026-05-15T16:00,39.3,16,0.00,974.4,12,4.41,321
2026-05-15T17:00,38.2,19,0.00,974.3,11,3.46,346
2026-05-15T18:00,36.7,23,0.00,974.5,3,3.00,3
2026-05-15T19:00,35.0,30,0.00,975.0,1,2.16,40
2026-05-15T20:00,33.8,34,0.00,975.6,0,1.24,43
2026-05-15T21:00,33.1,36,0.00,976.1,0,0.76,32
2026-05-15T22:00,32.2,38,0.00,976.6,0,1.54,13
2026-05-15T23:00,32.0,44,0.00,976.3,0,1.77,16
2026-05-16T00:00,31.0,47,0.00,975.9,0,0.83,327
2026-05-16T01:00,30.8,46,0.00,975.8,0,1.31,313
2026-05-16T02:00,30.4,43,0.00,975.9,0,1.56,315
2026-05-16T03:00,29.9,41,0.00,976.0,0,1.42,302
2026-05-16T04:00,29.5,41,0.00,976.6,0,1.71,308
2026-05-16T05:00,28.9,45,0.00,976.7,0,0.93,344
2026-05-16T06:00,29.0,46,0.00,977.3,0,1.14,337
2026-05-16T07:00,30.3,42,0.00,977.8,0,0.92,338
2026-05-16T08:00,32.2,38,0.00,978.3,15,1.12,328
2026-05-16T09:00,34.4,32,0.00,978.8,0,1.45,314
2026-05-16T10:00,36.4,27,0.00,978.9,0,1.80,314
2026-05-16T11:00,39.2,20,0.00,978.7,3,1.91,317
2026-05-16T12:00,40.3,16,0.00,978.1,19,3.05,320
2026-05-16T13:00,40.3,15,0.00,977.4,9,3.76,320
2026-05-16T14:00,40.4,15,0.00,976.8,8,3.56,326
2026-05-16T15:00,40.2,15,0.00,976.0,3,4.29,318
2026-05-16T16:00,39.5,16,0.00,975.5,2,4.46,314
2026-05-16T17:00,39.7,15,0.00,975.1,16,4.63,322
2026-05-16T18:00,38.6,17,0.00,975.6,9,4.07,317
2026-05-16T19:00,37.3,19,0.00,976.3,2,4.07,316
2026-05-16T20:00,36.4,21,0.00,976.7,0,2.97,324
2026-05-16T21:00,35.2,23,0.00,977.2,0,2.51,329
2026-05-16T22:00,34.5,25,0.00,977.3,0,2.30,319
2026-05-16T23:00,34.2,28,0.00,976.9,0,2.30,319
2026-05-17T00:00,33.2,30,0.00,976.4,0,1.73,316
2026-05-17T01:00,32.4,31,0.00,976.1,0,1.42,302
2026-05-17T02:00,31.7,32,0.00,976.3,0,1.49,312
2026-05-17T03:00,31.0,34,0.00,976.3,0,1.45,311
2026-05-17T04:00,30.4,35,0.00,976.5,0,1.54,306
2026-05-17T05:00,30.6,36,0.00,976.6,0,1.76,305
2026-05-17T06:00,30.6,37,0.00,977.3,0,2.12,304
2026-05-17T07:00,31.7,36,0.00,978.2,0,1.79,300
2026-05-17T08:00,33.6,33,0.00,978.8,0,1.97,300
2026-05-17T09:00,36.0,27,0.00,979.0,0,2.04,298
2026-05-17T10:00,37.9,23,0.00,978.8,0,2.73,298
2026-05-17T11:00,40.2,20,0.00,978.1,0,3.24,290
2026-05-17T12:00,41.1,20,0.00,977.6,20,4.74,296
2026-05-17T13:00,40.9,20,0.00,976.9,4,5.07,307
2026-05-17T14:00,41.2,20,0.00,975.9,4,4.82,301
2026-05-17T15:00,41.3,19,0.00,975.0,13,5.39,301
2026-05-17T16:00,40.8,19,0.00,974.5,23,5.49,303
2026-05-17T17:00,41.1,17,0.00,974.0,15,5.32,301
2026-05-17T18:00,40.4,17,0.00,974.0,4,4.11,297
2026-05-17T19:00,38.9,20,0.00,974.2,1,2.90,318
2026-05-17T20:00,37.6,23,0.00,974.5,0,2.68,323
2026-05-17T21:00,36.4,24,0.00,974.8,0,2.93,327
2026-05-17T22:00,35.6,24,0.00,975.0,0,2.49,322
2026-05-17T23:00,35.3,25,0.00,974.7,0,2.66,332
2026-05-18T00:00,34.1,26,0.00,973.9,0,2.31,330
2026-05-18T01:00,33.3,27,0.00,973.4,0,1.88,318
2026-05-18T02:00,32.7,28,0.00,973.2,0,1.74,288
2026-05-18T03:00,32.0,29,0.00,973.3,0,1.90,270
2026-05-18T04:00,31.3,31,0.00,973.8,0,1.96,266
2026-05-18T05:00,30.9,37,0.00,974.0,0,2.17,278
2026-05-18T06:00,30.8,39,0.00,974.6,0,2.16,277
2026-05-18T07:00,32.0,38,0.00,975.5,0,1.89,282
2026-05-18T08:00,34.0,35,0.00,976.2,0,2.09,287
2026-05-18T09:00,36.3,30,0.00,976.6,0,2.02,290
2026-05-18T10:00,38.3,25,0.00,977.0,0,2.48,298
2026-05-18T11:00,40.6,21,0.00,976.6,0,3.12,292
2026-05-18T12:00,41.6,19,0.00,976.1,0,3.56,299
2026-05-18T13:00,42.1,20,0.00,975.2,5,3.97,304
2026-05-18T14:00,42.4,20,0.00,974.4,7,4.16,305
2026-05-18T15:00,42.7,19,0.00,973.8,20,4.25,307
2026-05-18T16:00,42.9,17,0.00,973.3,12,4.67,308
2026-05-18T17:00,43.4,15,0.00,972.8,2,4.31,316
2026-05-18T18:00,42.6,15,0.00,972.7,1,3.12,319
2026-05-18T19:00,41.4,17,0.00,973.0,1,2.04,306
2026-05-18T20:00,40.5,18,0.00,973.5,0,2.60,300
2026-05-18T21:00,39.3,18,0.00,973.9,0,2.53,285
2026-05-18T22:00,38.1,19,0.00,973.9,0,2.55,281
2026-05-18T23:00,37.8,20,0.00,973.7,0,2.91,319
2026-05-19T00:00,36.1,22,0.00,973.5,0,1.94,305
2026-05-19T01:00,34.8,24,0.00,973.3,0,1.82,278
2026-05-19T02:00,34.2,25,0.00,973.3,0,1.49,284
2026-05-19T03:00,33.4,27,0.00,973.7,0,1.86,256
2026-05-19T04:00,32.5,28,0.00,974.3,0,2.32,251
2026-05-19T05:00,33.1,27,0.00,974.6,0,1.81,264
2026-05-19T06:00,33.0,27,0.00,975.6,0,2.16,266
2026-05-19T07:00,34.4,25,0.00,976.6,0,1.80,273
2026-05-19T08:00,36.5,21,0.00,977.4,0,2.12,285
2026-05-19T09:00,38.8,19,0.00,977.9,0,2.24,297
2026-05-19T10:00,41.2,13,0.00,978.0,0,3.44,310
2026-05-19T11:00,43.4,10,0.00,977.8,0,4.55,309
2026-05-19T12:00,44.2,10,0.00,977.2,0,4.17,304
2026-05-19T13:00,44.7,9,0.00,976.3,0,3.92,304
2026-05-19T14:00,44.7,9,0.00,975.3,0,3.94,299
2026-05-19T15:00,44.5,9,0.00,974.7,0,4.21,298
2026-05-19T16:00,44.1,10,0.00,974.3,0,4.11,288
2026-05-19T17:00,43.9,10,0.00,973.7,0,4.31,274
2026-05-19T18:00,42.9,11,0.00,973.8,0,3.90,268
2026-05-19T19:00,42.1,12,0.00,974.5,0,2.68,284
2026-05-19T20:00,41.2,13,0.00,974.9,0,2.59,304
2026-05-19T21:00,40.1,14,0.00,975.2,0,2.69,301
2026-05-19T22:00,40.0,13,0.00,975.3,0,3.18,294
2026-05-19T23:00,38.9,14,0.00,975.6,0,2.82,243
2026-05-20T00:00,36.9,18,0.00,975.1,0,2.73,262
2026-05-20T01:00,35.7,20,0.00,974.6,0,2.41,275
2026-05-20T02:00,34.8,20,0.00,974.4,0,2.37,277
2026-05-20T03:00,34.0,21,0.00,974.4,0,2.46,283
2026-05-20T04:00,33.3,21,0.00,974.7,0,2.55,293
2026-05-20T05:00,33.8,21,0.00,975.2,0,2.69,280
2026-05-20T06:00,33.4,23,0.00,975.7,0,2.62,283
2026-05-20T07:00,34.4,23,0.00,976.4,0,2.75,295
2026-05-20T08:00,36.4,22,0.00,976.7,0,2.71,295
2026-05-20T09:00,38.5,22,0.00,976.9,0,2.82,295
2026-05-20T10:00,40.6,19,0.00,976.7,0,3.07,300
2026-05-20T11:00,42.6,16,0.00,976.2,31,2.83,302
2026-05-20T12:00,43.2,14,0.00,975.7,27,2.53,292
2026-05-20T13:00,43.8,13,0.00,974.7,12,2.32,277
2026-05-20T14:00,44.4,12,0.00,973.9,21,2.90,268
2026-05-20T15:00,44.0,12,0.00,973.0,0,3.54,262
2026-05-20T16:00,43.5,13,0.00,972.5,0,3.58,263
2026-05-20T17:00,43.4,13,0.00,972.0,0,2.17,278
2026-05-20T18:00,42.8,13,0.00,972.2,0,1.86,265
2026-05-20T19:00,41.3,15,0.00,972.5,1,1.53,232
2026-05-20T20:00,39.9,19,0.00,973.3,0,0.22,243
2026-05-20T21:00,39.1,19,0.00,973.7,0,0.79,235
2026-05-20T22:00,38.1,19,0.00,974.2,0,2.01,207
2026-05-20T23:00,37.1,20,0.00,974.2,0,2.49,232
2026-05-21T00:00,36.0,21,0.00,973.9,0,2.58,248
2026-05-21T01:00,35.2,22,0.00,973.4,0,2.70,259
2026-05-21T02:00,34.7,23,0.00,973.5,0,3.45,268
2026-05-21T03:00,34.4,25,0.00,973.8,0,3.90,271
2026-05-21T04:00,34.0,27,0.00,974.2,0,3.80,268
2026-05-21T05:00,34.7,30,0.00,974.6,0,4.10,268
2026-05-21T06:00,34.6,31,0.00,975.1,0,4.07,265
2026-05-21T07:00,35.3,30,0.00,975.8,0,4.12,264
2026-05-21T08:00,36.8,26,0.00,976.3,0,4.96,274
2026-05-21T09:00,38.3,23,0.00,976.5,0,5.02,276
2026-05-21T10:00,39.9,21,0.00,976.4,3,4.79,281
2026-05-21T11:00,41.1,18,0.00,976.8,48,4.68,284
2026-05-21T12:00,41.9,17,0.00,976.4,33,4.55,289
2026-05-21T13:00,42.6,16,0.00,975.6,12,4.05,290
2026-05-21T14:00,43.1,15,0.00,974.7,38,3.75,286
2026-05-21T15:00,43.1,15,0.00,974.1,16,3.71,280
2026-05-21T16:00,42.7,15,0.00,973.9,0,3.60,284
2026-05-21T17:00,43.3,12,0.00,973.2,2,3.40,268
2026-05-21T18:00,42.4,13,0.00,973.4,2,3.80,269
2026-05-21T19:00,41.1,14,0.00,974.1,0,3.66,256
2026-05-21T20:00,40.0,15,0.00,974.6,0,3.02,241
2026-05-21T21:00,38.8,16,0.00,975.3,1,3.05,238
2026-05-21T22:00,38.0,17,0.00,975.8,0,2.93,250
2026-05-21T23:00,37.6,18,0.00,976.0,0,2.67,253
2026-05-22T00:00,36.6,17,0.00,976.1,0,2.95,268
2026-05-22T01:00,35.7,17,0.00,976.2,0,3.01,266
2026-05-22T02:00,34.7,17,0.00,976.2,3,2.71,265
2026-05-22T03:00,34.0,18,0.00,976.3,9,2.02,277
2026-05-22T04:00,33.1,19,0.00,977.0,10,1.68,297
2026-05-22T05:00,33.3,21,0.00,977.2,0,2.10,267
2026-05-22T06:00,33.1,22,0.00,977.6,0,2.21,264
2026-05-22T07:00,34.2,22,0.00,978.2,0,2.25,258
2026-05-22T08:00,35.8,21,0.00,978.9,0,2.75,268
2026-05-22T09:00,37.5,20,0.00,979.3,0,2.60,273
2026-05-22T10:00,39.3,19,0.00,979.5,0,2.48,279
2026-05-22T11:00,41.5,15,0.00,979.3,0,2.94,280
2026-05-22T12:00,42.3,14,0.00,978.9,1,2.91,282
2026-05-22T13:00,42.6,14,0.00,978.0,2,3.10,288
2026-05-22T14:00,42.7,13,0.00,977.1,5,3.29,296
2026-05-22T15:00,42.6,13,0.00,976.5,23,3.40,311
2026-05-22T16:00,42.0,14,0.00,976.2,1,3.36,323
2026-05-22T17:00,42.0,12,0.00,975.9,23,3.46,5
2026-05-22T18:00,40.2,17,0.00,976.1,17,4.26,22
2026-05-22T19:00,38.2,22,0.00,976.5,2,2.95,28
2026-05-22T20:00,37.0,24,0.00,977.1,1,2.25,12
2026-05-22T21:00,36.4,25,0.00,977.6,0,2.21,354
2026-05-22T22:00,36.0,24,0.00,978.0,0,2.26,342
2026-05-22T23:00,35.4,25,0.00,977.7,2,1.81,336
2026-05-23T00:00,34.4,26,0.00,977.4,2,1.51,326
2026-05-23T01:00,33.7,27,0.00,977.1,1,1.21,330
2026-05-23T02:00,33.2,28,0.00,977.2,0,1.50,323
2026-05-23T03:00,32.7,29,0.00,977.4,0,1.15,304
2026-05-23T04:00,32.4,30,0.00,977.6,0,1.07,281
2026-05-23T05:00,32.6,33,0.00,977.8,8,1.40,266
2026-05-23T06:00,32.7,33,0.00,978.3,5,1.92,277
2026-05-23T07:00,34.0,31,0.00,978.8,3,2.08,280
2026-05-23T08:00,36.2,27,0.00,979.3,1,2.29,290
2026-05-23T09:00,38.5,22,0.00,979.5,2,2.50,286
2026-05-23T10:00,40.1,19,0.00,979.6,31,3.45,292
2026-05-23T11:00,41.2,15,0.00,979.3,40,4.55,310
2026-05-23T12:00,39.3,19,0.00,979.4,29,5.12,348
2026-05-23T13:00,39.7,18,0.00,978.8,23,3.96,332
2026-05-23T14:00,40.4,16,0.00,978.0,6,4.14,307
2026-05-23T15:00,41.1,14,0.00,976.9,1,3.60,308
2026-05-23T16:00,41.2,12,0.00,976.1,3,5.09,317
2026-05-23T17:00,41.1,15,0.00,975.5,2,3.78,317
2026-05-23T18:00,40.6,13,0.00,975.6,1,3.82,296
2026-05-23T19:00,39.5,15,0.00,975.6,0,2.80,259
2026-05-23T20:00,38.4,17,0.00,976.1,0,2.70,270
2026-05-23T21:00,37.5,18,0.00,976.5,0,2.73,284
2026-05-23T22:00,36.5,17,0.00,976.7,0,2.64,289
2026-05-23T23:00,36.0,21,0.00,976.5,0,2.54,302
2026-05-24T00:00,34.3,21,0.00,975.9,0,2.12,333
2026-05-24T01:00,33.3,22,0.00,975.3,0,1.52,333
2026-05-24T02:00,32.8,22,0.00,975.3,0,1.05,267
2026-05-24T03:00,32.4,23,0.00,975.6,0,1.80,268
2026-05-24T04:00,31.8,24,0.00,976.3,0,2.20,267
2026-05-24T05:00,31.5,29,0.00,976.5,0,2.47,262
2026-05-24T06:00,31.4,30,0.00,977.5,0,2.40,272
2026-05-24T07:00,32.6,29,0.00,978.1,4,2.02,261
2026-05-24T08:00,34.7,26,0.00,978.5,0,3.01,266
2026-05-24T09:00,37.3,23,0.00,978.9,0,3.01,281
2026-05-24T10:00,39.6,17,0.00,978.9,0,3.97,291
2026-05-24T11:00,41.8,15,0.00,978.4,9,3.90,301
2026-05-24T12:00,42.4,13,0.00,978.0,38,4.65,306
2026-05-24T13:00,42.3,14,0.00,977.5,23,4.50,299
2026-05-24T14:00,42.4,14,0.00,976.8,11,4.57,286
2026-05-24T15:00,42.4,14,0.00,976.4,9,4.99,286
2026-05-24T16:00,41.9,14,0.00,975.9,16,4.36,302
2026-05-24T17:00,42.5,12,0.00,975.1,25,2.61,306
2026-05-24T18:00,41.6,12,0.00,974.7,5,1.35,2
2026-05-24T19:00,39.9,14,0.00,975.0,0,1.10,357
2026-05-24T20:00,38.9,16,0.00,975.1,7,0.72,124
2026-05-24T21:00,37.6,17,0.00,975.9,28,1.15,108
2026-05-24T22:00,36.9,20,0.00,976.2,0,1.55,123
2026-05-24T23:00,36.5,22,0.00,975.9,1,2.21,174
2026-05-25T00:00,35.3,24,0.00,975.1,0,2.35,178
2026-05-25T01:00,35.2,19,0.00,974.4,0,3.01,249
2026-05-25T02:00,35.1,18,0.00,974.3,0,3.91,273
2026-05-25T03:00,34.3,19,0.00,974.8,0,3.91,274
2026-05-25T04:00,33.7,20,0.00,975.3,0,4.25,273
2026-05-25T05:00,34.0,22,0.00,975.5,5,3.75,268
2026-05-25T06:00,34.1,22,0.00,976.0,18,3.61,273
2026-05-25T07:00,35.1,22,0.00,976.5,22,2.89,260
2026-05-25T08:00,36.8,21,0.00,977.0,0,3.65,268
2026-05-25T09:00,38.4,20,0.00,977.2,0,4.10,272
2026-05-25T10:00,39.8,19,0.00,977.2,0,4.27,280
2026-05-25T11:00,42.2,15,0.00,976.9,0,3.08,287
2026-05-25T12:00,42.9,15,0.00,976.2,30,2.28,289
2026-05-25T13:00,43.4,14,0.00,975.1,43,2.45,270
2026-05-25T14:00,43.4,12,0.00,974.5,42,4.36,280
2026-05-25T15:00,42.9,12,0.10,973.9,55,4.04,282
2026-05-25T16:00,42.3,14,0.00,973.3,24,3.83,301
2026-05-25T17:00,41.9,13,0.40,973.4,30,3.53,291
2026-05-25T18:00,41.3,14,0.00,973.2,4,2.69,331
2026-05-25T19:00,40.4,15,0.00,973.6,9,1.01,333
2026-05-25T20:00,40.3,13,0.00,974.1,5,2.66,282
2026-05-25T21:00,39.1,15,0.00,974.8,5,2.19,297
2026-05-25T22:00,37.9,17,0.00,975.4,9,1.98,311
2026-05-25T23:00,37.0,19,0.00,975.5,30,2.23,351
2026-05-26T00:00,35.4,20,0.00,975.5,15,1.55,339
2026-05-26T01:00,34.7,21,0.00,975.3,13,1.48,315
2026-05-26T02:00,34.2,22,0.00,975.5,0,1.63,315
2026-05-26T03:00,33.4,22,0.00,975.3,0,1.34,315
2026-05-26T04:00,32.8,23,0.00,975.5,0,1.56,312
2026-05-26T05:00,32.7,23,0.00,975.8,0,2.32,307
2026-05-26T06:00,32.7,23,0.00,976.7,0,2.48,289
2026-05-26T07:00,33.8,22,0.00,977.5,0,1.94,282
2026-05-26T08:00,35.9,19,0.00,978.0,0,1.63,293
2026-05-26T09:00,38.2,17,0.00,978.7,0,2.37,288
2026-05-26T10:00,39.8,16,0.00,979.0,0,2.85,301
2026-05-26T11:00,42.0,10,0.00,978.4,10,3.87,306
2026-05-26T12:00,42.2,10,0.00,978.1,25,4.49,315
2026-05-26T13:00,42.8,10,0.00,977.1,5,4.63,299
2026-05-26T14:00,43.3,9,0.00,976.2,13,4.57,293
2026-05-26T15:00,43.0,9,0.00,975.5,2,5.23,285
2026-05-26T16:00,42.2,10,0.00,975.3,2,5.43,280
2026-05-26T17:00,42.5,9,0.00,974.9,3,4.59,290
2026-05-26T18:00,41.7,10,0.00,974.8,2,3.63,308
2026-05-26T19:00,40.3,11,0.00,975.4,0,2.44,314
2026-05-26T20:00,38.9,13,0.00,975.8,0,1.81,318
2026-05-26T21:00,37.9,15,0.00,976.4,0,2.30,333
2026-05-26T22:00,36.9,16,0.00,976.7,0,1.72,330
2026-05-26T23:00,36.5,17,0.00,976.7,0,1.17,320
2026-05-27T00:00,35.0,19,0.00,976.1,0,1.10,336
2026-05-27T01:00,34.3,20,0.00,975.5,0,0.54,292
2026-05-27T02:00,33.6,20,0.00,975.2,0,0.98,294
2026-05-27T03:00,33.1,20,0.00,975.3,0,1.54,283
2026-05-27T04:00,32.5,20,0.00,975.5,0,1.79,288
2026-05-27T05:00,32.8,21,0.00,975.7,0,1.30,286
2026-05-27T06:00,32.5,21,0.00,976.4,0,1.87,286
2026-05-27T07:00,34.0,20,0.00,977.2,0,1.52,279
2026-05-27T08:00,36.2,17,0.00,978.1,0,1.87,286
2026-05-27T09:00,38.5,14,0.00,978.5,0,2.26,301
2026-05-27T10:00,40.0,13,0.00,978.4,0,2.78,308
2026-05-27T11:00,41.8,11,0.00,977.6,0,2.86,303
2026-05-27T12:00,42.7,10,0.00,977.2,0,3.26,306
2026-05-27T13:00,43.1,11,0.00,976.7,0,3.86,304
2026-05-27T14:00,43.2,11,0.00,975.9,0,4.10,300
2026-05-27T15:00,43.1,12,0.00,975.4,0,4.25,298
2026-05-27T16:00,42.9,12,0.00,975.0,2,4.34,299
2026-05-27T17:00,43.9,9,0.00,974.2,1,5.07,307
2026-05-27T18:00,42.9,10,0.00,974.6,1,4.09,305
2026-05-27T19:00,41.6,12,0.00,975.1,0,2.80,299
2026-05-27T20:00,40.0,15,0.00,975.4,0,1.70,315
2026-05-27T21:00,38.8,17,0.00,975.6,0,1.53,328
2026-05-27T22:00,37.9,18,0.00,975.7,0,1.09,344
2026-05-27T23:00,36.2,20,0.00,975.8,2,2.02,67
2026-05-28T00:00,34.3,26,0.00,975.0,0,1.30,113
2026-05-28T01:00,33.7,31,0.00,974.8,0,1.14,128
2026-05-28T02:00,32.9,34,0.00,974.9,0,1.29,144
2026-05-28T03:00,31.8,38,0.00,975.0,0,1.59,134
2026-05-28T04:00,30.5,43,0.00,975.3,3,1.90,92
2026-05-28T05:00,29.6,46,0.00,975.5,0,2.20,102
2026-05-28T06:00,29.5,44,0.00,976.3,0,2.60,113
2026-05-28T07:00,30.6,43,0.00,977.3,2,2.69,119
2026-05-28T08:00,32.4,45,0.00,978.2,0,3.00,116
2026-05-28T09:00,34.4,43,0.00,978.3,0,3.42,111
2026-05-28T10:00,36.4,39,0.00,978.4,0,3.20,115
2026-05-28T11:00,38.0,35,0.00,978.0,18,3.25,113
2026-05-28T12:00,39.2,33,0.00,977.7,1,2.82,107
2026-05-28T13:00,40.1,31,0.00,976.8,33,2.95,105
2026-05-28T14:00,39.8,32,0.00,975.7,56,3.18,97
2026-05-28T15:00,38.4,32,0.00,975.4,77,2.50,116
2026-05-28T16:00,38.3,35,0.00,975.2,25,2.65,148
2026-05-28T17:00,38.4,33,0.00,974.2,95,2.61,126
2026-05-28T18:00,35.9,37,0.00,975.0,100,3.71,184
2026-05-28T19:00,31.2,51,0.50,977.0,99,2.89,194
2026-05-28T20:00,32.1,49,0.10,976.5,100,0.45,297
2026-05-28T21:00,32.4,49,0.10,976.6,97,0.93,74
2026-05-28T22:00,31.9,51,0.10,975.3,26,1.35,195
2026-05-28T23:00,30.7,39,0.00,976.1,5,3.74,192
2026-05-29T00:00,29.9,42,0.00,976.4,61,1.90,14
2026-05-29T01:00,29.5,49,0.00,976.7,57,1.96,32
2026-05-29T02:00,27.9,66,0.00,976.4,2,2.42,60
2026-05-29T03:00,27.2,71,0.00,976.4,4,1.33,103
2026-05-29T04:00,26.9,71,0.00,977.3,3,2.90,93
2026-05-29T05:00,26.5,66,0.00,977.0,0,3.41,95
2026-05-29T06:00,26.5,68,0.00,978.5,0,3.16,119
2026-05-29T07:00,27.3,65,0.00,979.2,0,4.17,134
2026-05-29T08:00,28.4,64,0.00,979.6,0,3.94,126
2026-05-29T09:00,29.9,61,0.00,979.6,0,3.83,121
2026-05-29T10:00,31.6,55,0.00,979.8,0,3.36,123
2026-05-29T11:00,31.9,50,0.00,979.1,15,4.63,125
2026-05-29T12:00,34.2,45,0.30,979.2,44,3.73,125
2026-05-29T13:00,32.4,50,0.10,978.9,27,2.82,153
2026-05-29T14:00,33.4,47,0.00,978.3,92,2.82,150
2026-05-29T15:00,32.1,50,0.20,978.2,63,2.90,101
2026-05-29T16:00,32.8,48,0.10,977.5,30,2.19,133
2026-05-29T17:00,35.0,41,0.00,976.6,53,3.54,172
2026-05-29T18:00,33.9,43,0.00,977.3,48,2.06,157
2026-05-29T19:00,33.4,44,0.00,977.5,62,2.62,162
2026-05-29T20:00,33.0,45,0.00,978.2,2,1.76,125
2026-05-29T21:00,32.4,46,0.00,979.0,21,1.99,129
2026-05-29T22:00,31.8,46,0.00,979.6,1,2.55,135
2026-05-29T23:00,29.3,50,0.00,979.0,46,3.76,131
2026-05-30T00:00,27.5,58,0.00,979.1,34,3.64,136
2026-05-30T01:00,26.8,61,0.00,978.7,36,3.28,142
2026-05-30T02:00,26.3,63,0.00,978.4,95,2.93,143
2026-05-30T03:00,25.9,66,0.00,978.7,65,2.01,153
2026-05-30T04:00,25.5,69,0.00,979.3,61,1.71,142
2026-05-30T05:00,25.6,71,0.00,978.5,12,3.01,144
2026-05-30T06:00,25.4,73,0.00,979.7,63,2.35,153
2026-05-30T07:00,26.3,69,0.00,980.9,1,2.48,140
2026-05-30T08:00,28.4,59,0.00,981.3,0,2.73,131
2026-05-30T09:00,30.3,50,0.00,981.1,0,3.48,140
2026-05-30T10:00,31.9,47,0.00,981.7,6,1.57,121
2026-05-30T11:00,33.2,47,0.10,980.3,5,3.09,130
2026-05-30T12:00,34.1,43,0.00,980.1,19,3.05,125
2026-05-30T13:00,35.3,38,0.00,979.7,20,2.66,130
2026-05-30T14:00,34.9,38,0.00,979.2,98,1.10,177
2026-05-30T15:00,28.2,66,2.70,979.5,45,4.04,34
2026-05-30T16:00,25.0,80,3.80,981.7,100,2.55,64
2026-05-30T17:00,24.2,91,1.70,979.5,93,2.26,77
2026-05-30T18:00,25.8,81,0.30,978.4,100,0.55,180
2026-05-30T19:00,26.2,79,0.00,979.3,98,0.40,120
2026-05-30T20:00,26.0,82,0.00,979.8,91,1.94,108
2026-05-30T21:00,25.7,85,0.00,980.0,47,2.57,114
2026-05-30T22:00,25.4,85,0.00,980.3,15,2.73,114
2026-05-30T23:00,24.7,71,0.00,979.8,81,3.24,117
2026-05-31T00:00,24.2,69,0.00,979.4,76,2.25,127
2026-05-31T01:00,24.0,71,0.00,980.0,42,1.38,136
2026-05-31T02:00,23.8,72,0.00,979.8,2,1.78,122
2026-05-31T03:00,23.6,73,0.00,979.8,5,1.70,130
2026-05-31T04:00,23.5,74,0.00,979.8,2,1.77,119
2026-05-31T05:00,24.2,76,0.00,980.6,12,3.03,142
2026-05-31T06:00,24.5,76,0.00,981.1,8,2.67,142
2026-05-31T07:00,25.7,71,0.00,981.7,0,2.62,149
2026-05-31T08:00,27.3,65,0.00,982.4,0,2.46,156
2026-05-31T09:00,29.1,58,0.00,982.7,1,2.31,158
2026-05-31T10:00,30.8,50,0.00,982.5,12,2.22,157
2026-05-31T11:00,32.4,40,0.00,982.9,47,2.04,152
2026-05-31T12:00,32.6,41,0.00,982.6,69,1.45,136
2026-05-31T13:00,32.7,41,0.00,982.1,30,1.08,112
2026-05-31T14:00,33.3,39,0.00,981.2,27,0.95,108
2026-05-31T15:00,32.7,40,0.00,980.4,41,2.20,51
2026-05-31T16:00,29.8,51,0.20,980.3,21,4.21,60
2026-05-31T17:00,25.4,88,0.00,979.9,84,2.74,105
2026-05-31T18:00,26.3,74,0.10,980.2,77,2.95,62
2026-05-31T19:00,26.1,80,0.10,980.4,40,2.09,57
2026-05-31T20:00,26.2,81,0.00,981.3,34,1.13,103
2026-05-31T21:00,25.8,82,0.00,981.7,50,1.59,41
2026-05-31T22:00,25.7,80,0.00,981.4,9,0.71,82
2026-05-31T23:00,26.8,72,0.00,981.1,53,0.57,75
2026-06-01T00:00,26.1,78,0.00,980.8,55,0.59,110
2026-06-01T01:00,25.6,81,0.00,980.5,37,0.65,90
2026-06-01T02:00,25.1,83,0.00,980.5,20,1.06,82
2026-06-01T03:00,24.7,86,0.00,980.4,18,1.10,90
2026-06-01T04:00,24.5,86,0.00,980.7,1,1.47,80
2026-06-01T05:00,25.0,85,0.00,980.8,29,1.19,123
2026-06-01T06:00,25.3,84,0.00,981.3,83,0.87,114
2026-06-01T07:00,26.3,76,0.20,982.5,69,2.24,63
2026-06-01T08:00,24.3,79,0.50,982.7,16,2.11,121
2026-06-01T09:00,27.3,68,0.00,982.9,21,1.70,133
2026-06-01T10:00,29.2,60,0.00,983.1,27,2.03,80
2026-06-01T11:00,29.9,49,0.00,982.4,49,2.84,118
2026-06-01T12:00,32.0,42,0.10,982.3,64,2.12,133
2026-06-01T13:00,32.4,40,0.00,981.8,58,1.75,93
2026-06-01T14:00,32.5,39,0.00,980.5,48,1.65,87
2026-06-01T15:00,33.1,37,0.00,979.9,24,1.35,75
2026-06-01T16:00,33.1,36,0.00,979.3,22,1.83,55
2026-06-01T17:00,32.4,43,0.00,978.8,34,2.41,84
2026-06-01T18:00,31.2,48,0.00,979.0,23,2.14,79
2026-06-01T19:00,30.0,56,0.00,979.7,5,1.81,84
2026-06-01T20:00,29.3,58,0.00,980.3,3,1.53,101
2026-06-01T21:00,28.7,60,0.00,980.9,1,1.41,107
2026-06-01T22:00,28.3,61,0.00,981.1,0,1.31,97
2026-06-01T23:00,28.5,60,0.00,980.8,3,2.22,104
2026-06-02T00:00,27.3,65,0.00,980.5,4,1.92,83
2026-06-02T01:00,26.5,69,0.00,980.4,41,1.68,80
2026-06-02T02:00,25.9,73,0.30,980.8,50,2.40,179
2026-06-02T03:00,25.2,75,0.10,980.8,2,0.96,129
2026-06-02T04:00,24.7,79,0.00,980.6,2,0.83,65
2026-06-02T05:00,26.1,77,0.00,981.1,88,0.96,152
2026-06-02T06:00,26.6,72,0.00,981.7,92,1.25,209
2026-06-02T07:00,27.6,65,0.00,981.8,48,0.94,155
2026-06-02T08:00,29.5,55,0.00,982.2,1,1.41,98
2026-06-02T09:00,31.3,48,0.00,982.3,1,1.83,79
2026-06-02T10:00,33.1,41,0.00,982.0,19,2.21,85
2026-06-02T11:00,34.2,34,0.10,981.9,16,2.46,96
2026-06-02T12:00,35.1,30,0.10,980.9,25,2.29,100
2026-06-02T13:00,35.6,29,0.10,980.3,17,2.20,102
2026-06-02T14:00,35.8,29,0.00,979.1,8,2.53,108
2026-06-02T15:00,35.9,29,0.00,978.4,19,2.55,101
2026-06-02T16:00,35.3,30,0.00,977.7,7,2.42,97
2026-06-02T17:00,32.6,45,0.00,977.9,9,1.77,164
2026-06-02T18:00,32.7,45,0.00,977.5,3,1.91,160
2026-06-02T19:00,32.1,47,0.00,978.0,1,1.43,144
2026-06-02T20:00,31.8,49,0.00,978.4,1,1.56,140
2026-06-02T21:00,31.5,50,0.00,978.9,0,1.42,132
2026-06-02T22:00,30.9,53,0.00,979.2,0,1.26,108
2026-06-02T23:00,31.8,49,0.00,978.4,0,1.10,156
2026-06-03T00:00,31.2,55,0.00,978.5,0,0.54,202
2026-06-03T01:00,31.0,55,0.00,978.3,0,0.36,236
2026-06-03T02:00,30.5,58,0.00,978.1,0,0.16,72
2026-06-03T03:00,29.7,64,0.00,977.9,0,0.25,90
2026-06-03T04:00,29.0,68,0.00,978.0,0,0.36,106
2026-06-03T05:00,28.4,70,0.00,978.2,5,0.91,96
2026-06-03T06:00,28.4,69,0.00,978.2,0,1.15,88
2026-06-03T07:00,30.0,61,0.00,978.6,0,1.00,93
2026-06-03T08:00,32.2,51,0.00,978.7,0,1.12,100
2026-06-03T09:00,34.1,41,0.00,978.6,7,0.95,90
2026-06-03T10:00,35.2,37,0.00,978.4,10,1.11,72
2026-06-03T11:00,35.8,35,0.00,978.2,23,1.66,74
2026-06-03T12:00,36.0,35,0.00,977.8,18,1.20,48
2026-06-03T13:00,36.8,31,0.00,976.9,9,1.12,27
2026-06-03T14:00,37.4,27,0.00,975.7,10,1.50,15
2026-06-03T15:00,37.9,25,0.00,974.7,36,1.65,14
2026-06-03T16:00,37.8,25,0.00,974.0,20,1.50,358
2026-06-03T17:00,37.4,30,0.00,973.5,10,2.93,57
2026-06-03T18:00,36.2,33,0.00,973.9,13,2.57,83
2026-06-03T19:00,35.1,36,0.00,974.3,12,2.13,99
2026-06-03T20:00,34.6,39,0.00,974.6,9,1.60,88
2026-06-03T21:00,34.0,42,0.00,975.1,3,1.30,106
2026-06-03T22:00,33.5,44,0.00,975.3,7,1.45,136
2026-06-03T23:00,33.8,44,0.00,975.2,4,2.28,157
2026-06-04T00:00,32.9,46,0.00,975.2,4,1.55,178
2026-06-04T01:00,32.2,49,0.00,974.7,0,1.43,168
2026-06-04T02:00,31.6,50,0.00,974.4,0,1.60,178
2026-06-04T03:00,31.0,52,0.00,974.4,0,1.50,184
2026-06-04T04:00,30.4,53,0.00,974.4,0,1.50,195
2026-06-04T05:00,31.6,48,0.00,974.8,7,2.31,198
2026-06-04T06:00,28.3,60,0.10,975.4,61,4.64,48
2026-06-04T07:00,26.3,75,0.80,975.9,95,1.63,153
2026-06-04T08:00,29.9,57,0.10,975.7,27,1.84,133
2026-06-04T09:00,31.6,54,0.00,976.5,29,3.21,105
2026-06-04T10:00,33.2,48,0.00,976.4,2,2.37,118
2026-06-04T11:00,37.1,30,0.00,975.6,7,1.93,107
2026-06-04T12:00,38.5,24,0.00,975.0,26,1.69,102
2026-06-04T13:00,39.4,22,0.00,974.5,27,0.16,18
2026-06-04T14:00,39.4,21,0.00,974.0,25,1.74,321
2026-06-04T15:00,36.6,33,0.20,973.7,36,4.00,9
2026-06-04T16:00,36.1,35,0.10,973.5,3,3.14,37
2026-06-04T17:00,33.9,34,0.00,972.7,43,1.90,93
2026-06-04T18:00,35.0,32,0.00,973.0,44,2.24,209
2026-06-04T19:00,32.2,40,0.00,974.1,98,5.92,250
2026-06-04T20:00,31.5,44,0.00,974.8,100,2.55,298
2026-06-04T21:00,31.4,45,0.00,975.6,100,2.52,263
2026-06-04T22:00,31.2,47,0.00,975.8,100,1.20,275
2026-06-04T23:00,29.0,51,0.00,976.5,100,3.65,312
2026-06-05T00:00,25.5,78,2.60,976.3,100,1.25,233
2026-06-05T01:00,25.3,88,1.50,975.1,100,1.06,8
2026-06-05T02:00,25.6,88,0.30,974.4,100,2.85,121
2026-06-05T03:00,25.9,83,0.00,973.8,98,1.30,152
2026-06-05T04:00,26.0,82,0.00,974.5,100,0.91,354
2026-06-05T05:00,26.5,78,0.00,975.6,100,3.11,294
2026-06-05T06:00,26.8,69,0.00,976.5,100,0.92,338
2026-06-05T07:00,27.3,66,0.00,976.6,90,0.63,61
2026-06-05T08:00,28.8,59,0.00,977.5,100,0.32,108
2026-06-05T09:00,29.1,57,0.00,978.4,100,1.60,20
2026-06-05T10:00,31.2,47,0.00,978.2,98,1.71,322
2026-06-05T11:00,32.5,41,0.00,978.2,100,2.25,348
2026-06-05T12:00,33.0,41,0.00,978.1,92,3.25,10
2026-06-05T13:00,33.2,47,0.00,977.3,79,2.74,9
2026-06-05T14:00,33.2,48,0.00,976.8,77,1.93,17
2026-06-05T15:00,32.8,49,0.00,976.2,36,2.26,18
2026-06-05T16:00,33.1,48,0.00,975.4,2,1.79,23
2026-06-05T17:00,33.7,48,0.00,974.9,0,1.63,23
2026-06-05T18:00,32.7,52,0.00,974.9,2,1.91,20
2026-06-05T19:00,31.8,56,0.00,975.2,1,1.90,23
2026-06-05T20:00,31.4,58,0.00,975.6,1,1.14,23
2026-06-05T21:00,31.1,60,0.00,976.1,0,0.85,28
2026-06-05T22:00,30.8,62,0.00,976.4,0,0.70,86
2026-06-05T23:00,31.1,62,0.00,976.2,0,1.83,125
2026-06-06T00:00,29.9,68,0.00,976.0,2,1.03,113
2026-06-06T01:00,29.3,71,0.00,975.7,0,1.01,117
2026-06-06T02:00,28.8,75,0.00,975.5,0,0.92,139
2026-06-06T03:00,28.5,77,0.00,975.9,0,0.81,158
2026-06-06T04:00,28.1,79,0.00,976.0,0,1.14,157
2026-06-06T05:00,28.9,71,0.00,975.9,0,1.13,193
2026-06-06T06:00,29.6,65,0.00,976.7,0,0.85,180
2026-06-06T07:00,31.2,56,0.00,977.4,0,0.55,175
2026-06-06T08:00,33.3,47,0.00,978.0,0,0.41,166
2026-06-06T09:00,35.3,41,0.00,978.2,0,0.22,243
2026-06-06T10:00,36.9,35,0.00,978.0,2,0.59,340
2026-06-06T11:00,38.5,29,0.00,977.8,38,1.48,332
2026-06-06T12:00,39.1,26,0.00,977.2,22,2.13,351
2026-06-06T13:00,39.6,24,0.00,976.2,31,2.72,6
2026-06-06T14:00,39.8,24,0.00,975.7,26,2.46,354
2026-06-06T15:00,39.6,24,0.00,975.1,16,2.87,353
2026-06-06T16:00,39.2,23,0.00,974.8,38,2.80,333
2026-06-06T17:00,35.3,36,0.00,973.9,48,3.50,149
2026-06-06T18:00,35.2,36,0.10,974.5,38,1.57,197
2026-06-06T19:00,35.5,31,0.00,974.9,1,2.83,222
2026-06-06T20:00,35.0,33,0.00,975.6,0,2.19,225
2026-06-06T21:00,34.7,34,0.00,976.0,0,1.64,211
2026-06-06T22:00,34.4,35,0.00,976.3,0,1.64,250
2026-06-06T23:00,33.6,37,0.00,976.6,1,3.24,257
2026-06-07T00:00,32.3,41,0.00,976.4,0,3.23,251
2026-06-07T01:00,31.3,45,0.00,976.2,0,3.02,258
2026-06-07T02:00,30.5,48,0.00,976.3,0,2.82,263
2026-06-07T03:00,30.1,48,0.00,976.3,0,2.40,268
2026-06-07T04:00,29.7,49,0.00,976.8,0,2.21,274
2026-06-07T05:00,29.9,52,0.00,976.8,0,1.64,290
2026-06-07T06:00,29.8,54,0.00,977.4,0,1.13,283
2026-06-07T07:00,31.0,50,0.00,978.0,0,1.30,268
2026-06-07T08:00,32.8,44,0.00,978.3,16,1.35,292
2026-06-07T09:00,32.5,42,0.00,979.4,98,5.40,310
2026-06-07T10:00,31.9,45,0.10,978.1,97,1.15,34
2026-06-07T11:00,37.5,31,0.00,978.3,10,1.17,340
2026-06-07T12:00,38.4,29,0.00,977.6,5,1.21,330
2026-06-07T13:00,39.5,26,0.00,976.6,2,1.36,332
2026-06-07T14:00,40.3,23,0.00,975.6,13,1.51,304
2026-06-07T15:00,40.7,21,0.00,974.6,27,2.44,296
2026-06-07T16:00,40.0,21,0.00,974.2,16,3.42,295
2026-06-07T17:00,39.3,26,0.00,973.7,66,3.21,274
2026-06-07T18:00,35.0,41,0.60,974.0,40,2.46,117
2026-06-07T19:00,33.0,48,0.10,973.9,7,3.02,156
2026-06-07T20:00,33.3,48,0.00,974.2,1,1.35,182
2026-06-07T21:00,32.9,51,0.00,975.0,1,0.64,129
2026-06-07T22:00,32.6,53,0.00,975.2,0,0.94,148
2026-06-07T23:00,33.2,48,0.00,974.6,1,2.50,237
2026-06-08T00:00,33.4,42,0.00,974.5,2,3.06,265
2026-06-08T01:00,32.7,41,0.00,974.3,0,2.86,265
2026-06-08T02:00,31.9,42,0.00,974.1,0,2.72,263
2026-06-08T03:00,31.4,43,0.00,974.1,0,2.55,268
2026-06-08T04:00,30.9,44,0.00,974.2,0,2.51,264
2026-06-08T05:00,31.5,49,0.00,974.6,0,2.75,270
2026-06-08T06:00,31.7,50,0.00,975.0,0,2.65,270
2026-06-08T07:00,32.9,47,0.00,975.6,0,2.80,270
2026-06-08T08:00,34.8,41,0.00,975.9,0,3.11,276
2026-06-08T09:00,36.8,36,0.00,976.0,0,3.28,282
2026-06-08T10:00,38.5,30,0.00,975.7,0,3.23,292
2026-06-08T11:00,40.1,23,0.00,975.7,20,2.69,288
2026-06-08T12:00,41.6,17,0.00,975.0,42,3.14,292
2026-06-08T13:00,41.8,15,0.00,974.1,45,3.78,290
2026-06-08T14:00,42.0,14,0.00,973.2,9,3.38,289
2026-06-08T15:00,42.4,13,0.00,972.7,4,3.85,298
2026-06-08T16:00,41.9,14,0.00,972.2,4,4.16,303
2026-06-08T17:00,41.7,17,0.00,971.6,28,3.18,307
2026-06-08T18:00,41.7,14,0.00,971.5,8,2.45,287
2026-06-08T19:00,40.1,16,0.00,971.8,2,1.52,314
2026-06-08T20:00,38.5,25,0.00,972.4,0,0.71,8
2026-06-08T21:00,37.9,28,0.00,972.9,1,0.11,297
2026-06-08T22:00,37.0,29,0.00,973.2,1,0.21,14
2026-06-08T23:00,36.9,30,0.00,972.9,1,0.56,243
2026-06-09T00:00,35.7,30,0.00,972.7,1,1.53,251
2026-06-09T01:00,34.8,31,0.00,972.3,0,1.39,249
2026-06-09T02:00,33.8,32,0.00,972.1,0,1.39,249
2026-06-09T03:00,33.5,32,0.00,972.3,20,1.05,265
2026-06-09T04:00,33.2,32,0.00,972.5,5,1.39,249
2026-06-09T05:00,33.3,37,0.00,972.4,0,2.40,234
2026-06-09T06:00,33.0,40,0.00,972.9,0,2.29,254
2026-06-09T07:00,34.1,43,0.00,973.4,0,2.85,268
2026-06-09T08:00,35.9,40,0.00,973.7,0,2.50,273
2026-06-09T09:00,38.1,34,0.00,973.8,0,2.38,280
2026-06-09T10:00,39.9,27,0.00,973.8,5,2.31,300
2026-06-09T11:00,42.0,18,0.00,973.5,14,2.30,319
2026-06-09T12:00,42.6,16,0.00,973.2,25,3.49,322
2026-06-09T13:00,42.7,15,0.00,972.5,3,3.72,318
2026-06-09T14:00,43.2,13,0.00,971.8,2,3.63,308
2026-06-09T15:00,43.3,13,0.00,971.3,2,4.25,300
2026-06-09T16:00,42.9,13,0.00,970.9,6,4.25,294
2026-06-09T17:00,42.7,15,0.00,970.2,12,4.70,278
2026-06-09T18:00,41.5,15,0.00,970.8,14,5.07,276
2026-06-09T19:00,39.8,20,0.00,971.5,13,4.60,271
2026-06-09T20:00,39.5,21,0.00,972.0,8,3.44,262
2026-06-09T21:00,39.2,21,0.00,972.2,1,2.12,236
2026-06-09T22:00,38.0,23,0.00,972.4,1,1.77,223
2026-06-09T23:00,37.8,23,0.00,973.1,5,2.35,266
2026-06-10T00:00,36.6,25,0.00,972.6,27,2.59,251
2026-06-10T01:00,35.9,25,0.00,972.4,23,2.72,250
2026-06-10T02:00,35.0,27,0.00,971.9,23,1.90,247
2026-06-10T03:00,34.5,27,0.00,971.6,4,1.27,228
2026-06-10T04:00,34.1,28,0.00,972.3,9,1.93,249
2026-06-10T05:00,33.8,31,0.00,972.7,52,2.12,243
2026-06-10T06:00,32.9,34,0.00,973.5,4,1.66,185
2026-06-10T07:00,33.8,37,0.00,974.1,0,1.14,151
2026-06-10T08:00,35.4,40,0.00,974.3,0,1.27,244
2026-06-10T09:00,37.5,39,0.00,974.3,0,3.20,268
2026-06-10T10:00,39.3,34,0.00,974.2,5,3.50,280
2026-06-10T11:00,41.2,22,0.00,974.0,9,4.07,284
2026-06-10T12:00,42.1,20,0.00,973.5,19,3.34,287
2026-06-10T13:00,42.7,19,0.00,972.5,23,3.06,285
2026-06-10T14:00,43.1,18,0.00,971.4,30,3.13,287
2026-06-10T15:00,43.2,16,0.00,971.1,42,3.58,282
2026-06-10T16:00,42.6,16,0.00,970.8,39,3.86,266
2026-06-10T17:00,43.6,16,0.30,970.0,28,2.40,324
2026-06-10T18:00,42.0,20,0.00,970.2,38,1.25,5
2026-06-10T19:00,40.0,27,0.50,970.6,27,1.67,99
2026-06-10T20:00,39.7,25,0.00,970.6,6,2.61,160
2026-06-10T21:00,39.2,26,0.00,971.1,5,2.22,166
2026-06-10T22:00,37.5,34,0.00,971.8,2,0.53,49
2026-06-10T23:00,35.8,40,0.00,972.1,0,1.89,53
2026-06-11T00:00,35.3,43,0.00,971.7,30,1.54,155
2026-06-11T01:00,34.9,44,0.00,971.4,2,0.73,164
2026-06-11T02:00,34.5,46,0.00,971.4,11,0.22,153
2026-06-11T03:00,34.1,46,0.00,971.2,1,0.16,198
2026-06-11T04:00,33.1,48,0.00,971.5,0,0.57,52
2026-06-11T05:00,31.2,51,0.00,971.5,25,2.77,141
2026-06-11T06:00,29.9,55,0.00,973.0,41,3.31,117
2026-06-11T07:00,29.2,59,0.10,973.4,11,3.51,160
2026-06-11T08:00,30.4,58,0.00,974.5,13,3.55,125
2026-06-11T09:00,31.7,58,0.00,974.8,4,3.64,133
2026-06-11T10:00,33.9,52,0.00,974.7,1,3.68,137
2026-06-11T11:00,33.2,52,0.00,975.8,0,4.57,113
2026-06-11T12:00,34.1,51,0.00,975.2,18,4.36,132
2026-06-11T13:00,35.3,48,0.00,974.2,13,4.08,139
2026-06-11T14:00,36.2,46,0.00,973.4,5,3.77,145
2026-06-11T15:00,36.7,45,0.00,973.1,6,3.47,144
2026-06-11T16:00,36.9,45,0.00,972.6,13,2.84,141
2026-06-11T17:00,36.0,43,0.00,971.7,13,4.57,119
2026-06-11T18:00,34.7,47,0.00,972.1,5,4.16,116
2026-06-11T19:00,33.2,53,0.00,972.7,13,4.36,100
2026-06-11T20:00,32.3,55,0.00,973.4,4,4.02,96
2026-06-11T21:00,31.6,57,0.00,974.9,73,4.27,84
2026-06-11T22:00,30.3,62,0.00,975.7,6,5.10,91
2026-06-11T23:00,26.9,78,0.00,976.5,85,3.32,45
2026-06-12T00:00,26.4,82,0.00,977.5,73,4.38,44
2026-06-12T01:00,25.6,85,0.00,976.9,100,4.29,49
2026-06-12T02:00,25.6,84,0.00,976.6,100,3.45,60
2026-06-12T03:00,24.7,88,1.30,977.0,100,3.73,97
2026-06-12T04:00,24.4,91,1.00,976.3,100,5.03,100
2026-06-12T05:00,23.9,90,0.10,977.9,93,1.79,18
2026-06-12T06:00,23.3,93,3.30,978.6,63,4.90,98
2026-06-12T07:00,24.1,89,0.60,979.3,19,3.74,102
2026-06-12T08:00,25.7,80,0.00,979.6,2,4.08,113
2026-06-12T09:00,27.4,73,0.00,979.7,1,4.30,115
2026-06-12T10:00,29.1,66,0.00,979.6,0,4.25,117
2026-06-12T11:00,30.4,61,0.00,980.0,7,3.91,122
2026-06-12T12:00,30.8,59,0.00,979.9,2,4.27,117
2026-06-12T13:00,31.4,56,0.00,979.4,4,3.69,115
2026-06-12T14:00,31.9,55,0.00,978.7,15,3.22,120
2026-06-12T15:00,32.2,54,0.00,978.1,17,2.70,124
2026-06-12T16:00,32.6,52,0.00,977.8,68,1.81,114
2026-06-12T17:00,31.2,63,0.00,977.3,5,0.60,265
2026-06-12T18:00,25.9,86,2.80,978.5,96,0.88,133
2026-06-12T19:00,26.8,81,0.10,977.4,44,0.86,353
2026-06-12T20:00,26.9,80,0.00,978.3,1,2.13,66
2026-06-12T21:00,27.2,77,0.00,978.7,0,2.05,103
2026-06-12T22:00,27.0,78,0.00,979.1,0,1.99,118
2026-06-12T23:00,26.4,78,0.00,979.6,97,2.43,171
2026-06-13T00:00,26.2,79,0.00,979.4,100,1.39,201
2026-06-13T01:00,26.0,81,0.00,978.6,100,1.31,130
2026-06-13T02:00,25.9,81,0.00,977.5,100,1.67,141
2026-06-13T03:00,25.8,81,0.10,977.0,100,1.36,82
2026-06-13T04:00,25.4,84,0.00,978.9,100,1.37,303
2026-06-13T05:00,25.6,81,0.00,979.2,98,2.09,281
2026-06-13T06:00,25.3,82,0.00,979.6,52,1.92,255
2026-06-13T07:00,25.8,81,0.00,980.2,74,1.44,236
2026-06-13T08:00,26.9,76,0.00,980.3,77,0.14,315
2026-06-13T09:00,27.8,69,0.00,980.0,77,0.81,60
2026-06-13T10:00,29.1,64,0.00,980.0,93,1.74,72
2026-06-13T11:00,30.4,58,0.00,980.1,91,0.60,66
2026-06-13T12:00,30.9,57,0.00,979.8,2,0.85,360
2026-06-13T13:00,32.3,53,0.00,979.4,2,0.58,329
2026-06-13T14:00,32.9,48,0.00,979.0,1,0.16,342
2026-06-13T15:00,33.1,47,0.00,978.3,9,0.52,253
2026-06-13T16:00,33.2,47,0.00,977.5,9,0.30,261
2026-06-13T17:00,34.3,42,0.00,977.4,11,0.78,40
2026-06-13T18:00,31.8,58,0.00,977.0,10,1.11,72
2026-06-13T19:00,29.9,70,0.00,976.9,1,1.09,106
2026-06-13T20:00,29.1,77,0.00,977.1,0,0.57,135
2026-06-13T21:00,28.6,81,0.00,977.6,0,0.27,22
2026-06-13T22:00,28.0,84,0.00,977.6,0,0.81,79
2026-06-13T23:00,28.7,79,0.00,977.2,0,0.96,242
2026-06-14T00:00,28.4,76,0.00,977.0,0,1.03,231
2026-06-14T01:00,27.8,74,0.00,976.6,0,1.18,216
2026-06-14T02:00,27.2,72,0.00,976.4,28,1.24,227
2026-06-14T03:00,26.7,73,0.00,976.4,8,1.34,243
2026-06-14T04:00,26.3,74,0.00,976.8,0,1.25,272
2026-06-14T05:00,27.0,85,0.00,977.0,80,0.45,354
2026-06-14T06:00,27.3,83,0.00,977.5,0,1.03,23
2026-06-14T07:00,28.4,79,0.00,977.8,0,0.75,53
2026-06-14T08:00,30.0,72,0.00,978.2,0,0.28,45
2026-06-14T09:00,31.6,64,0.00,978.4,0,0.36,254
2026-06-14T10:00,32.9,58,0.00,978.2,4,0.84,253
2026-06-14T11:00,34.6,47,0.00,977.8,6,0.92,241
2026-06-14T12:00,35.8,41,0.00,977.1,14,0.71,231
2026-06-14T13:00,36.7,36,0.00,976.3,26,1.59,316
2026-06-14T14:00,35.9,35,0.10,975.8,27,2.57,303
2026-06-14T15:00,36.1,36,0.00,975.2,26,2.29,306
2026-06-14T16:00,34.8,39,0.40,975.0,74,3.15,312
2026-06-14T17:00,36.3,36,0.30,973.5,7,1.15,358
2026-06-14T18:00,34.9,45,0.00,973.6,8,0.99,30
2026-06-14T19:00,32.8,60,0.00,973.8,3,0.76,101
2026-06-14T20:00,31.3,69,0.00,974.6,2,0.92,77
2026-06-14T21:00,30.3,74,0.00,975.1,1,1.08,103
2026-06-14T22:00,29.8,76,0.00,975.6,0,0.88,137
2026-06-14T23:00,30.2,72,0.00,975.5,77,2.45,179
2026-06-15T00:00,30.1,60,0.00,975.6,94,2.54,238
2026-06-15T01:00,29.4,52,0.00,975.5,64,2.65,248
2026-06-15T02:00,29.1,53,0.00,975.4,70,2.45,253
2026-06-15T03:00,28.6,55,0.00,975.2,90,2.10,271
2026-06-15T04:00,28.3,56,0.00,975.7,20,2.06,274
2026-06-15T05:00,27.8,62,0.00,976.2,66,1.93,301
2026-06-15T06:00,28.1,62,0.00,976.7,86,1.54,299
2026-06-15T07:00,29.4,60,0.00,977.6,39,1.79,288
2026-06-15T08:00,31.1,52,0.00,978.1,28,2.00,283
2026-06-15T09:00,33.0,46,0.00,978.2,5,2.52,321
2026-06-15T10:00,34.4,42,0.00,978.4,5,2.43,323
2026-06-15T11:00,35.3,39,0.00,977.5,2,2.72,314
2026-06-15T12:00,36.0,36,0.00,977.1,5,2.80,311
2026-06-15T13:00,36.7,34,0.00,976.6,23,2.53,308
2026-06-15T14:00,36.7,34,0.00,976.7,91,4.08,301
2026-06-15T15:00,31.5,50,0.80,977.4,64,2.76,305
2026-06-15T16:00,32.6,47,0.20,975.8,95,2.62,325
2026-06-15T17:00,30.2,58,0.00,975.5,99,1.23,291
2026-06-15T18:00,30.1,60,0.00,975.5,96,1.46,354
2026-06-15T19:00,29.3,62,0.00,976.4,2,1.36,6
2026-06-15T20:00,28.6,66,0.00,977.0,20,1.13,347
2026-06-15T21:00,28.3,68,0.00,977.5,77,0.72,245
2026-06-15T22:00,28.1,69,0.00,977.9,26,0.72,205
2026-06-15T23:00,27.8,64,0.00,978.0,19,2.64,217
2026-06-16T00:00,27.0,61,0.00,977.6,9,1.84,229
2026-06-16T01:00,26.7,63,0.00,977.4,0,1.27,228
2026-06-16T02:00,26.3,68,0.00,976.9,1,0.96,227
2026-06-16T03:00,26.0,70,0.00,977.0,22,1.10,275
2026-06-16T04:00,26.1,69,0.00,977.1,24,1.25,268
2026-06-16T05:00,26.2,72,0.10,976.9,2,0.58,329
2026-06-16T06:00,26.9,67,0.00,977.7,23,0.35,180
2026-06-16T07:00,28.5,64,0.00,979.2,42,2.91,241
2026-06-16T08:00,29.2,60,0.00,979.7,88,2.17,262
2026-06-16T09:00,30.4,56,0.00,980.1,94,1.85,272
2026-06-16T10:00,31.7,48,0.00,980.6,100,2.68,256
2026-06-16T11:00,28.3,58,0.00,980.7,100,2.38,260
2026-06-16T12:00,29.5,51,0.00,980.2,100,2.15,282
2026-06-16T13:00,29.9,49,0.00,979.2,100,0.85,230
2026-06-16T14:00,29.7,49,0.00,978.0,91,1.03,219
2026-06-16T15:00,31.3,46,0.00,978.0,2,1.86,243
2026-06-16T16:00,32.7,39,0.00,977.4,0,1.24,284
2026-06-16T17:00,32.5,47,0.00,977.2,100,2.82,263
2026-06-16T18:00,31.8,50,0.00,977.4,98,2.46,276
2026-06-16T19:00,30.4,57,0.00,977.6,38,2.73,278
2026-06-16T20:00,29.4,62,0.00,977.7,19,1.51,276
2026-06-16T21:00,28.7,66,0.00,978.3,57,1.15,326
2026-06-16T22:00,28.5,68,0.00,978.6,67,1.00,307
2026-06-16T23:00,27.9,68,0.00,979.0,88,2.22,247
2026-06-17T00:00,27.4,69,0.00,978.6,84,1.63,259
2026-06-17T01:00,27.0,70,0.00,978.3,63,1.02,281
2026-06-17T02:00,26.5,71,0.00,978.3,16,1.51,276
2026-06-17T03:00,25.8,73,0.00,978.6,16,1.81,256
2026-06-17T04:00,25.4,74,0.00,978.6,0,2.06,276
2026-06-17T05:00,26.0,76,0.00,978.8,0,1.80,257
2026-06-17T06:00,26.2,75,0.00,979.5,1,1.62,279
2026-06-17T07:00,27.5,70,0.00,979.8,0,1.03,299
2026-06-17T08:00,29.4,61,0.00,980.0,0,0.89,297
2026-06-17T09:00,31.3,52,0.00,979.9,0,0.54,292
2026-06-17T10:00,32.9,45,0.00,979.9,3,0.35,278
2026-06-17T11:00,34.5,36,0.00,979.8,1,0.54,292
2026-06-17T12:00,36.2,31,0.00,979.3,1,0.43,306
2026-06-17T13:00,37.1,29,0.00,978.5,2,0.65,337
2026-06-17T14:00,37.7,27,0.00,977.6,2,0.93,344
2026-06-17T15:00,37.9,26,0.00,976.9,17,1.48,332
2026-06-17T16:00,37.6,27,0.00,976.0,2,2.10,332
2026-06-17T17:00,37.2,32,0.00,975.3,13,2.57,297
2026-06-17T18:00,36.5,35,0.00,975.5,4,2.72,290
2026-06-17T19:00,35.6,37,0.00,975.7,1,2.36,287
2026-06-17T20:00,35.2,38,0.00,976.3,2,1.73,292
2026-06-17T21:00,34.6,41,0.00,977.0,1,0.86,306
2026-06-17T22:00,34.2,44,0.00,977.4,1,0.40,277
2026-06-17T23:00,34.0,45,0.00,978.0,14,1.86,294
2026-06-18T00:00,33.3,48,0.00,978.1,18,1.27,296
2026-06-18T01:00,32.7,49,0.00,977.8,2,1.27,279
2026-06-18T02:00,31.3,54,0.00,977.5,2,1.14,23
2026-06-18T03:00,30.6,58,0.00,977.4,0,0.43,54
2026-06-18T04:00,30.0,60,0.00,977.1,9,0.25,101
2026-06-18T05:00,30.6,60,0.00,977.1,14,0.82,308
2026-06-18T06:00,30.9,59,0.00,977.3,0,0.97,282
2026-06-18T07:00,32.3,53,0.00,978.0,0,0.99,300
2026-06-18T08:00,34.2,44,0.00,978.4,0,0.99,330
2026-06-18T09:00,35.7,38,0.00,978.6,5,1.46,338
2026-06-18T10:00,37.0,34,0.00,978.6,2,1.60,328
2026-06-18T11:00,38.0,31,0.00,978.8,6,1.90,325
2026-06-18T12:00,38.8,29,0.00,978.1,7,1.85,322
2026-06-18T13:00,39.5,26,0.00,977.4,28,2.65,314
2026-06-18T14:00,39.2,27,0.00,976.4,26,3.31,308
2026-06-18T15:00,39.1,28,0.00,975.6,13,3.29,303
2026-06-18T16:00,38.3,28,0.00,975.3,33,4.25,302
2026-06-18T17:00,39.0,24,0.00,974.2,13,3.71,307
2026-06-18T18:00,37.9,26,0.00,974.4,17,3.34,309
2026-06-18T19:00,36.6,28,0.00,975.3,8,3.29,296
2026-06-18T20:00,35.8,31,0.00,976.0,38,3.18,289
2026-06-18T21:00,35.5,33,0.00,976.7,100,2.89,288
2026-06-18T22:00,34.6,37,0.00,977.5,80,3.54,289
2026-06-18T23:00,32.9,40,0.00,977.1,100,2.58,285
2026-06-19T00:00,32.3,42,0.00,977.3,100,2.90,291
2026-06-19T01:00,31.9,43,0.00,977.1,98,2.46,297
2026-06-19T02:00,31.5,43,0.00,976.5,27,2.76,292
2026-06-19T03:00,30.8,44,0.00,977.1,32,3.31,295
2026-06-19T04:00,29.9,48,0.00,977.0,34,2.11,306
2026-06-19T05:00,28.6,59,0.00,977.0,2,2.02,293
2026-06-19T06:00,28.8,58,0.00,977.5,2,2.11,266
2026-06-19T07:00,29.7,54,0.00,977.7,6,1.57,287
2026-06-19T08:00,31.5,49,0.00,977.8,13,0.43,339
2026-06-19T09:00,33.4,45,0.00,978.0,43,0.49,315
2026-06-19T10:00,34.9,41,0.00,978.2,16,0.78,320
2026-06-19T11:00,37.1,34,0.00,978.3,43,1.36,324
2026-06-19T12:00,38.2,31,0.00,977.9,11,2.30,311
2026-06-19T13:00,38.7,29,0.00,977.4,13,2.82,297
2026-06-19T14:00,38.8,28,0.00,976.8,15,3.21,285
2026-06-19T15:00,38.5,30,0.00,976.4,10,3.26,281
2026-06-19T16:00,38.0,32,0.00,975.6,2,3.19,284
2026-06-19T17:00,38.3,28,0.00,975.6,16,3.46,288
2026-06-19T18:00,37.3,31,0.00,975.8,9,3.44,298
2026-06-19T19:00,36.3,33,0.00,976.2,9,3.32,301
2026-06-19T20:00,35.7,36,0.00,976.9,8,2.73,310
2026-06-19T21:00,35.0,39,0.00,977.9,9,2.47,324
2026-06-19T22:00,34.3,41,0.00,978.3,6,2.27,327
2026-06-19T23:00,34.3,41,0.00,978.1,7,2.50,290
2026-06-20T00:00,33.4,44,0.00,978.0,9,2.38,292
2026-06-20T01:00,32.7,45,0.00,977.5,22,2.28,293
2026-06-20T02:00,32.1,46,0.00,977.3,14,2.19,294
2026-06-20T03:00,31.5,47,0.00,976.8,23,1.91,290
2026-06-20T04:00,31.1,48,0.00,976.9,5,1.72,287
2026-06-20T05:00,31.2,52,0.00,976.8,18,1.75,283
2026-06-20T06:00,31.3,52,0.00,977.5,13,1.46,276
2026-06-20T07:00,32.4,49,0.00,977.9,5,1.54,299
2026-06-20T08:00,34.4,42,0.00,978.5,4,2.25,307
2026-06-20T09:00,35.8,37,0.00,978.8,39,3.76,297
2026-06-20T10:00,36.3,37,0.10,979.0,2,3.83,292
2026-06-20T11:00,37.4,34,0.00,978.6,9,3.88,292
2026-06-20T12:00,38.2,32,0.00,978.2,6,3.75,291
2026-06-20T13:00,38.7,30,0.00,977.5,6,3.66,292
2026-06-20T14:00,39.1,28,0.00,977.0,23,3.69,297
2026-06-20T15:00,39.1,28,0.00,976.2,22,3.52,300
2026-06-20T16:00,38.9,29,0.00,975.6,18,3.42,297
2026-06-20T17:00,30.8,67,0.00,975.9,59,0.85,69
2026-06-20T18:00,35.8,39,0.00,975.6,8,1.80,214
2026-06-20T19:00,35.8,37,0.00,975.7,5,1.70,225
2026-06-20T20:00,36.0,35,0.00,976.0,2,1.57,253
2026-06-20T21:00,36.1,33,0.00,976.8,6,2.10,267
2026-06-20T22:00,35.7,34,0.00,977.3,8,2.20,267
2026-06-20T23:00,35.1,38,0.00,977.0,5,2.45,253
2026-06-21T00:00,34.0,39,0.00,976.7,3,2.60,270
2026-06-21T01:00,33.3,40,0.00,976.5,23,2.10,267
2026-06-21T02:00,32.6,42,0.00,976.2,62,1.86,264
2026-06-21T03:00,32.2,43,0.00,976.0,27,1.86,264
2026-06-21T04:00,31.8,45,0.00,976.2,3,1.91,264
2026-06-21T05:00,29.2,55,0.00,976.4,98,2.09,253
2026-06-21T06:00,30.0,53,0.00,977.2,75,2.23,326
2026-06-21T07:00,31.1,50,0.00,977.4,94,2.23,261
2026-06-21T08:00,32.3,46,0.00,977.6,100,2.50,282
2026-06-21T09:00,32.7,45,0.00,977.6,91,2.40,272
2026-06-21T10:00,34.5,41,0.00,977.5,8,2.47,278
2026-06-21T11:00,34.5,40,0.00,977.3,100,2.79,279
2026-06-21T12:00,35.3,37,0.00,976.8,100,2.47,288
2026-06-21T13:00,36.6,33,0.00,976.0,73,2.25,282
2026-06-21T14:00,38.0,29,0.00,975.1,18,2.56,282
2026-06-21T15:00,38.8,27,0.00,974.4,23,2.64,289
2026-06-21T16:00,38.6,27,0.00,974.2,52,2.79,285
2026-06-21T17:00,39.3,25,0.00,973.0,12,2.01,264
2026-06-21T18:00,38.6,25,0.00,973.2,20,2.71,266
2026-06-21T19:00,37.8,28,0.00,974.1,16,3.40,270
2026-06-21T20:00,37.4,29,0.00,975.0,3,3.97,265
2026-06-21T21:00,36.3,30,0.00,975.8,3,3.76,274
2026-06-21T22:00,35.0,33,0.00,976.3,20,3.10,288
2026-06-21T23:00,33.8,35,0.00,976.1,94,2.28,296
2026-06-22T00:00,33.1,36,0.00,976.1,34,1.95,312
2026-06-22T01:00,32.1,40,0.00,976.0,0,2.21,322
2026-06-22T02:00,31.1,46,0.00,976.1,5,2.53,335
2026-06-22T03:00,30.5,49,0.00,975.9,21,1.45,314
2026-06-22T04:00,30.3,50,0.00,975.8,98,0.96,279
2026-06-22T05:00,29.6,55,0.00,976.4,16,2.61,266
2026-06-22T06:00,29.3,56,0.00,977.1,35,3.14,261
2026-06-22T07:00,30.3,50,0.00,977.7,77,2.80,260
2026-06-22T08:00,32.0,41,0.00,977.7,100,1.86,275
2026-06-22T09:00,32.6,37,0.00,978.1,100,2.06,288
2026-06-22T10:00,32.8,37,0.00,978.3,93,3.85,295
2026-06-22T11:00,35.3,33,0.00,978.1,33,4.00,302
2026-06-22T12:00,36.4,33,0.00,977.1,90,3.12,325
2026-06-22T13:00,36.1,34,0.00,976.3,35,2.91,321
2026-06-22T14:00,36.9,32,0.30,975.9,29,3.56,299
2026-06-22T15:00,35.6,35,0.50,975.5,5,3.50,314
2026-06-22T16:00,35.3,37,0.10,975.2,18,2.84,319
2026-06-22T17:00,36.5,29,0.10,974.5,19,3.05,325
2026-06-22T18:00,36.0,30,0.00,974.4,23,2.48,312
2026-06-22T19:00,35.4,31,0.00,974.7,70,1.73,303
2026-06-22T20:00,35.1,33,0.00,975.2,75,1.86,284
2026-06-22T21:00,34.6,35,0.00,976.1,52,2.12,285
2026-06-22T22:00,33.8,38,0.00,976.3,63,1.98,311
2026-06-22T23:00,33.5,41,0.00,975.9,0,1.38,316
2026-06-23T00:00,32.3,46,0.00,975.5,1,0.85,320
2026-06-23T01:00,31.7,48,0.00,975.4,0,0.96,309
2026-06-23T02:00,31.0,51,0.00,975.2,0,1.03,331
2026-06-23T03:00,30.4,54,0.00,975.1,0,1.36,354
2026-06-23T04:00,29.8,55,0.00,974.9,1,1.30,2
2026-06-23T05:00,30.0,57,0.00,975.0,0,0.76,337
2026-06-23T06:00,30.5,55,0.00,975.4,0,0.68,306
2026-06-23T07:00,31.9,49,0.00,975.9,0,0.74,318
2026-06-23T08:00,33.5,43,0.00,976.0,0,0.89,333
2026-06-23T09:00,35.1,38,0.00,976.0,0,1.06,311
2026-06-23T10:00,36.7,33,0.00,975.8,5,1.66,303
2026-06-23T11:00,39.1,26,0.00,975.1,29,2.80,292
2026-06-23T12:00,37.3,28,0.40,975.0,91,5.13,318
2026-06-23T13:00,36.0,32,0.30,974.6,12,2.50,286
2026-06-23T14:00,37.6,27,0.00,973.9,52,3.64,283
2026-06-23T15:00,36.6,31,0.20,973.5,91,2.87,276
2026-06-23T16:00,36.5,31,0.00,973.2,100,3.15,295
2026-06-23T17:00,34.3,34,0.00,973.2,95,3.12,235
2026-06-23T18:00,34.4,34,0.00,972.9,81,2.10,242
2026-06-23T19:00,34.2,36,0.00,973.1,20,2.05,236
2026-06-23T20:00,33.5,39,0.00,974.0,3,0.97,258
2026-06-23T21:00,32.9,42,0.00,974.5,4,0.29,329
2026-06-23T22:00,32.6,44,0.00,975.0,2,0.41,194
2026-06-23T23:00,32.6,48,0.00,974.6,20,1.56,220
2026-06-24T00:00,31.6,52,0.00,974.6,2,0.72,258
2026-06-24T01:00,31.2,53,0.00,974.5,2,0.50,264
2026-06-24T02:00,30.7,54,0.00,974.2,9,0.92,221
2026-06-24T03:00,30.2,55,0.00,974.1,0,0.81,223
2026-06-24T04:00,29.9,56,0.00,974.2,0,0.81,240
2026-06-24T05:00,30.4,57,0.00,974.6,23,1.27,206
2026-06-24T06:00,30.1,56,0.00,975.2,2,2.04,197
2026-06-24T07:00,30.9,52,0.00,975.7,1,2.04,208
2026-06-24T08:00,33.3,42,0.00,976.0,1,2.16,220
2026-06-24T09:00,35.2,35,0.00,976.3,34,2.42,240
2026-06-24T10:00,36.3,33,0.00,976.1,23,1.86,243
2026-06-24T11:00,37.6,30,0.00,976.2,81,2.01,235
2026-06-24T12:00,36.8,31,0.00,975.6,100,2.94,252
2026-06-24T13:00,36.0,33,0.00,974.9,2,2.87,257
2026-06-24T14:00,37.9,29,0.00,974.0,2,1.70,268
2026-06-24T15:00,38.5,27,0.00,973.4,8,1.23,302
2026-06-24T16:00,38.5,25,0.00,973.1,19,1.49,320
2026-06-24T17:00,25.5,85,0.10,973.2,93,3.71,133
2026-06-24T18:00,31.4,53,0.20,972.9,14,2.15,152
2026-06-24T19:00,32.0,51,0.00,973.7,21,0.87,294
2026-06-24T20:00,32.1,51,0.00,974.2,21,0.60,138
2026-06-24T21:00,32.1,54,0.00,975.0,38,0.38,157
2026-06-24T22:00,32.3,54,0.00,975.8,61,0.67,27
2026-06-24T23:00,33.0,49,0.00,975.8,16,1.14,322
2026-06-25T00:00,32.0,56,0.00,975.6,18,0.65,360
2026-06-25T01:00,31.4,61,0.00,975.3,6,0.61,35
2026-06-25T02:00,30.8,66,0.00,974.9,2,0.64,45
2026-06-25T03:00,30.3,67,0.00,975.0,2,0.57,52
2026-06-25T04:00,29.8,69,0.00,975.3,4,0.57,38
2026-06-25T05:00,30.8,56,0.00,975.4,23,1.36,126
2026-06-25T06:00,31.1,56,0.00,976.1,31,1.17,137
2026-06-25T07:00,31.3,53,0.00,977.4,84,1.15,162
2026-06-25T08:00,29.7,64,1.80,978.2,66,0.35,45
2026-06-25T09:00,32.7,53,0.30,977.9,40,1.22,199
2026-06-25T10:00,35.0,42,0.00,978.0,45,1.73,226
2026-06-25T11:00,36.8,34,0.00,977.5,9,1.66,241
2026-06-25T12:00,37.5,32,0.00,977.0,3,0.97,258
2026-06-25T13:00,38.6,30,0.00,976.2,3,0.96,298
2026-06-25T14:00,39.2,29,0.00,975.4,20,0.99,330
2026-06-25T15:00,39.3,29,0.00,974.7,93,1.23,348
2026-06-25T16:00,38.6,30,0.00,974.1,84,1.77,8
2026-06-25T17:00,36.5,37,0.00,973.9,5,0.86,100
2026-06-25T18:00,37.3,34,0.00,974.0,1,0.76,122
2026-06-25T19:00,36.7,35,0.00,974.6,5,1.05,93
2026-06-25T20:00,36.4,37,0.00,975.3,5,1.40,90
2026-06-25T21:00,36.0,38,0.00,976.1,9,1.51,146
2026-06-25T22:00,35.8,39,0.00,976.7,5,1.41,174
2026-06-25T23:00,34.4,41,0.00,977.2,69,2.18,286
2026-06-26T00:00,32.8,48,0.30,976.8,25,1.04,325
2026-06-26T01:00,32.6,51,0.00,976.3,13,0.11,207
2026-06-26T02:00,32.7,50,0.00,976.2,9,1.04,215
2026-06-26T03:00,32.5,51,0.00,976.0,9,0.60,222
2026-06-26T04:00,32.4,50,0.00,976.6,8,1.35,222
2026-06-26T05:00,31.8,55,0.00,976.8,35,1.55,272
2026-06-26T06:00,31.6,57,0.00,977.4,62,1.30,242
2026-06-26T07:00,32.6,54,0.10,977.7,10,1.05,267
2026-06-26T08:00,34.5,47,0.00,978.2,6,1.05,273
2026-06-26T09:00,36.3,40,0.00,978.3,4,0.71,262
2026-06-26T10:00,38.0,36,0.00,978.4,4,0.38,247
2026-06-26T11:00,39.2,32,0.00,978.2,36,0.54,338
2026-06-26T12:00,39.9,30,0.00,977.7,23,0.60,24
2026-06-26T13:00,40.4,29,0.00,976.9,38,0.92,41
2026-06-26T14:00,40.4,29,0.00,976.2,67,1.03,43
2026-06-26T15:00,40.4,29,0.00,975.2,53,1.62,22
2026-06-26T16:00,38.8,32,0.00,975.0,88,1.37,156
2026-06-26T17:00,29.7,80,0.00,974.3,87,2.25,201
2026-06-26T18:00,34.5,47,0.60,974.8,31,2.55,138
2026-06-26T19:00,34.2,47,0.00,975.5,16,1.15,214
2026-06-26T20:00,34.4,48,0.00,976.3,5,0.59,160
2026-06-26T21:00,33.6,55,0.00,976.8,12,0.80,184
2026-06-26T22:00,33.8,55,0.00,977.3,9,0.96,261
2026-06-26T23:00,34.0,48,0.00,977.0,5,1.37,280
2026-06-27T00:00,33.5,52,0.00,976.6,4,0.92,283
2026-06-27T01:00,33.1,53,0.00,976.3,6,0.96,309
2026-06-27T02:00,32.8,55,0.00,976.1,4,0.97,305
2026-06-27T03:00,32.3,59,0.00,976.0,3,0.65,266
2026-06-27T04:00,31.7,60,0.00,976.3,2,0.81,281
2026-06-27T05:00,29.3,67,0.00,976.3,26,2.32,251
2026-06-27T06:00,29.9,68,0.30,977.0,14,2.65,223
2026-06-27T07:00,31.0,64,0.00,977.2,2,1.43,234
2026-06-27T08:00,34.0,50,0.00,977.3,2,1.48,282
2026-06-27T09:00,36.5,40,0.00,977.5,4,0.92,311
2026-06-27T10:00,38.5,33,0.00,977.4,2,0.71,321
2026-06-27T11:00,39.7,31,0.00,977.3,21,1.36,17
2026-06-27T12:00,38.9,34,0.00,976.6,29,1.75,2
2026-06-27T13:00,39.2,33,0.00,975.9,23,1.58,11
2026-06-27T14:00,39.7,32,0.00,975.0,15,1.57,9
2026-06-27T15:00,40.0,30,0.00,974.1,17,1.44,14
2026-06-27T16:00,40.0,29,0.00,973.0,19,1.70,360
2026-06-27T17:00,39.0,33,0.00,972.6,19,1.03,241
2026-06-27T18:00,39.0,31,0.00,972.8,24,0.15,360
2026-06-27T19:00,37.9,35,0.10,973.2,28,0.78,27
2026-06-27T20:00,37.4,37,0.00,973.5,16,1.21,187
2026-06-27T21:00,36.4,45,0.00,974.2,10,2.16,175
2026-06-27T22:00,35.5,51,0.00,974.6,5,2.05,177
2026-06-27T23:00,34.9,49,0.00,974.1,17,2.06,129
2026-06-28T00:00,35.6,45,0.20,974.1,66,1.46,186
2026-06-28T01:00,35.0,47,0.20,974.0,27,1.88,230
2026-06-28T02:00,33.8,52,0.00,973.6,12,2.47,212
2026-06-28T03:00,33.0,53,0.00,973.5,9,1.64,211
2026-06-28T04:00,32.9,52,0.00,973.8,6,1.05,239
2026-06-28T05:00,31.0,62,0.00,973.4,40,2.56,201
2026-06-28T06:00,31.4,61,0.00,973.3,20,2.09,197
2026-06-28T07:00,33.5,53,0.00,974.0,7,1.10,231
2026-06-28T08:00,35.6,45,0.00,974.7,3,1.52,224
2026-06-28T09:00,37.3,40,0.00,975.0,2,1.81,246
2026-06-28T10:00,39.1,35,0.00,975.0,16,0.70,291
2026-06-28T11:00,40.5,31,0.00,974.6,21,0.79,18
2026-06-28T12:00,41.5,28,0.00,973.8,20,1.48,12
2026-06-28T13:00,41.7,28,0.00,973.1,41,2.21,13
2026-06-28T14:00,41.5,29,0.00,972.2,38,2.61,5
2026-06-28T15:00,41.4,29,0.00,971.4,26,2.75,2
2026-06-28T16:00,40.9,30,0.00,970.9,28,2.83,347
2026-06-28T17:00,40.1,30,0.00,970.7,24,3.65,330
2026-06-28T18:00,39.1,33,0.00,971.1,2,3.33,327
2026-06-28T19:00,37.9,38,0.10,971.7,3,2.88,334
2026-06-28T20:00,37.5,38,0.00,972.3,3,2.02,337
2026-06-28T21:00,37.1,40,0.00,973.0,1,1.52,333
2026-06-28T22:00,36.8,41,0.00,973.3,1,1.13,315
2026-06-28T23:00,36.0,49,0.00,973.1,3,0.94,65
2026-06-29T00:00,35.9,48,0.00,972.7,1,1.10,120
2026-06-29T01:00,35.4,49,0.00,972.4,0,1.25,157
2026-06-29T02:00,35.3,47,0.00,972.1,2,1.62,171
2026-06-29T03:00,34.4,49,0.00,972.2,3,1.46,188
2026-06-29T04:00,34.0,50,0.00,972.5,2,1.46,202
2026-06-29T05:00,33.8,53,0.00,972.1,5,1.69,251
2026-06-29T06:00,33.6,52,0.10,972.4,13,3.20,241
2026-06-29T07:00,34.5,47,0.00,972.7,9,3.13,243
2026-06-29T08:00,36.3,41,0.00,973.3,2,2.00,248
2026-06-29T09:00,37.9,36,0.00,973.8,20,2.86,282
2026-06-29T10:00,38.5,34,0.20,974.0,10,2.48,304
2026-06-29T11:00,39.2,34,0.00,973.6,44,2.21,288
2026-06-29T12:00,40.7,29,0.10,973.3,19,2.47,302
2026-06-29T13:00,41.6,28,0.00,972.4,14,2.51,313
2026-06-29T14:00,42.2,27,0.00,971.5,29,3.25,315
2026-06-29T15:00,40.3,31,1.30,971.1,53,3.27,304
2026-06-29T16:00,40.0,32,0.10,970.3,25,2.55,315
2026-06-29T17:00,41.2,26,0.10,970.3,31,2.45,348
2026-06-29T18:00,40.2,28,0.00,970.1,20,1.61,26
2026-06-29T19:00,39.3,29,0.00,970.5,3,0.50,53
2026-06-29T20:00,38.6,32,0.00,971.3,6,1.19,158
2026-06-29T21:00,37.6,35,0.00,971.9,2,1.74,141
2026-06-29T22:00,36.5,39,0.00,972.6,4,1.83,145
2026-06-29T23:00,36.4,41,0.00,972.3,20,1.95,177
2026-06-30T00:00,32.8,55,0.70,972.2,77,2.60,128
2026-06-30T01:00,28.3,80,2.20,971.4,55,3.65,171
2026-06-30T02:00,30.5,67,0.10,970.5,13,2.40,203
2026-06-30T03:00,30.8,72,0.00,970.8,17,2.05,193
2026-06-30T04:00,31.4,68,0.00,971.6,55,1.88,209
2026-06-30T05:00,29.8,85,0.00,971.1,91,2.78,172
2026-06-30T06:00,32.1,71,0.00,971.8,100,2.14,196
2026-06-30T07:00,35.0,44,0.00,972.8,100,2.35,266
2026-06-30T08:00,35.5,40,0.00,973.5,100,3.54,279
2026-06-30T09:00,36.5,39,0.00,973.6,79,3.83,277
2026-06-30T10:00,37.5,37,0.00,974.0,100,3.93,285
2026-06-30T11:00,37.7,38,0.00,974.2,100,4.09,295
2026-06-30T12:00,38.3,37,0.00,974.3,96,2.80,317
2026-06-30T13:00,38.7,37,0.00,973.8,97,2.33,335
2026-06-30T14:00,37.5,41,0.00,972.9,96,2.32,37
2026-06-30T15:00,35.3,55,0.60,972.7,98,3.49,82
2026-06-30T16:00,34.5,60,0.60,972.5,98,1.50,111
2026-06-30T17:00,33.4,63,0.10,971.7,86,1.44,124
2026-06-30T18:00,35.0,54,0.00,971.9,70,2.02,136
2026-06-30T19:00,34.3,56,0.00,972.4,17,2.53,128
2026-06-30T20:00,33.1,61,0.00,973.0,34,3.47,118
2026-06-30T21:00,31.8,69,0.00,973.6,38,3.30,122
2026-06-30T22:00,31.3,72,0.00,974.1,38,2.89,113
2026-06-30T23:00,31.4,74,0.00,974.1,95,3.08,134
2026-07-01T00:00,31.1,75,0.00,974.0,100,2.70,130
2026-07-01T01:00,30.7,74,0.00,973.6,100,3.07,120
2026-07-01T02:00,30.2,73,0.00,973.8,73,2.82,113
2026-07-01T03:00,29.7,72,0.00,973.6,100,2.77,118
2026-07-01T04:00,29.3,74,0.00,974.0,81,2.53,115
2026-07-01T05:00,28.3,89,0.00,973.9,85,2.61,126
2026-07-01T06:00,26.8,92,0.50,974.6,99,3.44,118
2026-07-01T07:00,26.9,93,0.80,974.9,100,2.48,115
2026-07-01T08:00,28.0,87,0.50,975.2,98,2.11,112
2026-07-01T09:00,29.5,82,0.10,975.7,100,1.52,99
2026-07-01T10:00,30.0,80,0.00,975.9,100,1.75,88
2026-07-01T11:00,29.5,76,0.00,976.6,100,2.51,119
2026-07-01T12:00,29.8,76,0.00,976.1,100,2.07,122
2026-07-01T13:00,30.4,74,0.00,975.2,100,1.93,127
2026-07-01T14:00,31.2,71,0.00,974.4,99,1.95,103
2026-07-01T15:00,31.7,69,0.00,973.5,100,1.92,99
2026-07-01T16:00,31.2,70,0.00,973.1,99,2.07,105
2026-07-01T17:00,32.2,62,0.00,972.3,45,2.29,122
2026-07-01T18:00,31.0,68,0.00,972.5,45,1.73,123
2026-07-01T19:00,30.3,71,0.00,973.1,36,1.73,134
2026-07-01T20:00,30.0,73,0.00,973.8,39,1.33,160
2026-07-01T21:00,29.8,74,0.00,974.6,29,1.28,159
2026-07-01T22:00,29.6,77,0.00,975.5,70,1.00,127
2026-07-01T23:00,30.1,75,0.00,975.3,59,1.70,152
2026-07-02T00:00,30.0,76,0.00,975.5,34,0.61,81
2026-07-02T01:00,29.7,77,0.00,975.3,100,0.49,45
2026-07-02T02:00,29.4,76,0.00,975.0,100,1.13,139
2026-07-02T03:00,28.8,77,0.00,974.9,100,1.43,151
2026-07-02T04:00,28.6,76,0.00,975.5,100,1.03,137
2026-07-02T05:00,25.7,95,0.00,975.9,98,1.45,92
2026-07-02T06:00,26.1,90,2.60,976.2,97,0.71,231
2026-07-02T07:00,26.1,91,1.20,975.7,99,0.92,229
2026-07-02T08:00,27.3,87,0.20,975.6,94,0.98,204
2026-07-02T09:00,29.3,76,0.00,976.2,100,0.70,180
2026-07-02T10:00,28.9,77,0.00,976.5,98,0.51,169
2026-07-02T11:00,28.0,76,0.00,976.3,100,0.80,270
2026-07-02T12:00,28.3,74,0.00,975.9,56,0.76,293
2026-07-02T13:00,30.4,66,0.00,975.2,77,1.33,13
2026-07-02T14:00,30.9,63,0.00,974.0,65,1.20,318
2026-07-02T15:00,31.8,61,0.00,973.4,64,0.97,325
2026-07-02T16:00,31.9,60,0.00,972.9,73,0.86,280
2026-07-02T17:00,31.7,65,0.00,972.6,51,0.60,85
2026-07-02T18:00,31.3,67,0.00,972.7,82,0.81,22
2026-07-02T19:00,30.5,74,0.00,973.2,95,1.59,41
2026-07-02T20:00,29.9,79,0.00,973.9,97,1.99,62
2026-07-02T21:00,29.4,82,0.00,974.8,99,1.95,64
2026-07-02T22:00,29.0,85,0.00,975.5,97,1.64,70
2026-07-02T23:00,29.2,82,0.00,976.1,98,1.50,75
2026-07-03T00:00,28.9,85,0.00,975.7,86,1.60,70
2026-07-03T01:00,28.6,85,0.00,975.4,66,2.08,80
2026-07-03T02:00,28.2,87,0.00,975.0,32,2.18,81
2026-07-03T03:00,27.9,88,0.00,974.9,23,1.90,93
2026-07-03T04:00,27.7,89,0.00,974.8,27,1.77,98
2026-07-03T05:00,27.2,88,0.00,975.1,93,0.85,50
2026-07-03T06:00,27.9,83,0.00,975.5,95,0.78,63
2026-07-03T07:00,29.3,76,0.00,976.1,98,0.79,72
2026-07-03T08:00,31.1,67,0.00,976.0,96,0.91,81
2026-07-03T09:00,33.1,57,0.00,976.0,74,1.51,98
2026-07-03T10:00,34.3,51,0.00,976.1,68,2.12,117
2026-07-03T11:00,35.9,45,0.10,975.6,84,1.67,129
2026-07-03T12:00,34.9,50,0.00,975.3,95,2.05,137
2026-07-03T13:00,34.6,52,0.00,974.6,100,1.81,132
2026-07-03T14:00,34.8,51,0.00,973.6,100,1.22,125
2026-07-03T15:00,34.7,51,0.00,973.2,100,1.10,133
2026-07-03T16:00,34.9,51,0.00,972.6,100,0.99,135
2026-07-03T17:00,34.5,55,0.00,972.1,100,1.57,143
2026-07-03T18:00,33.3,60,0.00,972.7,100,2.02,138
2026-07-03T19:00,32.2,66,0.00,973.3,92,2.05,137
2026-07-03T20:00,31.5,71,0.00,973.9,96,1.53,128
2026-07-03T21:00,31.2,75,0.00,974.6,100,1.51,124
2026-07-03T22:00,30.9,77,0.00,974.7,100,1.30,118
2026-07-03T23:00,31.1,75,0.00,974.2,96,1.24,133
2026-07-04T00:00,31.1,73,0.00,974.2,92,1.27,101
2026-07-04T01:00,30.9,73,0.00,974.1,97,1.40,92
2026-07-04T02:00,30.8,73,0.00,974.0,100,1.56,97
2026-07-04T03:00,30.7,73,0.00,973.8,100,1.39,105
2026-07-04T04:00,30.4,72,0.00,973.7,100,1.11,82
2026-07-04T05:00,29.6,82,0.00,973.7,98,1.07,143
2026-07-04T06:00,29.8,81,0.00,974.2,95,1.05,121
2026-07-04T07:00,30.9,76,0.00,974.7,96,0.89,117
2026-07-04T08:00,32.0,66,0.10,974.5,92,1.59,131
2026-07-04T09:00,32.2,68,0.30,974.3,97,1.22,161
2026-07-04T10:00,33.7,61,0.00,974.5,98,1.14,142
2026-07-04T11:00,32.1,69,0.10,974.4,98,0.43,111
2026-07-04T12:00,34.2,59,0.10,974.1,98,0.40,330
2026-07-04T13:00,35.5,53,0.10,973.1,99,0.51,349
2026-07-04T14:00,36.0,50,0.10,972.0,100,1.31,353
2026-07-04T15:00,36.3,49,0.10,971.4,98,1.61,353
2026-07-04T16:00,35.9,51,0.10,970.8,100,1.82,8
2026-07-04T17:00,33.6,67,0.60,970.8,96,2.01,341
2026-07-04T18:00,33.0,70,0.00,970.4,98,1.42,350
2026-07-04T19:00,32.4,73,0.00,970.9,95,0.60,355
2026-07-04T20:00,32.0,78,0.00,971.5,98,0.85,90
2026-07-04T21:00,31.6,83,0.00,971.9,99,0.34,117
2026-07-04T22:00,30.9,83,0.00,972.7,98,1.75,121
2026-07-04T23:00,31.4,80,0.00,972.5,91,1.53,52
2026-07-05T00:00,30.6,85,0.00,972.1,95,1.25,16
2026-07-05T01:00,30.4,86,0.00,972.0,77,1.02,11
2026-07-05T02:00,30.2,85,0.00,971.9,69,1.27,26
2026-07-05T03:00,29.9,85,0.00,972.0,95,1.62,112
2026-07-05T04:00,29.2,88,0.10,972.3,90,1.61,116
2026-07-05T05:00,28.7,94,0.10,972.3,95,2.14,79
2026-07-05T06:00,29.6,89,0.00,972.7,75,1.05,93
2026-07-05T07:00,31.2,79,0.00,973.5,88,1.00,96
2026-07-05T08:00,32.9,69,0.00,973.4,94,0.96,99
2026-07-05T09:00,34.7,56,0.00,973.4,92,1.08,112
2026-07-05T10:00,33.4,58,0.40,973.8,95,3.06,94
2026-07-05T11:00,31.6,74,0.40,973.7,84,0.86,10
2026-07-05T12:00,34.1,64,0.00,973.1,82,0.86,353
2026-07-05T13:00,32.4,69,0.30,972.7,99,2.27,98
2026-07-05T14:00,31.6,75,0.30,971.8,96,1.44,110
2026-07-05T15:00,32.9,68,0.00,971.1,95,0.41,76
2026-07-05T16:00,33.6,63,0.00,970.7,95,0.36,56
2026-07-05T17:00,32.0,70,0.00,970.3,73,1.30,88
2026-07-05T18:00,31.9,72,0.00,970.7,87,1.20,85
2026-07-05T19:00,31.0,77,0.00,971.7,96,1.70,93
2026-07-05T20:00,30.7,79,0.00,972.5,99,2.55,125
2026-07-05T21:00,30.2,80,0.00,973.1,98,1.80,124
2026-07-05T22:00,30.1,81,0.00,973.6,95,1.05,115
2026-07-05T23:00,30.0,79,0.00,972.8,100,0.86,83
2026-07-06T00:00,30.1,79,0.00,973.1,100,1.89,102
2026-07-06T01:00,30.0,78,0.00,973.3,94,1.72,107
2026-07-06T02:00,29.7,79,0.00,972.9,95,1.78,122
2026-07-06T03:00,29.6,79,0.00,972.5,84,1.32,127
2026-07-06T04:00,29.7,79,0.00,973.0,73,0.38,67
2026-07-06T05:00,27.0,97,0.00,972.6,98,1.88,73
2026-07-06T06:00,27.7,95,0.00,973.0,99,1.60,51
2026-07-06T07:00,28.9,88,0.00,973.2,100,1.29,77
2026-07-06T08:00,30.6,79,0.00,974.0,98,1.10,95
2026-07-06T09:00,32.0,72,0.00,974.2,98,1.23,122
2026-07-06T10:00,33.5,64,0.10,974.5,84,1.67,141
2026-07-06T11:00,34.5,52,0.00,974.1,11,1.97,153
2026-07-06T12:00,36.8,42,0.00,973.4,29,0.78,153
2026-07-06T13:00,38.0,39,0.00,973.0,38,0.20,90
2026-07-06T14:00,38.7,37,0.00,971.8,14,0.36,56
2026-07-06T15:00,38.6,38,0.00,971.4,49,0.87,24
2026-07-06T16:00,37.2,42,0.00,970.8,77,1.47,55
2026-07-06T17:00,35.0,53,0.10,970.3,11,2.07,110
2026-07-06T18:00,34.3,60,0.10,970.7,7,1.44,166
2026-07-06T19:00,33.4,67,0.00,971.2,12,0.85,159
2026-07-06T20:00,33.1,70,0.00,971.9,9,0.61,99
2026-07-06T21:00,32.6,72,0.00,972.8,13,1.19,105
2026-07-06T22:00,32.0,74,0.00,973.2,5,1.09,106
2026-07-06T23:00,31.5,76,0.00,973.1,27,1.30,113
2026-07-07T00:00,31.2,79,0.00,973.1,66,0.91,99
2026-07-07T01:00,31.0,81,0.00,972.8,100,0.68,73
2026-07-07T02:00,30.7,83,0.00,972.4,95,0.93,106
2026-07-07T03:00,30.4,85,0.00,971.7,1,1.04,107
2026-07-07T04:00,30.0,86,0.00,972.0,20,0.76,157
2026-07-07T05:00,26.7,95,0.00,972.3,99,1.66,5
2026-07-07T06:00,27.2,97,0.70,972.5,98,1.10,5
2026-07-07T07:00,28.3,92,0.10,973.0,95,0.82,218
2026-07-07T08:00,30.2,84,0.00,973.7,91,1.62,236
2026-07-07T09:00,32.3,72,0.00,973.6,62,1.78,259
2026-07-07T10:00,33.8,61,0.00,973.5,96,2.02,226
2026-07-07T11:00,30.1,83,0.00,973.4,96,0.55,5
2026-07-07T12:00,32.8,66,0.00,973.2,94,0.52,163
2026-07-07T13:00,32.9,63,0.00,972.6,100,1.30,274
2026-07-07T14:00,33.1,60,0.00,971.7,99,0.43,324
2026-07-07T15:00,32.3,65,0.00,970.9,100,2.41,84
2026-07-07T16:00,29.6,84,0.10,970.4,100,2.53,99
2026-07-07T17:00,26.6,93,0.40,970.3,100,1.85,92
2026-07-07T18:00,26.7,95,2.50,970.1,100,0.42,45
2026-07-07T19:00,26.7,96,1.80,970.9,100,0.78,333
2026-07-07T20:00,26.8,95,1.60,972.0,100,1.08,77
2026-07-07T21:00,26.7,97,0.60,973.0,100,1.61,106
2026-07-07T22:00,26.7,95,0.00,973.2,100,0.96,118
2026-07-07T23:00,26.9,94,0.00,972.5,99,0.87,103
2026-07-08T00:00,26.9,94,0.00,972.3,100,0.83,115
2026-07-08T01:00,27.0,94,0.00,971.7,99,0.18,326
2026-07-08T02:00,26.9,94,0.00,971.9,100,2.76,328
2026-07-08T03:00,26.9,90,0.00,971.9,98,1.45,27
2026-07-08T04:00,26.7,92,0.00,972.0,100,2.17,29
2026-07-08T05:00,26.2,98,0.50,971.6,100,1.59,41
2026-07-08T06:00,26.5,97,1.00,971.7,100,2.90,42
2026-07-08T07:00,26.8,95,0.50,972.0,100,2.60,60
2026-07-08T08:00,27.4,92,0.20,972.4,100,2.97,70
2026-07-08T09:00,27.8,89,0.00,972.6,100,2.38,68
2026-07-08T10:00,28.9,82,0.00,972.7,100,2.68,76
2026-07-08T11:00,27.8,90,0.20,972.7,100,2.11,97
2026-07-08T12:00,28.1,85,0.80,972.4,100,2.44,64
2026-07-08T13:00,29.4,78,0.30,971.8,100,2.07,53
2026-07-08T14:00,29.5,78,0.30,971.0,98,1.95,40
2026-07-08T15:00,29.3,80,0.30,970.4,100,2.08,10
2026-07-08T16:00,29.4,79,0.30,969.8,100,2.27,8
2026-07-08T17:00,27.0,93,0.80,970.5,100,3.48,35
2026-07-08T18:00,26.5,95,1.70,970.1,100,2.26,354
2026-07-08T19:00,26.4,95,0.60,970.4,100,2.18,20
2026-07-08T20:00,26.6,93,0.40,971.3,100,2.68,37
2026-07-08T21:00,26.8,95,1.20,971.8,100,2.90,36
2026-07-08T22:00,26.8,95,1.70,971.8,100,3.04,42
2026-07-08T23:00,26.5,95,2.70,971.3,100,2.33,10
2026-07-09T00:00,26.2,96,3.30,970.9,100,2.45,360
2026-07-09T01:00,26.0,97,3.00,970.3,100,2.52,353
2026-07-09T02:00,26.0,96,1.90,970.0,100,2.60,358
2026-07-09T03:00,25.6,96,3.80,969.6,100,2.95,326
2026-07-09T04:00,25.7,96,13.50,970.0,100,3.12,325
2026-07-09T05:00,25.4,96,28.60,970.9,100,3.17,6
2026-07-09T06:00,25.1,98,10.50,970.1,100,3.76,346
2026-07-09T07:00,25.3,97,10.50,970.6,100,4.76,3
2026-07-09T08:00,25.8,91,27.80,971.5,100,5.36,357
2026-07-09T09:00,25.4,92,30.60,971.7,100,4.63,354
2026-07-09T10:00,25.3,94,8.20,972.2,100,3.74,332
2026-07-09T11:00,25.2,94,6.10,973.5,100,2.63,14
2026-07-09T12:00,25.4,94,3.30,973.1,100,2.30,336
2026-07-09T13:00,26.4,92,1.40,972.7,100,2.26,325
2026-07-09T14:00,27.6,83,0.30,972.2,100,3.44,334
2026-07-09T15:00,28.6,76,0.00,972.4,100,3.22,336
2026-07-09T16:00,28.9,76,0.00,971.7,100,2.77,326
2026-07-09T17:00,29.1,76,0.00,971.5,100,3.35,333
2026-07-09T18:00,28.3,81,0.00,971.7,98,3.13,353
2026-07-09T19:00,27.3,88,0.00,972.4,91,2.21,355
2026-07-09T20:00,26.8,90,0.00,972.8,99,1.81,332
2026-07-09T21:00,26.4,91,0.00,973.6,99,1.25,323
2026-07-09T22:00,26.1,93,0.00,973.4,95,1.30,298
2026-07-09T23:00,26.8,97,0.00,973.5,96,1.72,352
2026-07-10T00:00,26.4,97,0.00,973.1,98,1.84,338
2026-07-10T01:00,26.2,97,0.00,972.5,98,1.44,304
2026-07-10T02:00,26.1,97,0.00,972.3,99,1.73,327
2026-07-10T03:00,25.9,97,0.00,972.1,100,1.83,305
2026-07-10T04:00,25.7,96,0.00,972.6,87,2.26,298
2026-07-10T05:00,27.2,97,0.00,972.5,77,1.39,285
2026-07-10T06:00,27.3,97,0.20,972.9,92,1.01,327
2026-07-10T07:00,27.5,89,0.80,973.8,100,2.38,350
2026-07-10T08:00,28.0,88,0.40,973.8,56,1.84,311
2026-07-10T09:00,29.4,81,0.10,974.5,100,2.71,337
2026-07-10T10:00,29.2,79,0.10,974.7,65,2.91,336
2026-07-10T11:00,30.9,72,0.00,974.2,72,2.83,318
2026-07-10T12:00,31.9,65,0.00,974.2,73,2.83,324
2026-07-10T13:00,32.3,61,0.00,973.3,11,3.05,328
2026-07-10T14:00,32.6,60,0.00,972.7,22,3.00,330
2026-07-10T15:00,32.7,59,0.00,972.4,13,2.84,332
2026-07-10T16:00,32.5,61,0.00,971.8,2,2.37,335
2026-07-10T17:00,32.1,64,0.00,971.2,22,1.70,320
2026-07-10T18:00,31.5,69,0.00,971.8,24,1.03,309
2026-07-10T19:00,30.3,76,0.00,972.2,40,1.08,304
2026-07-10T20:00,29.6,79,0.00,972.9,66,1.59,294
2026-07-10T21:00,29.1,81,0.00,973.5,100,1.20,312
2026-07-10T22:00,28.8,84,0.00,973.6,97,0.35,45
2026-07-10T23:00,29.0,85,0.00,973.3,100,0.86,7
2026-07-11T00:00,28.4,88,0.00,972.7,98,1.11,234
2026-07-11T01:00,28.2,89,0.00,972.3,87,0.85,310
2026-07-11T02:00,28.0,91,0.00,971.8,92,0.39,320
2026-07-11T03:00,27.7,92,0.00,971.8,99,0.32,321
2026-07-11T04:00,27.7,92,0.00,971.9,98,0.21,166
2026-07-11T05:00,27.4,92,0.00,972.0,37,0.25,79
2026-07-11T06:00,27.5,93,0.00,972.4,52,0.61,351
2026-07-11T07:00,28.6,86,0.10,972.9,38,0.85,62
2026-07-11T08:00,28.5,87,1.00,973.7,66,1.36,17
2026-07-11T09:00,29.8,82,0.30,973.5,28,1.24,194
2026-07-11T10:00,31.8,69,0.00,973.4,26,2.04,248
2026-07-11T11:00,33.4,61,0.00,973.3,19,3.24,290
2026-07-11T12:00,33.9,60,0.00,972.9,16,2.42,294
2026-07-11T13:00,34.2,60,0.00,972.1,46,1.97,294
2026-07-11T14:00,34.3,59,0.00,971.4,85,1.66,277
2026-07-11T15:00,34.3,58,0.00,970.8,89,1.54,257
2026-07-11T16:00,34.2,57,0.00,970.2,34,1.61,244
2026-07-11T17:00,34.4,59,0.00,970.1,15,0.72,258
2026-07-11T18:00,33.4,65,0.00,970.4,19,0.71,225
2026-07-11T19:00,32.0,75,0.10,970.8,16,0.43,144
2026-07-11T20:00,31.2,81,0.00,971.4,19,0.71,82
2026-07-11T21:00,30.7,83,0.00,971.9,18,1.06,139
2026-07-11T22:00,30.3,84,0.00,972.1,14,1.48,152
2026-07-11T23:00,31.4,77,0.00,971.8,41,1.36,197
2026-07-12T00:00,30.6,77,0.00,970.9,8,1.47,215
2026-07-12T01:00,30.2,78,0.00,970.4,4,1.23,243
2026-07-12T02:00,29.8,80,0.00,969.9,3,1.35,248
2026-07-12T03:00,29.5,80,0.00,969.4,16,1.23,249
2026-07-12T04:00,29.3,80,0.00,969.4,52,0.95,273
2026-07-12T05:00,29.8,74,0.00,969.1,4,2.80,239
2026-07-12T06:00,29.9,72,0.00,969.7,3,2.71,245
2026-07-12T07:00,30.6,71,0.00,970.1,2,2.56,253
2026-07-12T08:00,31.6,66,0.00,970.5,34,3.19,256
2026-07-12T09:00,32.4,64,0.00,971.1,16,3.11,259
2026-07-12T10:00,33.3,61,0.00,971.2,2,2.98,261
2026-07-12T11:00,34.7,58,0.00,971.3,19,3.11,274
2026-07-12T12:00,35.0,55,0.10,971.4,16,2.81,282
2026-07-12T13:00,35.2,54,0.10,970.7,26,2.69,288
2026-07-12T14:00,35.3,54,0.10,970.3,23,2.44,296
2026-07-12T15:00,34.9,55,0.10,970.2,41,2.57,294
2026-07-12T16:00,33.8,60,0.30,970.2,91,2.48,295
2026-07-12T17:00,35.1,54,0.10,969.6,18,1.28,291
2026-07-12T18:00,33.9,63,0.00,969.7,30,1.12,291
2026-07-12T19:00,32.7,69,0.00,969.9,69,1.20,287
2026-07-12T20:00,32.2,70,0.00,970.5,88,1.04,253
2026-07-12T21:00,31.8,71,0.00,971.4,59,1.12,238
2026-07-12T22:00,31.4,72,0.00,971.8,34,1.49,230
2026-07-12T23:00,32.1,71,0.00,971.3,41,2.35,232
2026-07-13T00:00,30.7,74,0.20,971.1,30,1.70,246
2026-07-13T01:00,30.5,69,0.00,971.0,14,3.27,281
2026-07-13T02:00,29.8,70,0.00,970.9,0,2.27,278
2026-07-13T03:00,29.2,72,0.00,970.8,2,1.81,276
2026-07-13T04:00,28.7,74,0.00,971.0,27,1.95,273
2026-07-13T05:00,29.3,73,0.00,971.0,1,3.11,259
2026-07-13T06:00,29.3,72,0.00,971.3,71,2.91,265
2026-07-13T07:00,30.2,71,0.00,971.7,41,2.40,266
2026-07-13T08:00,31.5,66,0.00,972.5,26,2.35,271
2026-07-13T09:00,32.6,62,0.00,972.7,42,2.66,275
2026-07-13T10:00,33.8,58,0.00,972.8,30,2.65,281
2026-07-13T11:00,35.1,52,0.00,972.7,24,2.68,284
2026-07-13T12:00,35.5,50,0.00,972.8,20,2.18,279
2026-07-13T13:00,36.0,48,0.00,972.4,23,1.81,265
2026-07-13T14:00,36.1,47,0.00,971.9,22,1.97,263
2026-07-13T15:00,36.0,47,0.00,971.3,11,2.36,265
2026-07-13T16:00,35.9,48,0.00,971.1,48,2.41,265
2026-07-13T17:00,35.0,56,0.00,970.8,88,1.56,174
2026-07-13T18:00,33.8,64,0.00,971.2,77,1.27,132
2026-07-13T19:00,33.1,68,0.00,971.4,94,1.01,171
2026-07-13T20:00,32.8,68,0.00,972.2,97,1.49,230
2026-07-13T21:00,32.4,65,0.00,972.6,97,1.75,272
2026-07-13T22:00,31.5,67,0.00,973.2,93,2.30,319
2026-07-13T23:00,31.2,71,0.00,972.8,91,1.62,248
2026-07-14T00:00,30.3,76,0.00,972.9,85,1.22,251
2026-07-14T01:00,30.0,77,0.00,972.4,59,1.08,257
2026-07-14T02:00,29.8,75,0.00,972.4,41,1.73,280
2026-07-14T03:00,29.3,76,0.00,972.4,58,1.84,317
2026-07-14T04:00,28.8,75,0.00,972.7,45,1.97,333
2026-07-14T05:00,26.4,91,0.00,973.1,96,2.88,219
2026-07-14T06:00,27.4,84,0.40,973.2,63,3.89,254
2026-07-14T07:00,28.8,76,0.00,973.4,27,2.50,237
2026-07-14T08:00,31.4,68,0.00,973.6,45,1.88,259
2026-07-14T09:00,32.6,60,0.00,974.3,12,2.25,269
2026-07-14T10:00,33.8,57,0.00,974.7,9,2.43,262
2026-07-14T11:00,35.8,48,0.00,974.8,16,2.91,282
2026-07-14T12:00,36.2,46,0.00,974.7,10,2.71,286
2026-07-14T13:00,36.5,43,0.00,974.3,15,2.57,283
2026-07-14T14:00,36.7,42,0.00,973.7,14,2.25,282
2026-07-14T15:00,36.8,41,0.00,973.2,57,2.38,285
2026-07-14T16:00,36.5,41,0.00,972.9,45,2.73,284
2026-07-14T17:00,30.0,76,0.00,973.0,100,3.14,194
2026-07-14T18:00,30.4,74,0.60,973.0,98,2.30,214
2026-07-14T19:00,29.5,79,0.00,974.0,95,2.77,206
2026-07-14T20:00,29.0,80,0.20,974.7,87,1.90,235
2026-07-14T21:00,28.9,80,0.00,975.1,86,2.05,223
2026-07-14T22:00,29.1,79,0.00,975.6,79,1.91,237
2026-07-14T23:00,29.4,73,0.00,975.5,96,1.72,206
2026-07-15T00:00,26.8,84,0.60,975.3,100,1.56,135
2026-07-15T01:00,27.0,83,0.10,974.9,60,2.09,191
2026-07-15T02:00,26.6,87,0.00,975.1,60,1.61,106
2026-07-15T03:00,26.3,88,0.00,974.3,99,1.04,107
2026-07-15T04:00,26.5,89,0.00,974.3,100,0.79,215
2026-07-15T05:00,26.1,91,0.00,975.3,98,3.41,129
2026-07-15T06:00,25.1,95,11.10,975.9,100,2.53,153
2026-07-15T07:00,26.1,98,2.50,975.3,26,2.27,194
2026-07-15T08:00,28.7,86,0.10,976.2,70,1.51,186
2026-07-15T09:00,30.8,75,0.00,976.6,29,0.74,208
2026-07-15T10:00,33.1,61,0.00,976.8,7,1.80,267
2026-07-15T11:00,35.2,49,0.00,976.7,33,2.31,275
2026-07-15T12:00,35.8,45,0.00,976.4,38,1.96,285
2026-07-15T13:00,36.2,43,0.10,975.7,41,2.28,296
2026-07-15T14:00,35.9,44,0.10,975.2,30,2.31,309
2026-07-15T15:00,35.9,46,0.00,974.8,18,2.05,304
2026-07-15T16:00,35.7,47,0.00,974.2,9,2.11,284
2026-07-15T17:00,35.5,45,0.00,974.0,11,0.74,208
2026-07-15T18:00,34.7,47,0.00,974.5,2,1.82,196
2026-07-15T19:00,33.6,54,0.00,975.0,19,2.39,200
2026-07-15T20:00,33.0,58,0.00,975.6,5,2.16,230
2026-07-15T21:00,32.5,60,0.00,976.3,8,1.72,262
2026-07-15T22:00,32.3,60,0.00,976.9,26,1.36,264
2026-07-15T23:00,33.2,59,0.00,976.2,45,1.11,252
