latitude,longitude,elevation,utc_offset_seconds,timezone,timezone_abbreviation
28.700005,77.20001,231.0,19800,Asia/Kolkata,GMT+5:30

time,pm10 (μg/m³),pm2_5 (μg/m³),carbon_monoxide (μg/m³),nitrogen_dioxide (μg/m³),sulphur_dioxide (μg/m³),ozone (μg/m³)
2026-07-19T18:30,661.2,137.4,293.0,29.2,17.1,80.0

time,pm10 (μg/m³),pm2_5 (μg/m³),nitrogen_dioxide (μg/m³),sulphur_dioxide (μg/m³),ozone (μg/m³),carbon_monoxide (μg/m³)
2026-04-15T00:00,323.2,60.3,19.1,14.2,85.0,555.0
2026-04-15T01:00,207.7,46.6,17.2,13.8,87.0,584.0
2026-04-15T02:00,129.5,36.9,16.5,14.3,89.0,616.0
2026-04-15T03:00,101.3,32.4,17.4,16.0,87.0,639.0
2026-04-15T04:00,94.1,31.2,19.6,18.6,84.0,665.0
2026-04-15T05:00,113.9,35.5,19.3,17.1,82.0,704.0
2026-04-15T06:00,122.5,42.0,23.4,20.5,88.0,794.0
2026-04-15T07:00,116.9,48.4,28.7,25.2,97.0,898.0
2026-04-15T08:00,114.3,43.2,30.0,27.7,111.0,912.0
2026-04-15T09:00,110.6,31.8,23.6,26.5,135.0,753.0
2026-04-15T10:00,143.0,26.0,13.2,23.2,163.0,505.0
2026-04-15T11:00,197.4,29.7,5.3,19.6,181.0,312.0
2026-04-15T12:00,276.6,34.3,2.6,15.9,182.0,235.0
2026-04-15T13:00,364.1,40.3,2.4,12.0,173.0,212.0
2026-04-15T14:00,438.7,46.1,3.1,9.2,163.0,208.0
2026-04-15T15:00,502.9,51.2,3.3,7.9,158.0,203.0
2026-04-15T16:00,556.9,56.3,4.4,7.6,152.0,216.0
2026-04-15T17:00,491.7,51.1,8.7,8.8,156.0,265.0
2026-04-15T18:00,521.5,61.7,20.5,12.4,131.0,373.0
2026-04-15T19:00,523.4,74.7,36.8,17.4,95.0,517.0
2026-04-15T20:00,568.1,88.2,49.8,21.6,67.0,646.0
2026-04-15T21:00,618.4,99.9,56.3,24.3,53.0,739.0
2026-04-15T22:00,642.6,107.1,59.5,26.2,45.0,818.0
2026-04-15T23:00,633.3,109.4,60.6,27.1,39.0,896.0
2026-04-16T00:00,603.5,108.3,59.2,26.4,34.0,993.0
2026-04-16T01:00,575.6,108.3,55.8,24.8,30.0,1090.0
2026-04-16T02:00,551.3,109.0,53.0,23.5,27.0,1139.0
2026-04-16T03:00,523.4,108.5,51.7,22.8,19.0,1092.0
2026-04-16T04:00,499.2,107.8,51.0,22.6,12.0,997.0
2026-04-16T05:00,442.4,93.6,38.8,22.4,39.0,959.0
2026-04-16T06:00,427.5,99.7,41.8,24.9,58.0,1075.0
2026-04-16T07:00,314.8,103.6,45.4,28.2,85.0,1247.0
2026-04-16T08:00,214.2,80.1,44.5,30.5,113.0,1283.0
2026-04-16T09:00,120.6,44.9,34.8,31.3,143.0,1043.0
2026-04-16T10:00,67.3,23.4,20.7,31.0,173.0,667.0
2026-04-16T11:00,57.4,18.3,9.7,29.1,192.0,377.0
2026-04-16T12:00,70.3,18.9,5.0,24.1,193.0,271.0
2026-04-16T13:00,107.8,22.8,3.4,17.5,183.0,252.0
2026-04-16T14:00,145.3,23.6,3.4,12.5,172.0,252.0
2026-04-16T15:00,184.9,26.5,3.5,10.4,163.0,232.0
2026-04-16T16:00,214.2,29.5,5.1,10.0,153.0,231.0
2026-04-16T17:00,153.2,27.6,10.5,13.7,159.0,299.0
2026-04-16T18:00,186.7,36.8,20.9,16.9,136.0,500.0
2026-04-16T19:00,195.6,49.1,35.0,21.3,105.0,770.0
2026-04-16T20:00,244.0,57.7,43.8,24.0,82.0,962.0
2026-04-16T21:00,275.7,58.6,41.6,23.4,77.0,1001.0
2026-04-16T22:00,258.9,54.6,34.0,21.2,80.0,962.0
2026-04-16T23:00,190.0,47.1,29.0,19.8,80.0,930.0
2026-04-17T00:00,150.4,43.4,30.3,20.0,72.0,936.0
2026-04-17T01:00,136.0,45.2,34.2,20.8,61.0,949.0
2026-04-17T02:00,134.6,49.2,37.9,22.3,52.0,960.0
2026-04-17T03:00,145.8,53.4,40.0,24.5,45.0,955.0
2026-04-17T04:00,149.0,54.9,41.9,27.3,40.0,947.0
2026-04-17T05:00,289.6,85.0,42.2,24.8,34.0,969.0
2026-04-17T06:00,260.8,86.1,44.9,26.9,50.0,1078.0
2026-04-17T07:00,249.6,82.7,48.1,29.8,73.0,1217.0
2026-04-17T08:00,240.3,80.6,47.2,31.9,100.0,1247.0
2026-04-17T09:00,253.3,75.0,38.5,32.6,134.0,1066.0
2026-04-17T10:00,265.4,67.3,25.8,32.4,171.0,777.0
2026-04-17T11:00,235.2,55.6,15.5,31.5,201.0,547.0
2026-04-17T12:00,212.8,49.1,10.0,29.3,219.0,449.0
2026-04-17T13:00,201.2,45.2,6.9,26.2,230.0,410.0
2026-04-17T14:00,202.1,43.2,5.7,23.9,232.0,385.0
2026-04-17T15:00,205.4,42.1,6.8,22.8,223.0,345.0
2026-04-17T16:00,190.5,40.5,9.9,22.5,207.0,319.0
2026-04-17T17:00,400.5,56.1,9.9,15.8,161.0,340.0
2026-04-17T18:00,243.1,44.6,15.7,17.2,141.0,436.0
2026-04-17T19:00,167.6,43.7,23.6,19.1,112.0,579.0
2026-04-17T20:00,190.0,50.2,29.5,20.6,90.0,727.0
2026-04-17T21:00,264.5,60.8,31.6,21.2,79.0,884.0
2026-04-17T22:00,332.5,70.8,31.7,21.4,74.0,1045.0
2026-04-17T23:00,368.8,77.3,30.5,21.2,71.0,1150.0
2026-04-18T00:00,361.4,77.8,27.6,20.6,70.0,1155.0
2026-04-18T01:00,340.9,75.9,23.5,19.6,71.0,1104.0
2026-04-18T02:00,320.4,74.0,20.7,18.9,71.0,1069.0
2026-04-18T03:00,290.6,71.9,20.0,18.3,65.0,1091.0
2026-04-18T04:00,252.4,69.2,20.5,17.8,57.0,1129.0
2026-04-18T05:00,443.3,99.4,21.7,19.4,58.0,1128.0
2026-04-18T06:00,455.4,107.3,25.2,21.7,67.0,1063.0
2026-04-18T07:00,376.3,109.2,29.6,24.9,80.0,959.0
2026-04-18T08:00,462.9,109.7,30.8,27.8,100.0,838.0
2026-04-18T09:00,461.0,101.0,25.6,30.7,133.0,687.0
2026-04-18T10:00,415.4,87.8,17.0,33.1,172.0,519.0
2026-04-18T11:00,370.7,78.0,10.1,33.0,198.0,388.0
2026-04-18T12:00,353.0,68.0,6.5,28.0,201.0,321.0
2026-04-18T13:00,348.3,61.2,4.5,20.4,191.0,292.0
2026-04-18T14:00,331.6,54.9,3.9,14.4,178.0,277.0
2026-04-18T15:00,325.0,51.0,4.2,11.5,167.0,248.0
2026-04-18T16:00,323.2,48.3,5.9,10.3,153.0,234.0
2026-04-18T17:00,322.2,49.7,10.5,12.0,149.0,299.0
2026-04-18T18:00,309.2,55.5,21.7,14.9,127.0,518.0
2026-04-18T19:00,309.2,67.1,37.0,18.8,96.0,816.0
2026-04-18T20:00,319.4,75.2,47.9,21.6,71.0,1028.0
2026-04-18T21:00,322.2,80.1,51.0,22.4,59.0,1079.0
2026-04-18T22:00,319.4,81.7,49.7,22.0,53.0,1044.0
2026-04-18T23:00,311.1,78.5,45.8,20.9,52.0,989.0
2026-04-19T00:00,299.0,71.2,38.2,18.6,58.0,927.0
2026-04-19T01:00,276.6,63.6,28.1,15.5,69.0,845.0
2026-04-19T02:00,246.8,57.4,20.7,13.3,76.0,768.0
2026-04-19T03:00,234.2,54.4,18.1,12.5,75.0,678.0
2026-04-19T04:00,240.3,54.4,18.3,12.6,70.0,595.0
2026-04-19T05:00,314.8,68.2,26.8,14.6,59.0,599.0
2026-04-19T06:00,305.5,68.9,30.5,15.8,62.0,803.0
2026-04-19T07:00,285.9,73.1,35.2,17.5,68.0,1094.0
2026-04-19T08:00,281.3,76.6,35.8,19.3,83.0,1222.0
2026-04-19T09:00,306.4,78.2,28.3,21.5,117.0,1022.0
2026-04-19T10:00,301.7,71.9,16.6,23.8,161.0,658.0
2026-04-19T11:00,287.8,58.7,7.7,24.2,190.0,373.0
2026-04-19T12:00,271.9,48.5,4.3,21.3,192.0,267.0
2026-04-19T13:00,247.7,41.8,3.7,16.6,179.0,239.0
2026-04-19T14:00,269.2,40.0,4.3,12.9,166.0,231.0
2026-04-19T15:00,267.3,38.3,4.6,10.9,161.0,222.0
2026-04-19T16:00,263.6,38.1,6.2,10.0,157.0,234.0
2026-04-19T17:00,396.7,47.5,9.7,8.3,144.0,270.0
2026-04-19T18:00,379.0,52.0,19.3,11.3,122.0,356.0
2026-04-19T19:00,357.6,58.8,32.2,15.4,93.0,468.0
2026-04-19T20:00,366.9,65.7,39.4,18.0,73.0,534.0
2026-04-19T21:00,489.9,81.0,35.4,17.5,73.0,512.0
2026-04-19T22:00,722.7,107.3,25.8,15.6,83.0,445.0
2026-04-19T23:00,778.6,118.3,17.8,13.8,91.0,391.0
2026-04-20T00:00,614.7,102.4,14.1,12.8,94.0,372.0
2026-04-20T01:00,463.8,83.6,12.1,11.9,95.0,367.0
2026-04-20T02:00,358.6,68.9,11.5,11.8,93.0,367.0
2026-04-20T03:00,282.2,58.6,12.6,12.5,85.0,362.0
2026-04-20T04:00,244.0,54.6,15.1,13.9,74.0,362.0
2026-04-20T05:00,832.6,152.3,13.1,14.3,73.0,392.0
2026-04-20T06:00,774.9,152.3,16.2,15.8,72.0,494.0
2026-04-20T07:00,655.7,147.6,20.2,17.9,72.0,625.0
2026-04-20T08:00,631.4,139.2,21.6,19.7,81.0,681.0
2026-04-20T09:00,510.4,116.9,17.7,21.6,108.0,590.0
2026-04-20T10:00,338.1,80.1,11.1,23.3,144.0,423.0
2026-04-20T11:00,247.7,50.9,5.9,22.9,167.0,291.0
2026-04-20T12:00,255.2,41.7,3.7,18.7,167.0,237.0
2026-04-20T13:00,311.1,42.7,3.0,12.4,154.0,218.0
2026-04-20T14:00,393.0,47.1,3.2,7.7,142.0,213.0
2026-04-20T15:00,493.6,53.3,4.0,6.1,137.0,212.0
2026-04-20T16:00,558.8,59.5,5.7,6.1,132.0,226.0
2026-04-20T17:00,711.5,78.2,9.1,7.6,136.0,262.0
2026-04-20T18:00,810.3,93.8,13.2,9.6,125.0,342.0
2026-04-20T19:00,853.1,107.8,18.7,12.4,109.0,445.0
2026-04-20T20:00,897.8,118.5,22.5,14.4,97.0,515.0
2026-04-20T21:00,897.8,124.3,22.9,15.0,93.0,525.0
2026-04-20T22:00,864.3,126.2,21.6,14.8,93.0,501.0
2026-04-20T23:00,802.8,123.4,19.7,14.3,93.0,466.0
2026-04-21T00:00,722.7,116.9,17.3,13.6,93.0,416.0
2026-04-21T01:00,642.6,110.4,14.5,12.6,93.0,354.0
2026-04-21T02:00,583.0,105.0,12.6,12.0,92.0,316.0
2026-04-21T03:00,542.0,100.8,12.1,11.9,88.0,309.0
2026-04-21T04:00,512.2,97.8,12.5,12.1,84.0,326.0
2026-04-21T05:00,434.9,87.1,14.6,13.2,79.0,373.0
2026-04-21T06:00,386.5,86.4,18.9,15.7,81.0,492.0
2026-04-21T07:00,319.4,86.4,24.5,19.1,86.0,642.0
2026-04-21T08:00,313.9,83.1,26.4,20.9,96.0,708.0
2026-04-21T09:00,326.9,75.0,20.7,19.8,118.0,608.0
2026-04-21T10:00,335.3,63.6,11.3,17.2,145.0,423.0
2026-04-21T11:00,339.9,52.3,4.2,14.6,165.0,281.0
2026-04-21T12:00,388.4,50.8,2.0,12.5,170.0,235.0
2026-04-21T13:00,470.3,56.2,2.2,10.5,166.0,233.0
2026-04-21T14:00,545.8,61.9,3.1,9.1,161.0,242.0
2026-04-21T15:00,610.9,67.3,3.8,8.6,158.0,255.0
2026-04-21T16:00,644.5,71.7,5.2,8.7,153.0,280.0
2026-04-21T17:00,704.1,78.5,8.2,9.0,154.0,307.0
2026-04-21T18:00,719.0,86.1,14.6,11.2,136.0,333.0
2026-04-21T19:00,711.5,95.9,23.4,14.3,110.0,360.0
2026-04-21T20:00,739.5,105.7,29.9,16.6,89.0,392.0
2026-04-21T21:00,771.1,114.8,31.9,17.3,78.0,431.0
2026-04-21T22:00,787.9,122.0,31.6,17.1,72.0,474.0
2026-04-21T23:00,778.6,125.3,30.6,16.8,67.0,513.0
2026-04-22T00:00,741.3,124.8,29.1,16.3,63.0,547.0
2026-04-22T01:00,679.9,121.5,27.0,15.7,60.0,577.0
2026-04-22T02:00,603.5,116.4,25.2,15.2,58.0,594.0
2026-04-22T03:00,512.2,107.8,24.0,15.0,55.0,576.0
2026-04-22T04:00,426.5,98.7,23.3,15.0,53.0,546.0
2026-04-22T05:00,463.8,98.5,17.2,14.0,73.0,556.0
2026-04-22T06:00,419.1,98.5,20.7,15.7,77.0,675.0
2026-04-22T07:00,380.0,98.3,25.3,17.9,84.0,836.0
2026-04-22T08:00,364.1,93.4,26.4,19.2,97.0,890.0
2026-04-22T09:00,316.6,76.4,20.8,18.7,123.0,732.0
2026-04-22T10:00,262.6,54.8,11.7,17.2,156.0,468.0
2026-04-22T11:00,260.8,43.9,4.9,15.4,178.0,270.0
2026-04-22T12:00,311.1,44.0,2.6,13.1,181.0,215.0
2026-04-22T13:00,387.4,48.1,2.5,10.5,174.0,227.0
2026-04-22T14:00,454.5,52.5,3.3,8.8,165.0,246.0
2026-04-22T15:00,510.4,56.6,3.7,8.2,160.0,251.0
2026-04-22T16:00,521.5,59.1,5.0,8.5,154.0,263.0
2026-04-22T17:00,592.3,68.7,9.7,10.2,151.0,291.0
2026-04-22T18:00,597.9,76.6,19.2,13.3,129.0,350.0
2026-04-22T19:00,592.3,86.4,32.2,17.5,99.0,426.0
2026-04-22T20:00,610.9,95.5,40.8,20.6,76.0,481.0
2026-04-22T21:00,635.2,102.7,41.0,21.4,69.0,499.0
2026-04-22T22:00,644.5,106.4,36.7,21.1,71.0,496.0
2026-04-22T23:00,648.2,105.7,32.5,20.3,72.0,492.0
2026-04-23T00:00,590.5,99.9,29.5,19.2,71.0,496.0
2026-04-23T01:00,467.5,91.0,26.5,17.6,71.0,499.0
2026-04-23T02:00,453.6,89.9,23.9,16.1,69.0,487.0
2026-04-23T03:00,475.9,91.7,21.9,14.8,64.0,441.0
2026-04-23T04:00,440.5,85.2,20.3,13.7,57.0,382.0
2026-04-23T05:00,375.3,70.1,17.4,11.4,58.0,356.0
2026-04-23T06:00,364.1,65.7,18.7,12.0,64.0,407.0
2026-04-23T07:00,341.8,63.6,20.4,12.9,74.0,492.0
2026-04-23T08:00,348.3,61.0,20.2,13.6,88.0,530.0
2026-04-23T09:00,376.3,60.8,16.4,14.3,111.0,472.0
2026-04-23T10:00,358.6,55.2,10.6,14.9,139.0,367.0
2026-04-23T11:00,313.9,46.2,6.2,14.9,160.0,285.0
2026-04-23T12:00,272.9,39.2,4.1,13.7,167.0,251.0
2026-04-23T13:00,234.2,34.9,3.3,11.9,167.0,240.0
2026-04-23T14:00,215.1,33.4,3.7,10.7,164.0,240.0
2026-04-23T15:00,217.9,33.8,4.5,10.5,162.0,243.0
2026-04-23T16:00,224.0,34.6,6.4,11.0,158.0,257.0
2026-04-23T17:00,346.5,47.1,11.3,11.3,144.0,298.0
2026-04-23T18:00,366.9,55.3,24.3,14.8,120.0,388.0
2026-04-23T19:00,353.0,66.6,42.1,19.7,86.0,504.0
2026-04-23T20:00,339.9,73.1,54.9,23.2,60.0,592.0
2026-04-23T21:00,309.2,72.4,58.1,24.2,49.0,632.0
2026-04-23T22:00,275.7,69.2,56.1,23.8,45.0,643.0
2026-04-23T23:00,240.3,64.5,52.7,22.6,43.0,629.0
2026-04-24T00:00,213.7,59.8,47.9,20.4,42.0,571.0
2026-04-24T01:00,197.4,56.8,41.7,17.6,43.0,488.0
2026-04-24T02:00,200.7,56.8,37.0,15.4,42.0,435.0
2026-04-24T03:00,218.9,59.3,35.5,14.4,34.0,430.0
2026-04-24T04:00,232.4,62.2,35.7,14.1,25.0,455.0
2026-04-24T05:00,295.2,60.1,25.7,11.8,45.0,510.0
2026-04-24T06:00,254.3,59.1,28.0,13.4,55.0,634.0
2026-04-24T07:00,197.9,60.3,30.8,15.7,70.0,789.0
2026-04-24T08:00,198.4,63.1,30.6,18.5,93.0,858.0
2026-04-24T09:00,222.6,66.4,24.5,22.9,134.0,764.0
2026-04-24T10:00,228.2,63.1,15.3,27.9,184.0,584.0
2026-04-24T11:00,190.9,46.3,8.2,29.9,215.0,434.0
2026-04-24T12:00,173.2,38.8,5.0,26.3,212.0,355.0
2026-04-24T13:00,197.9,38.5,3.8,19.7,190.0,306.0
2026-04-24T14:00,237.5,42.0,4.0,14.7,170.0,277.0
2026-04-24T15:00,280.3,44.1,4.6,12.8,159.0,262.0
2026-04-24T16:00,319.4,46.8,6.6,12.3,150.0,267.0
2026-04-24T17:00,364.1,52.7,11.7,12.0,139.0,303.0
2026-04-24T18:00,427.5,62.9,20.0,14.1,118.0,385.0
2026-04-24T19:00,448.9,74.0,31.3,17.0,89.0,497.0
2026-04-24T20:00,468.5,81.5,38.9,19.0,66.0,600.0
2026-04-24T21:00,525.3,88.7,39.6,19.3,57.0,695.0
2026-04-24T22:00,575.6,96.4,36.6,18.7,54.0,781.0
2026-04-24T23:00,586.7,101.5,33.3,17.8,52.0,814.0
2026-04-25T00:00,579.3,104.3,30.7,16.7,49.0,755.0
2026-04-25T01:00,551.3,105.5,27.7,15.3,48.0,643.0
2026-04-25T02:00,605.4,110.8,24.5,14.4,48.0,558.0
2026-04-25T03:00,765.5,127.1,20.4,14.1,51.0,525.0
2026-04-25T04:00,802.8,135.5,16.0,14.2,55.0,518.0
2026-04-25T05:00,529.0,100.8,17.9,13.7,56.0,536.0
2026-04-25T06:00,540.2,105.2,20.2,15.2,60.0,609.0
2026-04-25T07:00,493.6,108.5,23.2,17.4,66.0,707.0
2026-04-25T08:00,497.3,110.8,23.6,19.2,79.0,733.0
2026-04-25T09:00,495.5,106.9,18.9,20.9,106.0,616.0
2026-04-25T10:00,436.8,88.9,11.6,22.2,140.0,426.0
2026-04-25T11:00,432.1,78.0,6.0,21.9,162.0,281.0
2026-04-25T12:00,440.5,71.2,3.7,18.5,162.0,230.0
2026-04-25T13:00,488.0,70.3,3.0,13.5,151.0,223.0
2026-04-25T14:00,530.9,70.3,3.3,9.8,139.0,224.0
2026-04-25T15:00,627.7,77.1,4.3,8.8,129.0,218.0
2026-04-25T16:00,841.9,100.8,6.2,9.2,119.0,219.0
2026-04-25T17:00,730.2,90.3,8.4,10.4,128.0,237.0
2026-04-25T18:00,976.0,122.0,10.3,11.7,119.0,281.0
2026-04-25T19:00,1195.8,168.1,13.0,13.4,106.0,341.0
2026-04-25T20:00,1180.9,183.9,15.2,14.7,95.0,395.0
2026-04-25T21:00,1039.4,175.6,16.4,15.0,88.0,443.0
2026-04-25T22:00,855.0,155.5,17.0,14.8,83.0,484.0
2026-04-25T23:00,713.4,134.1,17.2,14.4,79.0,500.0
2026-04-26T00:00,620.3,117.8,16.5,13.8,75.0,470.0
2026-04-26T01:00,566.2,108.0,15.4,13.1,71.0,415.0
2026-04-26T02:00,521.5,102.0,14.9,12.7,67.0,373.0
2026-04-26T03:00,486.2,98.3,15.6,12.6,59.0,350.0
2026-04-26T04:00,461.9,95.7,16.9,12.7,50.0,340.0
2026-04-26T05:00,689.2,133.6,15.6,14.3,54.0,367.0
2026-04-26T06:00,648.2,135.5,17.6,15.3,59.0,480.0
2026-04-26T07:00,571.8,134.6,20.1,16.8,68.0,630.0
2026-04-26T08:00,609.1,131.3,20.4,17.6,80.0,695.0
2026-04-26T09:00,489.9,105.7,16.1,17.6,101.0,589.0
2026-04-26T10:00,368.8,75.0,9.6,16.9,127.0,397.0
2026-04-26T11:00,434.9,70.8,4.6,15.7,144.0,252.0
2026-04-26T12:00,510.4,70.8,2.8,13.3,145.0,213.0
2026-04-26T13:00,594.2,75.2,2.6,10.2,138.0,221.0
2026-04-26T14:00,668.7,80.8,3.2,8.1,131.0,234.0
2026-04-26T15:00,724.6,85.4,4.3,7.8,127.0,234.0
2026-04-26T16:00,754.4,89.9,6.1,8.4,122.0,239.0
2026-04-26T17:00,774.9,91.7,9.8,9.8,126.0,254.0
2026-04-26T18:00,836.3,103.6,14.4,11.9,114.0,288.0
2026-04-26T19:00,868.0,115.9,20.7,14.8,98.0,331.0
2026-04-26T20:00,933.2,128.5,24.9,16.9,86.0,365.0
2026-04-26T21:00,976.0,139.2,25.0,17.4,84.0,380.0
2026-04-26T22:00,968.6,143.9,23.1,17.0,87.0,384.0
2026-04-26T23:00,882.9,137.4,21.2,16.5,88.0,384.0
2026-04-27T00:00,735.7,124.3,19.8,15.9,87.0,376.0
2026-04-27T01:00,624.0,114.6,18.4,15.1,84.0,363.0
2026-04-27T02:00,568.1,109.9,18.0,14.6,80.0,365.0
2026-04-27T03:00,538.3,108.3,19.0,14.4,71.0,387.0
2026-04-27T04:00,517.8,107.3,21.0,14.6,59.0,423.0
2026-04-27T05:00,545.8,110.8,22.2,16.0,57.0,478.0
2026-04-27T06:00,502.9,113.2,25.0,19.2,65.0,586.0
2026-04-27T07:00,439.6,113.2,28.4,23.5,77.0,712.0
2026-04-27T08:00,426.5,103.4,28.7,26.1,94.0,755.0
2026-04-27T09:00,288.7,72.4,22.6,25.6,122.0,639.0
2026-04-27T10:00,173.7,44.9,13.2,23.3,154.0,439.0
2026-04-27T11:00,157.9,34.9,6.1,20.5,176.0,287.0
2026-04-27T12:00,182.5,33.9,3.4,17.2,179.0,238.0
2026-04-27T13:00,245.9,37.5,3.0,13.4,172.0,236.0
2026-04-27T14:00,326.0,43.7,3.5,10.5,162.0,242.0
2026-04-27T15:00,425.6,51.0,4.5,8.8,151.0,246.0
2026-04-27T16:00,502.9,58.0,6.4,7.9,137.0,258.0
2026-04-27T17:00,851.2,91.5,8.0,8.8,157.0,268.0
2026-04-27T18:00,1054.3,120.6,11.5,10.9,141.0,270.0
2026-04-27T19:00,1255.4,158.3,16.3,13.8,119.0,269.0
2026-04-27T20:00,1374.6,188.1,20.0,15.8,100.0,275.0
2026-04-27T21:00,1307.6,194.2,21.3,16.2,87.0,295.0
2026-04-27T22:00,1158.6,186.7,21.4,15.8,77.0,322.0
2026-04-27T23:00,1005.8,174.2,21.3,15.2,69.0,342.0
2026-04-28T00:00,881.0,162.5,20.8,14.5,62.0,345.0
2026-04-28T01:00,791.6,153.2,20.0,13.6,56.0,341.0
2026-04-28T02:00,724.6,145.8,20.4,13.2,50.0,343.0
2026-04-28T03:00,665.0,140.2,23.0,13.5,40.0,346.0
2026-04-28T04:00,609.1,136.0,26.9,14.4,29.0,355.0
2026-04-28T05:00,901.5,160.7,16.4,14.2,58.0,402.0
2026-04-28T06:00,936.9,163.9,16.6,16.3,62.0,542.0
2026-04-28T07:00,1002.1,170.0,16.6,19.1,69.0,719.0
2026-04-28T08:00,1147.4,175.6,15.6,20.5,78.0,797.0
2026-04-28T09:00,1039.4,154.6,12.3,19.3,92.0,681.0
2026-04-28T10:00,797.2,118.7,8.0,16.7,108.0,464.0
2026-04-28T11:00,638.9,93.8,4.7,14.5,121.0,296.0
2026-04-28T12:00,497.3,73.6,3.5,13.3,129.0,229.0
2026-04-28T13:00,428.4,63.6,3.5,12.4,134.0,209.0
2026-04-28T14:00,431.2,62.2,4.0,11.7,135.0,223.0
2026-04-28T15:00,455.4,63.6,4.9,11.0,132.0,288.0
2026-04-28T16:00,480.6,64.7,6.3,10.5,124.0,387.0
2026-04-28T17:00,311.1,55.4,15.3,21.4,134.0,452.0
2026-04-28T18:00,296.2,59.3,20.1,24.4,121.0,441.0
2026-04-28T19:00,318.5,67.3,26.9,28.5,103.0,396.0
2026-04-28T20:00,295.2,69.2,32.2,31.0,87.0,378.0
2026-04-28T21:00,274.7,71.2,35.0,30.6,74.0,425.0
2026-04-28T22:00,249.6,75.0,36.4,28.7,63.0,499.0
2026-04-28T23:00,288.7,75.0,36.5,26.5,55.0,549.0
2026-04-29T00:00,288.7,71.5,34.8,24.2,50.0,544.0
2026-04-29T01:00,273.8,70.3,31.9,21.6,47.0,515.0
2026-04-29T02:00,260.8,70.8,29.3,19.6,46.0,505.0
2026-04-29T03:00,282.2,69.2,27.5,18.6,44.0,531.0
2026-04-29T04:00,275.7,65.2,26.1,18.2,44.0,575.0
2026-04-29T05:00,210.5,42.3,12.3,11.9,78.0,626.0
2026-04-29T06:00,149.9,39.5,13.9,13.7,78.0,706.0
2026-04-29T07:00,159.3,40.7,15.9,16.3,79.0,793.0
2026-04-29T08:00,181.1,42.4,16.5,18.6,86.0,806.0
2026-04-29T09:00,227.7,43.9,14.4,20.3,105.0,679.0
2026-04-29T10:00,247.7,44.4,10.9,21.7,132.0,478.0
2026-04-29T11:00,252.4,46.0,8.0,22.4,154.0,322.0
2026-04-29T12:00,259.8,49.1,6.3,21.9,170.0,258.0
2026-04-29T13:00,260.8,50.4,5.2,20.7,183.0,239.0
2026-04-29T14:00,250.5,49.4,5.0,19.4,189.0,238.0
2026-04-29T15:00,226.8,46.0,5.7,17.7,186.0,249.0
2026-04-29T16:00,207.2,43.2,7.2,16.0,176.0,278.0
2026-04-29T17:00,255.2,53.7,9.3,22.7,189.0,322.0
2026-04-29T18:00,214.2,54.6,15.8,23.1,164.0,395.0
2026-04-29T19:00,181.1,54.6,24.7,23.6,130.0,482.0
2026-04-29T20:00,210.0,57.4,30.3,23.2,103.0,532.0
2026-04-29T21:00,284.1,61.7,29.4,21.0,91.0,512.0
2026-04-29T22:00,274.7,59.1,25.3,17.8,86.0,456.0
2026-04-29T23:00,223.5,51.1,22.1,15.4,81.0,412.0
2026-04-30T00:00,179.3,45.2,21.4,14.2,73.0,401.0
2026-04-30T01:00,133.2,41.4,21.6,13.8,65.0,404.0
2026-04-30T02:00,101.7,40.3,22.3,13.8,58.0,409.0
2026-04-30T03:00,101.7,43.4,24.0,14.3,49.0,407.0
2026-04-30T04:00,129.5,48.1,26.2,15.3,40.0,407.0
2026-04-30T05:00,150.9,56.7,38.6,20.5,39.0,434.0
2026-04-30T06:00,142.5,54.9,36.9,23.2,53.0,526.0
2026-04-30T07:00,204.9,62.6,34.3,26.9,74.0,644.0
2026-04-30T08:00,360.4,74.5,29.9,28.6,97.0,692.0
2026-04-30T09:00,501.1,81.7,22.2,26.7,124.0,600.0
2026-04-30T10:00,560.7,84.3,12.8,23.0,154.0,439.0
2026-04-30T11:00,551.3,78.7,5.9,19.6,174.0,325.0
2026-04-30T12:00,512.2,71.0,3.4,17.1,179.0,309.0
2026-04-30T13:00,491.7,67.5,3.5,15.0,176.0,340.0
2026-04-30T14:00,438.7,61.0,4.8,13.9,170.0,384.0
2026-04-30T15:00,375.3,54.9,7.4,14.2,164.0,440.0
2026-04-30T16:00,364.1,55.6,11.2,15.5,155.0,509.0
2026-04-30T17:00,468.5,79.6,15.3,31.1,199.0,555.0
2026-04-30T18:00,423.8,80.3,20.2,31.0,176.0,559.0
2026-04-30T19:00,370.7,79.4,26.9,30.7,144.0,541.0
2026-04-30T20:00,306.4,73.3,30.3,29.8,120.0,526.0
2026-04-30T21:00,330.6,71.7,27.5,27.6,114.0,525.0
2026-04-30T22:00,356.7,72.2,21.6,24.8,116.0,526.0
2026-04-30T23:00,357.6,71.2,16.8,22.4,118.0,519.0
2026-05-01T00:00,380.0,73.3,14.8,21.1,115.0,494.0
2026-05-01T01:00,438.7,79.2,14.0,20.3,112.0,460.0
2026-05-01T02:00,476.8,83.8,13.3,19.6,108.0,438.0
2026-05-01T03:00,488.0,85.4,12.5,18.5,103.0,435.0
2026-05-01T04:00,472.2,83.8,11.9,17.5,99.0,444.0
2026-05-01T05:00,635.2,116.6,25.3,23.5,71.0,464.0
2026-05-01T06:00,517.8,105.2,22.9,23.2,80.0,509.0
2026-05-01T07:00,453.6,90.8,19.4,22.8,95.0,565.0
2026-05-01T08:00,427.5,79.6,16.0,23.1,114.0,593.0
2026-05-01T09:00,436.8,74.7,12.7,24.8,143.0,565.0
2026-05-01T10:00,448.9,74.0,9.4,27.3,177.0,509.0
2026-05-01T11:00,471.2,76.6,7.0,28.8,204.0,466.0
2026-05-01T12:00,486.2,78.0,5.7,28.4,219.0,455.0
2026-05-01T13:00,482.4,78.7,5.2,27.2,228.0,458.0
2026-05-01T14:00,462.9,78.2,5.5,26.4,233.0,464.0
2026-05-01T15:00,443.3,78.0,6.4,26.8,237.0,472.0
2026-05-01T16:00,419.1,77.1,8.1,27.8,238.0,483.0
2026-05-01T17:00,295.2,65.0,9.4,21.2,221.0,492.0
2026-05-01T18:00,253.3,67.1,16.8,23.1,194.0,494.0
2026-05-01T19:00,224.4,70.5,26.8,25.7,157.0,495.0
2026-05-01T20:00,244.9,71.7,33.0,27.0,129.0,505.0
2026-05-01T21:00,272.9,71.7,31.9,25.9,120.0,541.0
2026-05-01T22:00,290.6,70.5,27.0,23.7,121.0,587.0
2026-05-01T23:00,319.4,71.5,22.5,21.7,121.0,606.0
2026-05-02T00:00,346.5,73.1,19.7,20.5,119.0,572.0
2026-05-02T01:00,360.4,74.3,17.3,19.7,116.0,511.0
2026-05-02T02:00,361.4,74.3,15.8,19.3,113.0,469.0
2026-05-02T03:00,352.0,72.6,15.3,19.5,107.0,459.0
2026-05-02T04:00,340.9,71.7,15.6,20.2,100.0,468.0
2026-05-02T05:00,316.6,71.5,16.9,24.6,100.0,501.0
2026-05-02T06:00,299.0,72.6,19.0,26.6,105.0,585.0
2026-05-02T07:00,304.5,72.4,21.6,29.4,114.0,694.0
2026-05-02T08:00,333.4,75.0,22.1,31.9,130.0,748.0
2026-05-02T09:00,386.5,78.7,18.3,33.9,162.0,697.0
2026-05-02T10:00,441.4,83.6,12.3,35.5,202.0,593.0
2026-05-02T11:00,476.8,86.8,7.6,35.8,232.0,507.0
2026-05-02T12:00,489.9,89.4,5.6,33.8,245.0,468.0
2026-05-02T13:00,434.9,84.1,4.9,30.4,248.0,447.0
2026-05-02T14:00,376.3,76.6,5.1,27.6,245.0,438.0
2026-05-02T15:00,347.4,72.9,5.3,25.7,239.0,441.0
2026-05-02T16:00,334.3,71.2,6.4,24.4,227.0,455.0
2026-05-02T17:00,627.7,99.0,13.0,22.5,207.0,470.0
2026-05-02T18:00,530.9,96.9,18.9,24.2,185.0,483.0
2026-05-02T19:00,449.8,96.9,26.9,26.4,154.0,498.0
2026-05-02T20:00,486.2,100.6,31.7,27.4,130.0,515.0
2026-05-02T21:00,519.7,102.0,30.5,26.1,120.0,542.0
2026-05-02T22:00,547.6,102.9,26.1,23.7,116.0,573.0
2026-05-02T23:00,556.9,102.7,22.1,21.7,114.0,585.0
2026-05-03T00:00,555.1,102.2,19.7,20.9,111.0,564.0
2026-05-03T01:00,540.2,100.6,17.6,20.6,108.0,525.0
2026-05-03T02:00,491.7,96.4,16.2,20.6,106.0,495.0
2026-05-03T03:00,451.7,92.7,15.6,20.7,101.0,477.0
2026-05-03T04:00,446.1,90.8,15.6,21.0,97.0,468.0
2026-05-03T05:00,717.1,123.9,11.7,20.1,125.0,485.0
2026-05-03T06:00,625.8,117.1,13.5,22.6,126.0,561.0
2026-05-03T07:00,607.2,110.4,15.8,26.0,130.0,663.0
2026-05-03T08:00,607.2,107.1,16.5,28.6,140.0,716.0
2026-05-03T09:00,637.0,108.0,13.9,29.7,165.0,672.0
2026-05-03T10:00,651.9,107.3,9.7,30.0,197.0,579.0
2026-05-03T11:00,661.2,105.9,6.5,29.2,220.0,503.0
2026-05-03T12:00,685.5,105.0,5.2,26.8,225.0,469.0
2026-05-03T13:00,715.3,104.3,5.0,23.3,220.0,452.0
2026-05-03T14:00,743.2,103.8,5.4,20.6,212.0,446.0
2026-05-03T15:00,771.1,104.5,6.6,19.4,203.0,452.0
2026-05-03T16:00,717.1,99.2,8.6,19.0,190.0,468.0
2026-05-03T17:00,786.0,100.6,11.5,20.0,185.0,481.0
2026-05-03T18:00,750.6,99.9,13.4,19.3,171.0,487.0
2026-05-03T19:00,601.6,88.7,16.0,18.4,152.0,490.0
2026-05-03T20:00,252.4,61.0,17.7,17.7,137.0,488.0
2026-05-03T21:00,264.5,61.0,17.7,17.4,132.0,478.0
2026-05-03T22:00,380.9,68.0,16.8,17.4,131.0,462.0
2026-05-03T23:00,558.8,88.7,15.7,17.5,130.0,444.0
2026-05-04T00:00,638.9,101.3,14.6,17.6,126.0,424.0
2026-05-04T01:00,562.5,96.4,13.3,17.8,122.0,401.0
2026-05-04T02:00,455.4,85.7,12.4,18.1,118.0,383.0
2026-05-04T03:00,461.9,81.5,11.9,18.7,113.0,361.0
2026-05-04T04:00,674.3,103.1,11.8,19.4,109.0,343.0
2026-05-04T05:00,285.0,44.8,12.7,14.8,111.0,356.0
2026-05-04T06:00,129.5,31.9,14.7,14.2,111.0,438.0
2026-05-04T07:00,102.7,28.8,17.3,13.5,112.0,551.0
2026-05-04T08:00,99.7,28.1,18.0,13.1,117.0,608.0
2026-05-04T09:00,369.7,52.3,15.0,13.3,130.0,556.0
2026-05-04T10:00,271.9,46.7,10.1,14.0,147.0,449.0
2026-05-04T11:00,238.0,45.3,6.9,14.9,161.0,361.0
2026-05-04T12:00,214.2,42.6,7.0,16.3,168.0,317.0
2026-05-04T13:00,155.1,38.4,8.8,18.1,171.0,292.0
2026-05-04T14:00,89.6,30.7,10.8,19.2,171.0,284.0
2026-05-04T15:00,251.5,43.7,12.7,19.3,167.0,298.0
2026-05-04T16:00,370.7,55.1,14.9,18.7,160.0,328.0
2026-05-04T17:00,125.7,35.0,17.8,28.9,167.0,360.0
2026-05-04T18:00,209.5,42.4,17.8,24.5,156.0,390.0
2026-05-04T19:00,164.8,41.6,17.9,18.4,139.0,422.0
2026-05-04T20:00,58.2,29.7,18.8,14.4,124.0,449.0
2026-05-04T21:00,44.6,29.3,21.5,14.6,111.0,473.0
2026-05-04T22:00,88.9,34.9,25.1,16.8,100.0,493.0
2026-05-04T23:00,119.2,43.0,27.1,18.3,90.0,501.0
2026-05-05T00:00,130.9,46.2,26.3,17.6,83.0,487.0
2026-05-05T01:00,109.9,44.0,23.9,16.2,79.0,461.0
2026-05-05T02:00,95.5,41.8,21.9,15.1,75.0,446.0
2026-05-05T03:00,85.7,39.1,20.6,14.4,71.0,452.0
2026-05-05T04:00,144.8,41.7,19.6,14.0,67.0,469.0
2026-05-05T05:00,61.0,37.8,19.4,15.9,74.0,488.0
2026-05-05T06:00,53.1,38.5,21.6,17.5,81.0,515.0
2026-05-05T07:00,62.2,41.1,24.5,19.6,92.0,544.0
2026-05-05T08:00,74.7,41.2,24.8,21.6,109.0,554.0
2026-05-05T09:00,101.5,39.3,20.3,23.3,136.0,528.0
2026-05-05T10:00,140.6,40.0,13.3,24.8,168.0,482.0
2026-05-05T11:00,94.1,32.5,7.9,25.3,193.0,442.0
2026-05-05T12:00,100.1,32.7,5.6,24.0,205.0,413.0
2026-05-05T13:00,114.1,34.9,4.9,21.7,209.0,390.0
2026-05-05T14:00,117.1,35.7,5.6,20.4,209.0,386.0
2026-05-05T15:00,123.9,37.1,7.5,21.0,207.0,412.0
2026-05-05T16:00,127.6,38.5,10.7,22.6,201.0,457.0
2026-05-05T17:00,78.5,34.1,17.6,28.7,192.0,497.0
2026-05-05T18:00,80.1,35.7,23.2,29.8,170.0,518.0
2026-05-05T19:00,81.0,42.8,30.9,31.3,139.0,534.0
2026-05-05T20:00,81.0,47.3,37.2,32.1,113.0,561.0
2026-05-05T21:00,76.6,50.9,40.3,31.5,96.0,615.0
2026-05-05T22:00,75.0,54.0,41.8,30.2,84.0,679.0
2026-05-05T23:00,72.9,56.1,43.2,28.8,73.0,724.0
2026-05-06T00:00,73.3,58.8,44.0,27.2,64.0,728.0
2026-05-06T01:00,75.4,61.7,44.7,25.6,56.0,712.0
2026-05-06T02:00,78.0,64.5,47.6,25.1,48.0,710.0
2026-05-06T03:00,84.1,68.7,56.7,26.1,32.0,736.0
2026-05-06T04:00,91.7,74.3,68.0,28.1,16.0,776.0
2026-05-06T05:00,82.0,75.0,63.5,28.5,24.0,817.0
2026-05-06T06:00,82.0,74.3,53.3,35.3,58.0,879.0
2026-05-06T07:00,82.7,68.5,39.0,44.4,105.0,943.0
2026-05-06T08:00,104.1,62.2,26.6,48.7,145.0,931.0
2026-05-06T09:00,152.3,55.8,17.9,44.0,170.0,777.0
2026-05-06T10:00,257.0,56.1,11.0,34.6,188.0,549.0
2026-05-06T11:00,213.7,46.3,6.2,26.6,200.0,372.0
2026-05-06T12:00,170.9,37.7,3.9,22.4,206.0,301.0
2026-05-06T13:00,166.2,36.9,3.8,19.6,205.0,281.0
2026-05-06T14:00,182.5,38.6,4.4,17.7,202.0,278.0
2026-05-06T15:00,208.2,40.2,4.9,16.3,197.0,283.0
2026-05-06T16:00,248.7,44.2,6.3,15.8,189.0,305.0
2026-05-06T17:00,285.9,44.2,9.8,14.4,183.0,328.0
2026-05-06T18:00,283.1,53.1,28.7,19.2,151.0,344.0
2026-05-06T19:00,310.1,72.9,54.2,25.7,108.0,361.0
2026-05-06T20:00,299.0,76.1,68.8,29.3,78.0,398.0
2026-05-06T21:00,327.8,70.8,62.0,27.3,73.0,482.0
2026-05-06T22:00,338.1,67.8,44.2,22.5,81.0,585.0
2026-05-06T23:00,292.4,63.1,29.5,18.5,89.0,638.0
2026-05-07T00:00,272.9,59.5,23.1,16.5,91.0,598.0
2026-05-07T01:00,214.2,53.0,19.7,15.3,93.0,509.0
2026-05-07T02:00,176.5,46.9,17.2,14.7,96.0,431.0
2026-05-07T03:00,314.8,56.0,14.8,14.6,101.0,379.0
2026-05-07T04:00,331.6,56.9,13.4,15.1,107.0,339.0
2026-05-07T05:00,597.9,93.4,12.1,13.4,124.0,328.0
2026-05-07T06:00,434.0,83.1,14.6,14.6,128.0,375.0
2026-05-07T07:00,461.0,87.5,17.9,16.1,135.0,452.0
2026-05-07T08:00,489.9,83.8,18.9,17.1,144.0,489.0
2026-05-07T09:00,592.3,85.4,15.3,16.9,158.0,444.0
2026-05-07T10:00,791.6,106.6,9.5,16.1,175.0,360.0
2026-05-07T11:00,823.3,107.6,5.3,15.6,187.0,299.0
2026-05-07T12:00,797.2,102.0,4.4,15.9,191.0,286.0
2026-05-07T13:00,821.4,102.9,5.2,16.5,190.0,296.0
2026-05-07T14:00,877.3,107.6,6.4,17.2,188.0,321.0
2026-05-07T15:00,961.1,116.6,7.7,18.0,187.0,368.0
2026-05-07T16:00,953.7,116.6,9.4,18.8,185.0,428.0
2026-05-07T17:00,855.0,105.5,11.6,19.9,181.0,469.0
2026-05-07T18:00,687.3,94.5,13.9,19.9,166.0,469.0
2026-05-07T19:00,530.9,78.7,16.9,20.0,146.0,450.0
2026-05-07T20:00,430.3,70.1,18.8,20.2,131.0,437.0
2026-05-07T21:00,381.8,65.7,18.4,20.8,126.0,445.0
2026-05-07T22:00,357.6,63.6,16.8,21.4,126.0,459.0
2026-05-07T23:00,350.2,63.8,15.5,21.5,125.0,465.0
2026-05-08T00:00,346.5,64.5,15.0,20.5,119.0,452.0
2026-05-08T01:00,329.7,64.3,14.8,18.9,112.0,430.0
2026-05-08T02:00,299.0,62.2,14.7,17.4,105.0,415.0
2026-05-08T03:00,292.4,60.3,14.5,15.8,99.0,411.0
2026-05-08T04:00,292.4,58.1,14.4,14.2,94.0,414.0
2026-05-08T05:00,297.1,61.9,16.1,18.9,93.0,432.0
2026-05-08T06:00,326.9,65.7,17.4,22.3,100.0,489.0
2026-05-08T07:00,325.0,68.5,19.0,27.0,110.0,561.0
2026-05-08T08:00,367.9,71.0,18.9,29.9,126.0,588.0
2026-05-08T09:00,427.5,73.3,15.3,29.5,151.0,526.0
2026-05-08T10:00,482.4,76.1,10.0,27.4,182.0,419.0
2026-05-08T11:00,508.5,75.9,5.9,25.1,204.0,337.0
2026-05-08T12:00,523.4,75.0,4.3,22.8,212.0,311.0
2026-05-08T13:00,529.0,74.0,4.0,20.4,211.0,311.0
2026-05-08T14:00,530.9,73.8,4.6,18.7,207.0,318.0
2026-05-08T15:00,517.8,71.9,6.1,18.5,202.0,323.0
2026-05-08T16:00,482.4,68.0,8.6,19.0,194.0,334.0
2026-05-08T17:00,478.7,68.2,10.8,20.8,191.0,359.0
2026-05-08T18:00,361.4,64.5,16.4,21.1,168.0,409.0
2026-05-08T19:00,287.8,62.9,24.1,21.5,136.0,472.0
2026-05-08T20:00,273.8,60.5,29.2,21.7,112.0,527.0
2026-05-08T21:00,236.1,57.5,29.5,21.7,103.0,572.0
2026-05-08T22:00,205.8,55.5,27.3,21.5,101.0,607.0
2026-05-08T23:00,207.7,55.1,24.8,21.2,100.0,616.0
2026-05-09T00:00,221.2,55.1,22.2,20.8,99.0,575.0
2026-05-09T01:00,226.8,55.3,19.3,20.2,100.0,507.0
2026-05-09T02:00,228.6,55.6,17.3,19.5,99.0,462.0
2026-05-09T03:00,233.3,56.2,16.7,18.2,93.0,460.0
2026-05-09T04:00,244.0,56.9,17.0,16.8,85.0,481.0
2026-05-09T05:00,170.4,58.8,24.6,18.5,67.0,517.0
2026-05-09T06:00,200.2,60.1,24.3,20.6,79.0,587.0
2026-05-09T07:00,217.9,59.0,23.7,23.4,96.0,671.0
2026-05-09T08:00,249.6,58.4,21.7,25.5,118.0,701.0
2026-05-09T09:00,265.4,57.4,16.9,26.1,150.0,626.0
2026-05-09T10:00,263.6,52.2,10.7,25.9,187.0,497.0
2026-05-09T11:00,293.4,52.9,6.1,25.4,215.0,397.0
2026-05-09T12:00,308.3,54.7,4.4,24.4,226.0,364.0
2026-05-09T13:00,299.0,54.1,4.4,23.0,227.0,360.0
2026-05-09T14:00,284.1,53.7,5.0,22.0,226.0,359.0
2026-05-09T15:00,265.4,52.9,5.8,21.9,226.0,346.0
2026-05-09T16:00,241.2,51.2,7.3,22.3,222.0,336.0
2026-05-09T17:00,284.1,55.5,10.0,20.8,201.0,350.0
2026-05-09T18:00,235.2,53.2,13.8,21.2,179.0,410.0
2026-05-09T19:00,237.0,56.2,19.1,21.7,149.0,495.0
2026-05-09T20:00,235.2,58.0,23.3,22.1,125.0,557.0
2026-05-09T21:00,221.7,58.9,25.3,22.5,113.0,576.0
2026-05-09T22:00,205.4,60.1,26.2,22.9,107.0,574.0
2026-05-09T23:00,200.7,61.0,26.3,22.8,102.0,565.0
2026-05-10T00:00,202.1,61.7,25.3,21.9,96.0,552.0
2026-05-10T01:00,208.2,63.8,23.5,20.5,91.0,533.0
2026-05-10T02:00,217.5,66.1,22.0,19.7,87.0,520.0
2026-05-10T03:00,238.4,68.9,21.3,19.6,80.0,510.0
2026-05-10T04:00,273.8,72.6,21.1,20.0,74.0,506.0
2026-05-10T05:00,262.6,73.6,23.5,20.1,70.0,523.0
2026-05-10T06:00,278.5,76.1,23.5,22.9,84.0,595.0
2026-05-10T07:00,279.4,75.9,23.3,26.7,105.0,688.0
2026-05-10T08:00,277.5,72.9,21.5,29.0,130.0,724.0
2026-05-10T09:00,279.4,65.9,16.6,28.6,161.0,644.0
2026-05-10T10:00,296.2,61.9,10.2,26.7,196.0,507.0
2026-05-10T11:00,312.0,62.9,5.5,25.0,222.0,401.0
2026-05-10T12:00,326.9,64.3,4.0,23.8,234.0,367.0
2026-05-10T13:00,329.7,65.7,4.1,22.7,237.0,366.0
2026-05-10T14:00,334.3,68.0,5.1,22.1,237.0,368.0
2026-05-10T15:00,320.4,68.5,6.5,22.4,236.0,362.0
2026-05-10T16:00,295.2,68.0,8.8,23.2,232.0,359.0
2026-05-10T17:00,258.0,65.4,11.7,23.9,220.0,371.0
2026-05-10T18:00,219.3,63.1,16.2,24.5,194.0,405.0
2026-05-10T19:00,204.9,65.0,21.3,25.1,161.0,454.0
2026-05-10T20:00,221.2,67.3,24.8,25.2,135.0,502.0
2026-05-10T21:00,235.2,68.5,25.2,24.5,124.0,553.0
2026-05-10T22:00,233.3,68.7,24.0,23.2,120.0,603.0
2026-05-10T23:00,221.2,68.0,22.5,22.2,118.0,625.0
2026-05-11T00:00,207.7,66.6,21.1,21.5,115.0,594.0
2026-05-11T01:00,199.3,65.9,19.5,21.0,113.0,535.0
2026-05-11T02:00,205.8,66.8,18.2,21.0,111.0,493.0
2026-05-11T03:00,221.2,68.2,17.3,21.9,107.0,487.0
2026-05-11T04:00,244.0,70.3,16.8,23.3,103.0,499.0
2026-05-11T05:00,100.8,53.1,24.4,19.2,77.0,522.0
2026-05-11T06:00,183.9,59.8,24.3,20.1,89.0,572.0
2026-05-11T07:00,194.6,60.5,23.9,21.4,107.0,633.0
2026-05-11T08:00,230.0,61.7,22.2,23.0,130.0,654.0
2026-05-11T09:00,266.4,63.1,18.0,25.3,163.0,596.0
2026-05-11T10:00,285.9,64.5,12.5,27.9,202.0,499.0
2026-05-11T11:00,317.6,67.8,8.3,29.6,233.0,428.0
2026-05-11T12:00,351.1,72.2,6.3,29.8,252.0,415.0
2026-05-11T13:00,368.8,75.9,5.6,29.2,264.0,429.0
2026-05-11T14:00,364.1,77.3,5.7,28.4,269.0,442.0
2026-05-11T15:00,349.2,77.3,6.3,27.4,267.0,444.0
2026-05-11T16:00,319.4,74.0,7.7,26.3,257.0,445.0
2026-05-11T17:00,228.2,66.6,12.0,31.5,269.0,453.0
2026-05-11T18:00,201.2,71.0,20.6,32.6,231.0,471.0
2026-05-11T19:00,171.8,78.7,32.4,33.9,179.0,497.0
2026-05-11T20:00,164.8,77.8,40.2,34.1,137.0,525.0
2026-05-11T21:00,183.9,76.4,40.5,32.2,115.0,566.0
2026-05-11T22:00,198.8,77.5,36.8,29.1,103.0,610.0
2026-05-11T23:00,210.0,78.0,32.7,26.1,95.0,627.0
2026-05-12T00:00,226.8,77.1,29.0,23.3,90.0,594.0
2026-05-12T01:00,242.1,77.3,24.8,20.5,89.0,534.0
2026-05-12T02:00,253.3,78.0,21.7,18.6,89.0,490.0
2026-05-12T03:00,257.0,78.2,20.2,17.7,86.0,477.0
2026-05-12T04:00,261.7,78.5,19.8,17.6,83.0,479.0
2026-05-12T05:00,316.6,77.5,16.9,16.2,91.0,499.0
2026-05-12T06:00,357.6,82.2,18.5,19.2,100.0,552.0
2026-05-12T07:00,401.4,85.2,20.5,23.3,113.0,622.0
2026-05-12T08:00,476.8,89.9,20.5,26.2,132.0,661.0
2026-05-12T09:00,553.2,96.4,16.7,27.1,164.0,641.0
2026-05-12T10:00,638.9,103.8,10.8,26.9,203.0,589.0
2026-05-12T11:00,668.7,105.0,6.5,25.8,229.0,541.0
2026-05-12T12:00,672.4,102.7,4.7,23.0,231.0,500.0
2026-05-12T13:00,640.7,96.4,4.3,19.5,221.0,462.0
2026-05-12T14:00,583.0,87.8,5.6,18.2,210.0,452.0
2026-05-12T15:00,380.0,72.4,8.5,21.2,205.0,491.0
2026-05-12T16:00,324.1,67.3,13.0,26.4,199.0,557.0
2026-05-12T17:00,381.8,74.7,19.8,31.0,185.0,608.0
2026-05-12T18:00,407.0,82.7,31.4,34.3,155.0,627.0
2026-05-12T19:00,336.2,87.5,45.1,37.0,117.0,632.0
2026-05-12T20:00,269.2,88.5,53.8,37.8,88.0,632.0
2026-05-12T21:00,237.0,87.3,53.7,35.5,75.0,628.0
2026-05-12T22:00,205.4,83.4,48.6,31.3,71.0,620.0
2026-05-12T23:00,192.3,77.5,42.3,27.4,72.0,616.0
2026-05-13T00:00,197.0,72.2,35.0,24.5,78.0,621.0
2026-05-13T01:00,212.8,70.1,26.6,22.0,89.0,630.0
2026-05-13T02:00,238.4,71.2,20.2,20.1,96.0,640.0
2026-05-13T03:00,274.7,74.3,17.3,18.7,95.0,639.0
2026-05-13T04:00,303.6,77.3,16.5,18.0,90.0,639.0
2026-05-13T05:00,299.9,93.8,24.3,24.8,68.0,667.0
2026-05-13T06:00,292.4,91.7,25.8,29.6,78.0,766.0
2026-05-13T07:00,277.5,91.7,27.7,36.1,94.0,893.0
2026-05-13T08:00,333.4,96.2,27.3,40.6,118.0,950.0
2026-05-13T09:00,380.9,102.2,22.3,41.6,157.0,874.0
2026-05-13T10:00,416.3,105.9,15.1,40.5,204.0,729.0
2026-05-13T11:00,455.4,111.3,9.5,38.7,237.0,607.0
2026-05-13T12:00,486.2,115.9,7.2,35.9,247.0,545.0
2026-05-13T13:00,493.6,116.2,6.6,32.2,245.0,506.0
2026-05-13T14:00,458.2,112.2,7.2,29.3,237.0,478.0
2026-05-13T15:00,373.5,100.6,8.8,27.5,227.0,446.0
2026-05-13T16:00,354.8,96.6,11.5,26.5,213.0,424.0
2026-05-13T17:00,275.7,75.0,17.1,26.9,176.0,440.0
2026-05-13T18:00,230.0,85.0,33.3,31.4,144.0,522.0
2026-05-13T19:00,229.6,94.3,56.0,37.7,99.0,641.0
2026-05-13T20:00,224.0,100.1,75.3,43.2,61.0,741.0
2026-05-13T21:00,226.3,106.2,87.6,47.2,39.0,798.0
2026-05-13T22:00,252.4,118.5,96.5,50.4,24.0,835.0
2026-05-13T23:00,275.7,129.5,102.5,52.3,13.0,865.0
2026-05-14T00:00,292.4,136.4,105.2,52.1,6.0,893.0
2026-05-14T01:00,306.4,140.6,105.0,50.6,3.0,913.0
2026-05-14T02:00,315.7,144.4,103.8,49.4,2.0,925.0
2026-05-14T03:00,319.4,147.1,103.1,49.3,0.0,926.0
2026-05-14T04:00,315.7,148.1,101.4,49.5,0.0,918.0
2026-05-14T05:00,306.4,109.0,35.1,35.1,58.0,908.0
2026-05-14T06:00,374.4,129.0,34.8,37.7,69.0,905.0
2026-05-14T07:00,428.4,142.5,34.1,41.3,87.0,900.0
2026-05-14T08:00,534.6,155.5,31.6,43.9,114.0,866.0
2026-05-14T09:00,506.6,149.9,25.8,44.6,157.0,777.0
2026-05-14T10:00,462.9,137.8,18.3,44.2,210.0,659.0
2026-05-14T11:00,442.4,131.8,12.3,43.4,252.0,570.0
2026-05-14T12:00,435.9,130.9,9.1,42.2,277.0,541.0
2026-05-14T13:00,423.8,127.6,7.5,40.7,291.0,540.0
2026-05-14T14:00,398.6,121.1,7.4,39.3,296.0,530.0
2026-05-14T15:00,370.7,114.1,8.8,38.1,291.0,475.0
2026-05-14T16:00,348.3,109.0,11.7,37.2,276.0,411.0
2026-05-14T17:00,295.2,99.7,18.7,39.2,245.0,412.0
2026-05-14T18:00,258.9,102.9,23.4,39.6,214.0,541.0
2026-05-14T19:00,262.6,101.7,30.3,40.2,172.0,735.0
2026-05-14T20:00,231.9,92.9,37.6,41.0,134.0,883.0
2026-05-14T21:00,159.7,81.0,47.0,42.2,106.0,955.0
2026-05-14T22:00,133.6,83.4,56.9,43.6,84.0,981.0
2026-05-14T23:00,158.3,95.5,61.1,44.5,71.0,941.0
2026-05-15T00:00,182.5,94.5,54.5,44.7,72.0,788.0
2026-05-15T01:00,235.2,98.3,42.1,44.4,83.0,570.0
2026-05-15T02:00,258.0,101.7,33.3,43.6,88.0,411.0
2026-05-15T03:00,263.6,106.2,32.3,41.6,79.0,366.0
2026-05-15T04:00,267.3,108.5,34.8,39.0,65.0,380.0
2026-05-15T05:00,139.2,55.8,21.8,17.5,92.0,413.0
2026-05-15T06:00,136.0,59.8,22.7,19.7,95.0,470.0
2026-05-15T07:00,195.6,72.9,23.7,22.9,100.0,546.0
2026-05-15T08:00,372.5,99.0,23.3,26.1,113.0,583.0
2026-05-15T09:00,437.7,108.0,20.3,30.0,143.0,550.0
2026-05-15T10:00,404.2,104.3,15.8,33.9,182.0,478.0
2026-05-15T11:00,366.9,99.9,11.8,34.9,209.0,410.0
2026-05-15T12:00,341.8,93.8,8.6,30.7,215.0,353.0
2026-05-15T13:00,324.1,87.3,5.9,23.5,209.0,299.0
2026-05-15T14:00,308.3,80.3,4.9,17.7,197.0,266.0
2026-05-15T15:00,410.7,89.2,5.8,14.4,178.0,260.0
2026-05-15T16:00,480.6,95.2,8.5,12.4,154.0,275.0
2026-05-15T17:00,609.1,102.2,11.4,11.1,128.0,314.0
2026-05-15T18:00,579.3,109.2,21.3,14.1,107.0,389.0
2026-05-15T19:00,547.6,117.8,34.8,18.2,78.0,488.0
2026-05-15T20:00,575.6,126.7,44.4,21.1,56.0,577.0
2026-05-15T21:00,607.2,132.7,46.1,21.4,47.0,647.0
2026-05-15T22:00,612.8,136.0,43.8,20.5,44.0,709.0
2026-05-15T23:00,577.4,134.1,42.1,19.6,42.0,757.0
2026-05-16T00:00,527.1,130.4,42.6,19.0,37.0,797.0
2026-05-16T01:00,486.2,128.5,43.6,18.4,33.0,824.0
2026-05-16T02:00,459.1,127.1,44.8,18.4,29.0,823.0
2026-05-16T03:00,417.2,122.0,46.7,19.3,24.0,776.0
2026-05-16T04:00,381.8,118.0,48.6,20.7,20.0,702.0
2026-05-16T05:00,745.1,165.3,26.6,15.0,61.0,637.0
2026-05-16T06:00,705.9,171.8,26.2,16.9,71.0,601.0
2026-05-16T07:00,618.4,170.0,25.4,19.6,86.0,576.0
2026-05-16T08:00,584.9,153.2,23.3,21.7,106.0,541.0
2026-05-16T09:00,416.3,123.9,18.7,23.3,136.0,486.0
2026-05-16T10:00,312.9,101.5,12.7,24.5,171.0,422.0
2026-05-16T11:00,310.1,91.5,8.0,23.9,192.0,365.0
2026-05-16T12:00,357.6,87.3,5.3,20.1,187.0,317.0
2026-05-16T13:00,417.2,83.6,3.9,14.6,168.0,276.0
2026-05-16T14:00,480.6,83.1,3.7,10.4,150.0,252.0
2026-05-16T15:00,555.1,86.8,4.7,8.7,138.0,249.0
2026-05-16T16:00,618.4,94.8,7.1,8.3,127.0,263.0
2026-05-16T17:00,761.8,108.7,10.0,8.4,118.0,286.0
2026-05-16T18:00,851.2,132.2,15.2,10.4,105.0,318.0
2026-05-16T19:00,957.4,156.5,22.5,13.2,88.0,359.0
2026-05-16T20:00,1035.6,178.3,28.0,15.4,74.0,406.0
2026-05-16T21:00,1061.7,193.2,30.4,16.4,67.0,470.0
2026-05-16T22:00,1024.5,199.3,31.1,16.7,64.0,539.0
2026-05-16T23:00,951.8,197.9,30.9,16.7,62.0,576.0
2026-05-17T00:00,866.1,191.4,29.6,16.2,61.0,551.0
2026-05-17T01:00,774.9,182.1,27.3,15.2,62.0,494.0
2026-05-17T02:00,691.0,172.3,25.8,14.5,62.0,451.0
2026-05-17T03:00,631.4,164.8,26.1,14.1,58.0,442.0
2026-05-17T04:00,586.7,159.3,27.0,13.8,53.0,446.0
2026-05-17T05:00,705.9,170.4,19.6,13.7,71.0,453.0
2026-05-17T06:00,711.5,174.6,19.0,15.4,78.0,464.0
2026-05-17T07:00,679.9,174.6,18.1,17.6,89.0,478.0
2026-05-17T08:00,672.4,164.4,16.2,18.9,104.0,472.0
2026-05-17T09:00,525.3,132.2,12.4,18.6,128.0,431.0
2026-05-17T10:00,369.7,91.5,7.7,17.3,155.0,371.0
2026-05-17T11:00,369.7,79.2,4.1,15.5,171.0,321.0
2026-05-17T12:00,491.7,84.5,2.5,12.9,167.0,291.0
2026-05-17T13:00,590.5,89.6,2.2,9.9,151.0,270.0
2026-05-17T14:00,540.2,82.9,2.5,7.9,137.0,256.0
2026-05-17T15:00,666.8,98.0,3.4,7.5,130.0,248.0
2026-05-17T16:00,957.4,135.5,4.9,8.1,124.0,246.0
2026-05-17T17:00,782.3,129.5,7.6,9.0,116.0,253.0
2026-05-17T18:00,1061.7,177.9,11.0,11.0,107.0,271.0
2026-05-17T19:00,1248.0,214.2,15.6,13.8,95.0,297.0
2026-05-17T20:00,1367.2,244.0,19.2,15.8,85.0,321.0
2026-05-17T21:00,1411.9,262.6,20.8,16.4,79.0,341.0
2026-05-17T22:00,1382.1,270.1,21.4,16.3,75.0,359.0
2026-05-17T23:00,1292.7,268.2,21.5,16.0,72.0,370.0
2026-05-18T00:00,1173.5,260.8,21.0,15.5,70.0,367.0
2026-05-18T01:00,1084.1,250.5,20.0,14.7,69.0,355.0
2026-05-18T02:00,964.9,237.0,19.4,14.2,68.0,350.0
2026-05-18T03:00,864.3,222.6,19.8,14.1,64.0,350.0
2026-05-18T04:00,774.9,209.1,20.6,14.2,60.0,355.0
2026-05-18T05:00,717.1,197.0,18.8,14.5,67.0,382.0
2026-05-18T06:00,687.3,188.6,19.4,16.3,73.0,459.0
2026-05-18T07:00,610.9,175.6,20.0,18.8,82.0,556.0
2026-05-18T08:00,599.8,155.1,19.1,20.5,97.0,603.0
2026-05-18T09:00,480.6,120.6,15.2,20.9,125.0,552.0
2026-05-18T10:00,399.5,97.8,9.8,20.6,158.0,450.0
2026-05-18T11:00,366.0,83.1,5.6,19.6,181.0,365.0
2026-05-18T12:00,393.9,77.8,3.7,17.5,184.0,325.0
2026-05-18T13:00,478.7,81.5,3.0,14.8,177.0,303.0
2026-05-18T14:00,590.5,90.1,3.5,12.7,166.0,284.0
2026-05-18T15:00,717.1,101.5,5.0,11.7,155.0,262.0
2026-05-18T16:00,774.9,112.9,7.7,11.5,142.0,244.0
2026-05-18T17:00,935.0,135.5,11.8,11.2,121.0,236.0
2026-05-18T18:00,1031.9,162.1,17.8,13.1,105.0,242.0
2026-05-18T19:00,1087.8,181.1,26.1,15.7,83.0,258.0
2026-05-18T20:00,1102.7,195.1,31.5,17.1,66.0,282.0
2026-05-18T21:00,1061.7,199.8,31.5,16.3,59.0,324.0
2026-05-18T22:00,972.3,194.2,28.7,14.2,57.0,373.0
2026-05-18T23:00,868.0,182.1,26.1,12.5,55.0,397.0
2026-05-19T00:00,776.7,170.0,24.5,11.5,53.0,373.0
2026-05-19T01:00,713.4,161.1,23.1,10.8,51.0,322.0
2026-05-19T02:00,672.4,156.5,22.4,10.4,48.0,280.0
2026-05-19T03:00,633.3,153.7,23.3,10.6,42.0,252.0
2026-05-19T04:00,620.3,149.5,24.8,11.1,36.0,232.0
2026-05-19T05:00,609.1,169.0,36.2,18.2,28.0,232.0
2026-05-19T06:00,508.5,147.6,34.3,18.3,37.0,275.0
2026-05-19T07:00,405.1,132.2,31.4,18.5,51.0,339.0
2026-05-19T08:00,368.8,112.5,27.3,18.5,71.0,370.0
2026-05-19T09:00,356.7,92.4,20.8,18.6,103.0,336.0
2026-05-19T10:00,406.1,87.3,13.0,18.6,141.0,270.0
2026-05-19T11:00,525.3,95.5,7.1,17.7,166.0,219.0
2026-05-19T12:00,625.8,103.4,4.2,15.0,168.0,200.0
2026-05-19T13:00,627.7,97.6,3.1,11.3,157.0,195.0
2026-05-19T14:00,543.9,81.0,3.6,8.6,145.0,197.0
2026-05-19T15:00,495.5,72.2,4.9,7.3,139.0,192.0
2026-05-19T16:00,452.6,70.5,7.7,7.0,132.0,193.0
2026-05-19T17:00,377.2,53.9,12.6,7.0,117.0,236.0
2026-05-19T18:00,400.5,63.1,21.7,9.8,99.0,347.0
2026-05-19T19:00,391.2,69.4,34.3,13.7,74.0,500.0
2026-05-19T20:00,366.0,73.6,44.0,16.5,54.0,644.0
2026-05-19T21:00,349.2,77.1,48.4,17.3,42.0,797.0
2026-05-19T22:00,356.7,82.7,49.8,17.0,35.0,942.0
2026-05-19T23:00,404.2,89.2,48.7,16.0,31.0,981.0
2026-05-20T00:00,459.1,95.7,43.8,14.1,32.0,826.0
2026-05-20T01:00,493.6,100.4,36.4,11.7,36.0,565.0
2026-05-20T02:00,489.9,99.7,30.2,9.8,40.0,360.0
2026-05-20T03:00,472.2,95.7,26.8,9.0,41.0,271.0
2026-05-20T04:00,454.5,92.7,24.6,8.9,42.0,239.0
2026-05-20T05:00,373.5,72.2,19.4,8.9,52.0,240.0
2026-05-20T06:00,403.3,78.5,19.9,10.2,57.0,295.0
2026-05-20T07:00,362.3,80.1,20.5,12.0,66.0,383.0
2026-05-20T08:00,389.3,79.9,19.6,13.4,80.0,428.0
2026-05-20T09:00,410.7,78.9,15.9,14.2,105.0,380.0
2026-05-20T10:00,439.6,82.7,10.7,14.6,135.0,289.0
2026-05-20T11:00,467.5,85.2,6.7,14.3,156.0,218.0
2026-05-20T12:00,452.6,79.6,4.5,12.6,160.0,196.0
2026-05-20T13:00,403.3,68.7,3.5,10.2,154.0,196.0
2026-05-20T14:00,354.8,60.8,4.0,8.4,147.0,200.0
2026-05-20T15:00,400.5,63.1,5.8,7.4,141.0,193.0
2026-05-20T16:00,368.8,61.9,9.2,6.9,133.0,191.0
2026-05-20T17:00,218.9,38.6,12.4,8.2,122.0,224.0
2026-05-20T18:00,204.9,46.0,28.9,12.6,98.0,334.0
2026-05-20T19:00,197.9,56.9,51.6,18.7,65.0,479.0
2026-05-20T20:00,187.2,64.3,67.7,23.1,39.0,565.0
2026-05-20T21:00,183.9,66.1,71.9,24.4,27.0,539.0
2026-05-20T22:00,201.6,67.1,69.5,23.9,22.0,453.0
2026-05-20T23:00,258.9,71.0,63.6,22.3,22.0,375.0
2026-05-21T00:00,363.2,79.6,53.3,18.9,27.0,326.0
2026-05-21T01:00,476.8,90.3,39.4,14.4,37.0,285.0
2026-05-21T02:00,556.9,98.0,27.8,10.8,45.0,252.0
2026-05-21T03:00,601.6,105.7,20.4,9.1,50.0,229.0
2026-05-21T04:00,644.5,115.5,15.3,8.4,54.0,214.0
2026-05-21T05:00,780.4,143.0,10.1,8.0,68.0,210.0
2026-05-21T06:00,849.4,156.0,11.0,8.9,69.0,223.0
2026-05-21T07:00,929.5,173.2,12.2,10.1,72.0,246.0
2026-05-21T08:00,1046.8,198.8,12.2,10.9,79.0,258.0
2026-05-21T09:00,1180.9,213.7,10.1,11.0,96.0,248.0
2026-05-21T10:00,1281.5,223.5,6.8,10.7,117.0,227.0
2026-05-21T11:00,1359.7,224.0,4.4,10.2,133.0,212.0
2026-05-21T12:00,1337.4,211.4,3.2,9.5,138.0,209.0
2026-05-21T13:00,1236.8,190.9,2.8,8.6,138.0,211.0
2026-05-21T14:00,1020.7,156.5,3.6,8.1,135.0,215.0
2026-05-21T15:00,853.1,132.2,5.8,7.9,131.0,212.0
2026-05-21T16:00,726.4,121.5,9.1,8.1,123.0,210.0
2026-05-21T17:00,650.1,107.8,14.2,9.2,113.0,235.0
2026-05-21T18:00,638.9,108.5,19.0,10.8,99.0,318.0
2026-05-21T19:00,597.9,109.0,25.5,12.9,79.0,428.0
2026-05-21T20:00,542.0,102.9,29.6,14.2,65.0,489.0
2026-05-21T21:00,489.9,95.2,29.1,14.1,62.0,459.0
2026-05-21T22:00,453.6,89.2,26.1,13.2,64.0,381.0
2026-05-21T23:00,445.2,87.1,23.0,12.1,66.0,312.0
2026-05-22T00:00,478.7,90.6,20.2,10.7,66.0,269.0
2026-05-22T01:00,538.3,99.2,17.4,9.0,67.0,234.0
2026-05-22T02:00,601.6,111.3,15.6,8.0,66.0,213.0
2026-05-22T03:00,642.6,122.0,15.6,8.0,62.0,206.0
2026-05-22T04:00,648.2,127.6,16.7,8.6,58.0,212.0
2026-05-22T05:00,769.3,142.5,14.7,8.7,61.0,233.0
2026-05-22T06:00,739.5,144.8,16.2,10.3,60.0,282.0
2026-05-22T07:00,700.4,145.8,18.2,12.7,60.0,345.0
2026-05-22T08:00,760.0,150.9,18.6,14.9,71.0,382.0
2026-05-22T09:00,799.1,156.0,16.1,17.3,102.0,370.0
2026-05-22T10:00,754.4,152.7,12.0,19.6,144.0,331.0
2026-05-22T11:00,696.6,143.4,8.6,20.4,174.0,299.0
2026-05-22T12:00,603.5,126.7,6.2,18.6,182.0,285.0
2026-05-22T13:00,629.6,122.9,4.4,15.4,179.0,278.0
2026-05-22T14:00,700.4,127.1,4.0,12.9,172.0,270.0
2026-05-22T15:00,743.2,129.0,5.5,11.9,163.0,246.0
2026-05-22T16:00,711.5,129.0,8.4,11.6,149.0,222.0
2026-05-22T17:00,545.8,97.3,13.1,14.8,148.0,238.0
2026-05-22T18:00,540.2,99.9,16.7,15.8,129.0,337.0
2026-05-22T19:00,538.3,104.1,21.7,17.1,103.0,475.0
2026-05-22T20:00,577.4,112.5,25.1,18.0,83.0,563.0
2026-05-22T21:00,624.0,123.4,25.5,18.1,75.0,555.0
2026-05-22T22:00,603.5,128.1,24.3,17.7,74.0,497.0
2026-05-22T23:00,553.2,126.7,22.8,17.1,74.0,438.0
2026-05-23T00:00,516.0,122.9,20.9,16.2,75.0,388.0
2026-05-23T01:00,486.2,118.3,18.7,15.1,78.0,337.0
2026-05-23T02:00,459.1,113.4,18.0,14.6,78.0,306.0
2026-05-23T03:00,432.1,109.2,20.5,15.1,71.0,306.0
2026-05-23T04:00,407.9,106.6,24.5,16.2,61.0,326.0
2026-05-23T05:00,545.8,153.7,28.7,14.8,45.0,350.0
2026-05-23T06:00,501.1,152.3,27.8,16.3,55.0,386.0
2026-05-23T07:00,484.3,148.5,26.4,18.3,69.0,427.0
2026-05-23T08:00,486.2,134.1,23.4,19.3,88.0,435.0
2026-05-23T09:00,405.1,107.6,17.5,18.4,117.0,379.0
2026-05-23T10:00,379.0,87.1,10.0,16.5,150.0,289.0
2026-05-23T11:00,224.9,58.9,4.5,14.4,171.0,224.0
2026-05-23T12:00,391.2,70.8,2.5,12.2,170.0,210.0
2026-05-23T13:00,443.3,75.2,2.4,10.0,157.0,220.0
2026-05-23T14:00,508.5,80.1,3.3,8.4,144.0,230.0
2026-05-23T15:00,581.1,87.3,4.8,7.8,136.0,224.0
2026-05-23T16:00,650.1,97.1,7.2,7.9,127.0,217.0
2026-05-23T17:00,730.2,107.8,11.8,8.1,117.0,229.0
2026-05-23T18:00,836.3,127.1,18.5,10.2,102.0,278.0
2026-05-23T19:00,912.7,149.5,27.6,13.2,82.0,347.0
2026-05-23T20:00,994.7,171.8,34.4,15.4,65.0,401.0
2026-05-23T21:00,1039.4,190.5,36.6,16.2,57.0,424.0
2026-05-23T22:00,1035.6,200.2,36.3,16.3,52.0,433.0
2026-05-23T23:00,994.7,203.5,35.4,16.0,49.0,439.0
2026-05-24T00:00,940.6,203.0,34.2,15.3,46.0,452.0
2026-05-24T01:00,853.1,201.2,32.2,14.3,44.0,462.0
2026-05-24T02:00,828.9,203.0,30.2,13.4,43.0,457.0
2026-05-24T03:00,823.3,206.3,28.1,12.6,43.0,419.0
2026-05-24T04:00,817.7,209.1,25.9,11.9,44.0,365.0
2026-05-24T05:00,713.4,181.1,22.6,12.1,53.0,337.0
2026-05-24T06:00,668.7,176.0,21.8,13.9,62.0,370.0
2026-05-24T07:00,601.6,170.4,20.4,16.3,76.0,428.0
2026-05-24T08:00,638.9,159.7,18.1,17.9,94.0,450.0
2026-05-24T09:00,579.3,133.6,13.8,18.3,123.0,394.0
2026-05-24T10:00,512.2,111.5,8.6,18.0,157.0,302.0
2026-05-24T11:00,480.6,95.9,4.6,16.9,179.0,231.0
2026-05-24T12:00,475.9,85.0,2.9,14.5,181.0,206.0
2026-05-24T13:00,516.0,82.9,2.5,11.3,171.0,202.0
2026-05-24T14:00,573.7,85.0,3.0,8.9,159.0,204.0
2026-05-24T15:00,601.6,86.8,3.3,7.5,149.0,196.0
2026-05-24T16:00,590.5,88.5,4.5,6.9,137.0,193.0
2026-05-24T17:00,508.5,75.7,10.4,9.5,128.0,223.0
2026-05-24T18:00,475.9,79.6,20.7,14.0,110.0,321.0
2026-05-24T19:00,463.8,90.1,34.9,20.3,85.0,452.0
2026-05-24T20:00,469.4,98.5,46.1,25.6,64.0,541.0
2026-05-24T21:00,519.7,107.1,51.8,29.1,52.0,557.0
2026-05-24T22:00,575.6,116.2,54.5,31.5,44.0,531.0
2026-05-24T23:00,610.9,124.8,54.8,32.2,39.0,482.0
2026-05-25T00:00,637.0,132.7,52.2,30.5,37.0,401.0
2026-05-25T01:00,672.4,141.1,47.3,27.1,39.0,297.0
2026-05-25T02:00,722.7,144.8,41.9,23.5,40.0,219.0
2026-05-25T03:00,719.0,145.3,36.3,19.6,40.0,186.0
2026-05-25T04:00,700.4,144.4,30.2,15.4,40.0,180.0
2026-05-25T05:00,754.4,150.9,22.4,13.2,51.0,190.0
2026-05-25T06:00,732.0,151.3,20.7,12.8,55.0,229.0
2026-05-25T07:00,709.7,153.2,18.2,12.3,61.0,284.0
2026-05-25T08:00,724.6,155.1,15.4,12.2,73.0,313.0
2026-05-25T09:00,704.1,148.5,11.9,12.8,94.0,288.0
2026-05-25T10:00,696.6,144.8,8.0,13.7,121.0,236.0
2026-05-25T11:00,735.7,146.2,5.1,14.2,142.0,198.0
2026-05-25T12:00,765.5,145.3,3.7,14.1,154.0,189.0
2026-05-25T13:00,752.5,139.7,3.4,13.7,161.0,194.0
2026-05-25T14:00,739.5,135.5,4.2,13.1,161.0,204.0
2026-05-25T15:00,743.2,134.1,5.5,11.7,152.0,207.0
2026-05-25T16:00,665.0,129.0,8.0,10.1,136.0,214.0
2026-05-25T17:00,521.5,97.3,12.6,9.0,112.0,252.0
2026-05-25T18:00,434.9,93.4,22.1,11.9,95.0,354.0
2026-05-25T19:00,468.5,104.5,35.0,15.8,72.0,487.0
2026-05-25T20:00,499.2,115.3,42.9,18.3,56.0,578.0
2026-05-25T21:00,489.9,116.6,41.1,18.0,55.0,588.0
2026-05-25T22:00,523.4,116.6,34.2,16.3,61.0,556.0
2026-05-25T23:00,616.5,123.4,27.8,14.7,66.0,530.0
2026-05-26T00:00,705.9,136.9,23.1,13.7,70.0,532.0
2026-05-26T01:00,748.8,150.4,18.9,12.8,73.0,539.0
2026-05-26T02:00,730.2,156.5,17.0,12.4,72.0,535.0
2026-05-26T03:00,670.6,155.5,19.3,12.7,62.0,497.0
2026-05-26T04:00,622.1,153.7,24.0,13.5,49.0,447.0
2026-05-26T05:00,987.2,234.7,20.0,12.6,72.0,434.0
2026-05-26T06:00,905.2,231.9,21.6,15.0,81.0,511.0
2026-05-26T07:00,758.1,218.9,23.6,18.2,93.0,625.0
2026-05-26T08:00,674.3,190.0,23.2,19.9,110.0,668.0
2026-05-26T09:00,510.4,146.7,18.1,18.8,135.0,564.0
2026-05-26T10:00,362.3,99.0,10.7,16.2,164.0,389.0
2026-05-26T11:00,289.6,65.0,5.1,13.6,183.0,256.0
2026-05-26T12:00,307.3,56.6,3.1,11.3,185.0,216.0
2026-05-26T13:00,301.7,53.0,2.9,9.1,176.0,219.0
2026-05-26T14:00,305.5,51.2,3.6,7.6,167.0,227.0
2026-05-26T15:00,309.2,50.5,4.6,7.0,160.0,221.0
2026-05-26T16:00,422.8,63.3,6.6,7.1,152.0,222.0
2026-05-26T17:00,879.2,123.9,12.6,8.5,134.0,249.0
2026-05-26T18:00,983.5,146.2,18.9,11.5,119.0,331.0
2026-05-26T19:00,1069.2,175.1,27.5,15.6,98.0,440.0
2026-05-26T20:00,1147.4,201.2,33.2,18.5,82.0,517.0
2026-05-26T21:00,1195.8,216.1,32.5,18.9,78.0,534.0
2026-05-26T22:00,1125.0,211.9,28.9,18.1,79.0,518.0
2026-05-26T23:00,1005.8,198.8,27.1,17.4,77.0,498.0
2026-05-27T00:00,892.2,188.1,29.7,17.2,69.0,477.0
2026-05-27T01:00,823.3,184.9,34.0,17.1,59.0,451.0
2026-05-27T02:00,856.8,192.8,37.4,17.1,50.0,436.0
2026-05-27T03:00,834.5,198.8,38.7,17.1,43.0,436.0
2026-05-27T04:00,746.9,196.5,39.0,17.1,37.0,448.0
2026-05-27T05:00,737.6,189.1,27.3,14.7,57.0,471.0
2026-05-27T06:00,648.2,183.5,28.8,16.6,67.0,529.0
2026-05-27T07:00,564.4,177.0,30.6,19.1,82.0,599.0
2026-05-27T08:00,536.4,163.4,29.6,20.6,102.0,614.0
2026-05-27T09:00,413.5,123.9,23.0,20.2,134.0,520.0
2026-05-27T10:00,308.3,88.0,13.5,18.7,172.0,370.0
2026-05-27T11:00,269.2,66.4,6.4,17.0,198.0,259.0
2026-05-27T12:00,289.6,58.1,3.7,15.0,203.0,231.0
2026-05-27T13:00,374.4,63.3,3.4,12.8,197.0,242.0
2026-05-27T14:00,499.2,74.7,4.3,11.2,187.0,256.0
2026-05-27T15:00,644.5,89.6,5.8,10.2,177.0,254.0
2026-05-27T16:00,745.1,104.3,8.5,9.8,164.0,255.0
2026-05-27T17:00,1143.7,167.2,12.0,9.9,145.0,286.0
2026-05-27T18:00,1188.4,186.3,17.4,12.0,130.0,362.0
2026-05-27T19:00,1236.8,201.6,24.9,15.0,109.0,467.0
2026-05-27T20:00,1236.8,211.4,32.1,17.7,91.0,582.0
2026-05-27T21:00,1221.9,216.5,38.0,20.0,79.0,714.0
2026-05-27T22:00,1207.0,221.7,43.6,22.1,69.0,856.0
2026-05-27T23:00,1221.9,227.7,48.3,23.3,59.0,965.0
2026-05-28T00:00,1203.3,228.2,52.5,23.0,48.0,1031.0
2026-05-28T01:00,1091.5,221.2,56.0,21.9,37.0,1064.0
2026-05-28T02:00,976.0,207.7,57.5,21.4,29.0,1048.0
2026-05-28T03:00,868.0,190.0,56.4,21.9,23.0,948.0
2026-05-28T04:00,732.0,175.6,53.4,23.1,21.0,800.0
2026-05-28T05:00,784.2,187.2,34.4,25.6,52.0,694.0
2026-05-28T06:00,635.2,164.4,31.6,26.8,70.0,685.0
2026-05-28T07:00,610.9,146.7,27.5,28.5,96.0,718.0
2026-05-28T08:00,709.7,149.0,23.1,29.9,127.0,721.0
2026-05-28T09:00,838.2,165.3,17.9,31.0,166.0,650.0
2026-05-28T10:00,953.7,184.4,12.4,31.9,210.0,548.0
2026-05-28T11:00,1046.8,198.4,8.3,32.1,243.0,471.0
2026-05-28T12:00,1106.4,204.4,6.3,31.3,260.0,442.0
2026-05-28T13:00,1132.5,204.9,5.8,29.9,266.0,438.0
2026-05-28T14:00,1128.8,201.6,6.7,28.7,263.0,441.0
2026-05-28T15:00,1113.9,198.4,9.5,27.9,249.0,452.0
2026-05-28T16:00,1091.5,195.6,13.6,27.3,227.0,471.0
2026-05-28T17:00,730.2,156.5,23.9,35.8,204.0,481.0
2026-05-28T18:00,616.5,143.9,26.7,35.7,179.0,467.0
2026-05-28T19:00,532.7,136.4,30.6,35.6,144.0,444.0
2026-05-28T20:00,430.3,128.5,34.1,35.1,114.0,437.0
2026-05-28T21:00,564.4,138.8,37.5,34.3,93.0,471.0
2026-05-28T22:00,493.6,129.9,40.5,33.1,76.0,521.0
2026-05-28T23:00,436.8,126.7,40.5,31.6,68.0,542.0
2026-05-29T00:00,341.8,107.1,35.1,29.4,72.0,502.0
2026-05-29T01:00,461.0,110.8,26.8,26.8,85.0,432.0
2026-05-29T02:00,499.2,113.2,20.0,24.5,95.0,383.0
2026-05-29T03:00,530.9,109.7,16.7,22.8,98.0,377.0
2026-05-29T04:00,529.0,99.7,14.9,21.4,100.0,391.0
2026-05-29T05:00,780.4,145.8,14.7,20.2,111.0,408.0
2026-05-29T06:00,748.8,141.6,16.0,22.1,111.0,429.0
2026-05-29T07:00,763.7,142.5,17.6,24.7,112.0,454.0
2026-05-29T08:00,847.5,156.0,18.0,27.1,121.0,464.0
2026-05-29T09:00,840.1,157.4,15.9,29.3,146.0,449.0
2026-05-29T10:00,711.5,138.8,12.5,31.3,180.0,419.0
2026-05-29T11:00,605.4,123.4,9.6,32.0,207.0,391.0
2026-05-29T12:00,562.5,115.9,7.6,30.4,222.0,364.0
2026-05-29T13:00,549.5,112.0,6.1,27.6,231.0,338.0
2026-05-29T14:00,530.9,106.9,6.2,25.7,231.0,331.0
2026-05-29T15:00,527.1,102.0,8.9,25.8,220.0,361.0
2026-05-29T16:00,564.4,107.6,13.1,26.9,201.0,410.0
2026-05-29T17:00,1244.2,190.0,13.1,22.3,171.0,444.0
2026-05-29T18:00,983.5,170.0,15.4,21.0,156.0,442.0
2026-05-29T19:00,625.8,130.4,18.5,19.2,136.0,424.0
2026-05-29T20:00,366.9,97.8,20.4,17.6,120.0,418.0
2026-05-29T21:00,265.4,82.7,19.8,16.1,114.0,443.0
2026-05-29T22:00,489.9,101.7,17.9,14.8,112.0,480.0
2026-05-29T23:00,499.2,99.0,16.7,14.2,109.0,498.0
2026-05-30T00:00,534.6,102.2,16.8,14.9,103.0,477.0
2026-05-30T01:00,495.5,97.6,17.5,16.5,97.0,437.0
2026-05-30T02:00,419.1,86.4,18.3,17.8,91.0,403.0
2026-05-30T03:00,364.1,78.5,19.0,18.3,85.0,379.0
2026-05-30T04:00,341.8,76.1,19.8,18.7,80.0,362.0
2026-05-30T05:00,575.6,124.3,19.4,17.7,75.0,370.0
2026-05-30T06:00,469.4,107.3,19.8,20.2,81.0,431.0
2026-05-30T07:00,399.5,88.7,20.2,23.7,91.0,516.0
2026-05-30T08:00,354.8,75.4,19.2,25.8,106.0,560.0
2026-05-30T09:00,391.2,75.0,15.4,25.4,131.0,520.0
2026-05-30T10:00,439.6,80.1,10.1,23.6,161.0,438.0
2026-05-30T11:00,474.0,84.5,6.2,21.8,184.0,374.0
2026-05-30T12:00,502.9,87.5,4.7,20.3,194.0,350.0
2026-05-30T13:00,502.9,86.6,4.4,18.7,197.0,345.0
2026-05-30T14:00,434.9,79.6,5.1,18.0,198.0,355.0
2026-05-30T15:00,396.7,76.1,6.2,18.4,199.0,385.0
2026-05-30T16:00,366.0,73.1,8.2,19.6,197.0,430.0
2026-05-30T17:00,393.0,86.4,18.8,16.0,142.0,476.0
2026-05-30T18:00,267.3,68.0,21.3,17.8,133.0,524.0
2026-05-30T19:00,169.5,54.4,24.6,20.3,121.0,572.0
2026-05-30T20:00,210.5,57.2,26.8,22.0,111.0,599.0
2026-05-30T21:00,229.1,56.8,26.9,22.2,104.0,590.0
2026-05-30T22:00,262.6,60.3,25.9,21.7,98.0,560.0
2026-05-30T23:00,334.3,69.6,24.6,21.0,94.0,535.0
2026-05-31T00:00,414.4,81.5,23.2,20.3,92.0,524.0
2026-05-31T01:00,417.2,86.4,21.5,19.4,91.0,517.0
2026-05-31T02:00,368.8,85.2,20.5,19.0,90.0,513.0
2026-05-31T03:00,309.2,79.9,20.9,19.0,85.0,511.0
2026-05-31T04:00,270.1,71.7,21.9,19.4,80.0,512.0
2026-05-31T05:00,335.3,89.9,23.4,19.2,71.0,509.0
2026-05-31T06:00,313.9,88.7,22.7,22.1,78.0,503.0
2026-05-31T07:00,310.1,80.3,21.5,26.1,90.0,494.0
2026-05-31T08:00,304.5,72.9,19.5,29.0,105.0,475.0
2026-05-31T09:00,315.7,68.0,16.1,29.9,128.0,435.0
2026-05-31T10:00,343.7,68.7,11.8,29.8,155.0,384.0
2026-05-31T11:00,271.9,59.5,8.4,28.8,177.0,348.0
2026-05-31T12:00,267.3,60.3,6.3,26.6,189.0,337.0
2026-05-31T13:00,251.5,58.9,5.1,23.6,196.0,340.0
2026-05-31T14:00,229.1,55.8,4.8,21.4,198.0,347.0
2026-05-31T15:00,215.1,53.0,5.5,20.5,196.0,353.0
2026-05-31T16:00,216.5,52.9,7.3,20.4,189.0,363.0
2026-05-31T17:00,238.4,50.3,11.7,14.4,145.0,383.0
2026-05-31T18:00,308.3,59.4,14.2,16.2,135.0,423.0
2026-05-31T19:00,284.1,58.8,17.8,18.7,121.0,472.0
2026-05-31T20:00,263.6,59.4,21.6,20.9,107.0,506.0
2026-05-31T21:00,235.2,61.0,25.6,22.5,96.0,512.0
2026-05-31T22:00,233.3,66.8,29.8,23.9,85.0,504.0
2026-05-31T23:00,230.0,73.1,33.0,24.4,74.0,493.0
2026-06-01T00:00,218.9,76.8,34.8,23.7,63.0,481.0
2026-06-01T01:00,186.3,75.2,35.8,22.2,52.0,467.0
2026-06-01T02:00,155.1,71.0,35.9,21.0,44.0,463.0
2026-06-01T03:00,136.0,67.3,35.3,20.2,39.0,480.0
2026-06-01T04:00,125.7,63.8,33.9,19.7,37.0,506.0
2026-06-01T05:00,213.3,76.8,35.8,25.6,54.0,521.0
2026-06-01T06:00,185.3,74.7,32.8,28.8,68.0,515.0
2026-06-01T07:00,200.2,68.9,28.5,33.0,88.0,498.0
2026-06-01T08:00,204.9,61.2,24.1,35.9,110.0,476.0
2026-06-01T09:00,223.1,56.8,19.7,36.3,135.0,449.0
2026-06-01T10:00,182.5,53.0,15.2,35.2,162.0,418.0
2026-06-01T11:00,173.2,52.5,11.5,33.2,183.0,388.0
2026-06-01T12:00,174.2,52.4,8.7,29.6,195.0,358.0
2026-06-01T13:00,153.7,50.1,6.7,25.0,201.0,330.0
2026-06-01T14:00,143.4,47.6,5.9,21.9,204.0,313.0
2026-06-01T15:00,125.7,43.5,6.0,21.1,206.0,310.0
2026-06-01T16:00,120.1,42.0,7.3,21.7,205.0,320.0
2026-06-01T17:00,257.0,59.0,11.3,18.0,164.0,344.0
2026-06-01T18:00,177.4,52.2,19.3,20.5,141.0,393.0
2026-06-01T19:00,129.9,53.1,30.2,23.9,108.0,456.0
2026-06-01T20:00,109.0,54.0,38.2,26.2,82.0,512.0
2026-06-01T21:00,137.4,57.5,40.4,26.5,70.0,556.0
2026-06-01T22:00,148.5,59.0,39.5,25.7,64.0,591.0
2026-06-01T23:00,125.7,57.7,38.3,24.7,60.0,608.0
2026-06-02T00:00,110.8,56.8,37.2,23.6,56.0,592.0
2026-06-02T01:00,103.4,56.9,35.7,22.4,53.0,556.0
2026-06-02T02:00,95.7,57.4,34.5,21.5,50.0,533.0
2026-06-02T03:00,103.8,59.4,34.1,20.9,45.0,538.0
2026-06-02T04:00,113.6,60.8,34.0,20.7,40.0,555.0
2026-06-02T05:00,177.0,74.3,35.6,23.3,39.0,567.0
2026-06-02T06:00,142.5,69.6,33.2,26.7,56.0,572.0
2026-06-02T07:00,155.5,68.9,29.6,31.2,80.0,572.0
2026-06-02T08:00,160.7,63.3,25.3,33.6,105.0,550.0
2026-06-02T09:00,195.6,64.3,19.4,32.0,134.0,487.0
2026-06-02T10:00,189.5,61.7,12.8,28.3,164.0,403.0
2026-06-02T11:00,164.8,56.5,7.9,24.7,185.0,341.0
2026-06-02T12:00,182.1,55.9,6.0,21.9,190.0,319.0
2026-06-02T13:00,164.4,51.1,6.0,19.2,187.0,318.0
2026-06-02T14:00,184.4,52.5,6.6,17.5,182.0,326.0
2026-06-02T15:00,163.0,49.7,6.7,17.0,181.0,343.0
2026-06-02T16:00,174.2,52.5,7.5,17.5,180.0,370.0
2026-06-02T17:00,131.3,42.5,11.8,18.9,171.0,389.0
2026-06-02T18:00,126.2,47.1,24.0,22.7,147.0,385.0
2026-06-02T19:00,131.8,57.6,41.0,28.0,113.0,374.0
2026-06-02T20:00,141.1,69.4,54.7,32.7,85.0,392.0
2026-06-02T21:00,144.8,77.3,62.2,36.5,68.0,471.0
2026-06-02T22:00,142.0,81.0,66.3,39.8,56.0,578.0
2026-06-02T23:00,147.6,82.0,67.6,41.6,47.0,654.0
2026-06-03T00:00,141.6,79.9,64.8,40.9,41.0,666.0
2026-06-03T01:00,143.4,78.7,59.2,38.6,38.0,647.0
2026-06-03T02:00,145.8,77.5,55.3,37.0,35.0,632.0
2026-06-03T03:00,144.8,77.5,55.9,35.8,26.0,636.0
2026-06-03T04:00,146.2,79.4,58.3,35.3,17.0,643.0
2026-06-03T05:00,140.2,88.5,64.7,33.8,12.0,643.0
2026-06-03T06:00,134.1,89.6,56.1,40.0,39.0,637.0
2026-06-03T07:00,149.5,83.4,43.9,48.2,76.0,624.0
2026-06-03T08:00,152.7,69.6,32.6,51.6,112.0,592.0
2026-06-03T09:00,139.7,56.6,23.1,45.8,142.0,524.0
2026-06-03T10:00,123.4,51.0,14.5,35.2,169.0,437.0
2026-06-03T11:00,140.6,53.0,8.3,26.8,192.0,370.0
2026-06-03T12:00,139.2,53.0,5.4,23.4,209.0,339.0
2026-06-03T13:00,134.1,53.0,4.9,22.2,220.0,329.0
2026-06-03T14:00,127.6,52.7,5.6,21.6,226.0,326.0
2026-06-03T15:00,119.7,52.3,6.6,21.0,226.0,325.0
2026-06-03T16:00,118.3,51.5,8.9,21.0,220.0,332.0
2026-06-03T17:00,103.6,44.1,13.1,20.2,199.0,354.0
2026-06-03T18:00,106.9,46.9,18.8,21.1,179.0,395.0
2026-06-03T19:00,139.7,54.6,27.0,22.5,150.0,451.0
2026-06-03T20:00,144.4,59.6,35.7,25.1,123.0,514.0
2026-06-03T21:00,157.4,67.3,45.7,30.0,101.0,597.0
2026-06-03T22:00,156.9,74.7,56.1,36.0,81.0,687.0
2026-06-03T23:00,152.3,79.2,62.6,40.1,66.0,740.0
2026-06-04T00:00,143.9,79.4,62.3,40.8,58.0,726.0
2026-06-04T01:00,143.0,78.2,58.0,39.6,54.0,674.0
2026-06-04T02:00,145.3,75.4,53.7,38.0,52.0,629.0
2026-06-04T03:00,154.1,77.5,50.8,35.9,47.0,600.0
2026-06-04T04:00,154.1,78.2,47.9,33.4,43.0,579.0
2026-06-04T05:00,221.2,92.7,45.5,36.4,53.0,584.0
2026-06-04T06:00,185.8,87.1,41.0,35.4,66.0,650.0
2026-06-04T07:00,150.9,78.9,34.5,34.1,86.0,743.0
2026-06-04T08:00,342.7,89.6,27.9,33.3,112.0,778.0
2026-06-04T09:00,344.6,87.8,21.4,34.2,151.0,696.0
2026-06-04T10:00,339.9,86.8,14.8,35.6,196.0,557.0
2026-06-04T11:00,292.4,80.3,9.7,35.4,229.0,454.0
2026-06-04T12:00,275.7,76.6,6.9,31.9,240.0,430.0
2026-06-04T13:00,293.4,75.0,5.6,26.7,238.0,443.0
2026-06-04T14:00,305.5,74.7,5.4,22.6,233.0,460.0
2026-06-04T15:00,312.9,75.7,5.8,20.4,228.0,462.0
2026-06-04T16:00,339.0,79.4,7.4,19.3,220.0,469.0
2026-06-04T17:00,267.3,67.5,11.8,15.5,174.0,506.0
2026-06-04T18:00,250.5,74.7,26.1,19.2,141.0,600.0
2026-06-04T19:00,250.5,85.7,45.4,24.1,97.0,724.0
2026-06-04T20:00,305.5,98.5,56.0,26.7,70.0,822.0
2026-06-04T21:00,259.8,83.6,49.3,24.7,78.0,852.0
2026-06-04T22:00,161.1,68.5,34.1,20.4,102.0,856.0
2026-06-04T23:00,78.5,55.4,22.8,17.6,118.0,899.0
2026-06-05T00:00,99.4,56.0,20.8,17.8,113.0,1029.0
2026-06-05T01:00,195.1,72.2,22.8,19.4,100.0,1199.0
2026-06-05T02:00,302.7,92.2,25.4,21.2,86.0,1327.0
2026-06-05T03:00,369.7,107.6,28.0,22.7,73.0,1397.0
2026-06-05T04:00,373.5,113.6,31.3,24.4,59.0,1426.0
2026-06-05T05:00,302.7,92.2,24.8,32.6,100.0,1387.0
2026-06-05T06:00,312.9,95.2,26.7,30.9,93.0,1242.0
2026-06-05T07:00,321.3,94.1,29.2,28.5,85.0,1028.0
2026-06-05T08:00,315.7,93.1,29.3,26.8,84.0,831.0
2026-06-05T09:00,353.0,98.3,25.1,26.7,98.0,671.0
2026-06-05T10:00,367.9,96.2,18.7,27.2,120.0,527.0
2026-06-05T11:00,366.9,93.6,13.1,26.4,138.0,429.0
2026-06-05T12:00,339.9,87.3,9.3,22.7,148.0,399.0
2026-06-05T13:00,279.4,75.2,6.5,17.6,155.0,415.0
2026-06-05T14:00,272.9,70.8,5.0,13.9,158.0,434.0
2026-06-05T15:00,267.3,68.5,4.0,12.5,158.0,444.0
2026-06-05T16:00,253.3,66.4,4.4,12.4,154.0,459.0
2026-06-05T17:00,232.8,62.9,10.7,17.8,153.0,476.0
2026-06-05T18:00,209.5,65.0,21.8,20.8,129.0,492.0
2026-06-05T19:00,216.1,72.9,37.2,25.0,97.0,511.0
2026-06-05T20:00,202.6,79.2,49.0,28.4,70.0,541.0
2026-06-05T21:00,180.2,80.1,53.8,30.1,56.0,585.0
2026-06-05T22:00,171.4,79.9,55.1,31.0,49.0,639.0
2026-06-05T23:00,161.6,79.2,54.9,31.5,44.0,702.0
2026-06-06T00:00,162.5,77.8,53.1,31.4,42.0,796.0
2026-06-06T01:00,168.1,78.0,49.9,30.9,42.0,899.0
2026-06-06T02:00,168.6,79.9,47.8,30.9,42.0,945.0
2026-06-06T03:00,170.9,82.0,48.7,31.6,36.0,885.0
2026-06-06T04:00,175.6,84.1,50.6,32.8,29.0,768.0
2026-06-06T05:00,306.4,131.8,79.8,46.0,13.0,678.0
2026-06-06T06:00,285.9,131.8,68.1,49.9,43.0,661.0
2026-06-06T07:00,314.8,118.5,51.7,54.9,86.0,672.0
2026-06-06T08:00,346.5,112.5,36.6,55.1,124.0,655.0
2026-06-06T09:00,346.5,99.0,24.5,46.2,154.0,578.0
2026-06-06T10:00,350.2,87.5,13.8,32.6,179.0,474.0
2026-06-06T11:00,335.3,79.6,6.2,21.9,195.0,390.0
2026-06-06T12:00,299.9,72.9,3.1,17.3,199.0,342.0
2026-06-06T13:00,274.7,67.3,3.1,15.5,194.0,314.0
2026-06-06T14:00,268.2,64.3,4.1,14.4,186.0,299.0
2026-06-06T15:00,290.6,64.7,4.5,12.9,177.0,295.0
2026-06-06T16:00,265.4,61.5,6.0,12.1,164.0,304.0
2026-06-06T17:00,210.0,53.0,9.9,14.4,165.0,326.0
2026-06-06T18:00,204.4,59.0,23.5,16.9,137.0,368.0
2026-06-06T19:00,214.7,69.4,42.5,20.5,98.0,423.0
2026-06-06T20:00,222.1,81.3,58.9,23.7,65.0,475.0
2026-06-06T21:00,234.2,91.5,70.6,26.2,43.0,522.0
2026-06-06T22:00,248.7,97.6,79.6,28.4,26.0,565.0
2026-06-06T23:00,269.2,99.9,84.4,29.6,15.0,595.0
2026-06-07T00:00,294.3,100.8,82.6,29.1,12.0,607.0
2026-06-07T01:00,304.5,102.0,76.4,27.7,14.0,605.0
2026-06-07T02:00,286.8,100.8,71.2,27.0,17.0,589.0
2026-06-07T03:00,266.4,98.3,69.9,27.5,13.0,552.0
2026-06-07T04:00,253.3,97.8,69.5,28.6,8.0,502.0
2026-06-07T05:00,648.2,145.8,20.0,10.0,44.0,459.0
2026-06-07T06:00,646.3,146.2,18.7,11.1,49.0,436.0
2026-06-07T07:00,629.6,144.8,16.8,12.6,58.0,421.0
2026-06-07T08:00,638.9,135.5,14.5,13.8,71.0,401.0
2026-06-07T09:00,547.6,117.6,11.3,14.7,95.0,371.0
2026-06-07T10:00,482.4,104.1,7.6,15.3,124.0,337.0
2026-06-07T11:00,385.6,90.3,4.8,15.4,145.0,304.0
2026-06-07T12:00,377.2,84.3,3.4,14.5,152.0,270.0
2026-06-07T13:00,327.8,76.8,2.9,13.1,150.0,238.0
2026-06-07T14:00,318.5,73.6,3.1,12.0,146.0,215.0
2026-06-07T15:00,398.6,79.2,3.6,11.2,141.0,201.0
2026-06-07T16:00,403.3,78.2,4.9,10.8,132.0,196.0
2026-06-07T17:00,326.0,67.3,7.3,11.7,127.0,214.0
2026-06-07T18:00,290.6,70.3,14.8,13.7,109.0,268.0
2026-06-07T19:00,295.2,76.4,25.4,16.6,83.0,345.0
2026-06-07T20:00,282.2,82.9,35.6,20.5,61.0,419.0
2026-06-07T21:00,272.9,88.5,45.5,26.6,45.0,487.0
2026-06-07T22:00,253.3,90.3,55.0,33.6,33.0,551.0
2026-06-07T23:00,231.9,89.4,60.6,38.0,24.0,593.0
2026-06-08T00:00,231.0,85.2,59.5,37.8,22.0,600.0
2026-06-08T01:00,237.5,82.2,54.5,35.1,23.0,586.0
2026-06-08T02:00,235.6,79.9,50.2,32.2,24.0,572.0
2026-06-08T03:00,218.9,76.8,48.9,29.9,20.0,570.0
2026-06-08T04:00,195.1,73.8,48.4,27.4,14.0,568.0
2026-06-08T05:00,488.0,112.0,15.4,10.4,55.0,552.0
2026-06-08T06:00,488.0,108.0,15.7,11.2,60.0,514.0
2026-06-08T07:00,444.2,104.5,15.9,12.3,67.0,463.0
2026-06-08T08:00,525.3,107.1,15.1,13.3,81.0,409.0
2026-06-08T09:00,575.6,110.1,12.2,14.5,107.0,350.0
2026-06-08T10:00,570.0,109.4,8.2,15.6,140.0,288.0
2026-06-08T11:00,527.1,102.7,5.2,15.8,163.0,241.0
2026-06-08T12:00,508.5,95.7,3.6,14.2,168.0,218.0
2026-06-08T13:00,504.8,87.3,3.0,11.7,164.0,210.0
2026-06-08T14:00,551.3,87.5,3.6,9.9,158.0,212.0
2026-06-08T15:00,616.5,92.7,5.2,9.2,153.0,216.0
2026-06-08T16:00,653.8,100.8,8.2,9.2,147.0,230.0
2026-06-08T17:00,551.3,83.8,12.9,10.1,132.0,272.0
2026-06-08T18:00,637.0,102.7,24.7,13.7,113.0,363.0
2026-06-08T19:00,651.9,115.7,41.0,18.7,87.0,482.0
2026-06-08T20:00,670.6,127.6,53.5,22.5,65.0,585.0
2026-06-08T21:00,707.8,138.3,57.7,23.8,54.0,663.0
2026-06-08T22:00,745.1,147.1,58.0,23.8,48.0,726.0
2026-06-08T23:00,776.7,154.6,59.7,24.0,41.0,757.0
2026-06-09T00:00,814.0,159.7,65.6,24.8,31.0,739.0
2026-06-09T01:00,800.9,163.0,72.7,25.8,21.0,689.0
2026-06-09T02:00,763.7,162.5,77.5,26.8,13.0,644.0
2026-06-09T03:00,705.9,157.4,79.1,28.2,7.0,622.0
2026-06-09T04:00,663.1,151.3,78.4,29.6,4.0,605.0
2026-06-09T05:00,431.2,103.8,40.7,18.2,37.0,579.0
2026-06-09T06:00,401.4,99.2,35.4,17.5,47.0,534.0
2026-06-09T07:00,398.6,98.7,27.9,16.4,62.0,480.0
2026-06-09T08:00,480.6,100.4,20.9,15.6,81.0,426.0
2026-06-09T09:00,562.5,109.2,15.2,15.4,110.0,373.0
2026-06-09T10:00,599.8,113.2,10.0,15.5,143.0,322.0
2026-06-09T11:00,625.8,113.9,6.2,15.0,166.0,283.0
2026-06-09T12:00,618.4,106.9,4.1,13.4,173.0,264.0
2026-06-09T13:00,577.4,94.8,3.4,11.2,169.0,258.0
2026-06-09T14:00,497.3,84.3,4.0,9.7,164.0,258.0
2026-06-09T15:00,422.8,77.8,5.3,9.1,160.0,254.0
2026-06-09T16:00,436.8,82.0,7.8,9.1,153.0,255.0
2026-06-09T17:00,291.5,61.0,13.2,10.4,147.0,285.0
2026-06-09T18:00,305.5,67.5,19.0,12.2,127.0,351.0
2026-06-09T19:00,346.5,79.4,27.1,14.6,100.0,447.0
2026-06-09T20:00,400.5,91.3,34.3,16.6,76.0,569.0
2026-06-09T21:00,358.6,93.1,39.6,17.6,59.0,767.0
2026-06-09T22:00,353.9,96.9,43.9,18.1,46.0,993.0
2026-06-09T23:00,380.0,101.7,46.7,18.2,36.0,1100.0
2026-06-10T00:00,361.4,100.6,48.4,18.0,27.0,992.0
2026-06-10T01:00,347.4,98.3,48.5,17.3,22.0,766.0
2026-06-10T02:00,374.4,98.0,45.6,16.1,21.0,565.0
2026-06-10T03:00,460.1,100.8,36.8,13.5,28.0,429.0
2026-06-10T04:00,609.1,114.3,24.8,10.3,40.0,318.0
2026-06-10T05:00,390.2,84.8,35.1,20.2,36.0,251.0
2026-06-10T06:00,504.8,95.0,30.3,18.8,45.0,258.0
2026-06-10T07:00,499.2,104.5,23.5,16.8,60.0,308.0
2026-06-10T08:00,668.7,121.1,17.4,15.3,78.0,333.0
2026-06-10T09:00,739.5,131.3,12.7,15.1,106.0,293.0
2026-06-10T10:00,886.6,149.0,8.7,15.4,138.0,228.0
2026-06-10T11:00,1069.2,169.0,5.8,15.1,159.0,180.0
2026-06-10T12:00,1173.5,178.8,4.0,13.4,162.0,169.0
2026-06-10T13:00,1210.7,178.8,3.2,11.2,155.0,177.0
2026-06-10T14:00,1166.0,169.0,4.0,9.5,146.0,189.0
2026-06-10T15:00,1020.7,152.3,5.7,8.6,140.0,194.0
2026-06-10T16:00,936.9,147.1,8.9,8.2,132.0,204.0
2026-06-10T17:00,922.0,151.3,15.4,9.3,123.0,244.0
2026-06-10T18:00,843.8,145.3,24.4,11.7,105.0,340.0
2026-06-10T19:00,733.9,143.4,36.7,15.2,81.0,467.0
2026-06-10T20:00,577.4,134.1,45.2,18.9,65.0,572.0
2026-06-10T21:00,448.9,125.7,46.5,23.1,66.0,639.0
2026-06-10T22:00,486.2,135.0,44.1,27.4,75.0,685.0
2026-06-10T23:00,590.5,152.3,41.1,29.8,81.0,710.0
2026-06-11T00:00,650.1,161.1,38.2,28.8,78.0,715.0
2026-06-11T01:00,644.5,163.4,34.8,26.0,72.0,700.0
2026-06-11T02:00,577.4,155.5,32.2,23.7,65.0,660.0
2026-06-11T03:00,480.6,142.5,31.3,22.7,57.0,571.0
2026-06-11T04:00,440.5,137.8,31.3,22.3,49.0,458.0
2026-06-11T05:00,398.6,118.7,29.8,21.4,52.0,394.0
2026-06-11T06:00,525.3,136.4,28.2,23.4,62.0,432.0
2026-06-11T07:00,618.4,152.3,25.8,26.2,78.0,518.0
2026-06-11T08:00,776.7,174.6,22.6,28.1,100.0,564.0
2026-06-11T09:00,940.6,197.0,17.8,28.3,134.0,523.0
2026-06-11T10:00,1043.1,209.1,12.1,27.7,174.0,443.0
2026-06-11T11:00,1076.6,208.6,7.9,26.6,204.0,378.0
2026-06-11T12:00,1121.3,209.1,5.8,25.1,218.0,349.0
2026-06-11T13:00,1180.9,212.3,5.2,23.2,221.0,335.0
2026-06-11T14:00,1229.3,214.2,6.0,21.7,217.0,330.0
2026-06-11T15:00,1259.1,214.2,8.8,20.9,203.0,338.0
2026-06-11T16:00,1147.4,204.4,12.9,20.6,182.0,355.0
2026-06-11T17:00,1989.3,330.6,14.2,19.8,158.0,367.0
2026-06-11T18:00,1587.0,285.0,15.8,19.7,145.0,367.0
2026-06-11T19:00,1069.2,217.5,17.9,19.5,128.0,362.0
2026-06-11T20:00,517.8,140.6,18.9,19.1,115.0,358.0
2026-06-11T21:00,243.1,90.1,17.9,18.5,113.0,358.0
2026-06-11T22:00,152.3,67.8,15.8,17.8,116.0,358.0
2026-06-11T23:00,601.6,120.6,14.1,17.0,117.0,357.0
2026-06-12T00:00,665.0,132.2,13.3,16.1,112.0,352.0
2026-06-12T01:00,637.0,125.7,12.9,15.1,105.0,346.0
2026-06-12T02:00,288.7,78.2,12.7,14.3,100.0,340.0
2026-06-12T03:00,109.9,46.8,12.5,13.6,98.0,330.0
2026-06-12T04:00,181.6,51.7,12.5,13.1,98.0,321.0
2026-06-12T05:00,464.7,95.7,14.8,13.4,85.0,331.0
2026-06-12T06:00,340.9,85.2,15.1,14.5,92.0,384.0
2026-06-12T07:00,161.1,61.0,15.5,16.1,102.0,455.0
2026-06-12T08:00,74.5,38.5,14.8,17.0,114.0,493.0
2026-06-12T09:00,52.9,28.8,12.1,16.7,130.0,464.0
2026-06-12T10:00,150.4,46.6,8.4,15.9,149.0,400.0
2026-06-12T11:00,248.7,53.4,5.7,15.3,163.0,350.0
2026-06-12T12:00,304.5,70.3,4.7,15.1,168.0,328.0
2026-06-12T13:00,489.9,83.8,4.8,15.2,169.0,319.0
2026-06-12T14:00,491.7,86.1,6.0,16.1,168.0,324.0
2026-06-12T15:00,480.6,85.7,7.8,18.3,169.0,352.0
2026-06-12T16:00,488.0,87.3,10.7,21.3,169.0,394.0
2026-06-12T17:00,791.6,118.7,12.8,14.8,134.0,428.0
2026-06-12T18:00,588.6,114.6,23.1,18.2,112.0,437.0
2026-06-12T19:00,462.9,109.2,37.0,22.7,83.0,439.0
2026-06-12T20:00,440.5,102.2,45.2,25.5,63.0,462.0
2026-06-12T21:00,425.6,92.7,41.9,24.8,63.0,541.0
2026-06-12T22:00,457.3,93.1,32.9,22.3,73.0,640.0
2026-06-12T23:00,517.8,103.6,25.8,20.3,80.0,687.0
2026-06-13T00:00,506.6,109.0,23.9,19.7,79.0,628.0
2026-06-13T01:00,423.8,104.5,23.9,19.7,74.0,515.0
2026-06-13T02:00,334.3,94.3,24.4,19.8,70.0,435.0
2026-06-13T03:00,284.1,84.3,25.1,19.7,65.0,419.0
2026-06-13T04:00,245.9,76.8,26.3,19.7,59.0,436.0
2026-06-13T05:00,137.8,74.3,23.1,28.8,63.0,470.0
2026-06-13T06:00,166.7,70.3,23.9,30.4,70.0,540.0
2026-06-13T07:00,229.1,72.2,25.0,32.7,82.0,627.0
2026-06-13T08:00,391.2,88.5,24.5,34.8,100.0,668.0
2026-06-13T09:00,553.2,110.6,21.4,36.9,129.0,615.0
2026-06-13T10:00,609.1,124.3,16.8,38.8,165.0,516.0
2026-06-13T11:00,584.9,127.6,12.8,39.1,195.0,444.0
2026-06-13T12:00,534.6,125.7,9.8,36.8,217.0,436.0
2026-06-13T13:00,474.0,120.1,7.5,32.9,233.0,455.0
2026-06-13T14:00,421.9,112.2,6.5,29.3,240.0,468.0
2026-06-13T15:00,380.0,102.9,5.3,26.0,236.0,447.0
2026-06-13T16:00,339.0,95.2,5.5,23.1,223.0,420.0
2026-06-13T17:00,375.3,101.7,14.7,31.2,219.0,437.0
2026-06-13T18:00,315.7,104.5,31.6,33.4,182.0,532.0
2026-06-13T19:00,317.6,112.9,55.3,36.5,129.0,670.0
2026-06-13T20:00,346.5,130.4,75.7,39.1,84.0,799.0
2026-06-13T21:00,366.9,145.8,89.8,41.1,54.0,901.0
2026-06-13T22:00,378.1,151.8,100.6,42.7,32.0,993.0
2026-06-13T23:00,394.9,158.3,106.9,43.2,16.0,1074.0
2026-06-14T00:00,396.7,161.1,106.9,42.0,8.0,1148.0
2026-06-14T01:00,382.8,156.9,102.4,39.7,6.0,1212.0
2026-06-14T02:00,375.3,153.7,97.5,37.5,5.0,1255.0
2026-06-14T03:00,362.3,151.3,94.9,35.6,0.0,1285.0
2026-06-14T04:00,333.4,146.7,91.9,33.9,0.0,1295.0
2026-06-14T05:00,353.0,127.1,28.7,13.8,49.0,1254.0
2026-06-14T06:00,328.8,125.7,25.5,16.3,62.0,1131.0
2026-06-14T07:00,337.1,109.7,21.0,19.8,81.0,958.0
2026-06-14T08:00,369.7,95.0,16.8,22.8,103.0,800.0
2026-06-14T09:00,427.5,100.8,13.4,25.5,134.0,679.0
2026-06-14T10:00,516.0,116.2,10.2,27.6,168.0,574.0
2026-06-14T11:00,506.6,115.3,7.6,27.4,188.0,481.0
2026-06-14T12:00,405.1,91.0,5.4,22.7,184.0,396.0
2026-06-14T13:00,428.4,90.6,3.8,15.6,166.0,324.0
2026-06-14T14:00,367.9,84.8,3.2,10.4,149.0,277.0
2026-06-14T15:00,380.0,85.0,2.5,8.4,141.0,259.0
2026-06-14T16:00,388.4,85.7,2.8,8.2,133.0,266.0
2026-06-14T17:00,362.3,78.9,8.8,12.0,131.0,297.0
2026-06-14T18:00,339.0,83.6,23.2,17.2,109.0,364.0
2026-06-14T19:00,351.1,97.8,43.4,24.5,77.0,455.0
2026-06-14T20:00,382.8,114.6,61.5,31.0,50.0,532.0
2026-06-14T21:00,399.5,127.6,75.5,36.0,31.0,584.0
2026-06-14T22:00,417.2,138.3,87.3,40.2,16.0,622.0
2026-06-14T23:00,444.2,148.5,94.8,42.5,6.0,643.0
2026-06-15T00:00,444.2,153.7,96.2,41.8,1.0,650.0
2026-06-15T01:00,413.5,152.7,93.2,39.3,0.0,640.0
2026-06-15T02:00,380.0,145.8,89.4,37.1,1.0,597.0
2026-06-15T03:00,354.8,140.6,86.1,35.7,0.0,484.0
2026-06-15T04:00,317.6,136.0,82.0,34.7,0.0,339.0
2026-06-15T05:00,294.3,88.7,30.6,13.1,45.0,260.0
2026-06-15T06:00,255.2,85.4,26.9,13.6,54.0,320.0
2026-06-15T07:00,312.0,88.2,21.8,14.3,68.0,445.0
2026-06-15T08:00,258.0,78.0,16.9,15.2,86.0,516.0
2026-06-15T09:00,298.0,79.2,12.7,16.7,111.0,469.0
2026-06-15T10:00,324.1,83.1,8.8,18.4,139.0,367.0
2026-06-15T11:00,321.3,83.4,6.0,19.2,160.0,282.0
2026-06-15T12:00,300.8,79.2,4.5,18.2,168.0,237.0
2026-06-15T13:00,272.9,75.4,4.0,16.2,169.0,209.0
2026-06-15T14:00,267.3,73.6,4.3,14.6,166.0,203.0
2026-06-15T15:00,276.6,73.8,4.7,13.7,161.0,220.0
2026-06-15T16:00,333.4,78.9,5.9,13.1,152.0,258.0
2026-06-15T17:00,871.7,136.0,10.6,11.0,108.0,318.0
2026-06-15T18:00,815.8,140.2,19.1,13.6,90.0,405.0
2026-06-15T19:00,760.0,145.8,31.2,17.3,66.0,514.0
2026-06-15T20:00,704.1,152.7,43.3,21.1,44.0,630.0
2026-06-15T21:00,737.6,161.6,55.0,24.8,29.0,785.0
2026-06-15T22:00,802.8,174.2,66.7,28.6,17.0,948.0
2026-06-15T23:00,806.5,183.9,75.3,32.0,8.0,1005.0
2026-06-16T00:00,827.0,192.3,79.3,34.8,3.0,870.0
2026-06-16T01:00,823.3,195.1,80.2,37.3,1.0,630.0
2026-06-16T02:00,841.9,197.4,79.8,39.2,0.0,436.0
2026-06-16T03:00,843.8,199.8,79.2,40.2,0.0,340.0
2026-06-16T04:00,847.5,200.7,77.4,40.8,0.0,289.0
2026-06-16T05:00,523.4,145.3,41.8,23.9,18.0,277.0
2026-06-16T06:00,448.0,144.8,37.5,26.4,34.0,327.0
2026-06-16T07:00,538.3,143.9,31.4,29.7,56.0,415.0
2026-06-16T08:00,542.0,130.4,25.2,30.7,79.0,463.0
2026-06-16T09:00,542.0,113.6,18.9,27.4,102.0,425.0
2026-06-16T10:00,521.5,101.3,12.4,22.0,126.0,347.0
2026-06-16T11:00,491.7,94.5,7.6,17.6,145.0,287.0
2026-06-16T12:00,467.5,91.5,5.1,15.7,157.0,266.0
2026-06-16T13:00,412.6,85.4,4.3,14.8,164.0,262.0
2026-06-16T14:00,367.9,80.6,4.7,14.4,165.0,270.0
2026-06-16T15:00,355.8,79.6,6.1,13.9,160.0,289.0
2026-06-16T16:00,358.6,78.9,8.6,13.9,150.0,320.0
2026-06-16T17:00,203.5,50.6,10.4,16.5,152.0,358.0
2026-06-16T18:00,190.5,53.4,25.0,19.3,125.0,405.0
2026-06-16T19:00,182.5,63.8,45.7,23.5,87.0,459.0
2026-06-16T20:00,202.6,78.0,65.5,28.8,54.0,505.0
2026-06-16T21:00,224.9,91.0,84.0,36.7,31.0,532.0
2026-06-16T22:00,239.3,104.8,101.6,45.8,14.0,553.0
2026-06-16T23:00,249.6,115.9,113.0,51.7,2.0,588.0
2026-06-17T00:00,253.3,120.6,114.9,52.2,0.0,653.0
2026-06-17T01:00,258.0,117.8,110.6,49.6,0.0,733.0
2026-06-17T02:00,283.1,114.3,104.4,46.1,0.0,804.0
2026-06-17T03:00,327.8,115.3,97.3,41.8,0.0,864.0
2026-06-17T04:00,380.9,120.1,88.3,36.6,0.0,914.0
2026-06-17T05:00,497.3,95.5,39.9,24.0,38.0,937.0
2026-06-17T06:00,441.4,94.8,35.4,23.2,49.0,924.0
2026-06-17T07:00,495.5,100.1,28.9,22.1,65.0,883.0
2026-06-17T08:00,594.2,107.6,23.0,21.8,83.0,818.0
2026-06-17T09:00,657.5,112.2,18.2,23.4,105.0,711.0
2026-06-17T10:00,692.9,118.3,13.9,25.8,129.0,580.0
2026-06-17T11:00,689.2,120.6,10.4,26.8,150.0,479.0
2026-06-17T12:00,670.6,121.5,7.7,25.2,166.0,436.0
2026-06-17T13:00,644.5,118.3,5.9,22.3,178.0,423.0
2026-06-17T14:00,620.3,114.3,5.5,19.7,182.0,409.0
2026-06-17T15:00,594.2,109.7,5.9,17.7,177.0,367.0
2026-06-17T16:00,560.7,103.8,7.7,16.1,165.0,323.0
2026-06-17T17:00,416.3,77.5,10.7,13.6,140.0,325.0
2026-06-17T18:00,385.6,79.9,22.0,15.6,117.0,405.0
2026-06-17T19:00,395.8,88.2,38.0,18.5,85.0,531.0
2026-06-17T20:00,381.8,99.2,53.4,22.1,57.0,656.0
2026-06-17T21:00,380.0,109.4,67.5,26.7,37.0,769.0
2026-06-17T22:00,409.8,122.5,80.9,31.9,21.0,880.0
2026-06-17T23:00,439.6,133.6,91.0,36.2,9.0,980.0
2026-06-18T00:00,461.9,142.5,96.0,38.9,3.0,1075.0
2026-06-18T01:00,480.6,150.4,97.5,40.8,1.0,1157.0
2026-06-18T02:00,497.3,156.5,97.8,42.3,1.0,1193.0
2026-06-18T03:00,508.5,161.1,98.3,43.4,0.0,1157.0
2026-06-18T04:00,512.2,164.4,97.5,44.1,0.0,1074.0
2026-06-18T05:00,223.1,85.0,48.8,24.9,22.0,993.0
2026-06-18T06:00,213.7,89.6,44.5,28.3,40.0,941.0
2026-06-18T07:00,221.2,89.9,38.3,32.8,65.0,891.0
2026-06-18T08:00,289.6,90.1,31.2,34.6,92.0,804.0
2026-06-18T09:00,300.8,88.2,22.4,31.1,123.0,639.0
2026-06-18T10:00,217.9,72.6,12.7,24.9,155.0,437.0
2026-06-18T11:00,158.8,58.4,5.6,19.7,178.0,289.0
2026-06-18T12:00,204.4,62.2,3.0,16.8,185.0,240.0
2026-06-18T13:00,204.4,59.5,3.0,14.9,181.0,244.0
2026-06-18T14:00,182.1,56.1,4.0,13.5,175.0,256.0
2026-06-18T15:00,249.6,61.9,5.2,12.5,168.0,260.0
2026-06-18T16:00,231.4,60.3,7.3,12.0,158.0,272.0
2026-06-18T17:00,246.8,56.7,10.3,10.8,138.0,298.0
2026-06-18T18:00,291.5,64.5,16.8,12.3,121.0,351.0
2026-06-18T19:00,366.9,77.1,25.8,14.4,97.0,418.0
2026-06-18T20:00,382.8,86.8,33.3,16.5,77.0,467.0
2026-06-18T21:00,382.8,93.6,37.4,18.4,65.0,482.0
2026-06-18T22:00,379.0,99.9,39.9,20.3,57.0,479.0
2026-06-18T23:00,372.5,105.2,42.8,21.9,50.0,468.0
2026-06-19T00:00,353.9,108.0,46.7,22.7,42.0,451.0
2026-06-19T01:00,334.3,110.1,50.8,23.2,35.0,427.0
2026-06-19T02:00,324.1,112.9,55.2,24.6,29.0,402.0
2026-06-19T03:00,325.0,117.3,61.5,27.7,20.0,369.0
2026-06-19T04:00,328.8,122.5,68.1,31.8,11.0,336.0
2026-06-19T05:00,687.3,142.0,20.1,12.4,47.0,328.0
2026-06-19T06:00,722.7,154.1,20.5,14.5,50.0,372.0
2026-06-19T07:00,715.3,156.9,20.8,17.5,56.0,442.0
2026-06-19T08:00,694.8,152.7,19.8,20.0,71.0,487.0
2026-06-19T09:00,601.6,141.1,16.1,21.8,105.0,483.0
2026-06-19T10:00,542.0,133.2,11.1,23.0,149.0,455.0
2026-06-19T11:00,514.1,126.2,7.1,23.0,181.0,422.0
2026-06-19T12:00,620.3,133.6,5.1,21.0,192.0,385.0
2026-06-19T13:00,597.9,129.9,4.2,17.7,191.0,344.0
2026-06-19T14:00,523.4,117.1,4.4,14.9,184.0,315.0
2026-06-19T15:00,443.3,102.0,5.4,13.1,172.0,305.0
2026-06-19T16:00,396.7,91.7,7.5,11.7,155.0,307.0
2026-06-19T17:00,657.5,118.7,9.8,10.2,133.0,320.0
2026-06-19T18:00,791.6,136.0,12.8,10.7,119.0,347.0
2026-06-19T19:00,925.7,155.5,17.2,11.4,99.0,384.0
2026-06-19T20:00,1009.6,169.0,21.6,12.3,81.0,421.0
2026-06-19T21:00,1028.2,178.8,26.3,13.7,68.0,458.0
2026-06-19T22:00,1013.3,184.4,31.0,15.4,57.0,495.0
2026-06-19T23:00,961.1,182.5,34.0,16.5,50.0,517.0
2026-06-20T00:00,899.7,177.4,33.9,16.6,48.0,511.0
2026-06-20T01:00,819.6,170.0,32.0,16.2,49.0,490.0
2026-06-20T02:00,745.1,161.6,30.3,15.9,51.0,476.0
2026-06-20T03:00,661.2,153.2,29.8,16.0,49.0,483.0
2026-06-20T04:00,575.6,145.3,29.5,16.3,48.0,499.0
2026-06-20T05:00,583.0,152.3,21.1,15.3,71.0,503.0
2026-06-20T06:00,536.4,149.5,20.3,16.8,85.0,492.0
2026-06-20T07:00,527.1,144.8,19.1,18.8,104.0,470.0
2026-06-20T08:00,457.3,122.9,16.9,19.6,123.0,435.0
2026-06-20T09:00,387.4,98.0,12.7,18.2,141.0,373.0
2026-06-20T10:00,461.0,93.6,7.6,15.6,159.0,297.0
2026-06-20T11:00,337.1,76.1,3.9,13.5,170.0,243.0
2026-06-20T12:00,501.1,89.9,2.6,12.4,170.0,231.0
2026-06-20T13:00,383.7,77.3,2.7,11.6,163.0,241.0
2026-06-20T14:00,465.7,84.5,3.6,11.1,154.0,254.0
2026-06-20T15:00,467.5,83.6,4.8,10.6,146.0,262.0
2026-06-20T16:00,491.7,87.8,6.7,10.2,137.0,273.0
2026-06-20T17:00,461.9,83.4,10.7,10.7,125.0,288.0
2026-06-20T18:00,444.2,85.4,15.9,11.9,111.0,307.0
2026-06-20T19:00,458.2,93.1,23.3,13.5,90.0,329.0
2026-06-20T20:00,508.5,107.8,30.1,15.0,72.0,354.0
2026-06-20T21:00,549.5,122.0,35.7,16.3,59.0,391.0
2026-06-20T22:00,573.7,134.1,40.7,17.4,48.0,430.0
2026-06-20T23:00,575.6,142.5,43.8,17.8,39.0,449.0
2026-06-21T00:00,568.1,146.7,44.0,16.8,34.0,430.0
2026-06-21T01:00,571.8,150.4,42.4,15.1,31.0,390.0
2026-06-21T02:00,577.4,152.3,40.2,13.8,29.0,355.0
2026-06-21T03:00,577.4,152.3,38.2,13.3,27.0,334.0
2026-06-21T04:00,556.9,149.9,35.6,13.3,26.0,319.0
2026-06-21T05:00,584.9,130.4,15.6,9.1,53.0,306.0
2026-06-21T06:00,575.6,130.4,15.2,9.9,53.0,299.0
2026-06-21T07:00,597.9,129.9,14.4,11.0,54.0,295.0
2026-06-21T08:00,685.5,132.7,13.0,12.0,63.0,286.0
2026-06-21T09:00,720.8,130.4,10.2,12.9,86.0,263.0
2026-06-21T10:00,741.3,129.0,6.8,13.6,116.0,235.0
2026-06-21T11:00,784.2,132.7,4.2,13.9,139.0,214.0
2026-06-21T12:00,666.8,118.3,3.0,13.4,151.0,207.0
2026-06-21T13:00,724.6,120.6,2.7,12.4,156.0,206.0
2026-06-21T14:00,756.2,120.6,3.1,11.5,156.0,206.0
2026-06-21T15:00,758.1,116.9,3.8,10.7,150.0,199.0
2026-06-21T16:00,719.0,114.6,5.2,10.0,139.0,192.0
2026-06-21T17:00,495.5,82.0,10.3,10.3,120.0,196.0
2026-06-21T18:00,482.4,82.9,16.8,11.9,103.0,217.0
2026-06-21T19:00,452.6,85.7,25.7,14.0,79.0,249.0
2026-06-21T20:00,440.5,91.5,31.8,15.3,61.0,280.0
2026-06-21T21:00,549.5,109.2,32.3,15.2,53.0,313.0
2026-06-21T22:00,676.1,132.2,30.1,14.2,50.0,345.0
2026-06-21T23:00,702.2,143.9,28.1,13.3,48.0,353.0
2026-06-22T00:00,659.4,145.3,27.5,12.5,44.0,313.0
2026-06-22T01:00,590.5,139.2,27.2,11.7,41.0,248.0
2026-06-22T02:00,508.5,128.5,27.3,11.2,38.0,211.0
2026-06-22T03:00,426.5,115.7,28.4,11.1,32.0,228.0
2026-06-22T04:00,353.0,103.4,29.8,11.2,26.0,272.0
2026-06-22T05:00,622.1,128.1,20.5,11.3,45.0,310.0
2026-06-22T06:00,556.9,121.5,20.0,12.7,49.0,333.0
2026-06-22T07:00,566.2,122.0,19.2,14.6,56.0,349.0
2026-06-22T08:00,678.0,135.5,17.5,16.2,71.0,350.0
2026-06-22T09:00,711.5,144.4,14.0,17.4,103.0,325.0
2026-06-22T10:00,665.0,140.2,9.6,18.3,144.0,286.0
2026-06-22T11:00,633.3,131.3,6.2,18.1,171.0,252.0
2026-06-22T12:00,599.8,115.9,4.5,16.0,174.0,232.0
2026-06-22T13:00,568.1,102.4,3.7,12.9,165.0,218.0
2026-06-22T14:00,603.5,98.7,4.0,10.6,154.0,211.0
2026-06-22T15:00,657.5,101.3,5.3,9.8,147.0,211.0
2026-06-22T16:00,728.3,109.0,7.7,9.8,139.0,219.0
2026-06-22T17:00,484.3,80.1,11.3,11.0,128.0,230.0
2026-06-22T18:00,437.7,79.9,15.9,12.7,115.0,242.0
2026-06-22T19:00,430.3,80.1,22.4,15.1,96.0,259.0
2026-06-22T20:00,359.5,72.6,27.8,16.8,80.0,287.0
2026-06-22T21:00,312.9,65.2,31.1,17.3,69.0,341.0
2026-06-22T22:00,287.8,61.7,33.2,17.3,60.0,407.0
2026-06-22T23:00,265.4,59.6,34.7,16.9,53.0,449.0
2026-06-23T00:00,236.6,57.4,35.4,16.2,46.0,449.0
2026-06-23T01:00,211.9,56.0,35.4,15.3,41.0,426.0
2026-06-23T02:00,192.8,55.4,35.1,14.5,37.0,400.0
2026-06-23T03:00,175.1,52.9,34.9,13.7,33.0,370.0
2026-06-23T04:00,169.0,52.7,34.4,13.1,30.0,337.0
2026-06-23T05:00,210.5,73.8,52.8,20.4,17.0,323.0
2026-06-23T06:00,210.9,75.7,45.4,22.3,39.0,350.0
2026-06-23T07:00,230.5,79.4,35.0,24.9,71.0,396.0
2026-06-23T08:00,251.5,78.0,25.4,26.0,102.0,413.0
2026-06-23T09:00,234.2,71.7,17.6,24.5,132.0,370.0
2026-06-23T10:00,260.8,68.2,10.7,21.6,162.0,297.0
2026-06-23T11:00,263.6,63.8,5.8,18.7,180.0,242.0
2026-06-23T12:00,292.4,64.3,3.5,15.9,180.0,224.0
2026-06-23T13:00,357.6,70.1,3.2,13.1,168.0,222.0
2026-06-23T14:00,363.2,69.6,3.7,11.0,155.0,226.0
2026-06-23T15:00,436.8,76.1,4.3,9.7,145.0,229.0
2026-06-23T16:00,433.1,75.7,5.9,9.0,135.0,236.0
2026-06-23T17:00,506.6,91.0,14.7,8.5,93.0,252.0
2026-06-23T18:00,478.7,89.4,20.3,10.4,82.0,284.0
2026-06-23T19:00,448.9,91.5,28.5,13.2,66.0,324.0
2026-06-23T20:00,435.9,96.2,37.1,16.4,50.0,353.0
2026-06-23T21:00,416.3,101.0,46.8,20.6,36.0,360.0
2026-06-23T22:00,414.4,109.0,57.0,25.2,22.0,356.0
2026-06-23T23:00,391.2,115.3,64.1,28.2,12.0,349.0
2026-06-24T00:00,372.5,115.9,66.0,28.3,8.0,340.0
2026-06-24T01:00,365.1,116.4,64.8,26.9,7.0,328.0
2026-06-24T02:00,353.9,116.6,63.0,25.8,7.0,318.0
2026-06-24T03:00,339.9,116.2,62.3,26.0,4.0,310.0
2026-06-24T04:00,333.4,116.9,61.1,26.4,2.0,305.0
2026-06-24T05:00,421.0,128.5,54.2,22.3,10.0,311.0
2026-06-24T06:00,379.0,125.7,48.0,24.7,24.0,346.0
2026-06-24T07:00,377.2,118.7,39.2,27.9,44.0,392.0
2026-06-24T08:00,457.3,112.9,30.5,28.9,66.0,410.0
2026-06-24T09:00,422.8,98.7,22.0,25.6,90.0,373.0
2026-06-24T10:00,374.4,88.2,13.6,20.2,116.0,307.0
2026-06-24T11:00,383.7,85.7,7.4,15.8,136.0,254.0
2026-06-24T12:00,418.2,87.5,4.5,13.7,147.0,230.0
2026-06-24T13:00,427.5,85.7,3.9,12.6,152.0,218.0
2026-06-24T14:00,380.0,77.8,4.2,12.0,153.0,214.0
2026-06-24T15:00,365.1,74.7,4.5,11.6,153.0,211.0
2026-06-24T16:00,395.8,77.1,5.9,11.6,149.0,216.0
2026-06-24T17:00,377.2,76.6,10.0,12.6,139.0,240.0
2026-06-24T18:00,331.6,79.4,18.8,14.7,120.0,289.0
2026-06-24T19:00,318.5,85.2,30.4,17.7,95.0,357.0
2026-06-24T20:00,328.8,93.1,41.1,21.2,74.0,438.0
2026-06-24T21:00,350.2,102.0,50.3,25.6,59.0,544.0
2026-06-24T22:00,364.1,113.9,58.5,30.5,48.0,663.0
2026-06-24T23:00,366.0,121.5,63.5,33.8,40.0,748.0
2026-06-25T00:00,357.6,121.5,62.9,34.0,38.0,768.0
2026-06-25T01:00,349.2,120.1,59.1,32.6,39.0,756.0
2026-06-25T02:00,338.1,119.7,56.8,31.8,39.0,761.0
2026-06-25T03:00,331.6,120.6,59.5,32.4,31.0,822.0
2026-06-25T04:00,334.3,123.9,63.7,33.6,21.0,901.0
2026-06-25T05:00,336.2,129.0,64.4,35.4,24.0,933.0
2026-06-25T06:00,313.9,131.8,58.9,38.9,50.0,888.0
2026-06-25T07:00,291.5,122.5,49.8,43.0,89.0,797.0
2026-06-25T08:00,332.5,118.3,40.1,44.7,125.0,686.0
2026-06-25T09:00,358.6,112.2,29.5,42.3,154.0,542.0
2026-06-25T10:00,361.4,105.2,18.3,37.6,179.0,379.0
2026-06-25T11:00,335.3,98.5,9.9,32.8,197.0,263.0
2026-06-25T12:00,312.9,93.4,6.0,28.3,206.0,231.0
2026-06-25T13:00,299.0,90.3,5.0,23.7,208.0,246.0
2026-06-25T14:00,284.1,85.4,5.2,19.8,202.0,265.0
2026-06-25T15:00,289.6,82.4,5.5,16.5,187.0,262.0
2026-06-25T16:00,285.9,78.0,7.0,13.9,164.0,263.0
2026-06-25T17:00,165.8,56.5,11.0,20.7,198.0,296.0
2026-06-25T18:00,152.3,58.8,22.2,22.4,168.0,388.0
2026-06-25T19:00,156.0,68.0,37.6,24.7,126.0,513.0
2026-06-25T20:00,156.0,75.4,48.7,26.5,92.0,620.0
2026-06-25T21:00,149.5,71.7,51.0,27.3,74.0,693.0
2026-06-25T22:00,150.4,72.4,49.1,27.7,63.0,748.0
2026-06-25T23:00,200.7,79.2,48.4,27.9,53.0,783.0
2026-06-26T00:00,233.3,83.4,51.4,27.8,43.0,794.0
2026-06-26T01:00,207.2,83.4,55.8,27.6,33.0,786.0
2026-06-26T02:00,202.1,86.1,59.6,27.9,26.0,772.0
2026-06-26T03:00,205.4,88.2,63.7,29.1,17.0,759.0
2026-06-26T04:00,207.7,91.0,67.3,30.9,10.0,741.0
2026-06-26T05:00,202.1,105.7,64.3,28.1,23.0,713.0
2026-06-26T06:00,188.6,101.5,55.0,29.6,41.0,672.0
2026-06-26T07:00,186.7,89.9,41.8,31.6,68.0,620.0
2026-06-26T08:00,196.0,79.2,30.0,31.9,98.0,562.0
2026-06-26T09:00,200.2,77.3,20.9,29.2,136.0,491.0
2026-06-26T10:00,177.4,69.8,13.0,24.8,177.0,414.0
2026-06-26T11:00,155.5,62.2,7.4,21.0,206.0,353.0
2026-06-26T12:00,137.4,52.3,4.7,18.5,214.0,312.0
2026-06-26T13:00,152.3,51.3,4.2,16.5,209.0,287.0
2026-06-26T14:00,155.1,51.1,4.7,14.8,198.0,285.0
2026-06-26T15:00,156.9,48.9,5.3,13.1,183.0,314.0
2026-06-26T16:00,195.1,52.2,6.9,11.7,163.0,366.0
2026-06-26T17:00,156.5,51.7,12.7,14.3,161.0,422.0
2026-06-26T18:00,151.8,57.2,19.1,16.3,143.0,473.0
2026-06-26T19:00,155.1,65.7,28.2,19.1,118.0,527.0
2026-06-26T20:00,170.9,65.7,36.6,21.4,95.0,594.0
2026-06-26T21:00,183.9,69.6,43.9,23.2,77.0,693.0
2026-06-26T22:00,189.5,77.1,50.5,24.5,60.0,805.0
2026-06-26T23:00,204.9,82.9,54.1,24.6,48.0,880.0
2026-06-27T00:00,214.7,85.2,52.8,22.7,41.0,899.0
2026-06-27T01:00,210.5,81.7,48.4,19.6,38.0,881.0
2026-06-27T02:00,188.6,73.8,44.1,17.0,36.0,836.0
2026-06-27T03:00,174.2,68.5,40.9,15.1,31.0,751.0
2026-06-27T04:00,175.6,66.8,37.7,13.7,27.0,640.0
2026-06-27T05:00,273.8,73.1,24.3,12.1,57.0,554.0
2026-06-27T06:00,337.1,86.8,23.5,13.5,65.0,524.0
2026-06-27T07:00,434.0,105.0,22.3,15.4,77.0,519.0
2026-06-27T08:00,484.3,116.9,20.1,17.1,96.0,498.0
2026-06-27T09:00,446.1,117.3,16.0,18.4,131.0,436.0
2026-06-27T10:00,380.0,110.6,11.0,19.4,173.0,359.0
2026-06-27T11:00,318.5,101.0,7.1,19.6,202.0,302.0
2026-06-27T12:00,286.8,93.4,5.1,18.4,209.0,286.0
2026-06-27T13:00,258.9,85.4,4.3,16.4,204.0,290.0
2026-06-27T14:00,263.6,83.6,4.4,14.6,194.0,294.0
2026-06-27T15:00,246.8,76.8,5.1,13.2,180.0,288.0
2026-06-27T16:00,234.2,72.4,6.8,12.1,162.0,282.0
2026-06-27T17:00,216.1,68.0,11.3,12.8,146.0,283.0
2026-06-27T18:00,208.2,70.1,19.7,14.1,126.0,291.0
2026-06-27T19:00,218.4,76.8,31.6,16.0,99.0,307.0
2026-06-27T20:00,228.2,85.4,43.6,18.5,74.0,335.0
2026-06-27T21:00,245.9,94.8,55.5,22.1,55.0,376.0
2026-06-27T22:00,270.1,104.5,67.5,26.3,39.0,431.0
2026-06-27T23:00,268.2,112.0,76.5,29.3,26.0,504.0
2026-06-28T00:00,258.0,115.7,81.0,30.5,17.0,635.0
2026-06-28T01:00,245.9,116.2,82.5,30.6,12.0,784.0
2026-06-28T02:00,236.1,116.9,81.9,30.1,8.0,840.0
2026-06-28T03:00,226.8,116.6,80.1,28.6,3.0,711.0
2026-06-28T04:00,222.1,115.7,76.2,26.3,0.0,488.0
2026-06-28T05:00,181.6,71.7,33.3,18.4,36.0,331.0
2026-06-28T06:00,165.3,71.0,30.5,21.0,46.0,320.0
2026-06-28T07:00,182.1,72.6,26.5,24.5,60.0,375.0
2026-06-28T08:00,217.0,75.0,22.0,26.5,83.0,411.0
2026-06-28T09:00,231.9,76.8,16.6,25.7,121.0,393.0
2026-06-28T10:00,226.8,76.8,10.7,23.4,166.0,356.0
2026-06-28T11:00,196.0,71.2,6.3,21.1,199.0,325.0
2026-06-28T12:00,175.6,66.4,4.3,19.2,210.0,305.0
2026-06-28T13:00,182.1,65.4,3.8,17.2,209.0,290.0
2026-06-28T14:00,169.5,62.2,4.1,15.8,203.0,285.0
2026-06-28T15:00,187.2,63.8,4.8,15.0,195.0,293.0
2026-06-28T16:00,177.0,62.2,6.2,14.8,182.0,311.0
2026-06-28T17:00,168.1,62.6,8.9,15.2,167.0,328.0
2026-06-28T18:00,178.8,67.5,13.1,16.4,149.0,338.0
2026-06-28T19:00,235.2,81.3,18.6,18.3,128.0,348.0
2026-06-28T20:00,232.8,87.5,24.9,20.6,108.0,369.0
2026-06-28T21:00,254.3,97.6,32.7,23.6,90.0,412.0
2026-06-28T22:00,273.8,108.0,41.3,27.1,73.0,467.0
2026-06-28T23:00,276.6,113.9,48.1,29.5,59.0,509.0
2026-06-29T00:00,285.9,116.4,52.2,30.3,50.0,528.0
2026-06-29T01:00,297.1,119.7,54.6,30.2,43.0,534.0
2026-06-29T02:00,293.4,121.5,55.5,29.2,38.0,537.0
2026-06-29T03:00,278.5,120.1,55.2,26.9,32.0,546.0
2026-06-29T04:00,304.5,123.4,53.4,23.9,27.0,551.0
2026-06-29T05:00,148.5,72.4,21.8,25.0,85.0,538.0
2026-06-29T06:00,143.0,71.5,21.7,24.9,86.0,494.0
2026-06-29T07:00,155.5,71.9,21.4,24.6,88.0,432.0
2026-06-29T08:00,217.5,72.9,19.7,23.2,94.0,370.0
2026-06-29T09:00,368.8,85.0,15.3,19.6,109.0,311.0
2026-06-29T10:00,579.3,107.3,9.4,15.0,129.0,252.0
2026-06-29T11:00,681.7,120.6,5.1,11.5,145.0,210.0
2026-06-29T12:00,767.4,132.2,3.4,10.4,155.0,193.0
2026-06-29T13:00,743.2,129.9,3.2,10.5,160.0,192.0
2026-06-29T14:00,732.0,129.0,4.0,10.8,161.0,195.0
2026-06-29T15:00,719.0,125.7,5.3,10.9,156.0,196.0
2026-06-29T16:00,739.5,126.7,7.5,11.2,145.0,201.0
2026-06-29T17:00,644.5,121.1,11.5,12.4,135.0,216.0
2026-06-29T18:00,519.7,116.2,21.2,16.3,119.0,228.0
2026-06-29T19:00,525.3,123.9,34.7,21.9,97.0,250.0
2026-06-29T20:00,534.6,134.6,45.4,27.2,78.0,326.0
2026-06-29T21:00,540.2,145.3,50.8,32.3,66.0,521.0
2026-06-29T22:00,530.9,149.9,53.4,37.2,57.0,769.0
2026-06-29T23:00,508.5,144.8,53.9,40.1,50.0,916.0
2026-06-30T00:00,514.1,143.9,51.7,40.0,46.0,867.0
2026-06-30T01:00,510.4,143.0,47.4,37.9,43.0,717.0
2026-06-30T02:00,475.9,138.8,43.2,35.4,42.0,598.0
2026-06-30T03:00,407.0,128.5,39.9,32.5,40.0,573.0
2026-06-30T04:00,347.4,117.3,36.7,29.1,39.0,579.0
2026-06-30T05:00,427.5,106.4,26.3,28.1,71.0,559.0
2026-06-30T06:00,418.2,108.5,25.4,26.3,68.0,479.0
2026-06-30T07:00,596.0,132.2,24.0,23.6,64.0,373.0
2026-06-30T08:00,1087.8,194.2,22.3,20.8,62.0,288.0
2026-06-30T09:00,1423.1,244.9,20.0,17.6,60.0,244.0
2026-06-30T10:00,1542.3,270.1,17.4,14.3,60.0,222.0
2026-06-30T11:00,1557.2,276.6,14.8,12.1,69.0,208.0
2026-06-30T12:00,1423.1,248.7,11.8,11.5,97.0,199.0
2026-06-30T13:00,1162.3,204.9,8.9,12.0,135.0,199.0
2026-06-30T14:00,918.3,167.2,7.9,13.7,164.0,202.0
2026-06-30T15:00,713.4,137.4,10.3,17.1,176.0,199.0
2026-06-30T16:00,562.5,117.8,14.7,21.6,178.0,199.0
2026-06-30T17:00,631.4,110.4,18.9,22.3,127.0,226.0
2026-06-30T18:00,340.9,76.1,22.9,24.4,114.0,305.0
2026-06-30T19:00,281.3,63.8,28.3,27.4,96.0,412.0
2026-06-30T20:00,295.2,65.0,32.2,29.3,81.0,495.0
2026-06-30T21:00,333.4,70.1,33.2,29.5,71.0,535.0
2026-06-30T22:00,362.3,74.0,32.7,28.7,64.0,552.0
2026-06-30T23:00,362.3,75.0,31.7,27.4,58.0,558.0
2026-07-01T00:00,333.4,72.6,30.5,25.7,54.0,557.0
2026-07-01T01:00,301.7,70.5,28.8,23.5,51.0,545.0
2026-07-01T02:00,308.3,74.3,27.1,21.5,50.0,524.0
2026-07-01T03:00,315.7,78.5,25.3,19.7,51.0,486.0
2026-07-01T04:00,247.7,69.6,23.5,18.1,53.0,440.0
2026-07-01T05:00,72.6,40.2,21.5,19.0,61.0,414.0
2026-07-01T06:00,80.8,38.3,23.6,20.2,59.0,428.0
2026-07-01T07:00,76.4,38.6,26.4,22.0,57.0,463.0
2026-07-01T08:00,104.1,43.9,28.0,23.8,60.0,488.0
2026-07-01T09:00,163.0,48.7,27.4,25.6,71.0,495.0
2026-07-01T10:00,224.4,58.8,25.6,27.4,88.0,491.0
2026-07-01T11:00,224.0,62.6,23.4,28.7,103.0,469.0
2026-07-01T12:00,175.1,57.9,20.4,29.2,115.0,411.0
2026-07-01T13:00,187.2,61.0,17.0,29.2,126.0,334.0
2026-07-01T14:00,225.4,67.1,14.8,29.3,136.0,283.0
2026-07-01T15:00,257.0,74.5,14.2,29.6,146.0,280.0
2026-07-01T16:00,264.5,78.9,14.8,30.0,154.0,303.0
2026-07-01T17:00,209.5,59.8,22.9,31.2,105.0,334.0
2026-07-01T18:00,196.5,59.1,27.8,31.5,93.0,369.0
2026-07-01T19:00,179.3,60.3,34.6,31.9,76.0,413.0
2026-07-01T20:00,176.5,64.5,40.0,32.3,62.0,456.0
2026-07-01T21:00,180.2,67.3,42.8,33.1,54.0,502.0
2026-07-01T22:00,189.5,69.2,44.2,34.0,48.0,547.0
2026-07-01T23:00,193.7,70.1,44.0,33.9,45.0,579.0
2026-07-02T00:00,194.2,68.0,41.2,31.9,45.0,589.0
2026-07-02T01:00,197.9,72.6,36.7,29.0,47.0,585.0
2026-07-02T02:00,158.8,67.8,33.4,26.7,48.0,575.0
2026-07-02T03:00,122.9,61.5,32.7,25.5,46.0,548.0
2026-07-02T04:00,107.3,58.9,33.2,25.0,43.0,515.0
2026-07-02T05:00,129.9,61.0,33.0,25.8,46.0,515.0
2026-07-02T06:00,132.7,59.1,33.0,31.0,55.0,583.0
2026-07-02T07:00,132.2,60.1,32.8,37.9,68.0,685.0
2026-07-02T08:00,137.4,60.8,31.2,41.5,83.0,759.0
2026-07-02T09:00,134.1,58.9,27.0,38.7,99.0,784.0
2026-07-02T10:00,124.8,54.1,21.4,32.5,116.0,781.0
2026-07-02T11:00,112.2,50.5,16.5,27.2,134.0,757.0
2026-07-02T12:00,102.7,45.3,12.6,24.2,155.0,702.0
2026-07-02T13:00,89.6,39.9,9.3,22.0,177.0,626.0
2026-07-02T14:00,79.9,37.3,7.6,20.6,192.0,566.0
2026-07-02T15:00,85.9,37.3,7.7,20.0,199.0,512.0
2026-07-02T16:00,74.5,35.6,9.5,20.1,200.0,473.0
2026-07-02T17:00,95.7,34.3,11.5,15.1,154.0,519.0
2026-07-02T18:00,89.4,33.6,17.8,18.1,139.0,744.0
2026-07-02T19:00,76.6,35.0,26.5,22.3,119.0,1054.0
2026-07-02T20:00,71.2,37.1,32.9,25.4,101.0,1232.0
2026-07-02T21:00,66.4,38.3,35.1,26.6,90.0,1153.0
2026-07-02T22:00,73.3,39.5,35.1,26.8,81.0,943.0
2026-07-02T23:00,89.4,41.6,34.2,26.5,75.0,759.0
2026-07-03T00:00,94.3,43.0,32.9,25.9,69.0,659.0
2026-07-03T01:00,99.7,45.4,30.8,24.8,65.0,586.0
2026-07-03T02:00,104.8,47.8,28.2,23.7,65.0,522.0
2026-07-03T03:00,80.1,46.0,24.7,22.3,70.0,455.0
2026-07-03T04:00,58.7,41.1,20.8,20.9,78.0,398.0
2026-07-03T05:00,26.2,21.8,15.2,18.0,94.0,374.0
2026-07-03T06:00,27.7,21.4,17.0,19.0,94.0,411.0
2026-07-03T07:00,31.8,23.3,19.3,20.5,94.0,480.0
2026-07-03T08:00,35.5,24.6,20.1,21.9,101.0,521.0
2026-07-03T09:00,49.5,27.2,17.7,23.2,121.0,499.0
2026-07-03T10:00,56.5,29.3,13.8,24.3,148.0,448.0
2026-07-03T11:00,56.2,31.2,11.1,25.3,167.0,410.0
2026-07-03T12:00,56.8,32.4,11.1,25.9,170.0,398.0
2026-07-03T13:00,70.8,33.8,12.4,26.3,165.0,398.0
2026-07-03T14:00,70.8,34.9,13.7,26.5,160.0,408.0
2026-07-03T15:00,99.7,38.1,13.9,26.4,160.0,434.0
2026-07-03T16:00,104.8,40.6,14.1,26.1,160.0,470.0
2026-07-03T17:00,87.8,45.2,15.8,27.3,190.0,496.0
2026-07-03T18:00,90.6,50.1,26.5,29.2,160.0,496.0
2026-07-03T19:00,94.1,57.0,41.3,31.7,118.0,486.0
2026-07-03T20:00,96.2,65.4,52.1,33.4,84.0,497.0
2026-07-03T21:00,95.2,66.4,55.4,33.5,66.0,556.0
2026-07-03T22:00,94.5,65.7,54.8,32.7,56.0,636.0
2026-07-03T23:00,90.1,63.1,52.7,31.4,50.0,691.0
2026-07-04T00:00,84.1,59.4,49.1,29.5,46.0,696.0
2026-07-04T01:00,79.4,56.7,44.1,27.1,46.0,676.0
2026-07-04T02:00,76.4,55.5,40.2,25.3,46.0,653.0
2026-07-04T03:00,73.1,54.9,39.0,24.5,42.0,627.0
2026-07-04T04:00,69.6,54.6,38.8,24.3,39.0,599.0
2026-07-04T05:00,91.3,55.9,33.5,23.6,50.0,596.0
2026-07-04T06:00,82.7,57.7,31.6,25.6,66.0,650.0
2026-07-04T07:00,81.7,55.1,28.7,28.4,89.0,730.0
2026-07-04T08:00,84.8,48.2,25.1,30.1,112.0,767.0
2026-07-04T09:00,63.6,39.9,20.2,29.9,135.0,717.0
2026-07-04T10:00,69.8,36.9,14.5,28.8,158.0,624.0
2026-07-04T11:00,66.6,34.5,10.4,27.5,176.0,553.0
2026-07-04T12:00,59.1,32.4,8.7,26.2,187.0,530.0
2026-07-04T13:00,55.1,33.6,8.5,24.8,193.0,529.0
2026-07-04T14:00,57.9,36.4,9.0,24.0,197.0,531.0
2026-07-04T15:00,61.0,39.2,9.6,24.3,202.0,528.0
2026-07-04T16:00,72.2,41.9,10.9,25.3,204.0,528.0
2026-07-04T17:00,89.2,58.2,25.2,31.7,155.0,541.0
2026-07-04T18:00,90.3,60.8,31.9,33.0,135.0,569.0
2026-07-04T19:00,89.4,66.6,41.0,34.8,107.0,610.0
2026-07-04T20:00,95.5,73.1,47.3,36.2,85.0,667.0
2026-07-04T21:00,101.3,79.4,48.1,37.0,75.0,753.0
2026-07-04T22:00,130.9,83.6,46.0,37.4,70.0,855.0
2026-07-04T23:00,119.2,78.0,43.3,37.5,67.0,938.0
2026-07-05T00:00,105.2,73.3,40.4,37.1,65.0,993.0
2026-07-05T01:00,99.0,69.6,36.9,36.4,64.0,1030.0
2026-07-05T02:00,99.0,67.8,34.4,35.3,63.0,1040.0
2026-07-05T03:00,92.0,67.5,34.3,33.6,56.0,1014.0
2026-07-05T04:00,83.4,66.4,35.2,31.7,49.0,962.0
2026-07-05T05:00,59.8,54.5,27.4,22.0,66.0,907.0
2026-07-05T06:00,46.0,43.8,26.4,24.6,76.0,862.0
2026-07-05T07:00,38.4,36.0,24.8,28.1,92.0,816.0
2026-07-05T08:00,34.2,31.5,22.1,30.4,113.0,754.0
2026-07-05T09:00,42.6,32.6,17.4,30.6,145.0,660.0
2026-07-05T10:00,43.1,33.6,11.7,29.6,184.0,551.0
2026-07-05T11:00,48.8,34.0,7.4,28.1,212.0,468.0
2026-07-05T12:00,51.9,34.6,5.6,25.9,223.0,430.0
2026-07-05T13:00,54.2,34.9,5.2,23.2,225.0,419.0
2026-07-05T14:00,53.2,34.8,5.5,21.5,224.0,418.0
2026-07-05T15:00,57.5,36.2,6.0,21.4,226.0,421.0
2026-07-05T16:00,56.0,36.4,7.2,22.3,226.0,435.0
2026-07-05T17:00,80.8,40.4,11.3,24.9,195.0,461.0
2026-07-05T18:00,87.8,48.2,21.0,27.5,164.0,505.0
2026-07-05T19:00,95.2,56.7,34.3,31.0,120.0,563.0
2026-07-05T20:00,103.8,66.6,43.9,33.2,85.0,621.0
2026-07-05T21:00,109.2,74.7,46.7,33.3,67.0,693.0
2026-07-05T22:00,113.2,76.4,45.7,32.1,59.0,766.0
2026-07-05T23:00,140.2,72.4,42.8,30.3,55.0,791.0
2026-07-06T00:00,86.4,57.3,37.6,27.7,57.0,729.0
2026-07-06T01:00,75.0,52.6,30.5,24.4,63.0,620.0
2026-07-06T02:00,63.3,48.5,24.5,21.5,70.0,532.0
2026-07-06T03:00,49.9,42.7,20.2,18.9,77.0,483.0
2026-07-06T04:00,42.4,38.9,17.0,16.6,84.0,455.0
2026-07-06T05:00,26.5,26.5,17.3,15.3,85.0,461.0
2026-07-06T06:00,25.6,25.6,19.3,17.1,83.0,532.0
2026-07-06T07:00,25.1,24.5,21.9,19.8,81.0,636.0
2026-07-06T08:00,23.4,21.8,23.2,22.5,86.0,693.0
2026-07-06T09:00,23.9,22.0,22.0,25.5,100.0,654.0
2026-07-06T10:00,24.7,22.9,19.3,28.5,121.0,567.0
2026-07-06T11:00,25.6,23.8,16.6,30.3,143.0,497.0
2026-07-06T12:00,27.0,25.4,13.6,29.8,168.0,464.0
2026-07-06T13:00,28.2,26.8,10.6,28.1,195.0,447.0
2026-07-06T14:00,31.3,29.4,9.0,27.2,215.0,448.0
2026-07-06T15:00,33.2,31.5,8.0,27.5,230.0,463.0
2026-07-06T16:00,34.6,33.1,8.5,28.6,239.0,495.0
2026-07-06T17:00,42.4,33.1,13.0,22.8,201.0,557.0
2026-07-06T18:00,46.7,37.7,30.5,26.4,160.0,671.0
2026-07-06T19:00,60.1,52.0,54.6,31.4,104.0,815.0
2026-07-06T20:00,69.4,61.7,72.5,35.2,59.0,929.0
2026-07-06T21:00,71.9,63.8,78.3,36.8,39.0,999.0
2026-07-06T22:00,74.7,66.1,77.9,37.3,30.0,1040.0
2026-07-06T23:00,75.9,67.5,76.1,36.8,25.0,1036.0
2026-07-07T00:00,74.7,67.1,73.9,35.0,21.0,973.0
2026-07-07T01:00,73.6,66.1,70.4,32.3,20.0,865.0
2026-07-07T02:00,72.9,65.2,67.2,30.2,19.0,742.0
2026-07-07T03:00,71.9,64.3,65.6,29.1,14.0,578.0
2026-07-07T04:00,72.9,65.0,64.5,28.6,10.0,400.0
2026-07-07T05:00,77.8,49.0,37.3,24.3,34.0,314.0
2026-07-07T06:00,74.3,49.0,37.9,23.8,37.0,414.0
2026-07-07T07:00,68.0,41.2,38.4,23.3,42.0,607.0
2026-07-07T08:00,70.8,43.2,37.3,24.2,56.0,724.0
2026-07-07T09:00,75.0,45.5,33.3,27.8,84.0,674.0
2026-07-07T10:00,72.9,45.4,27.5,32.9,121.0,547.0
2026-07-07T11:00,63.6,42.5,22.2,36.7,157.0,443.0
2026-07-07T12:00,57.9,41.9,17.5,38.2,190.0,393.0
2026-07-07T13:00,57.2,43.7,13.1,38.6,222.0,367.0
2026-07-07T14:00,58.9,46.6,10.7,38.6,244.0,373.0
2026-07-07T15:00,59.5,48.7,9.3,37.8,255.0,423.0
2026-07-07T16:00,56.8,47.8,9.8,36.7,255.0,506.0
2026-07-07T17:00,92.0,46.9,35.4,33.0,101.0,593.0
2026-07-07T18:00,60.3,41.3,38.3,31.0,88.0,686.0
2026-07-07T19:00,52.2,41.1,42.6,28.3,70.0,784.0
2026-07-07T20:00,49.5,43.5,47.6,27.2,53.0,855.0
2026-07-07T21:00,52.4,50.4,55.0,29.5,39.0,894.0
2026-07-07T22:00,58.6,58.4,63.1,33.3,27.0,907.0
2026-07-07T23:00,60.1,60.1,66.8,35.3,21.0,879.0
2026-07-08T00:00,60.8,58.8,63.0,33.8,22.0,786.0
2026-07-08T01:00,62.4,57.2,54.8,30.6,29.0,651.0
2026-07-08T02:00,62.4,52.5,46.0,26.8,38.0,537.0
2026-07-08T03:00,62.6,48.3,36.8,22.4,49.0,460.0
2026-07-08T04:00,43.0,39.5,27.1,17.5,62.0,402.0
2026-07-08T05:00,49.6,49.4,35.4,29.7,48.0,373.0
2026-07-08T06:00,46.3,46.1,36.9,26.7,49.0,391.0
2026-07-08T07:00,46.8,46.6,38.9,22.5,51.0,437.0
2026-07-08T08:00,39.5,39.2,39.3,19.7,55.0,462.0
2026-07-08T09:00,35.0,34.8,37.1,19.4,59.0,439.0
2026-07-08T10:00,27.9,27.6,33.2,20.3,64.0,395.0
2026-07-08T11:00,26.2,25.9,28.8,21.5,77.0,368.0
2026-07-08T12:00,25.6,25.3,23.0,22.9,105.0,376.0
2026-07-08T13:00,27.1,26.5,16.5,24.5,141.0,401.0
2026-07-08T14:00,30.0,29.3,12.7,25.2,163.0,421.0
2026-07-08T15:00,31.2,30.3,12.6,24.1,163.0,421.0
2026-07-08T16:00,30.5,29.5,15.1,22.1,151.0,416.0
2026-07-08T17:00,42.4,41.7,39.9,21.8,71.0,435.0
2026-07-08T18:00,40.0,39.3,40.5,20.3,64.0,508.0
2026-07-08T19:00,39.1,38.5,41.2,18.1,53.0,604.0
2026-07-08T20:00,39.0,38.4,40.4,15.9,47.0,656.0
2026-07-08T21:00,36.7,36.3,37.0,13.8,47.0,629.0
2026-07-08T22:00,32.2,32.0,32.2,11.8,51.0,558.0
2026-07-08T23:00,25.1,25.0,27.7,10.1,56.0,485.0
2026-07-09T00:00,21.1,21.0,23.9,9.0,60.0,415.0
2026-07-09T01:00,19.7,19.6,20.4,8.3,65.0,342.0
2026-07-09T02:00,18.0,18.0,17.7,7.6,69.0,291.0
2026-07-09T03:00,16.7,16.6,15.6,6.6,72.0,275.0
2026-07-09T04:00,16.0,16.0,14.2,5.6,75.0,280.0
2026-07-09T05:00,26.5,25.8,26.9,14.5,45.0,293.0
2026-07-09T06:00,24.0,23.2,26.9,15.6,51.0,309.0
2026-07-09T07:00,24.3,23.1,26.8,17.0,60.0,333.0
2026-07-09T08:00,27.5,26.3,25.6,18.1,71.0,364.0
2026-07-09T09:00,27.5,26.3,22.5,18.5,83.0,411.0
2026-07-09T10:00,41.1,29.3,18.4,18.5,97.0,464.0
2026-07-09T11:00,56.0,29.2,14.7,17.9,109.0,498.0
2026-07-09T12:00,84.3,32.1,11.4,16.2,121.0,491.0
2026-07-09T13:00,74.3,27.4,8.5,13.8,132.0,465.0
2026-07-09T14:00,60.1,26.2,7.7,12.4,137.0,451.0
2026-07-09T15:00,41.3,24.1,8.7,12.4,134.0,464.0
2026-07-09T16:00,47.8,23.0,11.6,13.2,126.0,491.0
2026-07-09T17:00,49.9,35.9,23.8,18.3,95.0,523.0
2026-07-09T18:00,55.2,40.5,38.6,22.7,72.0,566.0
2026-07-09T19:00,64.7,54.4,59.0,28.9,41.0,614.0
2026-07-09T20:00,75.4,68.5,74.2,34.1,17.0,649.0
2026-07-09T21:00,77.1,72.2,79.4,37.5,7.0,663.0
2026-07-09T22:00,82.0,78.5,79.4,39.9,4.0,663.0
2026-07-09T23:00,83.1,80.3,78.4,40.9,3.0,652.0
2026-07-10T00:00,85.2,83.4,77.5,39.7,1.0,627.0
2026-07-10T01:00,85.9,82.0,75.5,37.1,1.0,590.0
2026-07-10T02:00,87.1,78.2,73.7,35.2,1.0,549.0
2026-07-10T03:00,85.7,77.8,73.0,34.6,0.0,495.0
2026-07-10T04:00,89.2,81.3,72.4,34.6,0.0,438.0
2026-07-10T05:00,62.2,48.1,26.2,18.9,36.0,406.0
2026-07-10T06:00,63.8,47.7,24.9,19.6,46.0,428.0
2026-07-10T07:00,63.6,41.8,23.0,20.6,61.0,477.0
2026-07-10T08:00,86.6,39.3,20.4,21.1,79.0,501.0
2026-07-10T09:00,112.0,45.6,16.7,20.9,103.0,472.0
2026-07-10T10:00,141.6,52.2,12.4,20.4,130.0,419.0
2026-07-10T11:00,156.5,57.6,9.0,19.7,153.0,375.0
2026-07-10T12:00,204.9,63.3,6.9,18.7,170.0,349.0
2026-07-10T13:00,242.1,69.8,5.8,17.5,183.0,334.0
2026-07-10T14:00,266.4,73.1,6.3,17.0,189.0,339.0
2026-07-10T15:00,292.4,77.1,7.7,17.4,189.0,349.0
2026-07-10T16:00,318.5,81.5,10.7,18.4,183.0,380.0
2026-07-10T17:00,694.8,119.2,18.7,15.6,150.0,492.0
2026-07-10T18:00,612.8,122.9,37.8,20.1,119.0,750.0
2026-07-10T19:00,556.9,128.1,63.8,26.4,76.0,1089.0
2026-07-10T20:00,465.7,124.8,81.0,30.8,44.0,1373.0
2026-07-10T21:00,332.5,105.9,80.6,31.5,34.0,1606.0
2026-07-10T22:00,243.1,88.9,71.3,30.5,35.0,1784.0
2026-07-10T23:00,203.5,82.9,64.2,29.6,35.0,1764.0
2026-07-11T00:00,191.4,84.8,63.4,29.6,30.0,1378.0
2026-07-11T01:00,161.1,80.8,64.7,29.8,25.0,793.0
2026-07-11T02:00,139.7,73.6,66.1,30.3,20.0,367.0
2026-07-11T03:00,133.2,72.9,68.2,31.3,11.0,268.0
2026-07-11T04:00,151.8,79.6,70.5,32.7,2.0,327.0
2026-07-11T05:00,238.0,98.5,55.3,26.9,19.0,395.0
2026-07-11T06:00,233.3,96.2,49.3,27.6,33.0,442.0
2026-07-11T07:00,261.7,100.1,40.7,28.4,54.0,498.0
2026-07-11T08:00,373.5,111.5,31.9,27.6,76.0,509.0
2026-07-11T09:00,508.5,125.7,22.7,23.5,100.0,428.0
2026-07-11T10:00,612.8,137.4,13.2,17.8,125.0,302.0
2026-07-11T11:00,739.5,149.5,6.5,13.4,143.0,211.0
2026-07-11T12:00,905.2,165.8,3.6,11.5,149.0,185.0
2026-07-11T13:00,1050.5,181.1,3.4,11.0,147.0,194.0
2026-07-11T14:00,1084.1,184.9,5.4,10.9,141.0,230.0
2026-07-11T15:00,1043.1,180.7,9.1,10.9,133.0,240.0
2026-07-11T16:00,925.7,168.6,15.1,11.4,122.0,277.0
2026-07-11T17:00,661.2,141.6,16.5,15.8,127.0,494.0
2026-07-11T18:00,506.6,150.4,43.6,24.4,92.0,1108.0
2026-07-11T19:00,506.6,173.7,80.7,36.3,45.0,1903.0
2026-07-11T20:00,530.9,197.4,106.4,45.9,10.0,2381.0
2026-07-11T21:00,508.5,208.6,109.7,51.3,1.0,2278.0
2026-07-11T22:00,482.4,206.8,101.7,54.3,5.0,1860.0
2026-07-11T23:00,446.1,193.2,94.0,54.5,8.0,1424.0
2026-07-12T00:00,402.3,177.9,91.1,50.5,6.0,1023.0
2026-07-12T01:00,359.5,163.0,88.6,43.7,4.0,606.0
2026-07-12T02:00,339.9,150.4,84.9,37.6,3.0,315.0
2026-07-12T03:00,341.8,142.0,80.1,33.5,2.0,244.0
2026-07-12T04:00,362.3,137.8,74.1,30.2,2.0,300.0
2026-07-12T05:00,592.3,132.2,29.1,12.0,30.0,345.0
2026-07-12T06:00,715.3,151.3,24.5,12.0,40.0,329.0
2026-07-12T07:00,741.3,170.0,18.1,12.0,54.0,303.0
2026-07-12T08:00,933.2,189.5,12.6,12.0,70.0,275.0
2026-07-12T09:00,1005.8,195.6,9.0,11.9,90.0,247.0
2026-07-12T10:00,1169.7,212.8,6.4,11.9,111.0,218.0
2026-07-12T11:00,1333.7,230.0,4.6,11.6,126.0,197.0
2026-07-12T12:00,1397.0,233.3,3.4,11.0,130.0,183.0
2026-07-12T13:00,1307.6,220.3,3.0,10.1,127.0,177.0
2026-07-12T14:00,1192.1,203.5,4.1,9.8,122.0,184.0
2026-07-12T15:00,1061.7,185.8,6.5,9.9,117.0,186.0
2026-07-12T16:00,851.2,167.6,10.4,10.5,110.0,203.0
2026-07-12T17:00,810.3,185.3,16.6,15.2,117.0,298.0
2026-07-12T18:00,687.3,187.7,33.8,20.4,93.0,580.0
2026-07-12T19:00,709.7,200.7,57.4,27.7,61.0,940.0
2026-07-12T20:00,732.0,213.3,74.0,33.6,36.0,1122.0
2026-07-12T21:00,735.7,219.3,77.4,37.5,28.0,955.0
2026-07-12T22:00,746.9,223.1,73.8,40.1,28.0,609.0
2026-07-12T23:00,707.8,220.7,69.0,39.8,28.0,337.0
2026-07-13T00:00,663.1,207.7,64.6,34.8,26.0,240.0
2026-07-13T01:00,622.1,195.1,59.0,27.1,24.0,217.0
2026-07-13T02:00,577.4,175.6,52.3,20.4,24.0,211.0
2026-07-13T03:00,534.6,152.7,43.8,16.2,25.0,207.0
2026-07-13T04:00,519.7,137.8,34.2,13.1,27.0,221.0
2026-07-13T05:00,516.0,140.6,21.1,10.3,47.0,246.0
2026-07-13T06:00,510.4,142.5,20.9,11.7,55.0,296.0
2026-07-13T07:00,488.0,144.4,20.6,13.5,67.0,358.0
2026-07-13T08:00,555.1,138.8,18.9,14.6,81.0,386.0
2026-07-13T09:00,564.4,127.1,14.7,14.3,99.0,349.0
2026-07-13T10:00,590.5,122.0,9.3,13.2,119.0,279.0
2026-07-13T11:00,599.8,117.3,5.4,12.4,134.0,227.0
2026-07-13T12:00,579.3,112.9,3.8,12.1,143.0,214.0
2026-07-13T13:00,519.7,104.5,3.8,11.9,146.0,220.0
2026-07-13T14:00,510.4,105.0,5.2,12.0,146.0,236.0
2026-07-13T15:00,489.9,103.8,6.8,11.9,142.0,218.0
2026-07-13T16:00,448.0,98.0,10.0,12.0,134.0,210.0
2026-07-13T17:00,444.2,104.3,21.8,13.1,110.0,332.0
2026-07-13T18:00,393.0,111.1,41.5,18.7,84.0,755.0
2026-07-13T19:00,417.2,124.3,68.6,26.7,49.0,1308.0
2026-07-13T20:00,442.4,140.6,89.1,34.0,21.0,1599.0
2026-07-13T21:00,455.4,158.3,97.3,40.6,9.0,1373.0
2026-07-13T22:00,446.1,171.8,98.8,46.5,4.0,885.0
2026-07-13T23:00,386.5,157.4,96.5,48.8,3.0,511.0
2026-07-14T00:00,327.8,132.2,90.3,45.2,3.0,423.0
2026-07-14T01:00,333.4,123.9,80.1,38.0,7.0,450.0
2026-07-14T02:00,345.5,122.0,69.0,31.1,11.0,450.0
2026-07-14T03:00,383.7,121.1,56.6,25.5,16.0,336.0
2026-07-14T04:00,493.6,131.8,43.3,20.2,21.0,195.0
2026-07-14T05:00,164.8,68.0,24.7,12.1,42.0,150.0
2026-07-14T06:00,148.5,63.1,24.5,13.4,48.0,308.0
2026-07-14T07:00,152.3,63.3,23.9,15.3,57.0,562.0
2026-07-14T08:00,207.2,71.2,22.0,16.5,71.0,707.0
2026-07-14T09:00,307.3,86.6,17.4,16.6,97.0,626.0
2026-07-14T10:00,427.5,104.5,11.5,16.1,128.0,436.0
2026-07-14T11:00,555.1,121.1,7.0,15.4,150.0,287.0
2026-07-14T12:00,655.7,133.6,4.9,14.4,156.0,235.0
2026-07-14T13:00,704.1,140.2,4.2,13.2,152.0,225.0
2026-07-14T14:00,720.8,142.5,5.2,12.4,145.0,240.0
2026-07-14T15:00,689.2,138.8,7.8,12.0,136.0,285.0
2026-07-14T16:00,691.0,140.6,12.1,11.9,124.0,354.0
2026-07-14T17:00,465.7,125.7,17.8,15.4,124.0,415.0
2026-07-14T18:00,327.8,111.8,26.2,16.8,103.0,451.0
2026-07-14T19:00,260.8,101.7,37.7,18.7,74.0,479.0
2026-07-14T20:00,212.8,94.8,45.5,20.1,51.0,514.0
2026-07-14T21:00,163.0,81.3,46.0,20.3,41.0,579.0
2026-07-14T22:00,129.9,70.5,42.8,19.9,39.0,650.0
2026-07-14T23:00,121.5,68.9,39.4,19.6,38.0,674.0
2026-07-15T00:00,122.5,66.6,36.9,19.6,39.0,608.0
2026-07-15T01:00,118.3,61.9,34.3,19.7,43.0,494.0
2026-07-15T02:00,115.5,58.8,32.0,19.5,45.0,403.0
2026-07-15T03:00,121.1,58.4,30.1,18.9,43.0,347.0
2026-07-15T04:00,127.1,58.9,28.6,18.1,40.0,313.0
2026-07-15T05:00,76.6,51.5,40.3,19.4,20.0,333.0
2026-07-15T06:00,99.0,53.6,39.8,19.7,26.0,468.0
2026-07-15T07:00,115.9,61.2,38.6,20.1,35.0,658.0
2026-07-15T08:00,149.9,68.7,35.0,19.8,51.0,748.0
2026-07-15T09:00,220.7,82.0,26.4,18.3,82.0,640.0
2026-07-15T10:00,321.3,97.3,15.3,16.2,121.0,432.0
2026-07-15T11:00,424.7,110.6,7.1,14.5,148.0,273.0
2026-07-15T12:00,523.4,122.0,4.0,13.4,155.0,222.0
2026-07-15T13:00,599.8,129.9,3.7,12.7,150.0,220.0
2026-07-15T14:00,651.9,136.0,5.1,12.3,142.0,231.0
2026-07-15T15:00,709.7,142.5,6.4,11.6,135.0,229.0
2026-07-15T16:00,733.9,149.5,9.3,11.2,124.0,240.0
2026-07-15T17:00,523.4,127.1,16.4,13.8,107.0,315.0
2026-07-15T18:00,471.2,130.9,33.8,19.1,82.0,507.0
2026-07-15T19:00,441.4,142.5,57.7,26.5,48.0,763.0
2026-07-15T20:00,415.4,153.2,74.4,31.9,23.0,970.0
2026-07-15T21:00,365.1,149.5,77.4,33.8,15.0,1112.0
2026-07-15T22:00,353.0,138.3,73.3,33.7,16.0,1205.0
2026-07-15T23:00,326.0,128.1,68.5,32.7,17.0,1183.0
