latitude,longitude,elevation,utc_offset_seconds,timezone,timezone_abbreviation
19.099998,72.90001,8.0,19800,Asia/Kolkata,GMT+5:30

time,pm10 (μg/m³),pm2_5 (μg/m³),carbon_monoxide (μg/m³),nitrogen_dioxide (μg/m³),sulphur_dioxide (μg/m³),ozone (μg/m³)
2026-07-19T19:30,22.8,11.1,258.0,7.9,5.6,46.0

time,pm10 (μg/m³),pm2_5 (μg/m³),nitrogen_dioxide (μg/m³),sulphur_dioxide (μg/m³),ozone (μg/m³),carbon_monoxide (μg/m³)
2026-04-15T00:00,64.3,23.5,14.1,10.9,78.0,316.0
2026-04-15T01:00,64.0,23.6,14.3,10.7,77.0,342.0
2026-04-15T02:00,62.9,23.5,14.7,10.7,76.0,378.0
2026-04-15T03:00,61.2,23.5,15.2,10.5,75.0,432.0
2026-04-15T04:00,60.1,23.7,15.9,10.4,73.0,497.0
2026-04-15T05:00,63.6,25.8,18.2,14.7,73.0,539.0
2026-04-15T06:00,64.3,26.7,18.0,16.8,75.0,545.0
2026-04-15T07:00,67.3,29.2,17.7,19.7,79.0,527.0
2026-04-15T08:00,68.0,28.3,16.6,22.2,91.0,495.0
2026-04-15T09:00,72.9,30.9,14.1,24.5,120.0,442.0
2026-04-15T10:00,80.6,35.9,10.9,26.4,156.0,374.0
2026-04-15T11:00,84.1,39.3,8.3,26.5,180.0,316.0
2026-04-15T12:00,79.9,38.6,6.7,23.4,182.0,274.0
2026-04-15T13:00,71.2,35.2,5.8,18.4,171.0,241.0
2026-04-15T14:00,62.2,30.6,5.7,14.4,158.0,223.0
2026-04-15T15:00,53.2,27.1,6.8,12.1,145.0,225.0
2026-04-15T16:00,46.0,24.9,8.8,10.8,129.0,242.0
2026-04-15T17:00,38.3,22.9,10.1,9.1,112.0,261.0
2026-04-15T18:00,35.2,22.6,10.8,9.9,106.0,277.0
2026-04-15T19:00,32.7,21.7,11.9,11.0,97.0,295.0
2026-04-15T20:00,32.2,21.8,13.0,12.8,91.0,313.0
2026-04-15T21:00,32.7,22.3,14.3,15.7,88.0,328.0
2026-04-15T22:00,34.3,23.7,15.6,19.2,88.0,344.0
2026-04-15T23:00,36.0,24.7,16.2,21.7,88.0,368.0
2026-04-16T00:00,37.1,25.0,15.6,22.6,90.0,407.0
2026-04-16T01:00,38.1,24.6,14.3,22.6,92.0,454.0
2026-04-16T02:00,39.1,24.1,13.3,22.2,94.0,500.0
2026-04-16T03:00,40.6,23.7,13.0,21.1,93.0,551.0
2026-04-16T04:00,42.5,24.1,12.9,19.6,90.0,602.0
2026-04-16T05:00,46.0,27.2,15.6,26.7,84.0,622.0
2026-04-16T06:00,48.7,28.1,14.7,29.5,86.0,591.0
2026-04-16T07:00,49.9,27.7,13.3,33.5,91.0,530.0
2026-04-16T08:00,51.8,27.6,11.8,36.6,100.0,475.0
2026-04-16T09:00,55.3,30.0,10.0,38.7,121.0,444.0
2026-04-16T10:00,59.6,33.1,8.1,40.0,148.0,420.0
2026-04-16T11:00,61.2,34.1,6.5,38.9,164.0,386.0
2026-04-16T12:00,58.8,31.9,5.4,33.6,162.0,326.0
2026-04-16T13:00,54.7,28.3,4.7,25.9,149.0,257.0
2026-04-16T14:00,51.3,24.8,4.8,19.8,136.0,214.0
2026-04-16T15:00,49.7,22.5,6.1,16.6,126.0,217.0
2026-04-16T16:00,50.3,21.9,8.1,15.0,115.0,246.0
2026-04-16T17:00,44.9,20.4,9.7,12.4,99.0,274.0
2026-04-16T18:00,46.9,21.3,11.3,13.7,94.0,295.0
2026-04-16T19:00,48.7,21.9,13.4,15.4,87.0,315.0
2026-04-16T20:00,50.4,22.6,14.7,17.1,82.0,329.0
2026-04-16T21:00,51.7,22.6,14.4,18.4,82.0,330.0
2026-04-16T22:00,53.0,22.9,13.3,19.5,84.0,325.0
2026-04-16T23:00,53.7,23.0,12.6,20.6,85.0,333.0
2026-04-17T00:00,53.1,22.5,12.6,21.4,84.0,369.0
2026-04-17T01:00,52.9,22.6,13.1,22.1,83.0,418.0
2026-04-17T02:00,53.8,23.2,14.4,24.2,80.0,457.0
2026-04-17T03:00,55.6,24.2,16.9,28.3,75.0,472.0
2026-04-17T04:00,57.9,26.4,20.2,33.6,68.0,476.0
2026-04-17T05:00,63.1,31.0,25.8,43.5,62.0,484.0
2026-04-17T06:00,66.6,34.0,28.3,50.1,59.0,505.0
2026-04-17T07:00,70.8,37.8,31.6,59.3,58.0,529.0
2026-04-17T08:00,75.9,41.2,33.1,67.0,70.0,544.0
2026-04-17T09:00,83.4,46.8,31.5,73.3,110.0,554.0
2026-04-17T10:00,94.3,54.6,28.1,78.0,165.0,554.0
2026-04-17T11:00,97.6,57.3,23.8,76.6,202.0,523.0
2026-04-17T12:00,99.2,56.5,17.9,64.4,209.0,428.0
2026-04-17T13:00,97.8,49.7,11.1,46.1,200.0,301.0
2026-04-17T14:00,93.4,40.9,6.8,30.7,183.0,217.0
2026-04-17T15:00,91.7,34.5,7.2,21.7,157.0,216.0
2026-04-17T16:00,87.3,29.6,10.2,15.7,123.0,258.0
2026-04-17T17:00,86.8,30.3,13.3,14.1,97.0,291.0
2026-04-17T18:00,79.6,27.0,13.0,12.8,90.0,295.0
2026-04-17T19:00,73.6,24.9,12.5,11.0,79.0,292.0
2026-04-17T20:00,69.4,23.9,12.1,9.8,72.0,294.0
2026-04-17T21:00,69.4,23.7,11.6,9.8,71.0,309.0
2026-04-17T22:00,72.2,24.7,11.1,10.4,73.0,330.0
2026-04-17T23:00,75.7,25.6,11.0,11.0,74.0,352.0
2026-04-18T00:00,78.7,26.0,11.4,10.8,72.0,375.0
2026-04-18T01:00,82.7,26.5,12.3,10.5,70.0,399.0
2026-04-18T02:00,85.9,27.5,13.7,11.6,67.0,416.0
2026-04-18T03:00,88.7,28.9,16.3,15.0,63.0,416.0
2026-04-18T04:00,90.6,30.4,19.5,19.7,58.0,409.0
2026-04-18T05:00,85.7,27.9,18.0,14.5,58.0,412.0
2026-04-18T06:00,88.7,29.5,19.0,18.9,58.0,442.0
2026-04-18T07:00,90.6,32.6,20.2,24.9,60.0,481.0
2026-04-18T08:00,91.5,32.6,20.2,29.1,71.0,496.0
2026-04-18T09:00,93.6,36.1,17.7,30.5,99.0,467.0
2026-04-18T10:00,95.0,40.9,13.9,30.1,136.0,413.0
2026-04-18T11:00,90.3,42.7,10.9,27.9,162.0,363.0
2026-04-18T12:00,76.1,38.6,9.0,22.6,166.0,321.0
2026-04-18T13:00,60.3,33.4,7.9,15.4,159.0,282.0
2026-04-18T14:00,49.7,29.9,8.1,10.3,152.0,261.0
2026-04-18T15:00,44.6,28.5,10.5,9.2,149.0,265.0
2026-04-18T16:00,42.3,28.1,14.2,10.1,145.0,288.0
2026-04-18T17:00,41.1,31.2,21.3,12.8,131.0,325.0
2026-04-18T18:00,42.0,30.7,22.1,14.2,122.0,390.0
2026-04-18T19:00,42.0,30.9,23.2,16.1,110.0,471.0
2026-04-18T20:00,41.6,30.2,23.3,17.1,99.0,521.0
2026-04-18T21:00,40.9,27.9,21.7,16.3,92.0,519.0
2026-04-18T22:00,43.3,26.4,19.1,14.6,86.0,487.0
2026-04-18T23:00,48.2,25.6,17.2,13.2,81.0,450.0
2026-04-19T00:00,53.6,24.2,16.3,12.3,77.0,406.0
2026-04-19T01:00,56.5,23.7,16.1,11.8,75.0,356.0
2026-04-19T02:00,58.2,23.8,16.3,12.0,72.0,329.0
2026-04-19T03:00,58.7,24.3,17.4,13.4,69.0,343.0
2026-04-19T04:00,58.4,24.8,19.0,15.6,65.0,381.0
2026-04-19T05:00,55.6,23.9,18.6,15.3,64.0,418.0
2026-04-19T06:00,54.7,24.4,19.9,18.0,63.0,456.0
2026-04-19T07:00,56.6,28.0,21.6,21.6,63.0,495.0
2026-04-19T08:00,55.2,27.0,21.7,24.2,73.0,506.0
2026-04-19T09:00,53.9,26.9,18.9,25.0,101.0,470.0
2026-04-19T10:00,54.6,28.9,14.7,24.6,139.0,407.0
2026-04-19T11:00,60.5,34.3,11.1,23.3,166.0,351.0
2026-04-19T12:00,62.9,38.2,8.8,20.5,174.0,309.0
2026-04-19T13:00,53.2,33.9,7.3,16.6,172.0,273.0
2026-04-19T14:00,42.0,26.8,7.0,13.4,164.0,254.0
2026-04-19T15:00,35.6,22.0,8.7,11.2,150.0,259.0
2026-04-19T16:00,33.2,20.7,11.6,9.5,130.0,281.0
2026-04-19T17:00,45.8,23.6,14.9,9.7,105.0,308.0
2026-04-19T18:00,42.6,22.6,14.4,9.6,100.0,343.0
2026-04-19T19:00,40.9,21.3,13.8,9.4,93.0,384.0
2026-04-19T20:00,40.7,19.9,13.9,10.1,87.0,410.0
2026-04-19T21:00,42.3,20.7,15.4,12.2,83.0,410.0
2026-04-19T22:00,45.1,22.8,17.7,15.1,81.0,395.0
2026-04-19T23:00,46.6,23.6,19.1,17.3,79.0,379.0
2026-04-20T00:00,46.4,23.5,18.9,17.8,79.0,355.0
2026-04-20T01:00,45.2,22.2,17.9,17.5,79.0,330.0
2026-04-20T02:00,44.5,21.8,17.1,18.1,80.0,334.0
2026-04-20T03:00,43.8,21.7,17.1,20.6,80.0,397.0
2026-04-20T04:00,42.7,21.3,17.3,24.0,80.0,490.0
2026-04-20T05:00,51.5,28.4,30.2,37.7,56.0,552.0
2026-04-20T06:00,51.0,27.5,28.0,38.3,60.0,554.0
2026-04-20T07:00,49.7,27.4,24.8,39.0,66.0,525.0
2026-04-20T08:00,47.3,25.8,21.1,39.4,81.0,492.0
2026-04-20T09:00,47.0,26.6,16.7,39.8,112.0,463.0
2026-04-20T10:00,49.9,30.0,11.8,39.7,151.0,431.0
2026-04-20T11:00,51.2,32.2,8.1,37.6,177.0,394.0
2026-04-20T12:00,48.9,31.7,6.3,31.7,180.0,346.0
2026-04-20T13:00,45.4,29.2,5.6,23.7,170.0,294.0
2026-04-20T14:00,41.1,25.7,5.9,17.1,157.0,261.0
2026-04-20T15:00,37.5,23.2,7.3,13.0,143.0,261.0
2026-04-20T16:00,34.7,21.7,9.5,10.2,127.0,279.0
2026-04-20T17:00,39.5,24.5,13.0,10.4,114.0,298.0
2026-04-20T18:00,36.9,23.9,15.7,11.7,106.0,309.0
2026-04-20T19:00,35.7,24.1,19.4,13.5,95.0,321.0
2026-04-20T20:00,36.2,25.0,21.6,14.9,88.0,338.0
2026-04-20T21:00,37.4,25.9,21.1,15.4,89.0,367.0
2026-04-20T22:00,38.8,25.6,19.1,15.5,93.0,401.0
2026-04-20T23:00,42.6,24.9,17.3,15.4,96.0,429.0
2026-04-21T00:00,47.7,24.0,15.9,14.6,95.0,449.0
2026-04-21T01:00,51.8,23.5,14.6,13.6,92.0,464.0
2026-04-21T02:00,54.1,23.6,14.8,14.2,88.0,464.0
2026-04-21T03:00,54.7,24.3,17.3,17.2,82.0,434.0
2026-04-21T04:00,56.1,26.2,21.2,21.7,74.0,390.0
2026-04-21T05:00,61.5,34.0,33.2,35.4,61.0,374.0
2026-04-21T06:00,63.8,36.1,34.3,39.4,61.0,419.0
2026-04-21T07:00,64.5,37.5,35.7,45.0,63.0,492.0
2026-04-21T08:00,67.3,40.0,35.4,50.1,80.0,531.0
2026-04-21T09:00,74.0,46.0,32.2,55.8,128.0,502.0
2026-04-21T10:00,78.2,50.3,27.3,60.9,191.0,439.0
2026-04-21T11:00,76.1,49.9,22.2,60.1,233.0,380.0
2026-04-21T12:00,68.7,46.1,16.5,48.0,237.0,333.0
2026-04-21T13:00,59.8,38.9,10.7,30.0,221.0,290.0
2026-04-21T14:00,51.6,33.1,7.3,16.3,202.0,267.0
2026-04-21T15:00,43.0,28.6,8.4,11.6,186.0,275.0
2026-04-21T16:00,39.1,27.0,12.1,11.3,167.0,303.0
2026-04-21T17:00,38.0,27.2,16.8,10.9,142.0,339.0
2026-04-21T18:00,35.7,25.7,15.7,11.2,135.0,389.0
2026-04-21T19:00,36.1,24.9,14.3,11.6,126.0,446.0
2026-04-21T20:00,38.0,24.5,13.8,12.3,116.0,483.0
2026-04-21T21:00,42.0,24.7,14.7,13.1,107.0,486.0
2026-04-21T22:00,48.2,25.5,16.5,14.3,98.0,468.0
2026-04-21T23:00,53.3,27.0,18.5,16.2,90.0,442.0
2026-04-22T00:00,56.6,28.5,20.5,19.3,84.0,397.0
2026-04-22T01:00,58.8,29.9,22.6,23.2,78.0,343.0
2026-04-22T02:00,59.0,29.9,25.0,27.4,73.0,325.0
2026-04-22T03:00,59.5,30.9,28.1,32.1,66.0,368.0
2026-04-22T04:00,61.0,33.5,31.4,37.1,59.0,446.0
2026-04-22T05:00,52.6,31.0,27.1,31.1,71.0,524.0
2026-04-22T06:00,51.8,29.6,25.7,31.9,72.0,611.0
2026-04-22T07:00,50.6,29.5,23.7,33.1,75.0,698.0
2026-04-22T08:00,51.2,29.2,21.0,34.6,87.0,725.0
2026-04-22T09:00,55.6,32.5,17.1,37.7,119.0,644.0
2026-04-22T10:00,61.2,36.6,12.6,41.0,161.0,504.0
2026-04-22T11:00,65.7,39.6,9.1,40.8,188.0,385.0
2026-04-22T12:00,62.9,37.8,7.1,33.6,188.0,315.0
2026-04-22T13:00,56.1,33.1,6.0,22.8,173.0,268.0
2026-04-22T14:00,48.7,28.2,6.1,14.4,157.0,245.0
2026-04-22T15:00,41.7,24.7,7.8,10.9,145.0,258.0
2026-04-22T16:00,37.3,23.7,10.7,9.9,132.0,296.0
2026-04-22T17:00,41.0,24.2,12.1,9.1,106.0,323.0
2026-04-22T18:00,38.2,23.3,12.7,9.3,101.0,320.0
2026-04-22T19:00,36.7,22.4,13.5,9.7,94.0,306.0
2026-04-22T20:00,36.8,21.8,14.3,10.3,88.0,303.0
2026-04-22T21:00,38.5,21.4,15.0,11.3,83.0,325.0
2026-04-22T22:00,39.7,21.7,15.7,12.5,78.0,359.0
2026-04-22T23:00,39.7,22.1,16.7,13.9,74.0,386.0
2026-04-23T00:00,38.2,21.8,18.1,15.6,70.0,401.0
2026-04-23T01:00,37.3,21.8,19.8,17.4,66.0,410.0
2026-04-23T02:00,36.7,22.2,21.3,18.8,62.0,411.0
2026-04-23T03:00,36.1,22.5,22.5,19.4,58.0,395.0
2026-04-23T04:00,35.4,22.4,23.5,19.6,54.0,371.0
2026-04-23T05:00,38.1,24.0,24.8,24.7,52.0,369.0
2026-04-23T06:00,37.7,24.4,24.7,25.4,54.0,417.0
2026-04-23T07:00,38.6,26.3,24.5,26.3,58.0,485.0
2026-04-23T08:00,38.0,25.3,23.0,26.5,71.0,518.0
2026-04-23T09:00,39.5,26.5,19.2,25.8,101.0,476.0
2026-04-23T10:00,41.1,28.3,14.1,24.4,140.0,399.0
2026-04-23T11:00,40.4,28.8,10.4,22.4,169.0,342.0
2026-04-23T12:00,38.9,28.4,8.9,19.2,178.0,329.0
2026-04-23T13:00,36.9,28.0,8.7,15.3,177.0,337.0
2026-04-23T14:00,37.7,29.5,9.9,12.6,172.0,354.0
2026-04-23T15:00,39.2,30.7,12.9,11.9,165.0,382.0
2026-04-23T16:00,39.9,31.4,17.2,12.3,155.0,419.0
2026-04-23T17:00,48.2,36.7,22.2,14.7,138.0,452.0
2026-04-23T18:00,44.8,35.4,25.1,16.7,125.0,486.0
2026-04-23T19:00,43.3,34.8,28.9,19.2,107.0,516.0
2026-04-23T20:00,41.8,33.6,30.1,20.2,92.0,513.0
2026-04-23T21:00,38.6,29.6,26.4,18.2,85.0,450.0
2026-04-23T22:00,36.9,26.8,20.2,14.5,81.0,353.0
2026-04-23T23:00,35.2,23.2,15.1,11.4,77.0,273.0
2026-04-24T00:00,32.7,20.0,12.3,9.2,73.0,226.0
2026-04-24T01:00,30.4,17.1,10.7,7.6,69.0,197.0
2026-04-24T02:00,28.9,16.0,10.2,7.0,65.0,189.0
2026-04-24T03:00,27.9,15.7,11.4,8.0,60.0,204.0
2026-04-24T04:00,27.5,16.2,13.8,10.1,56.0,239.0
2026-04-24T05:00,30.3,19.2,19.2,15.7,52.0,296.0
2026-04-24T06:00,32.4,21.7,23.6,22.8,49.0,398.0
2026-04-24T07:00,37.1,26.7,29.3,32.4,48.0,520.0
2026-04-24T08:00,41.4,30.4,31.3,37.9,58.0,590.0
2026-04-24T09:00,43.8,31.9,25.9,35.6,92.0,564.0
2026-04-24T10:00,45.6,33.1,16.9,29.2,139.0,485.0
2026-04-24T11:00,43.5,31.5,10.3,23.3,174.0,415.0
2026-04-24T12:00,40.9,29.3,8.6,19.1,187.0,370.0
2026-04-24T13:00,41.4,29.6,9.4,15.3,189.0,333.0
2026-04-24T14:00,44.1,30.9,11.4,12.7,184.0,318.0
2026-04-24T15:00,46.3,31.3,15.0,11.9,172.0,334.0
2026-04-24T16:00,46.9,30.9,19.7,12.2,153.0,372.0
2026-04-24T17:00,49.6,30.5,19.7,13.8,133.0,411.0
2026-04-24T18:00,50.3,31.5,23.2,15.7,118.0,458.0
2026-04-24T19:00,49.7,31.3,27.9,18.2,98.0,507.0
2026-04-24T20:00,48.4,30.3,29.7,19.1,83.0,522.0
2026-04-24T21:00,46.1,26.0,25.9,17.1,77.0,475.0
2026-04-24T22:00,41.9,21.6,19.3,13.5,76.0,395.0
2026-04-24T23:00,36.0,17.8,14.1,10.7,75.0,325.0
2026-04-25T00:00,30.6,14.9,11.7,8.9,71.0,279.0
2026-04-25T01:00,27.4,13.0,10.8,7.9,67.0,244.0
2026-04-25T02:00,27.9,13.6,11.9,8.9,63.0,229.0
2026-04-25T03:00,32.0,16.7,16.4,13.3,57.0,238.0
2026-04-25T04:00,37.7,20.7,23.0,19.8,51.0,267.0
2026-04-25T05:00,29.3,16.4,16.8,11.2,48.0,314.0
2026-04-25T06:00,32.0,19.1,20.8,17.5,47.0,404.0
2026-04-25T07:00,37.7,24.6,26.1,26.0,46.0,513.0
2026-04-25T08:00,42.3,28.3,28.2,31.1,57.0,564.0
2026-04-25T09:00,44.6,30.0,23.9,29.5,90.0,503.0
2026-04-25T10:00,46.0,31.4,16.5,24.4,134.0,384.0
2026-04-25T11:00,44.7,30.9,11.1,19.8,168.0,296.0
2026-04-25T12:00,43.3,31.1,9.8,16.8,184.0,274.0
2026-04-25T13:00,42.8,31.2,10.4,14.2,191.0,281.0
2026-04-25T14:00,43.1,31.4,12.1,12.5,189.0,300.0
2026-04-25T15:00,43.2,30.6,15.1,12.1,176.0,329.0
2026-04-25T16:00,43.7,29.7,19.1,12.6,154.0,369.0
2026-04-25T17:00,41.2,26.7,23.5,11.9,119.0,401.0
2026-04-25T18:00,40.7,26.2,23.1,12.3,108.0,417.0
2026-04-25T19:00,39.8,25.0,22.5,12.9,92.0,426.0
2026-04-25T20:00,39.9,23.6,22.4,13.7,79.0,432.0
2026-04-25T21:00,41.6,23.9,23.0,15.0,71.0,441.0
2026-04-25T22:00,45.9,24.5,24.0,16.5,66.0,447.0
2026-04-25T23:00,51.2,26.1,24.8,17.5,61.0,444.0
2026-04-26T00:00,56.3,26.8,25.0,17.5,57.0,419.0
2026-04-26T01:00,60.3,26.2,25.0,16.9,54.0,384.0
2026-04-26T02:00,64.5,25.6,25.0,16.5,51.0,367.0
2026-04-26T03:00,67.5,25.0,25.0,16.2,47.0,378.0
2026-04-26T04:00,68.9,24.4,25.1,16.0,44.0,407.0
2026-04-26T05:00,73.3,28.2,27.6,21.6,40.0,450.0
2026-04-26T06:00,74.0,28.5,25.7,24.0,42.0,527.0
2026-04-26T07:00,72.9,28.7,23.0,27.3,47.0,618.0
2026-04-26T08:00,71.2,27.6,20.0,29.3,61.0,664.0
2026-04-26T09:00,71.2,28.2,16.3,29.1,92.0,631.0
2026-04-26T10:00,73.8,32.1,12.2,27.6,133.0,552.0
2026-04-26T11:00,77.1,36.8,9.6,25.4,165.0,476.0
2026-04-26T12:00,77.3,39.8,9.0,22.2,184.0,408.0
2026-04-26T13:00,72.6,40.4,9.8,18.3,193.0,341.0
2026-04-26T14:00,67.8,38.0,12.0,15.2,192.0,304.0
2026-04-26T15:00,65.9,36.1,16.4,13.5,173.0,321.0
2026-04-26T16:00,67.1,35.5,22.1,12.7,143.0,367.0
2026-04-26T17:00,66.6,30.7,15.5,11.2,108.0,399.0
2026-04-26T18:00,66.4,30.2,17.3,12.5,94.0,395.0
2026-04-26T19:00,68.7,30.0,19.7,14.2,75.0,377.0
2026-04-26T20:00,70.8,29.5,21.2,16.0,61.0,364.0
2026-04-26T21:00,72.6,29.1,20.9,17.4,59.0,368.0
2026-04-26T22:00,73.6,29.0,19.8,18.7,63.0,376.0
2026-04-26T23:00,73.8,29.2,19.3,20.6,66.0,376.0
2026-04-27T00:00,73.8,29.5,20.4,23.7,65.0,357.0
2026-04-27T01:00,74.3,30.3,22.2,27.4,62.0,329.0
2026-04-27T02:00,75.0,30.5,23.6,29.9,59.0,306.0
2026-04-27T03:00,74.0,30.5,24.3,30.2,56.0,291.0
2026-04-27T04:00,72.9,30.3,24.7,29.3,54.0,281.0
2026-04-27T05:00,72.4,27.9,20.9,24.4,57.0,277.0
2026-04-27T06:00,72.4,27.5,20.2,25.3,57.0,286.0
2026-04-27T07:00,74.0,28.1,19.2,26.5,57.0,301.0
2026-04-27T08:00,75.4,29.0,17.6,27.3,63.0,307.0
2026-04-27T09:00,75.2,30.3,15.0,27.6,80.0,293.0
2026-04-27T10:00,81.3,34.2,11.8,27.5,102.0,269.0
2026-04-27T11:00,78.2,35.0,9.2,26.6,119.0,249.0
2026-04-27T12:00,75.4,34.9,7.3,24.2,128.0,236.0
2026-04-27T13:00,68.7,32.1,6.0,21.0,133.0,226.0
2026-04-27T14:00,61.2,29.0,5.7,18.4,131.0,226.0
2026-04-27T15:00,55.1,26.8,6.9,16.7,119.0,239.0
2026-04-27T16:00,49.6,24.8,9.0,15.5,101.0,261.0
2026-04-27T17:00,53.7,26.0,11.4,16.2,78.0,283.0
2026-04-27T18:00,50.6,25.4,13.8,17.2,71.0,303.0
2026-04-27T19:00,49.6,25.6,17.2,18.7,61.0,323.0
2026-04-27T20:00,51.2,26.4,20.2,20.6,53.0,341.0
2026-04-27T21:00,53.3,27.8,22.5,23.4,49.0,356.0
2026-04-27T22:00,55.2,29.2,24.4,26.7,47.0,369.0
2026-04-27T23:00,56.7,30.2,25.4,29.3,46.0,377.0
2026-04-28T00:00,57.6,29.0,24.6,30.2,47.0,375.0
2026-04-28T01:00,58.1,28.6,22.9,30.5,48.0,367.0
2026-04-28T02:00,59.6,29.1,22.9,32.1,48.0,371.0
2026-04-28T03:00,61.5,30.6,26.4,36.6,43.0,396.0
2026-04-28T04:00,63.1,32.8,31.5,42.4,36.0,432.0
2026-04-28T05:00,55.9,27.8,23.8,33.2,44.0,462.0
2026-04-28T06:00,54.5,29.4,24.6,35.5,43.0,483.0
2026-04-28T07:00,56.0,31.2,25.5,38.6,42.0,499.0
2026-04-28T08:00,58.2,32.7,24.9,40.5,49.0,504.0
2026-04-28T09:00,61.0,33.9,21.7,40.6,72.0,499.0
2026-04-28T10:00,65.0,36.1,17.1,39.5,103.0,482.0
2026-04-28T11:00,68.5,38.0,13.0,37.0,126.0,448.0
2026-04-28T12:00,67.3,36.9,9.8,32.2,136.0,378.0
2026-04-28T13:00,62.4,32.7,7.0,25.9,138.0,289.0
2026-04-28T14:00,58.0,28.6,5.7,21.0,134.0,229.0
2026-04-28T15:00,54.4,25.8,6.6,18.6,122.0,223.0
2026-04-28T16:00,50.1,23.2,8.9,17.5,104.0,246.0
2026-04-28T17:00,54.7,24.0,11.2,14.2,73.0,265.0
2026-04-28T18:00,52.7,23.3,12.5,14.7,67.0,267.0
2026-04-28T19:00,50.5,22.9,14.3,15.4,59.0,266.0
2026-04-28T20:00,48.5,22.5,15.6,16.2,54.0,268.0
2026-04-28T21:00,47.1,22.6,15.6,17.0,55.0,275.0
2026-04-28T22:00,44.7,22.5,15.1,17.9,59.0,286.0
2026-04-28T23:00,42.3,22.7,14.9,19.4,62.0,297.0
2026-04-29T00:00,40.2,22.8,15.6,21.7,63.0,307.0
2026-04-29T01:00,39.3,23.5,16.7,24.6,62.0,319.0
2026-04-29T02:00,38.6,24.0,17.7,27.3,62.0,337.0
2026-04-29T03:00,37.6,23.9,18.1,29.2,61.0,368.0
2026-04-29T04:00,37.1,23.9,18.4,30.9,61.0,406.0
2026-04-29T05:00,41.3,27.5,24.4,37.6,54.0,434.0
2026-04-29T06:00,42.7,28.9,25.8,42.8,54.0,447.0
2026-04-29T07:00,46.0,31.8,27.5,49.7,55.0,450.0
2026-04-29T08:00,48.7,32.8,27.3,53.1,63.0,441.0
2026-04-29T09:00,50.6,33.8,23.3,50.2,84.0,415.0
2026-04-29T10:00,52.5,34.2,17.4,43.8,112.0,377.0
2026-04-29T11:00,51.7,33.2,12.4,37.2,132.0,336.0
2026-04-29T12:00,46.3,29.9,9.1,31.0,140.0,290.0
2026-04-29T13:00,40.3,26.0,6.8,24.6,141.0,242.0
2026-04-29T14:00,36.2,22.6,5.7,19.6,137.0,211.0
2026-04-29T15:00,34.7,20.1,6.6,16.9,125.0,211.0
2026-04-29T16:00,35.0,18.6,8.9,15.7,108.0,228.0
2026-04-29T17:00,28.8,17.9,12.0,13.8,89.0,246.0
2026-04-29T18:00,26.5,16.5,12.8,14.0,82.0,261.0
2026-04-29T19:00,25.0,15.7,13.8,14.2,72.0,277.0
2026-04-29T20:00,25.7,15.7,14.2,14.6,66.0,288.0
2026-04-29T21:00,27.8,15.9,13.4,15.0,66.0,290.0
2026-04-29T22:00,31.3,16.7,12.0,15.5,69.0,286.0
2026-04-29T23:00,35.2,17.6,11.4,16.6,71.0,284.0
2026-04-30T00:00,38.2,18.6,12.0,18.5,70.0,282.0
2026-04-30T01:00,40.6,19.8,13.2,20.8,69.0,281.0
2026-04-30T02:00,41.9,20.9,15.0,23.2,66.0,288.0
2026-04-30T03:00,43.3,22.1,17.8,25.8,61.0,313.0
2026-04-30T04:00,43.5,23.2,21.1,28.4,56.0,347.0
2026-04-30T05:00,45.6,26.6,27.1,35.5,49.0,368.0
2026-04-30T06:00,45.1,26.8,25.8,34.2,51.0,365.0
2026-04-30T07:00,44.4,26.7,23.9,32.4,55.0,350.0
2026-04-30T08:00,43.9,25.0,21.0,30.2,64.0,329.0
2026-04-30T09:00,44.0,24.0,16.4,27.5,82.0,303.0
2026-04-30T10:00,45.2,24.0,10.8,24.5,106.0,271.0
2026-04-30T11:00,45.9,24.0,6.6,21.8,122.0,246.0
2026-04-30T12:00,45.2,23.3,4.8,19.6,126.0,231.0
2026-04-30T13:00,45.1,22.4,4.4,17.8,124.0,221.0
2026-04-30T14:00,46.4,22.1,4.6,16.5,119.0,218.0
2026-04-30T15:00,46.8,21.9,5.6,16.0,111.0,223.0
2026-04-30T16:00,45.8,21.2,7.3,16.1,100.0,234.0
2026-04-30T17:00,43.4,19.9,8.9,17.2,89.0,244.0
2026-04-30T18:00,43.1,19.2,9.6,17.9,83.0,251.0
2026-04-30T19:00,43.4,18.6,10.6,18.9,75.0,256.0
2026-04-30T20:00,46.0,18.5,11.5,19.9,69.0,257.0
2026-04-30T21:00,48.0,19.2,12.2,20.9,66.0,250.0
2026-04-30T22:00,48.0,19.4,12.9,21.9,65.0,237.0
2026-04-30T23:00,49.1,19.6,13.2,22.2,64.0,225.0
2026-05-01T00:00,49.8,19.3,12.9,21.3,64.0,212.0
2026-05-01T01:00,50.8,19.3,12.3,19.6,64.0,199.0
2026-05-01T02:00,49.7,18.9,11.8,18.2,64.0,192.0
2026-05-01T03:00,48.7,18.2,11.5,17.2,63.0,195.0
2026-05-01T04:00,47.6,17.6,11.3,16.3,63.0,205.0
2026-05-01T05:00,46.0,16.8,9.9,16.6,64.0,215.0
2026-05-01T06:00,44.4,16.7,10.2,17.3,65.0,227.0
2026-05-01T07:00,46.4,17.6,10.5,18.3,67.0,239.0
2026-05-01T08:00,49.8,18.9,10.2,18.9,72.0,243.0
2026-05-01T09:00,52.4,20.3,8.5,18.8,84.0,231.0
2026-05-01T10:00,55.1,22.1,6.1,18.4,99.0,211.0
2026-05-01T11:00,55.4,22.5,4.4,17.8,109.0,196.0
2026-05-01T12:00,54.8,22.4,3.8,17.0,111.0,193.0
2026-05-01T13:00,53.8,21.9,3.8,16.0,109.0,195.0
2026-05-01T14:00,53.0,21.6,4.2,15.2,104.0,199.0
2026-05-01T15:00,52.9,21.2,5.1,14.9,97.0,206.0
2026-05-01T16:00,51.7,20.4,6.3,14.8,88.0,216.0
2026-05-01T17:00,57.2,21.4,7.8,14.5,80.0,222.0
2026-05-01T18:00,57.2,21.0,8.3,14.8,76.0,222.0
2026-05-01T19:00,57.5,20.4,9.0,15.4,70.0,218.0
2026-05-01T20:00,59.4,20.5,9.5,16.0,65.0,215.0
2026-05-01T21:00,63.1,20.4,9.6,16.8,64.0,215.0
2026-05-01T22:00,65.2,21.1,9.5,17.8,64.0,216.0
2026-05-01T23:00,66.4,21.5,9.5,18.6,64.0,218.0
2026-05-02T00:00,67.8,21.6,9.8,19.1,63.0,221.0
2026-05-02T01:00,68.9,21.8,10.2,19.5,62.0,225.0
2026-05-02T02:00,69.8,22.1,10.8,19.7,61.0,230.0
2026-05-02T03:00,69.6,22.2,11.7,19.6,59.0,236.0
2026-05-02T04:00,68.5,22.2,12.7,19.3,57.0,244.0
2026-05-02T05:00,69.4,22.1,12.7,18.1,57.0,254.0
2026-05-02T06:00,68.2,22.2,12.6,19.1,58.0,271.0
2026-05-02T07:00,69.8,23.0,12.5,20.4,61.0,291.0
2026-05-02T08:00,71.7,24.0,11.7,21.3,67.0,295.0
2026-05-02T09:00,72.9,25.0,9.7,21.6,81.0,271.0
2026-05-02T10:00,74.5,27.0,7.1,21.6,99.0,231.0
2026-05-02T11:00,74.7,28.3,5.1,21.2,112.0,202.0
2026-05-02T12:00,72.4,28.4,4.2,20.3,115.0,193.0
2026-05-02T13:00,68.9,27.2,4.0,19.1,113.0,193.0
2026-05-02T14:00,66.8,26.6,4.2,18.0,108.0,197.0
2026-05-02T15:00,60.8,24.6,5.1,17.1,100.0,203.0
2026-05-02T16:00,55.8,22.7,6.5,16.3,90.0,213.0
2026-05-02T17:00,62.4,23.9,8.2,16.3,80.0,220.0
2026-05-02T18:00,58.3,23.0,9.0,16.8,75.0,224.0
2026-05-02T19:00,55.5,22.1,10.0,17.5,69.0,225.0
2026-05-02T20:00,54.6,21.9,10.7,18.1,64.0,225.0
2026-05-02T21:00,53.9,21.7,10.8,18.6,63.0,223.0
2026-05-02T22:00,54.1,21.8,10.5,19.0,64.0,220.0
2026-05-02T23:00,53.6,21.6,10.1,18.8,65.0,213.0
2026-05-03T00:00,52.2,20.7,9.4,17.5,66.0,198.0
2026-05-03T01:00,50.5,19.8,8.4,15.6,67.0,179.0
2026-05-03T02:00,48.9,19.3,7.9,14.3,68.0,171.0
2026-05-03T03:00,47.3,18.7,8.0,13.9,67.0,181.0
2026-05-03T04:00,45.3,18.2,8.5,14.0,66.0,200.0
2026-05-03T05:00,43.8,18.0,10.0,14.5,64.0,220.0
2026-05-03T06:00,46.7,19.2,10.8,16.5,64.0,241.0
2026-05-03T07:00,47.4,20.0,11.8,19.2,65.0,262.0
2026-05-03T08:00,48.3,21.2,11.9,21.3,71.0,271.0
2026-05-03T09:00,50.4,22.9,10.3,22.5,86.0,257.0
2026-05-03T10:00,54.1,25.6,7.8,23.1,105.0,230.0
2026-05-03T11:00,56.9,27.5,5.8,23.0,119.0,210.0
2026-05-03T12:00,52.2,26.0,4.9,21.7,123.0,205.0
2026-05-03T13:00,49.0,24.8,4.6,19.7,121.0,208.0
2026-05-03T14:00,46.8,23.3,4.7,18.0,115.0,213.0
2026-05-03T15:00,44.1,21.4,5.5,17.1,105.0,221.0
2026-05-03T16:00,41.2,19.7,6.7,16.6,91.0,232.0
2026-05-03T17:00,45.2,19.7,8.2,16.0,80.0,240.0
2026-05-03T18:00,44.0,19.9,9.5,17.0,75.0,245.0
2026-05-03T19:00,42.5,19.5,11.3,18.3,68.0,248.0
2026-05-03T20:00,41.4,19.4,12.3,19.1,63.0,247.0
2026-05-03T21:00,40.2,19.0,11.9,18.8,62.0,238.0
2026-05-03T22:00,38.8,18.4,10.7,17.9,64.0,224.0
2026-05-03T23:00,37.5,17.3,9.7,16.9,65.0,213.0
2026-05-04T00:00,36.0,16.2,9.0,15.7,66.0,209.0
2026-05-04T01:00,34.9,15.4,8.3,14.4,66.0,209.0
2026-05-04T02:00,34.0,15.0,8.0,13.5,66.0,210.0
2026-05-04T03:00,33.6,14.8,8.2,13.2,65.0,212.0
2026-05-04T04:00,33.8,14.8,8.8,13.2,63.0,215.0
2026-05-04T05:00,32.4,13.6,7.4,12.0,67.0,218.0
2026-05-04T06:00,33.4,13.8,8.0,13.4,68.0,222.0
2026-05-04T07:00,35.4,15.0,8.8,15.4,69.0,226.0
2026-05-04T08:00,38.2,16.7,8.9,17.0,74.0,226.0
2026-05-04T09:00,39.3,17.6,7.7,17.9,86.0,219.0
2026-05-04T10:00,41.4,19.2,5.8,18.5,101.0,208.0
2026-05-04T11:00,43.0,20.4,4.4,18.8,111.0,199.0
2026-05-04T12:00,43.3,21.1,3.9,18.6,114.0,194.0
2026-05-04T13:00,41.9,20.7,3.8,18.1,112.0,190.0
2026-05-04T14:00,40.4,19.8,4.0,17.6,107.0,190.0
2026-05-04T15:00,39.0,18.7,4.5,17.1,99.0,195.0
2026-05-04T16:00,37.7,17.6,5.2,16.7,89.0,204.0
2026-05-04T17:00,38.0,15.8,6.9,15.0,79.0,211.0
2026-05-04T18:00,37.5,15.8,7.3,15.8,75.0,214.0
2026-05-04T19:00,37.7,15.9,7.7,16.9,70.0,216.0
2026-05-04T20:00,39.6,15.9,8.2,17.6,66.0,216.0
2026-05-04T21:00,41.1,16.3,8.6,17.7,64.0,214.0
2026-05-04T22:00,42.7,17.1,9.0,17.4,64.0,210.0
2026-05-04T23:00,44.8,17.3,9.1,16.7,64.0,205.0
2026-05-05T00:00,46.2,17.1,8.6,15.4,64.0,197.0
2026-05-05T01:00,47.5,17.1,7.9,13.7,65.0,188.0
2026-05-05T02:00,48.5,17.1,7.5,12.5,65.0,187.0
2026-05-05T03:00,49.5,17.2,7.7,11.8,64.0,199.0
2026-05-05T04:00,51.9,17.6,8.2,11.6,62.0,219.0
2026-05-05T05:00,49.4,17.8,9.2,13.0,61.0,237.0
2026-05-05T06:00,52.5,18.9,9.7,15.1,62.0,251.0
2026-05-05T07:00,58.1,21.1,10.4,18.0,63.0,263.0
2026-05-05T08:00,65.9,23.6,10.3,20.8,70.0,267.0
2026-05-05T09:00,69.8,25.7,8.8,23.4,87.0,257.0
2026-05-05T10:00,73.1,28.4,6.7,25.8,108.0,239.0
2026-05-05T11:00,75.9,31.2,5.0,27.0,123.0,222.0
2026-05-05T12:00,75.9,31.9,4.2,26.2,125.0,208.0
2026-05-05T13:00,72.9,30.5,4.0,24.2,121.0,195.0
2026-05-05T14:00,69.6,27.9,4.1,22.2,113.0,189.0
2026-05-05T15:00,68.5,25.7,4.8,20.5,102.0,192.0
2026-05-05T16:00,68.2,24.2,6.0,18.9,89.0,202.0
2026-05-05T17:00,68.0,23.9,7.1,16.7,78.0,212.0
2026-05-05T18:00,69.8,23.9,7.6,17.2,74.0,220.0
2026-05-05T19:00,70.3,23.4,8.3,18.0,68.0,229.0
2026-05-05T20:00,71.0,24.0,9.0,19.6,64.0,242.0
2026-05-05T21:00,72.2,24.6,9.9,22.5,63.0,262.0
2026-05-05T22:00,73.8,25.7,10.9,26.1,63.0,287.0
2026-05-05T23:00,74.3,26.5,11.5,29.0,63.0,310.0
2026-05-06T00:00,73.3,26.5,11.4,30.6,64.0,329.0
2026-05-06T01:00,72.2,26.3,10.8,31.5,65.0,346.0
2026-05-06T02:00,70.3,25.7,10.2,32.6,66.0,366.0
2026-05-06T03:00,68.0,25.2,9.6,33.9,67.0,399.0
2026-05-06T04:00,67.8,25.3,9.0,35.4,67.0,435.0
2026-05-06T05:00,62.2,24.5,8.1,30.1,68.0,446.0
2026-05-06T06:00,66.6,27.6,9.8,35.4,68.0,408.0
2026-05-06T07:00,65.0,28.7,12.1,42.6,69.0,345.0
2026-05-06T08:00,65.7,31.1,13.1,48.1,79.0,298.0
2026-05-06T09:00,70.1,34.7,11.7,51.2,107.0,288.0
2026-05-06T10:00,74.5,38.3,9.0,52.5,142.0,293.0
2026-05-06T11:00,72.2,38.4,6.8,50.3,165.0,290.0
2026-05-06T12:00,67.8,36.2,5.6,42.1,163.0,263.0
2026-05-06T13:00,66.4,34.0,4.8,30.4,148.0,228.0
2026-05-06T14:00,61.5,28.8,4.6,20.9,132.0,205.0
2026-05-06T15:00,64.7,26.0,5.1,15.7,116.0,207.0
2026-05-06T16:00,70.8,24.9,6.1,12.6,98.0,222.0
2026-05-06T17:00,87.3,28.9,7.4,10.0,83.0,235.0
2026-05-06T18:00,88.0,29.3,7.8,10.5,81.0,239.0
2026-05-06T19:00,85.9,29.2,8.4,11.2,79.0,243.0
2026-05-06T20:00,85.2,29.2,9.0,11.9,77.0,252.0
2026-05-06T21:00,85.0,29.1,9.5,12.3,76.0,272.0
2026-05-06T22:00,86.1,29.5,10.1,12.8,75.0,298.0
2026-05-06T23:00,86.8,30.4,11.2,14.3,73.0,327.0
2026-05-07T00:00,88.0,31.3,13.4,17.5,70.0,362.0
2026-05-07T01:00,89.6,32.5,16.1,21.7,67.0,400.0
2026-05-07T02:00,92.2,33.3,18.4,25.3,65.0,427.0
2026-05-07T03:00,94.3,33.8,20.0,27.2,63.0,433.0
2026-05-07T04:00,95.9,34.0,21.2,28.6,61.0,428.0
2026-05-07T05:00,96.4,33.8,17.8,30.5,64.0,427.0
2026-05-07T06:00,96.9,34.0,17.3,32.1,66.0,441.0
2026-05-07T07:00,97.8,33.1,16.6,34.2,70.0,459.0
2026-05-07T08:00,103.1,35.7,15.3,36.1,84.0,459.0
2026-05-07T09:00,110.4,40.7,13.1,38.2,119.0,423.0
2026-05-07T10:00,118.3,47.0,10.3,40.0,162.0,369.0
2026-05-07T11:00,120.6,49.2,8.0,38.7,187.0,325.0
2026-05-07T12:00,113.2,44.5,6.3,31.7,175.0,301.0
2026-05-07T13:00,102.0,36.3,5.0,21.7,144.0,287.0
2026-05-07T14:00,91.5,30.4,4.6,14.0,118.0,279.0
2026-05-07T15:00,84.8,27.9,5.7,10.9,105.0,278.0
2026-05-07T16:00,84.5,28.2,7.7,10.0,95.0,282.0
2026-05-07T17:00,80.1,31.1,12.7,9.5,85.0,285.0
2026-05-07T18:00,78.2,31.3,15.6,11.4,78.0,282.0
2026-05-07T19:00,78.2,31.7,19.4,14.0,68.0,278.0
2026-05-07T20:00,79.9,32.7,21.5,15.7,61.0,279.0
2026-05-07T21:00,82.7,32.8,20.2,15.7,61.0,287.0
2026-05-07T22:00,83.4,31.9,17.1,14.9,64.0,299.0
2026-05-07T23:00,82.9,30.2,14.2,14.1,66.0,315.0
2026-05-08T00:00,81.7,28.1,11.9,13.5,66.0,335.0
2026-05-08T01:00,83.6,26.6,9.8,12.9,65.0,359.0
2026-05-08T02:00,82.9,25.5,8.6,12.7,64.0,382.0
2026-05-08T03:00,81.5,24.7,8.6,12.6,63.0,409.0
2026-05-08T04:00,80.3,24.2,9.5,12.9,62.0,435.0
2026-05-08T05:00,95.5,27.6,12.7,30.6,65.0,443.0
2026-05-08T06:00,95.7,28.3,14.5,34.4,64.0,417.0
2026-05-08T07:00,97.1,29.7,17.0,39.7,65.0,373.0
2026-05-08T08:00,104.3,34.9,18.0,44.3,79.0,342.0
2026-05-08T09:00,115.3,43.0,16.3,48.6,121.0,345.0
2026-05-08T10:00,127.6,52.4,13.2,52.1,177.0,362.0
2026-05-08T11:00,129.0,56.2,10.5,51.2,212.0,363.0
2026-05-08T12:00,112.7,50.1,8.5,42.3,208.0,330.0
2026-05-08T13:00,94.5,41.7,6.9,29.0,184.0,281.0
2026-05-08T14:00,78.5,34.1,6.1,18.2,158.0,248.0
2026-05-08T15:00,63.1,27.6,6.8,12.7,134.0,245.0
2026-05-08T16:00,51.2,22.8,8.4,9.8,108.0,257.0
2026-05-08T17:00,49.2,21.6,9.6,7.1,83.0,270.0
2026-05-08T18:00,49.6,21.9,10.4,7.9,82.0,276.0
2026-05-08T19:00,50.4,22.2,11.6,9.0,80.0,282.0
2026-05-08T20:00,53.7,22.9,13.3,10.7,78.0,298.0
2026-05-08T21:00,56.6,23.6,16.0,13.2,75.0,334.0
2026-05-08T22:00,59.1,25.4,19.2,16.3,71.0,379.0
2026-05-08T23:00,61.5,27.5,21.6,19.2,67.0,412.0
2026-05-09T00:00,62.6,28.5,22.6,21.6,65.0,423.0
2026-05-09T01:00,62.2,28.2,22.8,23.7,63.0,421.0
2026-05-09T02:00,60.3,27.6,23.2,25.8,61.0,414.0
2026-05-09T03:00,59.0,27.4,24.4,27.9,57.0,396.0
2026-05-09T04:00,59.0,27.9,25.8,29.9,54.0,372.0
2026-05-09T05:00,55.3,26.0,22.6,25.4,58.0,363.0
2026-05-09T06:00,55.9,26.2,21.8,26.8,62.0,391.0
2026-05-09T07:00,55.8,26.1,20.7,28.6,68.0,436.0
2026-05-09T08:00,57.3,26.2,18.9,29.6,83.0,453.0
2026-05-09T09:00,61.9,30.0,16.1,29.4,116.0,416.0
2026-05-09T10:00,67.5,35.0,12.6,28.2,159.0,353.0
2026-05-09T11:00,68.7,37.5,9.9,25.8,186.0,302.0
2026-05-09T12:00,63.1,34.7,8.2,21.0,186.0,280.0
2026-05-09T13:00,56.5,30.2,7.3,14.9,172.0,272.0
2026-05-09T14:00,51.9,27.1,7.4,10.3,156.0,269.0
2026-05-09T15:00,49.2,25.6,9.4,8.5,141.0,270.0
2026-05-09T16:00,47.0,24.7,12.5,8.3,125.0,278.0
2026-05-09T17:00,46.2,24.7,16.0,9.5,106.0,291.0
2026-05-09T18:00,47.1,24.0,16.2,10.4,98.0,308.0
2026-05-09T19:00,48.1,23.5,16.4,11.5,87.0,331.0
2026-05-09T20:00,49.1,23.3,16.5,12.4,79.0,361.0
2026-05-09T21:00,49.0,23.1,16.1,12.4,76.0,404.0
2026-05-09T22:00,48.9,23.1,15.5,12.1,75.0,454.0
2026-05-09T23:00,48.8,23.0,15.4,12.6,74.0,495.0
2026-05-10T00:00,49.5,22.9,16.2,14.2,72.0,517.0
2026-05-10T01:00,51.6,23.9,17.4,16.6,69.0,528.0
2026-05-10T02:00,54.0,25.4,18.9,19.8,66.0,542.0
2026-05-10T03:00,56.1,26.7,20.5,23.6,62.0,568.0
2026-05-10T04:00,57.5,27.6,22.2,28.2,58.0,595.0
2026-05-10T05:00,59.3,29.9,27.6,29.8,53.0,605.0
2026-05-10T06:00,62.4,32.2,29.5,35.7,54.0,588.0
2026-05-10T07:00,65.4,35.5,31.9,43.7,56.0,554.0
2026-05-10T08:00,70.1,37.8,32.0,49.0,74.0,513.0
2026-05-10T09:00,77.5,43.4,27.7,50.2,123.0,462.0
2026-05-10T10:00,86.6,51.2,21.2,48.7,188.0,405.0
2026-05-10T11:00,80.8,49.6,15.5,44.2,228.0,356.0
2026-05-10T12:00,69.6,41.9,11.3,34.4,223.0,321.0
2026-05-10T13:00,58.8,33.5,8.1,21.6,194.0,295.0
2026-05-10T14:00,54.6,29.5,7.2,12.3,167.0,280.0
2026-05-10T15:00,52.9,28.0,10.3,9.5,152.0,277.0
2026-05-10T16:00,51.0,27.8,15.7,10.2,139.0,284.0
2026-05-10T17:00,49.6,28.5,19.9,11.4,128.0,301.0
2026-05-10T18:00,49.0,29.0,21.5,12.6,117.0,334.0
2026-05-10T19:00,49.1,29.5,21.9,14.4,108.0,376.0
2026-05-10T20:00,49.5,28.4,21.1,15.1,100.0,403.0
2026-05-10T21:00,49.0,27.0,18.5,13.6,94.0,400.0
2026-05-10T22:00,49.1,24.4,14.7,11.0,89.0,382.0
2026-05-10T23:00,49.4,22.9,12.3,9.2,84.0,366.0
2026-05-11T00:00,48.5,22.2,12.1,9.0,79.0,348.0
2026-05-11T01:00,49.8,22.5,13.3,9.6,73.0,332.0
2026-05-11T02:00,50.4,23.0,15.1,11.0,68.0,343.0
2026-05-11T03:00,49.7,23.6,17.8,13.1,61.0,408.0
2026-05-11T04:00,49.5,24.7,21.1,15.9,55.0,501.0
2026-05-11T05:00,46.9,20.7,13.6,10.8,61.0,567.0
2026-05-11T06:00,49.4,23.6,17.8,16.7,56.0,589.0
2026-05-11T07:00,53.7,28.6,23.4,25.0,52.0,584.0
2026-05-11T08:00,58.9,32.6,27.1,31.6,66.0,556.0
2026-05-11T09:00,66.1,39.1,27.3,35.8,119.0,492.0
2026-05-11T10:00,78.0,49.8,25.6,38.4,190.0,406.0
2026-05-11T11:00,75.4,51.0,23.0,37.6,238.0,335.0
2026-05-11T12:00,66.4,44.0,19.1,30.8,241.0,296.0
2026-05-11T13:00,59.6,38.2,14.3,20.5,220.0,273.0
2026-05-11T14:00,53.0,32.9,11.2,12.7,196.0,260.0
2026-05-11T15:00,49.7,29.6,11.3,10.1,174.0,257.0
2026-05-11T16:00,48.4,28.5,13.0,10.0,148.0,263.0
2026-05-11T17:00,54.4,29.3,18.9,10.8,132.0,271.0
2026-05-11T18:00,53.8,26.5,16.2,9.9,117.0,274.0
2026-05-11T19:00,53.8,23.5,12.7,8.7,95.0,279.0
2026-05-11T20:00,54.0,21.7,10.9,8.6,78.0,303.0
2026-05-11T21:00,56.9,21.6,12.3,10.0,69.0,362.0
2026-05-11T22:00,61.9,23.6,15.6,12.5,65.0,441.0
2026-05-11T23:00,67.8,26.5,19.0,15.4,61.0,508.0
2026-05-12T00:00,70.3,28.2,22.5,19.1,56.0,554.0
2026-05-12T01:00,70.1,29.3,26.2,23.3,51.0,588.0
2026-05-12T02:00,70.1,31.0,28.7,26.7,47.0,607.0
2026-05-12T03:00,69.4,30.6,29.3,28.3,45.0,611.0
2026-05-12T04:00,68.0,29.8,28.8,29.0,44.0,601.0
2026-05-12T05:00,68.5,31.2,29.9,32.7,45.0,573.0
2026-05-12T06:00,68.5,31.9,29.8,37.5,46.0,519.0
2026-05-12T07:00,69.8,33.8,29.5,44.1,48.0,448.0
2026-05-12T08:00,73.3,35.2,27.9,48.7,63.0,387.0
2026-05-12T09:00,77.1,38.6,23.8,50.4,103.0,345.0
2026-05-12T10:00,84.1,45.1,18.4,50.2,156.0,312.0
2026-05-12T11:00,88.0,50.1,13.8,47.0,192.0,284.0
2026-05-12T12:00,79.4,46.4,10.5,38.9,199.0,257.0
2026-05-12T13:00,67.8,38.2,7.9,27.8,190.0,235.0
2026-05-12T14:00,58.4,31.0,6.5,18.8,174.0,223.0
2026-05-12T15:00,51.2,25.5,7.0,13.8,151.0,229.0
2026-05-12T16:00,46.1,21.5,8.7,10.9,122.0,246.0
2026-05-12T17:00,43.0,18.7,9.9,9.0,99.0,258.0
2026-05-12T18:00,39.1,17.6,9.7,8.1,87.0,256.0
2026-05-12T19:00,37.6,16.9,8.9,8.2,81.0,249.0
2026-05-12T20:00,36.4,16.8,8.6,8.7,77.0,247.0
2026-05-12T21:00,37.4,17.1,9.2,9.4,74.0,256.0
2026-05-12T22:00,39.0,18.5,10.3,10.4,73.0,271.0
2026-05-12T23:00,40.2,19.8,11.4,12.1,72.0,287.0
2026-05-13T00:00,40.4,20.3,12.4,14.6,70.0,301.0
2026-05-13T01:00,41.6,21.2,13.5,17.7,69.0,317.0
2026-05-13T02:00,42.4,21.9,14.6,21.1,67.0,338.0
2026-05-13T03:00,43.4,22.8,16.1,25.0,64.0,376.0
2026-05-13T04:00,44.5,23.7,17.7,29.3,62.0,420.0
2026-05-13T05:00,51.5,21.9,12.5,10.3,66.0,439.0
2026-05-13T06:00,52.3,22.4,13.0,11.6,67.0,412.0
2026-05-13T07:00,54.7,23.1,13.5,13.3,70.0,360.0
2026-05-13T08:00,59.1,24.4,13.1,14.1,77.0,314.0
2026-05-13T09:00,62.6,25.9,10.8,13.4,94.0,286.0
2026-05-13T10:00,65.9,27.8,7.5,11.8,115.0,265.0
2026-05-13T11:00,68.0,29.3,5.5,10.3,130.0,247.0
2026-05-13T12:00,66.8,29.8,5.9,9.2,135.0,231.0
2026-05-13T13:00,62.2,30.0,7.4,8.1,135.0,220.0
2026-05-13T14:00,58.1,28.5,8.7,7.3,130.0,214.0
2026-05-13T15:00,54.8,25.3,9.2,6.7,118.0,218.0
2026-05-13T16:00,49.9,23.6,9.4,6.3,102.0,227.0
2026-05-13T17:00,64.3,28.9,9.9,6.3,90.0,237.0
2026-05-13T18:00,56.1,27.1,9.9,6.1,84.0,243.0
2026-05-13T19:00,51.5,25.5,10.0,5.9,77.0,250.0
2026-05-13T20:00,49.5,24.7,10.0,5.9,71.0,258.0
2026-05-13T21:00,49.2,24.0,9.9,6.2,70.0,271.0
2026-05-13T22:00,50.1,24.4,9.7,6.6,70.0,286.0
2026-05-13T23:00,50.5,24.7,9.5,7.0,71.0,300.0
2026-05-14T00:00,50.4,24.6,9.3,7.3,71.0,314.0
2026-05-14T01:00,49.8,24.6,9.0,7.6,71.0,326.0
2026-05-14T02:00,48.5,24.4,9.0,8.0,71.0,327.0
2026-05-14T03:00,47.3,24.4,9.3,8.4,70.0,303.0
2026-05-14T04:00,46.2,24.6,9.8,8.9,68.0,269.0
2026-05-14T05:00,46.6,24.3,8.8,8.4,71.0,254.0
2026-05-14T06:00,46.4,25.4,11.1,10.4,69.0,285.0
2026-05-14T07:00,46.7,27.0,14.1,13.2,68.0,336.0
2026-05-14T08:00,47.6,29.1,15.6,14.8,76.0,363.0
2026-05-14T09:00,49.1,31.8,14.3,14.4,106.0,341.0
2026-05-14T10:00,50.3,34.3,11.6,13.0,145.0,296.0
2026-05-14T11:00,48.8,35.7,9.2,11.2,169.0,257.0
2026-05-14T12:00,41.4,30.7,7.5,9.1,163.0,235.0
2026-05-14T13:00,34.3,24.9,6.2,6.6,140.0,220.0
2026-05-14T14:00,30.2,21.5,5.6,4.9,119.0,214.0
2026-05-14T15:00,27.2,19.8,6.3,4.4,104.0,221.0
2026-05-14T16:00,25.1,17.1,7.7,4.5,91.0,238.0
2026-05-14T17:00,36.1,23.2,9.1,4.8,82.0,251.0
2026-05-14T18:00,35.0,22.6,9.4,5.2,78.0,256.0
2026-05-14T19:00,34.1,22.4,9.7,5.8,72.0,259.0
2026-05-14T20:00,33.6,22.1,9.7,6.0,68.0,263.0
2026-05-14T21:00,33.9,21.9,8.9,5.6,67.0,274.0
2026-05-14T22:00,33.8,21.4,7.7,4.9,67.0,286.0
2026-05-14T23:00,32.2,20.2,6.7,4.3,68.0,290.0
2026-05-15T00:00,30.5,18.8,6.1,3.9,68.0,276.0
2026-05-15T01:00,29.1,17.9,5.7,3.6,68.0,252.0
2026-05-15T02:00,27.8,17.4,5.4,3.5,68.0,236.0
2026-05-15T03:00,26.9,17.2,5.2,3.6,67.0,235.0
2026-05-15T04:00,26.0,16.9,5.1,3.8,66.0,241.0
2026-05-15T05:00,26.1,17.4,6.5,4.1,67.0,248.0
2026-05-15T06:00,29.7,20.1,7.1,4.7,66.0,255.0
2026-05-15T07:00,25.2,17.5,7.8,5.6,65.0,262.0
2026-05-15T08:00,25.5,18.3,8.1,6.4,70.0,263.0
2026-05-15T09:00,26.9,19.8,7.4,7.1,86.0,253.0
2026-05-15T10:00,29.1,21.8,6.3,7.7,107.0,238.0
2026-05-15T11:00,30.4,23.2,5.4,7.8,120.0,223.0
2026-05-15T12:00,29.0,21.9,4.9,7.0,118.0,210.0
2026-05-15T13:00,26.9,20.8,4.7,5.6,109.0,199.0
2026-05-15T14:00,24.6,18.2,4.9,4.6,98.0,194.0
2026-05-15T15:00,23.4,17.0,5.8,4.3,86.0,200.0
2026-05-15T16:00,22.5,16.1,7.1,4.3,73.0,212.0
2026-05-15T17:00,26.3,18.4,7.9,4.5,70.0,223.0
2026-05-15T18:00,26.4,18.5,8.2,4.6,66.0,231.0
2026-05-15T19:00,26.7,18.5,8.5,4.7,61.0,238.0
2026-05-15T20:00,27.0,18.3,8.4,4.6,57.0,237.0
2026-05-15T21:00,27.5,18.2,7.3,4.2,56.0,222.0
2026-05-15T22:00,27.5,17.9,5.8,3.5,56.0,200.0
2026-05-15T23:00,27.1,17.2,4.6,3.0,55.0,180.0
2026-05-16T00:00,26.6,16.5,4.0,2.7,53.0,166.0
2026-05-16T01:00,25.8,15.8,3.8,2.5,50.0,154.0
2026-05-16T02:00,25.6,15.3,3.8,2.4,47.0,148.0
2026-05-16T03:00,25.6,15.0,4.2,2.5,44.0,149.0
2026-05-16T04:00,25.9,14.8,5.0,2.8,41.0,156.0
2026-05-16T05:00,26.8,13.8,3.9,3.4,46.0,166.0
2026-05-16T06:00,27.4,13.7,4.9,4.1,45.0,182.0
2026-05-16T07:00,28.6,14.2,6.1,4.9,45.0,201.0
2026-05-16T08:00,29.6,14.6,6.7,5.6,49.0,210.0
2026-05-16T09:00,30.7,15.4,5.7,5.8,60.0,201.0
2026-05-16T10:00,33.3,16.6,4.0,5.7,75.0,182.0
2026-05-16T11:00,36.7,17.5,3.2,5.6,87.0,169.0
2026-05-16T12:00,38.1,19.8,4.1,5.5,94.0,166.0
2026-05-16T13:00,36.4,19.2,5.9,5.4,98.0,167.0
2026-05-16T14:00,36.0,18.2,7.3,5.2,97.0,173.0
2026-05-16T15:00,38.6,16.8,7.7,4.9,90.0,184.0
2026-05-16T16:00,40.4,16.4,7.8,4.5,79.0,200.0
2026-05-16T17:00,38.2,15.9,8.3,4.3,74.0,213.0
2026-05-16T18:00,39.6,16.2,8.9,4.7,71.0,222.0
2026-05-16T19:00,40.6,16.3,9.6,5.3,66.0,229.0
2026-05-16T20:00,41.1,16.5,9.8,5.6,62.0,231.0
2026-05-16T21:00,39.9,16.1,9.1,5.3,59.0,226.0
2026-05-16T22:00,38.1,15.7,7.8,4.7,58.0,216.0
2026-05-16T23:00,36.2,15.1,6.8,4.1,56.0,204.0
2026-05-17T00:00,34.9,14.5,6.2,3.6,55.0,185.0
2026-05-17T01:00,34.6,14.3,5.8,3.1,53.0,163.0
2026-05-17T02:00,35.4,14.5,5.9,2.9,52.0,153.0
2026-05-17T03:00,37.4,14.9,7.0,2.9,50.0,164.0
2026-05-17T04:00,38.5,15.4,8.7,3.1,47.0,187.0
2026-05-17T05:00,40.4,15.0,7.6,3.7,53.0,204.0
2026-05-17T06:00,40.0,15.5,7.2,4.5,54.0,211.0
2026-05-17T07:00,38.2,14.9,6.6,5.6,56.0,212.0
2026-05-17T08:00,36.6,15.5,6.1,6.7,63.0,209.0
2026-05-17T09:00,38.6,17.9,5.9,7.7,79.0,199.0
2026-05-17T10:00,42.5,21.0,5.9,8.6,100.0,185.0
2026-05-17T11:00,39.3,21.9,5.9,8.9,115.0,174.0
2026-05-17T12:00,39.9,21.5,5.7,8.1,119.0,168.0
2026-05-17T13:00,39.5,21.2,5.4,6.7,117.0,166.0
2026-05-17T14:00,40.7,20.9,5.4,5.6,112.0,168.0
2026-05-17T15:00,45.3,20.7,5.8,5.1,106.0,175.0
2026-05-17T16:00,46.8,20.8,6.5,4.8,97.0,186.0
2026-05-17T17:00,61.2,24.9,6.9,4.9,89.0,199.0
2026-05-17T18:00,59.6,24.6,7.5,5.2,83.0,218.0
2026-05-17T19:00,55.9,23.5,8.2,5.5,75.0,239.0
2026-05-17T20:00,52.4,22.1,8.5,5.6,69.0,247.0
2026-05-17T21:00,48.0,19.9,7.7,5.2,67.0,230.0
2026-05-17T22:00,44.9,18.4,6.3,4.5,67.0,199.0
2026-05-17T23:00,43.7,17.4,5.6,4.0,66.0,179.0
2026-05-18T00:00,43.4,16.8,6.0,4.0,64.0,178.0
2026-05-18T01:00,44.1,16.9,7.0,4.1,62.0,186.0
2026-05-18T02:00,44.4,17.4,7.9,4.3,60.0,200.0
2026-05-18T03:00,44.7,18.0,8.4,4.1,58.0,220.0
2026-05-18T04:00,43.5,18.4,8.9,3.9,55.0,245.0
2026-05-18T05:00,43.1,17.1,6.3,4.6,61.0,266.0
2026-05-18T06:00,43.9,18.6,7.6,6.5,60.0,283.0
2026-05-18T07:00,43.7,19.4,9.2,9.2,61.0,296.0
2026-05-18T08:00,44.1,20.0,10.0,11.0,68.0,299.0
2026-05-18T09:00,46.1,22.2,9.0,11.4,90.0,286.0
2026-05-18T10:00,49.6,25.2,7.1,10.9,119.0,262.0
2026-05-18T11:00,52.2,27.5,5.7,10.0,138.0,240.0
2026-05-18T12:00,48.8,27.6,5.1,8.5,139.0,220.0
2026-05-18T13:00,45.2,25.4,5.0,6.7,130.0,201.0
2026-05-18T14:00,43.9,23.2,5.4,5.3,119.0,192.0
2026-05-18T15:00,41.8,21.9,6.7,4.8,107.0,199.0
2026-05-18T16:00,40.4,21.1,8.6,4.8,94.0,214.0
2026-05-18T17:00,55.2,25.0,8.8,4.5,82.0,227.0
2026-05-18T18:00,55.5,25.5,9.4,5.1,78.0,232.0
2026-05-18T19:00,55.8,25.6,10.2,5.9,73.0,234.0
2026-05-18T20:00,54.6,25.3,10.5,6.3,68.0,234.0
2026-05-18T21:00,53.2,24.6,9.9,6.1,65.0,231.0
2026-05-18T22:00,52.2,23.8,8.9,5.4,64.0,227.0
2026-05-18T23:00,51.1,23.1,8.1,4.9,62.0,221.0
2026-05-19T00:00,50.3,22.4,7.9,4.5,60.0,214.0
2026-05-19T01:00,51.0,22.5,7.8,4.1,59.0,206.0
2026-05-19T02:00,53.7,23.4,7.8,4.0,58.0,202.0
2026-05-19T03:00,51.9,22.4,7.6,4.2,57.0,206.0
2026-05-19T04:00,52.5,22.1,7.3,4.7,56.0,214.0
2026-05-19T05:00,53.6,22.4,7.6,5.4,56.0,220.0
2026-05-19T06:00,55.2,22.5,8.5,6.9,57.0,221.0
2026-05-19T07:00,57.3,22.6,9.7,8.8,59.0,220.0
2026-05-19T08:00,61.0,24.6,10.1,10.2,66.0,216.0
2026-05-19T09:00,65.2,26.7,9.0,10.5,84.0,209.0
2026-05-19T10:00,67.8,28.1,7.0,10.2,108.0,199.0
2026-05-19T11:00,68.5,28.9,5.4,9.4,123.0,190.0
2026-05-19T12:00,67.1,27.8,4.4,7.9,122.0,182.0
2026-05-19T13:00,62.9,25.0,3.7,5.9,112.0,175.0
2026-05-19T14:00,59.6,22.7,3.6,4.5,101.0,173.0
2026-05-19T15:00,56.2,21.6,4.5,4.1,91.0,182.0
2026-05-19T16:00,54.2,21.1,6.0,4.3,80.0,196.0
2026-05-19T17:00,61.9,23.7,7.8,4.7,70.0,207.0
2026-05-19T18:00,59.1,23.5,9.0,5.5,66.0,211.0
2026-05-19T19:00,55.9,23.3,10.6,6.6,60.0,212.0
2026-05-19T20:00,53.3,23.3,11.6,7.4,55.0,210.0
2026-05-19T21:00,51.6,23.2,11.6,7.6,53.0,204.0
2026-05-19T22:00,49.9,22.9,10.9,7.5,53.0,194.0
2026-05-19T23:00,48.1,22.2,10.2,7.2,53.0,183.0
2026-05-20T00:00,45.3,21.2,9.3,6.4,52.0,167.0
2026-05-20T01:00,42.1,20.1,8.2,5.4,51.0,150.0
2026-05-20T02:00,39.1,19.3,7.6,4.8,50.0,140.0
2026-05-20T03:00,35.7,18.3,7.9,4.9,48.0,143.0
2026-05-20T04:00,33.1,17.8,8.7,5.4,46.0,153.0
2026-05-20T05:00,32.5,16.9,7.9,6.6,50.0,168.0
2026-05-20T06:00,30.5,16.4,9.0,7.9,50.0,192.0
2026-05-20T07:00,28.7,16.4,10.4,9.6,50.0,221.0
2026-05-20T08:00,28.2,17.2,10.9,11.0,56.0,235.0
2026-05-20T09:00,28.3,18.2,9.7,11.7,75.0,222.0
2026-05-20T10:00,29.2,19.4,7.7,12.0,99.0,195.0
2026-05-20T11:00,31.8,21.8,6.1,11.7,117.0,173.0
2026-05-20T12:00,32.2,22.6,5.3,10.5,123.0,163.0
2026-05-20T13:00,29.9,20.9,4.8,8.7,122.0,158.0
2026-05-20T14:00,26.5,18.0,4.9,7.2,115.0,158.0
2026-05-20T15:00,23.7,15.5,5.7,6.3,100.0,166.0
2026-05-20T16:00,21.7,13.6,7.1,5.7,81.0,179.0
2026-05-20T17:00,22.9,14.1,8.3,5.7,63.0,189.0
2026-05-20T18:00,22.0,13.4,8.5,5.8,58.0,194.0
2026-05-20T19:00,20.8,12.6,8.9,6.1,51.0,196.0
2026-05-20T20:00,20.1,11.8,9.1,6.3,46.0,195.0
2026-05-20T21:00,19.8,11.6,9.3,6.7,44.0,192.0
2026-05-20T22:00,19.9,11.7,9.4,7.1,45.0,186.0
2026-05-20T23:00,19.8,11.6,9.2,7.2,45.0,178.0
2026-05-21T00:00,19.7,11.3,8.4,6.8,45.0,165.0
2026-05-21T01:00,20.1,11.2,7.4,6.1,46.0,150.0
2026-05-21T02:00,20.5,11.4,6.8,5.6,46.0,142.0
2026-05-21T03:00,24.0,13.0,7.0,5.6,45.0,143.0
2026-05-21T04:00,22.2,12.4,7.7,5.8,43.0,150.0
2026-05-21T05:00,24.1,12.7,7.8,6.7,44.0,164.0
2026-05-21T06:00,24.2,13.1,9.2,7.7,43.0,191.0
2026-05-21T07:00,23.7,13.3,11.0,9.0,42.0,225.0
2026-05-21T08:00,23.3,14.1,11.7,9.8,47.0,243.0
2026-05-21T09:00,24.6,15.7,10.2,9.6,65.0,230.0
2026-05-21T10:00,25.4,16.9,7.6,8.9,90.0,201.0
2026-05-21T11:00,26.1,17.5,5.6,8.1,107.0,178.0
2026-05-21T12:00,25.3,17.3,4.7,7.2,111.0,167.0
2026-05-21T13:00,24.0,16.2,4.4,6.2,108.0,162.0
2026-05-21T14:00,22.2,14.9,4.7,5.5,101.0,162.0
2026-05-21T15:00,21.0,13.8,5.7,5.2,89.0,170.0
2026-05-21T16:00,20.2,13.2,7.2,5.3,74.0,185.0
2026-05-21T17:00,23.5,15.7,9.6,6.3,76.0,200.0
2026-05-21T18:00,20.9,13.9,10.3,6.4,65.0,218.0
2026-05-21T19:00,19.7,13.0,11.1,6.6,50.0,238.0
2026-05-21T20:00,19.9,12.9,11.6,6.7,39.0,248.0
2026-05-21T21:00,21.0,13.2,11.2,6.7,37.0,243.0
2026-05-21T22:00,22.1,13.7,10.4,6.7,40.0,230.0
2026-05-21T23:00,22.8,14.1,9.9,6.9,42.0,215.0
2026-05-22T00:00,23.1,14.1,9.9,7.3,42.0,199.0
2026-05-22T01:00,23.2,14.1,10.1,7.8,42.0,182.0
2026-05-22T02:00,22.9,14.1,10.5,8.5,42.0,171.0
2026-05-22T03:00,22.4,13.9,11.0,9.6,41.0,167.0
2026-05-22T04:00,21.8,13.6,11.7,10.9,41.0,169.0
2026-05-22T05:00,21.1,13.1,11.3,10.9,42.0,180.0
2026-05-22T06:00,21.5,13.9,12.7,12.6,41.0,210.0
2026-05-22T07:00,22.4,14.7,14.5,14.9,40.0,250.0
2026-05-22T08:00,23.6,15.8,15.6,16.6,45.0,271.0
2026-05-22T09:00,25.5,17.3,15.4,17.3,62.0,257.0
2026-05-22T10:00,28.2,19.6,14.3,17.4,85.0,225.0
2026-05-22T11:00,35.7,26.0,12.9,16.7,106.0,199.0
2026-05-22T12:00,41.3,30.6,10.6,14.6,124.0,186.0
2026-05-22T13:00,40.3,29.5,8.0,11.8,140.0,178.0
2026-05-22T14:00,36.6,26.1,6.6,9.5,144.0,178.0
2026-05-22T15:00,31.7,22.3,7.7,8.3,129.0,192.0
2026-05-22T16:00,29.2,20.5,10.2,7.8,103.0,214.0
2026-05-22T17:00,24.6,17.4,10.2,9.2,91.0,229.0
2026-05-22T18:00,21.6,15.5,11.0,9.4,81.0,230.0
2026-05-22T19:00,19.1,13.6,12.1,9.6,67.0,224.0
2026-05-22T20:00,17.9,12.9,12.8,9.9,56.0,221.0
2026-05-22T21:00,16.4,11.8,12.9,10.4,52.0,227.0
2026-05-22T22:00,15.3,11.2,12.7,11.0,51.0,236.0
2026-05-22T23:00,14.0,10.3,12.4,11.4,50.0,243.0
2026-05-23T00:00,12.7,9.3,11.9,11.4,49.0,245.0
2026-05-23T01:00,11.8,8.6,11.2,11.2,49.0,245.0
2026-05-23T02:00,11.5,8.4,10.9,11.1,49.0,240.0
2026-05-23T03:00,11.4,8.3,11.1,11.4,48.0,223.0
2026-05-23T04:00,11.5,8.4,11.7,11.9,47.0,203.0
2026-05-23T05:00,12.3,9.1,13.0,12.8,46.0,200.0
2026-05-23T06:00,12.9,9.8,13.1,13.5,46.0,238.0
2026-05-23T07:00,13.1,9.9,13.1,14.3,48.0,293.0
2026-05-23T08:00,13.3,10.1,12.5,14.4,55.0,321.0
2026-05-23T09:00,15.2,11.9,10.5,13.2,74.0,292.0
2026-05-23T10:00,17.2,13.4,7.8,11.2,100.0,235.0
2026-05-23T11:00,18.7,14.6,5.8,9.3,117.0,193.0
2026-05-23T12:00,18.2,14.2,4.8,7.5,120.0,182.0
2026-05-23T13:00,17.1,13.7,4.5,5.8,114.0,186.0
2026-05-23T14:00,13.8,10.6,4.7,4.6,106.0,194.0
2026-05-23T15:00,13.3,10.2,5.7,4.3,96.0,203.0
2026-05-23T16:00,12.7,9.8,7.3,4.6,82.0,217.0
2026-05-23T17:00,13.9,10.5,8.6,4.5,79.0,234.0
2026-05-23T18:00,12.7,9.5,9.1,4.8,71.0,259.0
2026-05-23T19:00,11.8,8.8,9.9,5.3,59.0,287.0
2026-05-23T20:00,11.8,8.7,10.3,5.7,51.0,305.0
2026-05-23T21:00,12.0,8.8,10.2,6.2,49.0,307.0
2026-05-23T22:00,12.2,8.9,9.8,6.6,50.0,298.0
2026-05-23T23:00,12.0,8.6,9.2,6.8,52.0,281.0
2026-05-24T00:00,11.3,7.8,8.1,6.4,53.0,251.0
2026-05-24T01:00,11.3,7.7,6.8,5.7,54.0,212.0
2026-05-24T02:00,11.4,7.7,5.7,5.1,55.0,181.0
2026-05-24T03:00,11.7,7.8,5.1,4.6,55.0,161.0
2026-05-24T04:00,12.0,8.0,4.8,4.2,54.0,148.0
2026-05-24T05:00,12.1,8.2,4.8,4.3,54.0,144.0
2026-05-24T06:00,12.6,8.6,5.4,5.0,54.0,155.0
2026-05-24T07:00,13.2,9.2,6.2,6.1,55.0,176.0
2026-05-24T08:00,13.8,9.9,6.5,6.9,59.0,189.0
2026-05-24T09:00,14.2,10.3,6.0,7.4,70.0,187.0
2026-05-24T10:00,15.3,11.5,5.0,7.7,85.0,178.0
2026-05-24T11:00,15.6,11.9,4.3,7.7,95.0,169.0
2026-05-24T12:00,16.4,13.2,4.0,7.2,98.0,161.0
2026-05-24T13:00,14.5,10.8,3.9,6.3,97.0,153.0
2026-05-24T14:00,13.5,10.4,3.9,5.5,92.0,151.0
2026-05-24T15:00,12.7,9.7,4.1,4.8,82.0,157.0
2026-05-24T16:00,11.8,8.8,4.5,4.2,68.0,168.0
2026-05-24T17:00,12.9,9.1,4.5,4.1,63.0,180.0
2026-05-24T18:00,13.4,9.5,5.5,4.6,58.0,191.0
2026-05-24T19:00,13.7,9.8,6.8,5.2,51.0,202.0
2026-05-24T20:00,14.3,10.2,7.9,5.7,46.0,215.0
2026-05-24T21:00,14.9,10.6,8.4,5.9,44.0,234.0
2026-05-24T22:00,16.0,11.4,8.6,6.0,42.0,255.0
2026-05-24T23:00,17.3,12.4,8.5,5.9,42.0,264.0
2026-05-25T00:00,18.1,12.7,7.8,5.5,42.0,251.0
2026-05-25T01:00,18.8,13.0,6.8,5.0,43.0,226.0
2026-05-25T02:00,19.3,13.2,6.2,4.7,43.0,209.0
2026-05-25T03:00,20.1,13.8,6.4,4.8,42.0,209.0
2026-05-25T04:00,20.9,14.3,6.9,5.1,42.0,218.0
2026-05-25T05:00,18.6,12.9,8.0,7.8,41.0,229.0
2026-05-25T06:00,19.3,13.6,8.7,8.7,42.0,248.0
2026-05-25T07:00,20.2,14.4,9.6,9.9,44.0,270.0
2026-05-25T08:00,20.9,14.9,9.7,10.4,50.0,275.0
2026-05-25T09:00,22.9,16.6,8.3,9.4,66.0,249.0
2026-05-25T10:00,23.9,17.6,6.2,7.6,87.0,206.0
2026-05-25T11:00,22.4,16.4,4.6,6.1,99.0,174.0
2026-05-25T12:00,19.6,14.0,3.9,5.2,96.0,163.0
2026-05-25T13:00,19.0,13.8,3.7,4.6,84.0,163.0
2026-05-25T14:00,17.8,12.5,3.8,4.1,73.0,167.0
2026-05-25T15:00,16.9,11.8,4.3,3.8,66.0,174.0
2026-05-25T16:00,17.2,11.8,5.2,3.7,60.0,185.0
2026-05-25T17:00,16.6,11.7,6.4,4.6,60.0,200.0
2026-05-25T18:00,15.5,11.0,6.8,4.7,56.0,219.0
2026-05-25T19:00,14.8,10.5,7.3,4.8,50.0,242.0
2026-05-25T20:00,14.3,10.1,7.6,4.8,46.0,270.0
2026-05-25T21:00,13.6,9.7,7.4,4.7,45.0,311.0
2026-05-25T22:00,13.3,9.5,7.0,4.4,45.0,356.0
2026-05-25T23:00,13.0,9.2,6.6,4.2,45.0,378.0
2026-05-26T00:00,12.4,8.7,6.0,3.9,44.0,355.0
2026-05-26T01:00,12.0,8.3,5.4,3.6,44.0,308.0
2026-05-26T02:00,12.0,8.3,5.2,3.6,43.0,275.0
2026-05-26T03:00,12.4,8.6,5.6,3.9,42.0,273.0
2026-05-26T04:00,12.7,8.9,6.4,4.5,40.0,286.0
2026-05-26T05:00,12.2,8.3,5.5,4.2,42.0,298.0
2026-05-26T06:00,12.7,8.8,6.3,5.2,44.0,311.0
2026-05-26T07:00,13.7,9.6,7.4,6.5,46.0,324.0
2026-05-26T08:00,14.5,10.3,7.8,7.4,53.0,320.0
2026-05-26T09:00,15.9,11.5,7.0,7.3,68.0,284.0
2026-05-26T10:00,17.6,12.7,5.5,6.7,87.0,230.0
2026-05-26T11:00,17.5,12.8,4.4,6.1,99.0,190.0
2026-05-26T12:00,15.7,11.3,4.0,5.6,101.0,176.0
2026-05-26T13:00,15.4,11.2,4.0,5.2,96.0,175.0
2026-05-26T14:00,15.1,11.1,4.2,4.8,89.0,178.0
2026-05-26T15:00,15.0,10.9,4.7,4.5,80.0,183.0
2026-05-26T16:00,14.6,10.5,5.5,4.4,68.0,192.0
2026-05-26T17:00,13.9,10.4,7.7,5.0,63.0,202.0
2026-05-26T18:00,12.8,9.3,7.9,4.9,57.0,214.0
2026-05-26T19:00,11.6,8.4,8.1,4.8,50.0,228.0
2026-05-26T20:00,10.9,7.7,8.1,4.7,44.0,238.0
2026-05-26T21:00,10.4,7.3,7.7,4.6,43.0,246.0
2026-05-26T22:00,10.3,7.2,7.1,4.6,44.0,250.0
2026-05-26T23:00,10.1,7.1,6.5,4.5,45.0,246.0
2026-05-27T00:00,9.7,6.7,5.9,4.3,45.0,225.0
2026-05-27T01:00,9.3,6.3,5.4,4.1,45.0,196.0
2026-05-27T02:00,9.1,6.2,5.1,4.0,45.0,172.0
2026-05-27T03:00,9.2,6.2,5.1,4.0,44.0,157.0
2026-05-27T04:00,9.3,6.3,5.4,4.1,43.0,148.0
2026-05-27T05:00,9.4,6.3,4.8,3.4,43.0,151.0
2026-05-27T06:00,9.5,6.4,5.6,4.1,44.0,180.0
2026-05-27T07:00,10.2,7.1,6.8,5.1,46.0,221.0
2026-05-27T08:00,12.0,8.4,7.3,5.9,52.0,245.0
2026-05-27T09:00,13.9,9.8,6.6,6.3,67.0,234.0
2026-05-27T10:00,15.3,10.7,5.4,6.6,85.0,205.0
2026-05-27T11:00,17.8,12.7,4.4,6.5,97.0,181.0
2026-05-27T12:00,18.7,13.0,3.9,5.9,97.0,171.0
2026-05-27T13:00,18.3,12.2,3.7,4.9,90.0,166.0
2026-05-27T14:00,18.4,11.5,3.9,4.2,82.0,166.0
2026-05-27T15:00,19.0,11.3,4.6,4.0,74.0,173.0
2026-05-27T16:00,20.0,11.2,5.6,4.0,65.0,183.0
2026-05-27T17:00,12.3,8.9,7.6,5.6,65.0,191.0
2026-05-27T18:00,11.8,8.1,7.8,5.5,59.0,191.0
2026-05-27T19:00,11.5,7.8,8.1,5.3,52.0,188.0
2026-05-27T20:00,10.9,7.1,8.3,5.1,46.0,185.0
2026-05-27T21:00,10.9,7.2,8.3,5.0,45.0,183.0
2026-05-27T22:00,11.2,7.6,8.2,4.8,45.0,182.0
2026-05-27T23:00,11.6,7.9,8.1,4.7,46.0,177.0
2026-05-28T00:00,12.5,8.2,7.8,4.5,46.0,167.0
2026-05-28T01:00,13.9,8.8,7.4,4.2,45.0,153.0
2026-05-28T02:00,16.4,9.7,7.3,4.2,45.0,145.0
2026-05-28T03:00,19.6,10.9,7.9,4.5,44.0,144.0
2026-05-28T04:00,23.4,12.2,8.9,5.0,44.0,148.0
2026-05-28T05:00,25.2,11.9,8.1,5.9,44.0,156.0
2026-05-28T06:00,27.8,13.1,8.2,6.7,46.0,174.0
2026-05-28T07:00,30.6,14.1,8.2,7.8,49.0,196.0
2026-05-28T08:00,34.1,15.0,7.9,8.4,55.0,208.0
2026-05-28T09:00,36.7,15.7,6.9,8.2,69.0,202.0
2026-05-28T10:00,39.1,17.1,5.5,7.6,85.0,186.0
2026-05-28T11:00,41.0,18.5,4.4,6.9,97.0,172.0
2026-05-28T12:00,42.1,19.3,4.0,6.1,99.0,164.0
2026-05-28T13:00,42.6,18.8,3.9,5.2,96.0,159.0
2026-05-28T14:00,43.5,18.7,4.1,4.6,90.0,158.0
2026-05-28T15:00,45.2,18.7,4.7,4.3,81.0,165.0
2026-05-28T16:00,46.6,18.8,5.7,4.2,69.0,177.0
2026-05-28T17:00,42.3,17.3,6.9,4.5,63.0,186.0
2026-05-28T18:00,44.0,17.6,7.5,4.8,59.0,190.0
2026-05-28T19:00,45.1,17.9,8.2,5.3,52.0,192.0
2026-05-28T20:00,44.8,17.5,8.6,5.6,48.0,190.0
2026-05-28T21:00,43.4,17.1,8.3,5.8,47.0,182.0
2026-05-28T22:00,41.8,17.1,7.7,5.8,48.0,171.0
2026-05-28T23:00,39.9,16.7,7.0,5.7,49.0,159.0
2026-05-29T00:00,37.5,16.3,6.2,5.3,49.0,147.0
2026-05-29T01:00,38.9,17.3,5.3,4.7,50.0,135.0
2026-05-29T02:00,36.1,16.8,4.6,4.3,50.0,127.0
2026-05-29T03:00,36.6,17.3,4.3,4.0,50.0,124.0
2026-05-29T04:00,36.0,17.3,4.2,3.9,50.0,125.0
2026-05-29T05:00,27.2,14.4,3.5,3.1,50.0,132.0
2026-05-29T06:00,27.1,14.5,4.4,3.8,51.0,149.0
2026-05-29T07:00,28.3,15.5,5.5,4.8,52.0,172.0
2026-05-29T08:00,29.7,16.7,6.1,5.5,56.0,185.0
2026-05-29T09:00,30.7,17.6,5.6,5.7,65.0,180.0
2026-05-29T10:00,33.2,19.2,4.5,5.6,77.0,165.0
2026-05-29T11:00,34.0,19.3,3.8,5.5,86.0,154.0
2026-05-29T12:00,35.3,19.6,3.6,5.4,90.0,151.0
2026-05-29T13:00,36.9,19.9,3.8,5.3,91.0,151.0
2026-05-29T14:00,38.6,20.4,4.2,5.3,89.0,154.0
2026-05-29T15:00,40.2,21.0,5.1,5.4,83.0,163.0
2026-05-29T16:00,40.5,20.8,6.3,5.6,75.0,176.0
2026-05-29T17:00,50.4,26.2,7.7,6.9,68.0,184.0
2026-05-29T18:00,49.4,25.4,7.6,6.6,63.0,185.0
2026-05-29T19:00,48.1,24.4,7.5,6.2,55.0,182.0
2026-05-29T20:00,47.5,23.7,7.2,5.7,50.0,177.0
2026-05-29T21:00,46.1,23.2,6.6,5.2,49.0,171.0
2026-05-29T22:00,43.2,22.4,5.8,4.8,51.0,164.0
2026-05-29T23:00,39.8,21.3,5.1,4.3,52.0,155.0
2026-05-30T00:00,36.7,20.3,4.4,3.9,52.0,144.0
2026-05-30T01:00,33.5,19.2,3.8,3.5,52.0,132.0
2026-05-30T02:00,30.5,17.9,3.4,3.2,52.0,124.0
2026-05-30T03:00,28.3,16.9,3.2,3.1,51.0,120.0
2026-05-30T04:00,26.8,16.3,3.2,3.1,51.0,119.0
2026-05-30T05:00,21.9,13.7,3.3,3.1,51.0,125.0
2026-05-30T06:00,22.0,13.7,4.2,3.5,51.0,143.0
2026-05-30T07:00,23.4,14.7,5.3,4.2,52.0,167.0
2026-05-30T08:00,24.6,15.6,5.9,4.6,55.0,182.0
2026-05-30T09:00,25.7,16.5,5.3,4.7,63.0,177.0
2026-05-30T10:00,26.3,16.9,4.0,4.6,74.0,163.0
2026-05-30T11:00,26.6,17.2,3.5,4.6,83.0,153.0
2026-05-30T12:00,27.0,17.5,4.4,4.9,89.0,152.0
2026-05-30T13:00,27.8,19.0,6.0,5.4,93.0,154.0
2026-05-30T14:00,26.3,18.2,7.0,5.6,92.0,158.0
2026-05-30T15:00,24.3,15.8,6.8,5.3,84.0,164.0
2026-05-30T16:00,23.0,14.9,6.0,4.8,72.0,171.0
2026-05-30T17:00,29.0,19.0,7.4,6.3,68.0,176.0
2026-05-30T18:00,26.8,17.2,7.1,5.9,63.0,177.0
2026-05-30T19:00,25.0,15.4,6.8,5.3,55.0,175.0
2026-05-30T20:00,24.4,14.8,6.3,4.8,50.0,172.0
2026-05-30T21:00,24.6,14.7,5.7,4.3,49.0,167.0
2026-05-30T22:00,25.4,15.1,5.1,3.9,50.0,160.0
2026-05-30T23:00,26.6,15.5,4.4,3.5,51.0,153.0
2026-05-31T00:00,31.4,17.9,3.6,3.0,52.0,145.0
2026-05-31T01:00,29.6,16.9,2.9,2.6,53.0,137.0
2026-05-31T02:00,30.4,17.2,2.5,2.3,53.0,134.0
2026-05-31T03:00,29.5,16.7,2.7,2.2,53.0,137.0
2026-05-31T04:00,29.7,16.9,3.3,2.3,52.0,145.0
2026-05-31T05:00,28.1,16.8,4.7,3.4,48.0,158.0
2026-05-31T06:00,28.9,16.9,5.6,4.9,50.0,182.0
2026-05-31T07:00,29.2,17.5,6.8,7.0,52.0,212.0
2026-05-31T08:00,30.3,18.6,7.3,8.4,58.0,228.0
2026-05-31T09:00,32.2,20.5,6.4,8.6,71.0,219.0
2026-05-31T10:00,32.6,21.0,4.8,8.1,86.0,197.0
2026-05-31T11:00,32.1,20.5,3.6,7.5,97.0,177.0
2026-05-31T12:00,31.3,19.8,3.2,6.9,99.0,165.0
2026-05-31T13:00,30.6,19.5,3.1,6.3,95.0,156.0
2026-05-31T14:00,29.5,18.7,3.3,5.7,90.0,151.0
2026-05-31T15:00,28.3,17.9,3.8,5.3,83.0,152.0
2026-05-31T16:00,27.2,17.1,4.6,4.9,73.0,158.0
2026-05-31T17:00,20.7,13.5,5.8,5.5,74.0,163.0
2026-05-31T18:00,19.4,12.3,5.6,5.0,67.0,166.0
2026-05-31T19:00,18.7,11.6,5.3,4.2,57.0,168.0
2026-05-31T20:00,18.7,11.1,5.2,3.7,50.0,176.0
2026-05-31T21:00,19.4,11.4,5.4,3.6,47.0,196.0
2026-05-31T22:00,20.1,11.8,5.8,3.6,47.0,220.0
2026-05-31T23:00,20.8,12.5,6.2,3.7,46.0,233.0
2026-06-01T00:00,21.1,12.7,6.5,3.7,45.0,223.0
2026-06-01T01:00,20.6,12.5,6.7,3.7,44.0,201.0
2026-06-01T02:00,19.7,12.0,7.1,3.9,43.0,183.0
2026-06-01T03:00,19.1,11.7,7.6,4.4,41.0,171.0
2026-06-01T04:00,18.6,11.6,8.3,5.0,40.0,162.0
2026-06-01T05:00,17.4,10.9,9.2,7.0,40.0,163.0
2026-06-01T06:00,17.5,11.1,9.8,9.0,40.0,185.0
2026-06-01T07:00,17.6,11.2,10.6,11.7,41.0,217.0
2026-06-01T08:00,17.9,11.5,10.7,13.1,48.0,234.0
2026-06-01T09:00,19.4,12.6,9.2,12.1,65.0,219.0
2026-06-01T10:00,21.5,13.9,7.0,9.9,88.0,187.0
2026-06-01T11:00,23.3,14.9,5.4,8.1,104.0,164.0
2026-06-01T12:00,22.9,13.7,4.9,7.3,108.0,158.0
2026-06-01T13:00,23.3,13.7,4.9,6.9,106.0,160.0
2026-06-01T14:00,24.9,14.6,5.2,6.5,100.0,163.0
2026-06-01T15:00,25.7,14.1,5.7,5.9,90.0,166.0
2026-06-01T16:00,25.6,13.2,6.3,5.2,77.0,171.0
2026-06-01T17:00,37.1,16.6,7.8,6.8,69.0,175.0
2026-06-01T18:00,38.3,15.7,7.6,6.2,63.0,177.0
2026-06-01T19:00,39.8,15.7,7.4,5.4,54.0,179.0
2026-06-01T20:00,41.2,16.1,7.2,4.8,48.0,179.0
2026-06-01T21:00,41.9,16.2,7.0,4.6,47.0,178.0
2026-06-01T22:00,42.3,16.6,6.7,4.7,48.0,175.0
2026-06-01T23:00,41.6,16.4,6.6,4.7,48.0,172.0
2026-06-02T00:00,40.5,16.0,6.6,4.5,47.0,165.0
2026-06-02T01:00,40.3,16.1,6.7,4.4,45.0,156.0
2026-06-02T02:00,39.6,16.4,6.9,4.4,44.0,156.0
2026-06-02T03:00,40.3,16.9,7.2,4.6,43.0,164.0
2026-06-02T04:00,41.9,17.6,7.7,5.1,42.0,181.0
2026-06-02T05:00,45.9,22.2,21.9,22.6,30.0,212.0
2026-06-02T06:00,46.0,22.2,22.0,26.3,30.0,280.0
2026-06-02T07:00,47.3,23.5,22.0,31.1,31.0,364.0
2026-06-02T08:00,49.1,25.3,21.0,33.6,38.0,405.0
2026-06-02T09:00,51.1,26.5,18.2,31.8,58.0,364.0
2026-06-02T10:00,54.7,28.9,14.5,27.5,84.0,280.0
2026-06-02T11:00,56.8,31.2,11.1,22.9,104.0,212.0
2026-06-02T12:00,55.2,30.7,8.4,18.0,112.0,181.0
2026-06-02T13:00,48.5,26.1,6.1,12.6,113.0,165.0
2026-06-02T14:00,41.9,22.4,4.9,8.5,109.0,158.0
2026-06-02T15:00,37.1,19.4,5.3,6.5,96.0,161.0
2026-06-02T16:00,32.0,16.9,6.7,5.8,77.0,174.0
2026-06-02T17:00,60.1,26.3,7.7,5.3,59.0,189.0
2026-06-02T18:00,59.8,26.5,8.2,5.5,54.0,206.0
2026-06-02T19:00,59.1,26.4,8.9,5.7,48.0,226.0
2026-06-02T20:00,59.4,26.4,9.4,6.0,43.0,239.0
2026-06-02T21:00,60.1,26.1,9.6,6.3,42.0,243.0
2026-06-02T22:00,61.9,26.6,9.6,6.6,42.0,240.0
2026-06-02T23:00,62.6,26.4,9.5,6.7,42.0,230.0
2026-06-03T00:00,64.7,26.1,9.1,6.4,42.0,206.0
2026-06-03T01:00,64.7,25.9,8.6,6.0,42.0,174.0
2026-06-03T02:00,64.7,25.6,8.4,6.0,42.0,153.0
2026-06-03T03:00,64.0,25.4,9.0,6.6,40.0,144.0
2026-06-03T04:00,63.3,25.4,10.0,7.7,39.0,145.0
2026-06-03T05:00,56.8,22.9,11.7,10.2,39.0,168.0
2026-06-03T06:00,55.3,22.2,11.6,11.2,40.0,235.0
2026-06-03T07:00,53.6,21.5,11.5,12.6,42.0,325.0
2026-06-03T08:00,52.3,22.1,11.1,14.0,49.0,379.0
2026-06-03T09:00,52.6,23.9,10.2,15.6,68.0,368.0
2026-06-03T10:00,54.8,26.7,9.0,17.1,92.0,321.0
2026-06-03T11:00,57.0,29.6,7.9,17.5,109.0,276.0
2026-06-03T12:00,56.2,30.0,6.8,15.8,114.0,240.0
2026-06-03T13:00,51.1,27.2,5.7,12.8,111.0,205.0
2026-06-03T14:00,42.6,22.2,5.1,10.2,104.0,181.0
2026-06-03T15:00,34.7,17.6,5.1,8.4,91.0,177.0
2026-06-03T16:00,28.5,14.3,5.5,6.9,73.0,184.0
2026-06-03T17:00,42.7,19.3,7.5,7.3,62.0,191.0
2026-06-03T18:00,40.2,17.5,7.8,7.2,57.0,193.0
2026-06-03T19:00,39.2,16.6,8.2,7.2,49.0,195.0
2026-06-03T20:00,40.2,16.6,8.5,7.2,44.0,199.0
2026-06-03T21:00,41.2,16.8,8.6,7.4,43.0,209.0
2026-06-03T22:00,42.0,17.2,8.6,7.8,43.0,220.0
2026-06-03T23:00,42.8,17.5,8.7,8.2,44.0,225.0
2026-06-04T00:00,43.1,17.6,8.8,8.5,44.0,216.0
2026-06-04T01:00,43.4,17.8,8.9,8.9,44.0,199.0
2026-06-04T02:00,43.7,18.0,9.1,9.3,44.0,186.0
2026-06-04T03:00,43.1,17.9,9.6,9.9,43.0,179.0
2026-06-04T04:00,42.6,17.8,10.1,10.6,42.0,174.0
2026-06-04T05:00,39.5,17.1,10.2,10.4,42.0,176.0
2026-06-04T06:00,39.0,17.2,10.9,12.6,41.0,189.0
2026-06-04T07:00,39.6,17.8,11.8,15.5,40.0,208.0
2026-06-04T08:00,40.0,18.6,11.8,17.2,45.0,219.0
2026-06-04T09:00,40.6,19.3,10.2,16.6,61.0,216.0
2026-06-04T10:00,41.9,21.0,7.8,14.7,82.0,205.0
2026-06-04T11:00,42.0,21.8,5.9,12.8,97.0,193.0
2026-06-04T12:00,39.2,21.0,4.9,11.1,101.0,180.0
2026-06-04T13:00,33.9,18.4,4.4,9.3,98.0,165.0
2026-06-04T14:00,28.7,15.5,4.3,7.9,93.0,157.0
2026-06-04T15:00,24.9,13.3,4.9,6.9,84.0,160.0
2026-06-04T16:00,24.3,12.4,6.0,6.2,72.0,170.0
2026-06-04T17:00,32.5,15.9,7.2,6.4,65.0,179.0
2026-06-04T18:00,31.5,14.8,8.0,6.6,59.0,185.0
2026-06-04T19:00,31.8,14.6,9.0,6.9,50.0,190.0
2026-06-04T20:00,33.6,15.1,9.8,7.3,44.0,191.0
2026-06-04T21:00,36.0,15.9,10.0,7.7,42.0,184.0
2026-06-04T22:00,38.1,16.4,10.0,8.2,42.0,173.0
2026-06-04T23:00,39.6,17.3,9.8,8.5,43.0,166.0
2026-06-05T00:00,41.3,17.6,9.5,8.5,43.0,166.0
2026-06-05T01:00,42.4,18.1,9.1,8.4,44.0,170.0
2026-06-05T02:00,44.2,18.8,8.9,8.5,44.0,173.0
2026-06-05T03:00,45.5,19.5,9.2,8.9,43.0,170.0
2026-06-05T04:00,46.2,20.1,9.7,9.5,42.0,165.0
2026-06-05T05:00,47.4,20.3,8.1,8.1,46.0,171.0
2026-06-05T06:00,46.9,20.5,9.4,9.9,45.0,200.0
2026-06-05T07:00,47.7,21.8,11.2,12.4,45.0,239.0
2026-06-05T08:00,49.0,23.2,11.9,14.1,51.0,263.0
2026-06-05T09:00,53.0,25.8,10.6,14.6,71.0,260.0
2026-06-05T10:00,55.3,28.1,8.3,14.3,98.0,241.0
2026-06-05T11:00,58.2,30.7,6.4,13.6,117.0,221.0
2026-06-05T12:00,58.7,33.1,5.5,12.3,123.0,200.0
2026-06-05T13:00,57.9,31.2,5.1,10.5,121.0,177.0
2026-06-05T14:00,54.1,27.9,5.1,8.9,114.0,162.0
2026-06-05T15:00,49.5,24.6,5.6,7.5,100.0,162.0
2026-06-05T16:00,45.2,21.8,6.4,6.2,82.0,170.0
2026-06-05T17:00,53.2,24.6,7.6,6.2,67.0,177.0
2026-06-05T18:00,50.5,22.8,7.4,5.8,61.0,180.0
2026-06-05T19:00,48.4,21.6,7.2,5.3,54.0,183.0
2026-06-05T20:00,47.5,21.4,7.0,5.0,48.0,183.0
2026-06-05T21:00,46.8,21.4,6.9,5.0,47.0,180.0
2026-06-05T22:00,46.7,21.5,6.8,5.2,48.0,175.0
2026-06-05T23:00,47.8,21.9,6.6,5.2,49.0,170.0
2026-06-06T00:00,48.4,21.9,6.2,4.9,49.0,167.0
2026-06-06T01:00,48.0,21.6,5.8,4.5,49.0,164.0
2026-06-06T02:00,48.0,21.4,5.6,4.4,49.0,162.0
2026-06-06T03:00,47.8,21.2,5.8,4.6,48.0,156.0
2026-06-06T04:00,47.6,21.2,6.3,5.0,46.0,150.0
2026-06-06T05:00,48.8,20.5,5.6,4.7,48.0,156.0
2026-06-06T06:00,49.6,21.2,7.9,8.1,46.0,188.0
2026-06-06T07:00,49.2,22.3,11.0,12.7,45.0,231.0
2026-06-06T08:00,48.2,23.2,12.7,15.9,51.0,258.0
2026-06-06T09:00,50.1,25.0,11.5,16.6,72.0,254.0
2026-06-06T10:00,54.1,28.5,8.8,15.8,100.0,233.0
2026-06-06T11:00,59.0,31.8,6.6,14.5,120.0,211.0
2026-06-06T12:00,61.0,32.8,5.5,12.5,124.0,190.0
2026-06-06T13:00,59.6,31.1,4.9,10.0,120.0,169.0
2026-06-06T14:00,56.9,28.7,4.8,7.9,112.0,156.0
2026-06-06T15:00,53.1,25.7,5.3,6.7,99.0,158.0
2026-06-06T16:00,49.6,23.3,6.2,5.9,82.0,168.0
2026-06-06T17:00,47.1,21.2,6.9,4.9,70.0,176.0
2026-06-06T18:00,44.6,18.9,7.0,4.8,64.0,178.0
2026-06-06T19:00,44.5,18.6,7.1,4.7,57.0,178.0
2026-06-06T20:00,44.8,18.9,7.2,4.6,51.0,177.0
2026-06-06T21:00,46.2,19.4,7.1,4.6,49.0,174.0
2026-06-06T22:00,48.7,20.3,6.9,4.6,50.0,171.0
2026-06-06T23:00,50.8,20.9,6.7,4.6,50.0,166.0
2026-06-07T00:00,52.7,21.5,6.6,4.7,49.0,159.0
2026-06-07T01:00,54.8,22.0,6.6,4.8,49.0,152.0
2026-06-07T02:00,56.9,22.5,6.7,5.1,48.0,148.0
2026-06-07T03:00,59.0,23.0,7.1,5.5,47.0,150.0
2026-06-07T04:00,61.2,23.5,7.7,6.1,45.0,155.0
2026-06-07T05:00,51.2,19.6,7.8,7.4,46.0,163.0
2026-06-07T06:00,50.8,19.6,8.1,8.6,47.0,177.0
2026-06-07T07:00,53.4,20.2,8.4,10.3,49.0,192.0
2026-06-07T08:00,58.8,21.9,8.3,11.3,55.0,199.0
2026-06-07T09:00,65.7,24.3,7.2,11.1,71.0,188.0
2026-06-07T10:00,71.9,27.5,5.6,10.1,92.0,167.0
2026-06-07T11:00,77.1,29.1,4.3,9.1,106.0,151.0
2026-06-07T12:00,78.7,28.3,3.7,8.1,109.0,143.0
2026-06-07T13:00,76.6,27.2,3.4,6.9,105.0,140.0
2026-06-07T14:00,74.7,26.0,3.4,6.0,99.0,139.0
2026-06-07T15:00,71.0,24.3,3.9,5.4,91.0,143.0
2026-06-07T16:00,65.0,22.1,4.6,5.1,80.0,149.0
2026-06-07T17:00,105.7,32.7,5.5,5.0,73.0,156.0
2026-06-07T18:00,100.8,30.4,5.4,4.7,67.0,162.0
2026-06-07T19:00,91.3,27.9,5.4,4.4,60.0,168.0
2026-06-07T20:00,88.7,27.6,5.3,4.1,54.0,171.0
2026-06-07T21:00,85.4,27.0,5.3,4.0,52.0,172.0
2026-06-07T22:00,87.5,27.5,5.2,3.9,52.0,171.0
2026-06-07T23:00,92.2,28.6,5.2,3.9,52.0,166.0
2026-06-08T00:00,94.8,29.2,5.0,3.7,51.0,155.0
2026-06-08T01:00,97.6,29.6,4.8,3.6,51.0,142.0
2026-06-08T02:00,97.6,29.6,4.9,3.7,50.0,132.0
2026-06-08T03:00,97.3,29.6,5.6,4.1,49.0,124.0
2026-06-08T04:00,95.0,29.3,6.6,4.8,47.0,120.0
2026-06-08T05:00,60.5,20.1,5.2,4.6,53.0,134.0
2026-06-08T06:00,57.3,19.5,6.0,5.7,54.0,187.0
2026-06-08T07:00,59.5,20.4,7.1,7.3,55.0,258.0
2026-06-08T08:00,61.7,21.6,7.6,8.4,60.0,295.0
2026-06-08T09:00,67.1,24.2,6.9,8.6,72.0,267.0
2026-06-08T10:00,73.8,26.7,5.6,8.4,88.0,205.0
2026-06-08T11:00,79.9,28.6,4.6,8.1,99.0,157.0
2026-06-08T12:00,83.6,29.6,4.2,7.7,103.0,142.0
2026-06-08T13:00,85.4,29.9,4.0,7.3,104.0,140.0
2026-06-08T14:00,84.1,29.3,4.1,6.8,100.0,142.0
2026-06-08T15:00,82.0,27.8,4.6,6.3,91.0,145.0
2026-06-08T16:00,77.8,25.3,5.4,5.7,78.0,152.0
2026-06-08T17:00,117.8,35.0,6.3,5.1,69.0,157.0
2026-06-08T18:00,129.9,38.1,6.7,5.2,65.0,159.0
2026-06-08T19:00,101.5,30.9,7.2,5.4,59.0,159.0
2026-06-08T20:00,97.1,29.9,7.4,5.5,54.0,158.0
2026-06-08T21:00,104.1,32.1,7.1,5.4,53.0,157.0
2026-06-08T22:00,92.7,29.3,6.6,5.3,53.0,155.0
2026-06-08T23:00,92.7,29.8,6.2,5.2,53.0,152.0
2026-06-09T00:00,82.7,27.3,6.0,5.2,52.0,146.0
2026-06-09T01:00,80.1,26.7,5.9,5.2,52.0,140.0
2026-06-09T02:00,72.2,24.2,5.9,5.4,51.0,136.0
2026-06-09T03:00,66.8,22.4,5.9,5.7,51.0,134.0
2026-06-09T04:00,61.7,20.9,6.0,6.1,50.0,135.0
2026-06-09T05:00,59.6,20.2,4.1,3.7,54.0,147.0
2026-06-09T06:00,61.2,21.0,5.0,4.5,55.0,183.0
2026-06-09T07:00,64.0,22.1,6.1,5.6,57.0,229.0
2026-06-09T08:00,68.5,23.7,6.7,6.3,62.0,252.0
2026-06-09T09:00,71.0,25.1,6.1,6.4,73.0,230.0
2026-06-09T10:00,72.9,26.4,5.0,6.2,87.0,186.0
2026-06-09T11:00,72.6,26.8,4.1,6.0,97.0,153.0
2026-06-09T12:00,71.2,26.8,3.8,6.0,101.0,145.0
2026-06-09T13:00,68.0,26.4,3.9,6.1,101.0,147.0
2026-06-09T14:00,67.1,26.3,4.2,6.0,98.0,153.0
2026-06-09T15:00,67.8,26.4,4.9,5.7,90.0,160.0
2026-06-09T16:00,69.6,26.4,5.9,5.3,78.0,170.0
2026-06-09T17:00,84.8,31.1,6.6,4.9,63.0,180.0
2026-06-09T18:00,82.4,31.1,6.4,4.6,59.0,187.0
2026-06-09T19:00,80.8,31.2,6.1,4.2,55.0,193.0
2026-06-09T20:00,83.1,31.2,5.9,3.9,51.0,208.0
2026-06-09T21:00,81.0,30.4,5.7,3.9,50.0,245.0
2026-06-09T22:00,79.6,29.9,5.6,3.9,50.0,291.0
2026-06-09T23:00,73.3,28.4,5.4,3.9,51.0,309.0
2026-06-10T00:00,69.4,27.2,5.0,3.7,51.0,273.0
2026-06-10T01:00,65.4,26.2,4.5,3.4,52.0,210.0
2026-06-10T02:00,62.6,25.3,4.1,3.2,52.0,166.0
2026-06-10T03:00,62.4,24.9,4.0,3.2,52.0,160.0
2026-06-10T04:00,58.2,23.5,4.0,3.4,52.0,174.0
2026-06-10T05:00,61.5,25.4,3.3,2.8,54.0,191.0
2026-06-10T06:00,58.6,24.1,4.2,3.4,54.0,215.0
2026-06-10T07:00,56.7,23.3,5.5,4.3,55.0,244.0
2026-06-10T08:00,55.1,22.5,6.1,4.9,58.0,254.0
2026-06-10T09:00,55.9,22.8,5.5,5.0,65.0,227.0
2026-06-10T10:00,56.3,23.1,4.3,4.8,74.0,182.0
2026-06-10T11:00,57.2,23.3,3.5,4.7,81.0,148.0
2026-06-10T12:00,57.0,23.5,3.4,4.8,84.0,139.0
2026-06-10T13:00,57.7,24.0,3.6,5.0,86.0,142.0
2026-06-10T14:00,57.5,24.3,4.0,5.1,84.0,148.0
2026-06-10T15:00,55.6,23.6,4.5,5.0,78.0,156.0
2026-06-10T16:00,53.8,22.8,5.1,4.7,69.0,168.0
2026-06-10T17:00,54.2,23.2,7.1,5.0,60.0,182.0
2026-06-10T18:00,51.0,21.9,7.2,4.9,57.0,201.0
2026-06-10T19:00,50.8,22.1,7.2,4.9,54.0,223.0
2026-06-10T20:00,53.6,23.3,7.1,4.7,51.0,232.0
2026-06-10T21:00,53.7,23.8,6.6,4.4,51.0,221.0
2026-06-10T22:00,52.9,23.6,5.8,4.0,52.0,198.0
2026-06-10T23:00,50.9,22.8,5.1,3.7,53.0,176.0
2026-06-11T00:00,48.2,21.8,4.5,3.4,53.0,157.0
2026-06-11T01:00,47.5,21.5,4.0,3.2,54.0,140.0
2026-06-11T02:00,47.8,21.4,3.7,3.1,54.0,131.0
2026-06-11T03:00,51.8,23.2,3.5,3.0,54.0,136.0
2026-06-11T04:00,55.9,24.6,3.5,3.0,54.0,150.0
2026-06-11T05:00,52.2,24.2,4.7,4.0,53.0,162.0
2026-06-11T06:00,52.6,24.6,5.1,4.4,54.0,171.0
2026-06-11T07:00,53.9,25.0,5.6,5.0,56.0,179.0
2026-06-11T08:00,54.2,24.7,5.8,5.5,60.0,181.0
2026-06-11T09:00,54.5,24.6,5.3,5.7,68.0,171.0
2026-06-11T10:00,54.6,25.3,4.3,5.7,79.0,156.0
2026-06-11T11:00,54.4,25.5,3.7,5.7,86.0,144.0
2026-06-11T12:00,52.0,24.9,3.5,5.7,88.0,140.0
2026-06-11T13:00,50.8,24.3,3.6,5.7,87.0,140.0
2026-06-11T14:00,50.1,23.9,3.9,5.6,84.0,143.0
2026-06-11T15:00,52.3,24.7,4.7,5.4,77.0,152.0
2026-06-11T16:00,53.6,24.8,5.8,5.1,68.0,163.0
2026-06-11T17:00,63.6,28.3,5.8,5.5,63.0,171.0
2026-06-11T18:00,64.0,28.2,6.3,5.7,60.0,171.0
2026-06-11T19:00,67.8,29.4,7.0,5.9,55.0,166.0
2026-06-11T20:00,73.1,30.7,7.3,6.0,52.0,162.0
2026-06-11T21:00,72.4,30.2,7.0,5.9,52.0,160.0
2026-06-11T22:00,72.9,29.9,6.3,5.6,53.0,157.0
2026-06-11T23:00,74.3,30.3,5.6,5.3,54.0,152.0
2026-06-12T00:00,73.1,29.6,5.0,4.9,55.0,141.0
2026-06-12T01:00,69.4,28.0,4.3,4.4,55.0,127.0
2026-06-12T02:00,68.0,27.4,3.9,4.1,56.0,117.0
2026-06-12T03:00,68.0,27.0,3.7,4.0,56.0,114.0
2026-06-12T04:00,65.4,26.5,3.8,4.0,56.0,116.0
2026-06-12T05:00,63.3,25.3,4.0,4.2,56.0,122.0
2026-06-12T06:00,62.6,25.0,4.4,4.6,57.0,135.0
2026-06-12T07:00,64.3,25.7,4.9,5.1,58.0,153.0
2026-06-12T08:00,65.4,26.3,5.0,5.5,61.0,163.0
2026-06-12T09:00,65.7,26.8,4.4,5.6,68.0,158.0
2026-06-12T10:00,66.1,27.5,3.5,5.7,78.0,146.0
2026-06-12T11:00,67.3,28.1,3.0,5.7,85.0,137.0
2026-06-12T12:00,69.4,28.6,3.1,5.8,88.0,136.0
2026-06-12T13:00,66.1,28.7,3.4,5.9,88.0,138.0
2026-06-12T14:00,64.7,29.1,4.1,6.0,85.0,142.0
2026-06-12T15:00,62.9,29.6,5.2,6.0,78.0,150.0
2026-06-12T16:00,59.3,28.2,6.5,6.0,69.0,160.0
2026-06-12T17:00,83.8,36.7,7.5,6.5,61.0,167.0
2026-06-12T18:00,76.6,34.0,7.4,6.2,58.0,170.0
2026-06-12T19:00,68.5,30.5,7.2,5.9,53.0,169.0
2026-06-12T20:00,68.2,29.6,6.9,5.5,50.0,167.0
2026-06-12T21:00,67.3,29.1,6.4,5.2,49.0,163.0
2026-06-12T22:00,66.6,29.0,5.9,4.9,50.0,157.0
2026-06-12T23:00,65.4,28.6,5.3,4.6,51.0,149.0
2026-06-13T00:00,60.5,26.7,4.7,4.2,51.0,139.0
2026-06-13T01:00,56.2,24.6,4.1,3.9,52.0,127.0
2026-06-13T02:00,50.2,22.4,3.7,3.6,52.0,119.0
2026-06-13T03:00,45.2,20.4,3.5,3.4,52.0,116.0
2026-06-13T04:00,42.7,19.3,3.4,3.4,52.0,117.0
2026-06-13T05:00,41.9,17.7,3.6,3.5,53.0,123.0
2026-06-13T06:00,44.5,19.0,4.0,3.8,54.0,140.0
2026-06-13T07:00,46.3,19.9,4.6,4.1,57.0,162.0
2026-06-13T08:00,47.8,21.0,4.8,4.4,61.0,174.0
2026-06-13T09:00,48.5,21.8,4.4,4.6,69.0,167.0
2026-06-13T10:00,48.0,22.1,3.7,4.8,78.0,150.0
2026-06-13T11:00,46.2,21.8,3.2,4.8,85.0,138.0
2026-06-13T12:00,45.4,21.8,3.1,4.7,86.0,135.0
2026-06-13T13:00,43.3,21.4,3.3,4.5,85.0,137.0
2026-06-13T14:00,41.2,21.0,3.6,4.3,81.0,141.0
2026-06-13T15:00,43.0,21.4,4.3,4.1,74.0,149.0
2026-06-13T16:00,40.0,20.1,5.2,3.8,65.0,160.0
2026-06-13T17:00,38.1,19.2,5.4,4.4,64.0,168.0
2026-06-13T18:00,38.0,18.5,5.5,4.2,60.0,170.0
2026-06-13T19:00,38.9,18.3,5.7,3.9,54.0,169.0
2026-06-13T20:00,42.4,19.4,5.7,3.6,50.0,168.0
2026-06-13T21:00,46.0,20.7,5.4,3.5,49.0,168.0
2026-06-13T22:00,48.9,21.9,4.9,3.4,49.0,169.0
2026-06-13T23:00,51.1,22.8,4.3,3.2,50.0,164.0
2026-06-14T00:00,52.6,23.3,3.6,2.9,51.0,150.0
2026-06-14T01:00,52.7,23.2,2.8,2.5,51.0,131.0
2026-06-14T02:00,51.9,22.4,2.2,2.2,52.0,119.0
2026-06-14T03:00,51.2,21.5,2.0,2.1,52.0,118.0
2026-06-14T04:00,50.5,20.8,2.0,2.1,52.0,123.0
2026-06-14T05:00,46.2,18.3,2.4,2.1,51.0,129.0
2026-06-14T06:00,46.8,18.8,2.6,2.5,52.0,138.0
2026-06-14T07:00,49.1,19.6,2.9,3.0,53.0,148.0
2026-06-14T08:00,51.2,20.2,3.1,3.5,56.0,152.0
2026-06-14T09:00,51.5,20.9,3.0,3.8,62.0,146.0
2026-06-14T10:00,51.9,21.5,2.8,4.0,70.0,134.0
2026-06-14T11:00,51.2,21.8,2.6,4.2,76.0,125.0
2026-06-14T12:00,48.9,21.5,2.6,4.4,79.0,122.0
2026-06-14T13:00,46.4,21.0,2.7,4.5,80.0,122.0
2026-06-14T14:00,41.1,19.6,2.9,4.5,78.0,123.0
2026-06-14T15:00,34.2,17.3,3.4,4.2,71.0,127.0
2026-06-14T16:00,29.0,15.3,4.0,3.8,62.0,132.0
2026-06-14T17:00,26.4,13.5,4.2,3.3,56.0,137.0
2026-06-14T18:00,25.8,13.5,4.3,3.4,54.0,140.0
2026-06-14T19:00,26.6,13.9,4.4,3.5,51.0,141.0
2026-06-14T20:00,28.9,15.1,4.4,3.5,49.0,142.0
2026-06-14T21:00,29.7,15.1,4.2,3.4,49.0,142.0
2026-06-14T22:00,30.4,15.1,3.8,3.2,49.0,140.0
2026-06-14T23:00,30.9,15.0,3.4,3.0,50.0,137.0
2026-06-15T00:00,30.9,14.5,3.1,2.8,50.0,129.0
2026-06-15T01:00,31.8,14.4,2.7,2.6,51.0,120.0
2026-06-15T02:00,31.7,14.1,2.5,2.5,51.0,116.0
2026-06-15T03:00,31.7,13.7,2.3,2.4,51.0,122.0
2026-06-15T04:00,31.2,13.3,2.3,2.3,51.0,133.0
2026-06-15T05:00,36.9,14.6,2.4,2.1,52.0,146.0
2026-06-15T06:00,37.8,15.5,3.8,3.4,52.0,163.0
2026-06-15T07:00,38.3,16.3,5.6,5.2,53.0,183.0
2026-06-15T08:00,38.5,17.1,6.7,6.4,57.0,192.0
2026-06-15T09:00,37.8,17.6,6.2,6.5,67.0,183.0
2026-06-15T10:00,33.9,16.9,5.0,6.0,79.0,163.0
2026-06-15T11:00,28.8,15.5,4.0,5.5,87.0,148.0
2026-06-15T12:00,26.5,14.7,3.6,5.0,85.0,142.0
2026-06-15T13:00,27.2,14.9,3.4,4.5,79.0,140.0
2026-06-15T14:00,28.7,15.2,3.4,4.1,72.0,141.0
2026-06-15T15:00,30.9,16.0,3.8,3.8,67.0,146.0
2026-06-15T16:00,31.4,16.0,4.5,3.7,62.0,155.0
2026-06-15T17:00,35.2,17.5,5.0,4.0,61.0,163.0
2026-06-15T18:00,33.6,16.6,5.3,4.0,57.0,169.0
2026-06-15T19:00,33.3,16.2,5.8,4.0,52.0,173.0
2026-06-15T20:00,33.3,15.7,6.0,3.9,48.0,177.0
2026-06-15T21:00,34.6,16.2,5.8,3.8,47.0,181.0
2026-06-15T22:00,36.2,16.5,5.4,3.7,48.0,184.0
2026-06-15T23:00,37.5,16.8,5.0,3.6,49.0,182.0
2026-06-16T00:00,38.0,16.8,4.6,3.4,49.0,167.0
2026-06-16T01:00,38.6,16.9,4.2,3.1,49.0,147.0
2026-06-16T02:00,39.1,17.2,4.2,3.0,48.0,136.0
2026-06-16T03:00,39.5,17.4,4.9,3.1,47.0,143.0
2026-06-16T04:00,39.3,17.5,6.0,3.5,45.0,159.0
2026-06-16T05:00,31.8,15.3,6.6,5.1,45.0,173.0
2026-06-16T06:00,31.4,15.3,7.4,6.4,46.0,184.0
2026-06-16T07:00,31.2,15.4,8.4,8.2,47.0,194.0
2026-06-16T08:00,31.5,15.7,8.7,9.3,52.0,195.0
2026-06-16T09:00,33.5,16.6,7.5,8.9,64.0,182.0
2026-06-16T10:00,36.2,17.6,5.6,7.8,79.0,160.0
2026-06-16T11:00,38.3,18.2,4.2,6.8,90.0,144.0
2026-06-16T12:00,38.4,18.0,3.7,6.2,92.0,138.0
2026-06-16T13:00,37.4,17.5,3.6,5.7,90.0,138.0
2026-06-16T14:00,35.7,17.1,3.9,5.3,85.0,141.0
2026-06-16T15:00,33.4,16.1,4.8,5.1,77.0,149.0
2026-06-16T16:00,32.2,15.3,6.1,5.0,67.0,161.0
2026-06-16T17:00,30.2,15.7,6.9,6.1,60.0,169.0
2026-06-16T18:00,27.5,14.7,6.9,5.7,56.0,170.0
2026-06-16T19:00,28.1,14.2,6.8,5.1,50.0,168.0
2026-06-16T20:00,29.5,13.8,6.6,4.6,46.0,165.0
2026-06-16T21:00,31.7,13.9,6.1,4.1,45.0,163.0
2026-06-16T22:00,33.6,14.5,5.5,3.7,46.0,160.0
2026-06-16T23:00,34.2,14.6,5.0,3.4,47.0,156.0
2026-06-17T00:00,34.9,14.5,4.5,3.2,47.0,148.0
2026-06-17T01:00,36.0,14.7,4.2,3.0,47.0,140.0
2026-06-17T02:00,37.6,15.0,4.1,3.0,47.0,137.0
2026-06-17T03:00,39.2,15.6,4.6,3.2,46.0,143.0
2026-06-17T04:00,40.5,16.1,5.5,3.5,45.0,155.0
2026-06-17T05:00,39.9,15.8,6.3,5.1,43.0,172.0
2026-06-17T06:00,40.4,16.4,6.7,6.0,44.0,203.0
2026-06-17T07:00,40.2,16.3,7.3,7.1,47.0,239.0
2026-06-17T08:00,40.5,16.3,7.4,7.9,52.0,255.0
2026-06-17T09:00,40.6,16.6,6.6,7.9,64.0,232.0
2026-06-17T10:00,40.2,17.0,5.3,7.5,79.0,187.0
2026-06-17T11:00,38.9,17.3,4.3,7.1,90.0,153.0
2026-06-17T12:00,36.7,17.1,3.9,6.8,93.0,140.0
2026-06-17T13:00,33.5,16.1,3.8,6.4,91.0,136.0
2026-06-17T14:00,29.9,14.9,4.1,6.1,86.0,137.0
2026-06-17T15:00,25.7,13.4,4.8,5.7,78.0,145.0
2026-06-17T16:00,22.5,12.0,5.9,5.4,68.0,157.0
2026-06-17T17:00,29.0,14.5,6.2,5.0,58.0,166.0
2026-06-17T18:00,27.4,13.8,6.3,4.8,54.0,167.0
2026-06-17T19:00,27.1,13.5,6.5,4.6,49.0,165.0
2026-06-17T20:00,28.2,13.8,6.4,4.4,46.0,163.0
2026-06-17T21:00,30.3,14.6,5.9,4.2,45.0,164.0
2026-06-17T22:00,31.2,14.9,5.1,4.0,46.0,165.0
2026-06-17T23:00,32.8,15.4,4.5,3.8,47.0,162.0
2026-06-18T00:00,32.5,15.2,4.3,3.6,47.0,151.0
2026-06-18T01:00,31.9,14.8,4.3,3.4,46.0,137.0
2026-06-18T02:00,33.1,15.1,4.5,3.4,46.0,129.0
2026-06-18T03:00,33.8,15.4,4.9,3.7,45.0,132.0
2026-06-18T04:00,34.0,15.5,5.6,4.1,45.0,140.0
2026-06-18T05:00,32.6,15.0,5.4,4.7,46.0,151.0
2026-06-18T06:00,33.6,15.4,6.5,6.2,47.0,166.0
2026-06-18T07:00,35.4,16.5,8.0,8.3,48.0,183.0
2026-06-18T08:00,38.3,18.3,8.6,9.6,53.0,191.0
2026-06-18T09:00,41.2,20.0,7.6,9.5,65.0,181.0
2026-06-18T10:00,43.9,21.8,5.7,8.7,80.0,161.0
2026-06-18T11:00,46.6,23.2,4.3,7.8,90.0,146.0
2026-06-18T12:00,45.6,22.8,3.7,7.0,91.0,141.0
2026-06-18T13:00,44.9,22.2,3.6,6.2,88.0,141.0
2026-06-18T14:00,43.1,21.1,3.8,5.6,83.0,143.0
2026-06-18T15:00,41.6,20.3,4.5,5.3,77.0,149.0
2026-06-18T16:00,39.8,19.4,5.5,5.1,68.0,159.0
2026-06-18T17:00,33.6,17.2,6.7,5.6,63.0,166.0
2026-06-18T18:00,32.7,16.7,7.5,6.0,58.0,171.0
2026-06-18T19:00,31.3,16.0,8.5,6.4,50.0,173.0
2026-06-18T20:00,30.3,15.7,9.0,6.7,45.0,173.0
2026-06-18T21:00,28.9,15.2,8.6,6.5,44.0,168.0
2026-06-18T22:00,27.9,14.8,7.7,6.1,44.0,159.0
2026-06-18T23:00,26.7,14.2,6.9,5.8,45.0,150.0
2026-06-19T00:00,25.4,13.6,6.3,5.6,45.0,138.0
2026-06-19T01:00,24.9,13.3,5.8,5.4,45.0,126.0
2026-06-19T02:00,24.2,12.9,5.5,5.3,45.0,118.0
2026-06-19T03:00,24.0,12.9,5.4,5.2,45.0,118.0
2026-06-19T04:00,23.7,12.8,5.4,5.3,44.0,123.0
2026-06-19T05:00,25.1,13.8,6.5,5.8,42.0,133.0
2026-06-19T06:00,25.5,14.3,7.3,7.3,43.0,155.0
2026-06-19T07:00,26.1,15.0,8.3,9.4,44.0,181.0
2026-06-19T08:00,26.7,15.5,8.7,10.8,50.0,196.0
2026-06-19T09:00,27.9,16.7,7.8,11.0,64.0,187.0
2026-06-19T10:00,29.6,18.2,6.2,10.6,82.0,165.0
2026-06-19T11:00,30.4,19.0,5.0,10.0,94.0,148.0
2026-06-19T12:00,30.2,18.9,4.4,9.2,97.0,142.0
2026-06-19T13:00,28.9,18.0,4.1,8.2,94.0,140.0
2026-06-19T14:00,27.7,16.9,4.2,7.4,89.0,141.0
2026-06-19T15:00,26.7,16.1,4.8,6.8,81.0,146.0
2026-06-19T16:00,26.0,15.2,5.7,6.3,70.0,154.0
2026-06-19T17:00,21.7,12.7,6.5,6.5,60.0,162.0
2026-06-19T18:00,20.7,11.7,7.1,6.4,55.0,168.0
2026-06-19T19:00,20.5,11.4,7.9,6.4,49.0,173.0
2026-06-19T20:00,20.7,11.3,8.5,6.4,44.0,176.0
2026-06-19T21:00,20.9,11.3,8.8,6.7,42.0,177.0
2026-06-19T22:00,21.1,11.5,8.8,7.1,42.0,175.0
2026-06-19T23:00,21.2,11.6,8.8,7.3,42.0,170.0
2026-06-20T00:00,21.3,11.6,8.6,7.2,42.0,157.0
2026-06-20T01:00,21.4,11.5,8.2,6.9,42.0,140.0
2026-06-20T02:00,21.5,11.5,8.1,6.9,42.0,129.0
2026-06-20T03:00,21.6,11.6,8.4,7.3,41.0,127.0
2026-06-20T04:00,21.4,11.6,8.8,8.0,40.0,131.0
2026-06-20T05:00,20.9,11.5,8.9,8.0,40.0,141.0
2026-06-20T06:00,21.3,11.8,9.1,8.7,41.0,163.0
2026-06-20T07:00,21.2,11.8,9.3,9.7,42.0,191.0
2026-06-20T08:00,21.5,12.2,9.0,10.2,48.0,206.0
2026-06-20T09:00,22.8,13.3,7.8,9.9,62.0,195.0
2026-06-20T10:00,24.7,14.8,6.1,9.2,81.0,171.0
2026-06-20T11:00,26.4,16.2,4.8,8.5,95.0,152.0
2026-06-20T12:00,27.1,16.8,4.3,7.8,101.0,144.0
2026-06-20T13:00,27.4,16.9,4.1,7.0,101.0,140.0
2026-06-20T14:00,25.8,15.7,4.3,6.3,97.0,140.0
2026-06-20T15:00,24.3,14.5,4.8,5.7,86.0,146.0
2026-06-20T16:00,22.4,13.1,5.6,5.1,71.0,156.0
2026-06-20T17:00,20.5,11.8,6.3,4.8,58.0,163.0
2026-06-20T18:00,19.0,10.7,6.5,4.8,54.0,165.0
2026-06-20T19:00,18.2,10.3,6.7,4.9,47.0,164.0
2026-06-20T20:00,17.8,9.8,6.9,5.0,43.0,164.0
2026-06-20T21:00,17.7,9.8,6.9,5.2,42.0,166.0
2026-06-20T22:00,18.2,10.2,6.8,5.5,43.0,168.0
2026-06-20T23:00,18.5,10.3,6.6,5.7,43.0,167.0
2026-06-21T00:00,18.5,10.2,6.4,5.6,43.0,160.0
2026-06-21T01:00,18.7,10.4,6.1,5.3,42.0,150.0
2026-06-21T02:00,18.5,10.3,6.0,5.1,42.0,141.0
2026-06-21T03:00,18.2,10.1,6.1,5.0,41.0,132.0
2026-06-21T04:00,18.0,10.0,6.4,4.9,41.0,123.0
2026-06-21T05:00,16.4,9.7,6.5,4.9,40.0,123.0
2026-06-21T06:00,15.9,9.6,7.1,5.6,39.0,141.0
2026-06-21T07:00,16.4,10.0,7.8,6.7,39.0,167.0
2026-06-21T08:00,17.0,10.7,8.1,7.7,43.0,182.0
2026-06-21T09:00,18.0,11.7,7.4,8.6,56.0,176.0
2026-06-21T10:00,20.0,13.4,6.1,9.5,75.0,159.0
2026-06-21T11:00,22.1,15.3,5.1,9.9,91.0,144.0
2026-06-21T12:00,24.4,17.3,4.4,9.5,104.0,135.0
2026-06-21T13:00,24.7,17.7,4.0,8.7,115.0,128.0
2026-06-21T14:00,23.5,16.8,3.9,7.9,118.0,125.0
2026-06-21T15:00,21.5,15.3,4.3,7.1,109.0,128.0
2026-06-21T16:00,19.3,13.6,5.1,6.4,92.0,135.0
2026-06-21T17:00,9.4,6.9,5.6,4.1,54.0,140.0
2026-06-21T18:00,8.8,6.5,6.6,4.7,49.0,142.0
2026-06-21T19:00,8.6,6.4,8.0,5.6,42.0,143.0
2026-06-21T20:00,8.9,6.7,9.0,6.4,37.0,143.0
2026-06-21T21:00,9.5,7.2,9.4,7.1,35.0,144.0
2026-06-21T22:00,10.0,7.5,9.6,7.6,35.0,145.0
2026-06-21T23:00,10.1,7.3,9.5,7.9,35.0,144.0
2026-06-22T00:00,10.2,7.3,9.1,7.7,35.0,137.0
2026-06-22T01:00,8.8,6.3,8.6,7.2,36.0,127.0
2026-06-22T02:00,8.6,6.2,8.2,6.9,37.0,123.0
2026-06-22T03:00,7.7,5.5,8.2,6.6,37.0,125.0
2026-06-22T04:00,6.8,4.9,8.3,6.6,36.0,133.0
2026-06-22T05:00,6.1,4.6,7.1,5.9,38.0,149.0
2026-06-22T06:00,6.2,4.9,8.5,7.8,36.0,184.0
2026-06-22T07:00,7.1,6.0,10.4,10.5,34.0,228.0
2026-06-22T08:00,7.7,6.8,11.6,13.0,39.0,255.0
2026-06-22T09:00,8.4,7.5,11.4,15.4,56.0,250.0
2026-06-22T10:00,10.3,9.2,10.4,17.7,80.0,226.0
2026-06-22T11:00,13.6,12.2,9.2,18.6,98.0,203.0
2026-06-22T12:00,16.0,13.9,7.8,17.1,108.0,181.0
2026-06-22T13:00,17.9,15.0,6.2,14.2,113.0,158.0
2026-06-22T14:00,15.5,13.0,5.2,11.6,112.0,147.0
2026-06-22T15:00,14.6,11.7,5.3,9.8,100.0,152.0
2026-06-22T16:00,13.6,10.4,6.0,8.3,82.0,169.0
2026-06-22T17:00,13.6,10.1,8.0,9.3,70.0,190.0
2026-06-22T18:00,14.1,10.5,9.9,9.7,62.0,221.0
2026-06-22T19:00,13.1,9.8,12.4,10.3,51.0,257.0
2026-06-22T20:00,12.8,9.6,14.5,11.0,42.0,280.0
2026-06-22T21:00,13.4,10.3,15.7,11.9,38.0,281.0
2026-06-22T22:00,13.1,10.0,16.4,12.8,36.0,268.0
2026-06-22T23:00,12.3,9.6,16.5,13.3,35.0,248.0
2026-06-23T00:00,10.4,8.3,15.8,13.0,35.0,218.0
2026-06-23T01:00,9.3,7.5,14.5,12.2,37.0,182.0
2026-06-23T02:00,9.0,7.2,13.5,11.6,38.0,154.0
2026-06-23T03:00,8.1,6.4,12.9,11.0,38.0,134.0
2026-06-23T04:00,7.6,6.0,12.5,10.5,39.0,123.0
2026-06-23T05:00,5.9,5.0,10.4,9.5,42.0,139.0
2026-06-23T06:00,6.4,5.6,11.9,11.0,41.0,212.0
2026-06-23T07:00,7.2,6.5,13.9,13.1,41.0,314.0
2026-06-23T08:00,8.0,7.4,15.4,15.3,42.0,373.0
2026-06-23T09:00,10.3,9.7,16.0,17.6,47.0,345.0
2026-06-23T10:00,10.5,10.0,16.1,19.9,55.0,275.0
2026-06-23T11:00,10.1,10.0,15.8,21.3,62.0,232.0
2026-06-23T12:00,9.7,9.7,14.9,21.3,69.0,246.0
2026-06-23T13:00,9.7,9.6,13.6,20.4,76.0,286.0
2026-06-23T14:00,10.1,10.0,12.8,18.6,79.0,326.0
2026-06-23T15:00,9.3,8.7,12.9,15.4,76.0,344.0
2026-06-23T16:00,9.6,8.7,13.5,11.3,69.0,362.0
2026-06-23T17:00,9.4,8.8,17.1,13.0,57.0,414.0
2026-06-23T18:00,9.7,8.8,17.2,12.1,54.0,542.0
2026-06-23T19:00,11.1,9.1,17.2,10.7,50.0,705.0
2026-06-23T20:00,14.6,10.0,16.6,9.4,48.0,811.0
2026-06-23T21:00,18.7,11.2,15.0,8.1,48.0,824.0
2026-06-23T22:00,26.1,12.7,12.9,6.9,50.0,780.0
2026-06-23T23:00,33.4,13.4,11.0,5.9,51.0,698.0
2026-06-24T00:00,30.9,12.2,9.6,5.3,51.0,555.0
2026-06-24T01:00,27.8,11.3,8.3,4.9,52.0,374.0
2026-06-24T02:00,24.5,10.3,7.3,4.5,52.0,237.0
2026-06-24T03:00,29.2,11.1,6.2,3.9,54.0,169.0
2026-06-24T04:00,31.7,11.1,5.4,3.2,55.0,145.0
2026-06-24T05:00,20.9,8.4,7.6,6.0,57.0,179.0
2026-06-24T06:00,19.7,9.3,11.5,9.6,53.0,326.0
2026-06-24T07:00,17.7,10.2,16.8,14.7,47.0,531.0
2026-06-24T08:00,16.2,10.3,20.9,19.3,43.0,641.0
2026-06-24T09:00,16.8,12.1,22.9,23.3,42.0,559.0
2026-06-24T10:00,16.2,12.9,23.6,26.8,44.0,383.0
2026-06-24T11:00,15.5,12.4,23.0,28.2,47.0,253.0
2026-06-24T12:00,15.8,12.0,20.3,26.1,54.0,233.0
2026-06-24T13:00,18.7,12.1,16.3,21.8,64.0,260.0
2026-06-24T14:00,26.0,13.8,13.6,18.0,70.0,285.0
2026-06-24T15:00,29.0,14.9,13.6,15.5,69.0,291.0
2026-06-24T16:00,32.6,15.3,14.8,13.5,65.0,296.0
2026-06-24T17:00,35.3,15.1,15.6,12.0,60.0,299.0
2026-06-24T18:00,36.9,14.4,15.3,11.1,56.0,301.0
2026-06-24T19:00,36.2,13.9,14.7,10.7,51.0,303.0
2026-06-24T20:00,39.5,14.1,14.0,10.5,48.0,305.0
2026-06-24T21:00,34.8,12.9,13.4,10.6,46.0,314.0
2026-06-24T22:00,30.7,12.5,12.8,11.0,45.0,325.0
2026-06-24T23:00,30.4,12.7,12.2,11.1,44.0,317.0
2026-06-25T00:00,31.8,13.2,11.4,10.6,43.0,275.0
2026-06-25T01:00,32.2,13.5,10.7,9.7,43.0,215.0
2026-06-25T02:00,32.4,13.7,10.1,9.2,43.0,170.0
2026-06-25T03:00,32.6,13.6,9.8,9.1,43.0,151.0
2026-06-25T04:00,33.8,13.4,9.8,9.2,43.0,147.0
2026-06-25T05:00,32.0,13.1,10.0,9.7,44.0,163.0
2026-06-25T06:00,31.4,13.4,10.8,10.8,44.0,216.0
2026-06-25T07:00,31.3,14.1,11.7,12.3,44.0,289.0
2026-06-25T08:00,30.9,14.5,11.9,13.2,48.0,329.0
2026-06-25T09:00,30.3,14.5,10.5,13.2,60.0,305.0
2026-06-25T10:00,27.4,13.9,8.2,12.6,77.0,249.0
2026-06-25T11:00,27.8,15.4,6.6,12.1,90.0,203.0
2026-06-25T12:00,29.7,17.0,6.2,11.9,97.0,183.0
2026-06-25T13:00,29.6,16.8,6.3,11.7,101.0,173.0
2026-06-25T14:00,28.1,16.4,6.8,11.3,99.0,171.0
2026-06-25T15:00,24.9,14.8,7.5,10.3,90.0,175.0
2026-06-25T16:00,22.5,12.9,8.5,9.0,76.0,187.0
2026-06-25T17:00,38.9,17.4,8.0,6.0,74.0,209.0
2026-06-25T18:00,40.4,17.7,9.3,6.6,65.0,252.0
2026-06-25T19:00,40.2,17.6,11.1,7.4,51.0,305.0
2026-06-25T20:00,39.3,17.3,12.3,8.1,42.0,342.0
2026-06-25T21:00,38.4,16.8,12.4,8.4,40.0,355.0
2026-06-25T22:00,37.1,16.7,11.9,8.6,41.0,353.0
2026-06-25T23:00,36.8,16.7,11.4,8.8,42.0,334.0
2026-06-26T00:00,34.6,16.2,11.1,9.0,42.0,288.0
2026-06-26T01:00,33.8,16.1,10.8,9.3,42.0,226.0
2026-06-26T02:00,33.1,15.9,10.7,9.6,42.0,180.0
2026-06-26T03:00,32.6,15.7,10.9,10.0,42.0,161.0
2026-06-26T04:00,32.0,15.4,11.2,10.5,42.0,159.0
2026-06-26T05:00,28.8,13.1,8.4,7.9,45.0,177.0
2026-06-26T06:00,29.4,13.5,9.5,9.1,44.0,234.0
2026-06-26T07:00,32.4,15.3,10.9,10.7,45.0,312.0
2026-06-26T08:00,35.7,17.2,11.5,12.1,51.0,359.0
2026-06-26T09:00,39.3,19.8,10.6,13.2,70.0,348.0
2026-06-26T10:00,43.2,23.0,9.0,14.2,95.0,307.0
2026-06-26T11:00,46.2,25.7,7.6,14.5,114.0,268.0
2026-06-26T12:00,45.6,26.0,6.7,13.9,122.0,240.0
2026-06-26T13:00,44.2,25.7,6.0,12.7,123.0,214.0
2026-06-26T14:00,42.3,24.8,5.8,11.5,118.0,197.0
2026-06-26T15:00,39.0,22.6,6.3,10.4,105.0,179.0
2026-06-26T16:00,33.6,19.4,7.3,9.2,87.0,169.0
2026-06-26T17:00,42.6,20.8,7.5,6.6,67.0,206.0
2026-06-26T18:00,39.9,19.6,8.9,7.1,60.0,339.0
2026-06-26T19:00,37.7,18.6,10.9,7.7,50.0,519.0
2026-06-26T20:00,36.1,17.9,12.5,8.3,42.0,630.0
2026-06-26T21:00,34.3,17.3,13.2,8.8,39.0,611.0
2026-06-26T22:00,32.8,16.8,13.4,9.2,39.0,523.0
2026-06-26T23:00,32.4,16.5,13.5,9.6,39.0,438.0
2026-06-27T00:00,30.2,15.7,13.3,9.8,39.0,375.0
2026-06-27T01:00,28.8,15.0,12.8,10.1,40.0,316.0
2026-06-27T02:00,26.8,14.1,12.8,10.6,40.0,271.0
2026-06-27T03:00,25.4,13.7,13.7,11.7,39.0,248.0
2026-06-27T04:00,24.4,13.6,14.9,13.2,37.0,240.0
2026-06-27T05:00,21.2,12.4,13.9,13.1,36.0,241.0
2026-06-27T06:00,20.7,12.5,14.3,14.9,35.0,255.0
2026-06-27T07:00,20.5,12.8,14.8,17.5,35.0,277.0
2026-06-27T08:00,20.7,13.5,14.7,19.4,42.0,290.0
2026-06-27T09:00,22.4,15.1,13.5,20.4,63.0,283.0
2026-06-27T10:00,26.8,18.5,11.6,20.7,91.0,267.0
2026-06-27T11:00,32.8,22.8,9.8,20.0,113.0,248.0
2026-06-27T12:00,36.7,25.4,8.0,17.7,127.0,226.0
2026-06-27T13:00,35.9,24.7,6.3,14.5,135.0,203.0
2026-06-27T14:00,33.6,22.9,5.3,11.6,134.0,188.0
2026-06-27T15:00,31.2,20.3,5.6,9.5,120.0,168.0
2026-06-27T16:00,29.5,18.0,6.7,7.8,98.0,157.0
2026-06-27T17:00,27.5,17.5,8.4,8.9,90.0,206.0
2026-06-27T18:00,25.5,15.8,9.7,8.6,77.0,373.0
2026-06-27T19:00,24.1,14.6,11.5,8.1,60.0,599.0
2026-06-27T20:00,24.1,14.3,13.0,7.9,46.0,765.0
2026-06-27T21:00,24.4,14.3,13.8,8.2,41.0,829.0
2026-06-27T22:00,25.7,15.0,14.2,8.8,39.0,832.0
2026-06-27T23:00,27.9,16.4,14.3,9.1,39.0,774.0
2026-06-28T00:00,28.6,16.6,14.1,8.9,39.0,618.0
2026-06-28T01:00,27.8,15.8,13.7,8.6,39.0,400.0
2026-06-28T02:00,27.4,15.4,13.4,8.5,39.0,234.0
2026-06-28T03:00,26.2,14.6,13.6,8.9,38.0,168.0
2026-06-28T04:00,25.3,14.3,14.0,9.6,37.0,153.0
2026-06-28T05:00,17.6,10.5,12.6,10.7,40.0,156.0
2026-06-28T06:00,17.4,10.2,11.9,10.9,41.0,175.0
2026-06-28T07:00,18.0,10.4,10.8,11.2,42.0,211.0
2026-06-28T08:00,18.3,10.8,9.6,11.6,51.0,234.0
2026-06-28T09:00,20.3,12.6,8.3,12.6,73.0,227.0
2026-06-28T10:00,24.4,15.9,7.0,13.8,102.0,206.0
2026-06-28T11:00,29.4,19.6,5.8,14.0,123.0,188.0
2026-06-28T12:00,31.7,21.2,4.9,12.5,132.0,180.0
2026-06-28T13:00,31.2,20.7,4.2,10.0,132.0,175.0
2026-06-28T14:00,29.0,18.0,3.9,7.8,125.0,173.0
2026-06-28T15:00,26.7,14.8,4.2,6.0,104.0,170.0
2026-06-28T16:00,25.1,12.7,4.9,4.5,75.0,169.0
2026-06-28T17:00,23.1,11.1,5.5,3.5,53.0,178.0
2026-06-28T18:00,21.8,10.7,5.9,3.4,46.0,204.0
2026-06-28T19:00,20.0,10.1,6.4,3.8,46.0,239.0
2026-06-28T20:00,18.7,10.1,6.9,4.5,46.0,273.0
2026-06-28T21:00,17.7,10.0,7.8,5.5,45.0,309.0
2026-06-28T22:00,18.9,10.7,8.8,6.8,44.0,343.0
2026-06-28T23:00,19.7,11.4,9.3,7.5,44.0,348.0
2026-06-29T00:00,18.4,10.4,9.0,7.2,44.0,298.0
2026-06-29T01:00,19.2,10.7,8.3,6.5,45.0,218.0
2026-06-29T02:00,19.1,10.6,7.8,6.0,45.0,162.0
2026-06-29T03:00,17.3,9.8,7.7,6.0,45.0,148.0
2026-06-29T04:00,16.8,9.6,7.7,6.2,45.0,157.0
2026-06-29T05:00,11.8,6.1,5.1,3.9,49.0,184.0
2026-06-29T06:00,12.4,6.7,7.8,5.7,45.0,245.0
2026-06-29T07:00,14.4,8.3,11.5,8.1,41.0,325.0
2026-06-29T08:00,16.6,10.1,13.6,10.1,42.0,366.0
2026-06-29T09:00,18.3,11.2,12.7,11.3,54.0,334.0
2026-06-29T10:00,19.8,12.1,10.2,12.1,71.0,264.0
2026-06-29T11:00,22.6,14.3,8.2,12.4,84.0,208.0
2026-06-29T12:00,26.5,16.9,7.2,11.9,90.0,186.0
2026-06-29T13:00,28.3,16.9,6.7,10.8,92.0,179.0
2026-06-29T14:00,27.5,16.4,6.5,9.8,91.0,181.0
2026-06-29T15:00,26.9,16.2,6.8,9.0,85.0,186.0
2026-06-29T16:00,24.9,15.4,7.6,8.1,76.0,200.0
2026-06-29T17:00,32.7,16.8,8.1,7.4,78.0,232.0
2026-06-29T18:00,28.3,15.1,9.5,7.7,68.0,303.0
2026-06-29T19:00,25.0,14.0,11.5,8.1,55.0,392.0
2026-06-29T20:00,21.4,12.5,13.0,8.6,45.0,443.0
2026-06-29T21:00,17.6,11.1,13.6,9.3,42.0,425.0
2026-06-29T22:00,15.7,10.4,13.6,10.0,42.0,368.0
2026-06-29T23:00,13.0,8.9,13.1,10.2,43.0,307.0
2026-06-30T00:00,10.1,7.0,11.8,9.5,45.0,247.0
2026-06-30T01:00,8.9,6.1,9.9,8.3,47.0,184.0
2026-06-30T02:00,8.7,5.8,8.4,7.3,49.0,139.0
2026-06-30T03:00,8.9,5.6,7.6,6.8,50.0,115.0
2026-06-30T04:00,9.0,5.6,7.2,6.5,49.0,108.0
2026-06-30T05:00,9.3,5.7,5.7,4.2,51.0,134.0
2026-06-30T06:00,10.8,6.4,6.8,5.0,49.0,221.0
2026-06-30T07:00,13.4,7.8,8.4,6.0,48.0,340.0
2026-06-30T08:00,16.5,9.3,9.3,7.1,49.0,416.0
2026-06-30T09:00,18.2,10.3,9.1,8.2,56.0,406.0
2026-06-30T10:00,19.7,11.6,8.2,9.2,66.0,352.0
2026-06-30T11:00,20.7,12.2,7.4,9.8,74.0,308.0
2026-06-30T12:00,20.7,12.8,6.7,9.6,78.0,290.0
2026-06-30T13:00,19.8,12.4,6.1,9.0,80.0,280.0
2026-06-30T14:00,18.6,11.6,6.0,8.2,79.0,282.0
2026-06-30T15:00,17.3,10.5,6.9,7.3,72.0,303.0
2026-06-30T16:00,16.5,9.8,8.3,6.2,61.0,336.0
2026-06-30T17:00,16.5,9.6,9.0,5.0,49.0,356.0
2026-06-30T18:00,15.8,9.2,9.0,5.1,48.0,353.0
2026-06-30T19:00,16.6,9.7,9.1,5.3,47.0,337.0
2026-06-30T20:00,17.4,9.8,8.8,5.2,46.0,317.0
2026-06-30T21:00,18.1,9.8,8.1,4.7,46.0,295.0
2026-06-30T22:00,18.9,10.0,7.1,4.0,46.0,268.0
2026-06-30T23:00,16.8,8.8,6.1,3.4,47.0,237.0
2026-07-01T00:00,15.4,7.9,5.0,2.9,48.0,197.0
2026-07-01T01:00,16.4,8.1,4.0,2.5,48.0,154.0
2026-07-01T02:00,18.3,8.7,3.2,2.2,49.0,123.0
2026-07-01T03:00,17.6,8.4,2.8,2.2,50.0,104.0
2026-07-01T04:00,17.2,8.4,2.6,2.3,51.0,97.0
2026-07-01T05:00,13.2,6.6,3.4,2.7,50.0,118.0
2026-07-01T06:00,13.2,6.9,5.0,3.5,49.0,198.0
2026-07-01T07:00,13.6,7.4,7.2,4.7,47.0,307.0
2026-07-01T08:00,14.0,8.0,8.7,5.6,47.0,370.0
2026-07-01T09:00,14.4,8.4,8.7,6.1,49.0,342.0
2026-07-01T10:00,14.3,7.9,7.9,6.3,53.0,268.0
2026-07-01T11:00,16.4,9.3,7.1,6.2,55.0,214.0
2026-07-01T12:00,14.4,8.4,6.3,5.4,55.0,207.0
2026-07-01T13:00,11.2,6.9,5.5,4.3,54.0,220.0
2026-07-01T14:00,10.0,6.2,5.4,3.6,53.0,239.0
2026-07-01T15:00,10.2,6.6,6.8,3.6,51.0,265.0
2026-07-01T16:00,11.4,7.2,9.1,4.0,49.0,297.0
2026-07-01T17:00,11.8,7.4,7.2,4.5,55.0,315.0
2026-07-01T18:00,13.9,8.1,7.3,4.5,54.0,308.0
2026-07-01T19:00,18.7,9.7,7.4,4.4,52.0,286.0
2026-07-01T20:00,22.6,11.2,7.4,4.4,50.0,263.0
2026-07-01T21:00,24.2,12.0,7.3,4.4,49.0,241.0
2026-07-01T22:00,24.0,12.1,7.1,4.4,48.0,217.0
2026-07-01T23:00,23.8,12.0,6.8,4.4,48.0,194.0
2026-07-02T00:00,22.6,11.3,6.1,4.2,49.0,169.0
2026-07-02T01:00,22.2,10.6,5.2,4.0,50.0,144.0
2026-07-02T02:00,22.3,10.7,4.6,3.9,51.0,127.0
2026-07-02T03:00,20.5,10.0,4.3,3.9,51.0,112.0
2026-07-02T04:00,19.3,9.6,4.3,4.1,51.0,105.0
2026-07-02T05:00,13.0,7.1,4.6,3.7,49.0,130.0
2026-07-02T06:00,12.7,7.0,6.0,4.4,48.0,225.0
2026-07-02T07:00,13.7,7.8,7.9,5.4,46.0,352.0
2026-07-02T08:00,13.6,7.8,9.1,6.1,45.0,426.0
2026-07-02T09:00,15.0,8.5,9.1,6.4,46.0,395.0
2026-07-02T10:00,15.4,8.8,8.5,6.6,47.0,310.0
2026-07-02T11:00,15.9,8.9,7.8,6.4,49.0,242.0
2026-07-02T12:00,14.3,8.0,7.0,5.7,51.0,215.0
2026-07-02T13:00,12.0,7.1,6.2,4.7,54.0,206.0
2026-07-02T14:00,14.0,8.1,5.9,4.2,56.0,212.0
2026-07-02T15:00,15.1,8.8,6.5,4.5,56.0,244.0
2026-07-02T16:00,15.7,9.0,7.7,5.2,56.0,291.0
2026-07-02T17:00,27.8,13.9,9.3,5.3,51.0,320.0
2026-07-02T18:00,27.2,13.5,9.1,5.3,50.0,314.0
2026-07-02T19:00,27.0,13.4,8.8,5.2,49.0,290.0
2026-07-02T20:00,24.1,12.3,8.4,5.1,48.0,268.0
2026-07-02T21:00,20.4,10.7,7.9,5.0,48.0,257.0
2026-07-02T22:00,18.5,9.8,7.4,4.9,49.0,248.0
2026-07-02T23:00,19.4,10.1,6.8,4.7,49.0,231.0
2026-07-03T00:00,21.5,10.7,6.1,4.5,49.0,198.0
2026-07-03T01:00,24.3,11.6,5.4,4.2,50.0,158.0
2026-07-03T02:00,26.5,12.1,4.8,4.0,50.0,129.0
2026-07-03T03:00,26.8,12.3,4.4,3.9,51.0,102.0
2026-07-03T04:00,27.0,12.5,4.2,3.9,52.0,86.0
2026-07-03T05:00,18.6,9.2,4.6,3.5,52.0,121.0
2026-07-03T06:00,17.3,8.6,5.9,3.9,52.0,267.0
2026-07-03T07:00,17.8,9.1,7.7,4.5,52.0,464.0
2026-07-03T08:00,17.0,9.3,8.7,5.0,53.0,576.0
2026-07-03T09:00,15.9,9.2,8.3,5.2,55.0,519.0
2026-07-03T10:00,15.9,8.7,7.1,5.2,58.0,377.0
2026-07-03T11:00,17.5,9.3,6.3,5.1,60.0,265.0
2026-07-03T12:00,17.9,10.0,6.2,4.9,60.0,230.0
2026-07-03T13:00,19.4,10.8,6.3,4.6,58.0,225.0
2026-07-03T14:00,19.4,10.6,6.5,4.3,57.0,231.0
2026-07-03T15:00,18.7,10.1,6.6,4.0,56.0,248.0
2026-07-03T16:00,18.6,10.1,6.8,3.6,56.0,275.0
2026-07-03T17:00,15.3,8.4,9.9,4.0,52.0,291.0
2026-07-03T18:00,15.1,8.2,9.4,4.2,51.0,287.0
2026-07-03T19:00,15.9,8.8,8.6,4.4,50.0,272.0
2026-07-03T20:00,16.2,8.9,7.9,4.5,50.0,255.0
2026-07-03T21:00,16.2,8.9,7.3,4.5,50.0,238.0
2026-07-03T22:00,16.8,9.1,6.7,4.4,51.0,219.0
2026-07-03T23:00,14.9,8.3,6.0,4.2,52.0,197.0
2026-07-04T00:00,15.3,7.9,4.9,3.6,52.0,170.0
2026-07-04T01:00,14.7,7.5,3.8,2.8,53.0,140.0
2026-07-04T02:00,14.2,6.8,3.0,2.3,53.0,119.0
2026-07-04T03:00,16.9,7.9,2.7,2.3,53.0,104.0
2026-07-04T04:00,18.6,8.7,2.8,2.5,53.0,97.0
2026-07-04T05:00,12.4,6.5,3.3,2.5,50.0,118.0
2026-07-04T06:00,8.6,5.0,5.7,3.4,48.0,196.0
2026-07-04T07:00,6.2,4.5,9.1,4.6,46.0,301.0
2026-07-04T08:00,5.5,4.9,11.6,5.8,45.0,365.0
2026-07-04T09:00,6.6,6.2,12.6,6.9,48.0,349.0
2026-07-04T10:00,7.4,7.0,12.7,7.9,53.0,293.0
2026-07-04T11:00,7.7,6.9,12.2,8.2,56.0,244.0
2026-07-04T12:00,9.5,7.2,10.8,7.3,55.0,220.0
2026-07-04T13:00,11.8,7.7,8.7,5.7,52.0,203.0
2026-07-04T14:00,10.2,6.7,7.4,4.4,50.0,194.0
2026-07-04T15:00,9.5,6.1,7.6,3.7,48.0,197.0
2026-07-04T16:00,9.1,5.9,8.5,3.2,47.0,207.0
2026-07-04T17:00,15.8,8.6,9.5,3.9,48.0,211.0
2026-07-04T18:00,15.3,8.1,9.0,4.1,48.0,200.0
2026-07-04T19:00,16.4,8.4,8.3,4.4,47.0,181.0
2026-07-04T20:00,17.8,8.7,7.5,4.5,47.0,168.0
2026-07-04T21:00,15.5,7.7,6.5,4.1,48.0,167.0
2026-07-04T22:00,14.3,7.3,5.3,3.5,49.0,171.0
2026-07-04T23:00,12.3,6.4,4.4,3.0,50.0,168.0
2026-07-05T00:00,15.2,8.1,3.9,2.8,52.0,150.0
2026-07-05T01:00,16.6,8.7,3.7,2.8,54.0,125.0
2026-07-05T02:00,15.8,8.1,3.7,2.8,56.0,106.0
2026-07-05T03:00,14.3,7.4,3.9,3.0,59.0,96.0
2026-07-05T04:00,12.8,6.7,4.2,3.3,61.0,93.0
2026-07-05T05:00,2.0,1.6,2.7,1.7,47.0,100.0
2026-07-05T06:00,2.6,2.2,6.1,3.9,47.0,130.0
2026-07-05T07:00,4.4,3.9,10.7,6.9,48.0,170.0
2026-07-05T08:00,6.4,6.0,13.4,8.9,50.0,194.0
2026-07-05T09:00,7.2,6.9,12.3,8.9,55.0,184.0
2026-07-05T10:00,6.8,6.5,9.4,7.9,61.0,157.0
2026-07-05T11:00,6.2,5.6,6.8,6.7,65.0,137.0
2026-07-05T12:00,7.3,5.5,5.4,5.6,63.0,134.0
2026-07-05T13:00,8.3,5.6,4.4,4.3,59.0,138.0
2026-07-05T14:00,8.7,5.7,3.9,3.4,56.0,142.0
2026-07-05T15:00,12.0,6.9,4.2,3.0,55.0,142.0
2026-07-05T16:00,16.6,8.6,5.0,3.0,55.0,142.0
2026-07-05T17:00,28.6,10.9,4.5,2.1,55.0,141.0
2026-07-05T18:00,28.4,11.5,4.3,2.4,55.0,140.0
2026-07-05T19:00,25.3,11.3,4.1,2.8,54.0,138.0
2026-07-05T20:00,26.1,12.0,3.8,3.0,54.0,136.0
2026-07-05T21:00,23.7,11.4,3.6,2.9,53.0,133.0
2026-07-05T22:00,24.8,12.3,3.4,2.7,53.0,130.0
2026-07-05T23:00,28.2,13.6,3.1,2.5,53.0,126.0
2026-07-06T00:00,24.2,11.6,2.7,2.2,54.0,119.0
2026-07-06T01:00,24.0,11.2,2.2,1.9,56.0,110.0
2026-07-06T02:00,23.1,10.5,2.0,1.7,57.0,104.0
2026-07-06T03:00,20.9,10.0,1.9,1.8,57.0,100.0
2026-07-06T04:00,17.5,8.9,2.1,2.0,56.0,99.0
2026-07-06T05:00,22.6,9.4,2.4,2.0,56.0,107.0
2026-07-06T06:00,19.2,8.5,4.2,2.7,55.0,133.0
2026-07-06T07:00,21.7,9.8,6.5,3.6,53.0,169.0
2026-07-06T08:00,17.4,9.5,7.9,4.2,51.0,191.0
2026-07-06T09:00,12.6,7.7,7.3,4.1,50.0,185.0
2026-07-06T10:00,8.8,6.0,5.6,3.8,48.0,166.0
2026-07-06T11:00,6.0,4.2,4.5,3.5,48.0,159.0
2026-07-06T12:00,4.7,3.4,4.5,3.5,49.0,172.0
2026-07-06T13:00,5.9,4.3,5.0,3.6,51.0,196.0
2026-07-06T14:00,8.9,6.4,5.7,3.8,54.0,229.0
2026-07-06T15:00,13.9,9.7,6.7,4.1,60.0,284.0
2026-07-06T16:00,21.7,13.7,7.9,4.5,67.0,348.0
2026-07-06T17:00,15.7,10.1,6.8,3.2,63.0,377.0
2026-07-06T18:00,16.8,9.2,6.3,3.2,60.0,341.0
2026-07-06T19:00,14.3,7.9,5.7,3.2,56.0,270.0
2026-07-06T20:00,14.3,8.0,5.1,3.2,55.0,210.0
2026-07-06T21:00,16.4,9.4,4.8,3.2,59.0,179.0
2026-07-06T22:00,19.8,11.0,4.6,3.2,66.0,160.0
2026-07-06T23:00,25.1,12.6,4.3,3.1,70.0,143.0
2026-07-07T00:00,32.2,14.9,3.8,2.9,68.0,126.0
2026-07-07T01:00,33.9,15.3,3.2,2.7,64.0,111.0
2026-07-07T02:00,30.4,13.9,2.8,2.5,60.0,102.0
2026-07-07T03:00,26.4,12.1,2.5,2.4,60.0,95.0
2026-07-07T04:00,27.1,12.4,2.2,2.3,61.0,94.0
2026-07-07T05:00,37.5,17.5,2.6,2.3,48.0,108.0
2026-07-07T06:00,36.8,17.1,4.1,2.9,47.0,155.0
2026-07-07T07:00,35.9,16.9,6.3,3.7,46.0,218.0
2026-07-07T08:00,33.3,16.1,7.6,4.3,47.0,259.0
2026-07-07T09:00,31.3,15.6,7.4,4.4,51.0,255.0
2026-07-07T10:00,32.5,15.9,6.5,4.4,56.0,229.0
2026-07-07T11:00,30.6,14.9,5.8,4.4,61.0,206.0
2026-07-07T12:00,26.6,14.0,5.8,4.7,67.0,194.0
2026-07-07T13:00,25.3,13.5,6.1,5.0,72.0,186.0
2026-07-07T14:00,23.6,13.0,6.6,5.2,74.0,183.0
2026-07-07T15:00,22.6,12.5,7.5,5.1,70.0,187.0
2026-07-07T16:00,26.5,13.6,8.7,4.9,62.0,197.0
2026-07-07T17:00,19.0,9.5,7.3,3.1,59.0,213.0
2026-07-07T18:00,15.7,9.1,7.6,3.5,60.0,245.0
2026-07-07T19:00,16.4,9.9,8.1,4.2,62.0,285.0
2026-07-07T20:00,19.3,11.7,8.1,4.5,63.0,302.0
2026-07-07T21:00,23.4,13.5,7.5,4.4,63.0,280.0
2026-07-07T22:00,26.1,14.3,6.4,4.0,63.0,236.0
2026-07-07T23:00,28.5,14.6,5.4,3.6,62.0,197.0
2026-07-08T00:00,31.4,15.1,4.4,3.2,61.0,170.0
2026-07-08T01:00,29.8,14.5,3.4,2.8,60.0,147.0
2026-07-08T02:00,29.2,14.1,2.7,2.5,58.0,132.0
2026-07-08T03:00,30.3,14.6,2.4,2.4,55.0,124.0
2026-07-08T04:00,33.6,16.8,2.4,2.5,52.0,123.0
2026-07-08T05:00,39.2,18.1,2.6,2.5,55.0,133.0
2026-07-08T06:00,39.8,17.3,4.3,3.0,52.0,161.0
2026-07-08T07:00,41.1,17.9,6.6,3.7,48.0,201.0
2026-07-08T08:00,39.3,17.6,8.1,4.3,46.0,238.0
2026-07-08T09:00,33.9,16.8,8.0,4.8,47.0,277.0
2026-07-08T10:00,35.4,18.1,7.1,5.3,50.0,313.0
2026-07-08T11:00,35.5,18.1,6.4,5.6,52.0,324.0
2026-07-08T12:00,37.4,18.4,6.2,5.6,53.0,286.0
2026-07-08T13:00,37.8,17.8,6.3,5.5,53.0,222.0
2026-07-08T14:00,38.6,18.0,6.8,5.4,52.0,182.0
2026-07-08T15:00,37.6,17.6,8.2,5.3,48.0,194.0
2026-07-08T16:00,39.5,18.2,10.0,5.1,43.0,229.0
2026-07-08T17:00,39.6,16.8,10.2,4.7,40.0,250.0
2026-07-08T18:00,42.5,17.3,10.3,5.2,38.0,239.0
2026-07-08T19:00,43.3,17.6,10.3,5.8,35.0,215.0
2026-07-08T20:00,44.0,17.8,10.2,6.2,33.0,194.0
2026-07-08T21:00,44.7,18.4,9.8,6.1,32.0,184.0
2026-07-08T22:00,42.3,18.0,9.1,5.6,32.0,177.0
2026-07-08T23:00,39.9,17.2,8.2,5.1,33.0,166.0
2026-07-09T00:00,38.4,16.5,6.8,4.5,34.0,146.0
2026-07-09T01:00,37.8,16.2,5.1,3.8,36.0,123.0
2026-07-09T02:00,36.7,15.7,3.9,3.3,37.0,106.0
2026-07-09T03:00,37.4,15.6,3.4,3.0,38.0,99.0
2026-07-09T04:00,39.9,16.0,3.3,2.8,38.0,98.0
2026-07-09T05:00,41.3,16.0,3.3,2.9,39.0,109.0
2026-07-09T06:00,37.0,15.5,5.2,3.9,37.0,142.0
2026-07-09T07:00,32.7,15.3,7.7,5.2,35.0,186.0
2026-07-09T08:00,29.0,14.7,9.2,6.2,35.0,214.0
2026-07-09T09:00,29.9,15.0,8.6,6.7,41.0,210.0
2026-07-09T10:00,33.6,15.8,6.9,6.8,50.0,189.0
2026-07-09T11:00,34.8,16.7,5.7,6.8,57.0,170.0
2026-07-09T12:00,32.8,17.2,5.4,6.6,59.0,159.0
2026-07-09T13:00,36.6,17.1,5.6,6.2,58.0,150.0
2026-07-09T14:00,33.4,17.1,5.9,5.9,56.0,148.0
2026-07-09T15:00,34.5,16.4,6.4,5.7,53.0,155.0
2026-07-09T16:00,33.6,15.9,7.2,5.5,50.0,168.0
2026-07-09T17:00,36.4,18.2,8.4,5.9,47.0,182.0
2026-07-09T18:00,36.2,17.7,8.9,6.2,44.0,198.0
2026-07-09T19:00,38.1,17.5,9.6,6.5,41.0,215.0
2026-07-09T20:00,38.4,17.6,9.7,6.6,38.0,222.0
2026-07-09T21:00,37.4,16.7,8.9,6.2,38.0,211.0
2026-07-09T22:00,36.1,16.1,7.7,5.5,38.0,190.0
2026-07-09T23:00,37.7,15.7,6.5,4.9,39.0,168.0
2026-07-10T00:00,37.7,15.3,5.6,4.5,40.0,146.0
2026-07-10T01:00,37.7,15.0,4.8,4.2,40.0,123.0
2026-07-10T02:00,39.6,15.3,4.3,4.0,41.0,108.0
2026-07-10T03:00,39.6,15.3,4.0,3.9,41.0,102.0
2026-07-10T04:00,39.5,15.5,3.9,3.8,41.0,102.0
2026-07-10T05:00,40.2,15.0,3.8,3.6,42.0,112.0
2026-07-10T06:00,39.5,15.0,5.0,4.3,41.0,140.0
2026-07-10T07:00,41.3,15.8,6.5,5.2,41.0,177.0
2026-07-10T08:00,39.1,16.5,7.4,5.9,43.0,199.0
2026-07-10T09:00,39.3,16.9,7.0,6.3,51.0,191.0
2026-07-10T10:00,36.9,17.1,5.9,6.6,62.0,168.0
2026-07-10T11:00,35.4,17.7,5.0,6.6,70.0,151.0
2026-07-10T12:00,35.4,17.3,4.6,6.4,71.0,147.0
2026-07-10T13:00,35.2,16.9,4.5,5.9,68.0,148.0
2026-07-10T14:00,34.6,16.4,4.7,5.6,64.0,154.0
2026-07-10T15:00,33.4,16.1,5.6,5.5,59.0,168.0
2026-07-10T16:00,32.4,15.3,6.9,5.4,53.0,187.0
2026-07-10T17:00,29.5,14.6,7.9,5.4,49.0,202.0
2026-07-10T18:00,30.3,14.6,8.3,5.6,46.0,209.0
2026-07-10T19:00,34.0,15.3,8.8,5.8,43.0,211.0
2026-07-10T20:00,34.8,15.5,8.9,5.8,40.0,208.0
2026-07-10T21:00,36.3,15.9,8.3,5.6,40.0,197.0
2026-07-10T22:00,37.3,16.2,7.2,5.2,41.0,181.0
2026-07-10T23:00,37.4,15.9,6.1,4.7,42.0,163.0
2026-07-11T00:00,39.7,15.7,5.0,4.1,43.0,143.0
2026-07-11T01:00,39.0,15.3,3.8,3.4,44.0,121.0
2026-07-11T02:00,38.9,15.1,3.1,2.9,45.0,106.0
2026-07-11T03:00,39.1,15.1,2.9,2.8,45.0,100.0
2026-07-11T04:00,38.2,14.8,3.1,3.0,44.0,102.0
2026-07-11T05:00,37.1,13.8,3.5,3.2,43.0,110.0
2026-07-11T06:00,34.3,13.1,4.7,3.8,42.0,131.0
2026-07-11T07:00,32.6,13.1,6.4,4.6,42.0,160.0
2026-07-11T08:00,31.8,13.3,7.3,5.2,43.0,177.0
2026-07-11T09:00,30.7,13.2,6.7,5.4,49.0,172.0
2026-07-11T10:00,30.0,13.3,5.3,5.5,57.0,156.0
2026-07-11T11:00,31.3,13.9,4.2,5.4,63.0,143.0
2026-07-11T12:00,32.2,14.3,3.8,5.2,66.0,138.0
2026-07-11T13:00,32.9,14.8,3.8,4.9,66.0,137.0
2026-07-11T14:00,32.6,15.0,4.0,4.6,65.0,142.0
2026-07-11T15:00,31.5,15.0,4.7,4.4,61.0,157.0
2026-07-11T16:00,31.3,14.6,5.7,4.2,55.0,177.0
2026-07-11T17:00,32.5,14.7,6.8,4.4,49.0,195.0
2026-07-11T18:00,31.1,14.3,7.2,4.7,47.0,209.0
2026-07-11T19:00,32.0,14.4,7.8,5.0,44.0,220.0
2026-07-11T20:00,32.0,14.3,8.0,5.2,42.0,221.0
2026-07-11T21:00,32.2,13.8,7.5,5.0,42.0,205.0
2026-07-11T22:00,31.9,13.6,6.6,4.7,42.0,179.0
2026-07-11T23:00,31.5,13.0,5.7,4.3,43.0,155.0
2026-07-12T00:00,30.0,12.1,4.8,3.9,43.0,135.0
2026-07-12T01:00,28.4,11.4,4.0,3.4,44.0,117.0
2026-07-12T02:00,25.9,10.5,3.4,3.1,44.0,105.0
2026-07-12T03:00,24.7,10.0,3.2,2.9,44.0,101.0
2026-07-12T04:00,26.4,10.3,3.2,2.9,43.0,102.0
2026-07-12T05:00,27.8,10.5,4.3,4.0,43.0,106.0
2026-07-12T06:00,29.0,10.9,4.8,4.5,43.0,114.0
2026-07-12T07:00,30.2,11.6,5.4,5.3,43.0,124.0
2026-07-12T08:00,30.5,12.4,5.6,5.8,45.0,131.0
2026-07-12T09:00,29.3,12.4,5.0,5.9,51.0,130.0
2026-07-12T10:00,29.2,12.9,4.0,5.9,59.0,126.0
2026-07-12T11:00,29.4,12.9,3.2,5.8,65.0,122.0
2026-07-12T12:00,30.2,13.1,2.9,5.7,67.0,120.0
2026-07-12T13:00,31.3,13.4,2.9,5.5,67.0,119.0
2026-07-12T14:00,32.5,13.6,3.1,5.4,65.0,121.0
2026-07-12T15:00,34.0,14.1,3.7,5.3,61.0,127.0
2026-07-12T16:00,35.6,14.6,4.6,5.3,56.0,135.0
2026-07-12T17:00,33.5,14.1,5.3,5.4,49.0,143.0
2026-07-12T18:00,35.3,14.9,5.8,5.6,47.0,151.0
2026-07-12T19:00,35.9,15.5,6.4,5.8,44.0,159.0
2026-07-12T20:00,34.5,15.4,6.7,5.9,42.0,163.0
2026-07-12T21:00,32.1,14.8,6.4,5.7,42.0,160.0
2026-07-12T22:00,29.7,14.1,5.8,5.4,43.0,152.0
2026-07-12T23:00,26.7,13.3,5.2,5.1,44.0,142.0
2026-07-13T00:00,23.7,12.3,4.8,4.8,44.0,129.0
2026-07-13T01:00,20.8,11.3,4.4,4.4,45.0,114.0
2026-07-13T02:00,19.0,10.7,4.2,4.2,45.0,104.0
2026-07-13T03:00,17.9,10.2,4.1,4.1,45.0,100.0
2026-07-13T04:00,17.5,9.8,4.1,4.1,45.0,101.0
2026-07-13T05:00,17.2,9.3,3.9,3.9,45.0,108.0
2026-07-13T06:00,18.8,10.0,4.9,4.7,45.0,129.0
2026-07-13T07:00,21.3,11.2,6.2,5.8,45.0,156.0
2026-07-13T08:00,24.0,12.6,6.9,6.6,48.0,173.0
2026-07-13T09:00,27.0,14.1,6.3,6.8,55.0,167.0
2026-07-13T10:00,29.2,15.3,5.0,6.8,65.0,150.0
2026-07-13T11:00,30.5,15.9,4.0,6.7,72.0,138.0
2026-07-13T12:00,31.2,16.2,3.7,6.6,75.0,136.0
2026-07-13T13:00,30.7,16.5,3.7,6.4,75.0,138.0
2026-07-13T14:00,29.6,16.2,4.0,6.3,73.0,142.0
2026-07-13T15:00,27.6,15.4,4.9,6.3,68.0,148.0
2026-07-13T16:00,26.2,15.0,6.1,6.2,60.0,157.0
2026-07-13T17:00,36.9,20.4,6.1,6.6,55.0,169.0
2026-07-13T18:00,33.6,18.9,6.7,6.7,52.0,190.0
2026-07-13T19:00,32.6,18.2,7.4,6.7,48.0,214.0
2026-07-13T20:00,33.3,18.3,7.8,6.6,45.0,226.0
2026-07-13T21:00,34.8,18.9,7.5,6.2,45.0,215.0
2026-07-13T22:00,35.3,19.0,6.8,5.6,46.0,191.0
2026-07-13T23:00,34.9,18.8,6.0,5.1,47.0,168.0
2026-07-14T00:00,36.1,19.0,5.3,4.6,47.0,148.0
2026-07-14T01:00,38.8,20.1,4.5,4.1,48.0,128.0
2026-07-14T02:00,39.2,20.1,3.9,3.7,48.0,115.0
2026-07-14T03:00,41.9,20.9,3.5,3.4,48.0,111.0
2026-07-14T04:00,42.4,20.5,3.4,3.3,47.0,113.0
2026-07-14T05:00,43.4,20.7,3.6,3.5,48.0,122.0
2026-07-14T06:00,44.8,21.0,4.5,4.3,47.0,143.0
2026-07-14T07:00,46.4,21.7,5.7,5.4,47.0,170.0
2026-07-14T08:00,50.1,23.0,6.4,6.4,50.0,187.0
2026-07-14T09:00,51.3,23.9,6.2,7.2,59.0,182.0
2026-07-14T10:00,53.3,25.0,5.5,7.9,71.0,167.0
2026-07-14T11:00,54.1,25.8,4.9,8.3,80.0,155.0
2026-07-14T12:00,52.2,25.2,4.6,8.2,83.0,151.0
2026-07-14T13:00,50.8,24.4,4.4,7.7,82.0,150.0
2026-07-14T14:00,47.0,22.5,4.6,7.3,78.0,153.0
2026-07-14T15:00,45.3,21.4,5.4,6.9,71.0,161.0
2026-07-14T16:00,44.1,20.5,6.5,6.5,61.0,174.0
2026-07-14T17:00,48.1,21.1,8.3,7.4,55.0,187.0
2026-07-14T18:00,48.1,20.5,8.6,7.2,51.0,203.0
2026-07-14T19:00,48.2,20.0,9.0,6.9,46.0,221.0
2026-07-14T20:00,48.3,19.9,9.1,6.5,42.0,232.0
2026-07-14T21:00,48.4,19.6,8.5,6.1,41.0,237.0
2026-07-14T22:00,45.6,19.0,7.6,5.7,42.0,236.0
2026-07-14T23:00,43.1,18.3,6.8,5.3,43.0,224.0
2026-07-15T00:00,40.7,17.8,6.1,5.0,44.0,192.0
2026-07-15T01:00,38.3,17.0,5.5,4.6,44.0,150.0
2026-07-15T02:00,38.8,16.9,5.0,4.4,45.0,121.0
2026-07-15T03:00,39.8,17.5,4.7,4.1,46.0,116.0
2026-07-15T04:00,41.3,17.6,4.5,3.8,48.0,124.0
2026-07-15T05:00,38.4,16.5,6.4,5.7,44.0,139.0
2026-07-15T06:00,35.4,16.4,7.3,6.1,43.0,163.0
2026-07-15T07:00,33.2,16.1,8.4,6.7,43.0,193.0
2026-07-15T08:00,35.0,16.5,9.0,7.2,45.0,213.0
2026-07-15T09:00,42.8,18.7,8.4,7.8,52.0,213.0
2026-07-15T10:00,39.5,19.2,7.3,8.3,61.0,203.0
2026-07-15T11:00,43.1,19.7,6.4,8.6,68.0,194.0
2026-07-15T12:00,39.9,19.8,5.9,8.2,71.0,189.0
2026-07-15T13:00,42.7,19.0,5.7,7.5,72.0,186.0
2026-07-15T14:00,59.1,21.2,6.2,7.3,72.0,187.0
2026-07-15T15:00,66.1,23.0,7.8,8.3,70.0,195.0
2026-07-15T16:00,67.1,24.0,10.0,9.8,67.0,207.0
2026-07-15T17:00,57.3,23.0,10.6,8.3,57.0,223.0
2026-07-15T18:00,47.7,20.5,11.1,8.3,52.0,246.0
2026-07-15T19:00,42.0,18.9,11.7,8.4,46.0,272.0
2026-07-15T20:00,38.0,17.6,12.0,8.4,41.0,285.0
2026-07-15T21:00,36.0,16.8,11.7,8.4,39.0,275.0
2026-07-15T22:00,37.0,16.8,11.1,8.4,40.0,252.0
2026-07-15T23:00,37.4,17.2,10.3,8.2,40.0,226.0
