latitude,longitude,elevation,utc_offset_seconds,timezone,timezone_abbreviation
19.086115,72.85291,8.0,19800,Asia/Kolkata,GMT+5:30

time,temperature_2m (°C),relative_humidity_2m (%),rain (mm),surface_pressure (hPa),cloud_cover (%),wind_speed_10m (m/s),wind_direction_10m (°)
2026-04-15T00:00,27.5,79,0.00,1007.7,0,2.16,316
2026-04-15T01:00,27.2,80,0.00,1007.1,0,1.88,318
2026-04-15T02:00,26.3,84,0.00,1006.8,0,0.92,331
2026-04-15T03:00,25.9,87,0.00,1006.3,0,0.95,342
2026-04-15T04:00,25.8,88,0.00,1006.2,0,1.25,355
2026-04-15T05:00,25.2,91,0.00,1006.5,0,0.71,45
2026-04-15T06:00,25.2,90,0.00,1007.1,4,0.76,79
2026-04-15T07:00,26.6,81,0.00,1007.5,0,0.81,60
2026-04-15T08:00,28.8,71,0.00,1008.1,0,0.91,9
2026-04-15T09:00,30.9,62,0.00,1008.2,0,1.39,339
2026-04-15T10:00,32.9,52,0.00,1008.0,1,1.95,318
2026-04-15T11:00,33.5,52,0.00,1007.7,0,2.73,298
2026-04-15T12:00,33.9,50,0.00,1007.3,0,3.49,295
2026-04-15T13:00,34.0,43,0.00,1006.7,0,4.10,300
2026-04-15T14:00,33.6,42,0.00,1005.7,0,4.38,305
2026-04-15T15:00,32.9,46,0.00,1005.1,0,4.36,307
2026-04-15T16:00,32.0,49,0.00,1004.9,0,4.41,309
2026-04-15T17:00,30.7,57,0.00,1004.8,0,4.01,310
2026-04-15T18:00,29.1,71,0.00,1005.0,0,3.30,309
2026-04-15T19:00,27.8,86,0.00,1005.9,2,2.61,306
2026-04-15T20:00,27.5,87,0.00,1006.8,35,1.89,307
2026-04-15T21:00,27.3,86,0.00,1007.6,16,1.17,301
2026-04-15T22:00,26.9,87,0.00,1007.8,16,0.41,284
2026-04-15T23:00,26.8,88,0.00,1007.9,38,0.61,215
2026-04-16T00:00,26.5,89,0.00,1007.4,7,0.58,239
2026-04-16T01:00,26.3,90,0.00,1007.0,10,0.72,258
2026-04-16T02:00,26.0,92,0.00,1006.8,17,0.68,253
2026-04-16T03:00,25.6,94,0.00,1006.5,30,0.58,239
2026-04-16T04:00,25.6,93,0.00,1006.2,33,0.16,252
2026-04-16T05:00,25.2,95,0.00,1006.4,30,0.30,99
2026-04-16T06:00,25.2,95,0.00,1006.9,27,0.50,90
2026-04-16T07:00,26.1,90,0.00,1007.4,29,0.54,68
2026-04-16T08:00,27.7,78,0.00,1008.2,46,0.36,344
2026-04-16T09:00,29.2,69,0.00,1008.7,15,0.76,302
2026-04-16T10:00,30.9,59,0.00,1008.7,1,1.60,290
2026-04-16T11:00,31.5,57,0.00,1008.5,1,2.53,285
2026-04-16T12:00,32.1,53,0.00,1008.1,0,3.27,289
2026-04-16T13:00,32.5,46,0.00,1007.3,0,3.61,289
2026-04-16T14:00,32.5,46,0.00,1006.3,0,3.59,291
2026-04-16T15:00,31.8,53,0.00,1005.5,0,3.56,294
2026-04-16T16:00,31.1,56,0.00,1005.2,0,3.31,295
2026-04-16T17:00,30.2,63,0.00,1004.8,0,3.06,296
2026-04-16T18:00,28.7,71,0.00,1005.3,0,2.48,298
2026-04-16T19:00,27.7,79,0.00,1006.3,0,2.06,296
2026-04-16T20:00,27.4,81,0.00,1007.3,1,1.91,290
2026-04-16T21:00,27.0,84,0.00,1008.0,2,2.04,295
2026-04-16T22:00,26.6,86,0.00,1008.7,5,2.17,296
2026-04-16T23:00,26.5,87,0.00,1009.0,5,1.53,281
2026-04-17T00:00,26.1,89,0.00,1008.6,44,0.67,283
2026-04-17T01:00,25.9,89,0.00,1008.4,100,0.16,252
2026-04-17T02:00,25.6,90,0.00,1007.9,100,0.07,135
2026-04-17T03:00,25.2,91,0.00,1007.4,100,0.38,67
2026-04-17T04:00,25.1,91,0.00,1007.3,100,0.97,78
2026-04-17T05:00,24.8,94,0.00,1007.5,100,1.41,84
2026-04-17T06:00,24.8,91,0.00,1007.8,100,1.12,80
2026-04-17T07:00,25.9,76,0.00,1008.4,100,1.06,71
2026-04-17T08:00,27.9,65,0.00,1009.3,100,0.75,86
2026-04-17T09:00,30.2,57,0.00,1010.0,100,0.05,90
2026-04-17T10:00,31.8,52,0.00,1010.1,100,1.00,252
2026-04-17T11:00,32.4,53,0.00,1009.8,100,2.38,260
2026-04-17T12:00,32.6,57,0.00,1009.2,100,3.20,271
2026-04-17T13:00,32.2,58,0.00,1008.6,100,3.93,282
2026-04-17T14:00,31.7,61,0.00,1007.8,100,4.31,285
2026-04-17T15:00,31.3,62,0.00,1007.1,100,4.24,291
2026-04-17T16:00,31.1,62,0.00,1006.5,100,3.78,296
2026-04-17T17:00,30.4,67,0.00,1006.4,100,3.31,297
2026-04-17T18:00,29.6,73,0.00,1006.4,100,3.21,301
2026-04-17T19:00,28.8,78,0.00,1007.0,100,3.35,308
2026-04-17T20:00,28.6,80,0.00,1007.6,100,3.01,312
2026-04-17T21:00,28.2,85,0.00,1008.0,100,2.76,318
2026-04-17T22:00,28.0,85,0.00,1008.6,100,2.11,329
2026-04-17T23:00,27.8,87,0.00,1008.6,100,1.32,331
2026-04-18T00:00,27.5,87,0.00,1007.9,100,1.87,340
2026-04-18T01:00,27.2,88,0.00,1007.4,87,1.93,350
2026-04-18T02:00,26.8,90,0.00,1007.2,99,1.53,11
2026-04-18T03:00,26.3,92,0.00,1006.9,99,1.41,27
2026-04-18T04:00,25.9,93,0.00,1006.8,100,0.86,36
2026-04-18T05:00,25.7,94,0.00,1006.9,100,0.83,65
2026-04-18T06:00,25.8,91,0.00,1007.4,100,0.81,30
2026-04-18T07:00,27.0,80,0.00,1008.0,29,1.10,24
2026-04-18T08:00,29.4,66,0.00,1008.7,100,1.01,20
2026-04-18T09:00,31.9,53,0.00,1009.0,100,0.80,356
2026-04-18T10:00,34.3,41,0.00,1008.7,95,1.27,315
2026-04-18T11:00,33.1,55,0.00,1008.5,88,2.22,284
2026-04-18T12:00,33.4,61,0.00,1008.2,91,3.12,292
2026-04-18T13:00,33.9,54,0.00,1007.4,100,4.11,297
2026-04-18T14:00,32.9,54,0.00,1006.8,95,4.34,308
2026-04-18T15:00,33.2,56,0.00,1006.1,80,4.26,309
2026-04-18T16:00,32.1,63,0.00,1005.7,87,4.68,311
2026-04-18T17:00,31.6,61,0.00,1005.4,28,4.31,322
2026-04-18T18:00,30.7,64,0.00,1005.6,24,3.87,324
2026-04-18T19:00,30.0,66,0.00,1006.1,1,3.15,324
2026-04-18T20:00,30.2,58,0.00,1006.9,10,3.37,325
2026-04-18T21:00,29.8,60,0.00,1007.5,20,2.92,329
2026-04-18T22:00,28.9,73,0.00,1008.1,8,2.93,333
2026-04-18T23:00,28.4,76,0.00,1008.0,15,2.69,342
2026-04-19T00:00,28.3,70,0.00,1007.5,41,2.00,359
2026-04-19T01:00,28.3,60,0.00,1006.8,38,2.30,4
2026-04-19T02:00,28.1,55,0.00,1006.4,45,2.22,8
2026-04-19T03:00,27.9,53,0.00,1005.9,52,2.25,360
2026-04-19T04:00,27.5,54,0.00,1006.0,63,0.85,50
2026-04-19T05:00,27.5,60,0.00,1006.2,33,1.92,15
2026-04-19T06:00,27.2,60,0.00,1006.5,33,1.05,3
2026-04-19T07:00,28.4,57,0.00,1007.2,39,1.53,19
2026-04-19T08:00,30.2,53,0.00,1008.1,29,1.25,23
2026-04-19T09:00,32.1,47,0.00,1008.8,38,1.41,337
2026-04-19T10:00,34.0,41,0.00,1008.6,30,1.49,320
2026-04-19T11:00,34.2,46,0.00,1008.4,2,2.66,286
2026-04-19T12:00,34.3,50,0.00,1007.9,9,3.78,298
2026-04-19T13:00,34.2,46,0.00,1007.3,22,4.65,302
2026-04-19T14:00,33.7,47,0.00,1006.4,4,5.12,309
2026-04-19T15:00,33.6,46,0.00,1006.0,13,4.38,322
2026-04-19T16:00,33.3,46,0.00,1005.5,9,4.24,313
2026-04-19T17:00,32.2,47,0.00,1005.1,52,3.86,317
2026-04-19T18:00,30.9,53,0.00,1005.7,44,3.54,318
2026-04-19T19:00,30.3,57,0.00,1006.6,33,2.86,324
2026-04-19T20:00,29.9,59,0.00,1007.4,34,2.32,323
2026-04-19T21:00,29.3,66,0.00,1008.1,24,1.78,302
2026-04-19T22:00,28.7,70,0.00,1008.6,22,1.88,310
2026-04-19T23:00,28.3,72,0.00,1008.3,28,1.92,309
2026-04-20T00:00,28.0,73,0.00,1008.2,42,0.45,264
2026-04-20T01:00,28.2,71,0.00,1008.5,34,2.15,177
2026-04-20T02:00,28.0,71,0.00,1008.2,7,2.05,193
2026-04-20T03:00,27.7,70,0.00,1007.6,48,1.45,229
2026-04-20T04:00,27.0,74,0.00,1007.7,48,0.67,222
2026-04-20T05:00,26.9,79,0.00,1007.7,18,0.58,329
2026-04-20T06:00,26.8,79,0.00,1008.0,19,0.50,37
2026-04-20T07:00,28.0,74,0.00,1008.5,41,0.81,7
2026-04-20T08:00,29.4,68,0.00,1009.2,46,0.69,330
2026-04-20T09:00,31.2,60,0.00,1009.3,6,0.99,300
2026-04-20T10:00,33.3,50,0.00,1009.2,0,1.56,276
2026-04-20T11:00,34.2,50,0.00,1008.4,13,2.92,264
2026-04-20T12:00,34.0,46,0.00,1007.7,0,3.70,283
2026-04-20T13:00,35.1,38,0.00,1007.3,0,2.36,283
2026-04-20T14:00,34.4,45,0.00,1006.7,0,2.79,306
2026-04-20T15:00,34.0,46,0.00,1005.3,0,4.14,297
2026-04-20T16:00,32.7,51,0.00,1005.0,0,3.99,300
2026-04-20T17:00,30.9,62,0.00,1004.9,0,3.36,300
2026-04-20T18:00,29.6,70,0.00,1005.2,0,3.05,305
2026-04-20T19:00,28.9,74,0.00,1006.1,0,2.13,321
2026-04-20T20:00,28.7,72,0.00,1006.8,0,1.59,332
2026-04-20T21:00,28.5,71,0.00,1007.3,0,1.53,328
2026-04-20T22:00,28.2,75,0.00,1008.0,0,1.95,320
2026-04-20T23:00,28.1,78,0.00,1007.9,0,1.30,298
2026-04-21T00:00,27.7,81,0.00,1007.4,0,1.49,318
2026-04-21T01:00,27.4,83,0.00,1007.0,2,1.39,334
2026-04-21T02:00,27.1,84,0.00,1006.7,38,1.46,338
2026-04-21T03:00,27.1,84,0.00,1006.4,51,1.66,344
2026-04-21T04:00,26.6,86,0.00,1006.3,31,1.10,66
2026-04-21T05:00,26.4,87,0.00,1006.9,36,1.26,83
2026-04-21T06:00,26.5,86,0.00,1007.1,12,0.18,124
2026-04-21T07:00,27.8,75,0.00,1007.5,5,0.18,56
2026-04-21T08:00,29.9,59,0.00,1008.5,3,0.29,59
2026-04-21T09:00,32.1,48,0.00,1008.7,1,1.01,297
2026-04-21T10:00,33.4,48,0.00,1008.6,4,2.08,294
2026-04-21T11:00,33.9,49,0.00,1008.5,0,1.41,297
2026-04-21T12:00,35.4,46,0.00,1007.5,0,2.46,297
2026-04-21T13:00,35.3,50,0.00,1006.4,0,3.18,289
2026-04-21T14:00,34.6,50,0.00,1005.3,0,4.26,292
2026-04-21T15:00,33.8,50,0.00,1004.9,0,4.68,307
2026-04-21T16:00,33.3,50,0.00,1004.4,0,4.64,311
2026-04-21T17:00,32.4,47,0.00,1003.8,0,5.10,317
2026-04-21T18:00,31.1,56,0.00,1004.2,0,4.68,323
2026-04-21T19:00,30.4,58,0.00,1005.0,0,3.95,328
2026-04-21T20:00,30.1,60,0.00,1005.5,0,3.15,333
2026-04-21T21:00,30.0,57,0.00,1006.8,0,2.11,346
2026-04-21T22:00,29.4,62,0.00,1007.5,0,2.29,340
2026-04-21T23:00,28.9,67,0.00,1007.6,0,2.67,330
2026-04-22T00:00,28.6,67,0.00,1007.2,0,2.26,342
2026-04-22T01:00,28.1,68,0.00,1006.9,0,1.13,13
2026-04-22T02:00,27.8,66,0.00,1007.2,0,1.60,110
2026-04-22T03:00,27.0,68,0.00,1006.6,2,0.25,323
2026-04-22T04:00,26.7,71,0.00,1006.6,7,0.52,253
2026-04-22T05:00,27.3,68,0.00,1007.4,16,0.76,169
2026-04-22T06:00,27.4,69,0.00,1008.0,31,0.71,172
2026-04-22T07:00,28.6,67,0.00,1008.8,5,0.51,101
2026-04-22T08:00,30.3,62,0.00,1009.3,1,0.41,256
2026-04-22T09:00,32.0,53,0.00,1009.6,2,0.96,298
2026-04-22T10:00,33.7,48,0.00,1009.2,0,1.78,308
2026-04-22T11:00,33.8,51,0.00,1008.7,0,2.05,267
2026-04-22T12:00,33.9,56,0.00,1007.9,0,3.25,268
2026-04-22T13:00,33.5,55,0.00,1006.7,0,4.09,278
2026-04-22T14:00,33.3,54,0.00,1006.6,6,3.16,288
2026-04-22T15:00,32.9,55,0.00,1005.5,5,4.64,294
2026-04-22T16:00,32.3,55,0.00,1005.2,0,3.97,304
2026-04-22T17:00,31.5,57,0.00,1004.5,1,4.50,307
2026-04-22T18:00,30.3,63,0.00,1005.0,0,3.88,308
2026-04-22T19:00,29.7,66,0.00,1006.0,0,2.52,319
2026-04-22T20:00,29.3,69,0.00,1006.7,0,2.15,329
2026-04-22T21:00,29.1,69,0.00,1007.3,0,2.33,335
2026-04-22T22:00,28.7,69,0.00,1007.9,0,1.45,360
2026-04-22T23:00,28.6,68,0.00,1007.9,0,0.78,15
2026-04-23T00:00,28.1,68,0.00,1007.3,0,0.75,37
2026-04-23T01:00,27.7,67,0.00,1006.9,0,0.93,16
2026-04-23T02:00,27.4,64,0.00,1006.7,0,1.00,6
2026-04-23T03:00,26.8,64,0.00,1006.3,0,0.89,27
2026-04-23T04:00,26.8,61,0.00,1006.3,0,1.21,7
2026-04-23T05:00,26.4,66,0.00,1006.4,7,1.11,352
2026-04-23T06:00,27.2,61,0.00,1006.6,51,1.20,358
2026-04-23T07:00,28.4,57,0.00,1007.3,47,1.60,20
2026-04-23T08:00,30.5,48,0.00,1007.9,5,1.57,9
2026-04-23T09:00,33.1,36,0.00,1008.1,2,1.53,349
2026-04-23T10:00,35.2,32,0.00,1008.0,0,2.04,332
2026-04-23T11:00,36.1,35,0.00,1007.2,5,2.69,317
2026-04-23T12:00,36.0,45,0.00,1006.4,0,3.42,308
2026-04-23T13:00,35.4,51,0.00,1005.6,6,4.06,304
2026-04-23T14:00,34.8,50,0.00,1004.9,9,4.61,311
2026-04-23T15:00,34.1,49,0.00,1004.4,3,4.85,313
2026-04-23T16:00,34.1,48,0.00,1004.1,2,4.70,316
2026-04-23T17:00,33.4,48,0.00,1003.2,2,4.54,328
2026-04-23T18:00,32.9,43,0.00,1004.2,0,3.52,330
2026-04-23T19:00,32.2,45,0.00,1004.7,0,3.14,329
2026-04-23T20:00,32.0,44,0.00,1005.7,0,3.61,326
2026-04-23T21:00,30.6,54,0.00,1006.2,0,4.16,336
2026-04-23T22:00,30.2,54,0.00,1006.6,1,4.05,347
2026-04-23T23:00,30.0,55,0.00,1006.9,0,2.56,354
2026-04-24T00:00,29.7,55,0.00,1006.2,0,2.86,344
2026-04-24T01:00,29.4,56,0.00,1005.7,0,3.35,346
2026-04-24T02:00,29.1,58,0.00,1005.6,22,3.41,346
2026-04-24T03:00,28.5,65,0.00,1005.1,0,2.55,360
2026-04-24T04:00,27.9,68,0.00,1005.7,4,1.48,28
2026-04-24T05:00,27.7,67,0.00,1006.2,37,0.82,128
2026-04-24T06:00,28.2,62,0.00,1006.9,47,0.72,155
2026-04-24T07:00,29.1,58,0.00,1007.8,56,0.11,63
2026-04-24T08:00,30.6,52,0.00,1008.7,50,0.51,331
2026-04-24T09:00,32.6,48,0.00,1008.6,31,0.79,325
2026-04-24T10:00,34.6,44,0.00,1007.9,20,1.81,312
2026-04-24T11:00,35.0,50,0.00,1007.6,15,2.64,295
2026-04-24T12:00,34.6,53,0.00,1006.9,13,3.83,303
2026-04-24T13:00,36.0,46,0.00,1006.3,24,3.23,338
2026-04-24T14:00,36.1,48,0.00,1005.4,11,3.93,319
2026-04-24T15:00,37.3,37,0.00,1004.7,14,2.41,313
2026-04-24T16:00,35.1,52,0.00,1004.3,2,3.61,315
2026-04-24T17:00,33.6,48,0.00,1003.7,6,3.81,322
2026-04-24T18:00,31.9,57,0.00,1004.1,6,4.13,328
2026-04-24T19:00,30.9,62,0.00,1004.7,7,4.23,331
2026-04-24T20:00,30.8,57,0.00,1005.5,1,3.49,326
2026-04-24T21:00,30.0,65,0.00,1006.5,1,2.90,328
2026-04-24T22:00,29.4,67,0.00,1006.9,3,2.96,338
2026-04-24T23:00,28.9,71,0.00,1006.9,13,3.48,342
2026-04-25T00:00,29.0,63,0.00,1006.9,24,2.70,1
2026-04-25T01:00,29.0,57,0.00,1006.5,38,3.56,340
2026-04-25T02:00,28.9,59,0.00,1006.2,13,3.83,340
2026-04-25T03:00,28.5,58,0.00,1005.9,5,2.65,3
2026-04-25T04:00,27.9,57,0.00,1006.4,1,2.24,24
2026-04-25T05:00,28.0,56,0.00,1006.2,3,1.90,14
2026-04-25T06:00,28.0,55,0.00,1006.9,1,1.66,16
2026-04-25T07:00,29.0,52,0.00,1007.2,4,1.70,28
2026-04-25T08:00,31.7,42,0.00,1008.0,8,1.81,14
2026-04-25T09:00,34.7,32,0.00,1008.4,0,1.96,4
2026-04-25T10:00,37.3,27,0.00,1008.3,0,1.73,350
2026-04-25T11:00,37.0,34,0.00,1008.1,0,2.36,291
2026-04-25T12:00,36.5,46,0.00,1007.4,2,3.42,297
2026-04-25T13:00,35.8,48,0.00,1006.5,9,3.84,309
2026-04-25T14:00,36.4,40,0.00,1005.6,6,4.31,322
2026-04-25T15:00,36.8,42,0.00,1004.7,4,4.17,316
2026-04-25T16:00,35.6,39,0.00,1004.6,5,4.39,311
2026-04-25T17:00,33.8,46,0.00,1004.5,55,4.17,316
2026-04-25T18:00,32.0,53,0.00,1004.9,37,3.90,324
2026-04-25T19:00,30.9,61,0.00,1005.6,33,4.18,332
2026-04-25T20:00,30.8,60,0.00,1006.4,91,3.88,330
2026-04-25T21:00,30.2,64,0.00,1007.1,100,3.16,329
2026-04-25T22:00,30.1,60,0.00,1007.9,98,1.38,46
2026-04-25T23:00,30.4,51,0.00,1007.6,21,2.21,354
2026-04-26T00:00,29.9,49,0.00,1006.9,7,0.95,3
2026-04-26T01:00,29.1,50,0.00,1006.3,35,0.93,324
2026-04-26T02:00,29.1,52,0.00,1005.9,0,1.79,337
2026-04-26T03:00,28.2,59,0.00,1005.8,0,1.01,327
2026-04-26T04:00,27.8,64,0.00,1005.8,3,0.68,287
2026-04-26T05:00,28.1,61,0.00,1006.1,5,0.51,281
2026-04-26T06:00,28.4,64,0.00,1006.5,9,0.34,243
2026-04-26T07:00,29.7,62,0.00,1007.3,19,0.32,162
2026-04-26T08:00,31.3,59,0.00,1007.9,13,0.28,225
2026-04-26T09:00,33.2,53,0.00,1008.2,7,0.68,253
2026-04-26T10:00,34.6,50,0.00,1008.0,0,1.37,260
2026-04-26T11:00,34.3,55,0.00,1007.7,38,1.97,243
2026-04-26T12:00,34.7,56,0.00,1007.2,45,2.52,256
2026-04-26T13:00,34.5,55,0.00,1006.2,39,3.11,264
2026-04-26T14:00,34.1,53,0.00,1005.0,16,3.57,276
2026-04-26T15:00,34.4,52,0.00,1004.7,27,2.66,282
2026-04-26T16:00,33.5,55,0.00,1004.2,27,3.11,275
2026-04-26T17:00,32.5,59,0.00,1003.7,8,3.51,266
2026-04-26T18:00,30.8,71,0.00,1004.1,10,2.55,250
2026-04-26T19:00,29.8,78,0.00,1005.1,6,2.42,232
2026-04-26T20:00,29.4,81,0.00,1005.7,2,2.50,237
2026-04-26T21:00,29.1,84,0.00,1006.4,6,1.89,217
2026-04-26T22:00,28.8,86,0.00,1007.0,5,2.07,188
2026-04-26T23:00,28.7,86,0.00,1007.0,11,2.47,187
2026-04-27T00:00,28.6,86,0.00,1006.5,30,2.48,199
2026-04-27T01:00,28.4,86,0.00,1006.2,27,2.33,205
2026-04-27T02:00,28.3,87,0.00,1005.9,28,1.55,213
2026-04-27T03:00,28.1,87,0.00,1005.5,13,1.61,175
2026-04-27T04:00,27.9,88,0.00,1005.3,7,2.71,155
2026-04-27T05:00,27.6,92,0.00,1005.3,34,2.89,157
2026-04-27T06:00,27.7,91,0.00,1006.2,33,2.15,158
2026-04-27T07:00,28.5,86,0.00,1006.7,34,2.55,160
2026-04-27T08:00,30.0,76,0.00,1007.3,25,2.96,176
2026-04-27T09:00,31.2,68,0.00,1007.8,15,3.04,189
2026-04-27T10:00,32.1,64,0.00,1008.0,8,3.43,199
2026-04-27T11:00,32.1,64,0.00,1007.4,4,4.33,202
2026-04-27T12:00,32.8,59,0.00,1006.9,1,4.33,214
2026-04-27T13:00,32.8,61,0.00,1006.2,2,4.38,225
2026-04-27T14:00,32.7,62,0.00,1005.1,1,4.00,229
2026-04-27T15:00,32.4,63,0.00,1004.9,1,2.92,232
2026-04-27T16:00,32.0,65,0.00,1004.2,12,3.30,256
2026-04-27T17:00,31.1,71,0.00,1003.7,64,3.80,268
2026-04-27T18:00,30.0,78,0.00,1004.2,1,1.99,282
2026-04-27T19:00,29.3,80,0.00,1004.6,0,2.41,283
2026-04-27T20:00,29.0,80,0.00,1005.2,0,1.75,272
2026-04-27T21:00,28.7,82,0.00,1005.8,0,1.39,255
2026-04-27T22:00,28.5,83,0.00,1006.0,0,1.32,259
2026-04-27T23:00,28.4,85,0.00,1005.5,0,1.08,202
2026-04-28T00:00,28.1,86,0.00,1005.1,5,0.85,183
2026-04-28T01:00,27.8,88,0.00,1005.2,10,0.97,168
2026-04-28T02:00,27.7,89,0.00,1005.2,7,1.18,168
2026-04-28T03:00,27.4,91,0.00,1005.2,5,0.76,169
2026-04-28T04:00,27.2,91,0.00,1005.6,6,0.96,152
2026-04-28T05:00,27.4,91,0.00,1005.6,5,1.60,166
2026-04-28T06:00,27.5,90,0.00,1006.1,18,1.66,151
2026-04-28T07:00,28.2,87,0.00,1006.9,24,1.89,148
2026-04-28T08:00,29.5,78,0.00,1007.4,14,1.75,156
2026-04-28T09:00,31.0,68,0.00,1007.9,5,1.75,180
2026-04-28T10:00,32.3,62,0.00,1007.8,2,2.27,202
2026-04-28T11:00,32.6,60,0.00,1007.7,4,3.01,212
2026-04-28T12:00,33.2,55,0.00,1007.1,2,3.32,226
2026-04-28T13:00,33.3,54,0.00,1006.3,2,3.57,239
2026-04-28T14:00,33.3,54,0.00,1005.6,2,3.87,250
2026-04-28T15:00,32.5,59,0.00,1004.9,0,3.99,258
2026-04-28T16:00,31.8,62,0.00,1004.6,1,3.80,257
2026-04-28T17:00,31.1,64,0.00,1004.2,3,3.18,254
2026-04-28T18:00,30.0,70,0.00,1004.4,2,2.94,260
2026-04-28T19:00,29.2,76,0.00,1005.0,2,2.96,265
2026-04-28T20:00,28.9,79,0.00,1005.7,0,2.55,269
2026-04-28T21:00,28.6,81,0.00,1006.4,0,1.83,281
2026-04-28T22:00,28.4,83,0.00,1006.8,2,1.13,311
2026-04-28T23:00,28.4,85,0.00,1006.8,6,0.53,311
2026-04-29T00:00,28.1,87,0.00,1006.1,21,0.20,270
2026-04-29T01:00,27.8,89,0.00,1005.6,27,0.21,256
2026-04-29T02:00,27.6,90,0.00,1005.5,31,0.22,207
2026-04-29T03:00,27.2,91,0.00,1005.4,96,0.18,146
2026-04-29T04:00,26.9,92,0.00,1005.5,19,0.54,124
2026-04-29T05:00,26.8,93,0.00,1005.5,1,1.10,114
2026-04-29T06:00,26.8,93,0.00,1006.1,2,1.36,107
2026-04-29T07:00,27.5,88,0.00,1006.8,2,1.25,119
2026-04-29T08:00,29.4,74,0.00,1007.7,0,1.36,152
2026-04-29T09:00,31.1,64,0.00,1008.1,0,2.25,180
2026-04-29T10:00,32.1,60,0.00,1008.1,0,3.02,196
2026-04-29T11:00,32.5,55,0.00,1007.9,1,3.70,203
2026-04-29T12:00,33.1,49,0.00,1007.4,0,4.29,208
2026-04-29T13:00,33.1,53,0.00,1006.8,0,4.70,215
2026-04-29T14:00,32.9,54,0.00,1006.1,0,4.71,227
2026-04-29T15:00,32.5,56,0.00,1005.7,0,4.30,239
2026-04-29T16:00,31.8,61,0.00,1005.3,1,4.00,244
2026-04-29T17:00,31.1,63,0.00,1004.7,0,3.44,244
2026-04-29T18:00,29.9,72,0.00,1005.0,0,3.02,251
2026-04-29T19:00,29.2,79,0.00,1005.4,0,2.69,252
2026-04-29T20:00,28.9,82,0.00,1006.3,2,2.61,258
2026-04-29T21:00,28.6,84,0.00,1006.7,32,2.58,261
2026-04-29T22:00,28.7,82,0.00,1007.2,39,2.20,269
2026-04-29T23:00,28.6,82,0.00,1007.1,27,1.35,266
2026-04-30T00:00,28.6,81,0.00,1007.0,20,0.76,238
2026-04-30T01:00,28.2,83,0.00,1006.6,16,0.95,183
2026-04-30T02:00,27.9,85,0.00,1006.4,4,1.66,164
2026-04-30T03:00,27.5,88,0.00,1006.0,6,2.02,157
2026-04-30T04:00,27.1,92,0.00,1006.3,18,2.33,152
2026-04-30T05:00,27.0,93,0.00,1006.2,30,1.79,157
2026-04-30T06:00,27.2,92,0.00,1006.9,26,1.72,163
2026-04-30T07:00,28.3,85,0.00,1007.6,31,2.11,173
2026-04-30T08:00,29.9,74,0.00,1008.5,16,2.22,194
2026-04-30T09:00,31.1,66,0.00,1009.3,27,2.71,205
2026-04-30T10:00,31.9,62,0.00,1009.4,18,3.30,202
2026-04-30T11:00,32.1,61,0.00,1009.2,4,3.60,209
2026-04-30T12:00,32.7,58,0.00,1008.9,1,3.63,218
2026-04-30T13:00,32.7,59,0.00,1008.1,4,3.82,225
2026-04-30T14:00,32.4,61,0.00,1007.2,2,4.11,229
2026-04-30T15:00,32.1,63,0.00,1006.6,5,4.08,230
2026-04-30T16:00,31.4,66,0.00,1006.3,5,4.08,229
2026-04-30T17:00,30.8,71,0.00,1006.4,3,3.96,223
2026-04-30T18:00,29.9,75,0.00,1006.5,9,3.29,224
2026-04-30T19:00,29.3,79,0.00,1006.7,10,3.01,224
2026-04-30T20:00,29.2,80,0.00,1007.3,18,2.76,222
2026-04-30T21:00,29.0,81,0.00,1007.8,23,2.62,220
2026-04-30T22:00,28.9,81,0.00,1008.3,21,2.55,220
2026-04-30T23:00,28.7,82,0.00,1008.0,37,2.71,210
2026-05-01T00:00,28.5,82,0.00,1007.5,45,2.64,207
2026-05-01T01:00,28.5,82,0.00,1007.2,43,2.59,205
2026-05-01T02:00,28.3,83,0.00,1007.1,22,2.73,206
2026-05-01T03:00,28.3,82,0.00,1007.0,19,2.50,206
2026-05-01T04:00,28.2,81,0.00,1007.0,18,2.39,206
2026-05-01T05:00,28.3,80,0.00,1007.1,22,2.79,189
2026-05-01T06:00,28.5,79,0.00,1007.6,27,3.15,190
2026-05-01T07:00,29.3,73,0.00,1008.3,26,3.79,198
2026-05-01T08:00,30.3,67,0.00,1009.0,50,4.25,210
2026-05-01T09:00,31.3,61,0.00,1009.8,31,4.34,215
2026-05-01T10:00,31.8,60,0.00,1009.9,44,4.50,217
2026-05-01T11:00,32.1,61,0.00,1009.6,15,4.46,217
2026-05-01T12:00,32.5,60,0.00,1009.2,18,4.64,222
2026-05-01T13:00,32.4,60,0.00,1008.7,14,4.74,222
2026-05-01T14:00,32.5,60,0.00,1007.5,17,4.65,231
2026-05-01T15:00,32.0,63,0.00,1006.9,20,4.66,232
2026-05-01T16:00,31.5,65,0.00,1006.1,4,4.42,236
2026-05-01T17:00,30.6,69,0.00,1006.5,15,4.53,229
2026-05-01T18:00,29.8,72,0.00,1006.6,25,4.42,232
2026-05-01T19:00,29.5,73,0.00,1007.0,36,4.28,226
2026-05-01T20:00,29.3,73,0.00,1007.3,30,3.79,222
2026-05-01T21:00,29.0,75,0.00,1007.5,27,3.15,222
2026-05-01T22:00,28.9,75,0.00,1008.1,38,2.90,234
2026-05-01T23:00,29.1,77,0.00,1008.1,34,2.76,226
2026-05-02T00:00,28.9,78,0.00,1007.3,33,2.48,222
2026-05-02T01:00,28.6,80,0.00,1006.6,13,2.04,202
2026-05-02T02:00,28.2,82,0.00,1006.2,11,1.78,190
2026-05-02T03:00,28.0,82,0.00,1005.8,15,1.55,182
2026-05-02T04:00,27.8,84,0.00,1005.9,35,1.60,176
2026-05-02T05:00,27.7,84,0.00,1005.9,23,1.55,176
2026-05-02T06:00,27.8,85,0.00,1006.3,37,1.62,171
2026-05-02T07:00,28.6,81,0.00,1007.0,26,2.35,178
2026-05-02T08:00,30.0,72,0.00,1007.7,22,3.14,194
2026-05-02T09:00,31.1,65,0.00,1008.2,29,3.67,204
2026-05-02T10:00,31.9,60,0.00,1008.4,36,3.95,212
2026-05-02T11:00,32.2,59,0.00,1008.1,30,3.90,213
2026-05-02T12:00,32.5,59,0.00,1007.7,7,3.98,220
2026-05-02T13:00,32.6,59,0.00,1007.1,9,4.03,227
2026-05-02T14:00,32.7,59,0.00,1006.3,8,4.16,237
2026-05-02T15:00,32.2,61,0.00,1005.5,8,4.17,240
2026-05-02T16:00,31.8,62,0.00,1005.2,3,4.18,245
2026-05-02T17:00,30.8,68,0.00,1004.8,4,4.17,226
2026-05-02T18:00,30.1,71,0.00,1004.9,13,3.97,228
2026-05-02T19:00,29.7,73,0.00,1005.4,38,3.75,228
2026-05-02T20:00,29.7,72,0.00,1005.9,34,3.47,226
2026-05-02T21:00,29.6,72,0.00,1006.4,45,3.40,221
2026-05-02T22:00,29.4,73,0.00,1007.0,48,3.26,216
2026-05-02T23:00,29.2,76,0.00,1006.6,34,3.38,207
2026-05-03T00:00,29.1,76,0.00,1006.3,35,3.60,209
2026-05-03T01:00,29.0,77,0.00,1006.1,34,3.40,210
2026-05-03T02:00,28.8,79,0.00,1006.0,38,3.16,215
2026-05-03T03:00,28.7,79,0.00,1005.8,41,2.91,215
2026-05-03T04:00,28.5,80,0.00,1005.9,25,2.65,212
2026-05-03T05:00,28.6,79,0.00,1006.0,16,2.39,200
2026-05-03T06:00,28.7,78,0.00,1006.4,27,2.21,193
2026-05-03T07:00,29.4,74,0.00,1007.1,48,2.75,196
2026-05-03T08:00,30.6,67,0.00,1007.6,37,3.31,200
2026-05-03T09:00,31.4,63,0.00,1008.2,13,3.45,202
2026-05-03T10:00,32.1,61,0.00,1008.4,5,3.52,215
2026-05-03T11:00,32.3,60,0.00,1007.9,5,3.62,215
2026-05-03T12:00,32.8,58,0.00,1007.3,3,3.70,218
2026-05-03T13:00,32.9,59,0.00,1006.7,1,3.78,223
2026-05-03T14:00,32.7,60,0.00,1005.9,2,3.87,231
2026-05-03T15:00,32.2,64,0.00,1005.4,6,4.11,243
2026-05-03T16:00,31.5,67,0.00,1005.1,6,3.99,248
2026-05-03T17:00,30.6,71,0.00,1004.9,6,3.40,234
2026-05-03T18:00,29.6,77,0.00,1005.2,6,3.07,233
2026-05-03T19:00,29.0,80,0.00,1005.4,19,3.08,223
2026-05-03T20:00,28.9,80,0.00,1006.0,23,3.50,222
2026-05-03T21:00,28.9,79,0.00,1006.7,30,3.63,218
2026-05-03T22:00,28.9,78,0.00,1007.4,24,3.59,219
2026-05-03T23:00,29.1,78,0.00,1007.2,23,3.73,212
2026-05-04T00:00,29.0,78,0.00,1006.8,30,3.52,210
2026-05-04T01:00,28.9,78,0.00,1006.1,26,3.15,205
2026-05-04T02:00,28.8,77,0.00,1005.8,22,3.16,203
2026-05-04T03:00,28.6,78,0.00,1005.5,23,3.00,206
2026-05-04T04:00,28.4,78,0.00,1005.7,25,2.72,212
2026-05-04T05:00,28.4,78,0.00,1005.5,28,3.14,202
2026-05-04T06:00,28.8,76,0.00,1005.9,22,3.31,200
2026-05-04T07:00,29.5,71,0.00,1006.6,17,3.74,208
2026-05-04T08:00,30.5,66,0.00,1007.3,18,3.88,212
2026-05-04T09:00,31.4,61,0.00,1007.7,31,3.94,216
2026-05-04T10:00,32.0,60,0.00,1007.9,9,3.73,219
2026-05-04T11:00,32.5,60,0.00,1007.5,5,3.86,211
2026-05-04T12:00,32.9,59,0.00,1007.3,10,4.12,219
2026-05-04T13:00,32.9,59,0.00,1006.9,20,4.35,226
2026-05-04T14:00,32.8,59,0.00,1006.2,27,4.53,236
2026-05-04T15:00,32.3,60,0.00,1005.5,25,4.45,237
2026-05-04T16:00,31.8,62,0.00,1005.0,30,4.37,237
2026-05-04T17:00,31.1,65,0.00,1004.6,11,3.93,227
2026-05-04T18:00,30.2,69,0.00,1004.8,4,3.64,226
2026-05-04T19:00,29.7,72,0.00,1005.1,18,3.59,219
2026-05-04T20:00,29.6,72,0.00,1005.7,33,3.43,222
2026-05-04T21:00,29.6,72,0.00,1006.4,48,3.29,216
2026-05-04T22:00,29.4,73,0.00,1007.2,48,3.34,212
2026-05-04T23:00,29.4,73,0.00,1006.9,46,3.38,209
2026-05-05T00:00,29.3,73,0.00,1006.6,46,3.44,208
2026-05-05T01:00,29.2,74,0.00,1006.7,49,2.82,207
2026-05-05T02:00,29.2,74,0.00,1006.8,44,2.64,207
2026-05-05T03:00,28.8,76,0.00,1006.7,35,2.55,208
2026-05-05T04:00,28.6,77,0.00,1006.9,36,2.50,213
2026-05-05T05:00,28.6,81,0.00,1007.4,15,2.17,209
2026-05-05T06:00,28.9,77,0.00,1007.8,5,1.68,207
2026-05-05T07:00,29.8,70,0.00,1008.5,7,1.59,208
2026-05-05T08:00,31.0,65,0.00,1008.9,13,2.02,213
2026-05-05T09:00,32.0,60,0.00,1009.0,17,2.28,218
2026-05-05T10:00,32.7,58,0.00,1009.1,10,2.55,227
2026-05-05T11:00,32.8,59,0.00,1008.9,19,3.01,238
2026-05-05T12:00,33.0,58,0.00,1008.6,16,3.48,254
2026-05-05T13:00,32.9,59,0.00,1007.9,11,3.69,261
2026-05-05T14:00,32.8,60,0.00,1007.3,9,3.81,266
2026-05-05T15:00,32.2,63,0.00,1006.6,9,4.00,272
2026-05-05T16:00,31.5,65,0.00,1006.6,9,3.80,279
2026-05-05T17:00,31.0,65,0.00,1006.3,7,3.57,281
2026-05-05T18:00,30.0,69,0.00,1006.6,13,3.24,287
2026-05-05T19:00,29.4,72,0.00,1007.2,12,2.75,289
2026-05-05T20:00,29.1,72,0.00,1007.7,6,2.33,285
2026-05-05T21:00,28.8,73,0.00,1008.1,5,1.87,279
2026-05-05T22:00,28.6,74,0.00,1008.6,10,1.42,280
2026-05-05T23:00,28.6,77,0.00,1008.6,32,1.35,266
2026-05-06T00:00,28.5,78,0.00,1008.3,34,1.40,266
2026-05-06T01:00,28.2,78,0.00,1007.9,42,1.64,258
2026-05-06T02:00,28.0,79,0.00,1007.6,42,1.68,247
2026-05-06T03:00,27.7,79,0.00,1007.6,45,1.50,270
2026-05-06T04:00,27.5,80,0.00,1007.7,37,1.25,299
2026-05-06T05:00,27.3,82,0.00,1007.9,53,0.83,295
2026-05-06T06:00,27.7,78,0.00,1008.4,33,1.18,324
2026-05-06T07:00,28.6,70,0.00,1008.8,14,1.37,350
2026-05-06T08:00,29.8,64,0.00,1008.9,6,1.36,354
2026-05-06T09:00,31.3,54,0.00,1008.9,2,1.39,339
2026-05-06T10:00,32.9,46,0.00,1008.6,0,1.69,304
2026-05-06T11:00,33.0,51,0.00,1008.3,0,2.58,285
2026-05-06T12:00,32.9,56,0.00,1007.4,0,3.76,293
2026-05-06T13:00,32.8,57,0.00,1006.7,1,4.23,299
2026-05-06T14:00,32.7,56,0.00,1005.7,0,4.71,301
2026-05-06T15:00,32.2,61,0.00,1004.9,0,5.12,302
2026-05-06T16:00,31.6,62,0.00,1004.4,0,5.03,307
2026-05-06T17:00,30.9,66,0.00,1004.0,0,4.77,305
2026-05-06T18:00,29.8,73,0.00,1004.0,0,4.40,310
2026-05-06T19:00,29.2,78,0.00,1004.4,1,3.85,316
2026-05-06T20:00,28.9,80,0.00,1004.7,1,3.36,317
2026-05-06T21:00,28.7,82,0.00,1005.3,6,2.34,340
2026-05-06T22:00,28.5,83,0.00,1005.9,17,1.96,4
2026-05-06T23:00,28.5,85,0.00,1005.7,19,1.96,345
2026-05-07T00:00,28.4,86,0.00,1005.2,26,1.71,353
2026-05-07T01:00,28.1,88,0.00,1005.1,27,1.06,8
2026-05-07T02:00,27.9,89,0.00,1004.9,33,0.96,351
2026-05-07T03:00,27.6,90,0.00,1004.7,30,1.33,340
2026-05-07T04:00,27.6,90,0.00,1005.0,22,1.64,340
2026-05-07T05:00,27.0,95,0.00,1005.1,14,1.31,40
2026-05-07T06:00,27.2,93,0.00,1005.7,10,1.20,48
2026-05-07T07:00,28.4,83,0.00,1006.3,2,0.85,40
2026-05-07T08:00,30.5,67,0.00,1006.8,1,1.32,351
2026-05-07T09:00,32.6,57,0.00,1007.1,0,1.82,328
2026-05-07T10:00,33.7,57,0.00,1007.3,2,2.14,286
2026-05-07T11:00,33.6,63,0.00,1007.1,32,3.37,282
2026-05-07T12:00,33.8,59,0.00,1007.2,45,2.17,299
2026-05-07T13:00,33.8,61,0.00,1006.5,46,3.65,289
2026-05-07T14:00,33.7,62,0.00,1005.3,11,4.07,298
2026-05-07T15:00,33.3,62,0.00,1005.0,2,3.88,308
2026-05-07T16:00,33.4,62,0.00,1004.6,5,3.50,317
2026-05-07T17:00,32.5,60,0.00,1004.1,3,3.25,315
2026-05-07T18:00,30.9,68,0.00,1004.4,2,3.16,305
2026-05-07T19:00,29.8,75,0.00,1005.1,4,3.14,307
2026-05-07T20:00,29.4,79,0.00,1005.7,10,3.39,316
2026-05-07T21:00,29.2,81,0.00,1006.1,3,3.22,317
2026-05-07T22:00,29.1,82,0.00,1006.6,1,3.04,318
2026-05-07T23:00,28.8,83,0.00,1007.1,2,0.78,285
2026-05-08T00:00,28.6,85,0.00,1007.0,9,0.74,250
2026-05-08T01:00,28.4,87,0.00,1006.7,22,1.65,268
2026-05-08T02:00,28.1,90,0.00,1006.3,23,1.45,268
2026-05-08T03:00,27.8,91,0.00,1006.3,30,0.81,300
2026-05-08T04:00,27.6,92,0.00,1006.5,36,0.50,354
2026-05-08T05:00,28.1,89,0.00,1006.7,46,1.12,32
2026-05-08T06:00,28.1,89,0.00,1007.1,16,1.46,52
2026-05-08T07:00,28.9,82,0.00,1007.5,0,1.43,78
2026-05-08T08:00,30.8,68,0.00,1008.0,5,0.92,103
2026-05-08T09:00,33.1,53,0.00,1008.2,2,0.45,360
2026-05-08T10:00,35.1,43,0.00,1008.2,0,1.19,298
2026-05-08T11:00,35.1,52,0.00,1007.4,63,2.43,279
2026-05-08T12:00,34.4,59,0.00,1007.0,53,3.34,287
2026-05-08T13:00,34.7,57,0.00,1006.2,10,4.31,292
2026-05-08T14:00,33.8,58,0.00,1005.6,70,5.09,303
2026-05-08T15:00,33.7,59,0.00,1004.9,9,4.70,315
2026-05-08T16:00,33.2,58,0.00,1004.7,26,4.40,320
2026-05-08T17:00,32.5,62,0.00,1004.2,6,4.58,321
2026-05-08T18:00,30.9,73,0.00,1004.3,2,4.57,323
2026-05-08T19:00,30.0,80,0.00,1004.6,2,4.09,327
2026-05-08T20:00,29.7,83,0.00,1005.9,0,2.59,341
2026-05-08T21:00,29.7,82,0.00,1006.7,0,1.31,7
2026-05-08T22:00,29.6,78,0.00,1007.2,9,0.91,9
2026-05-08T23:00,29.6,78,0.00,1006.8,43,1.08,304
2026-05-09T00:00,29.2,79,0.00,1006.6,80,1.15,326
2026-05-09T01:00,29.1,80,0.00,1006.3,67,1.16,335
2026-05-09T02:00,28.8,83,0.00,1006.1,28,1.24,346
2026-05-09T03:00,28.4,86,0.00,1006.3,22,1.36,354
2026-05-09T04:00,27.9,89,0.00,1006.4,26,0.80,360
2026-05-09T05:00,27.9,93,0.00,1006.5,18,1.77,317
2026-05-09T06:00,28.4,90,0.00,1007.0,13,1.79,333
2026-05-09T07:00,29.6,80,0.00,1007.7,0,1.11,8
2026-05-09T08:00,31.6,64,0.00,1008.2,0,1.14,15
2026-05-09T09:00,34.3,48,0.00,1008.6,0,1.15,342
2026-05-09T10:00,36.3,39,0.00,1008.4,0,1.74,319
2026-05-09T11:00,35.8,51,0.00,1007.7,5,2.64,299
2026-05-09T12:00,36.2,55,0.00,1007.0,14,3.44,298
2026-05-09T13:00,36.1,54,0.00,1006.3,20,4.36,297
2026-05-09T14:00,35.4,49,0.00,1005.4,77,4.84,308
2026-05-09T15:00,35.0,48,0.00,1004.7,25,4.32,300
2026-05-09T16:00,34.5,49,0.00,1004.5,20,3.91,295
2026-05-09T17:00,33.1,53,0.00,1004.8,24,3.11,266
2026-05-09T18:00,31.9,60,0.00,1005.3,18,2.86,282
2026-05-09T19:00,30.9,66,0.00,1005.7,2,2.60,286
2026-05-09T20:00,30.6,69,0.00,1006.4,4,2.40,301
2026-05-09T21:00,30.4,68,0.00,1006.7,1,2.68,303
2026-05-09T22:00,30.1,68,0.00,1007.1,0,1.76,305
2026-05-09T23:00,29.6,73,0.00,1007.4,0,0.46,311
2026-05-10T00:00,29.3,77,0.00,1007.2,2,0.92,315
2026-05-10T01:00,28.8,81,0.00,1006.6,12,0.90,326
2026-05-10T02:00,28.4,84,0.00,1006.2,2,1.42,328
2026-05-10T03:00,27.7,89,0.00,1006.0,0,0.40,30
2026-05-10T04:00,27.3,90,0.00,1005.8,0,0.34,63
2026-05-10T05:00,27.3,89,0.00,1005.9,0,0.85,357
2026-05-10T06:00,28.1,85,0.00,1006.2,0,1.12,350
2026-05-10T07:00,29.6,75,0.00,1006.7,0,1.11,352
2026-05-10T08:00,31.8,57,0.00,1007.1,0,1.25,358
2026-05-10T09:00,34.1,46,0.00,1007.2,0,1.17,340
2026-05-10T10:00,35.9,41,0.00,1006.7,0,1.88,320
2026-05-10T11:00,36.2,46,0.00,1006.2,0,2.22,301
2026-05-10T12:00,36.2,53,0.00,1005.4,11,3.53,297
2026-05-10T13:00,35.7,52,0.00,1004.8,38,4.38,302
2026-05-10T14:00,34.9,48,0.00,1004.2,28,4.71,311
2026-05-10T15:00,35.3,46,0.00,1003.1,18,4.75,311
2026-05-10T16:00,34.7,47,0.00,1002.4,9,5.06,317
2026-05-10T17:00,33.4,52,0.00,1002.3,16,4.70,308
2026-05-10T18:00,32.3,58,0.00,1002.6,19,4.35,308
2026-05-10T19:00,31.5,65,0.00,1003.1,17,3.84,302
2026-05-10T20:00,31.3,65,0.00,1003.8,16,3.83,306
2026-05-10T21:00,30.8,70,0.00,1004.4,5,4.07,314
2026-05-10T22:00,30.6,68,0.00,1004.8,2,2.90,328
2026-05-10T23:00,30.3,71,0.00,1005.0,1,0.71,352
2026-05-11T00:00,30.1,72,0.00,1004.2,0,1.61,330
2026-05-11T01:00,29.5,73,0.00,1004.0,0,0.75,360
2026-05-11T02:00,29.2,73,0.00,1004.0,6,0.32,162
2026-05-11T03:00,29.3,73,0.00,1004.1,15,1.35,149
2026-05-11T04:00,29.0,76,0.00,1004.1,5,1.06,172
2026-05-11T05:00,28.9,80,0.00,1004.6,27,0.83,155
2026-05-11T06:00,29.2,81,0.00,1005.3,4,0.89,117
2026-05-11T07:00,30.3,77,0.00,1006.2,2,0.63,119
2026-05-11T08:00,32.7,58,0.00,1006.6,0,0.39,50
2026-05-11T09:00,35.4,43,0.00,1006.7,1,1.02,349
2026-05-11T10:00,37.3,36,0.00,1006.5,8,1.68,323
2026-05-11T11:00,37.9,37,0.00,1006.3,5,2.58,285
2026-05-11T12:00,37.2,42,0.00,1005.8,85,3.80,268
2026-05-11T13:00,35.7,47,0.00,1005.3,34,5.05,271
2026-05-11T14:00,35.7,46,0.00,1004.6,11,5.29,285
2026-05-11T15:00,34.3,49,0.00,1003.7,5,5.81,285
2026-05-11T16:00,33.4,55,0.00,1003.4,45,5.57,295
2026-05-11T17:00,33.2,51,0.00,1003.1,14,4.84,301
2026-05-11T18:00,31.7,58,0.00,1003.4,4,4.14,313
2026-05-11T19:00,30.7,71,0.00,1003.6,2,2.91,309
2026-05-11T20:00,30.3,76,0.00,1004.6,66,2.06,311
2026-05-11T21:00,30.2,76,0.00,1005.4,88,2.29,328
2026-05-11T22:00,30.1,75,0.00,1005.7,60,0.72,335
2026-05-11T23:00,29.7,78,0.00,1005.6,42,0.05,270
2026-05-12T00:00,29.4,78,0.00,1005.2,6,0.18,304
2026-05-12T01:00,29.1,77,0.00,1004.8,0,0.50,186
2026-05-12T02:00,28.8,79,0.00,1004.6,0,0.69,210
2026-05-12T03:00,28.5,80,0.00,1004.6,0,0.65,184
2026-05-12T04:00,28.5,80,0.00,1004.5,0,1.10,175
2026-05-12T05:00,28.4,85,0.00,1004.8,2,1.46,164
2026-05-12T06:00,28.5,87,0.00,1005.2,18,1.29,167
2026-05-12T07:00,29.6,82,0.00,1005.9,0,1.17,170
2026-05-12T08:00,31.4,70,0.00,1006.3,0,0.61,215
2026-05-12T09:00,33.2,60,0.00,1006.7,0,1.10,267
2026-05-12T10:00,34.4,54,0.00,1006.4,0,2.41,275
2026-05-12T11:00,34.5,56,0.00,1005.6,0,3.29,279
2026-05-12T12:00,34.3,55,0.00,1005.0,0,4.06,284
2026-05-12T13:00,33.9,58,0.00,1004.2,4,4.64,281
2026-05-12T14:00,33.4,61,0.00,1003.3,7,4.47,288
2026-05-12T15:00,33.1,61,0.00,1002.4,8,4.66,294
2026-05-12T16:00,32.4,66,0.00,1001.8,3,4.92,297
2026-05-12T17:00,32.3,64,0.00,1001.2,2,4.14,297
2026-05-12T18:00,31.5,66,0.00,1001.9,3,3.13,309
2026-05-12T19:00,30.7,72,0.00,1002.1,1,3.20,304
2026-05-12T20:00,30.4,75,0.00,1003.0,6,2.97,318
2026-05-12T21:00,30.0,81,0.00,1003.7,4,2.91,311
2026-05-12T22:00,29.8,82,0.00,1004.3,41,2.30,326
2026-05-12T23:00,29.7,83,0.00,1003.9,59,1.22,325
2026-05-13T00:00,29.6,83,0.00,1003.4,98,1.43,299
2026-05-13T01:00,29.6,83,0.00,1003.1,88,0.53,319
2026-05-13T02:00,29.6,82,0.00,1003.1,100,0.51,209
2026-05-13T03:00,29.5,83,0.00,1003.2,84,1.10,210
2026-05-13T04:00,29.6,82,0.00,1003.8,58,2.00,202
2026-05-13T05:00,29.7,78,0.00,1003.9,88,1.94,192
2026-05-13T06:00,29.6,77,0.00,1004.3,83,2.33,189
2026-05-13T07:00,30.2,74,0.00,1005.1,100,2.24,204
2026-05-13T08:00,31.0,70,0.00,1005.6,100,2.48,205
2026-05-13T09:00,31.4,68,0.00,1006.2,94,2.71,218
2026-05-13T10:00,32.6,63,0.00,1006.3,98,3.08,227
2026-05-13T11:00,32.2,65,0.00,1005.7,100,3.08,226
2026-05-13T12:00,32.3,65,0.00,1005.0,96,3.38,236
2026-05-13T13:00,33.2,63,0.00,1003.9,89,3.86,251
2026-05-13T14:00,32.6,66,0.00,1003.6,92,3.10,267
2026-05-13T15:00,32.1,67,0.00,1003.2,9,3.40,271
2026-05-13T16:00,32.1,68,0.00,1002.7,9,4.17,276
2026-05-13T17:00,31.7,71,0.00,1001.9,4,3.92,275
2026-05-13T18:00,30.6,73,0.00,1002.0,0,3.52,276
2026-05-13T19:00,29.9,79,0.00,1002.5,5,3.00,272
2026-05-13T20:00,29.9,79,0.00,1003.6,26,2.57,262
2026-05-13T21:00,30.0,77,0.00,1004.5,41,2.50,250
2026-05-13T22:00,30.0,76,0.00,1005.0,41,2.37,252
2026-05-13T23:00,29.7,75,0.00,1005.0,100,2.37,222
2026-05-14T00:00,29.6,75,0.00,1004.5,100,2.47,225
2026-05-14T01:00,29.5,76,0.00,1003.6,95,2.02,224
2026-05-14T02:00,29.4,77,0.00,1003.1,86,1.54,234
2026-05-14T03:00,29.4,76,0.00,1002.8,84,1.15,236
2026-05-14T04:00,29.4,76,0.00,1002.8,84,0.95,252
2026-05-14T05:00,29.2,79,0.00,1003.1,95,0.34,153
2026-05-14T06:00,29.3,78,0.00,1003.7,90,0.68,144
2026-05-14T07:00,29.9,76,0.00,1004.3,80,0.51,191
2026-05-14T08:00,31.3,69,0.00,1004.7,95,0.81,248
2026-05-14T09:00,32.5,63,0.00,1005.1,68,1.50,266
2026-05-14T10:00,33.1,61,0.00,1005.2,55,2.31,275
2026-05-14T11:00,33.2,63,0.00,1004.9,35,3.11,274
2026-05-14T12:00,33.3,62,0.00,1004.2,48,3.83,287
2026-05-14T13:00,33.6,58,0.00,1003.6,67,4.34,291
2026-05-14T14:00,33.3,59,0.00,1002.9,86,4.62,292
2026-05-14T15:00,32.9,61,0.00,1002.3,97,4.70,294
2026-05-14T16:00,32.3,63,0.00,1001.8,84,4.65,295
2026-05-14T17:00,31.8,64,0.00,1002.1,90,4.48,294
2026-05-14T18:00,30.9,68,0.00,1002.4,58,4.19,293
2026-05-14T19:00,30.2,74,0.00,1002.9,5,3.78,294
2026-05-14T20:00,30.0,76,0.00,1003.5,6,3.34,294
2026-05-14T21:00,29.8,78,0.00,1004.2,95,2.74,288
2026-05-14T22:00,29.8,78,0.00,1004.9,88,2.44,285
2026-05-14T23:00,29.6,76,0.00,1004.6,86,2.35,294
2026-05-15T00:00,29.5,77,0.00,1004.1,76,2.29,306
2026-05-15T01:00,29.3,79,0.00,1003.6,60,1.89,302
2026-05-15T02:00,29.2,80,0.00,1003.2,41,1.96,302
2026-05-15T03:00,29.1,80,0.00,1003.3,67,2.37,312
2026-05-15T04:00,29.1,80,0.00,1003.6,92,2.45,321
2026-05-15T05:00,29.3,79,0.00,1004.0,37,2.21,322
2026-05-15T06:00,29.2,80,0.00,1004.9,34,1.96,322
2026-05-15T07:00,30.0,75,0.00,1005.7,59,2.28,322
2026-05-15T08:00,30.9,70,0.00,1006.2,56,2.66,319
2026-05-15T09:00,31.5,67,0.00,1006.8,53,2.56,309
2026-05-15T10:00,32.2,64,0.00,1007.3,74,2.64,285
2026-05-15T11:00,32.1,64,0.00,1007.3,91,3.39,279
2026-05-15T12:00,32.7,60,0.00,1006.7,76,3.52,281
2026-05-15T13:00,33.0,59,0.00,1005.5,88,3.90,280
2026-05-15T14:00,32.7,62,0.00,1004.7,91,4.18,281
2026-05-15T15:00,32.4,63,0.00,1004.1,51,3.97,284
2026-05-15T16:00,32.1,64,0.00,1003.6,45,3.65,287
2026-05-15T17:00,31.6,66,0.00,1003.7,2,3.41,281
2026-05-15T18:00,30.6,71,0.00,1004.0,0,3.31,285
2026-05-15T19:00,30.1,74,0.00,1004.1,1,3.17,286
2026-05-15T20:00,29.8,75,0.00,1004.8,5,3.31,290
2026-05-15T21:00,29.7,77,0.00,1005.3,21,3.38,299
2026-05-15T22:00,29.5,77,0.00,1005.6,23,3.34,305
2026-05-15T23:00,29.1,77,0.00,1005.1,21,2.87,319
2026-05-16T00:00,28.9,76,0.00,1004.8,29,2.79,327
2026-05-16T01:00,29.1,74,0.00,1004.4,70,2.54,328
2026-05-16T02:00,29.0,74,0.00,1004.1,91,2.24,336
2026-05-16T03:00,28.9,75,0.00,1003.6,71,2.10,342
2026-05-16T04:00,28.9,76,0.00,1004.0,85,1.82,352
2026-05-16T05:00,28.8,79,0.00,1004.3,59,1.60,4
2026-05-16T06:00,28.8,80,0.00,1004.6,44,1.65,2
2026-05-16T07:00,29.9,73,0.00,1005.3,36,2.24,350
2026-05-16T08:00,31.4,64,0.00,1005.6,66,3.20,340
2026-05-16T09:00,32.8,57,0.00,1005.7,93,3.69,335
2026-05-16T10:00,33.9,52,0.00,1005.7,99,3.84,325
2026-05-16T11:00,33.5,57,0.00,1005.3,53,4.39,311
2026-05-16T12:00,33.2,60,0.00,1004.9,88,4.72,306
2026-05-16T13:00,33.4,59,0.00,1004.3,88,4.94,306
2026-05-16T14:00,33.2,59,0.00,1003.4,94,5.20,305
2026-05-16T15:00,32.6,62,0.00,1002.9,37,5.20,305
2026-05-16T16:00,31.8,67,0.00,1002.6,68,4.86,307
2026-05-16T17:00,31.6,69,0.00,1002.3,18,4.60,304
2026-05-16T18:00,30.5,74,0.00,1002.5,41,4.40,309
2026-05-16T19:00,29.9,76,0.00,1002.9,33,4.21,313
2026-05-16T20:00,29.8,78,0.00,1003.6,23,3.93,312
2026-05-16T21:00,29.6,79,0.00,1004.5,55,3.29,313
2026-05-16T22:00,29.5,81,0.00,1005.2,48,2.48,318
2026-05-16T23:00,29.3,81,0.00,1005.4,79,2.02,318
2026-05-17T00:00,29.2,82,0.00,1005.1,91,2.48,318
2026-05-17T01:00,29.1,82,0.00,1004.8,97,2.65,314
2026-05-17T02:00,29.0,82,0.00,1004.5,32,2.83,314
2026-05-17T03:00,28.9,82,0.00,1004.4,23,2.23,314
2026-05-17T04:00,28.6,85,0.00,1004.6,22,1.41,315
2026-05-17T05:00,28.7,83,0.00,1005.0,60,1.04,305
2026-05-17T06:00,28.9,81,0.00,1005.4,55,1.28,309
2026-05-17T07:00,29.8,75,0.00,1006.0,51,1.70,315
2026-05-17T08:00,31.3,66,0.00,1006.3,91,1.88,318
2026-05-17T09:00,32.4,61,0.00,1006.7,99,1.88,310
2026-05-17T10:00,33.3,59,0.00,1006.6,90,2.85,301
2026-05-17T11:00,33.4,62,0.00,1006.5,82,3.49,297
2026-05-17T12:00,33.0,65,0.00,1005.9,30,3.86,301
2026-05-17T13:00,33.3,62,0.00,1005.1,4,4.25,298
2026-05-17T14:00,33.4,62,0.00,1004.1,33,4.54,294
2026-05-17T15:00,32.8,64,0.00,1003.2,85,4.81,298
2026-05-17T16:00,32.2,67,0.00,1002.7,46,4.88,303
2026-05-17T17:00,31.7,70,0.00,1002.6,13,4.77,303
2026-05-17T18:00,30.9,74,0.00,1002.8,18,4.08,303
2026-05-17T19:00,30.4,77,0.00,1003.3,59,2.84,294
2026-05-17T20:00,30.0,80,0.00,1004.1,11,3.10,291
2026-05-17T21:00,29.9,82,0.00,1005.1,6,2.91,289
2026-05-17T22:00,29.6,82,0.00,1005.5,10,2.90,302
2026-05-17T23:00,29.5,80,0.00,1005.2,5,2.34,320
2026-05-18T00:00,29.2,81,0.00,1004.7,1,1.71,328
2026-05-18T01:00,28.8,82,0.00,1004.0,20,1.32,335
2026-05-18T02:00,28.4,85,0.00,1003.3,41,0.35,8
2026-05-18T03:00,28.2,86,0.00,1003.4,92,0.11,297
2026-05-18T04:00,28.2,86,0.00,1003.9,100,0.16,252
2026-05-18T05:00,28.6,82,0.00,1004.2,97,1.19,195
2026-05-18T06:00,29.0,80,0.00,1004.8,92,1.14,203
2026-05-18T07:00,30.0,76,0.00,1005.5,71,0.80,180
2026-05-18T08:00,31.4,69,0.00,1006.0,87,1.02,191
2026-05-18T09:00,32.7,62,0.00,1006.2,48,1.15,214
2026-05-18T10:00,33.4,60,0.00,1006.3,91,2.14,249
2026-05-18T11:00,33.4,61,0.00,1006.0,91,2.93,250
2026-05-18T12:00,33.3,64,0.00,1005.4,34,3.50,260
2026-05-18T13:00,33.1,66,0.00,1004.6,71,3.95,271
2026-05-18T14:00,32.9,65,0.00,1003.8,58,4.48,281
2026-05-18T15:00,32.7,65,0.00,1003.5,77,4.52,288
2026-05-18T16:00,32.2,67,0.00,1003.1,68,4.23,294
2026-05-18T17:00,31.7,68,0.00,1002.7,0,4.70,297
2026-05-18T18:00,30.9,71,0.00,1003.1,3,4.19,306
2026-05-18T19:00,30.3,74,0.00,1003.8,11,2.80,311
2026-05-18T20:00,30.0,76,0.00,1004.1,5,2.27,311
2026-05-18T21:00,29.7,79,0.00,1004.8,46,2.20,319
2026-05-18T22:00,29.4,82,0.00,1005.5,74,1.90,325
2026-05-18T23:00,29.2,82,0.00,1005.2,87,1.94,314
2026-05-19T00:00,29.0,83,0.00,1004.8,93,1.82,302
2026-05-19T01:00,28.9,82,0.00,1004.8,74,1.79,297
2026-05-19T02:00,28.7,82,0.00,1004.4,75,1.70,284
2026-05-19T03:00,28.5,82,0.00,1004.0,89,1.50,268
2026-05-19T04:00,28.4,81,0.00,1004.1,100,1.70,270
2026-05-19T05:00,28.3,84,0.00,1004.1,96,1.11,278
2026-05-19T06:00,28.5,83,0.00,1004.9,95,0.96,276
2026-05-19T07:00,29.4,76,0.00,1005.8,91,0.73,254
2026-05-19T08:00,30.5,69,0.00,1006.6,74,1.05,239
2026-05-19T09:00,31.5,63,0.00,1007.1,97,1.99,242
2026-05-19T10:00,32.2,60,0.00,1007.5,99,3.05,252
2026-05-19T11:00,32.0,63,0.00,1007.5,97,3.42,249
2026-05-19T12:00,32.6,60,0.00,1006.9,91,3.54,251
2026-05-19T13:00,32.4,60,0.00,1006.4,74,3.91,249
2026-05-19T14:00,32.5,58,0.00,1005.6,59,4.03,256
2026-05-19T15:00,32.1,61,0.00,1004.9,91,3.78,262
2026-05-19T16:00,31.7,61,0.00,1004.5,99,3.80,268
2026-05-19T17:00,31.0,65,0.00,1004.6,68,2.84,260
2026-05-19T18:00,30.3,69,0.00,1004.8,89,2.41,257
2026-05-19T19:00,29.9,71,0.00,1005.4,57,2.17,247
2026-05-19T20:00,29.7,73,0.00,1006.1,52,2.60,240
2026-05-19T21:00,29.5,73,0.00,1006.6,53,2.64,245
2026-05-19T22:00,29.4,73,0.00,1007.1,100,2.18,250
2026-05-19T23:00,29.3,74,0.00,1006.8,27,1.87,250
2026-05-20T00:00,29.1,74,0.00,1006.0,26,1.69,251
2026-05-20T01:00,29.0,74,0.00,1005.4,27,1.58,259
2026-05-20T02:00,29.0,74,0.00,1004.7,66,1.50,272
2026-05-20T03:00,28.9,73,0.00,1004.7,98,1.46,278
2026-05-20T04:00,28.8,74,0.00,1005.2,96,1.05,267
2026-05-20T05:00,28.6,76,0.00,1005.4,72,1.19,237
2026-05-20T06:00,28.8,75,0.00,1005.9,55,1.29,234
2026-05-20T07:00,29.6,71,0.00,1006.7,85,1.60,238
2026-05-20T08:00,30.5,67,0.00,1007.0,69,2.00,233
2026-05-20T09:00,31.4,63,0.00,1007.6,82,2.58,227
2026-05-20T10:00,32.1,60,0.00,1007.5,66,2.92,232
2026-05-20T11:00,32.6,59,0.00,1007.4,59,2.98,239
2026-05-20T12:00,33.1,58,0.00,1006.8,70,2.95,244
2026-05-20T13:00,32.9,59,0.00,1006.4,50,3.55,248
2026-05-20T14:00,32.5,61,0.00,1005.6,45,3.53,254
2026-05-20T15:00,32.3,60,0.00,1005.2,76,3.82,248
2026-05-20T16:00,31.7,62,0.10,1005.7,81,3.11,240
2026-05-20T17:00,31.9,63,0.00,1004.9,56,3.13,253
2026-05-20T18:00,31.1,66,0.00,1005.3,91,3.10,252
2026-05-20T19:00,30.6,70,0.00,1005.9,85,2.75,251
2026-05-20T20:00,30.6,70,0.00,1006.2,96,2.67,247
2026-05-20T21:00,30.5,71,0.00,1006.5,99,2.52,249
2026-05-20T22:00,30.5,70,0.00,1006.6,77,2.26,245
2026-05-20T23:00,30.4,68,0.00,1005.9,100,1.36,242
2026-05-21T00:00,30.2,69,0.00,1005.2,99,1.71,249
2026-05-21T01:00,30.1,69,0.00,1004.9,47,1.99,252
2026-05-21T02:00,30.0,70,0.00,1004.7,57,1.87,254
2026-05-21T03:00,29.8,71,0.00,1004.6,73,1.65,256
2026-05-21T04:00,29.8,71,0.00,1005.3,37,1.60,266
2026-05-21T05:00,29.5,74,0.00,1005.5,10,0.75,270
2026-05-21T06:00,29.6,73,0.00,1006.0,23,0.70,270
2026-05-21T07:00,30.5,69,0.00,1006.7,80,1.11,278
2026-05-21T08:00,31.4,65,0.00,1007.2,94,1.56,276
2026-05-21T09:00,32.4,61,0.00,1007.5,69,1.95,269
2026-05-21T10:00,33.2,57,0.00,1007.6,44,2.35,266
2026-05-21T11:00,33.8,52,0.00,1007.3,46,2.76,266
2026-05-21T12:00,33.9,51,0.00,1006.8,77,3.11,276
2026-05-21T13:00,33.6,54,0.00,1006.1,18,3.74,286
2026-05-21T14:00,33.2,57,0.00,1005.4,10,4.09,285
2026-05-21T15:00,32.7,60,0.00,1004.7,9,4.42,286
2026-05-21T16:00,32.3,62,0.00,1004.3,19,3.85,286
2026-05-21T17:00,32.3,64,0.00,1004.2,10,3.34,292
2026-05-21T18:00,31.3,67,0.00,1004.7,23,2.84,294
2026-05-21T19:00,30.9,69,0.00,1005.5,9,2.67,291
2026-05-21T20:00,30.7,71,0.00,1006.1,2,2.56,282
2026-05-21T21:00,30.5,74,0.00,1006.6,0,2.40,270
2026-05-21T22:00,30.3,75,0.00,1007.0,1,2.21,266
2026-05-21T23:00,30.4,76,0.00,1006.7,13,1.99,258
2026-05-22T00:00,30.2,77,0.00,1006.6,16,1.90,247
2026-05-22T01:00,30.0,77,0.00,1006.4,20,1.65,235
2026-05-22T02:00,29.9,78,0.00,1006.3,8,1.66,224
2026-05-22T03:00,29.9,78,0.00,1006.5,10,1.57,211
2026-05-22T04:00,29.9,77,0.00,1006.9,16,1.44,194
2026-05-22T05:00,29.5,80,0.00,1007.1,52,1.65,178
2026-05-22T06:00,29.6,80,0.00,1007.5,75,1.81,174
2026-05-22T07:00,30.4,75,0.00,1008.4,43,1.65,178
2026-05-22T08:00,31.4,70,0.00,1008.9,94,1.68,197
2026-05-22T09:00,32.1,66,0.10,1009.4,96,2.38,221
2026-05-22T10:00,32.2,65,0.20,1009.7,97,2.79,226
2026-05-22T11:00,32.7,63,0.20,1009.4,79,3.15,227
2026-05-22T12:00,32.9,63,0.10,1009.0,92,3.05,238
2026-05-22T13:00,33.5,60,0.10,1008.7,72,2.54,238
2026-05-22T14:00,32.9,63,0.20,1007.7,67,3.23,238
2026-05-22T15:00,32.5,65,0.30,1007.5,71,3.33,244
2026-05-22T16:00,32.0,67,0.30,1007.2,70,2.84,244
2026-05-22T17:00,32.4,63,0.40,1007.6,76,2.95,244
2026-05-22T18:00,31.5,69,0.00,1008.1,42,2.68,233
2026-05-22T19:00,31.0,71,0.00,1008.5,31,2.21,237
2026-05-22T20:00,30.8,72,0.00,1009.0,16,1.93,249
2026-05-22T21:00,30.7,73,0.00,1009.4,26,2.02,230
2026-05-22T22:00,30.5,75,0.00,1009.6,4,1.91,227
2026-05-22T23:00,30.5,75,0.00,1009.0,32,1.61,234
2026-05-23T00:00,30.3,75,0.00,1008.7,29,1.73,213
2026-05-23T01:00,30.3,74,0.00,1008.3,65,2.04,202
2026-05-23T02:00,30.2,74,0.00,1008.0,58,1.93,201
2026-05-23T03:00,30.0,75,0.00,1008.1,100,1.60,194
2026-05-23T04:00,30.0,76,0.00,1008.3,93,1.35,184
2026-05-23T05:00,29.6,82,0.00,1008.3,100,1.06,161
2026-05-23T06:00,29.7,82,0.00,1008.9,98,0.57,195
2026-05-23T07:00,30.3,78,0.00,1009.8,50,0.64,225
2026-05-23T08:00,31.2,72,0.10,1010.2,78,1.38,229
2026-05-23T09:00,32.0,67,0.10,1010.6,48,1.81,242
2026-05-23T10:00,32.5,64,0.20,1010.7,54,2.32,256
2026-05-23T11:00,33.2,60,0.10,1010.2,48,2.55,270
2026-05-23T12:00,33.5,59,0.10,1009.8,57,2.85,273
2026-05-23T13:00,33.3,60,0.10,1009.2,49,2.95,281
2026-05-23T14:00,33.4,60,0.30,1008.6,64,2.84,284
2026-05-23T15:00,33.0,62,0.20,1008.0,59,3.03,279
2026-05-23T16:00,32.6,64,0.00,1007.6,63,2.62,288
2026-05-23T17:00,33.1,61,0.00,1007.2,59,2.80,268
2026-05-23T18:00,32.3,65,0.00,1007.5,49,2.65,273
2026-05-23T19:00,31.7,67,0.00,1007.7,54,2.33,260
2026-05-23T20:00,31.5,68,0.00,1008.1,40,2.20,258
2026-05-23T21:00,31.3,69,0.00,1008.6,13,2.22,247
2026-05-23T22:00,31.2,71,0.00,1009.2,7,2.53,232
2026-05-23T23:00,31.1,72,0.00,1009.0,35,2.36,216
2026-05-24T00:00,31.0,73,0.00,1008.8,57,2.78,218
2026-05-24T01:00,30.9,72,0.00,1008.7,80,3.28,218
2026-05-24T02:00,30.4,74,0.00,1008.4,82,3.55,220
2026-05-24T03:00,30.1,76,0.20,1008.3,91,3.23,231
2026-05-24T04:00,29.7,78,0.50,1008.5,80,3.13,241
2026-05-24T05:00,29.9,77,0.30,1008.6,68,2.51,241
2026-05-24T06:00,30.0,76,0.10,1009.1,94,2.15,242
2026-05-24T07:00,30.6,73,0.20,1009.7,98,2.46,246
2026-05-24T08:00,31.1,69,0.40,1010.5,100,2.75,254
2026-05-24T09:00,32.0,64,0.40,1011.3,82,2.95,255
2026-05-24T10:00,33.0,62,0.40,1011.5,90,3.25,256
2026-05-24T11:00,34.0,51,0.10,1011.3,99,3.32,254
2026-05-24T12:00,33.8,58,0.20,1010.5,95,3.93,258
2026-05-24T13:00,33.4,60,0.00,1009.7,87,4.25,261
2026-05-24T14:00,33.1,61,0.00,1008.8,72,4.17,264
2026-05-24T15:00,33.0,61,0.00,1008.2,55,4.23,263
2026-05-24T16:00,32.5,62,0.00,1007.7,52,3.90,271
2026-05-24T17:00,31.8,68,0.00,1007.9,74,3.61,267
2026-05-24T18:00,31.5,68,0.10,1008.1,35,2.88,278
2026-05-24T19:00,31.0,72,0.10,1008.6,13,2.92,283
2026-05-24T20:00,30.8,73,0.00,1008.9,26,2.57,294
2026-05-24T21:00,30.6,74,0.00,1009.4,7,2.06,309
2026-05-24T22:00,30.4,75,0.00,1009.6,14,1.68,297
2026-05-24T23:00,30.6,75,0.00,1008.9,30,1.53,281
2026-05-25T00:00,30.3,77,0.00,1008.3,18,1.56,277
2026-05-25T01:00,30.1,78,0.00,1008.0,15,1.82,279
2026-05-25T02:00,29.9,79,0.10,1007.6,16,2.18,286
2026-05-25T03:00,29.6,81,0.10,1007.6,13,2.19,294
2026-05-25T04:00,29.4,82,0.10,1007.7,17,1.82,307
2026-05-25T05:00,29.0,85,0.20,1007.8,97,1.36,352
2026-05-25T06:00,28.8,86,0.10,1008.1,24,1.30,4
2026-05-25T07:00,29.7,80,0.10,1008.9,22,1.17,350
2026-05-25T08:00,31.0,72,0.20,1009.3,38,1.68,307
2026-05-25T09:00,32.1,67,0.30,1009.9,45,2.45,287
2026-05-25T10:00,32.8,64,0.20,1010.0,39,3.11,281
2026-05-25T11:00,33.9,59,0.10,1009.4,18,3.26,281
2026-05-25T12:00,33.6,60,0.00,1008.6,12,3.76,284
2026-05-25T13:00,33.3,63,0.00,1007.9,13,4.23,284
2026-05-25T14:00,32.9,66,0.00,1007.0,19,4.54,287
2026-05-25T15:00,32.4,67,0.10,1006.7,48,4.11,283
2026-05-25T16:00,32.1,67,0.40,1006.4,59,4.11,286
2026-05-25T17:00,32.1,69,0.10,1006.1,34,4.03,284
2026-05-25T18:00,31.5,72,0.10,1006.4,32,3.80,283
2026-05-25T19:00,31.1,73,0.00,1007.1,28,3.56,281
2026-05-25T20:00,31.1,72,0.00,1007.7,25,3.19,279
2026-05-25T21:00,31.0,70,0.00,1008.1,15,2.76,274
2026-05-25T22:00,31.2,69,0.00,1008.7,23,2.45,269
2026-05-25T23:00,31.2,68,0.00,1008.6,30,1.96,255
2026-05-26T00:00,31.0,68,0.00,1008.2,36,2.22,256
2026-05-26T01:00,30.6,70,0.10,1007.8,28,2.25,267
2026-05-26T02:00,30.2,71,0.00,1007.4,40,2.15,271
2026-05-26T03:00,29.5,75,0.10,1007.4,62,1.83,259
2026-05-26T04:00,28.8,80,0.20,1007.7,48,1.66,245
2026-05-26T05:00,29.0,81,0.40,1007.9,22,0.43,216
2026-05-26T06:00,29.2,80,0.00,1008.3,11,0.81,202
2026-05-26T07:00,30.3,74,0.00,1008.8,16,0.86,216
2026-05-26T08:00,31.7,67,0.00,1009.4,19,1.46,248
2026-05-26T09:00,33.0,60,0.00,1009.6,37,2.14,259
2026-05-26T10:00,33.8,57,0.00,1009.7,23,2.70,259
2026-05-26T11:00,33.8,58,0.10,1009.2,32,3.31,255
2026-05-26T12:00,33.6,60,0.00,1008.5,31,3.28,262
2026-05-26T13:00,33.8,59,0.00,1007.8,48,3.55,268
2026-05-26T14:00,33.6,59,0.00,1006.8,57,3.65,270
2026-05-26T15:00,33.2,61,0.00,1006.3,68,3.45,272
2026-05-26T16:00,32.7,62,0.00,1006.1,64,3.40,272
2026-05-26T17:00,32.6,63,0.10,1005.9,37,3.50,271
2026-05-26T18:00,32.0,64,0.00,1006.5,54,3.46,274
2026-05-26T19:00,31.5,66,0.00,1007.0,66,3.44,278
2026-05-26T20:00,31.2,68,0.00,1007.9,54,3.13,278
2026-05-26T21:00,31.0,69,0.00,1008.6,38,2.75,271
2026-05-26T22:00,30.8,70,0.00,1009.3,27,2.81,265
2026-05-26T23:00,30.5,74,0.00,1008.8,12,2.60,259
2026-05-27T00:00,30.4,74,0.00,1008.7,23,2.73,262
2026-05-27T01:00,30.5,72,0.10,1008.4,15,2.71,258
2026-05-27T02:00,30.5,72,0.00,1008.1,23,2.68,256
2026-05-27T03:00,30.1,74,0.00,1008.0,32,2.69,255
2026-05-27T04:00,30.1,74,0.00,1008.1,18,2.09,259
2026-05-27T05:00,29.1,84,0.00,1007.9,88,1.99,288
2026-05-27T06:00,29.3,82,0.20,1008.4,48,1.81,309
2026-05-27T07:00,30.4,75,0.00,1009.5,41,1.72,296
2026-05-27T08:00,31.8,66,0.00,1010.1,20,1.61,277
2026-05-27T09:00,33.2,59,0.00,1010.5,13,1.91,264
2026-05-27T10:00,34.0,56,0.00,1010.7,25,2.60,267
2026-05-27T11:00,34.4,55,0.00,1010.5,18,3.27,281
2026-05-27T12:00,34.1,56,0.00,1009.9,10,3.42,282
2026-05-27T13:00,34.2,54,0.00,1009.1,11,3.51,274
2026-05-27T14:00,33.9,55,0.00,1008.2,36,3.81,274
2026-05-27T15:00,33.6,57,0.00,1007.9,87,3.76,273
2026-05-27T16:00,33.1,59,0.00,1007.5,95,3.71,273
2026-05-27T17:00,32.8,61,0.00,1007.4,60,3.51,266
2026-05-27T18:00,31.8,66,0.00,1007.6,30,3.30,270
2026-05-27T19:00,31.3,68,0.00,1008.2,29,3.20,270
2026-05-27T20:00,31.1,68,0.00,1008.6,30,2.90,268
2026-05-27T21:00,30.9,69,0.00,1008.9,27,2.55,268
2026-05-27T22:00,30.7,70,0.00,1009.1,61,2.33,260
2026-05-27T23:00,30.7,70,0.00,1008.9,80,1.89,258
2026-05-28T00:00,30.6,70,0.00,1008.6,89,1.81,264
2026-05-28T01:00,30.4,71,0.00,1008.4,93,2.15,271
2026-05-28T02:00,30.1,72,0.00,1008.1,95,2.42,277
2026-05-28T03:00,29.9,74,0.00,1008.1,43,2.36,283
2026-05-28T04:00,30.0,73,0.00,1008.2,45,2.47,288
2026-05-28T05:00,29.9,75,0.00,1008.5,33,1.78,281
2026-05-28T06:00,29.9,75,0.00,1008.9,33,1.87,278
2026-05-28T07:00,30.7,70,0.00,1009.7,34,2.31,275
2026-05-28T08:00,31.7,65,0.00,1010.2,23,2.30,271
2026-05-28T09:00,32.8,59,0.00,1010.7,13,2.38,262
2026-05-28T10:00,33.5,56,0.00,1010.5,17,2.76,248
2026-05-28T11:00,34.3,54,0.00,1009.9,4,2.89,242
2026-05-28T12:00,34.4,54,0.00,1009.4,1,3.18,262
2026-05-28T13:00,34.3,55,0.00,1008.6,1,3.71,275
2026-05-28T14:00,34.0,56,0.00,1007.8,1,3.94,278
2026-05-28T15:00,33.5,60,0.00,1007.1,4,4.03,277
2026-05-28T16:00,32.9,63,0.00,1006.8,11,4.09,278
2026-05-28T17:00,32.5,63,0.00,1006.7,10,3.46,281
2026-05-28T18:00,31.7,66,0.00,1006.9,8,3.13,278
2026-05-28T19:00,31.3,68,0.00,1007.3,9,2.81,266
2026-05-28T20:00,30.9,69,0.00,1007.9,9,2.92,248
2026-05-28T21:00,30.6,70,0.00,1008.7,24,3.02,241
2026-05-28T22:00,30.6,70,0.00,1009.2,25,3.11,233
2026-05-28T23:00,30.7,70,0.00,1009.1,27,3.08,226
2026-05-29T00:00,30.5,70,0.00,1008.6,19,3.43,228
2026-05-29T01:00,30.2,72,0.00,1008.1,27,3.52,231
2026-05-29T02:00,30.0,72,0.10,1007.9,44,3.91,235
2026-05-29T03:00,30.0,74,0.20,1008.0,31,3.92,240
2026-05-29T04:00,30.0,74,0.00,1008.3,6,3.85,244
2026-05-29T05:00,30.4,71,0.00,1007.9,24,3.58,243
2026-05-29T06:00,30.3,72,0.00,1008.4,47,3.58,243
2026-05-29T07:00,31.1,67,0.10,1009.2,31,3.67,241
2026-05-29T08:00,32.1,63,0.00,1009.5,22,3.56,244
2026-05-29T09:00,32.6,61,0.00,1009.9,33,3.76,251
2026-05-29T10:00,33.1,58,0.10,1010.1,66,4.06,256
2026-05-29T11:00,34.0,56,0.20,1009.5,65,3.54,257
2026-05-29T12:00,34.2,55,0.10,1008.7,43,3.75,261
2026-05-29T13:00,34.2,56,0.00,1007.8,38,3.92,264
2026-05-29T14:00,34.2,55,0.00,1007.2,50,4.07,264
2026-05-29T15:00,33.7,57,0.00,1006.4,41,4.04,258
2026-05-29T16:00,33.2,59,0.00,1006.0,29,3.84,252
2026-05-29T17:00,32.9,62,0.00,1006.0,29,3.60,243
2026-05-29T18:00,32.1,65,0.00,1006.3,22,3.53,245
2026-05-29T19:00,31.6,66,0.00,1006.7,35,3.89,246
2026-05-29T20:00,31.2,69,0.00,1007.2,38,3.96,245
2026-05-29T21:00,30.9,70,0.10,1007.7,38,3.87,245
2026-05-29T22:00,30.9,70,0.20,1008.0,36,4.02,243
2026-05-29T23:00,30.8,71,0.10,1007.6,66,4.00,238
2026-05-30T00:00,30.4,74,0.20,1007.4,54,4.01,239
2026-05-30T01:00,29.8,80,0.20,1007.2,41,4.07,238
2026-05-30T02:00,29.9,79,0.30,1006.8,31,4.10,236
2026-05-30T03:00,30.3,74,0.10,1006.6,15,4.32,243
2026-05-30T04:00,30.5,73,0.00,1006.5,10,4.26,248
2026-05-30T05:00,30.4,72,0.00,1006.9,13,3.88,248
2026-05-30T06:00,30.6,71,0.00,1007.5,19,3.53,245
2026-05-30T07:00,31.3,68,0.00,1008.1,22,3.64,249
2026-05-30T08:00,32.1,64,0.00,1008.5,33,3.89,252
2026-05-30T09:00,32.6,61,0.00,1008.8,51,4.03,256
2026-05-30T10:00,33.2,60,0.10,1008.9,41,3.74,262
2026-05-30T11:00,33.5,60,0.00,1008.6,47,3.46,267
2026-05-30T12:00,34.3,56,0.00,1008.1,5,3.30,272
2026-05-30T13:00,34.6,55,0.00,1007.5,1,3.36,266
2026-05-30T14:00,34.4,55,0.00,1006.6,0,3.41,259
2026-05-30T15:00,34.1,57,0.00,1006.0,0,3.54,257
2026-05-30T16:00,33.4,60,0.00,1005.4,0,3.59,254
2026-05-30T17:00,33.2,61,0.00,1005.3,0,3.87,250
2026-05-30T18:00,32.2,66,0.00,1005.3,4,4.14,250
2026-05-30T19:00,31.6,69,0.00,1005.6,5,4.23,246
2026-05-30T20:00,31.5,68,0.00,1006.2,30,4.30,241
2026-05-30T21:00,31.4,68,0.00,1007.1,48,4.35,240
2026-05-30T22:00,31.2,69,0.00,1007.8,30,4.43,245
2026-05-30T23:00,31.0,72,0.00,1007.8,27,4.18,242
2026-05-31T00:00,30.3,74,0.20,1007.8,36,4.10,240
2026-05-31T01:00,30.2,75,0.40,1007.4,31,4.20,245
2026-05-31T02:00,30.0,75,0.40,1007.2,61,4.18,242
2026-05-31T03:00,29.3,78,0.40,1007.3,73,3.56,250
2026-05-31T04:00,28.5,83,0.50,1007.3,84,2.38,255
2026-05-31T05:00,28.9,84,0.20,1007.6,59,1.69,236
2026-05-31T06:00,29.4,82,0.50,1008.3,69,1.37,260
2026-05-31T07:00,29.7,73,0.30,1008.9,16,2.00,273
2026-05-31T08:00,31.1,68,0.10,1009.5,48,1.29,257
2026-05-31T09:00,30.9,70,0.40,1010.0,31,1.36,253
2026-05-31T10:00,31.5,65,0.70,1010.1,64,2.70,214
2026-05-31T11:00,32.7,63,0.40,1009.5,38,2.56,239
2026-05-31T12:00,33.7,59,0.10,1008.9,9,3.12,258
2026-05-31T13:00,34.2,55,0.00,1008.6,13,3.47,263
2026-05-31T14:00,34.2,54,0.00,1007.6,25,3.86,266
2026-05-31T15:00,33.8,54,0.10,1007.1,30,3.88,263
2026-05-31T16:00,33.0,61,0.10,1006.8,20,4.06,266
2026-05-31T17:00,33.2,58,0.00,1006.3,4,3.61,273
2026-05-31T18:00,32.1,64,0.00,1006.7,5,3.65,272
2026-05-31T19:00,31.6,67,0.00,1007.3,10,3.81,280
2026-05-31T20:00,31.4,68,0.00,1008.3,9,3.41,292
2026-05-31T21:00,31.3,68,0.00,1009.1,12,3.11,289
2026-05-31T22:00,31.1,69,0.00,1009.5,12,2.38,278
2026-05-31T23:00,30.8,70,0.00,1009.1,12,2.01,251
2026-06-01T00:00,30.6,70,0.00,1008.7,8,1.46,248
2026-06-01T01:00,30.5,71,0.00,1008.0,21,1.51,236
2026-06-01T02:00,30.4,71,0.00,1007.9,30,1.52,243
2026-06-01T03:00,30.1,72,0.00,1007.6,35,1.63,230
2026-06-01T04:00,29.9,73,0.00,1007.8,36,1.45,226
2026-06-01T05:00,29.7,76,0.00,1008.0,16,1.01,213
2026-06-01T06:00,29.8,74,0.00,1008.4,27,1.05,211
2026-06-01T07:00,30.6,70,0.00,1008.8,29,1.29,216
2026-06-01T08:00,31.6,64,0.10,1009.2,37,1.79,247
2026-06-01T09:00,32.6,60,0.00,1009.7,21,2.60,267
2026-06-01T10:00,33.3,56,0.00,1009.8,20,3.16,274
2026-06-01T11:00,34.1,54,0.00,1009.4,6,3.03,279
2026-06-01T12:00,33.7,57,0.00,1008.7,12,2.90,272
2026-06-01T13:00,33.9,58,0.00,1008.4,6,2.77,264
2026-06-01T14:00,33.7,59,0.00,1007.5,5,3.49,262
2026-06-01T15:00,33.1,61,0.00,1007.0,7,3.88,263
2026-06-01T16:00,32.5,64,0.00,1006.8,7,4.16,267
2026-06-01T17:00,32.9,56,0.00,1006.4,0,3.93,263
2026-06-01T18:00,32.0,61,0.00,1006.4,0,3.76,265
2026-06-01T19:00,31.6,63,0.00,1006.8,65,3.85,268
2026-06-01T20:00,31.8,62,0.00,1007.7,86,3.31,265
2026-06-01T21:00,31.2,67,0.10,1008.7,91,3.31,265
2026-06-01T22:00,30.8,70,0.10,1009.0,39,2.93,261
2026-06-01T23:00,31.0,66,0.00,1009.1,60,2.13,279
2026-06-02T00:00,30.8,67,0.00,1008.7,52,1.93,291
2026-06-02T01:00,30.2,71,0.00,1008.3,35,1.86,306
2026-06-02T02:00,29.8,73,0.00,1007.9,15,1.68,323
2026-06-02T03:00,29.7,74,0.00,1008.3,13,1.75,347
2026-06-02T04:00,29.6,75,0.00,1008.5,5,1.90,27
2026-06-02T05:00,25.0,91,0.00,1009.5,67,4.17,326
2026-06-02T06:00,25.2,88,0.40,1008.6,5,1.15,360
2026-06-02T07:00,27.2,78,0.00,1008.6,0,0.76,352
2026-06-02T08:00,29.7,67,0.00,1008.3,0,0.65,238
2026-06-02T09:00,31.4,61,0.00,1007.7,0,2.12,188
2026-06-02T10:00,32.5,59,0.00,1007.5,0,2.35,204
2026-06-02T11:00,33.9,54,0.00,1007.2,0,3.01,216
2026-06-02T12:00,34.1,53,0.00,1006.9,4,3.31,236
2026-06-02T13:00,34.2,52,0.00,1006.8,13,3.64,254
2026-06-02T14:00,33.7,55,0.00,1005.9,19,4.22,265
2026-06-02T15:00,33.1,56,0.10,1005.8,41,4.31,273
2026-06-02T16:00,32.4,59,0.00,1005.4,31,4.45,272
2026-06-02T17:00,30.5,65,0.20,1005.4,39,2.90,267
2026-06-02T18:00,29.5,73,0.00,1005.9,11,3.35,271
2026-06-02T19:00,29.1,75,0.00,1006.2,5,2.20,271
2026-06-02T20:00,29.2,77,0.00,1006.8,5,1.86,246
2026-06-02T21:00,29.3,77,0.00,1007.2,13,1.90,240
2026-06-02T22:00,29.6,76,0.20,1007.5,24,1.74,252
2026-06-02T23:00,28.6,74,0.30,1007.3,34,2.60,180
2026-06-03T00:00,28.7,74,0.20,1006.8,20,1.45,207
2026-06-03T01:00,28.8,75,0.00,1006.1,9,1.05,177
2026-06-03T02:00,28.7,76,0.00,1005.6,13,1.11,162
2026-06-03T03:00,28.7,76,0.00,1005.5,15,1.20,178
2026-06-03T04:00,28.6,77,0.00,1005.6,19,0.92,158
2026-06-03T05:00,28.7,79,0.10,1006.2,22,1.32,261
2026-06-03T06:00,25.2,88,1.30,1007.2,59,1.44,124
2026-06-03T07:00,25.8,86,0.60,1007.8,60,1.03,104
2026-06-03T08:00,27.7,77,0.10,1007.3,12,1.01,123
2026-06-03T09:00,29.6,69,0.00,1006.8,5,1.91,139
2026-06-03T10:00,31.0,65,0.00,1007.0,7,0.93,196
2026-06-03T11:00,32.3,62,0.00,1006.1,1,1.64,211
2026-06-03T12:00,32.5,62,0.00,1005.8,2,2.80,229
2026-06-03T13:00,32.2,63,0.00,1005.1,45,3.58,234
2026-06-03T14:00,31.9,63,0.00,1004.0,59,3.92,232
2026-06-03T15:00,31.8,64,0.00,1003.3,5,3.85,232
2026-06-03T16:00,31.3,68,0.00,1003.2,10,3.79,229
2026-06-03T17:00,31.2,67,0.00,1003.6,8,3.51,234
2026-06-03T18:00,30.5,70,0.00,1004.2,15,3.36,226
2026-06-03T19:00,30.0,72,0.00,1004.7,14,3.45,214
2026-06-03T20:00,29.8,73,0.00,1005.2,12,3.53,218
2026-06-03T21:00,29.8,73,0.00,1005.7,16,3.37,221
2026-06-03T22:00,29.7,73,0.00,1006.0,16,2.94,223
2026-06-03T23:00,29.8,71,0.00,1006.1,18,2.39,217
2026-06-04T00:00,29.6,72,0.00,1005.3,12,2.55,206
2026-06-04T01:00,29.4,72,0.00,1004.4,13,2.89,194
2026-06-04T02:00,29.5,71,0.00,1003.5,24,3.47,187
2026-06-04T03:00,29.4,71,0.00,1003.5,46,2.85,180
2026-06-04T04:00,28.9,75,0.00,1004.1,47,1.79,162
2026-06-04T05:00,28.4,80,0.20,1004.3,34,1.80,136
2026-06-04T06:00,28.1,81,0.10,1004.9,33,1.90,145
2026-06-04T07:00,29.0,76,0.00,1005.4,43,2.82,160
2026-06-04T08:00,30.5,69,0.00,1005.6,35,2.97,174
2026-06-04T09:00,31.9,61,0.00,1005.6,80,3.01,191
2026-06-04T10:00,32.5,59,0.00,1006.0,82,3.41,202
2026-06-04T11:00,32.9,61,0.00,1005.9,15,3.71,207
2026-06-04T12:00,32.6,63,0.10,1005.2,10,3.57,211
2026-06-04T13:00,32.9,61,0.20,1004.5,14,3.89,224
2026-06-04T14:00,32.9,61,0.00,1003.9,10,3.82,238
2026-06-04T15:00,32.7,62,0.00,1003.4,13,3.88,248
2026-06-04T16:00,32.4,62,0.00,1002.9,10,3.92,251
2026-06-04T17:00,32.6,61,0.00,1003.0,8,3.95,248
2026-06-04T18:00,31.9,64,0.00,1003.5,19,3.50,239
2026-06-04T19:00,31.5,65,0.00,1003.9,29,3.18,237
2026-06-04T20:00,31.2,67,0.00,1004.5,31,3.19,230
2026-06-04T21:00,30.9,70,0.00,1005.0,23,3.12,229
2026-06-04T22:00,30.7,71,0.00,1005.4,23,2.91,231
2026-06-04T23:00,30.3,74,0.00,1004.7,11,2.38,231
2026-06-05T00:00,30.2,75,0.00,1004.1,17,2.41,223
2026-06-05T01:00,30.1,75,0.00,1003.8,23,2.72,212
2026-06-05T02:00,30.0,75,0.00,1003.5,23,2.53,210
2026-06-05T03:00,29.4,78,0.30,1003.5,39,2.44,199
2026-06-05T04:00,28.6,83,0.40,1003.9,38,2.28,189
2026-06-05T05:00,28.9,83,0.30,1004.0,36,0.98,195
2026-06-05T06:00,28.7,85,0.60,1004.8,33,1.00,180
2026-06-05T07:00,28.8,84,0.60,1005.5,47,1.30,180
2026-06-05T08:00,30.3,74,0.40,1005.9,44,1.55,195
2026-06-05T09:00,31.3,69,0.10,1006.1,16,1.77,209
2026-06-05T10:00,32.4,65,0.00,1006.0,7,2.12,227
2026-06-05T11:00,33.1,64,0.00,1005.8,7,2.73,221
2026-06-05T12:00,33.3,63,0.00,1005.2,2,2.92,232
2026-06-05T13:00,33.4,63,0.00,1004.5,6,3.38,241
2026-06-05T14:00,33.0,66,0.00,1003.9,15,3.60,256
2026-06-05T15:00,32.7,66,0.10,1003.4,21,4.06,266
2026-06-05T16:00,32.4,66,0.00,1002.9,12,3.83,263
2026-06-05T17:00,32.6,65,0.00,1002.3,5,3.86,266
2026-06-05T18:00,31.9,70,0.00,1003.0,8,3.61,267
2026-06-05T19:00,31.6,70,0.00,1003.8,3,3.27,263
2026-06-05T20:00,31.6,68,0.00,1004.3,15,3.17,258
2026-06-05T21:00,31.3,69,0.10,1004.9,22,2.96,254
2026-06-05T22:00,30.9,72,0.10,1005.1,30,2.98,261
2026-06-05T23:00,30.3,74,0.40,1005.1,53,2.14,259
2026-06-06T00:00,30.0,76,0.20,1004.9,50,1.31,230
2026-06-06T01:00,29.5,78,0.20,1004.6,90,1.35,202
2026-06-06T02:00,28.8,82,0.10,1004.4,98,1.16,187
2026-06-06T03:00,28.6,85,0.30,1004.3,95,0.60,156
2026-06-06T04:00,28.1,87,0.40,1004.6,98,1.37,147
2026-06-06T05:00,27.7,94,0.20,1004.8,20,1.52,113
2026-06-06T06:00,27.8,93,0.10,1005.3,39,2.02,132
2026-06-06T07:00,28.6,86,0.10,1006.0,25,2.21,142
2026-06-06T08:00,30.4,75,0.10,1006.4,20,1.33,160
2026-06-06T09:00,32.0,67,0.10,1006.6,16,1.17,211
2026-06-06T10:00,33.3,61,0.00,1006.4,20,2.00,233
2026-06-06T11:00,33.7,60,0.00,1006.6,26,2.97,250
2026-06-06T12:00,33.7,61,0.30,1006.1,22,3.05,260
2026-06-06T13:00,34.0,58,0.00,1005.4,24,3.42,263
2026-06-06T14:00,33.6,61,0.00,1004.6,78,3.82,265
2026-06-06T15:00,33.5,60,0.00,1004.3,95,3.60,270
2026-06-06T16:00,33.1,60,0.00,1004.0,98,3.40,270
2026-06-06T17:00,33.2,62,0.00,1003.8,97,4.11,275
2026-06-06T18:00,32.4,65,0.00,1004.2,95,3.95,269
2026-06-06T19:00,31.9,66,0.00,1004.9,88,3.71,260
2026-06-06T20:00,31.7,67,0.00,1005.8,76,3.18,263
2026-06-06T21:00,31.5,68,0.00,1006.7,37,3.01,265
2026-06-06T22:00,31.3,68,0.00,1007.1,40,2.80,267
2026-06-06T23:00,31.4,66,0.00,1007.2,79,2.28,255
2026-06-07T00:00,31.0,66,0.10,1006.6,52,2.34,250
2026-06-07T01:00,31.0,67,0.00,1006.4,34,2.15,258
2026-06-07T02:00,30.8,68,0.00,1006.0,37,2.11,256
2026-06-07T03:00,30.6,69,0.00,1005.7,31,2.03,254
2026-06-07T04:00,30.5,70,0.00,1005.8,25,1.84,248
2026-06-07T05:00,29.8,79,0.00,1005.5,63,1.90,210
2026-06-07T06:00,29.8,80,0.00,1005.8,88,1.45,207
2026-06-07T07:00,30.3,76,0.10,1007.0,77,1.50,217
2026-06-07T08:00,31.1,71,0.20,1007.7,84,1.77,245
2026-06-07T09:00,31.7,67,0.30,1007.7,93,2.33,239
2026-06-07T10:00,32.0,65,0.50,1007.8,98,2.56,249
2026-06-07T11:00,33.3,59,0.10,1007.3,93,2.38,260
2026-06-07T12:00,33.7,57,0.00,1006.7,26,3.02,258
2026-06-07T13:00,33.8,57,0.00,1006.2,34,3.57,259
2026-06-07T14:00,33.7,58,0.00,1005.5,23,3.77,259
2026-06-07T15:00,33.4,60,0.00,1005.2,12,3.77,259
2026-06-07T16:00,32.8,63,0.00,1004.8,78,3.66,267
2026-06-07T17:00,32.6,64,0.00,1004.7,95,3.35,271
2026-06-07T18:00,32.1,66,0.00,1004.9,96,3.65,268
2026-06-07T19:00,31.5,69,0.10,1005.9,98,3.65,270
2026-06-07T20:00,30.8,73,0.20,1006.4,98,3.36,274
2026-06-07T21:00,30.6,75,0.10,1007.1,97,3.15,273
2026-06-07T22:00,30.5,75,0.10,1007.5,99,2.80,269
2026-06-07T23:00,30.4,73,0.30,1007.3,98,2.21,257
2026-06-08T00:00,29.5,77,0.20,1007.0,94,1.66,237
2026-06-08T01:00,28.8,79,0.90,1006.5,98,1.91,213
2026-06-08T02:00,28.5,82,0.60,1006.2,98,0.97,235
2026-06-08T03:00,27.6,88,0.70,1006.1,70,1.75,183
2026-06-08T04:00,27.0,89,0.60,1006.3,96,2.75,180
2026-06-08T05:00,26.8,88,0.30,1005.8,81,2.45,163
2026-06-08T06:00,26.8,84,0.00,1006.3,75,2.41,138
2026-06-08T07:00,28.5,76,0.00,1007.2,77,1.59,156
2026-06-08T08:00,30.2,70,0.10,1007.7,30,2.09,197
2026-06-08T09:00,31.7,63,0.60,1007.8,52,2.59,229
2026-06-08T10:00,32.8,57,0.00,1007.6,35,2.56,239
2026-06-08T11:00,33.3,57,0.00,1007.4,9,3.72,246
2026-06-08T12:00,33.6,55,0.00,1006.7,20,3.97,253
2026-06-08T13:00,33.7,54,0.00,1005.9,36,4.67,249
2026-06-08T14:00,33.5,55,0.00,1005.3,34,4.72,249
2026-06-08T15:00,33.4,55,0.00,1004.8,27,4.76,249
2026-06-08T16:00,32.7,58,0.00,1004.7,41,4.36,242
2026-06-08T17:00,31.8,68,0.00,1004.4,43,4.30,271
2026-06-08T18:00,31.6,66,0.10,1004.9,44,3.85,269
2026-06-08T19:00,31.2,69,0.00,1005.4,50,3.66,267
2026-06-08T20:00,30.9,70,0.00,1006.0,84,3.45,270
2026-06-08T21:00,30.7,71,0.10,1006.7,94,3.21,266
2026-06-08T22:00,30.3,74,0.20,1007.1,95,3.21,259
2026-06-08T23:00,28.5,85,0.10,1006.9,98,3.00,246
2026-06-09T00:00,28.0,87,1.30,1006.5,93,1.04,305
2026-06-09T01:00,29.1,83,0.30,1005.9,92,1.63,227
2026-06-09T02:00,28.1,86,0.80,1005.8,84,2.23,196
2026-06-09T03:00,28.1,88,0.30,1005.5,43,1.45,178
2026-06-09T04:00,28.0,89,0.10,1005.5,48,1.17,140
2026-06-09T05:00,29.2,76,0.10,1004.9,47,1.57,287
2026-06-09T06:00,29.7,74,0.00,1005.5,23,1.15,265
2026-06-09T07:00,30.3,70,0.10,1006.1,55,1.36,264
2026-06-09T08:00,31.0,67,0.30,1006.9,62,2.55,273
2026-06-09T09:00,32.0,63,0.20,1006.9,63,3.26,275
2026-06-09T10:00,32.5,61,0.40,1006.9,46,3.65,268
2026-06-09T11:00,33.5,58,0.20,1006.7,29,3.71,265
2026-06-09T12:00,33.3,59,0.10,1006.1,20,3.91,266
2026-06-09T13:00,33.1,61,0.10,1005.4,33,4.41,260
2026-06-09T14:00,32.9,63,0.10,1004.7,50,4.61,257
2026-06-09T15:00,32.5,65,0.10,1004.2,31,5.12,253
2026-06-09T16:00,32.0,67,0.10,1003.9,22,4.91,258
2026-06-09T17:00,32.1,65,0.30,1004.0,34,4.71,267
2026-06-09T18:00,31.1,70,0.40,1004.4,34,4.46,266
2026-06-09T19:00,30.7,71,0.20,1005.1,26,4.65,262
2026-06-09T20:00,30.2,75,0.10,1005.8,19,4.50,269
2026-06-09T21:00,30.6,72,0.10,1006.6,22,4.35,268
2026-06-09T22:00,30.4,72,0.20,1006.9,23,4.35,269
2026-06-09T23:00,29.7,74,0.20,1006.7,72,3.46,259
2026-06-10T00:00,30.6,67,0.00,1006.3,97,3.25,260
2026-06-10T01:00,30.1,68,0.10,1005.8,88,2.28,255
2026-06-10T02:00,29.9,69,0.00,1005.3,98,2.06,244
2026-06-10T03:00,28.9,74,0.20,1005.2,88,2.39,259
2026-06-10T04:00,28.0,83,0.70,1005.6,97,2.05,271
2026-06-10T05:00,28.7,83,0.50,1005.5,67,2.04,259
2026-06-10T06:00,29.2,80,0.30,1005.8,28,1.96,266
2026-06-10T07:00,30.0,74,0.30,1006.4,67,2.82,263
2026-06-10T08:00,30.6,70,1.40,1006.9,77,3.06,264
2026-06-10T09:00,31.9,64,0.30,1007.0,30,3.90,269
2026-06-10T10:00,32.5,63,0.10,1007.2,19,3.90,269
2026-06-10T11:00,33.3,58,0.10,1006.5,56,3.61,267
2026-06-10T12:00,33.1,60,0.10,1005.9,99,4.19,262
2026-06-10T13:00,32.2,66,0.50,1005.4,99,4.73,257
2026-06-10T14:00,32.3,66,0.90,1004.5,88,4.94,257
2026-06-10T15:00,32.1,68,0.70,1004.3,88,4.90,256
2026-06-10T16:00,31.2,72,0.50,1004.2,98,4.84,263
2026-06-10T17:00,31.1,69,0.60,1004.4,71,4.82,253
2026-06-10T18:00,30.9,70,0.80,1004.9,73,4.51,255
2026-06-10T19:00,29.6,77,1.40,1005.1,72,4.18,253
2026-06-10T20:00,30.6,73,0.20,1005.6,48,4.33,253
2026-06-10T21:00,30.7,72,0.00,1006.3,50,4.60,256
2026-06-10T22:00,30.6,70,0.00,1006.7,38,4.49,253
2026-06-10T23:00,30.4,70,0.00,1006.6,23,4.40,251
2026-06-11T00:00,30.2,71,0.00,1006.2,35,4.23,249
2026-06-11T01:00,29.7,74,0.00,1005.5,56,3.97,253
2026-06-11T02:00,29.8,75,0.00,1004.9,60,3.30,252
2026-06-11T03:00,30.0,73,0.00,1004.8,73,3.40,256
2026-06-11T04:00,29.9,73,0.00,1004.8,12,3.67,255
2026-06-11T05:00,30.1,72,0.00,1004.4,23,3.17,249
2026-06-11T06:00,30.5,70,0.00,1005.0,51,3.24,250
2026-06-11T07:00,30.6,71,0.10,1005.7,65,3.43,247
2026-06-11T08:00,31.2,68,0.40,1006.0,98,3.87,243
2026-06-11T09:00,32.4,62,0.30,1006.3,93,4.40,251
2026-06-11T10:00,33.1,59,0.00,1006.5,96,4.25,252
2026-06-11T11:00,33.6,59,0.00,1006.1,96,4.43,250
2026-06-11T12:00,32.8,62,0.10,1005.6,98,4.39,247
2026-06-11T13:00,32.9,62,0.10,1005.3,84,4.52,244
2026-06-11T14:00,32.9,63,0.10,1004.6,84,4.74,244
2026-06-11T15:00,32.7,63,0.00,1004.4,92,4.66,246
2026-06-11T16:00,32.3,64,0.10,1004.2,99,4.70,249
2026-06-11T17:00,32.8,61,0.10,1003.9,95,4.40,238
2026-06-11T18:00,31.8,65,0.00,1004.2,87,4.20,235
2026-06-11T19:00,31.3,66,0.00,1004.5,94,4.45,232
2026-06-11T20:00,31.1,68,0.10,1004.9,93,4.58,231
2026-06-11T21:00,31.1,68,0.00,1005.5,86,4.76,230
2026-06-11T22:00,30.7,71,0.10,1006.1,95,4.90,230
2026-06-11T23:00,30.7,71,0.10,1005.8,92,4.58,230
2026-06-12T00:00,30.4,72,0.20,1005.4,93,4.74,232
2026-06-12T01:00,30.6,71,0.20,1005.1,83,4.76,234
2026-06-12T02:00,30.5,71,0.00,1004.9,16,4.75,233
2026-06-12T03:00,30.4,72,0.00,1004.8,9,4.28,226
2026-06-12T04:00,30.1,74,0.00,1004.8,71,4.07,222
2026-06-12T05:00,30.0,76,0.30,1004.8,50,3.73,231
2026-06-12T06:00,30.2,75,0.10,1005.2,33,3.49,232
2026-06-12T07:00,31.3,66,0.10,1006.0,42,4.27,237
2026-06-12T08:00,32.0,62,0.00,1006.7,22,4.56,245
2026-06-12T09:00,32.6,59,0.00,1007.1,17,4.63,250
2026-06-12T10:00,33.2,57,0.00,1007.5,18,4.54,249
2026-06-12T11:00,33.9,55,0.00,1007.2,59,4.43,243
2026-06-12T12:00,33.7,55,0.10,1007.0,72,4.80,239
2026-06-12T13:00,33.9,54,0.00,1006.7,52,4.86,240
2026-06-12T14:00,33.7,55,0.00,1006.2,25,4.90,245
2026-06-12T15:00,33.5,55,0.00,1005.9,59,4.79,250
2026-06-12T16:00,33.2,56,0.00,1005.6,78,4.79,250
2026-06-12T17:00,32.3,63,0.00,1005.6,99,4.59,246
2026-06-12T18:00,31.5,67,0.10,1005.8,98,4.66,247
2026-06-12T19:00,30.9,70,0.00,1006.1,95,4.24,249
2026-06-12T20:00,30.8,70,0.00,1006.6,93,4.14,247
2026-06-12T21:00,30.7,71,0.00,1007.5,76,4.10,240
2026-06-12T22:00,30.7,71,0.00,1007.8,66,4.02,238
2026-06-12T23:00,30.4,73,0.00,1007.3,66,4.05,243
2026-06-13T00:00,30.2,73,0.10,1007.0,55,4.07,244
2026-06-13T01:00,30.1,73,0.10,1006.6,53,3.88,248
2026-06-13T02:00,30.1,74,0.10,1006.1,33,3.91,249
2026-06-13T03:00,29.8,75,0.10,1006.3,28,3.80,249
2026-06-13T04:00,29.8,76,0.10,1006.5,28,3.48,252
2026-06-13T05:00,30.3,73,0.10,1006.3,59,3.44,249
2026-06-13T06:00,30.4,72,0.00,1007.0,70,3.61,251
2026-06-13T07:00,30.9,70,0.00,1008.1,78,3.78,252
2026-06-13T08:00,31.0,69,0.30,1008.5,97,3.83,255
2026-06-13T09:00,32.8,57,0.10,1008.8,88,4.13,253
2026-06-13T10:00,32.7,57,0.00,1008.9,59,4.11,252
2026-06-13T11:00,33.6,54,0.10,1009.0,44,4.44,251
2026-06-13T12:00,33.6,54,0.10,1008.5,30,4.95,254
2026-06-13T13:00,33.8,54,0.00,1007.9,25,5.22,258
2026-06-13T14:00,33.8,54,0.00,1007.4,24,5.46,266
2026-06-13T15:00,33.5,55,0.00,1007.1,9,5.25,268
2026-06-13T16:00,33.0,58,0.00,1006.5,11,5.10,271
2026-06-13T17:00,32.2,62,0.00,1006.3,5,4.87,265
2026-06-13T18:00,31.5,65,0.00,1006.5,2,4.60,268
2026-06-13T19:00,31.0,67,0.00,1006.7,6,4.02,265
2026-06-13T20:00,31.0,68,0.00,1007.3,11,3.95,269
2026-06-13T21:00,30.7,70,0.00,1008.1,66,4.00,269
2026-06-13T22:00,30.7,71,0.00,1008.6,47,4.12,264
2026-06-13T23:00,30.6,72,0.00,1008.1,73,4.03,263
2026-06-14T00:00,30.5,72,0.00,1007.7,27,4.07,265
2026-06-14T01:00,30.0,76,0.00,1007.4,86,4.37,265
2026-06-14T02:00,29.5,79,0.10,1007.0,98,3.91,266
2026-06-14T03:00,29.5,79,0.20,1007.0,91,3.90,279
2026-06-14T04:00,29.4,79,0.30,1007.2,90,4.18,287
2026-06-14T05:00,29.8,75,0.10,1007.3,98,3.21,274
2026-06-14T06:00,30.0,72,0.00,1007.8,96,3.11,275
2026-06-14T07:00,30.7,69,0.00,1008.5,97,3.59,262
2026-06-14T08:00,30.9,68,0.20,1008.8,96,4.07,264
2026-06-14T09:00,32.0,63,0.10,1009.2,91,4.61,274
2026-06-14T10:00,32.8,58,0.00,1009.2,45,4.88,276
2026-06-14T11:00,33.6,52,0.00,1009.2,15,4.00,273
2026-06-14T12:00,33.2,54,0.10,1008.5,38,4.66,266
2026-06-14T13:00,32.3,60,0.40,1008.0,34,5.27,265
2026-06-14T14:00,32.7,60,0.50,1007.2,16,5.18,280
2026-06-14T15:00,32.7,58,0.00,1006.7,2,5.00,284
2026-06-14T16:00,32.5,57,0.00,1006.3,61,5.11,278
2026-06-14T17:00,31.4,64,0.10,1006.4,26,4.72,275
2026-06-14T18:00,30.6,68,0.30,1006.5,30,4.43,281
2026-06-14T19:00,30.3,70,0.20,1006.8,31,3.67,276
2026-06-14T20:00,30.6,69,0.20,1007.0,20,3.97,275
2026-06-14T21:00,30.8,68,0.00,1007.8,32,4.15,269
2026-06-14T22:00,30.6,69,0.00,1008.3,19,4.00,270
2026-06-14T23:00,30.2,70,0.00,1008.0,21,3.25,267
2026-06-15T00:00,30.2,69,0.00,1007.4,28,3.45,268
2026-06-15T01:00,30.1,69,0.00,1006.9,48,3.55,271
2026-06-15T02:00,30.0,70,0.00,1006.5,34,3.81,273
2026-06-15T03:00,29.7,71,0.00,1006.6,20,3.42,277
2026-06-15T04:00,29.6,71,0.00,1006.9,16,2.79,279
2026-06-15T05:00,29.3,69,0.00,1007.2,15,2.59,280
2026-06-15T06:00,29.5,67,0.00,1007.8,16,1.54,295
2026-06-15T07:00,30.7,61,0.00,1008.5,41,1.91,275
2026-06-15T08:00,30.7,63,0.00,1008.7,37,3.26,255
2026-06-15T09:00,30.8,65,0.20,1009.0,41,3.79,258
2026-06-15T10:00,31.1,66,0.50,1009.0,38,4.35,273
2026-06-15T11:00,30.3,69,0.80,1008.7,23,3.95,270
2026-06-15T12:00,31.3,69,0.40,1008.4,41,4.15,268
2026-06-15T13:00,31.8,67,0.30,1007.6,21,4.67,276
2026-06-15T14:00,32.3,63,0.10,1007.0,11,4.95,278
2026-06-15T15:00,32.2,62,0.00,1006.6,19,5.17,274
2026-06-15T16:00,32.0,62,0.00,1006.1,13,4.92,275
2026-06-15T17:00,32.3,58,0.00,1006.0,3,4.21,265
2026-06-15T18:00,31.7,61,0.00,1006.3,8,4.05,272
2026-06-15T19:00,31.1,63,0.00,1006.8,16,3.46,275
2026-06-15T20:00,30.9,64,0.00,1007.3,43,3.06,275
2026-06-15T21:00,30.8,65,0.00,1007.9,85,2.96,265
2026-06-15T22:00,30.7,66,0.00,1008.2,81,3.16,259
2026-06-15T23:00,30.4,67,0.00,1008.1,92,2.93,262
2026-06-16T00:00,30.3,67,0.00,1008.0,55,2.83,262
2026-06-16T01:00,30.1,67,0.00,1007.4,22,2.35,266
2026-06-16T02:00,30.0,67,0.10,1007.0,30,2.37,263
2026-06-16T03:00,29.4,71,0.20,1006.8,41,2.45,271
2026-06-16T04:00,28.9,75,0.20,1006.8,46,1.95,271
2026-06-16T05:00,29.0,76,0.20,1006.9,20,1.81,264
2026-06-16T06:00,29.3,74,0.00,1007.2,4,1.64,258
2026-06-16T07:00,30.5,67,0.00,1007.6,13,2.25,253
2026-06-16T08:00,31.4,63,0.00,1007.9,20,2.61,253
2026-06-16T09:00,32.3,59,0.00,1008.3,20,2.94,252
2026-06-16T10:00,32.9,57,0.00,1008.5,27,3.32,254
2026-06-16T11:00,33.2,57,0.00,1008.5,17,3.56,253
2026-06-16T12:00,32.9,58,0.10,1008.0,25,3.81,251
2026-06-16T13:00,33.0,58,0.10,1007.7,28,4.00,254
2026-06-16T14:00,32.9,59,0.00,1006.9,38,4.54,256
2026-06-16T15:00,32.7,59,0.00,1006.7,24,4.66,258
2026-06-16T16:00,32.3,60,0.00,1006.5,30,4.62,260
2026-06-16T17:00,31.9,64,0.00,1006.4,34,4.44,256
2026-06-16T18:00,31.4,63,0.00,1006.6,53,4.29,259
2026-06-16T19:00,30.9,65,0.00,1006.9,48,4.16,257
2026-06-16T20:00,30.7,66,0.00,1007.4,18,3.76,267
2026-06-16T21:00,30.6,67,0.00,1008.0,18,3.61,274
2026-06-16T22:00,30.4,68,0.00,1008.8,34,3.31,273
2026-06-16T23:00,30.4,67,0.00,1008.6,34,3.11,265
2026-06-17T00:00,30.3,67,0.00,1008.2,20,2.85,268
2026-06-17T01:00,30.0,68,0.00,1007.6,6,2.61,266
2026-06-17T02:00,29.9,69,0.00,1007.5,66,2.14,259
2026-06-17T03:00,29.7,69,0.00,1007.4,99,1.58,259
2026-06-17T04:00,29.6,69,0.00,1007.7,90,1.46,262
2026-06-17T05:00,29.1,72,0.00,1008.1,63,1.43,306
2026-06-17T06:00,29.3,71,0.00,1008.2,45,1.10,313
2026-06-17T07:00,30.3,65,0.00,1008.8,56,0.70,270
2026-06-17T08:00,31.3,60,0.10,1009.3,92,2.11,248
2026-06-17T09:00,32.0,57,0.10,1009.5,91,2.69,248
2026-06-17T10:00,32.6,56,0.10,1009.4,91,3.11,242
2026-06-17T11:00,33.4,53,0.10,1009.0,84,3.28,232
2026-06-17T12:00,33.5,54,0.10,1008.3,69,3.74,242
2026-06-17T13:00,33.3,54,0.10,1008.0,84,4.48,250
2026-06-17T14:00,32.7,58,0.10,1007.4,52,5.34,257
2026-06-17T15:00,32.5,58,0.00,1007.0,79,5.41,266
2026-06-17T16:00,32.0,58,0.00,1006.6,31,5.36,266
2026-06-17T17:00,32.1,57,0.00,1006.4,27,5.13,264
2026-06-17T18:00,31.4,60,0.00,1006.5,10,4.50,269
2026-06-17T19:00,31.1,60,0.00,1007.2,6,4.17,264
2026-06-17T20:00,31.0,60,0.00,1007.8,6,3.40,260
2026-06-17T21:00,30.9,61,0.00,1008.1,8,3.32,254
2026-06-17T22:00,30.7,62,0.00,1008.5,11,3.30,260
2026-06-17T23:00,30.5,64,0.00,1008.6,10,3.02,258
2026-06-18T00:00,30.3,66,0.00,1008.1,14,2.73,262
2026-06-18T01:00,30.2,66,0.00,1007.9,17,2.68,261
2026-06-18T02:00,30.0,67,0.00,1007.5,25,2.55,259
2026-06-18T03:00,29.6,68,0.10,1007.6,28,2.28,261
2026-06-18T04:00,28.9,73,0.10,1007.7,48,1.80,272
2026-06-18T05:00,29.8,65,0.10,1007.7,24,2.30,271
2026-06-18T06:00,29.9,64,0.00,1008.1,37,2.12,255
2026-06-18T07:00,30.5,62,0.00,1008.6,47,2.44,247
2026-06-18T08:00,31.3,59,0.00,1008.7,34,2.64,243
2026-06-18T09:00,32.0,56,0.00,1009.1,20,3.06,242
2026-06-18T10:00,32.5,54,0.10,1009.1,22,3.51,237
2026-06-18T11:00,33.4,53,0.10,1008.8,16,3.60,246
2026-06-18T12:00,33.4,53,0.00,1008.2,6,3.69,254
2026-06-18T13:00,33.5,53,0.00,1007.6,10,4.03,256
2026-06-18T14:00,33.2,53,0.00,1006.8,13,4.31,255
2026-06-18T15:00,32.9,54,0.00,1006.2,14,4.29,255
2026-06-18T16:00,32.3,57,0.00,1005.6,19,4.16,254
2026-06-18T17:00,32.1,57,0.00,1005.7,0,3.78,262
2026-06-18T18:00,31.2,62,0.00,1005.7,1,3.38,262
2026-06-18T19:00,30.5,66,0.00,1006.1,2,3.25,256
2026-06-18T20:00,30.4,66,0.00,1006.8,12,3.19,256
2026-06-18T21:00,30.3,66,0.00,1007.5,10,3.05,252
2026-06-18T22:00,30.2,66,0.00,1008.0,13,2.98,245
2026-06-18T23:00,30.3,63,0.00,1007.7,17,2.73,242
2026-06-19T00:00,30.2,62,0.00,1007.5,24,2.62,239
2026-06-19T01:00,30.0,63,0.00,1007.0,17,2.42,232
2026-06-19T02:00,29.9,63,0.00,1006.7,22,2.33,227
2026-06-19T03:00,29.7,64,0.00,1006.7,26,2.40,225
2026-06-19T04:00,29.6,64,0.00,1006.9,28,2.16,220
2026-06-19T05:00,29.5,67,0.00,1006.7,13,2.23,220
2026-06-19T06:00,29.5,67,0.00,1007.0,27,2.07,212
2026-06-19T07:00,30.2,63,0.00,1007.5,34,2.20,210
2026-06-19T08:00,31.1,60,0.00,1007.7,20,2.57,217
2026-06-19T09:00,31.9,56,0.00,1008.1,24,2.86,224
2026-06-19T10:00,32.5,54,0.00,1008.4,15,3.08,227
2026-06-19T11:00,33.4,53,0.00,1008.1,14,3.49,232
2026-06-19T12:00,33.2,54,0.00,1007.9,17,3.71,233
2026-06-19T13:00,33.2,54,0.00,1007.5,9,4.09,235
2026-06-19T14:00,33.2,53,0.00,1006.9,10,4.27,241
2026-06-19T15:00,33.0,53,0.00,1006.4,13,4.58,243
2026-06-19T16:00,32.5,55,0.00,1006.1,13,4.44,247
2026-06-19T17:00,32.4,54,0.00,1006.2,9,4.12,241
2026-06-19T18:00,31.6,57,0.00,1006.6,19,3.77,248
2026-06-19T19:00,31.0,60,0.00,1006.9,5,3.37,249
2026-06-19T20:00,30.8,61,0.00,1007.6,12,2.83,249
2026-06-19T21:00,30.7,62,0.00,1008.4,17,2.51,241
2026-06-19T22:00,30.6,62,0.00,1008.8,82,2.30,243
2026-06-19T23:00,30.4,62,0.00,1008.2,98,2.04,239
2026-06-20T00:00,30.2,63,0.00,1007.6,95,1.95,241
2026-06-20T01:00,30.1,63,0.00,1007.4,66,1.87,236
2026-06-20T02:00,29.9,63,0.00,1007.0,39,1.88,230
2026-06-20T03:00,29.8,63,0.00,1006.8,48,1.88,230
2026-06-20T04:00,29.7,64,0.00,1006.9,65,1.63,230
2026-06-20T05:00,29.5,69,0.00,1007.1,52,1.66,241
2026-06-20T06:00,29.6,69,0.00,1007.6,65,1.48,246
2026-06-20T07:00,30.3,65,0.00,1008.1,90,1.58,252
2026-06-20T08:00,31.0,62,0.00,1008.6,89,1.66,241
2026-06-20T09:00,32.0,58,0.00,1008.7,67,1.87,250
2026-06-20T10:00,32.8,54,0.00,1008.8,38,2.53,248
2026-06-20T11:00,33.4,52,0.00,1008.4,41,2.98,245
2026-06-20T12:00,33.3,52,0.00,1008.1,23,3.26,249
2026-06-20T13:00,33.5,52,0.00,1007.6,16,3.61,256
2026-06-20T14:00,33.1,53,0.00,1007.0,27,3.77,255
2026-06-20T15:00,32.7,55,0.00,1006.6,16,3.97,259
2026-06-20T16:00,32.3,56,0.00,1006.3,23,3.93,263
2026-06-20T17:00,32.0,59,0.00,1006.0,25,3.89,262
2026-06-20T18:00,31.5,61,0.00,1006.4,20,3.57,264
2026-06-20T19:00,31.1,62,0.00,1007.3,38,3.23,257
2026-06-20T20:00,30.9,63,0.00,1008.1,50,3.15,252
2026-06-20T21:00,30.9,62,0.00,1008.6,35,2.82,250
2026-06-20T22:00,30.9,62,0.00,1008.9,98,2.28,251
2026-06-20T23:00,30.7,63,0.00,1008.3,89,2.29,238
2026-06-21T00:00,30.4,64,0.00,1007.7,46,2.29,234
2026-06-21T01:00,30.3,65,0.00,1007.3,28,2.30,243
2026-06-21T02:00,30.1,65,0.00,1006.9,52,2.27,248
2026-06-21T03:00,29.7,66,0.00,1006.9,33,2.08,260
2026-06-21T04:00,29.7,66,0.00,1007.4,46,2.02,261
2026-06-21T05:00,29.8,68,0.00,1007.0,27,1.73,292
2026-06-21T06:00,29.5,69,0.10,1007.4,55,1.39,296
2026-06-21T07:00,29.8,67,0.10,1007.8,98,1.48,298
2026-06-21T08:00,30.0,65,0.30,1008.1,99,1.75,270
2026-06-21T09:00,30.5,64,0.00,1008.3,100,1.77,278
2026-06-21T10:00,30.9,63,0.00,1008.0,86,1.92,285
2026-06-21T11:00,32.7,56,0.00,1007.2,45,2.17,278
2026-06-21T12:00,32.8,55,0.00,1006.8,100,2.81,274
2026-06-21T13:00,32.3,55,0.00,1006.2,99,3.10,271
2026-06-21T14:00,32.7,54,0.00,1005.3,73,3.30,271
2026-06-21T15:00,32.8,55,0.00,1004.9,32,3.65,270
2026-06-21T16:00,32.0,58,0.00,1004.6,48,3.47,263
2026-06-21T17:00,32.1,60,0.00,1004.3,45,2.95,267
2026-06-21T18:00,31.1,65,0.00,1004.5,69,2.55,259
2026-06-21T19:00,30.8,66,0.00,1004.9,52,2.19,243
2026-06-21T20:00,30.5,69,0.00,1005.3,55,2.29,238
2026-06-21T21:00,30.2,71,0.00,1005.8,73,2.45,229
2026-06-21T22:00,30.0,72,0.00,1006.5,36,2.13,219
2026-06-21T23:00,29.9,71,0.00,1006.5,88,2.00,233
2026-06-22T00:00,29.7,71,0.00,1005.9,25,1.90,240
2026-06-22T01:00,29.1,73,0.30,1005.7,60,1.83,235
2026-06-22T02:00,28.2,77,0.50,1005.4,76,2.44,203
2026-06-22T03:00,26.7,90,2.60,1005.6,29,1.74,162
2026-06-22T04:00,25.4,97,3.20,1005.9,97,2.26,152
2026-06-22T05:00,27.9,83,0.90,1005.7,65,1.09,164
2026-06-22T06:00,27.4,82,0.60,1006.5,25,3.43,193
2026-06-22T07:00,27.6,82,0.80,1006.6,25,2.66,160
2026-06-22T08:00,28.7,78,0.30,1006.8,25,2.56,159
2026-06-22T09:00,30.1,70,0.20,1007.3,31,2.75,181
2026-06-22T10:00,30.8,67,0.30,1006.9,18,3.07,187
2026-06-22T11:00,31.8,60,0.10,1006.8,88,3.29,204
2026-06-22T12:00,30.8,69,0.00,1006.3,38,3.22,213
2026-06-22T13:00,31.4,66,0.00,1005.8,20,3.54,216
2026-06-22T14:00,31.4,64,0.00,1005.1,51,3.78,217
2026-06-22T15:00,31.4,62,0.00,1004.6,63,3.61,224
2026-06-22T16:00,30.9,65,0.10,1004.4,59,3.70,215
2026-06-22T17:00,30.5,66,0.10,1004.2,88,3.66,202
2026-06-22T18:00,29.8,71,0.00,1004.7,89,2.66,221
2026-06-22T19:00,29.4,75,0.00,1005.0,74,1.59,229
2026-06-22T20:00,29.4,75,0.00,1005.5,60,1.34,207
2026-06-22T21:00,29.0,76,0.10,1006.1,24,2.17,165
2026-06-22T22:00,28.4,80,0.00,1006.1,29,2.15,162
2026-06-22T23:00,28.1,80,2.30,1006.4,95,2.80,169
2026-06-23T00:00,27.6,80,0.10,1005.7,88,3.02,168
2026-06-23T01:00,27.5,81,0.20,1005.1,74,3.25,166
2026-06-23T02:00,27.1,82,0.20,1004.9,100,3.25,170
2026-06-23T03:00,26.1,90,1.20,1005.1,97,2.80,170
2026-06-23T04:00,26.0,92,0.70,1004.8,98,2.57,143
2026-06-23T05:00,25.8,93,0.30,1004.7,99,2.25,176
2026-06-23T06:00,25.6,93,4.60,1004.9,99,2.57,172
2026-06-23T07:00,25.8,95,2.50,1005.6,100,2.22,157
2026-06-23T08:00,26.2,93,2.00,1006.0,100,1.80,178
2026-06-23T09:00,26.2,91,2.80,1006.1,100,2.46,151
2026-06-23T10:00,26.2,94,2.00,1005.5,97,2.17,119
2026-06-23T11:00,25.9,90,0.90,1005.6,100,2.59,170
2026-06-23T12:00,27.2,87,2.70,1005.5,100,2.89,157
2026-06-23T13:00,26.9,87,0.80,1004.7,100,2.45,181
2026-06-23T14:00,26.5,89,1.30,1003.9,100,2.43,212
2026-06-23T15:00,26.6,89,1.30,1003.8,100,1.15,268
2026-06-23T16:00,26.4,87,2.60,1003.3,100,0.53,319
2026-06-23T17:00,26.6,91,2.30,1002.9,100,2.19,305
2026-06-23T18:00,26.1,94,2.50,1003.6,100,2.29,286
2026-06-23T19:00,26.1,93,6.00,1004.2,100,1.90,293
2026-06-23T20:00,26.3,93,6.20,1004.8,100,1.37,294
2026-06-23T21:00,26.2,92,2.90,1005.6,100,1.95,267
2026-06-23T22:00,26.2,93,3.10,1005.8,100,2.08,260
2026-06-23T23:00,26.2,91,2.40,1006.0,100,2.94,201
2026-06-24T00:00,25.8,93,2.30,1005.3,100,2.31,186
2026-06-24T01:00,25.7,94,3.50,1004.9,100,2.19,191
2026-06-24T02:00,25.7,94,2.10,1004.5,100,1.91,175
2026-06-24T03:00,25.6,91,1.70,1004.5,100,2.55,222
2026-06-24T04:00,25.4,91,1.90,1004.9,100,3.33,237
2026-06-24T05:00,24.9,99,2.30,1005.0,100,2.08,60
2026-06-24T06:00,25.3,96,2.20,1004.8,100,1.07,62
2026-06-24T07:00,25.7,95,1.60,1005.6,100,0.75,143
2026-06-24T08:00,25.6,96,2.20,1006.4,100,1.25,143
2026-06-24T09:00,25.9,94,3.70,1006.9,100,2.52,166
2026-06-24T10:00,25.8,92,1.70,1006.9,100,2.91,131
2026-06-24T11:00,26.6,86,0.70,1006.8,100,2.11,158
2026-06-24T12:00,27.0,83,0.50,1006.3,100,2.33,165
2026-06-24T13:00,27.4,78,0.30,1005.7,100,2.47,188
2026-06-24T14:00,27.4,79,0.50,1005.2,100,2.33,170
2026-06-24T15:00,27.2,81,0.50,1004.8,100,2.60,182
2026-06-24T16:00,27.0,81,0.20,1004.3,100,2.85,179
2026-06-24T17:00,27.7,82,0.30,1003.8,100,2.60,181
2026-06-24T18:00,27.2,85,0.20,1004.3,100,3.00,177
2026-06-24T19:00,27.2,84,0.00,1004.8,100,2.59,170
2026-06-24T20:00,27.4,82,0.00,1005.0,100,2.65,183
2026-06-24T21:00,27.7,80,0.00,1005.6,100,2.69,195
2026-06-24T22:00,27.7,81,0.10,1006.2,98,2.79,189
2026-06-24T23:00,27.7,81,0.50,1006.4,92,3.24,197
2026-06-25T00:00,27.6,82,0.20,1006.2,100,2.77,206
2026-06-25T01:00,27.3,85,0.10,1005.4,100,2.51,175
2026-06-25T02:00,26.0,89,1.10,1005.5,99,2.26,242
2026-06-25T03:00,26.3,89,0.40,1005.0,99,2.82,210
2026-06-25T04:00,26.4,88,0.00,1004.8,80,2.73,188
2026-06-25T05:00,26.0,88,0.00,1005.1,60,1.97,216
2026-06-25T06:00,25.9,89,1.10,1005.5,22,1.51,188
2026-06-25T07:00,26.9,86,0.00,1006.1,45,1.52,157
2026-06-25T08:00,28.0,83,0.00,1006.6,19,2.01,186
2026-06-25T09:00,28.4,79,0.30,1007.3,94,2.52,229
2026-06-25T10:00,28.7,79,0.10,1007.4,95,2.59,199
2026-06-25T11:00,29.7,70,0.50,1007.0,49,2.16,222
2026-06-25T12:00,29.3,74,0.40,1006.3,45,2.84,221
2026-06-25T13:00,29.7,74,0.20,1005.7,50,2.73,220
2026-06-25T14:00,29.5,76,0.30,1005.3,48,2.79,216
2026-06-25T15:00,29.5,76,0.10,1004.8,27,3.08,224
2026-06-25T16:00,29.1,78,0.20,1004.4,41,4.25,233
2026-06-25T17:00,29.1,76,0.10,1004.3,90,2.69,204
2026-06-25T18:00,28.3,82,0.30,1004.8,97,2.51,226
2026-06-25T19:00,27.9,83,0.40,1005.4,66,2.33,223
2026-06-25T20:00,28.1,81,0.10,1006.0,77,2.45,219
2026-06-25T21:00,27.7,85,0.10,1006.4,76,2.14,201
2026-06-25T22:00,27.1,89,0.40,1006.8,84,2.01,184
2026-06-25T23:00,27.4,85,0.30,1006.6,98,2.53,162
2026-06-26T00:00,26.9,88,0.10,1006.2,98,1.90,183
2026-06-26T01:00,26.2,90,1.00,1006.2,98,1.20,175
2026-06-26T02:00,26.3,92,0.10,1005.9,96,1.25,151
2026-06-26T03:00,26.3,90,0.10,1005.6,84,1.95,183
2026-06-26T04:00,26.3,90,0.00,1005.8,90,2.15,162
2026-06-26T05:00,26.5,92,0.00,1005.5,94,1.26,146
2026-06-26T06:00,26.9,91,0.00,1005.9,77,1.77,133
2026-06-26T07:00,27.7,88,0.00,1006.7,77,1.45,139
2026-06-26T08:00,27.5,83,0.50,1007.2,100,1.31,162
2026-06-26T09:00,27.0,85,1.70,1008.2,100,1.25,270
2026-06-26T10:00,27.6,82,0.40,1008.1,74,1.45,221
2026-06-26T11:00,29.4,76,0.00,1007.5,63,1.96,212
2026-06-26T12:00,30.2,73,0.00,1007.0,80,2.16,226
2026-06-26T13:00,30.3,72,0.20,1006.6,80,2.93,224
2026-06-26T14:00,30.2,73,0.20,1005.6,92,3.54,226
2026-06-26T15:00,29.6,72,0.50,1005.0,65,4.25,228
2026-06-26T16:00,29.6,74,0.20,1004.6,54,3.36,237
2026-06-26T17:00,29.5,76,0.00,1004.6,72,3.30,229
2026-06-26T18:00,29.3,78,0.30,1004.8,71,2.84,231
2026-06-26T19:00,28.8,80,0.10,1005.4,88,2.58,226
2026-06-26T20:00,28.6,81,0.10,1006.1,98,2.09,220
2026-06-26T21:00,28.4,83,0.10,1006.7,97,2.21,213
2026-06-26T22:00,27.7,87,0.10,1007.2,66,2.21,208
2026-06-26T23:00,28.6,81,0.10,1006.5,98,1.48,204
2026-06-27T00:00,28.4,82,0.00,1006.3,99,1.50,178
2026-06-27T01:00,27.9,85,0.00,1005.9,85,1.95,167
2026-06-27T02:00,27.4,88,0.00,1005.6,80,2.00,167
2026-06-27T03:00,27.3,88,0.00,1005.2,91,1.90,183
2026-06-27T04:00,27.1,88,0.00,1005.1,96,1.60,182
2026-06-27T05:00,27.2,86,0.10,1005.5,66,0.36,106
2026-06-27T06:00,26.9,90,0.00,1005.6,73,1.04,107
2026-06-27T07:00,27.5,88,0.00,1006.1,71,1.61,120
2026-06-27T08:00,28.4,81,0.00,1006.4,23,1.75,149
2026-06-27T09:00,29.4,76,0.10,1006.8,20,1.65,180
2026-06-27T10:00,30.2,72,0.10,1006.9,28,1.63,207
2026-06-27T11:00,30.9,70,0.10,1006.7,36,1.63,227
2026-06-27T12:00,31.0,71,0.10,1005.8,23,1.81,242
2026-06-27T13:00,31.1,71,0.20,1005.2,27,1.96,251
2026-06-27T14:00,31.0,70,0.10,1004.3,23,2.67,257
2026-06-27T15:00,30.7,72,0.00,1003.4,12,3.10,260
2026-06-27T16:00,30.4,72,0.00,1003.1,22,2.78,262
2026-06-27T17:00,30.8,70,0.00,1002.7,49,2.85,252
2026-06-27T18:00,30.2,73,0.00,1003.4,23,2.33,247
2026-06-27T19:00,29.7,77,0.00,1004.3,64,1.50,249
2026-06-27T20:00,29.5,79,0.00,1004.9,77,1.60,231
2026-06-27T21:00,29.3,79,0.00,1005.3,40,1.06,225
2026-06-27T22:00,29.2,80,0.00,1005.3,38,1.10,227
2026-06-27T23:00,29.1,79,0.00,1005.2,58,1.00,217
2026-06-28T00:00,29.0,81,0.00,1004.7,76,0.60,180
2026-06-28T01:00,28.4,84,0.10,1004.3,95,0.70,159
2026-06-28T02:00,28.0,88,0.30,1004.1,87,1.30,164
2026-06-28T03:00,27.8,90,0.00,1003.5,65,0.61,215
2026-06-28T04:00,27.6,88,0.20,1003.9,79,1.26,173
2026-06-28T05:00,27.3,91,0.00,1003.9,95,1.39,201
2026-06-28T06:00,27.1,89,0.10,1004.2,100,1.97,171
2026-06-28T07:00,27.1,89,0.00,1004.8,100,2.15,158
2026-06-28T08:00,27.7,86,0.00,1005.0,87,1.54,144
2026-06-28T09:00,28.7,82,0.00,1005.3,57,1.10,156
2026-06-28T10:00,29.9,78,0.00,1005.6,50,1.39,195
2026-06-28T11:00,30.3,74,0.00,1005.4,98,1.87,214
2026-06-28T12:00,30.6,73,0.00,1004.7,86,2.48,236
2026-06-28T13:00,30.6,73,0.00,1004.1,83,3.42,245
2026-06-28T14:00,29.7,74,0.70,1003.7,91,2.96,248
2026-06-28T15:00,29.2,77,0.60,1003.1,94,2.86,258
2026-06-28T16:00,29.0,78,0.10,1002.6,87,3.60,268
2026-06-28T17:00,28.9,77,0.20,1003.0,96,3.18,254
2026-06-28T18:00,27.7,82,0.20,1003.1,98,2.87,263
2026-06-28T19:00,25.7,93,2.40,1004.8,100,2.72,224
2026-06-28T20:00,25.9,93,4.30,1005.3,100,1.45,270
2026-06-28T21:00,26.3,91,1.50,1005.5,100,0.25,270
2026-06-28T22:00,26.1,95,0.60,1005.5,99,1.25,88
2026-06-28T23:00,27.3,90,0.20,1005.2,100,2.34,250
2026-06-29T00:00,26.9,89,0.60,1004.9,100,3.10,239
2026-06-29T01:00,26.7,90,0.80,1004.5,100,2.42,240
2026-06-29T02:00,26.3,93,1.10,1004.1,100,2.46,232
2026-06-29T03:00,26.6,93,0.80,1003.7,100,0.95,183
2026-06-29T04:00,26.1,95,1.30,1003.7,100,1.63,130
2026-06-29T05:00,26.7,93,0.60,1003.2,100,0.25,101
2026-06-29T06:00,26.0,95,1.10,1003.1,100,0.89,106
2026-06-29T07:00,26.4,91,1.30,1004.2,100,1.70,194
2026-06-29T08:00,25.7,93,2.40,1005.0,100,2.95,242
2026-06-29T09:00,26.7,87,1.30,1005.4,93,1.92,242
2026-06-29T10:00,28.3,80,0.30,1005.7,98,2.48,242
2026-06-29T11:00,27.4,86,1.40,1005.7,100,0.76,247
2026-06-29T12:00,27.6,85,0.90,1005.1,100,1.26,252
2026-06-29T13:00,27.6,85,1.10,1004.9,100,0.99,221
2026-06-29T14:00,28.0,80,0.40,1004.4,98,1.99,231
2026-06-29T15:00,28.4,78,0.10,1003.6,96,2.70,236
2026-06-29T16:00,27.6,80,0.50,1003.2,81,3.45,231
2026-06-29T17:00,26.9,92,1.30,1003.1,100,2.62,209
2026-06-29T18:00,26.7,93,2.00,1003.3,100,2.96,196
2026-06-29T19:00,26.9,93,1.00,1003.6,100,2.82,203
2026-06-29T20:00,27.1,89,0.20,1004.2,100,2.90,216
2026-06-29T21:00,26.6,89,2.20,1004.9,99,2.98,229
2026-06-29T22:00,26.3,92,2.30,1005.7,100,3.10,211
2026-06-29T23:00,26.5,89,1.40,1005.4,100,2.91,207
2026-06-30T00:00,26.1,93,6.00,1005.2,100,1.43,216
2026-06-30T01:00,26.3,93,2.20,1004.4,100,2.41,230
2026-06-30T02:00,26.2,93,1.80,1003.9,100,2.27,229
2026-06-30T03:00,25.8,94,3.40,1003.9,100,2.05,236
2026-06-30T04:00,26.0,95,2.40,1003.8,100,2.72,238
2026-06-30T05:00,26.2,92,2.30,1003.8,100,3.24,214
2026-06-30T06:00,25.1,94,2.50,1004.1,100,3.66,220
2026-06-30T07:00,26.4,93,3.40,1004.6,100,2.44,199
2026-06-30T08:00,26.6,91,1.20,1005.1,100,3.26,223
2026-06-30T09:00,27.5,86,1.40,1005.5,100,2.82,213
2026-06-30T10:00,26.5,91,2.40,1005.9,100,3.22,222
2026-06-30T11:00,27.8,87,1.30,1005.3,100,3.16,203
2026-06-30T12:00,27.7,83,1.30,1005.5,100,3.61,225
2026-06-30T13:00,28.6,81,1.00,1005.0,100,3.38,209
2026-06-30T14:00,28.6,79,0.30,1004.2,93,3.61,211
2026-06-30T15:00,27.8,84,1.90,1003.6,92,4.60,224
2026-06-30T16:00,27.6,82,1.00,1003.1,81,4.99,232
2026-06-30T17:00,26.8,91,4.50,1003.3,100,4.56,243
2026-06-30T18:00,27.0,92,2.30,1003.1,100,4.12,237
2026-06-30T19:00,26.4,90,2.70,1003.6,100,4.65,243
2026-06-30T20:00,26.2,91,2.80,1004.2,100,4.93,240
2026-06-30T21:00,26.5,93,3.20,1004.6,100,4.27,243
2026-06-30T22:00,26.5,92,2.80,1004.9,100,4.02,243
2026-06-30T23:00,26.8,89,3.40,1004.6,100,5.75,245
2026-07-01T00:00,27.2,88,3.00,1003.7,100,5.94,237
2026-07-01T01:00,27.1,86,7.70,1003.5,100,5.78,247
2026-07-01T02:00,26.6,88,6.70,1002.7,100,5.87,247
2026-07-01T03:00,26.5,90,4.80,1002.7,100,5.15,247
2026-07-01T04:00,26.1,91,5.20,1002.6,100,4.81,246
2026-07-01T05:00,26.9,88,5.40,1002.5,99,3.07,248
2026-07-01T06:00,26.8,87,0.40,1002.9,100,3.19,229
2026-07-01T07:00,25.9,93,2.20,1003.6,100,3.39,262
2026-07-01T08:00,26.0,94,2.60,1004.0,100,2.87,235
2026-07-01T09:00,26.9,91,1.40,1004.6,100,3.62,246
2026-07-01T10:00,26.9,91,2.60,1004.8,100,3.23,235
2026-07-01T11:00,26.8,92,3.20,1004.0,100,3.73,250
2026-07-01T12:00,27.0,91,5.80,1003.7,100,4.21,250
2026-07-01T13:00,26.9,94,4.50,1003.4,100,3.92,259
2026-07-01T14:00,26.5,91,4.60,1003.0,100,4.11,257
2026-07-01T15:00,26.6,91,3.10,1002.6,100,4.37,246
2026-07-01T16:00,26.4,92,2.80,1002.4,100,4.72,244
2026-07-01T17:00,27.2,88,5.10,1002.3,100,5.59,257
2026-07-01T18:00,26.9,87,6.20,1002.5,100,5.24,257
2026-07-01T19:00,27.0,87,2.90,1002.8,100,4.41,257
2026-07-01T20:00,27.3,87,1.50,1003.6,100,3.71,256
2026-07-01T21:00,26.9,88,0.60,1004.3,100,3.25,260
2026-07-01T22:00,26.1,91,2.60,1005.0,100,4.10,223
2026-07-01T23:00,25.0,94,1.70,1005.3,100,2.43,212
2026-07-02T00:00,25.3,93,4.30,1004.7,100,1.54,245
2026-07-02T01:00,25.6,93,2.20,1004.3,100,2.41,214
2026-07-02T02:00,25.5,91,0.90,1003.9,100,2.83,224
2026-07-02T03:00,25.7,92,0.90,1003.6,100,2.77,219
2026-07-02T04:00,25.7,92,0.30,1003.1,100,2.85,198
2026-07-02T05:00,26.1,93,1.50,1003.3,100,2.64,245
2026-07-02T06:00,26.1,91,2.20,1003.7,100,3.44,242
2026-07-02T07:00,25.7,93,2.10,1004.4,100,3.75,222
2026-07-02T08:00,25.7,93,1.70,1004.6,100,3.86,223
2026-07-02T09:00,26.7,90,1.50,1005.2,100,3.44,213
2026-07-02T10:00,26.9,92,1.70,1005.2,100,4.17,225
2026-07-02T11:00,27.6,91,2.30,1005.1,100,5.50,244
2026-07-02T12:00,27.4,91,4.00,1004.8,100,5.13,248
2026-07-02T13:00,26.9,89,4.60,1004.5,100,5.19,249
2026-07-02T14:00,27.0,88,2.80,1004.2,100,5.03,257
2026-07-02T15:00,26.3,88,2.40,1003.7,100,4.55,262
2026-07-02T16:00,26.5,92,5.00,1003.6,100,3.59,235
2026-07-02T17:00,27.1,88,3.70,1002.9,95,3.43,247
2026-07-02T18:00,27.1,90,1.40,1003.1,73,2.88,236
2026-07-02T19:00,26.2,90,1.00,1003.6,98,2.80,235
2026-07-02T20:00,27.0,88,0.40,1004.1,99,3.33,244
2026-07-02T21:00,25.8,91,3.60,1005.7,100,3.15,260
2026-07-02T22:00,25.9,94,3.10,1006.0,100,1.57,233
2026-07-02T23:00,26.3,91,2.10,1005.5,100,3.83,258
2026-07-03T00:00,26.5,92,0.80,1005.0,100,3.76,267
2026-07-03T01:00,26.0,91,1.40,1004.9,100,3.76,289
2026-07-03T02:00,25.5,93,2.10,1004.7,100,3.56,294
2026-07-03T03:00,25.2,94,3.40,1004.5,100,3.06,281
2026-07-03T04:00,25.4,93,2.00,1004.1,100,2.75,268
2026-07-03T05:00,26.1,91,2.60,1003.9,100,3.67,285
2026-07-03T06:00,26.0,93,3.80,1004.2,100,2.27,256
2026-07-03T07:00,26.3,93,3.00,1004.6,100,2.79,255
2026-07-03T08:00,26.5,92,2.00,1005.0,100,2.43,256
2026-07-03T09:00,25.7,93,4.00,1005.7,100,4.30,279
2026-07-03T10:00,25.8,94,2.40,1006.1,100,2.75,260
2026-07-03T11:00,26.4,92,1.80,1005.7,100,2.90,273
2026-07-03T12:00,26.8,91,2.10,1005.2,93,3.62,281
2026-07-03T13:00,26.6,90,2.90,1005.2,100,3.11,264
2026-07-03T14:00,26.3,90,1.70,1004.5,100,5.23,243
2026-07-03T15:00,26.7,88,0.70,1004.3,100,3.98,252
2026-07-03T16:00,26.0,90,2.40,1004.2,100,4.50,273
2026-07-03T17:00,27.3,84,3.60,1003.6,100,3.95,268
2026-07-03T18:00,25.8,91,2.80,1003.9,100,4.00,269
2026-07-03T19:00,26.4,90,1.50,1004.1,100,3.56,275
2026-07-03T20:00,26.7,89,0.70,1004.4,100,3.10,271
2026-07-03T21:00,26.5,88,0.60,1005.0,100,3.47,255
2026-07-03T22:00,25.9,91,2.00,1005.7,100,4.65,243
2026-07-03T23:00,25.6,90,1.50,1004.8,100,3.70,261
2026-07-04T00:00,25.8,91,2.70,1004.4,100,4.44,256
2026-07-04T01:00,26.1,91,1.10,1003.9,100,3.87,259
2026-07-04T02:00,26.2,92,1.70,1003.2,100,3.05,260
2026-07-04T03:00,26.2,92,2.60,1002.7,100,3.71,256
2026-07-04T04:00,26.3,93,4.00,1002.6,100,3.52,259
2026-07-04T05:00,26.2,94,6.50,1002.4,100,3.42,277
2026-07-04T06:00,25.8,95,6.40,1002.9,100,3.99,278
2026-07-04T07:00,25.8,93,7.20,1003.4,100,3.40,267
2026-07-04T08:00,25.9,93,5.20,1003.5,100,3.40,271
2026-07-04T09:00,26.4,92,3.30,1003.4,100,3.28,258
2026-07-04T10:00,26.3,93,4.00,1003.6,100,3.76,251
2026-07-04T11:00,26.6,92,4.40,1003.3,100,3.73,282
2026-07-04T12:00,26.4,93,7.40,1002.9,100,4.55,269
2026-07-04T13:00,26.8,89,5.00,1002.5,100,4.60,248
2026-07-04T14:00,26.3,91,3.00,1001.8,100,4.54,229
2026-07-04T15:00,26.3,91,3.10,1001.0,100,4.77,232
2026-07-04T16:00,26.6,89,2.20,1000.5,100,5.32,239
2026-07-04T17:00,26.2,91,3.30,1000.3,100,5.16,273
2026-07-04T18:00,26.0,89,1.40,1000.4,100,4.68,260
2026-07-04T19:00,26.4,91,0.60,1000.5,100,4.14,262
2026-07-04T20:00,27.3,87,0.10,1000.7,100,4.62,264
2026-07-04T21:00,26.9,84,0.10,1001.4,100,4.95,262
2026-07-04T22:00,26.2,90,1.60,1001.9,100,4.32,246
2026-07-04T23:00,26.5,90,1.20,1001.3,100,4.88,264
2026-07-05T00:00,26.2,94,2.40,1000.5,100,4.50,270
2026-07-05T01:00,25.9,93,5.30,1000.0,100,3.46,266
2026-07-05T02:00,26.2,91,3.00,999.4,100,3.49,243
2026-07-05T03:00,25.9,92,3.40,998.9,100,4.81,246
2026-07-05T04:00,26.3,91,3.90,998.6,100,5.85,250
2026-07-05T05:00,26.0,93,7.10,998.5,100,4.27,275
2026-07-05T06:00,25.9,94,10.60,998.7,100,6.75,277
2026-07-05T07:00,26.4,92,5.70,999.1,100,5.66,273
2026-07-05T08:00,26.7,91,2.40,999.2,100,6.09,247
2026-07-05T09:00,26.8,90,8.70,999.3,100,7.54,250
2026-07-05T10:00,26.8,91,11.20,998.9,100,8.05,256
2026-07-05T11:00,26.5,93,8.70,999.3,100,6.23,279
2026-07-05T12:00,26.5,91,5.50,998.9,100,5.29,280
2026-07-05T13:00,27.0,87,2.90,999.0,100,4.96,266
2026-07-05T14:00,26.4,89,5.40,999.1,100,6.07,259
2026-07-05T15:00,26.5,90,3.40,998.5,97,5.93,246
2026-07-05T16:00,26.6,88,1.50,998.0,100,6.02,245
2026-07-05T17:00,26.7,92,3.60,998.2,100,6.53,239
2026-07-05T18:00,26.7,91,14.30,998.6,100,8.42,258
2026-07-05T19:00,26.6,90,10.90,998.9,100,7.93,275
2026-07-05T20:00,26.1,89,8.90,1000.0,100,6.72,274
2026-07-05T21:00,26.9,86,3.80,1000.7,100,7.12,278
2026-07-05T22:00,26.9,87,1.40,1001.2,100,5.81,267
2026-07-05T23:00,26.6,89,2.90,1000.1,100,5.76,281
2026-07-06T00:00,26.7,88,3.00,999.8,100,6.33,282
2026-07-06T01:00,26.8,92,1.40,999.0,100,5.10,262
2026-07-06T02:00,27.0,88,2.90,998.6,100,5.67,261
2026-07-06T03:00,27.3,82,1.70,998.8,100,6.83,265
2026-07-06T04:00,27.2,82,1.40,998.6,100,5.84,258
2026-07-06T05:00,26.7,91,0.80,997.7,100,7.75,263
2026-07-06T06:00,27.0,90,4.50,998.0,100,7.80,263
2026-07-06T07:00,26.9,87,5.60,999.2,100,8.78,265
2026-07-06T08:00,26.8,88,9.70,999.8,100,7.57,262
2026-07-06T09:00,26.9,90,9.30,1000.4,100,7.60,264
2026-07-06T10:00,26.9,90,12.80,1000.4,100,6.56,257
2026-07-06T11:00,27.0,90,8.30,999.4,100,7.32,290
2026-07-06T12:00,27.3,90,15.00,999.0,100,7.84,283
2026-07-06T13:00,26.8,87,9.30,999.0,100,9.62,266
2026-07-06T14:00,26.8,90,8.20,998.4,100,9.02,266
2026-07-06T15:00,26.4,92,6.00,998.6,100,7.28,264
2026-07-06T16:00,27.0,89,4.30,997.6,100,8.90,262
2026-07-06T17:00,27.6,89,5.10,997.7,100,7.26,262
2026-07-06T18:00,27.3,88,3.80,998.0,100,8.00,264
2026-07-06T19:00,27.0,89,4.40,998.9,100,7.50,258
2026-07-06T20:00,27.0,88,4.00,999.7,100,7.76,252
2026-07-06T21:00,27.0,86,3.10,1000.3,100,7.50,257
2026-07-06T22:00,27.1,85,3.20,1000.8,100,7.81,257
2026-07-06T23:00,27.5,86,4.00,999.9,100,8.20,271
2026-07-07T00:00,27.2,87,0.60,999.9,100,6.75,263
2026-07-07T01:00,27.2,85,1.80,999.5,100,6.51,266
2026-07-07T02:00,26.7,90,2.20,999.1,100,7.06,268
2026-07-07T03:00,26.8,87,4.60,998.8,100,6.48,265
2026-07-07T04:00,27.0,88,3.60,998.6,100,7.03,261
2026-07-07T05:00,28.0,88,2.60,998.8,100,7.10,264
2026-07-07T06:00,27.4,85,0.20,999.8,100,6.28,254
2026-07-07T07:00,27.5,83,1.20,1000.6,100,6.30,263
2026-07-07T08:00,26.3,89,3.60,1000.7,100,6.31,259
2026-07-07T09:00,28.1,82,0.90,1001.1,100,5.76,251
2026-07-07T10:00,28.0,83,0.70,1001.1,100,5.27,258
2026-07-07T11:00,27.0,88,1.40,1001.2,100,6.58,252
2026-07-07T12:00,27.8,87,0.80,1000.4,100,5.84,243
2026-07-07T13:00,27.3,87,3.00,1000.4,100,6.61,254
2026-07-07T14:00,27.6,81,1.20,1000.4,100,7.35,268
2026-07-07T15:00,27.1,85,1.60,1000.2,100,7.14,257
2026-07-07T16:00,26.7,88,3.60,999.9,100,6.70,263
2026-07-07T17:00,26.9,90,1.90,999.1,100,6.81,251
2026-07-07T18:00,26.7,92,6.10,999.3,100,4.95,271
2026-07-07T19:00,26.5,90,4.80,999.7,100,4.72,275
2026-07-07T20:00,26.4,92,4.30,1000.3,100,5.22,282
2026-07-07T21:00,26.5,92,1.50,1001.2,100,5.51,291
2026-07-07T22:00,25.6,92,1.00,1001.9,100,4.47,280
2026-07-07T23:00,27.1,92,2.20,1001.0,100,6.71,286
2026-07-08T00:00,26.8,89,4.20,1000.4,100,7.72,278
2026-07-08T01:00,26.8,90,3.30,1000.1,100,6.18,276
2026-07-08T02:00,27.3,91,3.60,1000.0,100,6.47,274
2026-07-08T03:00,28.2,85,0.70,1000.0,100,7.66,273
2026-07-08T04:00,28.0,83,1.00,1000.4,100,7.45,270
2026-07-08T05:00,27.7,92,0.80,1000.7,100,6.29,260
2026-07-08T06:00,27.0,89,2.20,1001.0,100,7.42,262
2026-07-08T07:00,26.2,90,0.60,1001.7,100,6.63,255
2026-07-08T08:00,26.8,89,0.70,1002.3,100,5.80,246
2026-07-08T09:00,26.9,90,0.70,1003.2,100,4.38,235
2026-07-08T10:00,27.2,90,2.50,1004.1,100,3.62,264
2026-07-08T11:00,27.8,86,2.60,1003.0,100,4.88,276
2026-07-08T12:00,27.9,88,0.40,1003.1,100,5.04,277
2026-07-08T13:00,28.8,85,0.00,1002.7,100,3.87,265
2026-07-08T14:00,29.2,81,0.40,1002.0,100,4.73,260
2026-07-08T15:00,28.9,84,0.30,1001.8,100,3.76,260
2026-07-08T16:00,28.4,85,0.40,1001.7,100,3.51,265
2026-07-08T17:00,28.4,86,0.10,1001.5,100,4.23,249
2026-07-08T18:00,28.0,90,0.50,1001.6,100,3.64,261
2026-07-08T19:00,28.0,87,0.30,1002.6,100,3.60,246
2026-07-08T20:00,28.3,88,0.30,1003.3,100,4.11,257
2026-07-08T21:00,28.1,88,0.30,1004.0,100,4.66,246
2026-07-08T22:00,28.3,87,0.00,1004.5,100,4.12,247
2026-07-08T23:00,27.7,88,0.00,1004.3,100,4.94,242
2026-07-09T00:00,28.3,82,0.00,1003.7,100,4.89,248
2026-07-09T01:00,28.4,81,0.00,1003.7,100,4.48,250
2026-07-09T02:00,28.3,82,0.10,1003.1,100,5.19,245
2026-07-09T03:00,28.1,83,0.10,1003.2,100,5.41,245
2026-07-09T04:00,27.8,85,0.00,1003.2,100,5.46,243
2026-07-09T05:00,27.7,87,0.10,1003.4,98,4.84,240
2026-07-09T06:00,27.8,84,0.30,1003.9,99,4.63,244
2026-07-09T07:00,28.1,85,0.20,1004.7,100,4.70,246
2026-07-09T08:00,28.3,83,0.10,1005.1,100,5.74,247
2026-07-09T09:00,28.3,85,0.20,1005.6,100,5.57,246
2026-07-09T10:00,28.5,84,0.10,1006.1,100,5.02,247
2026-07-09T11:00,28.9,80,0.30,1006.3,100,5.28,242
2026-07-09T12:00,29.0,81,0.30,1006.4,100,5.56,240
2026-07-09T13:00,29.0,80,0.00,1006.0,100,4.96,242
2026-07-09T14:00,28.7,81,0.20,1005.8,100,5.14,243
2026-07-09T15:00,28.9,80,0.20,1005.2,100,5.09,247
2026-07-09T16:00,29.2,79,0.20,1004.8,99,5.21,249
2026-07-09T17:00,29.0,81,0.40,1004.9,70,5.08,241
2026-07-09T18:00,28.5,84,0.20,1005.2,71,4.97,238
2026-07-09T19:00,27.7,88,0.10,1005.9,67,5.06,232
2026-07-09T20:00,27.7,88,0.10,1006.5,81,4.73,231
2026-07-09T21:00,27.6,89,0.00,1007.0,88,4.55,234
2026-07-09T22:00,26.8,88,0.20,1007.5,90,4.45,237
2026-07-09T23:00,27.6,86,0.60,1007.2,66,4.03,233
2026-07-10T00:00,27.7,85,0.10,1006.8,92,3.80,230
2026-07-10T01:00,27.3,87,0.00,1006.7,95,3.71,233
2026-07-10T02:00,27.2,87,0.10,1006.1,50,4.26,239
2026-07-10T03:00,26.7,86,0.30,1006.1,59,4.19,237
2026-07-10T04:00,26.9,86,0.30,1006.0,26,4.18,238
2026-07-10T05:00,27.3,89,0.30,1006.1,84,4.17,240
2026-07-10T06:00,27.8,86,0.00,1006.4,95,4.36,245
2026-07-10T07:00,28.2,85,0.00,1007.1,96,4.64,246
2026-07-10T08:00,28.6,83,0.10,1007.7,39,4.76,249
2026-07-10T09:00,28.7,83,0.20,1008.4,34,4.60,251
2026-07-10T10:00,29.0,82,0.00,1008.3,31,4.62,252
2026-07-10T11:00,29.8,77,0.20,1008.4,49,4.76,253
2026-07-10T12:00,30.2,75,0.20,1008.4,99,4.80,248
2026-07-10T13:00,29.8,76,0.10,1008.0,98,4.71,248
2026-07-10T14:00,29.7,77,0.30,1007.8,93,4.81,249
2026-07-10T15:00,29.7,77,0.20,1007.2,92,5.01,251
2026-07-10T16:00,29.3,79,0.20,1006.9,30,4.94,257
2026-07-10T17:00,29.1,81,0.20,1007.1,63,4.20,248
2026-07-10T18:00,28.8,82,0.10,1007.3,77,4.07,242
2026-07-10T19:00,28.4,82,0.00,1007.4,87,4.16,243
2026-07-10T20:00,28.3,83,0.10,1007.9,94,4.07,244
2026-07-10T21:00,28.2,83,0.10,1008.5,98,4.05,246
2026-07-10T22:00,28.3,82,0.10,1008.8,100,4.56,249
2026-07-10T23:00,27.9,85,0.00,1008.7,99,4.83,249
2026-07-11T00:00,27.6,87,0.00,1008.0,99,4.49,243
2026-07-11T01:00,27.4,88,0.00,1007.3,98,4.41,244
2026-07-11T02:00,27.2,88,0.10,1006.6,91,4.23,247
2026-07-11T03:00,27.5,87,0.10,1006.2,91,4.38,249
2026-07-11T04:00,27.8,85,0.00,1006.0,99,4.65,251
2026-07-11T05:00,27.7,86,0.00,1006.0,83,3.99,236
2026-07-11T06:00,27.7,86,0.00,1006.5,97,4.12,234
2026-07-11T07:00,28.1,84,0.00,1007.1,99,4.59,241
2026-07-11T08:00,28.1,84,0.00,1007.7,98,5.08,244
2026-07-11T09:00,28.6,82,0.00,1008.2,84,5.08,241
2026-07-11T10:00,28.5,83,0.20,1008.3,96,5.31,240
2026-07-11T11:00,29.7,75,0.50,1008.3,92,5.87,238
2026-07-11T12:00,29.4,74,1.00,1007.8,79,5.59,243
2026-07-11T13:00,29.7,72,1.10,1007.3,93,5.95,243
2026-07-11T14:00,29.6,75,1.40,1006.5,98,5.87,247
2026-07-11T15:00,29.3,76,1.20,1006.2,76,5.91,249
2026-07-11T16:00,29.1,78,0.50,1005.8,98,5.97,248
2026-07-11T17:00,28.4,83,0.90,1005.6,98,5.24,241
2026-07-11T18:00,28.6,83,0.40,1005.8,55,4.97,241
2026-07-11T19:00,28.3,84,0.00,1006.2,55,4.58,234
2026-07-11T20:00,28.1,86,0.00,1006.6,96,4.81,232
2026-07-11T21:00,27.8,88,0.00,1007.0,100,4.90,238
2026-07-11T22:00,27.4,90,0.10,1007.0,100,4.49,244
2026-07-11T23:00,28.1,84,0.10,1006.6,99,4.56,243
2026-07-12T00:00,28.0,84,0.00,1005.8,99,4.25,238
2026-07-12T01:00,27.9,83,0.00,1005.3,98,4.20,232
2026-07-12T02:00,27.7,83,0.00,1004.8,91,4.52,232
2026-07-12T03:00,27.5,84,0.10,1004.3,76,4.57,240
2026-07-12T04:00,27.5,83,0.30,1004.2,70,4.57,233
2026-07-12T05:00,27.5,87,0.10,1004.2,20,4.92,226
2026-07-12T06:00,27.5,88,0.10,1004.3,20,4.97,230
2026-07-12T07:00,27.9,86,0.00,1004.8,27,4.96,228
2026-07-12T08:00,28.6,81,0.10,1005.4,29,5.14,233
2026-07-12T09:00,29.3,78,0.20,1005.7,61,5.69,234
2026-07-12T10:00,29.6,75,0.50,1005.8,88,5.89,230
2026-07-12T11:00,30.0,76,0.80,1005.9,37,6.21,220
2026-07-12T12:00,29.8,75,0.20,1005.7,81,6.22,219
2026-07-12T13:00,28.8,81,0.80,1005.4,92,6.13,221
2026-07-12T14:00,28.4,85,1.70,1004.9,65,6.44,222
2026-07-12T15:00,29.5,77,0.80,1004.6,84,6.38,221
2026-07-12T16:00,29.3,76,0.70,1004.4,91,6.12,222
2026-07-12T17:00,29.2,79,0.90,1004.3,97,5.76,226
2026-07-12T18:00,28.5,83,0.20,1004.7,74,5.31,227
2026-07-12T19:00,28.4,82,0.10,1005.1,56,4.95,227
2026-07-12T20:00,28.5,81,0.00,1005.6,44,4.92,229
2026-07-12T21:00,28.2,82,0.00,1006.0,76,4.67,227
2026-07-12T22:00,28.4,79,0.00,1006.1,73,4.57,228
2026-07-12T23:00,28.2,81,0.00,1006.1,94,4.60,225
2026-07-13T00:00,27.9,83,0.00,1005.6,69,4.44,230
2026-07-13T01:00,28.2,79,0.00,1005.3,81,4.32,233
2026-07-13T02:00,27.9,78,0.00,1004.7,95,4.43,229
2026-07-13T03:00,27.7,80,0.00,1004.5,88,4.44,231
2026-07-13T04:00,27.6,81,0.00,1004.7,88,4.33,231
2026-07-13T05:00,27.6,84,0.00,1004.8,63,4.35,224
2026-07-13T06:00,27.7,84,0.00,1005.1,60,4.21,222
2026-07-13T07:00,28.2,82,0.00,1006.0,76,4.24,226
2026-07-13T08:00,28.6,80,0.00,1006.5,67,4.98,232
2026-07-13T09:00,29.1,77,0.10,1006.8,44,5.35,228
2026-07-13T10:00,29.5,76,0.10,1007.4,54,5.45,227
2026-07-13T11:00,30.1,73,0.00,1007.6,61,5.41,226
2026-07-13T12:00,30.2,72,0.00,1007.2,96,5.52,226
2026-07-13T13:00,30.1,72,0.00,1007.0,97,5.59,226
2026-07-13T14:00,29.9,70,0.20,1006.7,100,5.63,228
2026-07-13T15:00,29.8,70,0.20,1006.2,95,5.63,229
2026-07-13T16:00,29.4,72,0.10,1005.6,95,5.46,229
2026-07-13T17:00,29.4,73,0.20,1005.4,84,4.99,225
2026-07-13T18:00,29.0,76,0.00,1005.7,66,4.46,221
2026-07-13T19:00,28.5,78,0.00,1006.3,59,4.42,223
2026-07-13T20:00,28.4,79,0.00,1007.0,39,4.21,225
2026-07-13T21:00,28.3,79,0.00,1007.5,31,4.17,225
2026-07-13T22:00,28.2,79,0.00,1008.0,99,4.28,225
2026-07-13T23:00,28.3,76,0.00,1007.8,83,3.93,229
2026-07-14T00:00,27.8,79,0.00,1007.2,97,4.03,233
2026-07-14T01:00,28.0,77,0.00,1006.6,75,3.82,233
2026-07-14T02:00,28.0,75,0.00,1006.1,84,4.09,235
2026-07-14T03:00,27.7,76,0.00,1005.9,54,3.90,237
2026-07-14T04:00,27.4,80,0.00,1005.8,77,3.81,236
2026-07-14T05:00,27.3,84,0.00,1005.8,80,3.34,230
2026-07-14T06:00,27.5,83,0.00,1006.5,91,3.09,230
2026-07-14T07:00,28.1,81,0.00,1007.1,96,3.16,229
2026-07-14T08:00,28.5,78,0.10,1007.6,90,3.66,230
2026-07-14T09:00,28.7,79,0.30,1008.2,68,3.90,237
2026-07-14T10:00,29.3,76,0.30,1008.5,87,4.24,236
2026-07-14T11:00,30.0,69,0.30,1008.4,84,4.14,228
2026-07-14T12:00,30.0,70,0.00,1007.8,80,4.17,225
2026-07-14T13:00,30.1,70,0.00,1007.4,90,4.35,226
2026-07-14T14:00,30.1,70,0.00,1006.4,98,4.43,228
2026-07-14T15:00,29.9,70,0.00,1005.9,86,4.47,230
2026-07-14T16:00,29.5,71,0.00,1005.9,86,4.38,232
2026-07-14T17:00,29.5,70,0.10,1005.9,98,4.27,232
2026-07-14T18:00,28.9,73,0.00,1006.2,99,3.98,230
2026-07-14T19:00,28.3,76,0.00,1006.6,96,3.73,231
2026-07-14T20:00,28.2,76,0.00,1006.9,88,3.88,232
2026-07-14T21:00,28.2,76,0.10,1007.6,61,3.96,233
2026-07-14T22:00,28.2,77,0.10,1007.9,55,4.22,236
2026-07-14T23:00,28.1,74,0.00,1007.7,74,4.10,227
2026-07-15T00:00,28.0,74,0.00,1007.3,63,4.10,226
2026-07-15T01:00,27.9,75,0.00,1006.9,76,3.79,216
2026-07-15T02:00,27.8,76,0.00,1006.0,82,4.05,209
2026-07-15T03:00,27.9,73,0.20,1005.5,58,4.27,209
2026-07-15T04:00,23.6,97,3.10,1006.8,100,2.69,305
2026-07-15T05:00,27.0,83,4.90,1006.1,53,3.94,231
2026-07-15T06:00,26.6,85,0.10,1006.6,50,3.68,224
2026-07-15T07:00,27.1,82,0.00,1006.9,18,3.92,218
2026-07-15T08:00,27.7,79,0.00,1007.3,42,4.00,222
2026-07-15T09:00,28.4,77,0.00,1007.7,38,3.92,214
2026-07-15T10:00,27.7,81,0.40,1008.4,98,3.54,225
2026-07-15T11:00,29.2,75,1.10,1007.8,34,5.44,219
2026-07-15T12:00,29.4,70,0.20,1007.7,52,4.42,227
2026-07-15T13:00,28.7,76,0.60,1007.4,64,4.33,219
2026-07-15T14:00,29.3,70,0.20,1006.9,72,3.69,220
2026-07-15T15:00,29.0,75,0.50,1006.7,48,3.62,221
2026-07-15T16:00,28.0,76,0.40,1006.8,98,3.26,238
2026-07-15T17:00,28.5,82,2.30,1006.1,87,2.11,248
2026-07-15T18:00,28.2,78,0.30,1006.1,45,3.54,239
2026-07-15T19:00,27.9,78,0.10,1006.4,22,3.94,219
2026-07-15T20:00,27.3,82,0.00,1007.0,41,3.42,207
2026-07-15T21:00,27.2,83,0.30,1007.7,84,3.33,213
2026-07-15T22:00,26.3,89,0.70,1008.3,93,3.44,221
2026-07-15T23:00,28.4,74,0.50,1007.7,38,3.86,227
