City,Date,PM25,PM10,NO,NO2,NOx,NH3,CO,SO2,O3,Benzene,Toluene,Xylene,AQI,AQI_Bucket,Temperature,Humidity,WindSpeed,WindDirection,Rain,month,day_of_week,day_of_year
Delhi,2015-01-01,153.3,241.7,182.9,33.0,81.3,38.5,1.87,64.5,83.6,18.93,20.81,8.32,204.5,Severe,16.145833333333332,68.08333333333333,1.6600000000000001,95.70833333333333,0.0,1,3,1
Delhi,2015-01-02,344.2,173.2,179.8,128.4,156.1,15.6,6.28,7.5,9.4,0.55,15.6,2.45,238.5,Satisfactory,15.0375,84.16666666666667,1.6004166666666666,88.91666666666667,3.4,1,4,2
Delhi,2015-01-03,473.9,20.1,12.7,102.7,244.7,42.5,0.04,29.8,42.0,1.87,15.11,2.41,77.6,Satisfactory,15.441666666666668,84.0,1.4216666666666666,276.7916666666667,0.5,1,5,3
Delhi,2015-01-04,32.4,414.8,198.1,25.6,218.2,13.2,2.47,50.4,80.2,7.7,12.46,0.57,85.4,Satisfactory,14.1625,79.25,2.8074999999999997,313.2916666666667,0.0,1,6,4
Delhi,2015-01-05,312.8,155.8,143.1,106.8,6.1,4.9,4.04,2.0,101.3,13.41,1.66,4.46,396.8,Poor,13.995833333333332,74.20833333333333,5.365416666666667,299.0416666666667,0.0,1,0,5
Delhi,2015-01-06,390.7,91.4,170.3,131.8,83.5,46.0,1.17,84.1,177.5,1.81,9.02,9.85,360.3,Moderate,14.841666666666667,75.625,3.561666666666667,252.25,0.0,1,1,6
Delhi,2015-01-07,282.3,420.9,165.9,134.7,165.5,25.8,1.15,15.7,85.2,6.33,2.35,0.27,370.3,Moderate,13.700000000000001,78.75,1.9270833333333333,257.9583333333333,0.0,1,2,7
Delhi,2015-01-08,315.2,354.9,161.9,45.6,152.4,37.1,6.81,84.6,28.8,17.48,20.33,4.75,230.7,Severe,12.825000000000001,80.91666666666667,1.9058333333333335,311.2916666666667,0.0,1,3,8
Delhi,2015-01-09,226.8,103.0,72.6,100.6,32.9,23.4,9.29,56.6,118.8,8.73,28.38,6.88,53.6,Very Poor,12.0375,83.25,1.7929166666666667,315.75,0.0,1,4,9
Delhi,2015-01-10,316.8,209.1,68.0,100.0,30.2,36.8,3.37,11.2,4.4,16.25,13.2,8.95,29.9,Very Poor,11.575000000000001,81.5,2.7583333333333333,300.9583333333333,0.0,1,5,10
Delhi,2015-01-11,439.9,495.3,135.7,93.8,140.1,22.8,9.87,79.3,119.7,0.76,1.67,7.5,450.2,Poor,11.275,85.04166666666667,2.3366666666666664,236.29166666666666,0.0,1,6,11
Delhi,2015-01-12,59.0,239.1,175.8,118.4,153.6,32.1,0.1,90.7,191.8,9.01,16.71,0.62,467.8,Severe,11.012500000000001,86.95833333333333,1.1279166666666667,107.04166666666667,0.0,1,0,12
Delhi,2015-01-13,15.9,408.7,182.4,33.6,112.6,31.7,9.49,12.3,25.7,3.1,18.05,9.06,265.3,Moderate,10.979166666666666,87.20833333333333,2.2658333333333336,126.58333333333333,0.0,1,1,13
Delhi,2015-01-14,33.1,568.6,154.4,145.7,96.1,16.7,2.65,13.5,89.5,1.33,27.5,8.33,361.0,Moderate,12.670833333333334,85.16666666666667,3.294166666666667,115.66666666666667,4.8,1,2,14
Delhi,2015-01-15,67.7,597.1,17.2,34.8,180.1,38.8,5.05,13.3,48.5,16.55,7.68,5.84,481.7,Good,11.854166666666666,84.04166666666667,1.50875,239.91666666666666,0.0,1,3,15
Delhi,2015-01-16,283.3,260.2,137.0,12.5,158.5,1.9,1.88,91.3,167.1,14.94,7.51,0.64,240.1,Poor,13.075000000000001,78.29166666666667,1.9166666666666667,312.0416666666667,0.0,1,4,16
Delhi,2015-01-17,378.5,185.2,124.3,129.2,116.2,37.9,6.57,98.7,81.2,12.36,6.02,8.84,257.4,Good,13.495833333333332,79.75,2.2383333333333333,301.7916666666667,0.0,1,5,17
Delhi,2015-01-18,486.5,401.3,97.5,1.0,67.5,21.3,2.88,63.0,171.9,19.79,26.21,3.38,439.8,Good,13.3375,76.45833333333333,2.07625,283.8333333333333,0.0,1,6,18
Delhi,2015-01-19,176.7,498.0,108.8,98.2,224.1,44.6,7.15,95.7,100.2,19.03,17.88,8.97,102.0,Satisfactory,12.8125,75.70833333333333,1.6583333333333332,272.0833333333333,0.0,1,0,19
Delhi,2015-01-20,187.7,42.5,138.5,4.3,82.5,33.2,1.87,60.7,172.3,3.39,19.37,6.2,374.5,Very Poor,12.458333333333334,79.58333333333333,2.222916666666667,120.5,0.0,1,1,20
Delhi,2015-01-21,3.5,506.4,143.5,146.1,53.1,2.6,3.92,81.4,53.8,19.79,13.28,8.16,192.3,Good,12.25,80.625,3.046666666666667,105.41666666666667,5.3,1,2,21
Delhi,2015-01-22,403.8,423.9,106.4,41.3,106.2,23.0,8.67,68.2,135.0,7.14,8.6,6.4,126.7,Severe,12.629166666666668,87.08333333333333,2.5975,105.08333333333333,18.3,1,3,22
Delhi,2015-01-23,157.5,365.1,151.9,57.5,103.4,41.2,4.1,37.0,139.6,12.89,16.09,8.7,362.2,Good,13.829166666666666,83.875,1.66375,195.33333333333334,0.0,1,4,23
Delhi,2015-01-24,188.3,442.6,191.0,82.8,181.5,13.7,0.53,3.6,37.1,1.62,24.86,7.97,288.8,Good,14.245833333333332,81.25,2.3841666666666668,291.8333333333333,0.0,1,5,24
Delhi,2015-01-25,397.3,457.0,112.9,100.4,87.4,21.1,7.67,76.0,2.7,14.55,25.88,5.98,148.4,Severe,13.479166666666666,76.875,1.9545833333333331,301.5416666666667,0.0,1,6,25
Delhi,2015-01-26,336.2,576.0,52.7,6.6,157.1,0.4,4.15,96.1,165.4,5.0,12.88,4.31,260.0,Satisfactory,13.075000000000001,75.33333333333333,1.9808333333333332,240.125,0.0,1,0,26
Delhi,2015-01-27,125.9,443.0,35.0,120.4,103.5,41.6,4.44,30.5,91.4,10.42,5.67,8.6,225.8,Moderate,12.529166666666667,70.83333333333333,2.8058333333333336,317.375,0.0,1,1,27
Delhi,2015-01-28,67.1,557.4,141.8,141.9,20.8,39.4,5.7,58.0,4.3,2.02,19.5,5.32,260.7,Very Poor,11.129166666666668,75.16666666666667,3.1879166666666667,299.2916666666667,0.0,1,2,28
Delhi,2015-01-29,122.3,457.2,137.7,46.7,110.1,13.7,0.77,95.0,127.3,12.55,28.07,3.73,44.1,Severe,10.620833333333334,69.45833333333333,2.8383333333333334,299.75,0.0,1,3,29
Delhi,2015-01-30,485.5,128.0,37.5,103.7,79.1,10.8,1.14,6.5,133.6,10.55,27.99,7.05,337.9,Moderate,11.4,68.0,3.464166666666667,299.25,0.0,1,4,30
Delhi,2015-01-31,405.9,355.9,116.2,88.1,125.4,26.6,6.87,87.6,109.2,3.89,18.54,9.64,489.9,Good,12.6875,66.375,3.3316666666666666,295.375,0.0,1,5,31
Delhi,2015-02-01,4.2,172.2,85.1,0.9,146.2,47.1,2.99,91.0,36.4,5.4,21.36,2.36,447.5,Moderate,13.633333333333333,74.125,2.1175,103.83333333333333,0.0,2,6,32
Delhi,2015-02-02,334.2,286.2,108.7,139.7,54.2,32.4,2.99,14.9,76.3,10.1,7.9,5.83,266.8,Poor,15.604166666666666,75.33333333333333,4.060416666666667,112.58333333333333,0.8999999999999999,2,0,33
Delhi,2015-02-03,292.7,5.6,160.1,110.9,97.6,34.1,4.79,49.8,55.2,18.51,2.22,2.72,40.7,Good,16.75,79.5,3.467916666666667,154.75,15.8,2,1,34
Delhi,2015-02-04,413.1,254.3,156.9,44.4,239.4,23.1,5.08,39.5,28.9,9.07,26.36,0.11,365.4,Severe,13.700000000000001,86.16666666666667,2.8670833333333334,300.2916666666667,0.0,2,2,35
Delhi,2015-02-05,172.9,328.3,79.4,28.6,207.0,13.3,8.51,85.2,189.5,14.27,1.24,2.89,37.6,Satisfactory,13.779166666666667,77.20833333333333,3.0570833333333334,297.5416666666667,0.0,2,3,36
Delhi,2015-02-06,23.8,436.9,190.1,88.6,221.6,1.1,0.46,71.2,144.9,0.55,18.71,0.03,52.3,Moderate,13.162500000000001,73.70833333333333,1.6895833333333332,318.0,0.0,2,4,37
Delhi,2015-02-07,207.1,288.6,197.7,66.6,80.7,49.8,0.73,71.2,51.0,18.91,5.7,0.75,261.6,Satisfactory,14.454166666666666,69.91666666666667,1.5633333333333332,51.875,0.0,2,5,38
Delhi,2015-02-08,21.0,132.5,140.7,105.3,139.7,27.5,1.86,26.8,18.6,19.33,15.96,1.9,311.0,Moderate,15.012500000000001,73.625,2.0620833333333333,216.79166666666666,1.1,2,6,39
Delhi,2015-02-09,476.6,581.6,20.3,73.0,193.8,12.6,6.1,29.9,106.4,0.85,22.7,6.18,326.7,Moderate,15.416666666666666,72.45833333333333,2.6783333333333332,316.7083333333333,0.0,2,0,40
Delhi,2015-02-10,262.9,178.7,75.4,34.7,188.0,39.8,1.08,2.5,142.6,5.22,27.63,0.9,437.3,Very Poor,14.745833333333332,68.75,2.778333333333333,305.0833333333333,0.0,2,1,41
Delhi,2015-02-11,87.9,210.8,30.8,149.5,197.5,9.6,6.64,34.9,72.4,12.5,10.86,7.25,26.7,Severe,14.429166666666667,66.04166666666667,2.28625,299.5833333333333,0.0,2,2,42
Delhi,2015-02-12,416.1,398.4,145.2,127.7,247.4,45.7,3.24,8.0,27.4,19.31,8.2,3.46,413.9,Satisfactory,14.829166666666666,70.625,2.439583333333333,311.5416666666667,0.0,2,3,43
Delhi,2015-02-13,64.2,531.8,24.7,50.7,168.3,18.3,1.17,7.3,122.4,10.75,19.5,3.53,205.5,Poor,16.316666666666666,64.29166666666667,3.09375,258.625,0.0,2,4,44
Delhi,2015-02-14,381.0,226.1,56.2,137.1,89.2,48.1,8.28,88.5,134.2,5.89,14.48,4.03,493.5,Poor,18.504166666666666,63.875,1.5145833333333334,257.3333333333333,0.0,2,5,45
Delhi,2015-02-15,389.3,412.5,71.4,85.3,167.1,27.1,9.15,60.6,41.6,2.33,15.98,9.75,9.8,Severe,18.195833333333333,71.45833333333333,1.3245833333333332,143.83333333333334,0.0,2,6,46
Delhi,2015-02-16,65.4,70.3,49.0,43.2,80.0,22.6,4.59,30.2,31.9,2.72,19.29,6.46,118.1,Poor,19.604166666666668,70.58333333333333,3.8945833333333333,120.58333333333333,0.4,2,0,47
Delhi,2015-02-17,355.9,417.6,182.8,5.5,64.6,6.8,0.31,22.2,140.9,13.53,26.99,8.83,464.4,Severe,20.083333333333332,74.75,2.870416666666667,97.20833333333333,3.7,2,1,48
Delhi,2015-02-18,252.3,553.2,103.6,11.2,4.9,20.0,0.78,82.4,7.8,17.96,20.74,2.09,208.6,Very Poor,19.4375,77.70833333333333,1.9991666666666665,113.41666666666667,10.8,2,2,49
Delhi,2015-02-19,450.2,576.9,82.2,74.7,74.8,3.1,7.77,81.9,163.1,7.9,4.41,3.08,456.4,Good,19.645833333333332,79.04166666666667,3.32625,105.33333333333333,7.4,2,3,50
Delhi,2015-02-20,318.0,329.0,6.1,64.2,16.6,41.1,1.94,5.8,60.0,7.13,21.31,8.33,16.1,Severe,20.754166666666666,75.75,2.9904166666666665,99.375,0.4,2,4,51
Delhi,2015-02-21,121.9,212.9,158.9,49.6,103.8,41.1,0.08,9.6,178.5,6.04,27.27,1.74,412.8,Moderate,20.179166666666667,76.375,3.2154166666666666,251.75,0.0,2,5,52
Delhi,2015-02-22,190.3,388.7,135.2,75.4,65.5,22.8,1.79,28.6,34.3,19.66,16.12,9.09,136.1,Very Poor,20.133333333333333,70.5,4.497083333333333,301.1666666666667,0.0,2,6,53
Delhi,2015-02-23,318.1,553.9,184.9,62.7,13.2,15.4,7.9,62.8,166.5,9.97,24.42,9.87,305.5,Good,19.787499999999998,78.95833333333333,1.7233333333333334,261.75,0.0,2,0,54
Delhi,2015-02-24,199.8,131.5,21.7,148.8,68.4,32.5,1.49,40.6,77.0,0.24,29.6,9.84,286.3,Severe,20.650000000000002,79.875,2.1058333333333334,134.0,0.1,2,1,55
Delhi,2015-02-25,169.2,458.8,166.7,47.3,182.0,38.4,5.76,5.3,39.1,7.33,18.4,8.45,110.8,Poor,20.954166666666666,81.33333333333333,3.219583333333333,94.20833333333333,16.3,2,2,56
Delhi,2015-02-26,92.3,572.9,17.0,87.6,210.2,34.5,5.96,84.7,113.8,12.44,15.04,7.92,465.8,Severe,18.283333333333335,70.70833333333333,2.045,241.58333333333334,0.0,2,3,57
Delhi,2015-02-27,60.5,74.8,163.2,55.4,85.8,33.9,1.28,79.0,168.7,3.97,27.22,8.75,335.7,Severe,16.587500000000002,69.83333333333333,2.4162500000000002,215.58333333333334,0.0,2,4,58
Delhi,2015-02-28,109.0,169.7,137.1,88.7,56.3,40.5,4.54,54.7,147.9,19.78,0.14,9.9,295.8,Severe,17.658333333333335,59.541666666666664,2.39,91.41666666666667,0.0,2,5,59
Delhi,2015-03-01,382.8,305.1,36.5,149.4,185.2,37.7,5.45,89.7,145.9,3.82,17.77,4.1,353.7,Very Poor,16.7,84.83333333333333,5.7245833333333325,111.91666666666667,22.6,3,6,60
Delhi,2015-03-02,343.1,439.0,35.9,141.3,121.0,44.3,9.66,55.8,18.8,10.98,14.44,4.54,108.5,Very Poor,16.170833333333334,92.70833333333333,4.652916666666667,127.45833333333333,30.2,3,0,61
Delhi,2015-03-03,154.6,531.1,139.3,53.0,14.4,19.5,2.57,76.5,62.9,1.9,0.36,4.09,142.4,Satisfactory,15.529166666666667,86.66666666666667,1.3570833333333334,316.5,0.9,3,1,62
Delhi,2015-03-04,104.3,431.4,53.8,105.2,0.1,20.7,2.37,84.6,12.1,15.7,23.99,5.73,19.2,Very Poor,15.066666666666668,72.79166666666667,2.7770833333333336,305.5,0.0,3,2,63
Delhi,2015-03-05,267.4,418.6,8.2,134.9,68.7,32.1,5.79,29.5,167.7,17.66,22.3,9.05,103.7,Good,16.349999999999998,70.79166666666667,1.7720833333333335,178.625,0.0,3,3,64
Delhi,2015-03-06,217.0,150.5,38.3,94.6,66.1,5.2,3.37,49.2,112.6,17.53,14.95,2.77,497.7,Poor,17.925,70.95833333333333,2.2720833333333332,253.125,0.3,3,4,65
Delhi,2015-03-07,341.0,103.3,21.2,134.5,21.0,28.7,8.73,72.7,50.8,13.47,13.07,7.85,172.7,Good,17.916666666666668,77.04166666666667,1.6670833333333333,230.16666666666666,8.5,3,5,66
Delhi,2015-03-08,186.3,353.5,189.4,35.7,143.4,25.9,4.94,43.2,172.5,7.19,20.43,7.14,68.1,Good,17.804166666666667,80.54166666666667,2.936666666666667,120.0,2.0,3,6,67
Delhi,2015-03-09,454.9,369.8,55.5,142.0,83.2,5.0,2.34,36.1,4.7,19.86,14.62,9.4,368.9,Moderate,16.220833333333335,71.5,3.0954166666666665,263.3333333333333,6.6,3,0,68
Delhi,2015-03-10,59.5,293.3,10.3,145.1,23.5,40.8,5.14,27.4,62.6,7.75,19.09,9.32,20.8,Very Poor,15.808333333333332,71.54166666666667,2.952916666666667,307.0416666666667,0.0,3,1,69
Delhi,2015-03-11,392.8,507.7,50.0,132.2,222.8,3.3,2.96,5.9,43.5,1.04,5.99,2.08,246.4,Poor,17.004166666666666,71.54166666666667,2.5533333333333332,304.2083333333333,0.0,3,2,70
Delhi,2015-03-12,351.1,45.8,191.9,147.7,93.6,49.6,8.38,82.6,107.6,6.47,1.77,3.83,376.3,Moderate,18.099999999999998,69.25,2.3545833333333333,318.6666666666667,0.0,3,3,71
Delhi,2015-03-13,134.0,114.7,139.8,96.8,115.8,4.2,2.91,92.0,174.9,10.97,8.94,7.47,176.3,Poor,18.595833333333335,76.75,1.6825,266.4166666666667,2.1,3,4,72
Delhi,2015-03-14,130.0,235.0,56.6,4.6,170.8,25.2,3.19,60.5,189.6,12.6,29.97,7.22,74.1,Moderate,19.854166666666668,78.91666666666667,2.174166666666667,158.45833333333334,1.5,3,5,73
Delhi,2015-03-15,429.2,20.0,99.7,45.4,69.3,41.4,7.73,93.0,67.2,8.42,2.81,3.1,467.3,Satisfactory,18.150000000000002,87.25,3.420833333333333,128.375,9.6,3,6,74
Delhi,2015-03-16,155.4,358.4,114.2,62.8,232.0,25.3,0.82,9.7,89.1,18.77,20.97,1.22,436.1,Poor,18.01666666666667,86.95833333333333,3.035,115.5,3.8,3,0,75
Delhi,2015-03-17,348.1,361.7,91.9,139.4,88.6,49.4,1.82,60.5,67.7,11.5,16.82,3.59,42.4,Severe,18.945833333333333,77.0,3.25125,315.9166666666667,0.0,3,1,76
Delhi,2015-03-18,441.6,289.1,92.1,131.6,47.9,34.0,3.31,54.3,185.5,3.76,12.83,3.21,403.6,Poor,18.599999999999998,71.20833333333333,3.7716666666666665,296.7916666666667,0.0,3,2,77
Delhi,2015-03-19,134.6,542.3,104.6,94.3,185.4,9.6,4.72,36.9,102.4,15.63,28.78,8.94,280.8,Very Poor,18.9375,69.83333333333333,2.3429166666666665,300.3333333333333,0.0,3,3,78
Delhi,2015-03-20,102.7,348.6,108.7,130.1,151.2,17.7,4.24,91.3,151.7,10.58,22.24,2.27,295.2,Satisfactory,20.058333333333334,68.45833333333333,2.512916666666667,297.5833333333333,0.0,3,4,79
Delhi,2015-03-21,117.6,424.2,191.5,83.7,172.2,19.8,8.62,70.2,18.7,7.77,12.65,3.11,104.5,Very Poor,21.733333333333334,69.70833333333333,2.27375,324.125,0.0,3,5,80
Delhi,2015-03-22,301.5,144.0,49.9,55.6,177.7,14.1,3.54,60.7,61.7,11.73,13.54,3.58,216.1,Satisfactory,22.84166666666667,64.08333333333333,3.41625,304.7916666666667,0.0,3,6,81
Delhi,2015-03-23,439.1,540.0,184.2,68.6,182.8,41.2,6.0,93.0,134.5,3.45,24.75,9.44,271.9,Severe,23.59166666666667,63.75,3.1183333333333336,310.2916666666667,0.0,3,0,82
Delhi,2015-03-24,437.8,293.9,76.3,47.2,161.6,25.7,2.92,41.0,19.5,18.69,18.77,7.72,34.5,Satisfactory,23.912499999999998,64.625,2.13,248.125,0.0,3,1,83
Delhi,2015-03-25,450.7,234.8,125.4,94.8,6.9,38.7,4.21,99.7,193.7,7.14,8.62,1.34,251.1,Good,24.995833333333334,62.625,1.7245833333333334,105.41666666666667,0.0,3,2,84
Delhi,2015-03-26,285.7,577.6,5.9,81.0,211.1,10.3,6.68,88.4,156.5,2.92,14.51,6.18,359.0,Moderate,26.575,59.125,1.41,214.95833333333334,0.3,3,3,85
Delhi,2015-03-27,73.3,306.6,124.4,43.7,159.1,31.9,5.43,49.4,50.1,8.33,29.22,8.15,35.4,Severe,27.05416666666667,57.791666666666664,2.1062499999999997,328.4583333333333,0.0,3,4,86
Delhi,2015-03-28,158.3,529.7,198.0,131.3,233.4,15.9,8.72,59.1,141.7,15.14,23.72,0.49,376.7,Moderate,25.2625,53.083333333333336,1.7254166666666666,214.33333333333334,0.0,3,5,87
Delhi,2015-03-29,383.4,137.4,2.9,19.1,248.7,29.1,0.78,24.4,101.9,9.15,16.22,0.84,405.4,Severe,25.508333333333336,52.458333333333336,3.98,118.45833333333333,0.30000000000000004,3,6,88
Delhi,2015-03-30,483.8,272.3,131.7,125.1,96.8,29.9,8.06,52.0,184.7,1.57,22.11,1.24,239.5,Very Poor,22.15416666666667,73.83333333333333,4.9054166666666665,111.91666666666667,2.4,3,0,89
Delhi,2015-03-31,407.3,518.9,26.4,147.8,101.4,44.5,6.17,56.8,61.3,10.35,13.6,4.64,220.9,Poor,22.766666666666666,69.45833333333333,2.3683333333333336,92.625,0.1,3,1,90
Delhi,2015-04-01,497.0,199.0,138.6,15.1,45.1,32.2,4.71,49.5,91.8,16.35,21.71,3.05,155.8,Satisfactory,24.079166666666666,65.54166666666667,1.9066666666666665,122.79166666666667,0.7,4,2,91
Delhi,2015-04-02,341.5,588.2,47.7,100.0,28.3,37.1,5.71,25.8,75.1,18.46,25.34,1.86,420.4,Severe,26.383333333333336,56.0,2.4575,117.20833333333333,0.1,4,3,92
Delhi,2015-04-03,157.0,337.3,149.0,100.6,206.0,36.2,9.88,33.1,169.7,6.52,20.29,7.22,87.4,Very Poor,23.287499999999998,72.54166666666667,2.8695833333333334,146.29166666666666,8.4,4,4,93
Delhi,2015-04-04,419.1,31.5,178.9,83.8,161.1,29.6,8.36,48.7,2.9,1.44,24.85,3.62,400.4,Very Poor,20.675,83.375,1.9266666666666667,150.125,9.9,4,5,94
Delhi,2015-04-05,376.9,236.2,30.2,42.6,162.2,20.9,6.27,74.8,7.7,3.21,4.94,6.33,315.7,Moderate,22.125,69.29166666666667,1.6191666666666666,135.0,0.0,4,6,95
Delhi,2015-04-06,131.4,175.9,6.5,50.1,150.4,15.8,8.33,32.0,5.2,12.34,6.86,5.63,467.2,Poor,23.558333333333334,59.416666666666664,2.13125,259.5416666666667,0.0,4,0,96
Delhi,2015-04-07,202.9,410.3,142.8,19.1,218.4,8.1,7.79,88.5,173.7,0.68,15.79,8.39,479.2,Satisfactory,21.991666666666664,67.70833333333333,1.73625,153.91666666666666,2.5,4,1,97
Delhi,2015-04-08,190.5,148.9,156.4,59.0,243.5,16.7,7.91,79.1,19.8,2.12,16.34,1.58,134.2,Severe,23.212500000000002,63.0,1.9520833333333334,244.20833333333334,0.0,4,2,98
Delhi,2015-04-09,263.4,131.5,113.2,72.8,123.1,42.5,7.04,16.0,113.1,3.88,17.2,1.99,198.1,Poor,23.708333333333332,58.166666666666664,3.1616666666666666,313.9583333333333,0.0,4,3,99
Delhi,2015-04-10,279.6,426.9,31.7,15.6,8.0,34.7,8.84,44.2,35.1,2.47,26.87,8.1,37.9,Good,25.212500000000002,51.791666666666664,2.984583333333333,258.5833333333333,0.0,4,4,100
Delhi,2015-04-11,155.6,59.2,149.4,34.3,208.8,28.1,3.88,82.3,150.2,18.53,1.77,7.06,452.2,Severe,26.1125,48.833333333333336,1.5899999999999999,201.95833333333334,0.0,4,5,101
Delhi,2015-04-12,435.4,494.1,102.9,97.2,198.6,41.5,1.58,33.2,71.0,14.86,25.47,8.39,397.7,Poor,24.462500000000002,56.916666666666664,1.8808333333333334,157.29166666666666,0.0,4,6,102
Delhi,2015-04-13,483.8,448.7,0.3,37.3,116.5,41.8,0.89,17.1,164.8,13.12,22.92,0.61,165.5,Very Poor,23.454166666666666,70.04166666666667,2.782083333333333,95.125,9.7,4,0,103
Delhi,2015-04-14,451.6,290.0,83.5,79.5,102.9,31.0,1.71,48.2,45.8,11.55,1.63,9.99,75.9,Severe,24.116666666666664,69.95833333333333,2.4775,102.54166666666667,0.2,4,1,104
Delhi,2015-04-15,351.3,443.6,55.4,94.1,193.6,45.3,6.09,18.2,198.2,1.63,27.48,0.33,458.0,Very Poor,25.47083333333333,63.291666666666664,2.268333333333333,110.125,0.0,4,2,105
Delhi,2015-04-16,181.7,45.7,39.8,138.3,232.7,14.0,6.46,34.2,170.9,7.3,19.52,1.23,105.8,Satisfactory,25.916666666666668,62.333333333333336,2.1320833333333336,178.58333333333334,0.0,4,3,106
Delhi,2015-04-17,489.6,493.6,22.9,116.3,16.3,37.9,9.67,44.1,60.3,13.47,3.07,8.28,37.1,Severe,27.320833333333336,55.458333333333336,3.0608333333333335,315.9583333333333,0.0,4,4,107
Delhi,2015-04-18,137.9,554.0,168.7,12.7,146.3,5.3,2.43,63.2,119.7,13.9,11.85,6.97,379.0,Severe,29.570833333333336,45.125,2.5933333333333333,317.7083333333333,0.0,4,5,108
Delhi,2015-04-19,262.0,498.8,143.0,113.0,85.2,1.8,4.19,1.4,195.1,13.54,6.33,5.52,118.1,Moderate,31.28333333333333,38.166666666666664,1.9104166666666667,209.58333333333334,0.0,4,6,109
Delhi,2015-04-20,188.2,460.0,90.9,96.9,164.1,14.0,5.18,100.0,37.3,6.62,2.66,8.73,269.1,Very Poor,31.46666666666667,38.125,3.373333333333333,120.29166666666667,0.2,4,0,110
Delhi,2015-04-21,338.0,277.2,3.8,105.4,82.8,42.1,0.61,15.9,135.2,9.31,27.34,3.13,198.4,Moderate,30.90833333333333,35.916666666666664,2.815416666666667,303.7916666666667,0.0,4,1,111
Delhi,2015-04-22,398.5,464.4,64.5,18.8,105.5,6.3,1.28,76.1,68.3,18.53,2.55,4.58,40.4,Poor,30.116666666666664,26.708333333333332,3.3658333333333332,244.04166666666666,0.0,4,2,112
Delhi,2015-04-23,124.2,242.7,20.9,87.0,128.4,46.3,3.85,80.9,98.8,1.26,3.57,9.74,252.3,Satisfactory,30.433333333333334,25.166666666666668,2.267916666666667,174.45833333333334,0.0,4,3,113
Delhi,2015-04-24,287.7,513.2,48.5,108.1,178.3,22.0,2.97,61.1,6.3,6.7,2.33,9.09,256.2,Satisfactory,31.541666666666668,25.958333333333332,1.63875,156.83333333333334,0.0,4,4,114
Delhi,2015-04-25,204.1,11.7,127.3,10.2,242.0,18.0,6.0,51.3,42.1,5.17,25.51,0.73,181.9,Good,29.645833333333332,35.916666666666664,4.618333333333333,118.20833333333333,1.0,4,5,115
Delhi,2015-04-26,106.1,41.4,179.2,16.0,2.1,0.1,8.81,59.1,195.2,15.71,1.59,8.04,12.9,Very Poor,28.40416666666667,48.625,4.898750000000001,107.95833333333333,0.0,4,6,116
Delhi,2015-04-27,354.9,508.9,67.4,68.5,186.3,49.5,9.3,51.0,12.5,10.04,25.16,4.17,149.5,Good,29.370833333333334,50.416666666666664,3.89,122.875,0.9,4,0,117
Delhi,2015-04-28,173.6,196.2,58.0,145.9,235.4,0.4,8.03,78.5,45.2,10.77,19.67,8.96,149.9,Very Poor,29.691666666666666,49.791666666666664,2.84625,114.04166666666667,1.4,4,1,118
Delhi,2015-04-29,82.8,532.4,56.9,5.9,123.9,30.1,8.95,99.6,13.4,3.75,9.24,3.14,392.8,Very Poor,29.59583333333333,47.041666666666664,2.34625,146.08333333333334,0.0,4,2,119
Delhi,2015-04-30,334.1,351.2,25.0,68.0,47.4,0.0,1.69,19.9,27.9,12.24,27.05,3.66,106.3,Severe,30.291666666666668,46.083333333333336,4.16,114.95833333333333,1.3,4,3,120
Delhi,2015-05-01,176.8,97.0,57.0,133.9,193.2,48.1,5.01,4.5,66.4,18.83,0.97,6.23,139.2,Moderate,30.0125,39.708333333333336,2.7225,172.66666666666666,0.0,5,4,121
Delhi,2015-05-02,117.2,560.8,172.4,92.5,122.5,36.3,9.82,19.9,148.1,19.88,14.51,9.19,288.3,Good,30.037499999999998,28.625,2.6179166666666664,267.125,0.0,5,5,122
Delhi,2015-05-03,179.5,469.2,176.0,21.5,237.8,20.7,9.15,46.6,167.0,12.32,12.96,3.96,481.3,Good,30.02916666666667,24.833333333333332,2.111666666666667,185.83333333333334,0.0,5,6,123
Delhi,2015-05-04,404.1,486.1,55.7,124.6,73.6,40.2,0.11,83.1,99.4,11.23,20.27,9.09,339.7,Severe,30.34583333333333,28.333333333333332,2.13625,285.3333333333333,0.0,5,0,124
Delhi,2015-05-05,175.1,295.2,72.9,76.2,3.9,36.9,5.23,11.7,193.2,0.59,18.82,0.03,420.3,Poor,31.520833333333332,27.666666666666668,2.7541666666666664,302.7916666666667,0.0,5,1,125
Delhi,2015-05-06,20.7,343.3,59.7,18.5,89.4,35.6,3.94,18.4,37.6,9.52,22.75,2.52,482.3,Severe,32.479166666666664,28.0,2.5279166666666666,231.45833333333334,0.0,5,2,126
Delhi,2015-05-07,415.6,50.8,17.4,146.9,94.9,15.7,0.43,56.0,127.8,7.86,2.54,8.5,356.1,Very Poor,33.40833333333333,26.458333333333332,2.75375,251.625,0.0,5,3,127
Delhi,2015-05-08,124.7,197.1,81.6,26.0,117.4,12.2,9.5,93.5,38.1,13.31,12.09,2.13,278.3,Poor,34.47083333333333,18.0,3.1475000000000004,290.3333333333333,0.0,5,4,128
Delhi,2015-05-09,87.0,122.6,182.4,66.2,20.7,40.5,8.11,51.7,162.3,9.99,25.19,6.46,81.5,Severe,33.75,23.25,1.5154166666666666,181.83333333333334,0.0,5,5,129
Delhi,2015-05-10,23.0,330.4,45.4,135.5,157.2,14.3,0.06,55.3,25.3,17.58,24.68,3.2,440.0,Poor,33.354166666666664,25.791666666666668,2.065,248.875,0.0,5,6,130
Delhi,2015-05-11,65.1,95.2,177.9,107.8,67.9,15.8,1.13,20.1,47.5,6.71,11.03,2.98,193.1,Good,32.74166666666667,35.041666666666664,1.7679166666666666,177.45833333333334,0.2,5,0,131
Delhi,2015-05-12,83.8,431.4,8.9,118.0,8.9,6.9,1.34,62.5,16.5,10.06,5.45,9.6,18.5,Poor,31.170833333333334,47.375,2.370416666666667,172.70833333333334,0.7,5,1,132
Delhi,2015-05-13,336.9,380.5,183.2,70.8,30.1,1.2,2.63,49.2,195.2,10.95,18.35,7.43,442.7,Moderate,29.983333333333334,59.291666666666664,1.8041666666666665,123.04166666666667,3.0,5,2,133
Delhi,2015-05-14,315.5,17.8,93.0,52.9,186.7,16.1,3.63,36.0,172.2,6.63,9.35,2.73,43.9,Moderate,29.5,57.333333333333336,1.7366666666666666,316.6666666666667,0.4,5,3,134
Delhi,2015-05-15,151.4,186.4,66.0,46.6,179.9,15.2,7.97,28.0,132.7,9.93,23.71,8.17,28.9,Satisfactory,29.625,50.625,2.25125,305.8333333333333,2.9,5,4,135
Delhi,2015-05-16,373.4,507.4,30.2,4.5,130.2,47.5,9.97,7.7,123.4,0.6,6.58,5.67,272.4,Moderate,30.008333333333336,54.833333333333336,1.18,160.08333333333334,0.0,5,5,136
Delhi,2015-05-17,26.8,70.1,170.8,143.8,148.2,20.5,6.43,40.9,156.6,14.26,14.0,8.06,125.7,Poor,31.5,46.625,1.8970833333333335,122.83333333333333,0.0,5,6,137
Delhi,2015-05-18,379.6,191.1,151.0,93.5,241.2,34.3,8.24,11.6,97.4,13.86,12.98,5.48,47.8,Moderate,34.46666666666667,39.0,2.1058333333333334,154.625,0.0,5,0,138
Delhi,2015-05-19,259.9,594.2,65.0,45.2,212.0,47.3,4.35,7.9,24.0,8.95,21.1,0.87,331.4,Good,34.00833333333333,30.416666666666668,2.685833333333333,200.04166666666666,1.2,5,1,139
Delhi,2015-05-20,243.1,95.7,116.2,121.4,135.7,20.4,8.6,4.7,41.4,7.28,17.33,4.19,404.5,Good,33.31666666666667,31.416666666666668,3.3679166666666664,300.0,0.0,5,2,140
Delhi,2015-05-21,55.1,590.8,68.9,60.4,82.4,3.8,6.13,51.0,185.9,5.08,28.4,0.85,225.0,Severe,33.50833333333333,26.5,3.171666666666667,301.6666666666667,0.0,5,3,141
Delhi,2015-05-22,202.6,27.3,51.8,26.6,214.7,20.0,9.05,7.5,31.6,9.07,23.89,0.23,463.8,Very Poor,34.28333333333333,23.166666666666668,3.2737499999999997,242.29166666666666,0.0,5,4,142
Delhi,2015-05-23,315.6,534.9,14.6,13.3,162.4,47.4,7.84,30.3,166.5,9.12,28.78,8.68,407.5,Satisfactory,34.391666666666666,22.458333333333332,2.6983333333333337,257.625,0.0,5,5,143
Delhi,2015-05-24,293.9,406.7,72.7,98.9,101.1,7.0,7.48,12.2,177.4,12.93,16.52,4.14,409.6,Moderate,34.63333333333333,22.458333333333332,1.8783333333333332,213.125,0.5,5,6,144
Delhi,2015-05-25,98.2,87.4,17.7,118.3,167.1,27.9,0.11,2.3,130.2,10.84,4.33,2.25,85.2,Severe,35.07083333333333,21.875,2.5558333333333336,223.5,0.0,5,0,145
Delhi,2015-05-26,435.5,477.0,138.2,33.3,51.9,6.2,7.02,27.9,125.9,18.93,1.75,1.16,311.9,Satisfactory,35.19583333333333,19.0,2.02,268.2083333333333,0.0,5,1,146
Delhi,2015-05-27,285.5,493.1,43.6,79.8,31.4,11.0,5.25,47.2,5.3,8.57,8.19,0.76,120.3,Severe,33.762499999999996,17.958333333333332,2.748333333333333,320.9166666666667,0.0,5,2,147
Delhi,2015-05-28,265.1,107.5,136.1,85.7,208.5,15.3,8.04,10.9,178.1,5.19,18.05,0.36,254.0,Good,33.858333333333334,20.416666666666668,2.42,314.6666666666667,0.0,5,3,148
Delhi,2015-05-29,101.5,257.0,120.0,116.7,29.6,34.9,2.01,8.5,22.0,19.05,8.15,5.99,45.2,Very Poor,34.875,26.25,2.999166666666667,320.7083333333333,0.0,5,4,149
Delhi,2015-05-30,277.1,569.3,109.5,129.0,138.2,14.4,9.01,29.1,182.4,4.05,4.5,2.25,44.8,Poor,34.895833333333336,26.458333333333332,2.764583333333333,300.5416666666667,0.0,5,5,150
Delhi,2015-05-31,182.1,575.3,97.1,90.2,64.3,8.0,4.79,99.1,187.6,11.32,10.84,0.87,497.6,Good,34.56666666666667,25.166666666666668,2.9454166666666666,247.75,0.0,5,6,151
Delhi,2015-06-01,220.4,318.5,104.7,128.6,221.9,1.3,4.55,71.7,29.2,6.34,7.44,9.96,458.9,Moderate,32.887499999999996,30.75,1.4416666666666667,149.54166666666666,0.4,6,0,152
Delhi,2015-06-02,198.1,120.4,72.6,98.3,185.4,31.9,2.8,10.1,115.9,17.05,11.77,9.34,489.9,Moderate,31.920833333333334,35.208333333333336,1.615,119.54166666666667,1.5,6,1,153
Delhi,2015-06-03,275.8,27.8,18.5,90.8,172.8,23.3,8.05,49.0,56.9,11.98,15.75,7.31,287.1,Good,30.883333333333336,43.458333333333336,2.815,177.41666666666666,0.4,6,2,154
Delhi,2015-06-04,447.8,308.8,123.1,140.2,141.8,4.9,2.5,27.6,178.5,5.83,21.14,3.0,14.4,Satisfactory,30.545833333333334,48.375,2.4658333333333333,250.25,0.0,6,3,155
Delhi,2015-06-05,258.3,148.4,183.2,34.5,188.7,40.2,3.84,74.6,148.0,8.99,22.04,9.89,221.9,Good,32.612500000000004,40.333333333333336,2.495833333333333,316.7083333333333,0.0,6,4,156
Delhi,2015-06-06,6.6,11.2,192.0,145.1,83.1,4.3,2.19,82.1,21.6,7.78,14.19,1.23,360.4,Very Poor,32.93333333333333,35.333333333333336,2.9804166666666667,308.5,0.0,6,5,157
Delhi,2015-06-07,268.8,27.5,167.5,51.8,99.7,25.6,6.59,86.2,100.7,11.93,13.54,9.38,210.0,Poor,34.145833333333336,30.958333333333332,2.4608333333333334,288.5,0.0,6,6,158
Delhi,2015-06-08,456.1,195.8,27.6,148.4,201.9,22.9,6.08,36.0,51.8,5.41,11.9,4.85,123.2,Very Poor,35.333333333333336,27.625,2.4408333333333334,209.83333333333334,0.0,6,0,159
Delhi,2015-06-09,126.9,455.1,156.2,51.4,84.6,24.5,9.03,24.5,172.6,10.9,5.7,4.72,299.2,Good,36.2875,24.5,5.093333333333333,293.5,0.0,6,1,160
Delhi,2015-06-10,424.1,388.5,162.5,144.3,86.2,14.2,6.82,27.1,75.6,6.83,10.36,4.15,87.7,Very Poor,36.262499999999996,33.041666666666664,5.333333333333333,291.7083333333333,0.1,6,2,161
Delhi,2015-06-11,16.5,443.1,91.5,3.2,213.9,49.9,7.55,6.1,110.2,12.25,21.61,5.28,255.6,Very Poor,35.68333333333333,33.5,4.0275,284.375,0.0,6,3,162
Delhi,2015-06-12,341.6,326.1,137.2,70.5,19.8,49.1,5.43,98.8,139.8,1.89,1.28,9.47,152.9,Moderate,35.229166666666664,35.875,3.5833333333333335,279.6666666666667,0.0,6,4,163
Delhi,2015-06-13,323.6,149.8,45.7,7.8,159.7,40.8,3.26,51.9,95.6,15.02,8.68,9.34,366.6,Good,33.9625,37.208333333333336,2.561666666666667,216.375,1.2,6,5,164
Delhi,2015-06-14,150.5,432.0,104.5,125.8,154.5,9.4,8.0,40.6,158.4,1.82,8.74,8.41,295.6,Poor,28.741666666666664,69.375,2.0075,130.54166666666666,4.7,6,6,165
Delhi,2015-06-15,181.0,94.7,59.1,55.7,161.9,46.6,5.51,62.9,154.0,4.01,3.82,2.74,188.5,Satisfactory,29.22083333333333,69.75,1.6837499999999999,200.20833333333334,4.6,6,0,166
Delhi,2015-06-16,335.7,3.7,131.3,17.4,47.1,33.3,7.7,22.9,156.7,0.53,23.55,5.48,50.7,Good,31.770833333333332,60.5,1.5258333333333332,217.29166666666666,0.0,6,1,167
Delhi,2015-06-17,109.8,327.5,92.0,82.0,6.3,13.6,8.14,38.3,2.5,2.54,12.24,3.64,399.3,Very Poor,32.637499999999996,57.666666666666664,1.4024999999999999,242.83333333333334,0.1,6,2,168
Delhi,2015-06-18,464.1,28.3,16.5,16.8,68.4,18.9,5.1,8.8,105.8,4.61,14.22,5.33,290.1,Good,34.041666666666664,45.791666666666664,1.6008333333333333,204.625,0.0,6,3,169
Delhi,2015-06-19,220.1,172.7,18.1,53.5,41.5,49.3,3.37,22.4,118.8,12.05,18.09,9.56,352.2,Good,34.43333333333333,47.25,2.40375,134.91666666666666,0.0,6,4,170
Delhi,2015-06-20,332.9,513.6,95.8,137.6,67.5,38.1,1.66,1.0,77.7,18.71,11.79,6.7,190.1,Satisfactory,32.579166666666666,58.083333333333336,4.8741666666666665,98.29166666666667,0.5,6,5,171
Delhi,2015-06-21,309.8,310.3,43.6,30.1,107.8,43.6,4.89,5.1,49.4,2.41,13.86,2.05,184.5,Poor,31.879166666666666,62.458333333333336,3.295,81.5,1.5,6,6,172
Delhi,2015-06-22,36.8,330.2,17.6,4.6,131.8,7.2,5.53,0.6,53.6,8.56,19.07,4.41,182.5,Good,31.74166666666667,62.041666666666664,2.901666666666667,82.0,1.3,6,0,173
Delhi,2015-06-23,63.6,515.0,197.4,49.7,207.5,2.7,7.15,0.7,96.5,0.52,27.61,1.45,232.7,Severe,32.895833333333336,56.75,2.24875,122.16666666666667,0.0,6,1,174
Delhi,2015-06-24,172.0,62.6,138.2,67.5,222.0,30.2,0.79,27.1,85.8,18.89,28.19,2.46,149.5,Very Poor,30.8875,70.41666666666667,2.03,90.29166666666667,14.0,6,2,175
Delhi,2015-06-25,405.8,582.9,128.4,109.7,245.6,24.5,6.76,42.8,56.1,16.21,8.19,4.22,98.8,Poor,26.054166666666664,90.66666666666667,2.2929166666666667,171.25,32.5,6,3,176
Delhi,2015-06-26,11.5,189.9,132.8,135.4,11.0,49.1,5.44,83.4,159.5,2.36,10.55,9.07,288.2,Severe,29.59166666666667,70.79166666666667,3.044166666666667,265.6666666666667,0.0,6,4,177
Delhi,2015-06-27,489.2,479.0,88.9,68.3,1.7,33.2,3.21,34.0,178.9,7.5,26.52,6.99,34.8,Poor,31.254166666666666,67.04166666666667,3.6733333333333333,283.1666666666667,0.0,6,5,178
Delhi,2015-06-28,270.3,112.9,118.1,80.4,226.4,27.9,5.15,42.4,171.0,9.28,7.59,9.77,362.3,Poor,32.17916666666667,65.5,2.4770833333333333,256.0833333333333,0.2,6,6,179
Delhi,2015-06-29,429.1,300.0,60.5,132.0,174.9,2.4,5.31,31.5,89.0,14.15,15.35,9.84,484.0,Severe,30.266666666666666,68.125,4.175833333333333,127.625,0.0,6,0,180
Delhi,2015-06-30,121.3,237.7,187.2,111.3,117.5,48.6,8.79,48.0,167.1,8.9,3.24,6.03,47.5,Poor,28.625,68.58333333333333,2.24375,126.04166666666667,0.2,6,1,181
Delhi,2015-07-01,196.1,523.1,80.7,117.8,24.3,5.9,5.38,0.8,145.2,9.36,21.39,4.05,401.2,Severe,29.900000000000002,70.25,1.41125,193.54166666666666,0.1,7,2,182
Delhi,2015-07-02,210.4,104.2,160.8,16.6,139.2,48.4,4.71,84.7,111.4,18.43,29.06,2.02,301.3,Severe,30.65833333333333,68.41666666666667,1.9695833333333335,228.33333333333334,0.2,7,3,183
Delhi,2015-07-03,352.0,95.2,16.7,139.6,201.2,40.8,6.53,3.2,174.6,16.93,8.97,9.73,409.4,Good,31.920833333333334,63.666666666666664,3.4912500000000004,275.4166666666667,0.0,7,4,184
Delhi,2015-07-04,182.2,197.9,52.5,40.0,67.6,26.7,8.14,19.6,31.9,14.55,24.7,6.89,493.2,Good,31.620833333333334,63.833333333333336,3.855833333333333,274.0,0.30000000000000004,7,5,185
Delhi,2015-07-05,285.8,150.8,1.4,142.5,31.9,3.7,7.31,65.5,198.9,4.61,26.03,3.15,204.1,Good,31.47083333333333,67.5,3.620416666666667,237.04166666666666,12.200000000000001,7,6,186
Delhi,2015-07-06,199.0,167.9,161.9,10.8,78.7,46.4,7.47,92.6,96.7,13.72,28.97,6.93,335.2,Very Poor,29.3,78.625,2.6333333333333333,148.33333333333334,9.0,7,0,187
Delhi,2015-07-07,262.3,406.3,137.0,12.3,5.1,12.0,5.39,55.3,133.9,1.82,7.03,2.72,242.6,Good,27.554166666666664,84.04166666666667,2.0479166666666666,138.70833333333334,10.0,7,1,188
Delhi,2015-07-08,101.2,250.7,192.5,22.9,168.2,45.1,1.83,93.4,145.5,15.28,25.72,2.93,83.6,Good,28.083333333333332,83.375,1.8541666666666667,130.33333333333334,13.8,7,2,189
Delhi,2015-07-09,343.1,112.2,11.7,81.4,52.8,46.1,9.79,69.6,120.9,11.62,16.51,0.13,133.6,Good,27.833333333333332,85.79166666666667,1.1916666666666667,204.25,17.8,7,3,190
Delhi,2015-07-10,50.2,175.3,50.1,26.1,162.6,14.2,4.44,87.7,131.8,4.32,19.62,4.97,289.9,Moderate,26.333333333333332,93.04166666666667,2.1991666666666667,105.04166666666667,55.5,7,4,191
Delhi,2015-07-11,116.1,254.8,162.1,79.1,234.9,3.1,3.2,96.5,48.9,0.57,3.1,4.18,253.7,Good,24.775000000000002,89.875,3.7083333333333335,37.166666666666664,49.9,7,5,192
Delhi,2015-07-12,425.2,591.1,56.0,144.8,59.7,33.6,1.83,74.8,180.2,9.09,2.32,2.14,282.0,Good,25.15833333333333,89.45833333333333,3.8775,96.83333333333333,16.7,7,6,193
Delhi,2015-07-13,315.0,294.8,14.5,125.0,182.4,31.1,7.75,18.8,117.5,15.79,22.87,9.89,157.9,Good,27.71666666666667,80.20833333333333,2.1166666666666667,224.25,0.9,7,0,194
Delhi,2015-07-14,354.0,237.8,119.6,77.9,117.6,41.6,1.52,11.3,104.0,11.71,5.05,7.82,285.4,Very Poor,29.2625,78.33333333333333,3.442083333333333,274.3333333333333,0.8,7,1,195
Delhi,2015-07-15,494.5,316.2,194.4,6.4,98.3,2.7,2.35,79.4,35.0,13.55,11.59,8.37,44.9,Good,30.625,71.41666666666667,4.222083333333333,271.0,0.1,7,2,196
Delhi,2015-07-16,181.6,269.3,1.8,41.6,102.4,15.5,2.46,86.1,54.2,19.08,22.81,3.98,3.8,Good,30.025000000000002,70.58333333333333,3.3095833333333338,205.625,10.8,7,3,197
Delhi,2015-07-17,416.8,23.5,151.8,118.0,36.1,41.6,3.98,89.5,177.5,11.15,7.63,3.77,112.5,Good,27.770833333333332,86.95833333333333,2.2533333333333334,101.5,40.3,7,4,198
Delhi,2015-07-18,295.7,184.3,146.9,74.2,144.1,11.9,2.0,34.0,165.0,13.9,15.65,7.5,426.0,Moderate,28.795833333333334,83.41666666666667,1.6270833333333332,121.95833333333333,9.9,7,5,199
Delhi,2015-07-19,388.0,325.5,50.4,143.3,221.4,25.2,3.59,99.5,58.8,10.85,28.94,7.89,48.8,Very Poor,28.541666666666668,84.0,1.55,91.58333333333333,13.4,7,6,200
Delhi,2015-07-20,468.6,120.6,181.9,26.9,35.0,11.8,8.59,81.7,56.4,0.13,18.81,8.27,103.1,Severe,27.4375,87.125,2.0516666666666667,117.70833333333333,23.2,7,0,201
Delhi,2015-07-21,408.1,394.5,114.2,18.5,80.9,15.5,7.08,34.4,101.4,9.59,26.07,7.54,301.0,Severe,28.670833333333334,81.33333333333333,2.74375,100.625,2.8000000000000003,7,1,202
Delhi,2015-07-22,387.4,17.6,9.3,66.6,147.3,41.3,2.4,67.0,199.4,2.82,18.83,9.14,181.1,Moderate,28.920833333333334,82.375,2.87375,102.33333333333333,2.0,7,2,203
Delhi,2015-07-23,473.2,120.1,150.0,14.4,129.8,46.7,8.7,15.7,81.8,11.21,22.0,7.96,36.5,Severe,29.287499999999998,76.29166666666667,3.5529166666666665,102.79166666666667,0.2,7,3,204
Delhi,2015-07-24,117.6,457.1,147.6,102.9,207.5,43.9,1.58,36.2,194.3,5.92,17.68,6.04,390.8,Poor,28.7625,79.83333333333333,2.7449999999999997,124.0,2.4,7,4,205
Delhi,2015-07-25,98.1,136.3,76.9,19.9,123.0,36.6,10.0,32.3,58.3,11.95,13.73,7.18,476.4,Moderate,28.6375,80.70833333333333,3.33,104.20833333333333,1.4,7,5,206
Delhi,2015-07-26,347.7,159.1,28.3,125.8,201.7,11.5,6.09,3.9,55.4,15.55,15.57,2.89,9.0,Very Poor,28.083333333333332,77.875,6.675,110.66666666666667,1.6,7,6,207
Delhi,2015-07-27,125.6,267.0,156.5,44.1,102.0,19.0,4.75,65.2,73.8,12.03,6.63,9.66,100.0,Severe,27.479166666666668,75.58333333333333,4.316666666666666,140.45833333333334,0.0,7,0,208
Delhi,2015-07-28,301.5,459.2,76.4,67.8,189.0,45.6,2.12,26.8,89.3,8.7,22.42,4.81,412.6,Moderate,27.583333333333332,75.41666666666667,3.6012500000000003,151.41666666666666,0.4,7,1,209
Delhi,2015-07-29,444.5,166.7,167.3,119.6,215.1,47.4,4.53,81.3,7.2,17.44,7.85,1.05,258.7,Moderate,27.308333333333334,74.125,4.68375,142.5,0.0,7,2,210
Delhi,2015-07-30,276.7,314.8,129.3,46.3,130.1,38.3,2.74,59.1,64.2,18.11,4.27,7.68,132.0,Good,27.441666666666666,79.41666666666667,3.7745833333333336,176.45833333333334,2.1,7,3,211
Delhi,2015-07-31,26.4,168.6,142.1,126.6,157.2,15.2,0.15,62.5,101.9,9.57,7.85,4.7,383.1,Good,27.566666666666666,77.54166666666667,3.0387500000000003,209.41666666666666,1.1,7,4,212
Delhi,2015-08-01,361.4,542.4,165.6,12.5,206.3,9.2,4.73,0.9,63.6,1.92,13.49,3.06,277.3,Satisfactory,26.65416666666667,84.5,1.9316666666666666,182.70833333333334,5.1000000000000005,8,5,213
Delhi,2015-08-02,469.7,134.2,65.0,40.4,16.1,45.8,2.34,73.4,82.8,13.28,8.89,7.87,283.4,Poor,27.400000000000002,83.95833333333333,0.945,131.20833333333334,2.0,8,6,214
Delhi,2015-08-03,152.4,567.3,132.0,136.3,52.8,43.3,7.47,49.1,118.5,1.36,15.53,6.58,134.2,Poor,28.645833333333332,81.29166666666667,1.6266666666666667,257.9583333333333,2.0,8,0,215
Delhi,2015-08-04,217.7,223.0,62.4,114.5,211.5,25.7,0.79,87.0,64.8,14.7,7.69,9.09,38.5,Severe,29.0,80.0,1.4779166666666665,248.33333333333334,1.0,8,1,216
Delhi,2015-08-05,35.7,316.1,83.5,92.7,0.1,15.7,1.12,62.0,51.9,9.31,8.24,5.49,207.5,Severe,28.379166666666666,86.33333333333333,1.6287500000000001,114.79166666666667,7.6,8,2,217
Delhi,2015-08-06,110.5,589.1,80.9,53.8,62.1,47.8,5.58,92.6,191.1,8.56,2.93,1.99,349.3,Poor,27.891666666666666,87.20833333333333,1.15625,153.58333333333334,7.0,8,3,218
Delhi,2015-08-07,401.4,80.8,187.9,25.7,94.9,45.2,7.52,88.0,45.1,7.91,12.77,1.88,406.4,Severe,27.545833333333334,88.625,1.8525,155.875,6.4,8,4,219
Delhi,2015-08-08,454.1,440.9,97.3,95.4,8.8,33.1,9.36,45.6,38.6,17.68,26.7,7.55,127.2,Severe,25.479166666666668,94.08333333333333,2.17125,105.79166666666667,36.2,8,5,220
Delhi,2015-08-09,219.3,592.3,45.1,12.6,36.5,25.5,8.58,10.7,191.1,1.79,12.61,2.19,47.4,Satisfactory,25.866666666666664,92.66666666666667,1.6575,197.45833333333334,42.2,8,6,221
Delhi,2015-08-10,414.2,250.6,11.2,68.3,74.4,12.4,3.24,17.3,92.1,1.03,18.4,7.5,200.2,Satisfactory,27.47083333333333,87.91666666666667,0.86,255.91666666666666,10.4,8,0,222
Delhi,2015-08-11,216.7,150.3,4.6,146.7,168.3,47.8,1.89,99.9,122.1,7.18,18.48,1.87,64.6,Good,27.141666666666666,91.04166666666667,2.4670833333333335,120.70833333333333,9.700000000000001,8,1,223
Delhi,2015-08-12,133.7,526.2,109.3,143.4,140.5,29.6,7.0,77.3,134.4,0.17,11.21,9.96,99.4,Severe,28.170833333333334,83.16666666666667,2.2879166666666664,116.58333333333333,3.0,8,2,224
Delhi,2015-08-13,101.3,80.8,193.2,141.8,189.4,21.6,6.45,48.8,12.1,11.27,20.0,1.33,250.0,Satisfactory,28.991666666666664,83.04166666666667,1.4970833333333333,120.29166666666667,1.0,8,3,225
Delhi,2015-08-14,137.5,103.3,26.2,114.5,69.4,22.6,1.76,71.1,120.0,15.89,13.91,0.56,289.0,Satisfactory,28.520833333333332,85.125,1.6420833333333331,132.04166666666666,7.9,8,4,226
Delhi,2015-08-15,283.7,544.1,13.6,82.4,96.6,29.4,8.9,35.1,43.1,7.46,20.82,7.24,207.4,Moderate,27.837500000000002,87.70833333333333,1.4779166666666665,182.91666666666666,10.8,8,5,227
Delhi,2015-08-16,371.7,140.0,45.3,56.6,229.1,32.9,2.47,33.9,16.6,2.5,22.34,1.89,151.2,Poor,27.170833333333334,88.79166666666667,0.9441666666666667,141.20833333333334,2.8000000000000003,8,6,228
Delhi,2015-08-17,464.5,150.6,187.2,19.7,111.3,32.3,6.81,65.2,195.9,19.71,20.49,5.59,195.6,Poor,28.575,83.70833333333333,1.1920833333333334,253.79166666666666,0.2,8,0,229
Delhi,2015-08-18,178.8,110.4,17.3,10.6,11.2,37.4,6.94,11.4,195.9,4.99,17.8,6.55,334.1,Poor,28.775000000000002,84.91666666666667,1.985,243.83333333333334,3.1,8,1,230
Delhi,2015-08-19,198.1,107.7,169.1,11.5,194.6,44.0,1.33,4.9,50.9,12.01,8.23,6.07,83.4,Satisfactory,28.775000000000002,79.16666666666667,3.434583333333333,269.75,3.5999999999999996,8,2,231
Delhi,2015-08-20,439.2,64.7,100.9,116.3,58.7,48.8,1.15,13.8,17.5,15.03,21.89,2.77,464.9,Moderate,28.983333333333334,72.29166666666667,3.865,264.4166666666667,0.0,8,3,232
Delhi,2015-08-21,117.9,251.7,56.1,43.7,35.9,28.2,4.04,2.4,24.8,2.58,7.96,7.66,453.9,Good,28.412499999999998,73.70833333333333,2.46875,260.7083333333333,0.9,8,4,233
Delhi,2015-08-22,100.9,564.1,140.9,79.7,170.1,39.9,3.81,36.0,104.8,18.6,7.57,7.18,470.6,Satisfactory,27.75,77.33333333333333,1.8408333333333333,266.2083333333333,4.5,8,5,234
Delhi,2015-08-23,286.9,358.6,99.7,38.3,197.4,41.2,0.86,27.5,122.6,9.9,29.48,0.79,317.8,Severe,28.008333333333336,82.08333333333333,1.3187499999999999,203.33333333333334,4.1000000000000005,8,6,235
Delhi,2015-08-24,246.1,35.8,28.8,106.1,85.6,47.7,7.45,22.9,41.1,5.64,19.21,2.11,114.4,Severe,28.474999999999998,77.0,2.545,281.625,0.30000000000000004,8,0,236
Delhi,2015-08-25,217.9,540.4,108.5,85.5,73.7,45.0,9.14,6.4,73.0,8.92,15.36,2.77,62.5,Good,29.354166666666668,71.95833333333333,3.5425,282.5,0.0,8,1,237
Delhi,2015-08-26,326.0,560.3,94.4,66.6,223.6,35.1,1.02,87.5,115.1,5.46,26.07,4.16,139.1,Severe,29.875,73.79166666666667,2.7870833333333334,274.75,0.6,8,2,238
Delhi,2015-08-27,321.7,107.3,170.5,83.4,3.2,9.1,0.09,31.9,70.2,2.5,23.19,0.07,402.4,Satisfactory,29.516666666666666,79.58333333333333,1.07625,263.375,0.6000000000000001,8,3,239
Delhi,2015-08-28,17.2,148.2,152.9,116.3,69.5,45.1,8.53,78.1,0.4,19.58,28.68,8.05,342.9,Very Poor,29.145833333333332,81.45833333333333,1.6604166666666667,205.54166666666666,0.30000000000000004,8,4,240
Delhi,2015-08-29,480.2,151.9,173.6,11.1,130.0,33.0,4.64,77.4,56.0,2.9,2.24,5.77,184.3,Moderate,29.929166666666664,78.16666666666667,1.9783333333333335,297.375,0.0,8,5,241
Delhi,2015-08-30,216.9,272.3,36.1,128.2,89.1,22.0,2.15,50.7,37.8,8.64,26.06,8.83,128.0,Satisfactory,29.995833333333334,75.45833333333333,2.3870833333333334,265.75,0.5,8,6,242
Delhi,2015-08-31,353.4,244.8,24.0,141.4,47.2,30.2,6.84,82.1,137.9,8.26,25.53,8.75,448.0,Severe,30.016666666666666,68.95833333333333,2.9116666666666666,268.625,0.0,8,0,243
Delhi,2015-09-01,142.8,167.1,141.1,62.6,123.0,38.9,3.41,9.2,10.4,15.18,24.53,3.04,469.1,Poor,29.370833333333334,64.83333333333333,3.195,283.4166666666667,0.0,9,1,244
Delhi,2015-09-02,275.0,479.6,105.0,118.9,146.2,44.7,7.8,38.0,101.3,12.06,20.09,6.71,245.3,Severe,28.958333333333332,60.5,3.14875,264.1666666666667,0.0,9,2,245
Delhi,2015-09-03,460.6,4.8,77.2,74.2,196.6,3.5,3.53,19.2,186.6,19.13,18.23,9.1,363.2,Moderate,28.979166666666668,57.375,2.905416666666667,259.0833333333333,0.0,9,3,246
Delhi,2015-09-04,69.6,255.2,16.5,3.3,88.2,38.5,6.88,40.7,137.8,0.81,28.28,1.54,208.0,Moderate,29.758333333333336,61.708333333333336,1.9583333333333333,253.45833333333334,0.0,9,4,247
Delhi,2015-09-05,364.4,190.7,77.1,87.8,145.0,12.0,3.2,98.0,70.5,2.39,20.65,2.47,34.4,Severe,28.916666666666668,59.958333333333336,3.02,286.2083333333333,0.0,9,5,248
Delhi,2015-09-06,409.2,343.7,184.8,37.6,75.7,37.7,9.56,63.4,123.7,7.56,17.86,1.26,332.0,Moderate,28.858333333333334,57.875,2.7504166666666667,282.375,0.0,9,6,249
Delhi,2015-09-07,123.5,403.6,22.9,135.6,17.0,22.6,6.39,20.2,188.1,14.34,2.79,1.48,437.8,Severe,29.150000000000002,55.75,2.9774999999999996,292.9583333333333,0.0,9,0,250
Delhi,2015-09-08,85.6,20.3,13.3,23.8,4.0,47.7,0.5,35.4,19.4,6.7,20.63,4.45,132.9,Moderate,29.337500000000002,57.958333333333336,2.9316666666666666,283.875,0.0,9,1,251
Delhi,2015-09-09,326.1,271.6,134.8,56.6,130.0,28.1,2.29,79.5,71.9,0.28,28.65,3.59,180.1,Poor,29.474999999999998,56.5,3.1645833333333333,306.8333333333333,0.0,9,2,252
Delhi,2015-09-10,131.4,382.8,148.0,54.4,163.3,14.1,8.56,73.4,79.1,12.15,15.23,9.32,147.6,Good,29.224999999999998,59.125,2.6016666666666666,310.4583333333333,0.0,9,3,253
Delhi,2015-09-11,88.6,350.0,3.0,63.8,227.3,22.9,7.86,81.1,35.8,5.26,27.88,9.43,145.8,Poor,28.96666666666667,60.833333333333336,2.002083333333333,270.6666666666667,0.0,9,4,254
Delhi,2015-09-12,124.2,596.3,93.5,95.9,230.1,8.7,9.5,80.3,166.9,3.58,24.01,5.98,155.9,Severe,29.016666666666666,68.25,1.83625,93.70833333333333,0.0,9,5,255
Delhi,2015-09-13,216.1,318.7,28.7,81.0,68.9,39.3,6.04,97.6,57.3,17.68,28.22,0.27,355.4,Good,29.945833333333336,67.70833333333333,1.5979166666666667,156.58333333333334,0.0,9,6,256
Delhi,2015-09-14,376.6,190.9,163.5,19.6,204.2,28.8,0.28,15.7,141.1,15.92,26.09,5.37,193.2,Good,30.40416666666667,62.083333333333336,1.6520833333333333,178.29166666666666,0.0,9,0,257
Delhi,2015-09-15,133.4,450.0,74.1,27.9,119.4,25.9,3.35,73.0,109.0,1.33,29.77,8.27,221.8,Poor,30.270833333333332,62.041666666666664,1.66125,93.5,0.0,9,1,258
Delhi,2015-09-16,457.1,407.5,171.9,121.9,1.3,21.5,7.6,66.7,99.8,11.15,12.36,5.35,350.2,Severe,30.141666666666666,65.91666666666667,2.0941666666666667,98.0,0.0,9,2,259
Delhi,2015-09-17,96.8,120.8,101.1,54.1,94.6,18.9,6.97,44.1,62.4,2.79,7.38,2.94,316.5,Severe,29.620833333333334,70.95833333333333,1.6708333333333334,87.91666666666667,0.2,9,3,260
Delhi,2015-09-18,258.8,536.2,87.2,20.2,236.3,38.7,2.64,96.6,90.0,15.78,0.67,0.39,180.1,Moderate,29.17916666666667,72.0,2.6395833333333334,85.58333333333333,1.8,9,4,261
Delhi,2015-09-19,95.9,569.8,192.5,4.9,238.0,4.7,5.32,99.0,30.5,2.13,18.12,6.56,330.1,Severe,27.895833333333332,84.16666666666667,1.8216666666666665,78.95833333333333,23.799999999999997,9,5,262
Delhi,2015-09-20,311.2,126.8,129.7,81.6,5.7,30.3,4.71,8.7,198.5,14.24,8.44,2.7,322.1,Good,28.650000000000002,83.75,1.7704166666666667,95.79166666666667,6.0,9,6,263
Delhi,2015-09-21,294.2,20.1,14.7,42.5,172.0,38.1,0.46,90.2,43.4,13.77,27.49,5.06,406.5,Severe,27.945833333333336,84.54166666666667,1.7904166666666665,122.20833333333333,7.199999999999999,9,0,264
Delhi,2015-09-22,400.1,577.8,8.6,0.9,20.8,33.8,1.92,3.4,22.7,2.95,25.7,7.23,122.6,Severe,28.170833333333334,80.45833333333333,3.46875,134.125,6.2,9,1,265
Delhi,2015-09-23,263.9,206.6,168.0,102.9,209.4,26.4,4.4,55.7,47.1,13.65,20.45,1.75,207.4,Severe,26.770833333333332,76.25,3.295,292.375,0.6,9,2,266
Delhi,2015-09-24,272.3,74.5,23.8,108.9,173.1,40.7,9.84,72.9,150.3,3.32,20.38,3.46,141.7,Satisfactory,26.587500000000002,68.54166666666667,3.9324999999999997,281.875,0.0,9,3,267
Delhi,2015-09-25,75.1,396.0,115.0,65.1,188.6,39.1,5.04,59.5,132.4,10.73,16.92,0.63,283.9,Very Poor,26.195833333333336,69.45833333333333,3.0716666666666668,282.375,0.2,9,4,268
Delhi,2015-09-26,150.9,179.5,162.3,86.7,236.6,26.3,5.3,99.3,193.0,16.3,1.61,9.85,96.4,Very Poor,26.825,67.95833333333333,2.34375,281.2083333333333,0.0,9,5,269
Delhi,2015-09-27,107.4,7.4,86.0,129.0,150.5,20.4,2.47,82.1,28.2,1.96,13.95,3.84,366.6,Moderate,27.6125,65.625,2.0870833333333336,292.3333333333333,0.0,9,6,270
Delhi,2015-09-28,391.2,12.6,84.9,41.5,143.7,10.8,1.98,68.4,162.7,16.61,28.67,3.96,197.3,Moderate,26.575,66.41666666666667,2.22125,320.7916666666667,0.0,9,0,271
Delhi,2015-09-29,102.3,117.7,130.5,106.0,73.4,37.0,9.49,29.1,49.8,7.61,6.1,7.6,26.8,Severe,26.28333333333333,63.916666666666664,2.5616666666666665,326.25,0.0,9,1,272
Delhi,2015-09-30,116.5,50.6,166.3,61.8,137.7,42.1,10.0,23.6,3.4,8.07,21.88,8.69,186.2,Satisfactory,26.287499999999998,57.333333333333336,2.97,321.4583333333333,0.0,9,2,273
Delhi,2015-10-01,120.8,581.9,5.9,129.4,214.2,3.9,5.35,46.4,17.4,2.73,9.6,4.66,109.1,Poor,26.079166666666666,60.625,2.106666666666667,322.7916666666667,0.0,10,3,274
Delhi,2015-10-02,358.0,293.5,84.2,83.8,58.7,39.7,5.11,64.5,119.7,3.87,1.39,4.48,203.4,Satisfactory,26.429166666666664,57.0,2.4233333333333333,313.6666666666667,0.0,10,4,275
Delhi,2015-10-03,8.3,273.9,149.1,136.1,61.6,9.1,2.21,63.7,25.4,17.1,11.98,5.34,365.3,Poor,27.3625,57.458333333333336,2.3279166666666664,248.66666666666666,0.0,10,5,276
Delhi,2015-10-04,14.6,272.6,117.3,100.7,75.1,5.9,7.95,73.6,142.6,6.4,10.32,6.66,293.0,Poor,27.979166666666668,56.541666666666664,1.8070833333333332,163.45833333333334,0.0,10,6,277
Delhi,2015-10-05,37.6,542.5,32.2,94.4,231.5,11.3,0.69,68.3,17.9,19.97,8.51,1.95,49.3,Very Poor,28.4875,53.458333333333336,1.5591666666666668,217.29166666666666,0.0,10,0,278
Delhi,2015-10-06,197.6,458.2,132.2,113.8,201.0,31.0,5.98,65.3,71.5,17.09,24.62,7.22,392.2,Moderate,28.520833333333332,53.041666666666664,1.8583333333333334,244.79166666666666,0.0,10,1,279
Delhi,2015-10-07,448.9,40.3,88.0,23.7,129.1,8.4,4.38,63.6,17.0,0.7,6.29,6.67,379.0,Severe,28.295833333333334,55.25,2.19875,264.0,0.0,10,2,280
Delhi,2015-10-08,131.7,580.9,79.9,98.8,18.0,5.4,4.84,81.7,173.6,7.81,2.77,3.92,359.2,Severe,28.333333333333332,54.125,2.5704166666666666,308.7083333333333,0.0,10,3,281
Delhi,2015-10-09,489.1,428.2,157.6,119.4,69.1,22.6,4.58,76.6,114.7,13.57,22.7,9.99,224.9,Satisfactory,28.270833333333332,50.583333333333336,2.37125,274.3333333333333,0.0,10,4,282
Delhi,2015-10-10,482.7,235.3,16.6,34.5,75.0,36.4,8.8,44.4,163.6,3.56,9.92,3.57,102.4,Poor,28.15833333333333,42.625,2.35125,250.58333333333334,0.0,10,5,283
Delhi,2015-10-11,156.0,349.6,181.4,139.1,134.9,34.6,3.7,26.2,134.5,10.42,27.08,3.38,179.7,Severe,27.974999999999998,47.75,2.16625,231.04166666666666,0.0,10,6,284
Delhi,2015-10-12,33.1,163.1,68.1,112.6,142.4,15.1,4.85,53.3,193.6,11.82,22.46,4.03,21.1,Poor,27.554166666666664,53.666666666666664,1.8733333333333333,163.375,0.0,10,0,285
Delhi,2015-10-13,453.7,272.2,62.1,41.5,65.1,48.0,4.51,66.2,185.3,17.7,25.04,1.45,241.2,Very Poor,27.254166666666666,68.83333333333333,3.0391666666666666,106.0,0.4,10,1,286
Delhi,2015-10-14,174.5,437.6,31.7,3.4,76.7,21.2,3.77,41.7,109.6,7.8,12.3,6.44,191.2,Satisfactory,26.304166666666664,73.91666666666667,2.348333333333333,105.25,5.6,10,2,287
Delhi,2015-10-15,361.0,89.6,117.9,67.5,195.9,47.2,5.2,33.9,40.3,16.84,21.64,9.96,470.1,Severe,26.3875,70.79166666666667,1.7766666666666666,120.0,0.2,10,3,288
Delhi,2015-10-16,72.1,397.9,76.2,71.3,81.8,13.0,2.88,31.6,106.7,9.79,3.52,9.12,37.3,Poor,26.754166666666666,68.875,1.59875,155.29166666666666,0.0,10,4,289
Delhi,2015-10-17,187.7,175.0,99.4,115.2,28.9,11.5,4.52,39.6,157.8,5.67,25.12,8.22,30.3,Satisfactory,27.1875,65.79166666666667,1.8949999999999998,197.20833333333334,0.0,10,5,290
Delhi,2015-10-18,317.0,4.9,141.1,87.9,137.4,20.1,0.5,81.4,146.1,18.28,27.08,6.64,280.5,Moderate,27.71666666666667,63.375,1.36,182.83333333333334,0.0,10,6,291
Delhi,2015-10-19,49.1,366.2,173.4,15.3,203.4,19.1,4.02,9.2,124.1,17.88,25.93,9.71,57.5,Very Poor,27.558333333333334,64.125,1.8308333333333333,240.66666666666666,0.6,10,0,292
Delhi,2015-10-20,266.4,220.7,183.3,135.0,154.1,28.4,1.96,16.7,89.7,3.72,16.9,1.47,224.3,Moderate,27.375,55.375,1.9920833333333334,282.0833333333333,0.2,10,1,293
Delhi,2015-10-21,370.4,584.1,58.6,65.8,180.8,24.2,2.08,83.4,23.2,18.65,25.54,1.41,45.7,Severe,26.054166666666664,53.083333333333336,2.151666666666667,268.7916666666667,0.0,10,2,294
Delhi,2015-10-22,435.4,427.8,76.3,99.4,97.9,24.5,1.52,23.2,135.6,0.56,1.83,9.88,195.3,Very Poor,24.724999999999998,48.083333333333336,2.5716666666666668,320.6666666666667,0.0,10,3,295
Delhi,2015-10-23,492.2,276.0,17.8,32.1,83.9,39.2,3.61,69.2,178.8,0.99,14.6,3.29,294.0,Satisfactory,24.175,49.458333333333336,2.4616666666666664,301.5833333333333,0.0,10,4,296
Delhi,2015-10-24,424.2,419.6,114.5,41.5,118.1,39.6,0.43,75.0,62.7,16.99,29.25,3.82,314.4,Satisfactory,24.875,51.583333333333336,1.4925,258.2083333333333,0.0,10,5,297
Delhi,2015-10-25,48.5,280.5,187.9,45.5,76.0,26.4,5.3,93.3,132.4,5.51,22.23,9.32,212.1,Good,25.354166666666668,53.166666666666664,3.2062500000000003,115.66666666666667,0.0,10,6,298
Delhi,2015-10-26,217.4,362.6,148.6,5.0,70.9,45.7,3.27,7.9,123.2,16.59,5.88,4.39,48.5,Moderate,24.741666666666664,56.916666666666664,2.3554166666666667,97.54166666666667,1.7,10,0,299
Delhi,2015-10-27,179.0,423.5,36.9,93.8,206.8,47.7,0.72,55.8,0.5,8.05,23.55,6.77,112.5,Moderate,23.775000000000002,54.291666666666664,1.9108333333333334,301.5416666666667,0.0,10,1,300
Delhi,2015-10-28,157.1,598.5,86.7,111.1,176.3,39.9,6.16,73.0,22.7,6.66,8.01,8.1,225.2,Severe,20.554166666666667,70.41666666666667,2.0120833333333334,233.58333333333334,1.9,10,2,301
Delhi,2015-10-29,171.1,229.7,76.5,141.7,139.5,41.4,6.22,60.3,79.2,8.4,20.26,9.65,428.8,Satisfactory,20.908333333333335,64.29166666666667,1.6720833333333334,202.54166666666666,0.0,10,3,302
Delhi,2015-10-30,38.1,252.8,55.6,108.4,49.4,25.2,9.22,22.9,171.5,15.23,29.16,5.27,181.4,Moderate,21.295833333333334,70.45833333333333,1.3379166666666666,122.5,0.0,10,4,303
Delhi,2015-10-31,302.1,231.2,88.4,5.6,83.2,44.0,0.44,12.6,73.5,5.53,11.3,9.32,342.4,Moderate,22.229166666666668,64.91666666666667,1.5120833333333332,172.75,0.0,10,5,304
Delhi,2015-11-01,294.9,348.1,192.5,111.1,198.8,22.6,3.77,48.7,7.6,6.82,18.37,4.88,221.9,Moderate,23.429166666666664,64.125,0.9158333333333334,132.79166666666666,0.0,11,6,305
Delhi,2015-11-02,323.7,96.9,35.2,38.6,34.6,39.5,6.93,58.3,96.7,14.82,13.89,0.01,352.9,Satisfactory,23.53333333333333,63.875,1.2929166666666667,171.875,0.0,11,0,306
Delhi,2015-11-03,110.4,133.7,59.1,29.3,83.7,11.8,5.89,61.6,19.8,0.6,13.55,6.14,409.1,Good,23.212500000000002,65.20833333333333,1.7170833333333333,213.0,0.0,11,1,307
Delhi,2015-11-04,387.3,270.2,195.7,114.2,213.7,2.4,4.89,63.2,7.0,5.85,5.36,0.01,134.5,Good,23.195833333333336,64.54166666666667,1.1729166666666666,206.375,0.0,11,2,308
Delhi,2015-11-05,235.1,31.5,63.3,88.1,194.3,44.6,9.77,0.1,117.8,6.91,2.6,3.48,430.3,Severe,22.758333333333336,67.79166666666667,2.7441666666666666,115.125,2.1,11,3,309
Delhi,2015-11-06,275.5,596.0,93.6,115.5,204.6,6.7,9.69,91.6,39.0,5.6,25.74,2.61,337.0,Poor,22.849999999999998,69.20833333333333,1.4829166666666664,128.375,0.0,11,4,310
Delhi,2015-11-07,331.0,111.2,145.0,103.5,216.2,9.3,3.74,58.0,44.7,19.68,15.31,1.73,447.7,Moderate,22.27916666666667,72.83333333333333,1.0270833333333333,168.91666666666666,0.4,11,5,311
Delhi,2015-11-08,126.8,172.1,120.7,97.6,203.6,12.6,8.36,37.5,30.6,0.26,22.94,6.04,368.7,Poor,22.541666666666668,74.08333333333333,1.7579166666666666,66.16666666666667,0.4,11,6,312
Delhi,2015-11-09,24.2,546.8,168.0,12.8,91.6,8.6,0.86,88.4,60.7,11.27,12.07,2.79,199.9,Good,22.724999999999998,69.625,1.6504166666666666,35.5,0.0,11,0,313
Delhi,2015-11-10,348.1,96.7,27.5,69.9,44.3,20.9,9.62,79.7,138.8,16.46,22.14,9.66,174.9,Severe,22.433333333333334,66.0,1.8466666666666667,231.54166666666666,0.6,11,1,314
Delhi,2015-11-11,426.4,14.8,48.8,144.2,146.3,27.8,3.39,20.2,109.9,13.64,4.29,8.96,212.0,Very Poor,21.866666666666664,54.125,3.079166666666667,314.8333333333333,0.0,11,2,315
Delhi,2015-11-12,292.6,540.6,176.1,18.3,151.5,48.1,1.54,85.9,119.6,3.07,3.46,5.34,405.3,Satisfactory,21.833333333333332,52.583333333333336,3.015,303.4583333333333,0.0,11,3,316
Delhi,2015-11-13,328.3,295.0,168.2,143.0,206.2,44.6,1.92,79.9,67.6,8.63,4.13,7.38,303.9,Poor,22.383333333333336,59.041666666666664,2.5725000000000002,300.125,0.0,11,4,317
Delhi,2015-11-14,318.1,558.1,194.3,143.7,114.7,10.0,8.82,30.5,41.1,13.21,14.43,9.51,478.7,Poor,22.9875,58.208333333333336,2.5516666666666667,298.0833333333333,0.0,11,5,318
Delhi,2015-11-15,464.9,264.9,99.0,81.6,126.4,0.2,1.69,42.1,162.7,1.16,21.27,8.99,150.8,Satisfactory,22.795833333333334,56.541666666666664,1.7241666666666668,311.25,0.0,11,6,319
Delhi,2015-11-16,284.3,423.1,29.5,140.7,248.7,2.2,0.79,23.3,160.4,3.61,28.35,9.45,498.7,Poor,22.7,53.75,2.68375,324.5833333333333,0.7999999999999999,11,0,320
Delhi,2015-11-17,365.8,59.1,133.4,40.1,157.1,16.9,6.84,49.9,4.8,11.66,29.45,2.63,187.3,Severe,20.016666666666666,45.916666666666664,2.8775,306.9583333333333,0.0,11,1,321
Delhi,2015-11-18,409.8,182.2,70.6,23.8,8.2,5.5,0.35,40.8,124.8,0.8,20.86,5.26,176.2,Severe,18.666666666666668,48.541666666666664,2.38375,303.0,0.0,11,2,322
Delhi,2015-11-19,133.7,563.7,133.1,121.5,48.5,34.4,7.61,46.4,142.6,7.69,25.23,9.6,125.8,Very Poor,19.375,54.875,1.5608333333333333,308.6666666666667,0.0,11,3,323
Delhi,2015-11-20,75.8,350.8,123.0,23.6,223.5,36.6,0.39,46.0,116.4,12.95,29.24,2.93,158.1,Poor,19.191666666666666,62.083333333333336,1.5583333333333333,252.875,0.0,11,4,324
Delhi,2015-11-21,112.3,110.5,126.5,0.8,38.9,2.4,9.28,58.9,191.2,18.81,9.37,5.27,415.1,Very Poor,19.412499999999998,60.458333333333336,1.5737500000000002,306.8333333333333,0.0,11,5,325
Delhi,2015-11-22,123.3,53.2,11.8,90.3,122.9,24.3,5.16,81.7,94.6,9.47,27.42,0.51,108.5,Good,19.025000000000002,62.541666666666664,1.7000000000000002,300.2916666666667,0.0,11,6,326
Delhi,2015-11-23,133.7,532.2,89.4,43.1,143.7,25.7,5.9,52.1,118.6,2.58,24.52,1.9,418.2,Satisfactory,18.733333333333334,61.916666666666664,1.6191666666666666,254.41666666666666,0.0,11,0,327
Delhi,2015-11-24,341.0,282.3,43.4,18.2,151.2,26.3,9.08,86.4,134.7,10.5,0.22,8.28,104.9,Poor,19.075,56.791666666666664,2.4716666666666667,319.0416666666667,0.0,11,1,328
Delhi,2015-11-25,407.0,563.2,117.9,125.3,32.6,43.1,9.97,44.4,134.4,4.97,16.98,1.3,18.4,Poor,19.279166666666665,51.625,3.1975,302.4166666666667,0.0,11,2,329
Delhi,2015-11-26,42.1,596.7,76.9,8.9,42.2,4.5,1.2,62.8,83.5,1.8,29.93,8.43,476.4,Severe,19.541666666666668,51.333333333333336,1.70375,188.16666666666666,0.0,11,3,330
Delhi,2015-11-27,196.1,126.5,188.4,26.8,193.4,18.4,2.12,1.0,186.7,16.38,19.18,8.16,185.5,Very Poor,19.075,70.375,1.6695833333333334,109.04166666666667,0.2,11,4,331
Delhi,2015-11-28,195.1,220.4,7.0,142.1,87.0,40.4,4.54,13.4,123.7,19.65,23.24,2.7,91.2,Satisfactory,19.641666666666666,70.25,2.651666666666667,73.45833333333333,0.1,11,5,332
Delhi,2015-11-29,254.6,22.5,107.6,36.4,73.7,14.9,4.8,60.5,56.8,12.91,23.42,2.08,65.8,Very Poor,19.208333333333332,69.41666666666667,1.5958333333333332,176.20833333333334,0.0,11,6,333
Delhi,2015-11-30,196.6,305.7,139.8,103.5,52.9,44.9,3.21,94.6,111.9,19.63,7.31,3.45,110.6,Severe,20.595833333333335,72.91666666666667,1.4758333333333333,204.41666666666666,0.0,11,0,334
Delhi,2015-12-01,197.6,260.4,177.0,52.3,135.9,5.3,7.89,1.1,12.9,7.69,16.59,0.37,101.5,Severe,20.370833333333334,69.45833333333333,1.7183333333333335,203.33333333333334,0.0,12,1,335
Delhi,2015-12-02,370.9,3.5,49.5,11.6,228.4,8.6,5.93,44.5,122.4,14.24,22.13,6.32,450.6,Severe,19.404166666666665,63.708333333333336,2.0212499999999998,326.0,0.0,12,2,336
Delhi,2015-12-03,394.8,555.9,50.0,5.3,229.3,18.7,9.27,76.9,17.5,17.14,8.5,3.12,76.9,Very Poor,17.870833333333334,66.29166666666667,2.7570833333333336,303.7916666666667,0.0,12,3,337
Delhi,2015-12-04,438.5,13.9,115.5,96.9,37.1,17.7,4.55,24.2,121.0,10.62,10.28,2.44,323.9,Moderate,18.162499999999998,64.08333333333333,2.98,288.0,0.0,12,4,338
Delhi,2015-12-05,411.3,396.3,97.2,80.6,140.4,6.3,4.48,11.5,132.3,4.84,0.74,7.69,484.9,Moderate,17.7625,67.45833333333333,1.3462500000000002,236.33333333333334,0.0,12,5,339
Delhi,2015-12-06,241.4,22.2,102.0,112.9,74.6,4.3,7.13,13.8,62.7,12.05,17.03,7.49,476.2,Severe,18.170833333333334,68.125,1.3074999999999999,132.5,0.0,12,6,340
Delhi,2015-12-07,11.1,297.6,143.5,85.6,246.0,49.8,6.48,46.1,124.6,9.57,24.64,3.17,257.6,Satisfactory,18.162499999999998,71.79166666666667,1.5033333333333332,125.0,0.0,12,0,341
Delhi,2015-12-08,363.8,331.2,4.8,105.2,194.2,4.7,4.89,48.4,55.3,6.07,14.5,5.15,342.8,Satisfactory,18.4375,70.08333333333333,1.45625,207.16666666666666,0.0,12,1,342
Delhi,2015-12-09,404.3,22.6,178.8,89.9,27.5,33.4,4.57,12.4,175.1,9.55,6.18,8.97,118.7,Good,17.900000000000002,73.58333333333333,2.6599999999999997,117.375,0.0,12,2,343
Delhi,2015-12-10,50.3,539.3,192.8,91.1,18.5,0.8,6.58,47.6,40.2,14.18,6.87,0.82,267.2,Satisfactory,18.9375,73.70833333333333,2.4970833333333333,109.70833333333333,0.2,12,3,344
Delhi,2015-12-11,163.1,573.4,123.6,113.6,63.3,15.2,5.3,67.7,74.3,7.0,2.91,3.59,89.2,Satisfactory,17.504166666666666,66.04166666666667,1.9887499999999998,206.45833333333334,0.2,12,4,345
Delhi,2015-12-12,393.4,145.0,152.4,70.0,9.0,28.1,7.48,79.4,33.7,9.66,22.88,4.88,254.2,Good,14.558333333333332,66.79166666666667,2.6679166666666667,296.125,0.0,12,5,346
Delhi,2015-12-13,455.1,381.2,110.2,109.1,28.9,45.5,5.65,13.6,8.8,14.19,0.78,3.23,492.1,Severe,14.054166666666667,64.25,2.2758333333333334,290.2083333333333,0.0,12,6,347
Delhi,2015-12-14,264.9,15.5,136.3,130.5,167.4,8.3,5.13,69.7,146.8,1.95,20.54,5.92,314.9,Severe,13.533333333333333,54.708333333333336,2.9462499999999996,299.9166666666667,0.0,12,0,348
Delhi,2015-12-15,216.9,514.4,191.7,61.9,194.4,42.2,9.78,64.1,144.6,7.02,12.96,1.67,367.8,Poor,13.291666666666666,52.958333333333336,3.061666666666667,290.0416666666667,0.0,12,1,349
Delhi,2015-12-16,135.8,374.0,143.6,102.1,202.3,16.5,8.64,90.9,40.4,14.27,8.64,8.87,390.6,Poor,12.495833333333332,58.541666666666664,1.5620833333333335,218.33333333333334,0.0,12,2,350
Delhi,2015-12-17,246.6,0.7,60.7,30.4,109.9,47.3,7.54,81.0,185.1,6.19,9.96,0.7,207.4,Satisfactory,13.104166666666666,63.083333333333336,1.9974999999999998,127.79166666666667,0.0,12,3,351
Delhi,2015-12-18,444.0,205.9,41.4,34.0,68.7,40.6,2.57,6.7,178.6,2.48,17.01,0.15,305.2,Very Poor,13.075000000000001,62.375,2.703333333333333,303.4583333333333,0.0,12,4,352
Delhi,2015-12-19,374.7,316.5,184.6,32.0,219.7,31.4,1.11,1.9,157.1,5.68,18.6,5.56,169.2,Severe,13.320833333333333,61.208333333333336,2.4562500000000003,293.7916666666667,0.0,12,5,353
Delhi,2015-12-20,139.8,86.5,12.0,72.7,125.7,5.7,2.47,29.9,173.9,9.84,10.54,5.8,387.6,Good,12.970833333333333,62.541666666666664,1.7308333333333332,289.0,0.0,12,6,354
Delhi,2015-12-21,46.8,2.7,49.3,2.8,189.9,17.3,7.53,73.2,193.0,9.46,15.84,4.52,349.6,Good,12.883333333333333,63.916666666666664,1.4929166666666667,324.2916666666667,0.0,12,0,355
Delhi,2015-12-22,392.9,544.6,102.0,55.0,124.3,24.6,8.8,42.3,71.1,17.38,20.84,6.75,297.3,Good,13.429166666666667,66.70833333333333,1.20125,175.875,0.0,12,1,356
Delhi,2015-12-23,420.7,244.4,9.7,37.7,72.8,35.7,5.98,4.1,120.7,18.94,5.03,9.46,288.3,Very Poor,12.816666666666668,67.25,2.2808333333333333,304.4583333333333,0.0,12,2,357
Delhi,2015-12-24,114.4,84.9,10.7,22.8,17.2,14.9,1.47,46.0,145.7,2.42,13.81,1.42,144.5,Severe,12.616666666666667,59.291666666666664,3.342916666666667,305.5833333333333,0.0,12,3,358
Delhi,2015-12-25,398.4,38.6,153.1,125.4,20.3,43.5,7.75,95.8,89.9,15.59,17.24,2.63,360.8,Poor,11.754166666666668,54.291666666666664,2.9770833333333333,292.5833333333333,0.0,12,4,359
Delhi,2015-12-26,323.5,151.3,167.5,30.0,34.6,2.8,7.36,59.6,193.8,16.84,12.99,7.69,272.6,Satisfactory,13.391666666666666,50.25,3.359583333333333,291.9166666666667,0.0,12,5,360
Delhi,2015-12-27,99.7,303.4,99.1,115.7,88.5,1.6,7.64,65.7,61.0,4.53,24.72,6.11,423.2,Satisfactory,15.141666666666666,55.666666666666664,3.3558333333333334,295.2916666666667,0.0,12,6,361
Delhi,2015-12-28,242.9,254.4,154.2,43.4,4.6,4.0,9.9,3.6,75.7,5.1,27.79,8.82,329.5,Poor,16.866666666666667,54.0,3.8512500000000003,297.9166666666667,0.0,12,0,362
Delhi,2015-12-29,176.2,378.8,26.8,102.2,219.6,20.9,7.29,22.8,195.1,1.21,7.29,2.11,246.4,Poor,16.675,54.666666666666664,3.8249999999999997,293.1666666666667,0.0,12,1,363
Delhi,2015-12-30,356.6,403.6,184.0,14.5,91.6,42.6,0.64,78.2,92.6,16.21,27.38,5.17,40.0,Severe,15.858333333333334,62.333333333333336,2.19625,308.125,0.0,12,2,364
Delhi,2015-12-31,199.2,353.6,118.1,87.2,114.5,33.9,4.65,99.5,158.7,18.91,28.68,4.52,448.2,Good,14.9375,67.58333333333333,2.0416666666666665,323.1666666666667,0.0,12,3,365
Delhi,2016-01-01,195.4,42.3,157.9,73.6,80.9,6.1,4.02,97.2,94.1,11.91,5.46,1.08,380.6,Very Poor,14.65,69.58333333333333,1.7979166666666666,300.3333333333333,0.0,1,4,1
Delhi,2016-01-02,294.0,360.0,137.4,92.8,189.7,45.1,9.02,31.7,167.7,1.38,24.28,9.94,245.5,Very Poor,14.1625,66.20833333333333,2.2216666666666667,263.4166666666667,0.0,1,5,2
Delhi,2016-01-03,420.7,169.1,0.8,54.1,40.4,46.9,7.29,62.8,118.6,3.21,9.56,4.58,320.0,Poor,14.5875,63.791666666666664,2.844583333333333,291.75,0.0,1,6,3
Delhi,2016-01-04,2.8,582.8,59.9,23.6,170.4,5.8,6.05,69.3,16.4,16.26,12.92,0.17,376.5,Very Poor,15.75,66.95833333333333,1.4470833333333333,186.0,0.0,1,0,4
Delhi,2016-01-05,53.1,286.2,106.3,72.2,226.3,29.1,6.37,77.1,167.6,10.67,8.32,4.28,53.6,Good,17.879166666666666,69.04166666666667,1.2762499999999999,91.5,0.0,1,1,5
Delhi,2016-01-06,303.7,367.8,182.6,26.2,227.1,7.8,5.12,0.7,11.6,5.09,29.75,6.86,55.6,Satisfactory,17.900000000000002,74.66666666666667,2.0883333333333334,74.08333333333333,0.0,1,2,6
Delhi,2016-01-07,184.9,26.4,47.0,77.8,136.5,31.7,0.19,7.1,93.8,10.01,2.14,4.13,153.5,Very Poor,17.5625,75.70833333333333,1.4954166666666666,154.33333333333334,0.0,1,3,7
Delhi,2016-01-08,49.0,504.4,78.5,96.8,52.5,26.2,1.65,98.9,80.2,0.51,18.75,5.81,471.3,Satisfactory,16.866666666666667,74.79166666666667,2.5683333333333334,302.875,0.0,1,4,8
Delhi,2016-01-09,455.4,162.7,196.2,71.0,88.0,15.3,6.21,13.3,106.7,9.37,18.17,9.77,359.7,Severe,15.454166666666666,64.04166666666667,3.754583333333333,290.3333333333333,0.0,1,5,9
Delhi,2016-01-10,64.1,548.9,92.0,0.9,246.6,16.3,3.24,18.0,64.5,0.41,11.08,9.34,335.4,Very Poor,15.304166666666667,68.79166666666667,2.2379166666666666,272.875,0.0,1,6,10
Delhi,2016-01-11,13.9,353.0,48.7,109.1,232.5,48.9,7.23,97.3,49.6,5.84,18.74,5.68,80.4,Satisfactory,16.020833333333332,72.125,1.6425,158.375,0.0,1,0,11
Delhi,2016-01-12,135.4,183.8,76.1,43.0,241.0,9.4,2.17,33.9,75.0,8.3,3.02,5.9,220.1,Good,16.295833333333334,71.5,2.5825,119.33333333333333,0.0,1,1,12
Delhi,2016-01-13,67.3,417.2,9.5,75.8,198.2,24.1,7.86,24.5,95.0,2.07,21.38,3.68,472.0,Satisfactory,15.870833333333332,75.875,1.6983333333333333,150.125,0.0,1,2,13
Delhi,2016-01-14,244.0,409.8,79.7,31.1,129.4,13.7,0.25,28.7,161.7,8.16,28.37,9.77,423.5,Satisfactory,14.125,78.08333333333333,1.4970833333333333,295.9583333333333,0.0,1,3,14
Delhi,2016-01-15,195.0,278.0,187.8,45.3,243.0,22.4,3.1,5.6,89.9,10.92,26.95,8.03,119.1,Moderate,12.975,75.20833333333333,2.44,310.0416666666667,0.0,1,4,15
Delhi,2016-01-16,125.9,297.1,10.4,76.5,76.2,7.5,1.88,17.6,81.3,14.19,6.21,5.31,174.6,Satisfactory,12.891666666666666,75.29166666666667,2.984583333333333,288.4583333333333,0.0,1,5,16
Delhi,2016-01-17,157.9,217.6,175.7,42.2,141.3,4.5,4.28,49.5,171.0,8.16,8.83,5.76,95.7,Severe,12.558333333333332,77.41666666666667,1.19,180.0,0.0,1,6,17
Delhi,2016-01-18,28.8,265.2,116.7,140.2,74.4,29.9,5.33,34.7,29.9,17.97,20.55,9.45,406.8,Poor,12.454166666666666,77.875,1.4191666666666667,255.70833333333334,0.0,1,0,18
Delhi,2016-01-19,92.4,339.1,95.7,147.3,82.2,27.5,3.06,94.2,82.8,19.33,20.42,3.4,421.7,Severe,12.3125,75.83333333333333,1.7158333333333333,329.125,0.0,1,1,19
Delhi,2016-01-20,368.1,87.2,164.0,122.0,167.1,40.1,1.94,83.3,102.8,2.36,5.38,6.42,292.4,Good,11.9375,73.54166666666667,2.032083333333333,313.7916666666667,0.0,1,2,20
Delhi,2016-01-21,247.4,203.7,35.3,6.3,180.9,46.3,2.88,28.9,122.1,14.69,21.27,2.88,212.5,Poor,11.316666666666668,75.04166666666667,2.4879166666666666,303.25,0.0,1,3,21
Delhi,2016-01-22,200.5,33.8,57.6,135.5,202.7,10.4,0.46,20.9,135.7,2.55,9.55,3.86,134.5,Very Poor,11.233333333333334,76.75,1.9770833333333335,257.4166666666667,0.0,1,4,22
Delhi,2016-01-23,401.0,212.8,22.9,95.3,52.3,26.5,6.82,49.3,115.1,16.95,15.88,0.9,162.2,Satisfactory,12.025,77.0,1.67875,204.95833333333334,0.0,1,5,23
Delhi,2016-01-24,216.5,471.4,22.4,75.4,99.1,3.7,8.67,53.3,105.5,9.87,12.61,0.94,354.1,Poor,11.733333333333334,78.54166666666667,1.8412499999999998,336.9166666666667,0.0,1,6,24
Delhi,2016-01-25,224.8,501.0,144.2,117.2,230.3,47.9,8.05,2.6,105.9,7.8,7.3,5.32,16.2,Satisfactory,10.2125,80.625,1.8970833333333335,283.9166666666667,0.0,1,0,25
Delhi,2016-01-26,435.9,76.4,177.4,129.4,152.0,3.6,0.76,48.3,61.9,8.46,19.87,3.41,460.2,Satisfactory,12.5875,75.29166666666667,1.0520833333333333,147.25,0.0,1,1,26
Delhi,2016-01-27,33.7,226.0,196.4,77.8,172.4,40.7,2.42,58.9,105.1,4.47,0.92,1.63,255.5,Good,15.241666666666667,73.95833333333333,1.4804166666666667,196.83333333333334,0.0,1,2,27
Delhi,2016-01-28,203.7,8.0,151.4,11.7,44.3,17.1,1.62,42.9,196.6,17.14,26.24,6.85,125.0,Very Poor,15.433333333333332,71.79166666666667,2.356666666666667,304.4166666666667,0.0,1,3,28
Delhi,2016-01-29,128.1,153.9,162.1,80.2,69.4,11.2,9.46,18.0,102.0,2.08,13.57,4.67,222.3,Poor,16.833333333333332,71.91666666666667,1.6241666666666665,211.08333333333334,0.30000000000000004,1,4,29
Delhi,2016-01-30,143.5,381.1,110.4,117.7,200.8,9.0,8.47,75.3,133.4,16.93,28.52,7.53,253.3,Satisfactory,19.125,72.29166666666667,1.5733333333333333,193.66666666666666,0.1,1,5,30
Delhi,2016-01-31,185.6,594.4,11.6,106.9,245.6,3.3,9.28,33.7,141.2,2.6,15.59,7.48,143.5,Satisfactory,16.925,78.375,2.8229166666666665,314.125,0.0,1,6,31
Delhi,2016-02-01,202.5,539.9,37.9,101.0,161.4,34.5,9.67,96.7,54.8,17.58,26.03,6.64,457.8,Satisfactory,14.775,66.04166666666667,2.795833333333333,318.7083333333333,0.0,2,0,32
Delhi,2016-02-02,252.1,239.3,57.3,1.9,157.2,41.6,7.82,61.8,134.7,19.17,26.21,2.38,19.3,Very Poor,13.795833333333334,59.666666666666664,2.6599999999999997,301.1666666666667,0.0,2,1,33
Delhi,2016-02-03,478.2,474.4,146.7,115.9,135.8,43.5,9.67,25.1,97.6,14.77,29.09,0.1,158.5,Moderate,14.154166666666667,54.333333333333336,3.6141666666666663,300.7083333333333,0.0,2,2,34
Delhi,2016-02-04,446.5,82.0,91.1,129.3,9.2,16.8,8.8,40.2,83.6,18.89,16.2,5.52,245.7,Good,14.475,52.958333333333336,3.0208333333333335,296.375,0.0,2,3,35
Delhi,2016-02-05,486.9,87.5,68.0,20.0,242.7,6.4,3.92,93.6,152.3,8.22,17.69,4.78,108.5,Good,14.483333333333334,58.791666666666664,2.43125,298.0833333333333,0.0,2,4,36
Delhi,2016-02-06,437.0,175.3,113.3,104.8,45.1,8.1,5.79,54.1,176.5,3.45,27.64,4.73,173.5,Very Poor,15.533333333333333,60.0,2.1008333333333336,145.41666666666666,0.0,2,5,37
Delhi,2016-02-07,39.5,240.2,196.5,62.1,84.5,2.4,9.89,8.3,55.0,13.38,16.75,3.5,349.0,Moderate,14.945833333333333,75.5,2.235,101.95833333333333,5.3,2,6,38
Delhi,2016-02-08,64.2,212.9,82.8,74.6,182.0,33.6,0.81,79.8,70.1,10.23,1.95,5.73,292.8,Satisfactory,14.6,75.0,2.0054166666666666,322.75,0.0,2,0,39
Delhi,2016-02-09,442.4,368.4,27.2,89.0,230.5,23.4,9.64,66.4,20.3,3.41,6.93,8.88,37.4,Good,15.545833333333334,71.20833333333333,2.3204166666666666,302.0,0.0,2,1,40
Delhi,2016-02-10,317.1,233.1,56.3,62.1,72.7,36.8,0.5,61.3,3.5,4.78,29.09,2.91,197.1,Very Poor,15.966666666666667,67.75,1.6375,253.41666666666666,0.0,2,2,41
Delhi,2016-02-11,87.0,339.8,99.0,136.1,190.7,34.0,9.57,79.7,169.8,14.42,17.9,6.27,288.2,Moderate,17.233333333333334,57.458333333333336,2.8870833333333334,142.08333333333334,0.0,2,3,42
Delhi,2016-02-12,255.9,403.4,127.1,118.2,130.1,39.4,9.64,72.5,99.5,3.16,13.2,5.54,358.0,Very Poor,16.375,63.833333333333336,1.6870833333333335,117.83333333333333,0.0,2,4,43
Delhi,2016-02-13,275.3,41.9,42.2,3.7,3.3,4.9,5.72,88.7,94.5,0.68,20.6,4.81,50.1,Severe,15.737499999999999,63.25,2.9287499999999995,104.91666666666667,0.8,2,5,44
Delhi,2016-02-14,43.7,272.8,122.1,51.6,180.5,26.6,4.72,81.7,149.8,1.81,19.44,8.29,31.8,Very Poor,15.533333333333333,66.08333333333333,2.4445833333333336,313.8333333333333,0.0,2,6,45
Delhi,2016-02-15,118.8,107.9,43.8,143.9,173.7,23.8,5.14,68.2,8.5,16.61,5.99,5.05,146.1,Poor,15.375,61.041666666666664,2.07,321.9166666666667,0.0,2,0,46
Delhi,2016-02-16,375.3,522.5,12.6,53.8,12.5,24.8,1.81,49.9,111.1,2.48,15.01,6.27,6.6,Poor,15.395833333333334,56.75,1.9645833333333333,328.4583333333333,0.0,2,1,47
Delhi,2016-02-17,37.6,424.4,35.0,128.7,140.7,0.5,8.19,82.0,137.7,5.54,0.14,9.94,48.1,Very Poor,17.604166666666668,54.75,2.165833333333333,338.4166666666667,0.2,2,2,48
Delhi,2016-02-18,202.4,60.0,94.1,41.9,239.3,29.6,4.51,94.8,130.9,4.65,22.06,8.2,288.0,Poor,20.295833333333334,60.958333333333336,2.2329166666666667,319.9583333333333,0.4,2,3,49
Delhi,2016-02-19,92.5,99.8,20.1,127.9,198.1,41.9,5.03,22.2,162.9,11.46,9.7,9.33,279.3,Moderate,22.575,65.29166666666667,1.7116666666666667,304.8333333333333,0.0,2,4,50
Delhi,2016-02-20,89.5,405.6,196.3,90.8,56.3,14.5,3.33,80.8,60.3,15.62,29.13,8.85,121.4,Satisfactory,21.570833333333336,75.70833333333333,2.10125,244.29166666666666,11.3,2,5,51
Delhi,2016-02-21,452.0,527.8,89.7,62.2,238.5,29.9,2.23,81.2,180.1,16.21,29.03,2.32,278.3,Poor,18.966666666666665,66.70833333333333,4.160416666666666,297.4583333333333,0.0,2,6,52
Delhi,2016-02-22,109.1,148.4,152.4,118.8,115.6,24.8,2.25,6.6,39.1,12.97,15.0,8.07,465.6,Severe,18.408333333333335,54.166666666666664,4.569999999999999,292.8333333333333,0.0,2,0,53
Delhi,2016-02-23,371.6,492.9,193.7,28.3,175.3,33.8,9.64,1.4,78.3,11.57,17.22,8.74,238.4,Satisfactory,18.6125,57.041666666666664,2.873333333333333,277.0833333333333,0.0,2,1,54
Delhi,2016-02-24,57.4,88.0,31.2,68.3,100.6,21.4,1.86,1.2,99.0,1.37,12.59,2.24,316.9,Good,18.366666666666667,59.625,1.7054166666666666,185.33333333333334,0.0,2,2,55
Delhi,2016-02-25,169.3,459.5,142.7,32.1,73.5,16.4,3.32,17.2,42.0,15.53,20.06,5.51,325.7,Moderate,19.183333333333334,60.791666666666664,2.31,131.58333333333334,0.0,2,3,56
Delhi,2016-02-26,470.5,17.4,193.4,43.4,29.8,10.7,7.28,76.1,99.4,9.29,18.2,2.57,25.2,Satisfactory,20.333333333333332,60.0,1.7379166666666668,153.625,0.0,2,4,57
Delhi,2016-02-27,75.9,394.2,29.1,98.7,96.4,33.2,7.19,86.7,136.3,9.25,26.49,2.12,476.6,Poor,20.370833333333334,60.5,1.3095833333333333,159.70833333333334,0.0,2,5,58
Delhi,2016-02-28,199.9,524.4,110.7,58.7,69.3,4.0,0.28,92.9,130.5,14.62,9.89,8.69,103.2,Moderate,21.175,62.083333333333336,1.5283333333333333,161.83333333333334,0.0,2,6,59
Delhi,2016-02-29,222.1,57.8,20.7,58.0,115.2,20.5,1.07,4.3,128.1,18.87,14.82,6.55,109.7,Severe,21.795833333333334,61.833333333333336,1.4083333333333332,125.41666666666667,0.0,2,0,60
Delhi,2016-03-01,316.5,164.6,103.8,129.9,186.2,38.8,9.4,52.7,87.1,7.38,26.29,6.62,421.5,Good,22.291666666666668,62.833333333333336,1.2966666666666666,217.875,0.0,3,1,61
Delhi,2016-03-02,190.1,424.4,140.6,107.0,111.3,39.5,5.84,14.3,83.6,6.57,29.6,6.06,224.6,Satisfactory,23.099999999999998,61.958333333333336,1.5175,147.33333333333334,0.0,3,2,62
Delhi,2016-03-03,257.8,467.4,59.0,123.6,8.8,27.5,6.97,87.4,36.8,6.72,15.12,5.09,324.2,Very Poor,23.34166666666667,59.291666666666664,1.8070833333333332,182.125,0.0,3,3,63
Delhi,2016-03-04,389.7,422.7,103.4,92.6,153.3,11.1,6.7,55.4,162.4,2.63,22.26,1.76,58.2,Moderate,23.537499999999998,51.5,2.3608333333333333,314.375,0.0,3,4,64
Delhi,2016-03-05,461.7,576.2,0.6,90.4,239.7,29.8,5.27,55.6,137.4,16.78,15.92,0.91,298.2,Satisfactory,22.2375,59.416666666666664,3.2900000000000005,187.70833333333334,7.1,3,5,65
Delhi,2016-03-06,113.9,85.4,191.9,37.3,179.1,5.5,5.18,76.0,176.9,18.62,27.12,7.5,431.7,Moderate,19.912499999999998,76.29166666666667,2.6345833333333335,87.45833333333333,2.0,3,6,66
Delhi,2016-03-07,99.8,95.8,72.7,30.0,107.2,46.0,0.33,38.8,84.4,7.43,7.22,8.99,229.0,Severe,21.087500000000002,69.875,1.6258333333333335,132.41666666666666,0.0,3,0,67
Delhi,2016-03-08,322.5,253.1,124.9,21.8,151.7,34.5,4.92,75.9,25.3,6.1,27.29,0.28,308.6,Good,21.416666666666668,67.20833333333333,2.4320833333333334,296.1666666666667,0.0,3,1,68
Delhi,2016-03-09,157.1,326.7,2.8,26.2,38.6,25.1,4.95,53.7,12.7,6.51,29.93,0.68,322.4,Very Poor,21.166666666666668,64.0,2.5170833333333333,293.9166666666667,0.0,3,2,69
Delhi,2016-03-10,125.5,393.1,47.6,13.1,42.3,3.5,0.68,83.2,37.3,18.19,26.15,0.95,414.0,Moderate,22.208333333333332,63.0,2.43,293.125,0.0,3,3,70
Delhi,2016-03-11,253.2,258.1,91.3,125.5,78.6,3.3,6.63,8.4,111.8,4.76,10.73,3.71,444.2,Good,23.083333333333332,65.45833333333333,2.4216666666666664,138.33333333333334,2.5,3,4,71
Delhi,2016-03-12,150.4,205.1,57.1,147.2,98.3,41.3,1.66,66.8,158.6,15.13,13.44,8.63,258.3,Poor,21.145833333333332,75.95833333333333,2.8408333333333338,100.66666666666667,10.8,3,5,72
Delhi,2016-03-13,0.4,468.2,5.4,82.5,119.0,35.3,9.45,60.6,135.8,19.47,17.84,6.02,246.8,Good,20.920833333333334,71.625,3.15375,109.08333333333333,10.5,3,6,73
Delhi,2016-03-14,157.8,229.1,161.2,106.6,203.0,28.8,1.43,56.1,89.8,4.41,23.53,8.6,416.5,Good,20.400000000000002,77.54166666666667,1.7945833333333334,89.625,1.5,3,0,74
Delhi,2016-03-15,387.6,13.4,62.9,110.6,149.8,5.6,9.54,14.0,194.5,0.69,23.21,2.06,52.1,Very Poor,20.55,66.66666666666667,2.067083333333333,273.25,0.0,3,1,75
Delhi,2016-03-16,299.5,26.0,129.8,22.7,110.4,38.2,1.89,92.5,160.8,0.86,13.27,6.25,303.9,Moderate,20.304166666666667,58.166666666666664,3.3608333333333333,305.5416666666667,0.0,3,2,76
Delhi,2016-03-17,144.3,591.3,52.1,46.1,163.8,8.6,7.17,79.2,94.9,15.73,6.08,1.63,163.9,Satisfactory,22.366666666666664,58.333333333333336,2.59375,188.875,0.0,3,3,77
Delhi,2016-03-18,234.2,237.7,8.6,134.6,106.8,16.1,2.23,28.2,75.1,0.94,6.48,0.56,262.1,Very Poor,23.4875,60.25,2.9779166666666668,111.25,0.0,3,4,78
Delhi,2016-03-19,107.4,494.2,163.3,73.5,53.1,48.7,4.88,37.1,26.0,0.19,22.91,0.19,248.4,Moderate,23.6375,60.958333333333336,1.64375,99.5,0.30000000000000004,3,5,79
Delhi,2016-03-20,174.7,398.9,189.1,32.2,47.7,7.3,3.76,82.6,89.7,4.12,17.6,0.78,60.1,Very Poor,24.45,55.583333333333336,2.115416666666667,115.25,0.0,3,6,80
Delhi,2016-03-21,3.8,487.1,130.5,88.3,48.5,39.7,2.05,40.1,182.6,1.14,16.85,5.59,280.6,Severe,23.65416666666667,45.125,4.49,310.1666666666667,0.0,3,0,81
Delhi,2016-03-22,223.4,552.9,18.8,147.2,137.9,19.2,1.93,85.4,153.5,11.35,21.83,6.92,136.8,Very Poor,22.179166666666664,36.625,5.644583333333333,298.5,0.0,3,1,82
Delhi,2016-03-23,338.7,581.4,84.6,121.8,132.9,42.9,9.57,90.9,65.3,3.7,2.68,2.51,20.7,Severe,23.2,40.083333333333336,3.8475,298.6666666666667,0.0,3,2,83
Delhi,2016-03-24,450.7,86.4,157.4,19.8,210.4,15.8,5.92,68.3,32.4,10.87,10.29,1.63,177.9,Good,24.816666666666666,46.75,1.56625,152.58333333333334,0.0,3,3,84
Delhi,2016-03-25,467.8,355.3,18.7,48.6,212.9,7.7,1.45,26.8,171.1,11.54,24.98,2.28,138.5,Severe,26.34583333333333,49.958333333333336,1.7966666666666666,108.875,0.0,3,4,85
Delhi,2016-03-26,337.6,82.2,11.1,66.9,206.2,45.8,7.56,63.3,35.0,18.43,18.5,0.12,441.3,Good,24.958333333333332,53.625,3.59625,318.25,0.0,3,5,86
Delhi,2016-03-27,39.6,292.1,81.8,143.9,97.8,22.9,8.45,73.3,57.3,17.34,28.61,5.18,404.1,Moderate,24.3625,46.25,3.0991666666666666,307.0,0.0,3,6,87
Delhi,2016-03-28,19.7,564.3,80.4,108.6,106.3,10.4,8.42,4.1,56.6,4.49,1.84,7.53,301.2,Satisfactory,24.087500000000002,42.375,2.62625,280.125,0.0,3,0,88
Delhi,2016-03-29,361.4,402.9,33.6,71.5,85.8,48.1,4.14,31.5,130.0,10.66,15.85,4.82,377.5,Good,24.933333333333334,42.625,2.7262500000000003,298.8333333333333,0.0,3,1,89
Delhi,2016-03-30,91.5,316.5,102.8,146.0,21.1,37.9,8.01,35.4,98.3,3.35,18.41,5.13,58.5,Good,26.208333333333332,45.708333333333336,2.07625,298.9166666666667,0.0,3,2,90
Delhi,2016-03-31,473.5,176.9,40.4,37.5,58.4,39.0,4.13,94.0,189.3,15.7,19.13,9.8,145.6,Poor,27.883333333333336,41.041666666666664,1.8679166666666667,274.6666666666667,0.0,3,3,91
Delhi,2016-04-01,410.4,296.4,186.5,105.7,237.8,46.5,5.58,17.4,68.0,2.92,11.56,4.82,347.0,Satisfactory,28.925,39.916666666666664,3.105,302.6666666666667,0.0,4,4,92
Delhi,2016-04-02,182.1,269.3,87.2,66.4,161.0,15.8,4.22,6.8,186.1,0.7,26.05,8.52,391.4,Poor,29.587500000000002,41.958333333333336,2.1825,236.125,0.0,4,5,93
Delhi,2016-04-03,151.7,490.0,60.5,93.3,75.6,33.4,2.75,46.3,95.2,6.09,19.8,1.25,365.2,Very Poor,31.004166666666666,44.041666666666664,1.8804166666666668,239.29166666666666,0.8,4,6,94
Delhi,2016-04-04,490.2,147.7,28.1,102.7,241.2,6.0,1.14,56.9,44.6,8.51,16.19,7.58,19.4,Moderate,29.766666666666666,35.333333333333336,2.4045833333333335,264.9166666666667,0.0,4,0,95
Delhi,2016-04-05,178.6,464.0,69.2,21.1,41.2,45.4,5.81,45.0,77.2,5.81,6.43,7.99,140.9,Moderate,28.608333333333334,37.75,3.2495833333333333,320.6666666666667,0.0,4,1,96
Delhi,2016-04-06,415.6,487.5,16.1,38.6,235.3,16.3,4.28,77.0,13.9,9.04,1.79,1.21,133.4,Good,28.09166666666667,30.75,2.30125,242.58333333333334,0.0,4,2,97
Delhi,2016-04-07,143.9,353.8,121.7,40.9,236.4,35.9,9.41,60.5,69.5,8.35,14.07,8.42,85.0,Poor,26.858333333333334,37.208333333333336,2.7145833333333336,248.16666666666666,0.0,4,3,98
Delhi,2016-04-08,418.6,509.5,28.9,103.7,202.7,37.6,7.39,78.5,68.1,19.8,8.32,3.17,326.7,Severe,26.791666666666668,38.875,1.7716666666666667,218.375,0.0,4,4,99
Delhi,2016-04-09,152.9,563.1,75.2,8.8,66.8,20.5,6.12,83.6,98.9,11.97,27.87,2.41,140.3,Very Poor,28.52916666666667,27.541666666666668,2.4445833333333336,170.20833333333334,0.0,4,5,100
Delhi,2016-04-10,252.9,169.6,140.1,97.8,83.7,2.9,2.64,72.4,79.7,16.6,22.64,6.08,78.5,Very Poor,29.2,29.541666666666668,2.6991666666666667,318.25,0.0,4,6,101
Delhi,2016-04-11,477.8,525.2,139.7,25.6,50.2,0.4,1.79,40.8,166.1,7.26,21.52,0.44,479.9,Poor,28.0125,34.166666666666664,4.292083333333333,316.4166666666667,0.0,4,0,102
Delhi,2016-04-12,184.3,76.9,8.6,68.0,160.3,47.0,6.07,22.2,61.4,4.75,2.72,9.78,319.5,Very Poor,27.712500000000002,33.875,4.836666666666667,295.6666666666667,0.0,4,1,103
Delhi,2016-04-13,353.0,5.2,77.4,144.4,125.2,36.0,5.68,49.6,194.4,0.38,4.62,3.82,379.6,Good,29.44583333333333,30.083333333333332,4.81,296.9166666666667,0.0,4,2,104
Delhi,2016-04-14,61.9,379.0,151.1,37.3,7.3,32.8,8.85,66.8,113.4,11.63,23.21,0.76,130.7,Moderate,30.583333333333332,30.0,3.4891666666666663,292.4583333333333,0.0,4,3,105
Delhi,2016-04-15,462.0,14.2,146.9,123.3,163.0,26.7,5.98,0.0,128.6,15.43,3.42,1.97,38.8,Very Poor,31.45,32.125,2.9233333333333333,305.3333333333333,0.0,4,4,106
Delhi,2016-04-16,355.0,413.8,166.8,126.6,49.4,23.3,5.87,40.3,175.7,14.79,25.82,8.07,481.0,Poor,32.40416666666667,30.5,2.889583333333333,291.25,0.0,4,5,107
Delhi,2016-04-17,301.7,344.1,64.3,125.4,236.6,31.6,5.99,58.9,120.1,5.14,9.45,7.51,375.3,Good,32.69583333333333,26.916666666666668,2.285416666666667,270.8333333333333,0.0,4,6,108
Delhi,2016-04-18,273.3,588.1,108.9,55.0,189.3,44.6,1.8,88.6,64.3,6.99,1.84,1.45,41.7,Poor,32.1625,31.875,1.8895833333333334,195.5,0.0,4,0,109
Delhi,2016-04-19,130.4,237.8,108.4,3.5,34.3,44.1,8.23,80.9,113.8,18.56,11.26,6.42,72.5,Satisfactory,31.099999999999998,38.208333333333336,1.8099999999999998,153.66666666666666,0.1,4,1,110
Delhi,2016-04-20,316.3,242.4,44.5,0.7,68.9,34.0,1.96,0.7,186.0,9.78,12.85,4.85,207.3,Severe,31.333333333333332,26.5,3.38875,295.4166666666667,0.0,4,2,111
Delhi,2016-04-21,182.2,12.4,163.9,137.6,246.9,38.0,7.6,80.0,168.2,16.11,8.8,4.72,483.9,Moderate,31.641666666666666,23.125,4.6241666666666665,297.375,0.0,4,3,112
Delhi,2016-04-22,380.5,462.0,51.0,146.0,111.0,37.4,4.1,44.7,117.0,0.52,6.59,0.26,63.1,Moderate,31.454166666666666,25.25,2.377083333333333,189.375,0.0,4,4,113
Delhi,2016-04-23,43.2,368.4,9.5,8.5,200.4,27.2,5.3,36.3,198.3,3.96,8.86,6.92,425.7,Moderate,29.3125,25.375,3.1195833333333334,265.5,0.0,4,5,114
Delhi,2016-04-24,351.4,346.8,192.2,46.0,2.3,42.0,4.16,97.9,184.0,9.53,14.06,8.39,455.7,Moderate,28.71666666666667,21.041666666666668,2.9333333333333336,288.7916666666667,0.0,4,6,115
Delhi,2016-04-25,260.8,575.2,132.1,57.7,249.7,44.0,4.25,83.3,126.4,12.04,29.4,1.56,78.0,Poor,29.633333333333336,19.416666666666668,2.794583333333333,269.2916666666667,0.0,4,0,116
Delhi,2016-04-26,499.8,489.6,10.8,49.7,245.8,23.1,8.97,53.7,172.0,11.93,4.46,6.72,54.9,Poor,30.462500000000002,23.083333333333332,2.1058333333333334,221.125,0.0,4,1,117
Delhi,2016-04-27,34.2,6.3,69.3,85.7,243.9,23.4,1.09,80.9,160.2,4.18,14.93,6.21,124.2,Satisfactory,30.870833333333334,22.375,2.2604166666666665,270.25,0.0,4,2,118
Delhi,2016-04-28,104.8,512.0,77.2,96.2,214.3,48.9,3.83,54.6,20.4,14.38,26.58,1.82,113.6,Very Poor,31.0625,19.375,2.8825000000000003,314.9166666666667,0.0,4,3,119
Delhi,2016-04-29,218.4,89.2,115.0,9.6,187.1,18.3,4.01,74.8,83.9,5.16,0.85,7.18,180.9,Moderate,31.008333333333336,19.541666666666668,2.7216666666666662,309.0833333333333,0.0,4,4,120
Delhi,2016-04-30,499.0,225.0,131.8,136.6,157.2,26.8,3.88,6.1,12.2,9.27,12.89,1.2,496.6,Good,30.90833333333333,22.375,2.174166666666667,300.4583333333333,0.0,4,5,121
Delhi,2016-05-01,104.7,31.7,6.6,139.4,139.6,37.3,3.33,14.7,143.3,9.58,4.85,5.17,376.5,Very Poor,32.4375,20.916666666666668,2.999166666666667,289.2083333333333,0.0,5,6,122
Delhi,2016-05-02,416.3,565.2,71.5,141.2,0.4,42.6,6.51,18.1,93.6,2.72,5.36,4.17,276.5,Severe,34.07083333333333,19.708333333333332,2.0720833333333335,239.20833333333334,0.0,5,0,123
Delhi,2016-05-03,98.9,366.6,149.1,49.1,25.8,35.1,9.04,75.2,20.7,18.64,1.9,9.97,43.4,Satisfactory,31.879166666666666,33.041666666666664,2.92375,116.58333333333333,2.7,5,1,124
Delhi,2016-05-04,8.6,570.1,93.6,44.8,186.2,15.4,1.6,57.6,140.2,4.36,11.8,4.61,217.0,Very Poor,30.491666666666664,49.166666666666664,3.65,121.04166666666667,1.5999999999999999,5,2,125
Delhi,2016-05-05,24.5,463.0,98.5,0.6,133.1,9.9,8.54,9.8,170.2,9.9,22.2,3.22,149.9,Good,28.849999999999998,51.958333333333336,3.4812499999999997,131.33333333333334,1.6,5,3,126
Delhi,2016-05-06,281.4,547.4,79.5,137.7,87.4,23.1,5.71,27.6,135.5,15.1,22.57,3.47,433.3,Satisfactory,28.90833333333333,55.125,1.4845833333333334,128.33333333333334,0.0,5,4,127
Delhi,2016-05-07,245.1,205.8,27.1,19.1,41.4,38.9,5.11,93.8,38.8,3.35,14.59,4.13,180.5,Satisfactory,30.491666666666664,42.208333333333336,1.6366666666666667,154.875,0.0,5,5,128
Delhi,2016-05-08,350.6,541.2,97.6,114.4,108.6,49.0,0.28,0.4,187.0,7.25,25.12,0.27,436.3,Very Poor,30.599999999999998,45.833333333333336,2.7758333333333334,107.70833333333333,0.2,5,6,129
Delhi,2016-05-09,103.7,186.2,154.0,10.4,101.8,15.4,7.14,65.5,185.4,3.9,11.88,7.23,351.8,Very Poor,31.825,42.166666666666664,3.7691666666666666,118.91666666666667,0.5,5,0,130
Delhi,2016-05-10,179.3,18.7,184.3,22.6,200.0,3.3,6.93,86.4,172.6,17.06,2.71,7.66,135.1,Good,31.883333333333336,46.833333333333336,3.57875,106.95833333333333,1.5,5,1,131
Delhi,2016-05-11,357.3,338.1,84.4,121.5,8.9,10.3,5.61,42.2,117.8,17.07,10.72,8.97,196.3,Good,31.358333333333334,51.333333333333336,2.8979166666666667,91.91666666666667,0.1,5,2,132
Delhi,2016-05-12,102.2,509.1,135.6,116.5,96.4,5.8,7.17,95.8,140.1,14.2,5.65,5.82,191.5,Moderate,32.270833333333336,48.875,1.8275,238.58333333333334,0.0,5,3,133
Delhi,2016-05-13,77.8,484.6,32.8,55.7,138.6,31.2,8.81,75.0,148.3,16.73,16.61,5.13,265.8,Severe,34.270833333333336,30.75,1.9854166666666666,158.16666666666666,0.0,5,4,134
Delhi,2016-05-14,142.4,198.3,165.6,63.0,69.7,23.6,1.4,79.0,14.4,14.74,20.78,9.96,117.8,Very Poor,34.67916666666667,30.75,1.5437500000000002,121.66666666666667,0.0,5,5,135
Delhi,2016-05-15,297.9,307.1,199.7,20.0,234.4,45.9,8.61,56.8,40.3,3.3,23.19,0.37,221.9,Satisfactory,34.69166666666667,28.875,2.1320833333333336,274.5833333333333,0.0,5,6,136
Delhi,2016-05-16,191.5,31.9,27.0,36.5,194.6,39.8,1.85,39.2,92.8,5.54,6.84,6.91,14.5,Severe,34.862500000000004,24.75,2.9629166666666666,305.4166666666667,0.0,5,0,137
Delhi,2016-05-17,192.7,217.6,100.5,149.1,56.4,10.2,5.29,62.6,136.1,10.71,9.75,7.66,175.6,Moderate,34.81666666666667,22.583333333333332,2.905416666666667,302.1666666666667,0.0,5,1,138
Delhi,2016-05-18,475.9,182.9,73.6,134.6,110.4,30.9,4.44,85.8,165.6,12.43,7.75,8.87,431.7,Very Poor,35.06666666666667,23.375,1.8745833333333335,250.375,0.0,5,2,139
Delhi,2016-05-19,58.2,210.2,1.5,101.1,9.6,16.0,3.16,9.9,7.4,11.78,13.22,5.78,433.1,Good,34.454166666666666,36.541666666666664,3.9604166666666667,127.45833333333333,0.0,5,3,140
Delhi,2016-05-20,277.9,50.4,121.9,25.9,6.2,31.5,4.27,46.3,174.2,17.0,17.73,8.49,267.1,Poor,34.40833333333333,42.75,3.8779166666666662,126.20833333333333,0.0,5,4,141
Delhi,2016-05-21,154.8,260.6,120.0,63.3,249.3,2.0,5.8,50.1,86.3,13.66,8.5,0.43,243.8,Good,33.55833333333333,53.666666666666664,4.266666666666667,115.375,0.0,5,5,142
Delhi,2016-05-22,140.1,264.7,176.1,47.1,99.3,46.4,5.95,18.7,15.7,7.57,8.83,9.06,58.7,Poor,34.34583333333333,47.458333333333336,3.1445833333333333,128.45833333333334,0.7,5,6,143
Delhi,2016-05-23,50.7,512.7,179.0,74.7,99.1,21.1,9.89,74.8,3.4,14.88,4.58,7.79,478.8,Satisfactory,33.266666666666666,53.375,3.1525,156.41666666666666,6.8,5,0,144
Delhi,2016-05-24,360.7,291.1,124.3,31.6,56.5,49.4,6.01,30.9,80.2,8.17,8.93,0.01,324.6,Severe,31.075,61.083333333333336,2.907083333333333,111.08333333333333,2.2,5,1,145
Delhi,2016-05-25,27.6,343.8,183.8,133.5,77.3,30.7,0.01,61.0,9.7,0.87,12.32,9.59,288.5,Very Poor,31.266666666666666,54.333333333333336,1.885,198.375,1.8,5,2,146
Delhi,2016-05-26,99.3,576.1,45.6,149.9,19.4,42.9,6.64,17.8,97.8,12.31,4.3,4.5,318.7,Very Poor,32.46666666666667,51.541666666666664,1.5941666666666665,197.25,0.0,5,3,147
Delhi,2016-05-27,185.8,341.9,50.0,6.1,245.0,40.7,9.48,19.3,163.7,17.49,16.38,5.38,249.0,Very Poor,34.5875,39.0,2.9091666666666662,281.25,1.3,5,4,148
Delhi,2016-05-28,246.5,142.3,114.1,52.7,66.7,31.9,0.71,91.2,104.6,4.86,6.57,7.51,471.9,Very Poor,33.454166666666666,39.208333333333336,3.172083333333333,275.0,2.4,5,5,149
Delhi,2016-05-29,139.4,395.4,96.9,137.1,113.1,24.2,1.49,26.8,172.2,11.63,9.02,4.91,290.7,Moderate,30.816666666666666,56.083333333333336,3.5095833333333335,125.75,5.9,5,6,150
Delhi,2016-05-30,430.7,527.4,9.4,149.1,28.8,23.9,2.28,47.6,144.4,0.25,26.59,4.5,234.7,Severe,28.34166666666667,69.79166666666667,2.825416666666667,103.66666666666667,2.5,5,0,151
Delhi,2016-05-31,281.4,354.0,171.2,63.4,108.1,1.3,8.86,76.1,76.4,5.46,0.11,4.62,99.4,Good,31.320833333333336,58.458333333333336,2.0675,227.625,0.0,5,1,152
Delhi,2016-06-01,298.7,66.4,4.6,84.1,13.4,24.8,0.01,80.1,192.9,16.58,7.25,6.1,381.2,Poor,33.5,49.833333333333336,2.2983333333333333,296.4583333333333,0.0,6,2,153
Delhi,2016-06-02,161.3,509.7,96.4,54.0,164.1,19.3,9.12,63.3,74.2,9.81,22.88,2.27,496.6,Severe,34.74583333333333,37.208333333333336,2.4125,299.25,0.0,6,3,154
Delhi,2016-06-03,411.7,227.8,95.6,80.0,44.5,11.8,9.48,40.0,179.1,8.86,13.43,2.39,389.8,Moderate,34.06666666666667,42.625,2.0158333333333336,201.29166666666666,0.1,6,4,155
Delhi,2016-06-04,315.4,528.9,82.3,125.5,52.6,5.3,6.16,17.9,76.3,8.07,10.76,6.08,378.1,Poor,35.00416666666667,45.583333333333336,2.4495833333333334,124.45833333333333,0.0,6,5,156
Delhi,2016-06-05,141.1,122.8,80.1,134.5,23.4,35.4,8.35,32.0,153.4,7.99,24.19,5.99,316.4,Very Poor,34.141666666666666,55.333333333333336,3.9949999999999997,107.83333333333333,0.9,6,6,157
Delhi,2016-06-06,293.2,130.9,1.2,8.5,51.2,23.1,8.86,56.2,51.1,15.55,7.96,1.33,434.4,Moderate,33.94166666666667,53.25,3.5904166666666666,105.08333333333333,0.6,6,0,158
Delhi,2016-06-07,354.4,260.1,189.1,32.5,188.5,11.4,6.34,55.4,115.6,13.82,25.86,9.4,400.7,Moderate,33.854166666666664,53.25,3.4129166666666664,102.16666666666667,1.0,6,1,159
Delhi,2016-06-08,134.5,530.2,174.7,115.9,156.9,5.9,3.03,71.8,116.5,15.64,2.44,9.25,106.8,Very Poor,33.604166666666664,53.125,3.111666666666667,106.70833333333333,1.4,6,2,160
Delhi,2016-06-09,220.2,246.3,39.9,44.7,48.2,1.1,6.74,46.9,88.7,19.51,3.62,6.16,165.0,Very Poor,34.00416666666667,51.916666666666664,3.0683333333333334,153.25,0.0,6,3,161
Delhi,2016-06-10,25.1,329.5,78.1,95.3,99.2,16.4,8.07,28.3,42.4,3.4,11.05,4.08,330.7,Poor,34.145833333333336,51.041666666666664,2.1366666666666667,186.20833333333334,1.0,6,4,162
Delhi,2016-06-11,303.1,354.7,151.6,54.0,190.4,45.4,3.11,31.5,131.2,3.26,4.11,3.69,355.7,Very Poor,33.93333333333333,51.166666666666664,2.7737499999999997,229.16666666666666,0.7,6,5,163
Delhi,2016-06-12,77.5,235.4,192.6,77.1,164.2,40.2,9.14,32.5,70.1,7.29,13.83,2.31,211.9,Moderate,33.199999999999996,53.583333333333336,2.6566666666666667,276.0,1.2000000000000002,6,6,164
Delhi,2016-06-13,273.7,87.7,90.8,147.2,225.5,2.8,0.39,63.2,24.7,17.17,19.61,5.7,489.4,Poor,34.2125,47.333333333333336,3.188333333333333,267.6666666666667,1.0,6,0,165
Delhi,2016-06-14,243.1,353.1,110.0,36.0,91.0,45.3,6.05,5.9,164.1,11.69,20.93,8.02,470.0,Severe,32.012499999999996,61.75,2.78125,241.75,6.3,6,1,166
Delhi,2016-06-15,407.6,590.7,126.7,144.2,232.3,36.9,2.45,84.8,197.1,1.84,17.11,0.8,289.8,Moderate,31.058333333333334,69.0,2.0016666666666665,123.41666666666667,5.5,6,2,167
Delhi,2016-06-16,309.9,99.2,167.2,5.1,208.8,3.0,2.63,29.4,80.6,11.57,25.83,1.99,477.0,Moderate,31.908333333333335,63.416666666666664,4.19125,108.79166666666667,0.0,6,3,168
Delhi,2016-06-17,376.1,279.1,28.3,107.6,172.9,0.0,2.16,3.4,9.7,13.43,10.8,6.0,52.1,Satisfactory,32.19583333333333,63.375,3.15375,115.08333333333333,0.8,6,4,169
Delhi,2016-06-18,35.3,242.8,86.3,106.4,234.4,30.4,2.18,27.9,99.3,17.32,20.18,1.16,250.1,Satisfactory,31.141666666666666,68.25,3.3691666666666666,111.04166666666667,13.5,6,5,170
Delhi,2016-06-19,197.2,20.8,116.2,78.2,56.6,10.7,1.21,36.9,143.9,7.59,26.89,7.61,218.0,Severe,31.983333333333334,65.41666666666667,3.4829166666666667,108.29166666666667,0.2,6,6,171
Delhi,2016-06-20,390.9,495.5,192.9,84.5,69.3,42.4,8.72,69.9,48.2,14.99,9.35,7.65,84.7,Severe,32.449999999999996,64.29166666666667,3.7775,114.91666666666667,0.2,6,0,172
Delhi,2016-06-21,234.3,327.2,27.4,131.7,106.7,16.6,2.01,81.9,156.0,5.97,14.02,5.69,396.3,Very Poor,30.724999999999998,71.875,3.5875000000000004,118.91666666666667,1.7000000000000002,6,1,173
Delhi,2016-06-22,40.5,348.0,155.4,100.6,148.4,21.1,0.33,20.5,118.3,15.72,0.21,0.48,102.6,Satisfactory,30.7625,69.41666666666667,2.1929166666666666,118.125,1.3,6,2,174
Delhi,2016-06-23,58.5,134.0,107.6,78.0,38.2,41.9,5.88,57.0,184.7,16.38,15.5,4.22,39.0,Poor,32.545833333333334,63.583333333333336,1.8070833333333332,147.625,0.1,6,3,175
Delhi,2016-06-24,303.7,322.1,20.2,68.4,105.5,14.7,4.75,90.0,93.0,1.18,21.35,7.05,316.1,Very Poor,33.6625,59.5,1.87375,228.33333333333334,1.0,6,4,176
Delhi,2016-06-25,128.6,592.7,172.5,75.9,174.9,26.4,3.42,23.5,127.5,5.9,0.25,5.05,273.4,Good,33.987500000000004,59.416666666666664,3.54875,110.16666666666667,0.0,6,5,177
Delhi,2016-06-26,57.9,79.3,150.9,115.2,93.9,43.9,9.55,48.2,168.1,19.58,23.3,4.27,335.1,Moderate,32.079166666666666,66.33333333333333,3.30625,107.5,4.7,6,6,178
Delhi,2016-06-27,440.3,491.8,191.0,77.7,69.9,14.9,9.24,88.3,44.4,7.69,21.22,8.87,311.3,Poor,31.8125,67.83333333333333,2.688333333333333,113.79166666666667,3.3,6,0,179
Delhi,2016-06-28,90.5,540.1,180.5,145.0,84.4,26.0,2.63,3.3,38.8,8.68,2.0,0.02,328.0,Poor,29.745833333333334,79.125,2.7120833333333336,92.08333333333333,11.9,6,1,180
Delhi,2016-06-29,51.6,557.4,199.1,4.9,168.4,11.9,6.46,32.0,130.2,5.14,28.96,5.94,137.5,Very Poor,31.65416666666667,71.83333333333333,2.374166666666667,82.91666666666667,17.5,6,2,181
Delhi,2016-06-30,85.2,278.1,6.6,5.0,36.5,39.3,6.05,57.0,70.3,3.82,25.26,6.49,379.2,Severe,32.608333333333334,69.20833333333333,2.127083333333333,93.91666666666667,2.6,6,3,182
Delhi,2016-07-01,274.1,502.1,104.0,80.7,44.1,33.2,2.08,66.0,137.2,2.18,7.27,9.08,236.2,Good,31.366666666666664,75.41666666666667,3.2116666666666664,148.16666666666666,31.2,7,4,183
Delhi,2016-07-02,232.3,258.0,2.5,12.6,101.7,19.2,6.64,75.5,9.2,13.12,17.04,5.74,477.9,Moderate,27.458333333333332,86.91666666666667,2.660833333333333,112.45833333333333,31.8,7,5,184
Delhi,2016-07-03,141.5,65.9,93.7,14.1,28.7,49.6,4.36,90.4,55.4,6.4,18.4,9.4,481.8,Severe,26.575,91.20833333333333,2.2795833333333335,93.66666666666667,27.7,7,6,185
Delhi,2016-07-04,258.7,507.5,67.4,60.8,82.6,6.2,2.86,5.6,50.0,6.92,3.38,5.44,41.1,Very Poor,28.583333333333332,81.95833333333333,1.0883333333333334,127.70833333333333,1.1,7,0,186
Delhi,2016-07-05,202.7,364.8,89.0,83.8,91.3,4.1,3.52,79.9,3.4,0.44,25.01,8.64,207.8,Poor,30.808333333333334,76.29166666666667,1.3329166666666665,233.95833333333334,0.1,7,1,187
Delhi,2016-07-06,417.2,342.4,185.2,123.7,48.6,1.5,6.46,42.2,112.7,12.01,15.2,8.04,169.4,Satisfactory,29.8125,79.625,1.9791666666666667,211.04166666666666,2.7,7,2,188
Delhi,2016-07-07,477.4,600.0,157.4,87.6,88.0,14.9,0.07,20.3,165.2,1.36,7.91,2.93,110.6,Severe,30.15833333333333,76.95833333333333,2.4154166666666668,145.29166666666666,1.3,7,3,189
Delhi,2016-07-08,170.2,134.5,52.3,100.9,220.9,3.5,1.8,12.4,151.0,18.61,24.34,0.07,230.4,Moderate,30.570833333333336,77.04166666666667,1.8195833333333333,158.83333333333334,3.4,7,4,190
Delhi,2016-07-09,343.1,94.4,57.2,105.3,151.3,36.6,1.77,43.6,6.5,2.04,19.79,5.76,208.4,Very Poor,30.34166666666667,76.95833333333333,2.1629166666666664,115.29166666666667,1.1,7,5,191
Delhi,2016-07-10,15.2,409.6,23.4,33.3,114.3,9.6,6.5,44.7,120.5,12.24,12.13,2.92,360.8,Moderate,30.912499999999998,76.16666666666667,1.6083333333333334,144.25,0.30000000000000004,7,6,192
Delhi,2016-07-11,261.3,584.7,24.0,67.4,121.5,15.2,2.91,8.7,33.9,13.25,28.93,3.07,141.1,Good,29.3,81.375,2.751666666666667,120.95833333333333,2.4,7,0,193
Delhi,2016-07-12,236.0,378.2,43.0,16.9,86.3,48.2,4.15,58.9,159.4,13.37,24.37,8.82,161.1,Satisfactory,28.945833333333336,82.58333333333333,2.9566666666666666,111.5,11.6,7,1,194
Delhi,2016-07-13,259.3,568.9,133.7,145.6,149.9,1.9,2.54,17.2,193.0,2.86,1.83,3.66,43.3,Satisfactory,29.349999999999998,80.75,2.2575,112.20833333333333,4.6000000000000005,7,2,195
Delhi,2016-07-14,129.8,484.9,157.4,136.2,123.3,41.1,6.02,49.5,94.5,6.06,26.11,3.94,278.9,Poor,28.891666666666666,86.08333333333333,1.3254166666666667,127.29166666666667,15.0,7,3,196
Delhi,2016-07-15,107.3,185.9,47.9,131.2,178.3,20.4,9.15,45.0,80.0,10.28,14.16,0.46,387.8,Moderate,27.95,89.29166666666667,1.6920833333333334,199.0,29.1,7,4,197
Delhi,2016-07-16,336.7,564.4,190.4,96.8,209.1,38.7,6.53,51.8,102.9,19.51,15.24,5.89,421.0,Very Poor,26.391666666666666,94.04166666666667,1.5679166666666664,123.625,55.7,7,5,198
Delhi,2016-07-17,58.0,522.7,73.7,85.1,83.8,9.1,3.32,18.5,125.7,18.79,12.98,9.63,29.2,Severe,25.895833333333332,93.95833333333333,1.83875,255.45833333333334,57.800000000000004,7,6,199
Delhi,2016-07-18,97.5,433.3,80.6,92.1,80.4,10.8,6.42,23.8,109.9,12.71,5.45,0.95,481.9,Satisfactory,28.058333333333334,85.04166666666667,1.95,249.83333333333334,6.7,7,0,200
Delhi,2016-07-19,383.8,372.8,170.4,5.9,83.8,12.1,0.77,58.9,131.6,15.18,3.13,8.37,46.2,Good,29.474999999999998,78.16666666666667,3.18625,277.2916666666667,2.5,7,1,201
Delhi,2016-07-20,447.1,18.8,179.6,31.5,45.7,31.3,6.45,52.8,3.7,15.07,8.2,1.15,169.2,Severe,30.570833333333336,71.5,3.125,267.8333333333333,0.0,7,2,202
Delhi,2016-07-21,487.3,18.4,25.7,96.3,176.0,4.9,2.05,50.4,176.5,11.17,25.59,1.12,322.3,Satisfactory,30.995833333333334,70.04166666666667,2.8341666666666665,243.41666666666666,0.39999999999999997,7,3,203
Delhi,2016-07-22,62.1,15.3,30.7,73.6,57.0,33.5,7.75,54.4,70.7,7.93,9.16,7.29,83.0,Moderate,30.7,73.45833333333333,1.5416666666666667,188.75,1.4,7,4,204
Delhi,2016-07-23,31.2,204.9,113.5,60.8,80.6,29.2,8.55,1.0,0.2,8.6,27.06,6.64,218.8,Severe,28.625,82.0,3.0375,109.70833333333333,3.6,7,5,205
Delhi,2016-07-24,457.7,36.5,119.7,109.1,219.0,8.9,7.4,64.4,127.6,14.77,10.38,9.61,140.1,Severe,28.72083333333333,82.5,1.6154166666666667,135.08333333333334,1.7,7,6,206
Delhi,2016-07-25,93.4,19.3,117.5,108.5,11.7,25.6,9.77,80.3,14.9,8.21,10.97,4.78,326.8,Severe,29.020833333333332,84.58333333333333,1.3654166666666667,140.91666666666666,10.8,7,0,207
Delhi,2016-07-26,28.7,3.4,27.5,148.0,32.7,16.6,1.2,16.1,117.0,17.29,20.66,8.19,401.6,Good,27.90833333333333,86.875,3.606666666666667,122.58333333333333,1.2,7,1,208
Delhi,2016-07-27,226.0,19.2,57.1,42.9,156.2,3.6,0.4,61.0,101.0,9.16,12.61,0.82,375.1,Good,27.104166666666668,86.54166666666667,3.4808333333333334,109.75,7.2,7,2,209
Delhi,2016-07-28,364.1,401.5,121.1,11.9,102.0,28.5,5.72,20.5,131.2,17.12,17.98,9.86,160.6,Moderate,26.55,89.25,2.220833333333333,87.75,20.299999999999997,7,3,210
Delhi,2016-07-29,2.7,188.4,80.6,63.2,7.0,0.1,7.99,19.8,126.1,16.65,6.21,5.08,10.5,Poor,25.72083333333333,93.83333333333333,2.066666666666667,108.45833333333333,17.0,7,4,211
Delhi,2016-07-30,22.8,347.2,91.0,9.7,212.8,36.1,0.97,44.8,60.2,16.63,2.75,7.95,107.3,Very Poor,26.433333333333334,89.58333333333333,1.98625,104.58333333333333,10.1,7,5,212
Delhi,2016-07-31,11.8,304.8,156.9,110.9,23.0,12.8,8.51,8.5,17.0,8.62,9.76,3.0,20.0,Poor,26.575,89.91666666666667,1.8570833333333334,81.91666666666667,8.5,7,6,213
Delhi,2016-08-01,76.5,63.5,78.0,45.7,136.3,45.2,0.12,17.6,113.5,5.33,7.11,6.31,436.6,Very Poor,26.758333333333336,88.91666666666667,2.9920833333333334,97.33333333333333,7.0,8,0,214
Delhi,2016-08-02,191.1,218.7,29.8,141.8,232.4,13.8,1.03,59.8,123.8,5.07,23.79,3.64,203.8,Severe,27.391666666666666,85.875,3.0220833333333332,104.25,6.6,8,1,215
Delhi,2016-08-03,28.2,579.6,140.9,23.4,219.4,4.9,8.87,28.5,194.4,16.08,23.73,6.51,265.9,Satisfactory,29.104166666666668,79.08333333333333,2.6579166666666665,96.875,0.1,8,2,216
Delhi,2016-08-04,62.6,41.3,38.4,78.2,226.1,25.1,3.3,67.0,12.4,11.25,7.94,4.25,433.2,Moderate,29.554166666666664,79.08333333333333,2.563333333333333,102.79166666666667,3.4,8,3,217
Delhi,2016-08-05,195.3,558.2,139.8,112.1,3.7,39.7,0.67,77.8,123.3,4.24,18.84,1.97,446.7,Severe,30.016666666666666,80.29166666666667,2.0929166666666665,108.58333333333333,2.5,8,4,218
Delhi,2016-08-06,392.6,323.6,93.2,84.8,62.6,25.9,9.32,13.9,117.3,3.4,22.51,4.2,437.2,Moderate,28.370833333333334,85.58333333333333,3.1916666666666664,77.29166666666667,1.6,8,5,219
Delhi,2016-08-07,101.3,587.9,192.2,104.5,82.0,6.9,8.5,9.0,78.5,12.45,24.25,6.43,342.2,Good,28.754166666666666,79.875,2.59875,80.20833333333333,3.0,8,6,220
Delhi,2016-08-08,215.4,66.5,117.8,8.3,60.3,5.8,6.73,51.2,24.9,0.49,5.79,9.18,476.6,Severe,28.9375,81.20833333333333,3.0379166666666664,84.83333333333333,1.6,8,0,221
Delhi,2016-08-09,357.6,189.5,11.1,7.8,217.2,10.4,3.23,25.2,39.9,15.3,25.65,5.51,278.5,Poor,27.795833333333334,84.79166666666667,3.2829166666666665,100.33333333333333,4.7,8,1,222
Delhi,2016-08-10,264.1,168.4,49.6,3.7,31.6,23.0,2.88,77.0,0.0,8.21,26.68,7.38,188.8,Very Poor,27.1125,88.5,3.25375,92.04166666666667,18.2,8,2,223
Delhi,2016-08-11,287.8,277.9,126.9,79.4,34.7,25.3,3.82,17.9,81.6,12.22,4.69,3.33,20.0,Poor,26.691666666666666,89.66666666666667,2.185,105.875,10.4,8,3,224
Delhi,2016-08-12,290.1,300.9,127.0,18.0,23.6,36.9,9.76,21.8,22.6,15.0,29.77,3.36,471.5,Severe,27.170833333333334,87.91666666666667,1.3204166666666668,128.5,9.7,8,4,225
Delhi,2016-08-13,110.1,514.6,60.5,17.5,60.9,30.4,3.59,38.4,135.7,10.14,21.64,5.6,95.7,Good,27.7375,88.16666666666667,0.8612500000000001,221.04166666666666,9.8,8,5,226
Delhi,2016-08-14,209.9,212.3,44.2,0.4,234.1,38.9,5.05,1.1,108.7,10.57,25.95,3.22,52.4,Good,27.608333333333334,89.29166666666667,1.6362500000000002,207.58333333333334,15.8,8,6,227
Delhi,2016-08-15,87.8,563.0,86.7,122.9,89.4,24.4,9.93,97.5,125.1,17.16,23.67,0.98,429.3,Good,28.90416666666667,79.95833333333333,2.9287500000000004,265.4166666666667,2.9,8,0,228
Delhi,2016-08-16,184.2,0.8,147.6,87.9,32.9,42.8,1.95,71.2,4.7,3.06,17.43,0.97,105.6,Satisfactory,29.3125,73.45833333333333,3.717083333333333,273.9166666666667,0.8,8,1,229
Delhi,2016-08-17,203.8,512.4,67.7,38.6,183.9,1.7,4.08,14.1,178.1,16.99,14.15,5.04,473.3,Good,27.958333333333332,76.75,1.9279166666666665,175.58333333333334,0.0,8,2,230
Delhi,2016-08-18,14.3,585.8,199.2,74.5,107.5,34.9,2.92,95.6,126.3,5.83,24.52,1.93,327.8,Severe,27.71666666666667,86.66666666666667,1.3008333333333333,131.95833333333334,2.9,8,3,231
Delhi,2016-08-19,15.1,311.2,155.8,14.6,124.5,18.2,9.91,69.5,155.4,19.56,23.1,5.82,136.4,Good,28.866666666666664,82.5,1.5779166666666666,172.125,1.4000000000000001,8,4,232
Delhi,2016-08-20,112.9,295.1,5.3,76.2,161.9,36.8,2.45,72.9,85.9,10.36,3.58,1.99,477.1,Moderate,28.525000000000002,81.33333333333333,3.592916666666667,96.5,4.1,8,5,233
Delhi,2016-08-21,350.2,309.1,141.7,12.0,30.1,22.7,9.75,3.5,180.8,2.82,7.13,8.87,468.0,Poor,27.9375,78.33333333333333,3.233333333333333,118.91666666666667,0.1,8,6,234
Delhi,2016-08-22,304.1,591.0,106.6,96.6,101.9,36.8,2.34,11.4,172.9,15.95,3.92,7.19,85.8,Severe,27.891666666666666,78.75,2.6370833333333334,110.08333333333333,0.0,8,0,235
Delhi,2016-08-23,118.5,267.6,36.8,73.1,148.5,32.9,9.66,1.3,171.7,10.32,13.47,9.32,350.8,Satisfactory,28.349999999999998,81.95833333333333,1.8937499999999998,108.0,1.0,8,1,236
Delhi,2016-08-24,336.7,442.9,19.6,37.5,144.5,37.8,5.3,55.3,127.2,17.26,24.61,0.27,192.7,Moderate,27.287499999999998,84.45833333333333,3.839166666666667,97.08333333333333,13.9,8,2,237
Delhi,2016-08-25,243.3,118.4,1.3,27.0,243.4,28.3,9.44,82.9,13.5,12.99,18.17,2.69,188.5,Moderate,28.3,84.875,2.0816666666666666,133.16666666666666,1.9000000000000001,8,3,238
Delhi,2016-08-26,222.8,5.5,101.9,134.7,186.8,39.0,5.33,52.0,6.2,14.69,15.52,4.14,298.3,Very Poor,28.833333333333332,82.95833333333333,1.2395833333333333,180.83333333333334,1.6,8,4,239
Delhi,2016-08-27,63.1,138.7,165.1,33.1,1.1,27.0,1.79,14.6,189.9,1.31,12.28,3.59,414.6,Poor,28.304166666666664,86.125,2.3004166666666666,77.125,7.8,8,5,240
Delhi,2016-08-28,217.4,572.1,84.4,82.6,245.7,39.3,8.26,67.2,19.5,14.77,12.59,3.98,256.2,Good,28.95,83.41666666666667,2.0716666666666668,153.29166666666666,3.0,8,6,241
Delhi,2016-08-29,394.4,582.9,149.3,69.7,89.7,0.4,0.57,56.0,159.1,7.13,1.59,0.89,495.1,Moderate,27.325,89.125,1.5366666666666668,205.83333333333334,11.4,8,0,242
Delhi,2016-08-30,485.5,57.5,100.7,39.2,27.3,7.1,6.56,29.5,158.0,0.82,21.11,9.61,100.1,Very Poor,26.95,88.33333333333333,0.9591666666666666,207.625,31.6,8,1,243
Delhi,2016-08-31,182.1,270.8,115.4,47.5,51.4,26.7,1.76,48.3,20.0,1.94,27.75,6.88,316.1,Moderate,26.59583333333333,90.45833333333333,1.7183333333333335,124.83333333333333,19.3,8,2,244
Delhi,2016-09-01,114.4,506.6,102.4,136.8,147.6,28.7,5.54,52.9,84.6,15.59,1.12,0.87,223.1,Very Poor,26.854166666666668,87.70833333333333,1.5379166666666668,188.91666666666666,8.8,9,3,245
Delhi,2016-09-02,30.8,35.0,18.8,139.6,215.1,8.6,6.99,99.8,31.7,18.38,10.25,9.2,197.8,Severe,28.041666666666668,80.625,3.00125,295.0416666666667,0.7,9,4,246
Delhi,2016-09-03,328.3,160.2,17.3,80.1,34.0,33.1,7.59,5.0,188.5,11.22,14.25,9.73,355.0,Satisfactory,28.020833333333332,75.0,4.225416666666667,280.9583333333333,0.30000000000000004,9,5,247
Delhi,2016-09-04,89.0,305.8,99.9,148.2,127.3,0.3,1.76,30.3,124.1,4.44,11.9,3.4,499.7,Poor,28.004166666666666,74.29166666666667,3.81875,269.0833333333333,0.2,9,6,248
Delhi,2016-09-05,356.8,43.4,103.2,148.4,5.9,17.4,4.7,65.2,26.3,1.66,5.58,0.58,74.7,Severe,27.804166666666664,72.54166666666667,4.0625,271.375,0.0,9,0,249
Delhi,2016-09-06,450.7,525.3,94.1,98.7,44.4,6.2,2.74,95.8,51.9,11.27,27.05,1.95,450.3,Moderate,28.1125,70.58333333333333,4.3029166666666665,271.0,0.0,9,1,250
Delhi,2016-09-07,92.9,445.5,130.5,124.0,16.9,38.7,4.78,27.3,68.2,15.78,18.95,3.65,205.8,Good,28.15416666666667,69.08333333333333,3.6199999999999997,272.0833333333333,0.0,9,2,251
Delhi,2016-09-08,331.7,515.6,177.1,44.3,151.5,17.5,9.36,73.6,16.4,11.32,27.83,5.04,70.6,Poor,28.3125,69.0,3.31625,279.4583333333333,0.1,9,3,252
Delhi,2016-09-09,215.9,371.7,195.4,58.9,237.8,45.2,2.04,68.5,124.0,15.21,26.23,2.74,63.2,Moderate,28.608333333333334,68.95833333333333,3.2670833333333333,271.75,0.0,9,4,253
Delhi,2016-09-10,387.1,136.9,22.5,99.8,2.3,25.0,2.61,84.8,53.9,3.21,21.58,4.75,277.1,Moderate,28.912499999999998,65.54166666666667,3.67,266.25,0.0,9,5,254
Delhi,2016-09-11,410.0,294.3,115.3,141.6,164.1,41.6,9.6,70.8,71.6,13.14,6.36,6.49,87.5,Moderate,28.870833333333334,64.41666666666667,3.2895833333333333,265.5833333333333,0.0,9,6,255
Delhi,2016-09-12,97.9,174.0,39.4,110.4,210.1,25.2,2.58,47.0,68.5,3.62,19.57,0.92,340.6,Poor,28.78333333333333,65.0,3.1174999999999997,265.5,0.0,9,0,256
Delhi,2016-09-13,336.0,161.4,169.8,20.8,181.9,20.5,8.91,48.7,146.7,5.51,18.56,7.12,204.1,Satisfactory,28.941666666666666,70.5,1.59875,184.20833333333334,0.0,9,1,257
Delhi,2016-09-14,266.3,284.5,102.4,123.5,188.7,13.1,7.71,41.2,141.8,18.49,2.01,9.32,85.9,Very Poor,27.849999999999998,78.16666666666667,1.7045833333333336,74.70833333333333,0.0,9,2,258
Delhi,2016-09-15,175.4,483.0,184.6,51.6,7.9,36.3,0.12,14.5,0.4,12.5,2.29,5.78,341.5,Poor,28.65416666666667,74.79166666666667,1.2383333333333333,241.95833333333334,0.0,9,3,259
Delhi,2016-09-16,316.5,478.1,57.7,36.4,86.9,40.5,1.71,98.9,80.7,18.28,7.9,6.5,216.2,Moderate,28.95,72.625,1.4120833333333334,181.66666666666666,0.0,9,4,260
Delhi,2016-09-17,244.1,292.7,18.6,31.7,166.3,39.1,5.08,32.8,76.8,1.05,6.89,3.88,161.3,Good,28.712500000000002,72.33333333333333,1.1116666666666666,166.875,0.0,9,5,261
Delhi,2016-09-18,20.3,227.4,114.2,30.5,125.8,46.3,0.48,50.1,170.9,6.15,14.22,5.19,157.1,Poor,28.695833333333336,75.875,1.9408333333333332,111.25,0.0,9,6,262
Delhi,2016-09-19,135.9,334.6,105.1,113.6,165.7,39.1,5.49,1.4,39.8,16.15,2.32,4.44,467.2,Very Poor,29.0625,73.33333333333333,1.0695833333333333,184.04166666666666,0.0,9,0,263
Delhi,2016-09-20,44.7,426.3,53.7,139.2,14.9,49.2,1.35,67.0,108.2,2.47,1.8,4.53,391.6,Poor,30.02916666666667,66.08333333333333,1.4158333333333333,156.16666666666666,0.0,9,1,264
Delhi,2016-09-21,272.9,203.8,117.5,78.3,150.2,43.9,7.06,21.5,166.8,16.76,17.52,4.87,195.4,Moderate,29.587500000000002,72.54166666666667,2.92,104.33333333333333,0.0,9,2,265
Delhi,2016-09-22,394.7,151.0,73.1,137.7,30.4,29.1,8.02,19.6,171.1,4.41,18.98,7.72,47.7,Very Poor,26.787499999999998,83.75,3.589166666666667,105.29166666666667,3.2,9,3,266
Delhi,2016-09-23,153.9,165.4,78.7,102.2,157.2,43.2,2.35,62.9,18.6,3.3,28.4,4.43,37.6,Satisfactory,27.28333333333333,77.54166666666667,1.3595833333333334,99.125,0.0,9,4,267
Delhi,2016-09-24,198.0,474.8,5.6,85.2,171.6,7.4,2.9,65.1,155.0,13.95,25.78,2.24,22.6,Severe,27.995833333333334,77.75,1.7370833333333333,118.45833333333333,1.9,9,5,268
Delhi,2016-09-25,205.8,182.7,137.9,45.0,13.9,31.0,4.76,12.6,7.5,7.74,15.63,3.62,18.5,Good,27.587500000000002,75.83333333333333,1.6233333333333333,121.625,0.1,9,6,269
Delhi,2016-09-26,445.0,373.7,169.4,41.1,199.8,2.9,8.11,95.1,148.6,18.53,25.28,1.8,70.8,Good,28.079166666666666,75.375,1.6824999999999999,149.54166666666666,0.1,9,0,270
Delhi,2016-09-27,339.6,31.2,49.0,36.3,178.8,9.4,5.14,9.7,103.5,19.65,4.55,8.01,213.9,Moderate,28.3875,74.375,1.80375,156.08333333333334,0.0,9,1,271
Delhi,2016-09-28,138.9,267.9,191.4,119.5,45.7,41.0,4.94,52.2,169.0,4.6,18.44,0.6,319.6,Moderate,29.05,69.79166666666667,1.5199999999999998,171.20833333333334,0.0,9,2,272
Delhi,2016-09-29,322.2,21.3,5.4,46.3,34.7,29.1,8.34,51.6,154.8,18.36,6.97,5.0,86.8,Satisfactory,28.958333333333332,73.875,1.6729166666666666,113.04166666666667,0.0,9,3,273
Delhi,2016-09-30,285.6,493.7,152.7,32.0,58.6,16.8,5.27,67.9,144.3,16.95,29.05,2.7,342.1,Very Poor,29.079166666666666,71.33333333333333,1.1145833333333333,142.58333333333334,0.0,9,4,274
Delhi,2016-10-01,188.0,595.2,121.5,56.5,211.8,11.7,9.04,88.8,167.3,11.88,17.01,9.57,379.4,Severe,29.754166666666666,70.25,1.5208333333333333,131.0,0.1,10,5,275
Delhi,2016-10-02,270.2,564.9,95.1,32.2,201.6,49.2,5.57,8.7,25.1,16.97,15.72,0.29,438.6,Severe,29.645833333333332,73.66666666666667,1.5529166666666667,90.41666666666667,0.9,10,6,276
Delhi,2016-10-03,49.5,299.2,166.0,139.7,248.5,11.6,0.63,39.5,81.7,6.32,13.02,5.89,475.7,Poor,29.09166666666667,77.75,1.3724999999999998,129.375,5.7,10,0,277
Delhi,2016-10-04,383.2,251.9,65.5,87.0,140.9,7.0,7.5,32.7,5.5,8.19,15.07,4.89,391.1,Very Poor,28.991666666666664,77.375,1.13875,151.08333333333334,0.3,10,1,278
Delhi,2016-10-05,185.2,7.8,104.9,142.6,111.1,46.8,5.07,25.5,194.6,16.21,7.77,9.73,130.9,Severe,27.791666666666668,81.54166666666667,1.2379166666666668,122.33333333333333,5.5,10,2,279
Delhi,2016-10-06,322.2,240.7,4.2,143.1,245.2,28.6,1.24,46.2,105.7,17.26,25.95,9.47,172.8,Poor,28.099999999999998,77.58333333333333,1.2075,157.75,0.0,10,3,280
Delhi,2016-10-07,320.4,466.4,87.3,25.8,157.2,38.4,5.93,68.1,16.3,2.79,25.74,7.68,458.8,Severe,28.433333333333334,72.33333333333333,1.7699999999999998,248.25,0.0,10,4,281
Delhi,2016-10-08,269.2,313.6,97.5,100.6,193.2,12.7,7.6,14.8,60.3,2.13,4.63,0.79,168.7,Satisfactory,28.2625,65.25,2.0841666666666665,275.9583333333333,0.0,10,5,282
Delhi,2016-10-09,217.1,242.5,91.7,75.5,219.3,39.6,6.05,12.0,105.0,2.23,12.68,0.13,381.2,Poor,28.045833333333334,63.0,1.5416666666666667,226.375,0.0,10,6,283
Delhi,2016-10-10,369.7,52.5,183.0,130.7,153.2,40.2,4.73,14.8,149.9,7.79,24.1,0.91,181.0,Poor,27.5125,55.375,1.9945833333333332,266.2083333333333,0.0,10,0,284
Delhi,2016-10-11,65.7,127.1,94.4,32.9,89.9,24.9,0.6,12.7,46.4,19.77,17.3,4.58,38.7,Moderate,26.641666666666666,51.041666666666664,2.50875,296.625,0.0,10,1,285
Delhi,2016-10-12,159.6,44.3,29.6,14.0,96.3,13.1,3.86,37.1,85.9,7.45,22.62,0.84,215.4,Poor,26.675,48.416666666666664,2.7691666666666666,295.375,0.0,10,2,286
Delhi,2016-10-13,124.0,366.5,149.2,60.9,134.0,27.9,3.75,58.4,39.8,9.31,11.49,5.95,15.6,Severe,26.15416666666667,46.75,2.7120833333333336,282.25,0.0,10,3,287
Delhi,2016-10-14,209.5,573.8,83.4,100.9,200.7,37.8,0.64,73.8,83.0,2.56,8.56,6.65,230.2,Very Poor,25.5,46.75,1.9804166666666667,262.875,0.0,10,4,288
Delhi,2016-10-15,97.2,296.6,54.4,35.3,93.3,43.6,5.49,61.3,59.3,11.36,12.06,8.27,208.4,Good,25.541666666666668,51.166666666666664,2.1679166666666667,297.5833333333333,0.0,10,5,289
Delhi,2016-10-16,44.1,518.3,33.6,46.5,19.3,39.2,6.23,40.2,172.6,14.16,23.67,9.11,358.3,Moderate,25.7625,50.125,1.9854166666666666,225.75,0.0,10,6,290
Delhi,2016-10-17,442.0,233.7,25.9,25.7,166.9,38.0,3.34,73.3,15.6,16.22,4.93,8.7,326.9,Severe,25.7375,51.25,2.0366666666666666,286.2083333333333,0.0,10,0,291
Delhi,2016-10-18,3.4,183.1,129.5,76.4,89.9,33.9,0.78,42.9,138.7,4.91,1.48,1.38,180.8,Moderate,24.979166666666668,50.666666666666664,1.9266666666666667,263.4166666666667,0.0,10,1,292
Delhi,2016-10-19,250.4,508.4,159.5,17.9,65.6,16.8,4.73,77.2,43.5,18.74,9.38,5.26,209.3,Satisfactory,25.087500000000002,52.875,1.81375,245.41666666666666,0.0,10,2,293
Delhi,2016-10-20,363.9,493.6,70.9,97.8,129.1,8.4,8.45,54.6,38.9,11.28,10.57,0.28,45.7,Severe,25.412499999999998,43.125,2.4533333333333336,242.33333333333334,0.0,10,3,294
Delhi,2016-10-21,136.7,193.6,77.1,85.2,114.9,6.5,1.19,45.8,149.9,13.58,10.07,6.45,276.9,Moderate,25.633333333333336,44.333333333333336,2.7937499999999997,282.125,0.0,10,4,295
Delhi,2016-10-22,256.6,598.3,59.7,88.1,56.9,50.0,7.85,80.5,109.3,8.64,19.39,9.02,294.8,Satisfactory,25.71666666666667,47.0,2.99875,289.4166666666667,0.0,10,5,296
Delhi,2016-10-23,34.4,288.3,68.0,54.4,110.7,48.9,6.99,71.7,185.5,7.66,10.43,1.75,394.2,Good,25.162499999999998,49.583333333333336,3.1595833333333334,296.2083333333333,0.0,10,6,297
Delhi,2016-10-24,304.6,388.5,133.7,5.4,209.5,23.6,5.97,65.5,190.1,12.58,0.35,4.55,465.6,Good,25.083333333333332,49.916666666666664,2.555,288.5833333333333,0.0,10,0,298
Delhi,2016-10-25,254.1,119.2,17.8,37.5,249.3,4.2,1.35,76.3,36.2,8.8,22.81,3.2,485.0,Poor,25.09583333333333,50.958333333333336,2.57625,240.29166666666666,0.0,10,1,299
Delhi,2016-10-26,122.1,592.5,103.3,142.3,39.7,34.8,2.8,11.7,175.1,5.65,18.17,5.98,321.0,Severe,24.84166666666667,56.125,1.9508333333333334,239.08333333333334,0.0,10,2,300
Delhi,2016-10-27,480.7,483.6,196.8,119.8,177.3,32.2,7.13,39.8,72.5,3.44,6.9,7.83,292.0,Satisfactory,24.004166666666666,52.666666666666664,2.6999999999999997,324.1666666666667,0.0,10,3,301
Delhi,2016-10-28,261.7,179.7,189.9,96.2,56.7,31.7,8.57,88.8,61.3,16.03,29.49,7.27,350.2,Poor,23.52916666666667,49.666666666666664,2.2104166666666667,279.125,0.0,10,4,302
Delhi,2016-10-29,320.4,458.8,92.0,96.2,53.2,46.3,4.09,33.1,20.4,9.52,17.14,3.39,124.6,Good,23.620833333333334,51.875,1.5625,126.875,0.0,10,5,303
Delhi,2016-10-30,461.0,456.6,66.3,125.5,76.7,38.8,1.57,34.5,82.8,9.67,13.2,0.56,40.1,Good,23.175,62.291666666666664,1.5845833333333335,84.45833333333333,0.0,10,6,304
Delhi,2016-10-31,444.5,572.3,88.9,91.5,233.2,34.3,8.84,23.2,49.7,0.07,28.58,5.14,218.0,Severe,23.508333333333336,62.666666666666664,1.25875,121.95833333333333,0.0,10,0,305
Delhi,2016-11-01,242.1,189.9,100.4,58.0,112.8,20.1,8.08,86.4,35.5,12.87,23.72,0.51,2.5,Severe,22.558333333333334,64.375,1.4104166666666667,274.0,0.0,11,1,306
Delhi,2016-11-02,60.3,149.5,109.8,142.2,166.6,32.5,5.84,57.7,188.6,8.12,20.98,1.33,475.5,Very Poor,23.141666666666666,63.375,1.4529166666666666,298.5,0.0,11,2,307
Delhi,2016-11-03,182.4,166.2,22.0,42.0,3.5,44.5,5.38,88.5,101.1,2.26,24.8,3.14,110.6,Very Poor,22.925,63.333333333333336,1.4658333333333333,292.0,0.0,11,3,308
Delhi,2016-11-04,13.2,441.2,75.6,99.8,160.9,16.5,7.45,41.7,181.4,12.23,1.21,1.78,463.6,Severe,22.516666666666666,63.5,1.88,300.125,0.0,11,4,309
Delhi,2016-11-05,125.5,289.7,23.3,77.6,216.8,4.7,7.49,23.0,118.8,11.62,11.77,7.41,473.5,Severe,22.420833333333334,62.541666666666664,2.362083333333333,298.7916666666667,0.0,11,5,310
Delhi,2016-11-06,87.6,350.9,52.9,28.7,187.4,5.8,5.8,15.2,104.7,2.27,9.62,3.03,373.7,Good,22.045833333333334,60.208333333333336,1.9416666666666667,263.625,0.0,11,6,311
Delhi,2016-11-07,360.4,271.6,73.5,12.1,170.9,6.1,1.89,30.1,26.7,4.73,1.64,0.27,320.6,Satisfactory,21.90416666666667,57.291666666666664,2.7258333333333336,297.9166666666667,0.0,11,0,312
Delhi,2016-11-08,191.2,103.9,195.0,17.2,135.7,22.7,4.45,95.1,59.0,11.38,27.17,8.8,356.9,Moderate,22.083333333333332,50.333333333333336,3.6245833333333333,294.25,0.0,11,1,313
Delhi,2016-11-09,184.0,489.0,170.7,20.9,84.1,30.4,3.31,94.3,7.6,5.57,5.41,0.56,167.8,Very Poor,21.370833333333334,52.416666666666664,2.6491666666666664,297.25,0.0,11,2,314
Delhi,2016-11-10,289.4,7.7,108.1,92.4,38.1,22.4,0.47,32.3,121.1,1.78,1.02,2.09,286.2,Satisfactory,20.675,59.875,1.8995833333333332,218.375,0.0,11,3,315
Delhi,2016-11-11,413.8,490.5,4.4,147.8,11.6,0.5,7.02,25.8,95.2,16.72,25.8,8.8,438.3,Severe,20.695833333333333,64.875,2.08625,112.25,0.0,11,4,316
Delhi,2016-11-12,368.6,83.6,182.3,56.1,226.9,35.7,9.84,69.4,6.1,13.68,23.47,2.1,264.8,Satisfactory,21.333333333333332,61.041666666666664,2.0837499999999998,129.58333333333334,0.0,11,5,317
Delhi,2016-11-13,37.6,16.8,58.0,100.8,200.7,33.8,2.1,97.3,139.2,4.52,18.62,3.92,85.7,Good,21.900000000000002,59.041666666666664,1.5570833333333332,111.58333333333333,0.0,11,6,318
Delhi,2016-11-14,292.7,478.5,10.8,103.8,149.2,1.7,4.41,72.0,40.5,4.65,13.28,0.95,327.9,Satisfactory,21.729166666666668,60.75,1.4412500000000001,170.25,0.0,11,0,319
Delhi,2016-11-15,95.3,191.1,58.2,135.5,1.0,34.8,1.51,3.0,59.2,3.25,6.29,7.38,295.3,Good,21.108333333333334,52.25,1.8387499999999999,326.6666666666667,0.0,11,1,320
Delhi,2016-11-16,452.4,236.2,17.3,27.0,64.2,34.6,6.71,75.1,44.4,6.36,6.53,1.82,202.5,Severe,19.766666666666666,53.458333333333336,2.3866666666666667,309.625,0.0,11,2,321
Delhi,2016-11-17,353.8,441.6,151.5,125.3,7.1,48.3,8.81,83.1,61.2,14.44,15.07,8.89,164.1,Good,19.704166666666666,51.458333333333336,3.43625,294.9583333333333,0.0,11,3,322
Delhi,2016-11-18,222.6,9.1,55.8,26.5,246.7,32.2,3.82,72.6,123.1,0.83,25.26,9.04,335.2,Severe,19.729166666666668,56.458333333333336,2.8387499999999997,287.2916666666667,0.0,11,4,323
Delhi,2016-11-19,394.3,223.0,36.8,145.8,37.1,26.3,7.97,6.9,58.0,12.67,18.05,3.52,444.4,Moderate,19.241666666666667,59.875,1.8191666666666666,244.91666666666666,0.0,11,5,324
Delhi,2016-11-20,233.1,550.8,29.6,34.9,219.5,9.5,2.01,5.4,150.8,0.83,3.65,9.7,278.1,Severe,19.570833333333333,62.791666666666664,1.75125,124.375,0.0,11,6,325
Delhi,2016-11-21,1.0,252.7,87.8,16.6,222.2,49.1,2.34,10.7,36.8,8.16,0.6,2.68,396.8,Poor,20.095833333333335,61.083333333333336,2.021666666666667,212.375,0.0,11,0,326
Delhi,2016-11-22,186.7,522.4,24.3,14.3,120.7,20.0,0.17,31.5,178.0,5.65,29.01,1.13,91.8,Poor,20.283333333333335,54.416666666666664,2.7433333333333336,284.4583333333333,0.0,11,1,327
Delhi,2016-11-23,174.6,139.0,144.8,83.5,154.7,28.9,8.54,64.6,160.5,16.62,21.28,5.52,1.9,Moderate,20.375,59.125,2.856666666666667,289.6666666666667,0.0,11,2,328
Delhi,2016-11-24,431.5,597.2,112.7,29.5,93.0,47.5,2.82,47.3,106.7,10.47,2.01,6.3,271.7,Severe,19.7,57.25,2.90375,306.0416666666667,0.0,11,3,329
Delhi,2016-11-25,491.7,242.3,166.0,29.7,97.0,16.0,3.93,84.1,138.3,0.4,1.76,1.86,416.1,Satisfactory,21.004166666666666,44.0,4.974583333333333,300.375,0.0,11,4,330
Delhi,2016-11-26,123.7,284.6,38.6,84.6,63.6,30.3,8.41,67.1,182.9,3.61,4.43,2.72,334.8,Satisfactory,21.691666666666666,39.291666666666664,4.6812499999999995,296.2083333333333,0.0,11,5,331
Delhi,2016-11-27,184.5,573.8,147.0,34.4,191.9,1.1,5.43,56.6,175.6,0.41,24.56,4.56,422.9,Severe,21.129166666666666,42.75,3.99,295.3333333333333,0.0,11,6,332
Delhi,2016-11-28,257.4,82.0,151.2,133.0,176.5,28.5,9.79,87.6,128.1,11.73,28.76,9.37,61.7,Moderate,20.558333333333334,41.791666666666664,3.5258333333333334,298.5,0.0,11,0,333
Delhi,2016-11-29,481.8,227.4,98.6,9.5,16.7,1.2,8.96,39.8,10.2,9.27,8.0,9.41,50.8,Satisfactory,18.370833333333334,57.041666666666664,1.4995833333333335,182.875,0.0,11,1,334
Delhi,2016-11-30,384.5,202.1,134.4,114.5,185.3,41.4,8.39,2.4,175.4,5.26,28.18,8.01,422.7,Moderate,18.754166666666666,72.58333333333333,2.1704166666666667,111.79166666666667,0.0,11,2,335
Delhi,2016-12-01,465.8,13.6,112.5,144.4,244.5,10.0,0.26,54.8,159.4,15.64,11.3,8.06,295.8,Poor,19.566666666666666,75.875,1.5441666666666667,159.91666666666666,0.0,12,3,336
Delhi,2016-12-02,141.8,528.2,196.8,78.8,31.5,22.1,3.18,37.4,138.3,13.07,20.37,0.64,285.3,Good,18.895833333333332,72.54166666666667,1.6979166666666667,300.8333333333333,0.0,12,4,337
Delhi,2016-12-03,350.4,423.9,134.4,97.7,178.8,13.2,0.54,82.7,173.7,14.42,15.49,7.76,230.7,Very Poor,17.891666666666666,63.208333333333336,1.7816666666666665,281.2083333333333,0.0,12,5,338
Delhi,2016-12-04,439.6,35.7,55.3,134.7,163.2,20.6,4.66,69.8,158.6,13.36,9.34,4.93,337.0,Moderate,17.425,61.333333333333336,2.078333333333333,289.4166666666667,0.0,12,6,339
Delhi,2016-12-05,34.5,508.3,65.8,93.3,6.9,22.2,5.25,83.0,23.4,4.89,28.56,0.3,491.5,Very Poor,17.670833333333334,65.125,2.2937499999999997,290.2083333333333,0.0,12,0,340
Delhi,2016-12-06,41.9,397.8,9.4,148.9,117.1,24.7,7.15,98.8,85.5,19.04,27.52,4.21,246.3,Satisfactory,17.845833333333335,69.33333333333333,1.5479166666666666,226.70833333333334,0.0,12,1,341
Delhi,2016-12-07,142.0,220.0,23.0,23.5,20.2,3.4,3.83,34.7,94.1,12.47,3.65,8.09,160.8,Poor,17.95,72.91666666666667,1.2483333333333333,224.375,0.0,12,2,342
Delhi,2016-12-08,470.1,307.5,133.9,89.9,141.1,2.6,6.59,9.1,59.1,14.04,18.66,0.18,130.1,Poor,17.541666666666668,74.625,0.9666666666666667,199.33333333333334,0.0,12,3,343
Delhi,2016-12-09,241.9,361.2,182.7,133.2,190.2,6.2,9.7,29.9,185.1,2.35,6.46,4.14,74.1,Satisfactory,18.020833333333332,71.83333333333333,1.1091666666666666,228.16666666666666,0.0,12,4,344
Delhi,2016-12-10,269.5,12.2,31.3,97.0,219.5,32.8,0.98,56.6,141.3,0.36,12.87,0.23,27.3,Good,18.4375,74.16666666666667,2.1566666666666667,153.875,0.0,12,5,345
Delhi,2016-12-11,119.0,52.3,73.5,56.6,203.8,42.6,4.97,94.7,126.9,10.71,23.07,4.73,365.9,Very Poor,18.966666666666665,71.625,1.5579166666666666,221.625,0.0,12,6,346
Delhi,2016-12-12,395.5,188.3,172.2,21.9,34.2,46.3,3.93,29.4,74.2,1.23,6.9,9.51,393.1,Moderate,18.383333333333333,69.0,2.0229166666666667,307.875,0.0,12,0,347
Delhi,2016-12-13,364.1,180.9,146.3,6.9,58.6,47.1,1.18,82.1,142.5,6.33,18.52,3.19,97.1,Very Poor,17.891666666666666,72.16666666666667,2.1808333333333336,311.7916666666667,0.0,12,1,348
Delhi,2016-12-14,293.7,574.7,78.5,10.5,22.1,12.3,0.42,97.5,19.9,2.55,9.08,5.16,126.9,Satisfactory,17.029166666666665,69.95833333333333,2.620833333333333,308.25,0.0,12,2,349
Delhi,2016-12-15,499.0,370.0,79.4,69.1,248.2,38.1,6.16,77.0,191.8,12.59,25.98,9.9,392.8,Good,16.0125,62.416666666666664,3.252916666666667,289.7916666666667,0.0,12,3,350
Delhi,2016-12-16,335.3,27.4,146.3,19.5,164.9,2.9,9.38,1.8,142.4,0.15,25.28,2.43,434.5,Moderate,15.0375,65.79166666666667,2.1508333333333334,308.5416666666667,0.0,12,4,351
Delhi,2016-12-17,372.8,33.1,73.2,99.8,96.5,22.3,4.22,37.3,112.0,4.62,0.41,7.71,201.0,Very Poor,14.975,67.08333333333333,2.200416666666667,306.25,0.0,12,5,352
Delhi,2016-12-18,451.1,366.8,157.3,32.9,95.9,11.3,9.37,18.7,2.7,18.71,18.15,0.33,182.5,Very Poor,14.700000000000001,64.66666666666667,2.3658333333333332,303.75,0.0,12,6,353
Delhi,2016-12-19,205.0,121.5,97.0,30.2,50.8,5.8,0.85,42.5,31.7,16.89,17.18,7.83,399.7,Very Poor,14.966666666666667,63.916666666666664,3.0991666666666666,296.1666666666667,0.0,12,0,354
Delhi,2016-12-20,244.8,448.9,143.7,107.7,92.1,11.1,3.38,32.0,132.5,6.24,20.53,0.25,399.6,Poor,16.929166666666667,57.375,4.71,292.5833333333333,0.0,12,1,355
Delhi,2016-12-21,434.0,85.8,33.2,135.0,24.2,33.7,3.05,57.8,79.3,16.16,8.85,8.74,363.6,Satisfactory,16.954166666666666,52.625,4.0408333333333335,288.1666666666667,0.0,12,2,356
Delhi,2016-12-22,44.0,112.9,20.2,4.5,137.8,44.3,9.79,65.8,193.6,6.41,24.76,9.65,292.7,Moderate,15.791666666666666,62.416666666666664,2.0229166666666667,256.6666666666667,0.0,12,3,357
Delhi,2016-12-23,394.4,237.5,162.2,106.7,195.1,18.0,4.44,50.3,28.2,12.03,2.77,2.02,22.1,Poor,16.400000000000002,68.91666666666667,0.9179166666666667,164.04166666666666,0.0,12,4,358
Delhi,2016-12-24,263.9,474.8,91.1,119.7,55.0,11.0,0.83,27.7,137.1,7.4,16.67,9.32,470.4,Severe,15.858333333333334,72.95833333333333,2.6133333333333333,121.91666666666667,0.0,12,5,359
Delhi,2016-12-25,412.3,358.9,194.6,69.1,26.3,29.5,2.9,23.2,185.6,12.47,4.15,9.5,246.0,Moderate,15.983333333333334,78.5,2.6941666666666664,213.45833333333334,0.0,12,6,360
Delhi,2016-12-26,107.7,13.9,164.3,61.4,190.6,5.0,8.91,93.1,3.6,16.8,11.72,4.03,450.1,Good,15.770833333333334,73.375,3.122916666666667,303.4583333333333,0.0,12,0,361
Delhi,2016-12-27,493.9,552.6,21.0,89.3,129.1,32.9,3.33,81.7,2.8,1.28,19.57,7.46,409.4,Moderate,15.295833333333334,63.666666666666664,2.8070833333333334,297.875,0.0,12,1,362
Delhi,2016-12-28,264.9,565.0,166.2,124.4,130.1,15.1,6.14,43.9,177.8,17.12,14.4,7.15,405.9,Very Poor,15.375,69.75,1.8383333333333332,262.5,0.0,12,2,363
Delhi,2016-12-29,18.9,383.2,194.6,86.6,49.7,15.3,5.85,97.2,56.3,11.79,23.19,3.32,210.9,Poor,15.508333333333333,76.0,2.3575,120.875,0.0,12,3,364
Delhi,2016-12-30,406.9,378.9,171.6,4.3,170.8,22.7,4.92,18.2,12.4,16.82,14.04,4.66,33.9,Severe,15.733333333333334,80.04166666666667,2.497916666666667,117.54166666666667,0.0,12,4,365
Delhi,2016-12-31,409.4,57.6,166.3,129.3,227.7,23.0,2.96,49.3,129.9,17.35,3.54,8.07,474.9,Satisfactory,15.35,79.33333333333333,2.625,124.83333333333333,0.0,12,5,366
Delhi,2017-01-01,408.0,259.0,11.0,92.9,164.3,26.7,1.59,27.9,15.7,18.68,28.02,7.64,168.1,Poor,15.745833333333332,79.41666666666667,2.3825,99.79166666666667,0.0,1,6,1
Delhi,2017-01-02,264.7,170.7,146.2,106.7,55.9,43.1,5.2,66.1,32.4,19.38,17.24,4.33,148.1,Satisfactory,15.554166666666667,81.79166666666667,1.8170833333333334,144.08333333333334,0.0,1,0,2
Delhi,2017-01-03,73.4,101.2,64.0,141.8,109.0,2.3,2.24,94.6,29.3,12.3,9.98,8.96,252.3,Severe,16.133333333333333,74.95833333333333,1.42,239.54166666666666,0.0,1,1,3
Delhi,2017-01-04,247.6,15.9,37.8,56.4,233.5,35.6,4.12,27.2,51.0,11.17,24.95,2.18,349.4,Good,16.245833333333334,78.08333333333333,1.3045833333333332,204.375,0.0,1,2,4
Delhi,2017-01-05,211.2,363.8,36.2,104.9,144.1,8.8,8.95,85.0,193.4,7.38,23.25,4.5,334.2,Good,16.75,77.75,1.5512499999999998,200.79166666666666,0.0,1,3,5
Delhi,2017-01-06,82.7,541.7,16.7,105.9,197.9,47.5,4.81,13.6,68.2,9.98,3.64,9.48,273.1,Good,16.541666666666668,78.20833333333333,3.049583333333333,129.125,1.6,1,4,6
Delhi,2017-01-07,0.7,317.3,141.5,33.8,122.1,30.6,1.24,53.1,15.9,17.71,11.73,2.94,78.0,Very Poor,14.5875,87.75,3.282916666666667,122.20833333333333,6.9,1,5,7
Delhi,2017-01-08,459.2,154.3,137.0,131.9,95.5,17.6,6.6,21.6,168.9,11.9,19.5,7.94,446.1,Very Poor,13.637500000000001,80.41666666666667,2.0683333333333334,150.29166666666666,0.1,1,6,8
Delhi,2017-01-09,232.7,574.4,136.4,57.2,236.3,27.7,8.69,5.7,93.8,6.72,25.99,3.95,80.6,Severe,12.975,72.58333333333333,2.68375,276.4583333333333,0.0,1,0,9
Delhi,2017-01-10,339.8,296.6,164.8,95.6,111.5,16.1,2.22,74.2,190.8,0.55,6.5,0.01,494.8,Good,10.933333333333332,63.625,2.9479166666666665,306.375,0.0,1,1,10
Delhi,2017-01-11,417.9,182.9,120.5,116.3,54.6,48.2,8.41,19.9,29.2,8.21,27.81,9.95,167.5,Moderate,9.645833333333334,61.958333333333336,3.03,299.125,0.0,1,2,11
Delhi,2017-01-12,121.4,82.6,65.6,39.0,207.5,26.6,1.82,30.1,198.7,10.95,6.48,9.72,190.3,Very Poor,10.137500000000001,68.41666666666667,2.4412499999999997,309.0833333333333,0.0,1,3,12
Delhi,2017-01-13,209.4,93.2,78.7,108.8,89.3,0.8,6.28,26.4,106.2,5.91,4.71,8.32,156.1,Satisfactory,10.424999999999999,69.95833333333333,2.4466666666666668,320.2916666666667,0.0,1,4,13
Delhi,2017-01-14,48.1,581.0,79.1,140.6,155.0,22.4,5.2,54.4,194.4,13.55,13.34,2.29,115.4,Very Poor,11.079166666666666,69.58333333333333,1.9554166666666666,316.2916666666667,0.0,1,5,14
Delhi,2017-01-15,343.4,97.7,159.9,141.9,48.6,25.9,9.31,56.0,96.4,8.93,9.5,5.54,325.1,Very Poor,13.741666666666667,66.16666666666667,1.8383333333333336,204.91666666666666,0.2,1,6,15
Delhi,2017-01-16,252.0,87.5,50.0,97.9,66.4,43.9,2.26,76.6,56.6,2.13,14.95,1.75,44.1,Good,14.279166666666667,66.75,2.9033333333333338,253.08333333333334,0.0,1,0,16
Delhi,2017-01-17,108.9,183.3,60.3,27.1,168.4,12.6,6.64,21.9,116.8,1.26,29.2,1.21,359.3,Very Poor,10.670833333333334,77.5,2.555,307.125,0.0,1,1,17
Delhi,2017-01-18,97.0,382.8,25.3,37.4,49.2,10.2,7.68,93.8,155.8,2.3,29.76,8.18,454.1,Severe,11.549999999999999,75.04166666666667,2.415,333.4166666666667,0.0,1,2,18
Delhi,2017-01-19,253.0,366.3,119.8,53.9,18.0,23.3,7.48,92.3,12.4,12.67,4.5,6.62,12.7,Poor,13.0,68.375,3.7070833333333333,320.9166666666667,0.0,1,3,19
Delhi,2017-01-20,483.1,25.1,120.0,18.2,163.2,5.4,7.76,70.8,103.3,3.29,21.76,4.19,26.7,Satisfactory,12.012500000000001,70.58333333333333,3.2891666666666666,298.375,0.0,1,4,20
Delhi,2017-01-21,237.6,557.7,120.1,131.9,100.1,42.6,1.87,42.0,122.7,4.21,28.88,8.49,322.5,Satisfactory,13.191666666666668,68.625,2.4499999999999997,298.0,0.1,1,5,21
Delhi,2017-01-22,491.1,311.8,77.6,21.3,25.2,25.9,3.16,23.2,124.3,13.05,5.91,2.88,69.1,Very Poor,15.625,75.08333333333333,2.255,327.25,0.0,1,6,22
Delhi,2017-01-23,55.9,553.6,0.6,97.8,0.3,2.1,1.66,40.8,128.5,2.78,13.17,5.55,424.7,Moderate,16.058333333333334,72.375,2.5745833333333334,316.3333333333333,0.0,1,0,23
Delhi,2017-01-24,71.8,84.9,94.2,81.8,89.0,21.7,5.33,50.5,38.3,17.66,22.4,0.97,334.8,Severe,16.604166666666668,71.79166666666667,1.8445833333333332,195.83333333333334,0.0,1,1,24
Delhi,2017-01-25,338.1,204.2,62.5,104.3,209.7,12.9,6.23,29.0,143.2,8.04,20.12,7.94,124.7,Very Poor,18.320833333333333,75.625,3.4883333333333333,118.625,5.0,1,2,25
Delhi,2017-01-26,384.6,255.9,197.4,16.0,183.4,1.9,2.24,11.1,105.9,12.18,22.61,0.11,36.8,Good,16.070833333333333,91.08333333333333,2.9745833333333334,119.66666666666667,34.5,1,3,26
Delhi,2017-01-27,328.8,311.3,58.7,83.5,202.4,2.5,0.98,13.2,181.9,19.02,5.64,9.26,379.7,Very Poor,15.020833333333334,81.79166666666667,3.3920833333333333,275.375,0.8,1,4,27
Delhi,2017-01-28,132.9,259.4,130.1,37.7,65.4,26.3,5.16,39.0,98.4,1.54,2.93,8.93,249.2,Severe,14.316666666666668,83.0,2.6225,307.2083333333333,0.0,1,5,28
Delhi,2017-01-29,249.6,43.6,181.1,42.3,62.4,34.9,9.73,45.1,107.4,17.2,5.97,8.08,417.4,Satisfactory,14.8125,82.83333333333333,3.439583333333333,286.75,0.0,1,6,29
Delhi,2017-01-30,91.3,156.1,179.8,2.6,248.2,19.9,5.29,30.5,87.8,13.57,15.14,9.4,21.6,Poor,14.7875,85.5,2.00125,251.375,0.0,1,0,30
Delhi,2017-01-31,458.5,59.9,175.1,48.7,85.9,13.0,0.52,33.7,179.4,4.73,0.01,4.66,383.5,Severe,15.295833333333334,85.875,1.8675,269.3333333333333,0.0,1,1,31
Delhi,2017-02-01,421.8,206.7,93.3,91.3,107.1,40.4,0.85,40.0,11.9,16.79,1.14,4.47,292.4,Very Poor,14.65,82.20833333333333,2.5158333333333336,299.125,0.0,2,2,32
Delhi,2017-02-02,59.9,397.4,113.1,113.5,14.1,18.6,2.37,51.0,120.5,18.93,13.49,2.67,356.9,Good,14.304166666666667,81.0,1.8937499999999998,322.7083333333333,0.0,2,3,33
Delhi,2017-02-03,15.0,315.6,84.8,139.9,132.0,3.8,1.99,50.9,72.6,18.55,18.2,3.21,349.7,Poor,14.379166666666668,81.875,1.77625,238.91666666666666,0.0,2,4,34
Delhi,2017-02-04,24.5,228.2,114.0,114.7,39.8,19.8,1.51,93.3,190.4,19.07,23.98,1.03,57.6,Satisfactory,16.479166666666668,77.95833333333333,3.80125,124.29166666666667,0.0,2,5,35
Delhi,2017-02-05,300.0,318.8,138.4,52.0,159.5,3.5,6.8,34.9,48.5,9.22,12.78,2.12,347.9,Poor,17.629166666666666,80.125,3.4941666666666666,120.58333333333333,1.5,2,6,36
Delhi,2017-02-06,41.5,50.5,125.0,116.8,52.0,11.4,4.17,90.7,53.3,14.07,5.56,6.77,449.3,Severe,16.016666666666666,79.83333333333333,2.875833333333333,270.0,0.0,2,0,37
Delhi,2017-02-07,5.5,156.8,147.4,16.8,121.5,14.8,3.16,58.7,82.1,0.12,26.88,8.24,96.2,Moderate,14.304166666666667,74.08333333333333,3.0975,301.125,0.0,2,1,38
Delhi,2017-02-08,424.0,21.1,24.4,51.8,103.4,20.2,1.59,85.6,165.2,1.5,0.93,1.19,22.7,Severe,14.633333333333333,75.16666666666667,2.3075,271.2916666666667,0.0,2,2,39
Delhi,2017-02-09,426.5,349.2,28.0,92.9,128.4,13.6,2.49,59.8,97.0,2.37,19.37,1.58,452.0,Poor,14.654166666666667,73.70833333333333,2.9266666666666663,280.5833333333333,0.0,2,3,40
Delhi,2017-02-10,423.9,93.2,48.3,131.7,144.9,2.5,7.46,2.8,29.7,12.82,13.65,2.6,64.1,Severe,14.5875,70.04166666666667,3.419583333333333,304.7916666666667,0.0,2,4,41
Delhi,2017-02-11,363.9,589.0,174.0,140.6,25.6,11.9,4.13,57.1,29.1,15.64,10.03,8.89,421.7,Moderate,13.966666666666667,72.04166666666667,2.2795833333333335,316.0416666666667,0.0,2,5,42
Delhi,2017-02-12,477.4,440.7,106.2,102.7,68.9,30.4,1.46,75.6,91.7,9.41,20.68,8.78,187.0,Satisfactory,15.145833333333334,74.16666666666667,1.7966666666666666,214.83333333333334,0.0,2,6,43
Delhi,2017-02-13,42.3,179.9,99.4,78.6,73.3,46.3,6.38,36.5,6.8,4.87,9.88,4.13,272.9,Good,15.8125,69.91666666666667,2.5575,318.4166666666667,0.0,2,0,44
Delhi,2017-02-14,417.8,217.1,98.3,17.7,98.7,43.1,4.48,65.9,119.3,3.4,28.6,5.48,202.7,Very Poor,16.379166666666666,66.875,2.8433333333333333,297.7916666666667,0.0,2,1,45
Delhi,2017-02-15,5.2,110.1,101.4,128.7,72.9,5.5,8.45,30.9,165.7,3.45,27.26,9.07,294.7,Severe,17.466666666666665,67.66666666666667,2.535,295.875,0.0,2,2,46
Delhi,2017-02-16,405.0,515.9,59.6,77.3,209.3,12.6,3.22,89.0,22.6,13.51,10.36,7.33,189.2,Satisfactory,19.879166666666666,61.958333333333336,3.3645833333333335,303.375,0.0,2,3,47
Delhi,2017-02-17,332.0,176.2,38.4,24.4,213.3,4.4,4.64,36.0,138.8,12.28,29.19,3.15,265.3,Moderate,20.191666666666666,64.04166666666667,3.2587499999999996,301.4583333333333,0.0,2,4,48
Delhi,2017-02-18,91.9,402.3,132.8,85.1,122.9,44.9,4.94,39.4,132.2,14.2,27.61,4.36,164.1,Severe,20.349999999999998,67.45833333333333,2.73625,306.0,0.0,2,5,49
Delhi,2017-02-19,389.3,47.9,191.3,88.9,103.8,6.2,6.23,48.7,137.1,9.88,29.15,9.08,25.4,Good,21.083333333333332,64.45833333333333,2.495,260.2916666666667,0.0,2,6,50
Delhi,2017-02-20,447.5,132.5,197.6,141.9,85.0,33.0,9.76,54.7,51.6,15.99,25.67,8.23,293.2,Good,21.879166666666666,66.41666666666667,2.094583333333333,154.45833333333334,0.7,2,0,51
Delhi,2017-02-21,139.7,418.1,64.2,37.5,47.4,37.3,1.83,80.9,194.1,1.06,25.63,4.82,325.6,Very Poor,19.291666666666668,66.625,2.938333333333333,246.45833333333334,0.0,2,1,52
Delhi,2017-02-22,269.2,137.6,128.1,75.1,14.9,31.9,2.07,35.5,26.2,4.53,1.38,8.72,252.4,Moderate,18.883333333333333,58.583333333333336,2.404166666666667,241.41666666666666,0.0,2,2,53
Delhi,2017-02-23,109.7,159.2,33.0,50.2,44.4,29.5,0.66,94.6,46.8,11.8,28.91,0.19,50.8,Very Poor,17.962500000000002,46.083333333333336,3.935,313.0833333333333,0.0,2,3,54
Delhi,2017-02-24,348.4,464.2,32.3,116.1,6.6,12.6,2.31,5.8,78.9,11.97,15.57,5.0,496.8,Poor,18.375,37.666666666666664,4.96125,304.625,0.0,2,4,55
Delhi,2017-02-25,210.8,541.2,189.0,117.1,140.0,48.0,7.7,91.8,143.3,18.28,9.78,0.41,183.3,Moderate,19.349999999999998,39.5,4.746666666666667,297.375,0.0,2,5,56
Delhi,2017-02-26,465.3,201.1,143.8,23.8,4.8,24.3,9.76,1.9,162.9,2.83,23.77,4.07,21.6,Satisfactory,18.925,45.5,3.765,301.1666666666667,0.0,2,6,57
Delhi,2017-02-27,194.3,562.6,166.9,120.7,46.5,32.3,4.77,81.3,57.8,8.58,9.79,6.56,344.5,Moderate,19.4375,48.166666666666664,3.1795833333333334,268.5833333333333,0.0,2,0,58
Delhi,2017-02-28,193.5,168.1,193.6,147.7,240.5,49.9,7.22,48.2,96.1,0.37,23.7,7.42,204.1,Poor,21.075,51.5,1.66625,196.20833333333334,0.0,2,1,59
Delhi,2017-03-01,463.9,134.3,88.1,24.1,58.9,19.7,7.59,0.4,33.1,19.7,7.44,0.77,383.3,Severe,22.075,56.708333333333336,2.0779166666666664,230.45833333333334,2.7,3,2,60
Delhi,2017-03-02,104.2,341.1,195.7,131.1,115.7,15.8,8.57,50.6,150.3,6.34,3.36,4.8,187.0,Good,20.349999999999998,61.833333333333336,2.0175,226.875,0.0,3,3,61
Delhi,2017-03-03,187.0,76.6,135.7,130.0,162.9,19.4,9.15,58.0,188.6,5.17,28.12,6.77,325.1,Satisfactory,19.599999999999998,47.25,2.9283333333333332,329.25,0.0,3,4,62
Delhi,2017-03-04,197.6,352.5,180.5,66.2,14.1,16.0,2.05,80.7,55.1,2.49,24.62,7.88,167.4,Good,18.504166666666666,44.458333333333336,3.1604166666666664,309.0,0.0,3,5,63
Delhi,2017-03-05,433.4,172.8,193.0,87.8,65.9,29.2,1.61,93.8,131.3,4.79,0.73,3.8,65.4,Satisfactory,18.808333333333334,44.833333333333336,3.6875,303.5833333333333,0.0,3,6,64
Delhi,2017-03-06,184.6,267.8,41.9,85.0,184.2,10.4,8.41,50.8,147.7,11.94,14.91,8.76,382.1,Poor,19.454166666666666,42.833333333333336,3.44,302.5833333333333,0.0,3,0,65
Delhi,2017-03-07,397.0,15.4,170.6,29.1,70.6,4.3,8.83,46.8,89.4,9.41,3.61,8.78,60.1,Poor,20.395833333333332,46.125,2.2666666666666666,189.08333333333334,0.0,3,1,66
Delhi,2017-03-08,251.6,231.4,78.4,142.7,138.5,35.1,0.95,72.8,68.5,13.73,9.79,7.09,379.6,Very Poor,20.633333333333333,49.333333333333336,3.265833333333333,51.625,0.8999999999999999,3,2,67
Delhi,2017-03-09,300.9,224.6,113.4,95.4,242.1,14.2,9.48,62.3,9.1,19.98,5.29,6.59,432.3,Poor,19.158333333333335,63.75,2.75125,111.66666666666667,0.5,3,3,68
Delhi,2017-03-10,142.4,295.6,15.6,128.8,216.4,39.2,3.88,54.7,33.7,9.96,14.55,2.18,371.1,Severe,16.966666666666665,78.16666666666667,2.904583333333333,135.45833333333334,12.700000000000001,3,4,69
Delhi,2017-03-11,390.3,271.2,88.3,8.2,129.5,47.1,1.88,33.7,68.1,17.19,10.97,9.15,389.8,Severe,15.883333333333333,77.25,2.7108333333333334,107.0,0.8,3,5,70
Delhi,2017-03-12,28.7,485.7,153.2,140.9,146.3,8.1,1.37,79.6,189.0,16.74,20.54,6.72,184.6,Good,15.85,64.95833333333333,2.68,304.8333333333333,0.0,3,6,71
Delhi,2017-03-13,406.9,493.8,13.5,12.7,243.9,37.8,5.87,58.4,88.3,9.82,16.55,5.13,117.0,Very Poor,16.083333333333332,55.291666666666664,3.1329166666666666,260.9583333333333,0.0,3,0,72
Delhi,2017-03-14,54.2,505.6,107.0,49.1,174.1,15.6,6.82,21.8,102.6,1.72,12.18,3.26,148.7,Good,17.212500000000002,54.958333333333336,2.370833333333333,279.25,0.0,3,1,73
Delhi,2017-03-15,255.7,280.5,7.8,147.4,201.2,30.1,2.05,77.7,193.6,12.67,1.56,5.61,321.6,Poor,18.754166666666666,55.833333333333336,2.65,299.375,0.0,3,2,74
Delhi,2017-03-16,176.2,430.3,161.6,12.1,48.1,33.9,5.21,43.5,74.9,7.17,6.11,6.76,373.0,Poor,20.3,52.916666666666664,2.3583333333333334,265.0833333333333,0.0,3,3,75
Delhi,2017-03-17,183.2,72.4,54.4,34.8,186.9,50.0,3.56,25.8,81.7,4.46,28.13,7.62,272.7,Good,19.908333333333335,56.25,3.220833333333333,318.875,0.0,3,4,76
Delhi,2017-03-18,165.6,46.5,193.1,120.5,88.0,33.1,1.6,35.9,177.9,15.68,12.52,1.52,237.4,Good,20.537499999999998,51.041666666666664,2.4479166666666665,238.125,0.0,3,5,77
Delhi,2017-03-19,411.3,518.5,25.4,31.3,129.0,42.3,5.18,31.7,113.6,7.2,10.16,6.68,97.1,Satisfactory,21.175,58.291666666666664,1.9954166666666666,252.41666666666666,1.0,3,6,78
Delhi,2017-03-20,346.0,73.0,75.2,89.4,120.8,37.7,4.16,92.1,21.6,1.51,13.98,6.38,63.8,Satisfactory,21.891666666666666,54.791666666666664,3.31125,287.2916666666667,0.0,3,0,79
Delhi,2017-03-21,88.6,109.3,40.6,88.4,15.6,23.6,8.42,29.0,153.8,12.53,24.25,7.93,479.0,Very Poor,23.558333333333334,48.916666666666664,3.3229166666666665,294.1666666666667,0.0,3,1,80
Delhi,2017-03-22,465.3,498.6,41.9,35.7,132.3,49.8,8.97,16.3,143.5,16.56,27.69,5.24,366.1,Severe,25.400000000000002,48.416666666666664,3.4795833333333337,290.5,0.0,3,2,81
Delhi,2017-03-23,497.3,483.4,26.8,36.5,94.6,20.9,2.32,21.5,85.6,9.2,24.46,6.45,444.9,Very Poor,25.46666666666667,52.083333333333336,2.0812500000000003,201.33333333333334,0.0,3,3,82
Delhi,2017-03-24,473.4,336.0,94.6,129.2,219.7,38.3,1.51,83.0,41.0,11.92,17.54,9.47,345.3,Good,26.025000000000002,48.333333333333336,3.42,319.2083333333333,0.0,3,4,83
Delhi,2017-03-25,340.6,532.5,83.1,35.2,72.7,12.4,0.34,79.2,168.3,18.57,6.16,5.26,388.4,Poor,25.337500000000002,41.666666666666664,3.5395833333333333,307.2916666666667,0.0,3,5,84
Delhi,2017-03-26,108.1,376.8,43.5,93.8,50.3,3.6,1.22,67.5,143.4,13.58,18.38,9.11,298.2,Good,26.808333333333334,38.333333333333336,4.227916666666666,297.0,0.0,3,6,85
Delhi,2017-03-27,341.5,206.2,120.7,52.2,227.0,46.7,4.88,37.4,132.9,19.71,15.24,5.62,197.3,Very Poor,28.433333333333334,40.208333333333336,4.72375,303.5416666666667,0.0,3,0,86
Delhi,2017-03-28,258.7,504.7,166.3,13.5,68.2,27.3,2.15,30.5,96.4,15.65,14.76,9.22,55.1,Good,29.15416666666667,41.916666666666664,3.43375,312.5833333333333,0.0,3,1,87
Delhi,2017-03-29,381.3,563.8,48.7,25.8,112.4,33.8,1.88,35.5,86.7,15.44,3.94,5.96,259.7,Severe,29.995833333333334,38.5,4.1241666666666665,297.0416666666667,0.0,3,2,88
Delhi,2017-03-30,22.9,292.8,53.8,27.6,85.1,11.9,7.2,54.1,193.5,0.54,4.48,9.58,196.2,Very Poor,29.941666666666666,35.75,3.9154166666666668,302.9166666666667,0.0,3,3,89
Delhi,2017-03-31,354.3,83.0,33.3,27.3,142.1,32.3,2.78,64.4,169.4,14.56,18.26,7.0,243.4,Good,29.933333333333334,40.5,3.1133333333333333,297.75,0.0,3,4,90
Delhi,2017-04-01,295.3,593.8,36.3,109.5,24.8,35.0,0.17,68.2,136.1,16.97,11.59,9.21,311.2,Very Poor,29.78333333333333,35.416666666666664,3.6370833333333334,302.0416666666667,0.2,4,5,91
Delhi,2017-04-02,357.6,592.0,96.5,13.5,109.8,9.3,8.9,54.6,17.9,5.48,19.18,8.42,223.2,Good,29.370833333333334,30.125,3.7470833333333338,302.2916666666667,0.0,4,6,92
Delhi,2017-04-03,332.6,582.8,126.4,45.7,23.4,9.2,3.61,40.3,81.7,12.52,3.15,6.45,137.8,Severe,29.09583333333333,31.875,3.00125,293.0,0.0,4,0,93
Delhi,2017-04-04,294.1,104.8,31.1,133.9,241.4,9.4,9.73,6.3,7.0,17.56,8.49,6.44,319.4,Poor,28.833333333333332,33.208333333333336,2.7220833333333334,143.5,0.0,4,1,94
Delhi,2017-04-05,470.7,321.8,15.8,62.2,239.2,22.1,5.15,44.0,173.8,6.98,16.38,3.94,358.2,Very Poor,28.204166666666666,42.041666666666664,5.377083333333334,102.79166666666667,1.3,4,2,95
Delhi,2017-04-06,169.6,314.9,107.3,58.9,2.9,3.9,1.98,4.0,22.0,17.59,8.68,0.73,131.4,Satisfactory,28.866666666666664,42.5,4.69625,176.45833333333334,0.1,4,3,96
Delhi,2017-04-07,317.4,142.1,100.2,110.4,92.1,37.3,2.96,8.0,187.9,3.72,3.26,4.29,281.8,Very Poor,26.504166666666666,39.625,2.9425000000000003,177.125,0.0,4,4,97
Delhi,2017-04-08,495.5,276.5,4.8,119.9,110.7,24.8,7.23,61.7,28.8,2.55,11.51,3.05,146.9,Severe,25.462500000000002,27.625,2.7533333333333334,280.375,0.0,4,5,98
Delhi,2017-04-09,366.3,342.4,48.6,92.6,61.9,30.0,0.54,61.2,28.3,14.81,24.68,8.39,363.8,Severe,25.754166666666666,23.0,5.0625,318.8333333333333,0.0,4,6,99
Delhi,2017-04-10,437.6,172.7,34.6,46.6,173.9,26.0,1.14,76.5,136.7,8.61,16.6,6.86,266.3,Severe,26.070833333333336,21.833333333333332,5.815,303.375,0.0,4,0,100
Delhi,2017-04-11,403.6,594.3,167.0,128.6,215.8,45.3,9.9,7.3,92.4,7.38,16.91,5.21,15.3,Moderate,28.233333333333334,24.083333333333332,5.365833333333334,300.375,0.0,4,1,101
Delhi,2017-04-12,314.4,139.2,1.2,36.2,207.6,42.1,5.81,4.0,12.7,7.85,11.91,4.46,480.1,Good,29.570833333333336,26.666666666666668,4.4275,296.9166666666667,0.0,4,2,102
Delhi,2017-04-13,472.1,141.1,156.6,76.6,127.9,46.2,7.46,66.7,94.8,10.46,8.78,8.82,204.5,Poor,29.879166666666666,29.75,2.40875,216.125,0.0,4,3,103
Delhi,2017-04-14,282.5,74.0,63.7,48.9,0.3,30.8,2.78,44.1,106.8,9.07,10.4,2.05,106.7,Severe,30.075,32.583333333333336,2.276666666666667,155.58333333333334,0.0,4,4,104
Delhi,2017-04-15,11.6,471.1,157.2,6.2,246.1,17.9,8.29,99.7,172.9,2.55,12.07,8.27,468.9,Moderate,31.05,30.25,2.8095833333333338,282.125,0.0,4,5,105
Delhi,2017-04-16,391.8,310.2,194.6,25.4,29.4,39.5,0.55,82.1,156.8,5.12,14.29,2.19,349.5,Poor,30.454166666666666,34.0,2.3041666666666667,189.875,0.0,4,6,106
Delhi,2017-04-17,71.1,584.6,93.6,26.3,110.1,44.9,8.46,3.8,43.2,10.06,27.02,9.64,456.2,Severe,31.583333333333332,41.791666666666664,2.719583333333333,161.70833333333334,0.0,4,0,107
Delhi,2017-04-18,43.5,409.9,56.2,17.8,243.8,39.7,8.48,91.3,14.9,10.14,17.1,3.23,38.2,Good,32.7875,39.0,2.1545833333333335,215.20833333333334,0.0,4,1,108
Delhi,2017-04-19,217.7,582.0,53.8,83.5,143.1,18.2,3.25,13.0,167.2,15.54,25.61,8.88,350.4,Good,33.0,24.791666666666668,2.9458333333333333,278.375,0.0,4,2,109
Delhi,2017-04-20,236.9,571.1,157.7,100.3,167.4,39.9,7.03,82.0,174.3,6.71,6.07,8.33,354.5,Good,33.2875,29.583333333333332,2.07125,225.625,0.0,4,3,110
Delhi,2017-04-21,333.8,178.3,135.0,81.9,97.9,25.9,1.45,68.6,148.5,16.08,22.88,8.71,280.5,Very Poor,32.975,41.708333333333336,2.8095833333333338,165.625,0.0,4,4,111
Delhi,2017-04-22,178.9,252.9,86.1,116.5,207.3,40.2,7.06,9.5,168.4,3.06,12.98,8.39,185.9,Severe,32.137499999999996,50.541666666666664,2.4258333333333333,144.0,1.6,4,5,112
Delhi,2017-04-23,460.4,229.2,143.1,141.2,208.3,36.5,7.22,21.9,34.0,3.64,17.07,3.74,474.3,Satisfactory,31.0,41.458333333333336,3.127083333333333,299.2083333333333,0.0,4,6,113
Delhi,2017-04-24,86.1,314.2,75.4,111.0,55.6,45.1,7.46,60.5,197.6,14.33,13.69,0.05,250.9,Severe,30.079166666666666,33.583333333333336,3.452083333333333,274.2083333333333,0.0,4,0,114
Delhi,2017-04-25,439.6,252.5,28.2,72.2,24.2,18.1,2.04,64.5,94.4,12.51,2.59,2.44,313.5,Very Poor,30.045833333333334,26.416666666666668,3.970416666666667,265.2083333333333,0.0,4,1,115
Delhi,2017-04-26,67.4,7.6,170.6,31.8,170.0,9.8,6.15,67.6,83.7,8.4,16.29,4.53,177.6,Moderate,29.558333333333334,26.458333333333332,2.8470833333333334,274.5416666666667,0.0,4,2,116
Delhi,2017-04-27,45.6,334.3,80.2,98.0,48.7,17.1,6.54,3.3,72.4,18.09,11.48,7.34,125.1,Poor,29.866666666666664,29.625,2.0575,222.41666666666666,0.1,4,3,117
Delhi,2017-04-28,38.0,549.6,148.5,137.8,132.0,28.4,2.89,99.3,22.7,17.33,27.96,9.51,383.9,Poor,29.900000000000002,33.5,2.377083333333333,221.875,1.0,4,4,118
Delhi,2017-04-29,313.2,363.2,32.6,132.9,70.8,6.3,3.03,55.5,51.5,4.65,8.18,8.39,285.8,Satisfactory,30.229166666666668,34.625,2.05625,205.75,0.6,4,5,119
Delhi,2017-04-30,403.3,31.7,43.8,91.1,229.5,4.0,8.53,35.8,166.6,19.24,16.75,7.18,136.3,Poor,29.65833333333333,37.5,3.3158333333333334,116.70833333333333,0.0,4,6,120
Delhi,2017-05-01,268.5,73.0,28.3,13.0,191.0,10.2,0.67,80.2,87.1,8.0,2.57,1.32,209.8,Very Poor,29.55,33.666666666666664,2.0187500000000003,180.25,0.0,5,0,121
Delhi,2017-05-02,215.3,566.2,14.7,99.6,118.9,7.5,3.17,51.7,120.4,11.9,27.43,6.2,184.8,Severe,31.1375,27.25,1.6791666666666665,205.79166666666666,0.0,5,1,122
Delhi,2017-05-03,236.8,241.2,53.5,136.8,190.8,47.3,1.36,78.5,167.6,18.0,15.45,5.51,414.6,Severe,31.162499999999998,29.416666666666668,2.5175,172.75,0.0,5,2,123
Delhi,2017-05-04,153.3,554.0,162.2,109.3,213.2,24.2,9.98,10.1,152.8,2.45,4.41,9.79,379.6,Very Poor,31.087500000000002,29.125,3.262916666666667,262.125,0.0,5,3,124
Delhi,2017-05-05,483.6,483.7,130.6,138.1,140.8,27.5,8.79,42.2,82.5,8.1,23.61,5.17,472.0,Satisfactory,31.162499999999998,29.666666666666668,2.8266666666666667,296.5416666666667,0.0,5,4,125
Delhi,2017-05-06,317.4,428.3,115.0,86.8,69.9,27.5,4.38,61.9,60.4,15.47,26.11,8.77,251.2,Severe,32.612500000000004,26.791666666666668,2.57,264.875,0.0,5,5,126
Delhi,2017-05-07,122.3,560.9,62.2,149.4,90.6,7.6,2.37,19.3,161.9,18.39,10.05,9.41,93.2,Very Poor,33.704166666666666,26.333333333333332,2.685,242.16666666666666,0.0,5,6,127
Delhi,2017-05-08,328.8,439.2,21.1,52.6,165.6,38.5,8.23,73.5,38.6,4.88,4.76,6.48,121.0,Satisfactory,33.7125,26.541666666666668,2.2754166666666666,182.70833333333334,0.0,5,0,128
Delhi,2017-05-09,53.1,102.0,109.4,61.3,191.5,44.2,5.15,0.4,181.8,15.69,13.16,0.49,447.2,Satisfactory,33.1625,35.666666666666664,3.6054166666666667,144.79166666666666,0.0,5,1,129
Delhi,2017-05-10,21.7,378.8,158.4,136.4,172.5,26.6,0.56,71.2,79.1,2.63,8.89,9.07,39.2,Poor,31.945833333333336,45.958333333333336,4.182916666666666,123.79166666666667,1.8,5,2,130
Delhi,2017-05-11,0.6,532.1,118.2,46.2,13.2,27.9,0.87,79.1,123.1,6.48,2.84,8.67,192.4,Good,33.35,39.458333333333336,2.8354166666666667,125.08333333333333,0.0,5,3,131
Delhi,2017-05-12,442.8,236.0,22.0,7.5,236.8,40.4,2.8,30.0,64.6,4.81,27.81,1.89,273.3,Severe,32.829166666666666,38.583333333333336,2.3595833333333336,132.625,0.0,5,4,132
Delhi,2017-05-13,295.6,260.0,156.0,11.7,132.0,31.7,9.34,6.5,65.5,16.56,13.84,6.32,88.8,Very Poor,33.375,35.958333333333336,2.783333333333333,260.25,0.0,5,5,133
Delhi,2017-05-14,277.5,525.6,159.0,14.8,90.2,20.3,6.34,86.0,62.5,1.8,3.91,7.42,424.4,Moderate,34.641666666666666,25.25,2.83,261.7083333333333,0.0,5,6,134
Delhi,2017-05-15,296.4,275.4,65.6,73.7,102.9,38.9,0.94,65.3,181.6,9.93,11.18,6.76,342.6,Satisfactory,35.025,24.25,2.6420833333333333,240.58333333333334,0.0,5,0,135
Delhi,2017-05-16,80.8,216.6,133.0,144.0,31.0,19.1,9.94,99.1,123.2,15.96,25.84,1.77,126.0,Satisfactory,33.82083333333333,29.416666666666668,3.14125,273.9583333333333,0.1,5,1,136
Delhi,2017-05-17,374.7,14.6,139.5,11.9,160.6,48.8,8.93,46.3,117.1,11.78,24.59,0.83,210.3,Severe,31.037499999999998,40.958333333333336,2.4833333333333334,224.95833333333334,3.4,5,2,137
Delhi,2017-05-18,123.7,556.5,139.7,61.6,121.1,11.0,3.74,66.0,11.4,11.91,27.7,6.58,430.9,Severe,31.458333333333332,44.166666666666664,2.5391666666666666,173.125,0.6,5,3,138
Delhi,2017-05-19,375.9,83.2,172.6,134.4,0.8,1.7,5.84,42.2,83.5,11.85,6.79,1.15,89.1,Good,32.949999999999996,40.25,2.1666666666666665,187.58333333333334,1.1,5,4,139
Delhi,2017-05-20,193.5,300.8,49.3,27.3,217.3,28.2,8.25,61.4,41.5,19.85,9.7,0.92,440.4,Poor,33.12916666666667,32.541666666666664,2.1329166666666666,272.125,0.0,5,5,140
Delhi,2017-05-21,59.2,582.7,113.8,117.2,168.4,18.0,2.09,51.6,137.3,8.02,27.25,3.47,143.7,Very Poor,32.71666666666667,35.0,2.4170833333333333,198.91666666666666,0.0,5,6,141
Delhi,2017-05-22,429.9,522.6,125.0,25.6,201.5,19.7,2.02,21.1,73.0,16.57,16.58,9.33,411.0,Severe,30.629166666666666,47.958333333333336,1.9591666666666665,251.16666666666666,0.30000000000000004,5,0,142
Delhi,2017-05-23,435.4,415.7,46.0,148.5,94.8,44.3,3.65,54.2,62.4,7.87,29.08,1.54,247.1,Satisfactory,31.495833333333334,43.625,2.5591666666666666,238.66666666666666,0.0,5,1,143
Delhi,2017-05-24,485.7,270.8,152.9,56.7,105.5,18.3,2.62,47.6,4.5,12.61,18.95,9.29,57.9,Satisfactory,32.770833333333336,41.791666666666664,2.232083333333333,142.875,0.4,5,2,144
Delhi,2017-05-25,469.7,63.4,166.2,115.2,82.1,40.2,0.28,37.5,121.8,11.09,21.71,2.32,419.8,Satisfactory,33.079166666666666,42.916666666666664,2.254166666666667,136.45833333333334,0.1,5,3,145
Delhi,2017-05-26,128.7,171.2,50.5,113.3,163.6,35.8,7.47,60.8,152.7,6.7,18.9,9.31,168.9,Severe,35.00833333333333,35.5,2.8670833333333334,160.5,0.0,5,4,146
Delhi,2017-05-27,267.0,166.6,72.5,144.6,188.6,0.9,3.02,8.3,149.6,9.18,2.1,4.71,128.5,Moderate,32.61666666666667,48.125,4.209583333333334,118.95833333333333,3.6,5,5,147
Delhi,2017-05-28,213.6,205.4,163.3,149.4,86.5,37.3,8.73,29.1,166.7,19.55,1.36,9.97,325.2,Severe,32.4625,51.083333333333336,4.480833333333334,123.29166666666667,0.0,5,6,148
Delhi,2017-05-29,455.1,174.0,80.5,61.5,225.1,23.1,5.51,93.7,187.6,7.6,18.92,5.15,395.3,Poor,30.254166666666666,56.375,3.6925000000000003,123.33333333333333,0.0,5,0,149
Delhi,2017-05-30,425.8,549.0,50.2,26.4,41.7,9.9,2.05,24.1,65.2,16.67,15.16,8.41,237.6,Very Poor,30.016666666666666,61.041666666666664,1.9770833333333335,138.83333333333334,0.5,5,1,150
Delhi,2017-05-31,238.5,333.0,5.8,77.6,68.5,10.3,4.89,15.3,180.0,0.7,2.12,6.1,364.2,Moderate,31.1375,56.25,3.3295833333333333,154.20833333333334,0.0,5,2,151
Delhi,2017-06-01,498.7,214.1,160.1,100.9,183.9,24.2,7.11,38.3,124.7,19.94,18.34,7.73,366.4,Moderate,31.46666666666667,55.75,2.0566666666666666,252.66666666666666,0.6000000000000001,6,3,152
Delhi,2017-06-02,325.1,511.8,109.1,41.2,48.3,15.0,1.46,29.7,131.7,5.77,5.9,0.64,175.4,Good,32.85,42.958333333333336,2.59375,276.9583333333333,0.0,6,4,153
Delhi,2017-06-03,122.9,527.4,125.5,75.0,24.7,48.1,7.48,71.8,69.2,11.18,26.76,8.91,78.3,Moderate,35.420833333333334,34.541666666666664,3.2916666666666665,294.4166666666667,0.0,6,5,154
Delhi,2017-06-04,440.4,219.0,129.1,125.8,100.1,47.9,0.69,72.4,9.1,10.83,19.44,3.01,470.4,Good,37.4625,26.208333333333332,4.401666666666666,275.8333333333333,0.0,6,6,155
Delhi,2017-06-05,441.4,110.3,17.7,114.7,66.2,25.8,5.94,12.5,126.1,14.8,9.84,6.68,250.5,Satisfactory,38.229166666666664,27.875,5.511666666666667,267.5416666666667,0.0,6,0,156
Delhi,2017-06-06,239.9,341.8,172.7,59.9,163.4,34.9,7.38,19.4,109.7,1.15,15.58,8.72,246.3,Poor,36.708333333333336,36.791666666666664,4.064583333333333,246.25,0.0,6,1,157
Delhi,2017-06-07,358.3,377.7,129.3,135.2,218.2,12.9,2.51,31.9,64.6,19.94,19.28,3.84,196.4,Poor,31.645833333333332,57.208333333333336,3.4491666666666667,116.95833333333333,0.30000000000000004,6,2,158
Delhi,2017-06-08,342.1,66.7,50.9,73.7,56.5,49.5,0.37,89.5,13.4,9.87,6.57,1.57,321.1,Moderate,31.504166666666666,57.708333333333336,1.67,154.91666666666666,2.7,6,3,159
Delhi,2017-06-09,229.2,590.0,170.2,129.1,145.9,10.1,0.98,40.8,181.7,18.48,20.4,4.44,329.9,Very Poor,31.175,57.583333333333336,1.5666666666666667,196.08333333333334,0.5,6,4,160
Delhi,2017-06-10,30.9,49.4,165.2,47.4,214.4,5.1,4.13,72.6,14.3,2.61,13.44,7.85,230.1,Moderate,32.454166666666666,51.458333333333336,1.9391666666666667,189.875,0.0,6,5,161
Delhi,2017-06-11,151.3,440.2,27.6,43.0,151.4,25.6,5.33,46.3,158.6,0.08,18.94,5.47,465.8,Moderate,32.324999999999996,46.458333333333336,2.067083333333333,293.4166666666667,0.0,6,6,162
Delhi,2017-06-12,239.1,581.5,10.2,121.1,211.6,22.0,4.51,53.5,175.5,9.33,12.29,0.43,426.6,Satisfactory,33.13333333333333,42.75,3.1183333333333336,305.0833333333333,0.0,6,0,163
Delhi,2017-06-13,272.3,58.4,167.3,122.0,214.6,26.6,4.25,3.7,42.4,0.17,23.36,6.89,424.9,Very Poor,33.8125,37.25,2.5437499999999997,273.625,0.0,6,1,164
Delhi,2017-06-14,11.5,65.9,128.0,77.6,4.8,8.1,2.38,8.7,190.9,0.62,19.4,8.39,2.1,Very Poor,34.90833333333333,34.916666666666664,3.266666666666667,270.2916666666667,0.0,6,2,165
Delhi,2017-06-15,383.6,523.6,20.5,76.4,105.7,17.9,3.17,44.8,104.0,13.29,7.02,2.96,434.9,Good,33.35,47.5,2.9891666666666663,262.5416666666667,0.7000000000000001,6,3,166
Delhi,2017-06-16,404.3,370.3,93.2,3.9,124.9,0.3,1.11,62.1,156.5,17.4,18.43,8.42,488.5,Very Poor,31.179166666666664,48.833333333333336,1.8391666666666666,132.125,0.2,6,4,167
Delhi,2017-06-17,272.0,339.8,132.0,139.0,87.5,25.9,2.36,16.7,43.9,4.98,6.19,6.19,499.8,Moderate,30.791666666666668,61.25,2.12,208.95833333333334,10.3,6,5,168
Delhi,2017-06-18,91.6,222.9,54.8,0.4,78.2,32.4,7.19,90.9,191.6,9.33,25.07,4.88,369.9,Satisfactory,30.962500000000002,66.54166666666667,2.3354166666666667,262.0,3.4,6,6,169
Delhi,2017-06-19,183.0,291.8,127.8,112.3,202.9,42.3,9.46,78.0,93.3,1.28,12.17,8.01,309.6,Satisfactory,31.554166666666664,65.25,3.1479166666666667,256.125,4.5,6,0,170
Delhi,2017-06-20,97.9,210.1,96.7,144.6,43.8,0.3,8.3,98.8,6.1,12.43,23.76,2.63,97.2,Poor,29.683333333333334,71.0,1.41625,163.125,10.7,6,1,171
Delhi,2017-06-21,328.1,516.3,132.3,13.3,11.0,22.6,7.58,28.1,161.0,10.14,19.2,1.52,131.9,Good,28.78333333333333,73.08333333333333,2.620416666666667,221.91666666666666,4.0,6,2,172
Delhi,2017-06-22,420.1,323.4,70.5,45.4,163.9,10.0,0.3,86.1,21.0,3.0,4.51,3.56,498.6,Satisfactory,29.270833333333332,70.75,2.3508333333333336,275.3333333333333,2.1,6,3,173
Delhi,2017-06-23,24.7,149.7,6.0,92.2,6.4,0.0,5.7,35.2,115.7,18.25,4.7,8.43,486.0,Satisfactory,29.604166666666668,70.41666666666667,2.111666666666667,285.75,5.2,6,4,174
Delhi,2017-06-24,232.7,460.2,177.7,106.5,73.5,47.3,5.41,95.3,157.3,0.53,26.96,5.48,142.9,Moderate,31.525000000000002,63.416666666666664,1.2829166666666667,245.33333333333334,0.0,6,5,175
Delhi,2017-06-25,102.3,548.1,46.6,137.8,114.8,47.8,0.55,67.3,66.4,16.93,19.06,4.84,301.8,Very Poor,33.06666666666667,59.083333333333336,2.11125,99.83333333333333,0.0,6,6,176
Delhi,2017-06-26,390.1,561.4,34.4,121.9,144.2,0.3,1.67,32.7,191.0,4.69,12.7,1.11,295.2,Poor,33.44166666666667,60.375,3.142916666666667,96.45833333333333,0.3,6,0,177
Delhi,2017-06-27,460.7,420.2,37.3,103.3,59.7,1.8,1.99,31.1,63.3,6.52,11.87,1.96,76.1,Moderate,32.958333333333336,62.041666666666664,3.3016666666666663,109.45833333333333,1.9,6,1,178
Delhi,2017-06-28,96.9,312.8,163.4,32.0,6.7,30.9,0.67,93.8,148.8,6.93,19.68,5.78,62.2,Severe,29.5,79.91666666666667,3.4637499999999997,96.45833333333333,26.599999999999998,6,2,179
Delhi,2017-06-29,162.1,245.6,190.9,106.7,16.2,13.1,7.87,20.7,162.1,4.7,2.64,5.58,172.8,Poor,27.870833333333334,86.16666666666667,3.28,118.75,6.4,6,3,180
Delhi,2017-06-30,492.6,208.6,136.1,44.3,241.9,11.9,7.29,92.5,179.9,10.99,13.45,4.17,237.2,Very Poor,27.900000000000002,86.79166666666667,1.9645833333333333,137.79166666666666,19.3,6,4,181
Delhi,2017-07-01,330.8,122.1,186.3,129.4,66.5,2.8,7.11,2.8,1.8,13.03,9.79,1.72,340.3,Very Poor,28.704166666666666,86.5,1.5425000000000002,112.41666666666667,11.1,7,5,182
Delhi,2017-07-02,469.7,169.4,109.0,113.7,210.4,16.4,9.73,48.9,97.2,19.86,16.98,4.02,96.8,Good,27.879166666666666,86.70833333333333,2.5845833333333332,111.41666666666667,7.8999999999999995,7,6,183
Delhi,2017-07-03,269.6,390.3,32.1,20.2,52.5,29.4,8.25,73.1,91.9,17.57,13.62,0.05,165.8,Very Poor,29.254166666666666,81.25,1.7641666666666669,164.16666666666666,3.0,7,0,184
Delhi,2017-07-04,454.7,186.9,16.6,128.6,215.4,20.0,9.05,44.0,122.3,12.44,26.56,8.9,37.2,Satisfactory,30.787499999999998,75.75,3.97875,256.4583333333333,5.3,7,1,185
Delhi,2017-07-05,422.1,523.2,47.8,104.9,129.5,24.5,8.95,19.4,198.8,17.37,19.47,5.45,163.7,Very Poor,30.733333333333334,72.70833333333333,3.4166666666666665,235.25,1.5,7,2,186
Delhi,2017-07-06,301.5,5.5,59.9,26.6,182.1,27.0,5.13,25.5,166.3,14.83,18.2,8.76,463.1,Satisfactory,29.704166666666666,76.58333333333333,2.2666666666666666,200.66666666666666,0.8999999999999999,7,3,187
Delhi,2017-07-07,190.5,288.0,21.7,80.4,69.9,39.0,6.95,3.3,55.6,3.9,17.3,4.07,88.6,Very Poor,29.733333333333334,77.375,2.4495833333333334,170.04166666666666,1.3,7,4,188
Delhi,2017-07-08,392.2,394.6,39.4,25.3,123.6,44.4,8.18,97.7,75.6,0.89,13.66,3.06,376.8,Moderate,31.104166666666668,73.125,2.0275,245.54166666666666,0.1,7,5,189
Delhi,2017-07-09,403.5,147.0,186.3,57.0,98.9,30.9,3.19,62.3,94.7,4.17,13.96,1.93,369.4,Severe,32.22083333333333,65.875,2.860416666666667,246.58333333333334,0.0,7,6,190
Delhi,2017-07-10,65.1,341.6,140.3,98.1,244.7,0.3,2.17,79.9,73.3,17.63,23.66,8.14,16.8,Satisfactory,31.808333333333334,64.5,3.4012499999999997,209.33333333333334,0.4,7,0,191
Delhi,2017-07-11,213.2,440.0,66.1,46.2,143.9,12.9,9.22,30.4,123.0,8.3,19.28,2.78,41.3,Very Poor,30.104166666666668,73.45833333333333,2.6425,183.875,2.3,7,1,192
Delhi,2017-07-12,339.1,362.3,95.2,96.2,86.2,34.8,8.75,31.3,46.6,0.88,29.17,4.0,269.3,Poor,28.304166666666664,78.375,3.315,125.66666666666667,1.2,7,2,193
Delhi,2017-07-13,461.7,418.1,128.1,99.0,25.9,49.4,5.63,76.7,31.2,9.06,10.62,2.81,57.8,Poor,29.491666666666664,71.45833333333333,3.4941666666666666,90.08333333333333,0.30000000000000004,7,3,194
Delhi,2017-07-14,241.4,238.2,23.9,59.7,237.0,4.1,3.56,99.1,107.4,17.35,14.49,9.12,459.8,Severe,29.866666666666664,72.83333333333333,3.545,91.125,0.8,7,4,195
Delhi,2017-07-15,231.1,474.9,47.4,36.5,192.3,2.9,5.81,84.2,57.7,17.78,26.68,2.96,51.5,Good,29.695833333333336,75.20833333333333,3.3941666666666666,105.0,3.5,7,5,196
Delhi,2017-07-16,226.7,348.7,169.8,108.8,208.5,11.5,9.77,83.3,40.9,7.52,12.8,4.33,167.7,Very Poor,29.912499999999998,78.83333333333333,2.4691666666666667,105.70833333333333,5.5,7,6,197
Delhi,2017-07-17,113.5,249.9,114.1,59.7,21.8,44.6,9.55,97.0,191.7,13.4,3.07,4.19,97.5,Very Poor,29.8125,80.70833333333333,2.2399999999999998,99.33333333333333,6.6,7,0,198
Delhi,2017-07-18,272.9,411.0,114.9,28.2,45.3,10.5,2.98,25.0,92.4,10.4,12.18,1.78,90.6,Satisfactory,30.59583333333333,78.25,1.8395833333333333,109.875,3.7,7,1,199
Delhi,2017-07-19,418.9,217.5,123.8,111.9,215.9,15.6,5.07,92.5,128.1,14.21,8.92,6.37,133.9,Moderate,31.92916666666667,71.08333333333333,1.58,141.08333333333334,1.6,7,2,200
Delhi,2017-07-20,272.7,523.0,10.3,125.3,202.6,48.5,9.07,95.9,124.2,1.93,28.33,6.32,139.9,Good,29.6875,76.875,2.88875,101.5,16.9,7,3,201
Delhi,2017-07-21,22.2,197.5,50.2,12.8,212.3,22.3,1.81,34.5,118.8,19.51,0.24,5.48,338.1,Very Poor,29.97083333333333,75.20833333333333,3.2216666666666662,91.25,6.9,7,4,202
Delhi,2017-07-22,102.4,587.7,149.0,64.8,139.1,30.9,2.89,59.9,21.6,1.25,7.06,2.76,308.8,Moderate,28.733333333333334,77.625,4.9975,98.75,1.2,7,5,203
Delhi,2017-07-23,409.3,329.5,40.4,139.7,89.3,6.8,7.15,92.2,198.6,2.2,18.62,4.36,75.8,Good,28.370833333333334,80.5,4.761666666666667,102.04166666666667,7.5,7,6,204
Delhi,2017-07-24,200.0,474.9,45.4,50.7,35.3,21.5,0.4,71.9,30.0,12.41,2.45,4.7,178.6,Moderate,27.766666666666666,83.20833333333333,4.169583333333333,105.66666666666667,3.9,7,0,205
Delhi,2017-07-25,462.7,498.3,80.6,2.7,204.8,49.5,1.7,82.9,26.2,0.28,1.46,5.79,197.3,Satisfactory,27.90833333333333,82.33333333333333,3.9291666666666667,104.5,1.5,7,1,206
Delhi,2017-07-26,476.4,316.1,125.0,22.8,206.6,44.3,9.6,50.8,47.5,2.71,4.88,4.62,4.7,Severe,28.795833333333334,80.125,2.7708333333333335,106.0,0.7,7,2,207
Delhi,2017-07-27,291.4,264.8,132.2,118.5,54.2,43.5,7.43,24.0,194.4,10.19,8.55,8.65,272.9,Severe,29.583333333333332,75.54166666666667,3.2104166666666667,97.75,1.5,7,3,208
Delhi,2017-07-28,138.0,40.7,176.2,38.7,19.3,25.6,6.97,47.8,141.9,16.7,26.18,3.08,0.8,Satisfactory,29.316666666666666,76.66666666666667,3.7933333333333334,94.625,3.0999999999999996,7,4,209
Delhi,2017-07-29,108.1,462.3,18.1,36.3,29.4,31.0,2.96,11.4,91.9,5.86,11.42,3.36,352.4,Poor,29.1125,76.29166666666667,4.770416666666667,113.0,0.9,7,5,210
Delhi,2017-07-30,246.2,102.9,176.4,107.8,218.6,3.9,6.6,87.8,39.7,14.7,0.36,7.08,412.7,Very Poor,28.625,80.16666666666667,2.6062499999999997,151.625,3.1,7,6,211
Delhi,2017-07-31,404.7,523.1,191.3,81.3,103.3,29.6,4.73,76.0,34.6,10.82,2.11,6.27,286.8,Severe,27.541666666666668,86.875,1.985,221.95833333333334,15.1,7,0,212
Delhi,2017-08-01,374.7,322.9,44.1,108.7,64.7,31.7,9.75,83.3,130.3,18.6,12.11,1.87,299.2,Moderate,27.21666666666667,88.58333333333333,2.8625000000000003,257.1666666666667,2.8000000000000003,8,1,213
Delhi,2017-08-02,353.8,105.6,2.4,108.1,12.9,46.8,3.4,76.5,0.7,5.75,17.11,0.66,220.1,Poor,28.2,84.41666666666667,2.4566666666666666,275.7083333333333,6.6000000000000005,8,2,214
Delhi,2017-08-03,288.6,198.4,29.8,26.8,205.4,45.8,1.01,19.3,54.1,18.31,24.73,9.78,122.9,Very Poor,28.8875,78.875,3.6891666666666665,273.1666666666667,1.4,8,3,215
Delhi,2017-08-04,61.4,531.1,149.7,93.9,139.0,41.3,4.71,52.7,139.9,2.52,6.39,4.51,468.5,Satisfactory,29.21666666666667,74.45833333333333,2.94375,231.54166666666666,0.7000000000000001,8,4,216
Delhi,2017-08-05,90.7,434.7,40.5,111.0,19.7,2.7,0.75,67.7,66.0,18.58,17.08,2.85,176.5,Very Poor,29.933333333333334,73.20833333333333,1.9691666666666665,255.91666666666666,0.0,8,5,217
Delhi,2017-08-06,64.7,135.9,128.7,16.0,10.1,33.5,6.96,54.7,6.1,7.05,4.1,1.99,220.8,Severe,29.3125,80.95833333333333,1.63875,225.91666666666666,5.1,8,6,218
Delhi,2017-08-07,370.1,116.1,69.2,52.4,114.2,41.8,5.22,43.8,197.2,1.06,19.54,9.8,174.8,Moderate,28.483333333333334,88.04166666666667,1.4145833333333335,166.375,17.4,8,0,219
Delhi,2017-08-08,376.4,2.7,190.7,102.5,42.7,30.2,7.82,15.4,68.8,5.17,27.53,0.33,415.1,Moderate,28.729166666666668,85.66666666666667,1.3120833333333335,122.91666666666667,11.7,8,1,220
Delhi,2017-08-09,330.9,304.1,95.1,15.1,55.4,47.9,3.92,4.0,61.4,15.16,18.36,7.12,100.7,Good,27.995833333333334,89.70833333333333,1.28875,186.04166666666666,10.5,8,2,221
Delhi,2017-08-10,93.4,124.7,28.1,77.1,9.2,2.2,2.47,93.5,40.0,14.9,1.23,5.0,355.0,Very Poor,28.920833333333334,81.83333333333333,3.0308333333333333,257.3333333333333,12.600000000000001,8,3,222
Delhi,2017-08-11,96.5,20.1,193.5,14.6,201.5,33.7,2.56,6.5,61.3,8.11,13.23,9.78,299.4,Severe,30.40833333333333,70.54166666666667,5.010833333333333,267.125,0.30000000000000004,8,4,223
Delhi,2017-08-12,51.1,228.4,189.6,111.3,237.6,34.9,6.31,1.2,98.2,5.58,4.25,9.86,260.8,Satisfactory,30.25,68.54166666666667,5.71125,260.2916666666667,0.0,8,5,224
Delhi,2017-08-13,306.1,425.1,87.3,59.2,26.5,23.4,8.91,88.6,173.5,4.34,15.42,9.75,268.2,Poor,30.016666666666666,70.5,4.211666666666667,244.79166666666666,0.4,8,6,225
Delhi,2017-08-14,115.2,5.6,31.6,92.8,138.0,35.8,7.31,55.5,126.5,17.33,11.63,1.38,325.1,Satisfactory,29.875,69.16666666666667,2.1845833333333333,249.45833333333334,0.4,8,0,226
Delhi,2017-08-15,172.7,538.0,113.2,139.4,57.6,1.9,3.43,61.8,150.1,19.12,18.92,0.89,113.9,Satisfactory,30.025000000000002,71.45833333333333,2.6545833333333335,270.5,0.6,8,1,227
Delhi,2017-08-16,239.3,534.0,68.4,82.6,231.4,48.2,3.09,3.1,49.2,10.55,25.1,8.76,311.8,Poor,30.458333333333332,69.375,3.4058333333333333,272.9166666666667,0.0,8,2,228
Delhi,2017-08-17,142.6,408.2,66.2,147.1,11.1,49.1,5.3,41.9,12.2,2.83,2.75,6.02,268.2,Severe,31.141666666666666,64.79166666666667,3.39,249.04166666666666,0.0,8,3,229
Delhi,2017-08-18,405.3,222.5,98.2,135.2,203.1,1.9,1.44,59.9,147.3,4.35,24.8,8.08,133.4,Satisfactory,31.204166666666666,66.625,2.8154166666666662,214.08333333333334,0.1,8,4,230
Delhi,2017-08-19,415.5,102.9,171.6,85.1,13.8,48.7,1.55,81.7,189.6,11.53,5.68,3.26,396.1,Very Poor,28.183333333333334,83.25,3.6512499999999997,109.33333333333333,1.9,8,5,231
Delhi,2017-08-20,77.7,398.2,143.9,140.2,160.6,49.6,2.97,44.8,197.8,9.13,16.69,1.54,116.2,Satisfactory,29.59166666666667,75.08333333333333,3.4612499999999997,100.08333333333333,1.0,8,6,232
Delhi,2017-08-21,466.0,536.1,139.6,53.5,39.3,42.7,2.05,26.2,115.0,2.68,4.84,7.35,300.8,Satisfactory,29.316666666666666,78.625,3.1366666666666667,101.45833333333333,2.0,8,0,233
Delhi,2017-08-22,497.5,161.9,30.5,68.9,198.4,20.2,7.92,74.2,121.4,2.01,20.34,0.71,158.0,Satisfactory,28.770833333333332,81.95833333333333,2.1770833333333335,98.95833333333333,4.8,8,1,234
Delhi,2017-08-23,187.5,367.7,139.6,37.1,62.7,15.4,7.29,94.0,173.9,4.3,5.2,9.51,15.5,Severe,28.083333333333332,86.66666666666667,2.225,120.08333333333333,1.0,8,2,235
Delhi,2017-08-24,273.2,4.5,158.2,33.4,162.2,38.2,4.4,35.9,159.1,18.08,14.4,3.01,146.0,Poor,28.65416666666667,84.70833333333333,1.6154166666666665,138.41666666666666,0.9,8,3,236
Delhi,2017-08-25,287.9,107.7,156.0,89.7,123.0,29.7,6.84,59.3,58.3,5.54,10.27,4.77,418.9,Moderate,28.204166666666666,86.0,1.5337500000000002,144.625,8.1,8,4,237
Delhi,2017-08-26,149.0,525.4,83.2,110.6,201.1,9.3,0.87,10.1,79.8,10.13,14.32,8.23,473.0,Good,27.77916666666667,87.70833333333333,1.2483333333333333,87.625,26.5,8,5,238
Delhi,2017-08-27,298.4,114.9,61.3,71.7,91.4,31.6,3.75,22.7,132.7,13.25,21.55,1.9,493.5,Good,28.729166666666668,83.375,1.6895833333333332,100.20833333333333,6.8999999999999995,8,6,239
Delhi,2017-08-28,317.8,103.1,68.4,87.0,128.9,35.3,4.5,58.9,19.1,8.73,13.12,7.24,154.1,Severe,27.495833333333334,83.25,3.6183333333333336,88.0,7.500000000000001,8,0,240
Delhi,2017-08-29,348.4,510.7,53.5,142.3,248.2,12.6,8.63,47.4,5.8,14.57,18.3,5.13,399.4,Severe,28.208333333333332,78.95833333333333,3.952083333333333,85.20833333333333,7.3,8,1,241
Delhi,2017-08-30,402.9,5.9,4.8,10.0,93.2,17.6,2.95,40.8,12.3,11.84,4.77,1.09,298.7,Good,28.379166666666666,81.0,4.074583333333334,100.45833333333333,4.2,8,2,242
Delhi,2017-08-31,466.9,121.5,9.7,12.7,105.1,48.5,5.38,43.9,144.7,11.92,10.84,0.12,283.7,Moderate,26.541666666666668,90.08333333333333,2.69,126.08333333333333,18.1,8,3,243
Delhi,2017-09-01,30.2,551.9,16.5,55.9,185.6,17.6,1.38,78.4,2.5,4.73,25.56,6.41,230.9,Good,26.537499999999998,88.04166666666667,2.841666666666667,216.83333333333334,14.700000000000001,9,4,244
Delhi,2017-09-02,489.2,422.3,5.4,127.7,65.9,37.1,7.96,30.5,96.8,15.82,22.42,6.74,115.0,Good,25.84166666666667,89.04166666666667,2.5875,253.70833333333334,11.7,9,5,245
Delhi,2017-09-03,481.3,491.5,162.9,45.7,24.1,35.5,1.48,55.3,172.3,18.55,28.58,3.97,430.4,Satisfactory,27.662499999999998,82.04166666666667,1.6929166666666668,266.5833333333333,0.5,9,6,246
Delhi,2017-09-04,495.1,259.9,22.9,88.5,223.2,48.0,1.88,80.6,158.6,6.81,20.77,1.78,56.3,Severe,28.695833333333336,80.08333333333333,2.8229166666666665,272.2916666666667,0.7999999999999999,9,0,247
Delhi,2017-09-05,208.5,596.5,10.7,36.3,161.6,7.9,1.91,53.0,192.2,18.47,1.61,3.07,87.6,Very Poor,28.625,78.66666666666667,2.81,277.4583333333333,0.8,9,1,248
Delhi,2017-09-06,356.0,343.8,132.0,94.6,151.6,41.1,5.15,81.1,166.5,4.33,5.33,4.32,235.7,Good,28.858333333333334,77.45833333333333,2.00625,263.2083333333333,1.0999999999999999,9,2,249
Delhi,2017-09-07,468.6,232.9,3.5,104.4,229.9,15.1,5.98,13.0,57.6,0.0,14.97,3.16,484.4,Very Poor,27.454166666666666,84.625,1.595,213.45833333333334,14.1,9,3,250
Delhi,2017-09-08,16.7,186.7,31.2,30.2,56.6,4.8,0.48,90.8,187.3,6.36,18.65,3.45,334.4,Very Poor,28.325,83.20833333333333,1.6812500000000001,312.5416666666667,0.30000000000000004,9,4,251
Delhi,2017-09-09,171.2,274.2,167.4,76.1,147.9,35.5,6.12,74.4,96.6,1.98,4.89,6.81,136.4,Severe,28.71666666666667,78.5,2.28125,286.0833333333333,0.0,9,5,252
Delhi,2017-09-10,357.5,199.9,188.9,71.7,91.3,25.6,9.12,28.7,0.6,3.9,7.88,5.77,236.9,Poor,29.75,75.375,1.5329166666666667,184.08333333333334,0.0,9,6,253
Delhi,2017-09-11,486.4,5.9,144.3,35.8,188.1,24.2,9.43,65.2,7.0,11.92,27.72,3.81,342.4,Severe,29.666666666666668,73.41666666666667,1.9254166666666668,242.79166666666666,0.0,9,0,254
Delhi,2017-09-12,433.5,426.1,75.6,23.4,1.8,24.7,9.75,61.9,71.8,5.62,12.97,9.17,320.8,Very Poor,29.28333333333333,72.08333333333333,2.1858333333333335,290.0833333333333,0.0,9,1,255
Delhi,2017-09-13,213.7,337.7,70.1,130.0,135.7,11.0,7.61,15.0,12.3,9.02,6.09,4.17,487.8,Poor,29.704166666666666,71.91666666666667,1.7654166666666666,285.5833333333333,0.0,9,2,256
Delhi,2017-09-14,12.7,489.7,123.7,63.7,209.1,43.3,6.79,33.1,144.5,13.05,0.01,0.42,162.1,Moderate,29.479166666666668,74.45833333333333,1.6233333333333333,235.375,0.0,9,3,257
Delhi,2017-09-15,207.5,357.0,58.6,16.1,191.7,6.2,6.82,86.1,108.3,12.91,0.66,4.12,19.8,Satisfactory,29.358333333333334,69.83333333333333,2.137916666666667,324.2916666666667,0.0,9,4,258
Delhi,2017-09-16,117.5,273.4,194.8,147.7,238.7,34.4,1.96,16.5,108.6,15.84,12.28,9.31,408.9,Moderate,28.537499999999998,72.83333333333333,1.5595833333333333,276.7916666666667,0.0,9,5,259
Delhi,2017-09-17,239.9,402.6,97.8,126.8,96.4,0.8,6.69,72.6,94.1,6.44,28.76,7.14,387.5,Severe,28.766666666666666,70.83333333333333,2.6366666666666667,310.75,0.0,9,6,260
Delhi,2017-09-18,307.4,164.4,57.1,136.8,183.2,16.5,1.09,2.9,102.4,1.36,0.82,7.27,93.8,Moderate,29.15833333333333,66.5,2.589583333333333,267.75,0.0,9,0,261
Delhi,2017-09-19,85.6,47.2,43.1,52.8,140.0,22.8,3.2,90.5,104.8,11.63,7.03,5.09,480.1,Moderate,29.412499999999998,75.375,1.5599999999999998,125.91666666666667,0.0,9,1,262
Delhi,2017-09-20,200.1,342.4,123.9,56.5,67.6,28.2,0.11,69.1,61.9,0.12,5.3,2.04,286.0,Very Poor,29.6875,72.66666666666667,1.2783333333333333,93.54166666666667,0.0,9,2,263
Delhi,2017-09-21,333.7,558.9,171.1,52.3,239.4,39.5,1.22,22.6,182.8,0.13,20.24,9.11,453.0,Poor,29.0125,73.25,2.8745833333333333,109.625,0.0,9,3,264
Delhi,2017-09-22,367.4,341.5,63.7,70.5,87.8,5.2,7.7,71.7,162.4,2.33,16.07,3.54,309.3,Poor,25.45,87.16666666666667,3.3195833333333336,71.33333333333333,28.0,9,4,265
Delhi,2017-09-23,227.1,39.0,156.9,133.7,101.1,26.7,9.1,75.9,120.8,10.66,26.4,2.19,18.4,Satisfactory,24.270833333333332,92.66666666666667,3.0054166666666666,212.0,29.1,9,5,266
Delhi,2017-09-24,264.5,224.9,136.5,146.3,37.8,13.6,6.85,62.5,85.6,6.14,0.86,1.3,314.6,Good,25.316666666666666,84.29166666666667,3.16,274.25,0.0,9,6,267
Delhi,2017-09-25,251.1,237.4,147.2,110.4,126.2,26.7,4.45,1.5,167.2,8.28,19.67,2.14,127.7,Poor,27.2,79.04166666666667,2.840833333333333,309.375,0.0,9,0,268
Delhi,2017-09-26,85.4,43.0,169.4,124.8,95.8,25.3,0.12,55.6,47.5,10.08,26.0,0.01,389.2,Very Poor,28.079166666666666,73.20833333333333,1.9108333333333334,266.9583333333333,0.0,9,1,269
Delhi,2017-09-27,120.4,546.3,108.3,118.5,232.3,0.7,5.18,95.0,126.6,5.75,21.84,4.07,80.6,Moderate,28.025000000000002,70.95833333333333,1.6858333333333333,209.54166666666666,0.0,9,2,270
Delhi,2017-09-28,250.5,84.6,33.2,54.4,45.3,7.6,7.57,43.7,138.1,1.85,12.37,3.53,90.5,Good,28.316666666666666,70.625,1.6479166666666665,188.625,0.0,9,3,271
Delhi,2017-09-29,332.1,333.5,2.4,92.7,249.0,21.2,1.18,14.6,55.0,12.81,1.12,4.48,355.0,Very Poor,28.52916666666667,71.41666666666667,1.8945833333333333,197.08333333333334,0.0,9,4,272
Delhi,2017-09-30,493.9,294.1,78.2,3.6,12.9,29.3,7.54,82.2,149.2,17.15,25.15,7.82,55.7,Moderate,28.170833333333334,68.58333333333333,2.1945833333333336,270.0,0.0,9,5,273
Delhi,2017-10-01,34.6,585.6,154.5,104.8,92.3,17.2,6.68,30.1,193.6,18.21,10.19,8.17,257.5,Good,27.933333333333334,66.625,1.7825,203.29166666666666,0.0,10,6,274
Delhi,2017-10-02,155.3,573.5,31.4,45.6,40.4,47.0,1.48,10.4,66.3,19.24,1.61,7.07,421.1,Satisfactory,27.920833333333334,65.04166666666667,1.8141666666666667,220.625,0.0,10,0,275
Delhi,2017-10-03,227.0,336.7,121.5,65.2,89.9,30.6,8.66,95.8,198.7,13.36,13.08,7.18,286.3,Very Poor,27.09583333333333,70.16666666666667,2.0791666666666666,206.66666666666666,0.0,10,1,276
Delhi,2017-10-04,207.9,243.1,172.1,34.9,44.4,21.1,3.57,3.6,164.0,17.04,12.7,1.68,417.4,Moderate,27.358333333333334,69.04166666666667,1.9087500000000002,233.33333333333334,0.0,10,2,277
Delhi,2017-10-05,450.4,33.4,126.1,19.1,105.1,44.6,7.31,17.0,48.0,2.66,4.81,2.69,104.2,Severe,27.59166666666667,70.70833333333333,1.96125,209.625,0.0,10,3,278
Delhi,2017-10-06,339.9,316.6,147.2,122.9,24.0,32.5,7.81,56.8,75.8,16.52,8.67,6.93,363.2,Good,27.366666666666664,62.541666666666664,2.2495833333333333,339.75,0.0,10,4,279
Delhi,2017-10-07,62.4,67.4,45.2,122.0,146.2,14.0,8.24,10.3,50.0,3.48,12.09,3.26,392.0,Good,26.96666666666667,60.75,1.88375,267.4166666666667,0.0,10,5,280
Delhi,2017-10-08,421.5,168.6,146.0,92.6,170.0,30.5,6.9,13.9,90.4,2.2,25.88,4.3,305.8,Good,26.724999999999998,69.70833333333333,1.5558333333333332,75.25,0.0,10,6,281
Delhi,2017-10-09,400.2,254.6,191.8,141.3,124.8,44.2,5.3,92.3,32.6,14.84,28.45,3.32,83.9,Moderate,27.212500000000002,68.54166666666667,1.7816666666666665,91.91666666666667,0.0,10,0,282
Delhi,2017-10-10,209.6,6.1,160.3,72.9,153.1,35.5,6.31,17.8,77.6,5.03,0.05,9.4,109.9,Moderate,27.224999999999998,66.95833333333333,1.7108333333333334,74.29166666666667,0.0,10,1,283
Delhi,2017-10-11,249.5,461.6,131.9,139.3,112.4,15.4,4.75,22.0,110.5,17.94,9.71,2.68,68.9,Very Poor,27.383333333333336,65.625,1.7695833333333333,83.0,0.0,10,2,284
Delhi,2017-10-12,420.7,533.0,71.3,142.6,60.5,8.9,4.3,1.1,56.1,15.82,13.89,2.15,239.6,Very Poor,27.525000000000002,62.0,1.79375,268.5833333333333,0.0,10,3,285
Delhi,2017-10-13,22.1,349.8,164.4,96.1,135.9,48.7,8.72,83.7,53.5,6.78,1.67,0.76,351.5,Satisfactory,27.554166666666664,54.625,1.9425,248.58333333333334,0.0,10,4,286
Delhi,2017-10-14,137.5,295.1,3.9,112.0,30.5,43.0,5.52,10.8,88.7,0.97,26.81,4.67,24.2,Very Poor,26.9875,58.708333333333336,2.03375,246.5,0.0,10,5,287
Delhi,2017-10-15,406.8,432.7,129.0,96.7,79.0,30.2,6.78,75.3,158.7,17.69,29.29,7.24,469.1,Severe,27.491666666666664,57.458333333333336,1.7104166666666665,205.95833333333334,0.0,10,6,288
Delhi,2017-10-16,207.5,181.4,193.8,3.1,97.5,49.0,8.91,72.1,177.4,15.59,26.11,9.92,354.2,Moderate,26.979166666666668,60.125,2.0391666666666666,195.25,0.0,10,0,289
Delhi,2017-10-17,153.4,50.5,126.0,136.7,168.5,38.1,7.34,22.5,63.0,17.08,8.56,9.68,364.9,Good,25.604166666666668,59.0,2.4379166666666667,262.75,0.0,10,1,290
Delhi,2017-10-18,62.7,140.7,24.6,39.7,234.0,12.9,4.25,49.9,40.4,19.48,29.0,7.4,71.7,Satisfactory,25.375,69.54166666666667,2.0970833333333334,238.91666666666666,0.0,10,2,291
Delhi,2017-10-19,364.8,310.9,169.8,52.9,206.5,1.2,5.3,28.6,17.7,16.81,1.02,0.89,384.9,Severe,26.458333333333332,68.25,1.6891666666666667,32.166666666666664,0.0,10,3,292
Delhi,2017-10-20,328.6,285.7,100.0,24.2,248.4,22.5,2.57,50.6,120.1,3.4,12.14,0.95,403.8,Very Poor,27.229166666666668,63.416666666666664,1.9395833333333332,166.20833333333334,0.0,10,4,293
Delhi,2017-10-21,304.1,247.9,176.7,87.5,0.6,7.0,7.78,6.9,75.6,0.98,24.92,7.48,473.0,Very Poor,26.3,58.041666666666664,2.3720833333333333,270.75,0.0,10,5,294
Delhi,2017-10-22,310.4,483.5,16.5,74.8,9.3,29.7,3.67,92.4,158.1,16.1,26.54,4.73,404.1,Satisfactory,26.4875,54.083333333333336,2.137916666666667,151.29166666666666,0.0,10,6,295
Delhi,2017-10-23,128.9,302.0,62.1,103.0,0.2,14.5,3.5,33.3,168.0,7.92,27.96,9.14,62.3,Moderate,25.75,60.291666666666664,1.9754166666666666,136.08333333333334,0.0,10,0,296
Delhi,2017-10-24,318.4,23.7,139.6,109.2,14.9,49.2,3.2,41.0,83.6,9.13,24.56,1.06,144.9,Satisfactory,24.95,54.75,2.814166666666667,308.5,0.0,10,1,297
Delhi,2017-10-25,353.5,411.3,9.5,7.9,32.5,10.0,0.84,10.1,9.4,17.47,19.57,0.52,136.0,Poor,24.5625,51.333333333333336,1.9974999999999998,226.45833333333334,0.0,10,2,298
Delhi,2017-10-26,63.1,292.2,102.0,88.5,44.8,20.6,4.29,45.2,169.9,14.41,14.34,1.85,487.8,Severe,24.1375,57.625,1.985,151.58333333333334,0.0,10,3,299
Delhi,2017-10-27,166.9,202.3,22.7,28.5,203.8,49.5,5.01,77.3,124.4,16.77,23.99,2.18,76.8,Moderate,23.883333333333336,64.0,1.7745833333333334,117.04166666666667,0.0,10,4,300
Delhi,2017-10-28,139.7,202.2,197.7,26.6,50.4,39.1,7.72,97.1,120.6,7.18,20.3,6.08,192.3,Satisfactory,24.22083333333333,66.04166666666667,1.8333333333333333,82.08333333333333,0.0,10,5,301
Delhi,2017-10-29,114.8,397.7,28.6,127.4,99.1,48.7,6.22,22.4,101.5,0.57,11.25,0.43,409.1,Very Poor,23.537499999999998,64.16666666666667,1.7125000000000001,79.04166666666667,0.0,10,6,302
Delhi,2017-10-30,63.0,3.7,150.0,123.1,247.5,32.8,8.1,33.5,114.0,18.78,7.34,9.56,126.0,Moderate,22.770833333333332,68.16666666666667,1.7604166666666667,196.29166666666666,0.0,10,0,303
Delhi,2017-10-31,387.7,444.3,57.0,33.8,53.8,38.7,2.63,52.6,62.6,5.86,21.68,6.92,418.6,Good,23.45,68.16666666666667,1.3945833333333333,193.54166666666666,0.0,10,1,304
Delhi,2017-11-01,379.1,64.8,33.7,131.8,7.5,21.8,2.24,19.0,192.7,17.46,5.17,4.09,41.2,Very Poor,23.958333333333332,65.79166666666667,2.0241666666666664,120.20833333333333,0.0,11,2,305
Delhi,2017-11-02,44.3,115.3,102.0,126.7,248.5,47.3,7.03,12.2,49.7,15.39,1.12,2.73,7.6,Satisfactory,23.666666666666668,71.25,1.7083333333333333,104.08333333333333,0.0,11,3,306
Delhi,2017-11-03,184.9,199.9,177.3,46.2,43.5,14.1,0.56,31.1,12.4,10.21,24.18,7.83,78.6,Good,23.02916666666667,73.125,1.63,76.29166666666667,0.0,11,4,307
Delhi,2017-11-04,90.2,252.4,33.0,59.9,165.2,32.3,8.38,51.8,56.6,9.3,8.69,4.32,272.5,Poor,22.6375,74.5,1.7425,71.66666666666667,0.0,11,5,308
Delhi,2017-11-05,262.7,467.2,6.1,57.4,66.7,10.0,8.36,51.4,187.0,4.83,27.34,8.41,291.6,Good,23.133333333333336,73.5,1.2329166666666667,132.5,0.0,11,6,309
Delhi,2017-11-06,113.3,193.3,51.1,95.1,12.5,23.4,6.77,8.9,111.0,9.12,4.33,8.19,178.0,Satisfactory,23.179166666666664,70.125,1.6733333333333331,218.20833333333334,0.0,11,0,310
Delhi,2017-11-07,312.4,367.6,167.9,77.6,129.7,22.5,2.64,21.0,172.8,1.11,20.85,3.83,140.8,Moderate,22.570833333333336,74.41666666666667,1.6825,237.91666666666666,0.0,11,1,311
Delhi,2017-11-08,289.9,473.6,112.6,40.6,90.9,32.0,6.73,6.4,8.6,19.26,15.29,9.25,435.9,Very Poor,22.28333333333333,74.0,1.98375,278.9583333333333,0.0,11,2,312
Delhi,2017-11-09,167.2,41.8,102.3,67.0,151.0,3.6,4.49,45.4,130.7,6.06,23.89,3.5,373.8,Satisfactory,21.875,74.91666666666667,2.1283333333333334,191.45833333333334,0.0,11,3,313
Delhi,2017-11-10,207.1,217.6,149.5,94.1,215.5,31.8,6.84,1.2,54.9,9.13,16.66,3.44,229.1,Very Poor,21.620833333333334,72.125,2.07625,215.08333333333334,0.0,11,4,314
Delhi,2017-11-11,224.8,476.4,176.9,115.3,54.3,0.2,2.58,18.0,197.1,12.18,27.77,6.68,399.7,Severe,20.804166666666667,73.20833333333333,2.0545833333333334,218.54166666666666,0.0,11,5,315
Delhi,2017-11-12,379.9,151.9,122.9,127.3,132.4,29.7,3.09,18.9,183.9,14.79,15.56,7.52,322.8,Good,20.720833333333335,72.41666666666667,2.205,235.375,0.0,11,6,316
Delhi,2017-11-13,71.9,333.9,0.6,93.7,205.1,26.0,5.15,58.0,23.8,16.48,12.4,4.39,283.9,Satisfactory,20.620833333333334,73.45833333333333,1.7254166666666666,132.70833333333334,0.0,11,0,317
Delhi,2017-11-14,203.3,168.4,45.9,18.8,225.5,46.7,2.95,42.8,111.8,16.85,13.42,6.83,190.5,Severe,20.8875,69.08333333333333,2.9995833333333333,116.29166666666667,0.0,11,1,318
Delhi,2017-11-15,244.5,543.3,100.2,124.4,243.0,43.3,8.31,9.5,162.0,1.35,21.53,0.74,69.8,Poor,20.441666666666666,66.58333333333333,2.19375,91.04166666666667,0.0,11,2,319
Delhi,2017-11-16,128.3,41.5,1.2,147.3,49.0,6.3,5.69,42.3,98.6,5.21,19.48,7.82,285.8,Good,19.912499999999998,66.91666666666667,2.197083333333333,100.75,0.1,11,3,320
Delhi,2017-11-17,49.7,49.3,154.0,99.8,142.4,33.2,9.84,84.6,61.8,16.1,9.88,8.91,488.2,Poor,19.979166666666668,69.25,2.74875,282.6666666666667,0.0,11,4,321
Delhi,2017-11-18,435.0,418.1,130.6,18.1,217.0,13.5,8.67,83.1,166.3,9.9,5.03,2.99,90.1,Severe,20.212500000000002,68.75,2.987083333333333,322.375,0.4,11,5,322
Delhi,2017-11-19,2.7,440.6,104.0,138.4,78.3,12.8,6.55,91.9,97.9,14.4,4.74,2.93,141.0,Poor,19.2125,53.5,3.54625,320.1666666666667,0.0,11,6,323
Delhi,2017-11-20,239.3,532.4,93.7,1.2,118.7,23.0,3.95,65.6,123.2,3.16,11.5,8.98,260.3,Satisfactory,17.0,51.583333333333336,3.1170833333333334,307.0833333333333,0.0,11,0,324
Delhi,2017-11-21,234.8,485.1,53.2,134.9,45.1,42.4,7.88,91.7,97.2,11.13,1.91,4.18,429.7,Severe,16.458333333333332,53.916666666666664,3.1504166666666666,287.375,0.0,11,1,325
Delhi,2017-11-22,360.2,290.4,43.4,111.0,20.6,34.1,2.38,93.0,141.8,14.17,17.58,0.5,256.9,Good,16.670833333333334,53.583333333333336,3.1787500000000004,291.0833333333333,0.0,11,2,326
Delhi,2017-11-23,439.2,491.8,20.1,74.8,10.5,44.1,9.08,27.5,73.0,7.19,24.13,3.61,212.7,Severe,16.5875,50.708333333333336,3.158333333333333,296.7916666666667,0.0,11,3,327
Delhi,2017-11-24,148.9,114.8,102.3,79.8,104.2,17.0,6.76,87.6,163.6,3.36,22.47,2.91,234.0,Good,16.720833333333335,51.25,2.6441666666666666,292.4166666666667,0.0,11,4,328
Delhi,2017-11-25,46.7,388.1,72.7,50.1,33.9,6.3,9.63,22.5,56.3,8.06,18.51,8.46,108.2,Satisfactory,16.941666666666666,55.375,2.5820833333333333,288.375,0.0,11,5,329
Delhi,2017-11-26,125.8,554.6,147.3,3.6,105.4,49.5,2.91,90.3,16.9,16.43,19.12,0.8,287.9,Good,16.645833333333332,65.79166666666667,2.2841666666666667,298.5416666666667,0.0,11,6,330
Delhi,2017-11-27,438.9,316.2,6.1,129.7,83.1,37.8,8.84,38.9,43.1,10.08,11.43,9.36,403.6,Satisfactory,17.191666666666666,59.0,3.1033333333333335,287.6666666666667,0.0,11,0,331
Delhi,2017-11-28,249.1,547.3,77.0,7.9,190.2,14.1,1.51,96.3,53.7,14.48,14.91,7.96,177.0,Poor,16.816666666666666,64.16666666666667,2.5279166666666666,234.95833333333334,0.0,11,1,332
Delhi,2017-11-29,468.0,428.8,163.5,104.4,165.8,17.6,1.52,20.5,186.0,9.82,22.94,9.85,249.6,Very Poor,17.445833333333333,68.79166666666667,1.9029166666666668,94.54166666666667,0.0,11,2,333
Delhi,2017-11-30,301.5,598.4,156.0,66.1,163.0,20.0,3.13,9.2,156.7,2.28,25.8,7.05,70.9,Poor,16.870833333333334,70.625,1.9525,324.875,0.0,11,3,334
Delhi,2017-12-01,425.8,557.5,170.7,69.1,39.4,21.7,4.05,63.7,1.3,13.12,3.99,9.59,275.4,Satisfactory,16.412499999999998,64.45833333333333,1.8366666666666667,270.7916666666667,0.0,12,4,335
Delhi,2017-12-02,208.8,14.4,186.2,52.9,133.9,12.6,6.51,28.1,97.8,19.62,10.28,2.5,324.9,Satisfactory,16.175,64.29166666666667,1.5587499999999999,120.08333333333333,0.0,12,5,336
Delhi,2017-12-03,363.6,264.0,27.3,23.2,174.1,7.0,9.25,33.2,182.0,3.57,29.68,9.83,413.8,Poor,16.295833333333334,63.083333333333336,1.3766666666666667,256.0416666666667,0.0,12,6,337
Delhi,2017-12-04,416.6,14.0,71.7,5.8,39.0,46.8,7.57,86.3,194.8,3.06,0.97,8.17,396.3,Moderate,16.229166666666668,66.95833333333333,1.7191666666666665,311.7916666666667,0.0,12,0,338
Delhi,2017-12-05,304.8,529.8,186.5,132.6,147.5,14.2,8.66,94.7,15.6,8.33,7.12,8.8,237.9,Good,17.175,63.708333333333336,1.7270833333333335,271.2916666666667,0.0,12,1,339
Delhi,2017-12-06,353.2,166.2,63.3,137.6,240.6,38.4,6.78,85.3,148.0,6.58,6.23,2.17,376.2,Moderate,17.479166666666668,54.166666666666664,2.2675,290.9583333333333,0.0,12,2,340
Delhi,2017-12-07,238.7,129.3,76.7,100.9,159.8,19.8,0.35,31.0,86.6,7.59,17.18,5.66,387.5,Very Poor,17.291666666666668,39.541666666666664,3.0454166666666667,303.4583333333333,0.0,12,3,341
Delhi,2017-12-08,379.2,141.6,38.5,22.6,68.0,16.8,7.46,21.4,165.5,8.83,8.02,7.96,85.2,Poor,16.625,40.208333333333336,3.105,290.7916666666667,0.0,12,4,342
Delhi,2017-12-09,346.9,347.2,4.3,87.9,167.7,20.3,2.35,17.0,79.1,10.13,16.14,5.16,239.4,Severe,16.0,54.125,1.9245833333333333,273.9166666666667,0.0,12,5,343
Delhi,2017-12-10,347.9,354.7,41.7,69.7,127.2,7.9,5.69,75.5,102.6,19.1,10.94,4.96,480.3,Very Poor,16.474999999999998,66.66666666666667,1.42375,226.95833333333334,0.0,12,6,344
Delhi,2017-12-11,98.7,564.6,60.8,115.2,36.3,40.2,3.13,19.1,79.4,11.05,7.04,3.22,401.9,Poor,16.866666666666667,71.25,1.9383333333333332,157.45833333333334,2.8,12,0,345
Delhi,2017-12-12,236.3,102.9,58.1,108.6,76.1,1.6,6.15,51.6,199.6,12.62,27.88,7.28,123.3,Severe,16.558333333333334,84.375,1.4283333333333335,195.04166666666666,5.7,12,1,346
Delhi,2017-12-13,362.5,506.7,26.7,95.9,2.9,9.0,7.95,95.8,43.8,15.83,13.98,8.0,327.8,Poor,14.266666666666666,84.625,1.75375,327.0416666666667,0.0,12,2,347
Delhi,2017-12-14,396.8,473.1,181.1,40.7,60.4,18.5,3.11,28.5,45.1,8.66,14.55,4.51,197.2,Poor,13.5375,73.16666666666667,2.48375,318.875,0.0,12,3,348
Delhi,2017-12-15,378.6,154.7,134.7,12.0,38.2,14.7,9.55,85.8,28.3,2.26,2.84,9.03,193.9,Satisfactory,12.991666666666667,71.79166666666667,3.390416666666667,312.3333333333333,0.0,12,4,349
Delhi,2017-12-16,470.4,471.3,70.4,127.2,7.9,22.9,5.67,52.8,197.6,14.15,14.22,8.99,65.0,Satisfactory,12.620833333333332,64.20833333333333,4.0408333333333335,296.6666666666667,0.0,12,5,350
Delhi,2017-12-17,386.8,548.6,130.1,59.1,117.0,14.8,6.75,52.4,186.8,12.91,11.43,1.26,380.8,Moderate,13.720833333333333,52.708333333333336,4.5616666666666665,292.5833333333333,0.0,12,6,351
Delhi,2017-12-18,467.9,530.9,65.6,141.5,99.5,17.8,0.39,29.0,54.7,2.4,19.23,6.05,264.1,Very Poor,15.5875,48.083333333333336,4.6187499999999995,292.8333333333333,0.0,12,0,352
Delhi,2017-12-19,322.3,32.0,88.6,54.4,129.2,49.4,3.99,94.7,107.8,0.98,29.73,0.83,194.9,Very Poor,14.450000000000001,63.75,2.904166666666667,304.25,0.0,12,1,353
Delhi,2017-12-20,358.9,132.0,110.2,34.4,135.9,36.1,2.59,62.7,151.9,9.08,8.97,5.92,7.2,Severe,14.825000000000001,78.66666666666667,1.91375,305.8333333333333,0.0,12,2,354
Delhi,2017-12-21,188.4,492.5,160.2,91.1,184.6,42.9,2.99,11.8,82.5,2.74,6.84,6.23,399.7,Moderate,15.670833333333333,83.125,2.0933333333333333,305.375,0.0,12,3,355
Delhi,2017-12-22,9.5,248.3,179.8,132.4,227.4,43.3,1.1,89.5,161.8,15.25,21.4,4.71,166.7,Satisfactory,16.295833333333334,67.41666666666667,4.064166666666667,295.125,0.0,12,4,356
Delhi,2017-12-23,368.2,277.7,49.0,134.5,82.7,9.4,7.03,72.9,109.3,9.24,9.08,9.23,12.9,Very Poor,15.325000000000001,61.375,3.799166666666667,289.625,0.0,12,5,357
Delhi,2017-12-24,306.8,86.5,173.0,26.2,135.3,14.2,4.66,82.2,100.6,14.51,7.86,9.44,365.6,Severe,14.549999999999999,72.58333333333333,1.4366666666666665,208.33333333333334,0.0,12,6,358
Delhi,2017-12-25,92.0,384.2,159.4,0.2,234.3,45.0,5.69,33.5,19.7,13.05,17.02,6.04,124.0,Severe,14.354166666666666,75.33333333333333,2.517916666666667,276.125,0.0,12,0,359
Delhi,2017-12-26,472.3,399.8,59.7,73.5,45.0,49.7,6.47,85.6,199.7,18.45,21.78,5.54,69.4,Poor,14.125,75.04166666666667,2.5191666666666666,294.7916666666667,0.0,12,1,360
Delhi,2017-12-27,108.4,479.2,91.9,132.2,37.3,29.9,1.25,19.3,181.6,9.84,1.58,4.88,407.3,Very Poor,14.966666666666667,69.375,1.8241666666666667,271.625,0.0,12,2,361
Delhi,2017-12-28,410.7,502.2,164.5,9.5,24.9,26.3,3.27,34.4,0.1,15.83,4.83,1.55,328.0,Very Poor,14.433333333333332,75.29166666666667,2.0079166666666666,329.2916666666667,0.0,12,3,362
Delhi,2017-12-29,274.1,429.7,196.9,92.6,97.0,5.8,7.98,1.2,18.7,15.18,17.65,5.76,383.4,Severe,13.9625,78.08333333333333,2.0029166666666667,258.875,0.0,12,4,363
Delhi,2017-12-30,49.5,387.9,68.1,71.7,116.6,37.9,9.42,14.9,79.8,5.6,11.4,6.57,363.0,Severe,13.883333333333333,79.66666666666667,1.7370833333333333,310.0833333333333,0.0,12,5,364
Delhi,2017-12-31,387.4,366.1,129.5,2.5,184.2,23.5,6.11,39.7,176.0,3.34,3.43,0.96,19.1,Severe,12.541666666666666,79.5,1.8245833333333332,303.875,0.0,12,6,365
Delhi,2018-01-01,362.2,208.7,0.9,61.6,208.2,8.8,2.64,80.2,94.7,13.61,19.33,5.07,423.7,Poor,12.8375,70.58333333333333,1.7379166666666668,217.20833333333334,0.0,1,0,1
Delhi,2018-01-02,245.8,198.2,47.4,49.8,155.2,23.5,8.78,71.8,133.0,8.28,9.21,0.61,251.9,Moderate,12.775,75.5,1.8087499999999999,267.6666666666667,0.0,1,1,2
Delhi,2018-01-03,289.9,463.7,35.7,62.5,78.1,43.1,1.82,36.2,62.1,9.93,20.5,2.91,397.4,Poor,11.991666666666667,78.33333333333333,2.1179166666666664,294.0833333333333,0.0,1,2,3
Delhi,2018-01-04,415.2,529.2,71.2,76.2,217.7,2.3,8.23,68.0,65.2,4.43,20.95,8.76,284.4,Good,11.329166666666666,77.04166666666667,1.9487500000000002,220.45833333333334,0.0,1,3,4
Delhi,2018-01-05,55.2,500.2,187.8,88.8,235.9,40.0,7.96,63.1,70.3,9.7,8.46,2.37,71.8,Very Poor,11.895833333333334,77.5,1.7333333333333334,104.66666666666667,0.0,1,4,5
Delhi,2018-01-06,379.9,201.7,189.3,139.0,171.7,44.2,1.88,16.0,91.8,12.56,14.66,1.99,163.7,Satisfactory,11.445833333333333,80.58333333333333,1.98375,307.9166666666667,0.0,1,5,6
Delhi,2018-01-07,12.8,40.1,31.0,89.4,155.1,7.3,9.53,21.8,23.7,12.76,10.54,2.39,181.0,Poor,11.866666666666667,71.375,3.2424999999999997,286.875,0.0,1,6,7
Delhi,2018-01-08,201.6,407.1,36.9,142.1,213.6,19.5,0.86,70.0,179.8,7.83,18.47,1.81,335.3,Very Poor,12.0875,72.16666666666667,3.0108333333333337,288.0,0.0,1,0,8
Delhi,2018-01-09,417.0,127.0,108.3,141.1,226.7,3.3,5.58,29.9,117.9,15.89,10.68,4.76,201.3,Poor,11.891666666666666,73.375,2.5766666666666667,290.7083333333333,0.0,1,1,9
Delhi,2018-01-10,1.8,10.2,124.1,131.2,97.5,5.0,0.69,50.4,67.7,13.59,7.66,2.35,150.6,Good,13.191666666666668,69.375,3.860416666666667,287.0833333333333,0.0,1,2,10
Delhi,2018-01-11,210.3,269.9,93.9,34.6,195.6,4.6,3.33,77.3,168.7,17.28,20.89,6.67,124.5,Satisfactory,13.770833333333334,65.375,3.9475,284.7083333333333,0.0,1,3,11
Delhi,2018-01-12,40.9,420.0,121.2,65.6,140.1,28.4,1.68,43.3,118.2,3.94,25.7,2.81,319.0,Severe,14.766666666666666,61.666666666666664,2.8366666666666664,289.5833333333333,0.0,1,4,12
Delhi,2018-01-13,418.0,122.7,16.7,101.3,2.4,22.2,6.99,5.2,78.7,8.07,29.59,8.14,269.7,Satisfactory,13.295833333333334,75.375,2.245416666666667,297.4583333333333,0.0,1,5,13
Delhi,2018-01-14,385.2,553.6,116.0,61.0,118.8,28.1,6.15,37.4,130.4,9.42,17.08,6.62,17.3,Poor,13.154166666666667,71.29166666666667,2.6304166666666666,291.7083333333333,0.0,1,6,14
Delhi,2018-01-15,401.7,494.7,196.2,105.4,112.6,15.8,0.9,56.6,119.4,15.13,18.98,9.28,305.8,Poor,13.674999999999999,66.625,3.217083333333333,297.0,0.0,1,0,15
Delhi,2018-01-16,440.9,73.6,199.0,56.8,109.4,35.4,7.35,71.1,38.1,6.4,5.77,4.82,194.4,Severe,14.1625,60.375,3.23375,242.04166666666666,0.0,1,1,16
Delhi,2018-01-17,172.8,543.3,54.8,34.1,211.4,30.2,6.37,17.9,153.6,8.45,13.34,5.35,103.5,Satisfactory,13.049999999999999,77.25,2.5779166666666664,121.83333333333333,0.0,1,2,17
Delhi,2018-01-18,327.9,359.8,109.0,68.1,90.7,43.9,9.92,67.4,142.7,14.55,25.31,8.74,198.0,Moderate,14.566666666666668,78.95833333333333,2.0004166666666667,257.125,0.0,1,3,18
Delhi,2018-01-19,316.5,338.5,16.0,79.8,156.4,13.4,6.67,4.7,142.1,7.56,9.35,9.82,159.8,Very Poor,15.345833333333333,74.95833333333333,2.4670833333333335,302.7916666666667,0.0,1,4,19
Delhi,2018-01-20,442.0,112.4,24.1,66.3,1.3,44.5,6.24,80.8,198.1,3.7,29.33,8.64,356.5,Satisfactory,14.416666666666666,64.45833333333333,3.2687500000000003,288.875,0.0,1,5,20
Delhi,2018-01-21,52.8,370.2,145.1,95.9,214.7,20.9,3.79,78.0,181.6,14.6,0.22,5.75,1.9,Satisfactory,13.862499999999999,62.083333333333336,1.7791666666666668,209.45833333333334,0.0,1,6,21
Delhi,2018-01-22,198.8,538.2,145.1,120.4,242.4,4.4,5.19,51.8,123.4,8.56,6.63,6.29,90.9,Severe,13.700000000000001,72.83333333333333,1.8724999999999998,121.5,0.0,1,0,22
Delhi,2018-01-23,262.6,594.7,18.1,15.1,98.5,25.5,3.15,51.3,42.8,19.79,27.97,7.12,364.4,Good,13.079166666666666,81.125,2.9324999999999997,140.875,5.4,1,1,23
Delhi,2018-01-24,224.9,22.6,198.9,94.5,160.9,33.4,0.25,76.6,191.8,2.22,27.78,0.24,207.7,Poor,12.862499999999999,81.66666666666667,2.1416666666666666,250.33333333333334,1.3,1,2,24
Delhi,2018-01-25,150.7,517.5,66.0,71.0,80.9,32.3,2.65,10.7,111.1,7.51,14.54,9.84,295.1,Moderate,13.029166666666667,80.5,3.1799999999999997,292.5,0.0,1,3,25
Delhi,2018-01-26,164.8,325.0,81.8,63.5,179.3,31.6,9.3,97.8,126.8,11.05,14.38,1.28,222.1,Severe,12.216666666666667,82.375,2.31,307.9166666666667,0.0,1,4,26
Delhi,2018-01-27,474.3,418.9,28.8,132.3,122.3,36.8,0.05,37.4,30.4,6.04,17.75,1.19,404.7,Severe,11.9625,79.04166666666667,2.4054166666666665,305.0,0.0,1,5,27
Delhi,2018-01-28,186.0,281.5,181.0,40.1,238.3,44.6,6.97,52.4,154.5,15.02,7.41,8.25,459.2,Very Poor,12.487499999999999,78.20833333333333,2.53875,303.5833333333333,0.0,1,6,28
Delhi,2018-01-29,451.2,501.4,90.7,82.1,21.7,43.5,0.61,86.5,99.8,11.67,25.48,7.08,150.7,Severe,13.533333333333333,77.08333333333333,2.86125,298.375,0.0,1,0,29
Delhi,2018-01-30,215.2,281.9,160.4,114.1,240.5,6.5,1.83,24.3,95.6,6.15,15.62,5.32,294.2,Satisfactory,16.25,69.375,4.5925,294.25,0.0,1,1,30
Delhi,2018-01-31,113.7,69.4,19.4,105.7,221.1,9.3,8.94,43.8,46.6,18.31,2.25,8.79,289.8,Good,17.533333333333335,64.875,5.096666666666667,294.4583333333333,0.0,1,2,31
Delhi,2018-02-01,421.7,295.6,119.9,33.8,163.8,5.4,2.68,30.1,30.9,5.15,2.8,1.81,125.5,Severe,17.491666666666667,67.25,3.061666666666667,303.125,0.0,2,3,32
Delhi,2018-02-02,352.2,581.8,95.3,105.5,187.7,48.0,1.91,18.9,149.2,2.81,19.72,0.55,362.8,Severe,16.670833333333334,74.75,2.165833333333333,313.9583333333333,0.0,2,4,33
Delhi,2018-02-03,150.4,126.0,158.3,126.4,92.6,25.2,8.59,26.6,32.6,8.39,9.57,9.66,362.2,Good,16.241666666666667,61.833333333333336,2.57625,317.9583333333333,0.0,2,5,34
Delhi,2018-02-04,320.6,77.3,106.9,63.5,132.7,5.6,5.56,69.0,35.4,9.61,3.79,3.49,164.5,Moderate,14.233333333333334,61.958333333333336,3.00625,305.9166666666667,0.0,2,6,35
Delhi,2018-02-05,407.9,207.2,126.8,0.8,5.0,13.6,0.15,97.7,93.2,12.42,6.29,0.28,179.8,Very Poor,14.591666666666667,59.416666666666664,2.0904166666666666,320.125,0.0,2,0,36
Delhi,2018-02-06,221.7,152.9,33.0,43.2,145.6,26.9,3.35,34.6,134.3,18.59,16.4,3.85,26.8,Very Poor,15.766666666666667,55.666666666666664,3.2504166666666667,317.5833333333333,0.0,2,1,37
Delhi,2018-02-07,364.8,200.1,33.9,106.9,99.5,39.7,0.94,32.6,9.9,11.86,28.32,1.61,295.5,Poor,14.170833333333334,56.583333333333336,3.34125,309.375,0.0,2,2,38
Delhi,2018-02-08,182.8,549.5,34.4,65.3,164.5,41.1,3.03,35.8,10.8,18.85,4.58,6.41,299.1,Good,13.608333333333334,64.33333333333333,2.4775,317.25,0.0,2,3,39
Delhi,2018-02-09,320.9,338.1,3.8,102.7,209.5,36.0,3.88,3.4,23.4,16.97,13.58,9.72,419.8,Moderate,14.308333333333332,62.458333333333336,2.495,321.125,0.0,2,4,40
Delhi,2018-02-10,213.1,354.1,17.9,131.2,105.8,28.9,7.71,98.1,120.8,13.63,15.32,2.11,113.4,Severe,15.604166666666666,58.666666666666664,1.9095833333333332,108.33333333333333,0.0,2,5,41
Delhi,2018-02-11,329.9,383.3,143.8,121.5,237.7,5.2,9.68,64.5,51.1,15.36,10.34,2.93,249.5,Very Poor,16.075,58.041666666666664,2.8554166666666667,97.41666666666667,1.7,2,6,42
Delhi,2018-02-12,192.0,298.6,195.7,138.8,185.1,26.1,6.44,59.3,149.2,10.93,10.42,7.39,405.6,Good,15.875,79.29166666666667,4.528333333333333,103.875,2.0,2,0,43
Delhi,2018-02-13,188.3,310.6,52.1,93.7,245.2,9.0,7.69,14.4,70.9,3.37,25.76,4.95,221.3,Good,15.4375,78.83333333333333,2.152083333333333,169.33333333333334,0.0,2,1,44
Delhi,2018-02-14,348.5,331.5,171.0,64.3,73.7,35.3,2.22,16.7,109.8,16.51,3.11,6.26,377.2,Good,15.475,67.04166666666667,4.118333333333333,304.6666666666667,0.0,2,2,45
Delhi,2018-02-15,417.0,569.0,5.1,96.5,196.2,8.0,4.68,73.4,69.9,11.07,18.64,3.53,126.2,Severe,16.604166666666668,66.875,4.1499999999999995,298.7916666666667,0.0,2,3,46
Delhi,2018-02-16,303.2,532.3,106.8,96.0,164.1,46.0,1.43,86.6,176.4,11.82,21.1,4.66,344.2,Satisfactory,17.4875,68.5,3.1304166666666666,296.9583333333333,0.0,2,4,47
Delhi,2018-02-17,65.2,328.7,195.9,146.6,211.0,43.2,7.71,65.5,55.4,1.58,19.6,9.82,378.4,Moderate,17.791666666666668,68.58333333333333,3.2587499999999996,300.9583333333333,0.0,2,5,48
Delhi,2018-02-18,53.5,39.8,18.3,38.3,158.5,35.6,8.98,67.6,195.3,19.72,10.68,2.59,398.0,Satisfactory,17.054166666666667,63.458333333333336,2.6195833333333334,312.7083333333333,0.0,2,6,49
Delhi,2018-02-19,437.1,560.3,55.0,115.0,167.8,22.7,3.78,47.8,130.6,4.6,11.2,3.79,10.0,Good,16.662499999999998,64.41666666666667,2.11625,306.2916666666667,0.0,2,0,50
Delhi,2018-02-20,319.7,365.0,135.7,93.6,204.6,28.1,2.58,44.6,20.5,16.94,19.84,2.03,200.3,Good,18.758333333333333,64.83333333333333,2.37625,265.9166666666667,0.0,2,1,51
Delhi,2018-02-21,226.2,284.0,83.5,141.1,219.6,46.5,4.74,5.1,8.3,14.52,20.5,7.01,69.0,Satisfactory,21.204166666666666,60.5,1.6358333333333333,249.79166666666666,0.0,2,2,52
Delhi,2018-02-22,178.4,525.1,29.4,121.5,168.6,38.6,8.09,11.4,190.2,11.26,11.92,8.77,323.9,Moderate,21.133333333333333,67.125,2.219583333333333,237.66666666666666,0.0,2,3,53
Delhi,2018-02-23,259.3,129.9,183.0,1.0,61.2,36.1,5.3,3.3,151.6,13.72,10.4,0.47,478.7,Good,21.3875,71.45833333333333,1.6741666666666666,152.83333333333334,0.0,2,4,54
Delhi,2018-02-24,367.5,366.3,105.8,108.4,71.6,5.2,3.03,93.0,71.3,17.95,21.11,5.95,48.9,Satisfactory,20.683333333333334,74.66666666666667,2.3854166666666665,86.95833333333333,3.7,2,5,55
Delhi,2018-02-25,20.3,539.8,72.9,129.9,218.2,11.4,3.66,73.5,60.3,17.07,24.54,6.97,180.5,Satisfactory,20.912499999999998,68.33333333333333,2.6845833333333338,244.83333333333334,0.2,2,6,56
Delhi,2018-02-26,351.4,506.2,47.9,67.4,60.0,25.7,1.48,71.7,111.3,4.61,13.05,6.68,360.6,Good,20.466666666666665,64.25,4.54125,296.4166666666667,0.0,2,0,57
Delhi,2018-02-27,19.2,378.1,158.3,54.4,233.7,35.9,4.08,87.0,16.7,10.06,23.28,2.06,120.2,Severe,21.375,63.416666666666664,3.1316666666666664,304.9166666666667,0.0,2,1,58
Delhi,2018-02-28,299.6,108.5,31.6,141.0,235.3,47.0,2.87,50.9,175.8,15.44,13.14,3.98,425.9,Very Poor,21.566666666666666,67.0,2.2075,315.7083333333333,0.0,2,2,59
Delhi,2018-03-01,421.4,90.5,85.0,80.6,2.5,37.3,7.78,48.4,62.7,4.38,5.43,3.41,340.4,Satisfactory,21.40833333333333,65.41666666666667,2.4745833333333334,309.125,0.0,3,3,60
Delhi,2018-03-02,450.5,304.5,163.4,16.9,32.6,32.5,2.49,74.2,145.3,14.25,14.48,0.38,394.0,Moderate,22.84166666666667,59.958333333333336,2.4070833333333335,292.6666666666667,0.0,3,4,61
Delhi,2018-03-03,295.8,495.8,135.5,37.1,124.8,0.6,0.44,81.6,17.2,17.87,16.51,9.78,92.9,Very Poor,22.46666666666667,61.708333333333336,2.1445833333333333,225.83333333333334,0.6,3,5,62
Delhi,2018-03-04,370.6,391.1,162.9,116.0,107.6,43.1,2.95,97.0,129.6,18.47,28.3,1.18,90.6,Severe,21.579166666666666,59.791666666666664,2.9758333333333336,287.0833333333333,0.9,3,6,63
Delhi,2018-03-05,17.3,87.9,44.6,129.5,157.9,9.8,0.07,99.9,32.6,11.51,29.61,9.23,177.4,Very Poor,20.420833333333334,57.666666666666664,2.7845833333333334,319.125,0.0,3,0,64
Delhi,2018-03-06,132.8,501.4,152.8,133.2,128.2,46.0,9.62,94.3,57.7,4.01,27.5,6.47,60.1,Good,20.462500000000002,52.916666666666664,3.5395833333333333,304.4583333333333,0.0,3,1,65
Delhi,2018-03-07,330.8,210.0,188.6,10.7,180.7,19.6,6.73,87.0,161.1,0.69,4.05,3.61,41.8,Satisfactory,20.783333333333335,53.583333333333336,3.2604166666666665,305.0,0.0,3,2,66
Delhi,2018-03-08,377.7,156.1,46.7,146.1,180.2,37.6,7.38,49.2,7.1,5.2,22.57,8.53,386.6,Severe,21.3875,58.166666666666664,1.5824999999999998,141.08333333333334,0.0,3,3,67
Delhi,2018-03-09,337.9,551.6,15.7,53.1,131.6,29.3,9.18,58.8,73.6,19.28,10.88,8.26,368.5,Good,22.75,52.833333333333336,2.5675,273.625,0.2,3,4,68
Delhi,2018-03-10,27.7,531.9,54.7,27.7,192.2,46.8,2.71,56.7,63.0,16.56,4.81,5.39,83.6,Moderate,23.02916666666667,49.583333333333336,3.5408333333333335,307.5,0.0,3,5,69
Delhi,2018-03-11,40.9,249.4,101.4,121.4,24.9,2.4,4.39,16.0,130.2,7.02,13.18,4.27,11.7,Poor,23.224999999999998,53.458333333333336,3.245416666666667,308.2083333333333,0.0,3,6,70
Delhi,2018-03-12,362.1,104.1,116.7,134.8,75.1,8.5,4.06,20.5,106.1,11.49,14.54,2.14,7.0,Severe,23.7,54.458333333333336,2.950833333333333,303.0,0.0,3,0,71
Delhi,2018-03-13,486.1,82.7,95.5,96.4,125.9,13.8,1.17,22.7,117.2,18.12,0.56,7.17,278.6,Poor,25.25,49.416666666666664,2.4920833333333334,235.29166666666666,0.0,3,1,72
Delhi,2018-03-14,74.5,179.2,121.9,94.4,242.4,21.6,0.63,28.8,91.1,5.05,26.08,7.55,220.1,Good,25.258333333333336,40.208333333333336,2.30875,169.70833333333334,0.0,3,2,73
Delhi,2018-03-15,342.2,309.1,170.9,92.0,81.4,5.5,7.74,54.5,151.1,10.0,27.7,3.4,233.6,Very Poor,23.370833333333334,45.916666666666664,2.4920833333333334,211.875,0.5,3,3,74
Delhi,2018-03-16,185.4,479.9,128.7,99.5,205.1,22.6,8.46,30.4,78.7,12.8,29.64,3.88,174.7,Satisfactory,22.275000000000002,51.208333333333336,2.7416666666666667,274.9583333333333,0.5,3,4,75
Delhi,2018-03-17,83.6,309.6,192.5,32.8,126.2,21.1,4.99,25.5,45.7,15.99,5.59,7.83,198.6,Good,21.858333333333334,41.333333333333336,3.5404166666666668,308.0833333333333,0.0,3,5,76
Delhi,2018-03-18,458.0,213.0,34.1,96.3,248.1,36.3,7.81,76.3,57.1,8.89,5.65,1.78,37.9,Poor,22.570833333333336,42.041666666666664,3.1575,258.1666666666667,0.0,3,6,77
Delhi,2018-03-19,145.2,183.3,195.5,6.1,46.8,34.6,2.12,93.7,163.7,6.17,8.77,4.39,2.1,Severe,23.775000000000002,41.833333333333336,2.512916666666667,286.7916666666667,0.0,3,0,78
Delhi,2018-03-20,443.7,314.3,173.7,122.7,78.6,45.9,1.68,29.1,20.6,11.05,5.2,8.28,297.3,Moderate,24.166666666666668,49.958333333333336,1.9016666666666666,260.1666666666667,0.0,3,1,79
Delhi,2018-03-21,357.0,544.7,124.7,149.0,70.6,42.5,5.74,32.2,96.5,4.27,5.15,0.42,304.0,Very Poor,23.34166666666667,59.083333333333336,2.872916666666667,166.25,1.8,3,2,80
Delhi,2018-03-22,380.4,129.5,61.0,107.0,243.5,25.2,8.1,89.3,22.6,8.55,2.59,3.22,259.8,Very Poor,22.958333333333332,57.208333333333336,2.4250000000000003,251.29166666666666,0.0,3,3,81
Delhi,2018-03-23,40.7,475.8,192.8,122.7,20.6,11.4,6.05,5.8,191.4,14.97,0.92,0.92,414.4,Satisfactory,22.675,56.666666666666664,2.67375,307.875,0.0,3,4,82
Delhi,2018-03-24,242.3,579.1,195.6,117.5,108.4,46.5,4.69,37.9,110.4,3.58,20.98,3.58,175.6,Good,24.116666666666664,50.625,3.0591666666666666,314.4166666666667,0.0,3,5,83
Delhi,2018-03-25,75.2,347.3,16.4,10.3,1.4,33.4,3.9,51.8,93.2,19.07,5.13,5.96,186.0,Satisfactory,24.829166666666666,46.125,3.5933333333333333,308.25,0.0,3,6,84
Delhi,2018-03-26,365.5,338.4,143.9,124.8,83.6,7.5,5.6,71.9,146.1,14.08,21.4,7.17,342.8,Severe,25.775000000000002,44.666666666666664,3.794583333333333,302.5416666666667,0.0,3,0,85
Delhi,2018-03-27,373.0,28.6,153.8,66.3,112.3,10.5,3.88,54.3,186.4,16.86,9.15,6.69,130.4,Poor,25.974999999999998,44.708333333333336,2.665,230.83333333333334,0.0,3,1,86
Delhi,2018-03-28,256.5,80.1,156.5,119.7,72.4,47.1,5.18,78.9,81.3,15.43,24.23,9.2,30.1,Very Poor,27.495833333333334,41.166666666666664,2.1708333333333334,238.875,0.0,3,2,87
Delhi,2018-03-29,45.5,9.2,181.4,99.0,95.0,43.7,5.84,25.5,88.4,4.79,24.13,2.57,373.3,Very Poor,27.333333333333332,34.666666666666664,3.7854166666666664,305.2083333333333,0.0,3,3,88
Delhi,2018-03-30,487.7,79.7,49.0,10.4,247.3,36.6,5.05,22.0,97.6,4.46,14.31,9.27,184.3,Moderate,26.537499999999998,36.208333333333336,3.7641666666666667,247.83333333333334,0.0,3,4,89
Delhi,2018-03-31,175.9,331.5,39.6,124.0,87.1,35.5,1.64,37.0,137.2,11.53,8.9,3.71,392.2,Severe,25.366666666666664,48.291666666666664,3.202916666666667,109.875,0.0,3,5,90
Delhi,2018-04-01,8.0,285.8,44.2,143.9,209.9,40.5,6.62,30.6,14.6,17.4,9.15,6.7,231.5,Severe,26.2,46.458333333333336,2.939166666666667,104.5,0.0,4,6,91
Delhi,2018-04-02,315.2,18.1,147.9,6.1,113.0,42.9,0.1,12.2,85.1,16.01,11.62,7.58,317.3,Satisfactory,27.566666666666666,47.958333333333336,2.41,112.125,0.0,4,0,92
Delhi,2018-04-03,194.3,43.2,161.0,67.0,168.5,31.6,2.3,97.2,195.0,0.8,4.88,0.76,233.8,Very Poor,28.224999999999998,47.458333333333336,2.2529166666666667,139.0,2.4,4,1,93
Delhi,2018-04-04,387.8,571.0,122.2,119.5,58.8,42.2,4.38,78.0,76.1,15.2,23.04,3.57,306.1,Very Poor,28.733333333333334,45.625,2.2266666666666666,166.875,0.0,4,2,94
Delhi,2018-04-05,387.3,15.0,23.6,30.0,68.0,12.1,1.51,52.3,185.5,18.93,19.55,9.92,30.4,Poor,28.1125,50.875,1.6695833333333334,120.0,0.9,4,3,95
Delhi,2018-04-06,10.8,579.1,101.8,76.2,190.7,6.6,4.46,95.8,178.7,11.59,20.66,2.2,460.9,Moderate,27.84166666666667,53.083333333333336,1.6979166666666667,153.41666666666666,0.7000000000000001,4,4,96
Delhi,2018-04-07,360.7,170.9,31.1,1.6,40.9,49.9,8.97,36.3,158.6,14.65,4.16,3.1,39.4,Satisfactory,26.7625,55.916666666666664,2.9104166666666664,119.04166666666667,4.0,4,5,97
Delhi,2018-04-08,186.8,236.2,1.7,79.8,40.0,34.4,8.21,87.7,24.3,2.18,9.18,5.51,247.3,Very Poor,26.629166666666666,56.791666666666664,3.5241666666666664,109.08333333333333,5.6000000000000005,4,6,98
Delhi,2018-04-09,275.8,227.0,154.8,11.5,238.7,41.0,2.51,77.5,132.6,12.75,2.61,5.33,73.7,Severe,25.754166666666666,61.208333333333336,2.5858333333333334,117.20833333333333,2.7,4,0,99
Delhi,2018-04-10,100.4,242.3,137.5,131.9,213.0,23.7,5.31,15.1,10.7,12.3,27.17,9.97,298.1,Satisfactory,26.912499999999998,58.375,2.2529166666666667,172.25,1.4,4,1,100
Delhi,2018-04-11,338.4,211.2,158.4,63.1,147.7,17.5,9.63,36.8,173.6,6.69,5.33,6.7,233.0,Good,25.266666666666666,65.20833333333333,3.4454166666666666,85.45833333333333,0.8999999999999999,4,2,101
Delhi,2018-04-12,95.6,183.6,169.1,125.7,4.9,26.9,4.84,67.6,186.2,3.66,22.73,5.32,305.4,Very Poor,25.59583333333333,61.25,1.69125,184.5,0.0,4,3,102
Delhi,2018-04-13,289.1,436.4,103.5,97.9,109.2,42.3,1.06,62.1,156.0,19.01,23.65,0.41,282.2,Satisfactory,26.224999999999998,43.0,2.645,282.7083333333333,0.0,4,4,103
Delhi,2018-04-14,477.1,323.6,144.7,24.3,139.4,38.1,4.72,42.0,9.9,10.99,23.51,8.68,384.6,Satisfactory,27.583333333333332,32.958333333333336,2.9166666666666665,317.875,0.0,4,5,104
Delhi,2018-04-15,55.4,507.7,94.0,144.9,232.2,28.0,1.8,89.0,10.4,2.19,21.94,4.09,102.9,Satisfactory,28.979166666666668,33.708333333333336,2.4808333333333334,262.8333333333333,0.6,4,6,105
Delhi,2018-04-16,220.6,510.8,94.2,34.9,16.9,15.4,6.39,15.6,96.2,4.42,8.29,9.03,166.5,Severe,28.8,37.708333333333336,2.750833333333333,136.125,1.7,4,0,106
Delhi,2018-04-17,119.8,67.0,65.6,71.2,194.4,24.6,9.09,84.6,127.4,4.28,15.88,0.06,455.5,Satisfactory,29.733333333333334,34.916666666666664,2.2925,205.70833333333334,0.2,4,1,107
Delhi,2018-04-18,134.8,266.1,4.2,142.6,56.6,15.9,8.73,33.1,94.8,5.72,16.92,5.18,284.5,Good,29.795833333333334,28.083333333333332,4.558333333333334,309.5833333333333,0.0,4,2,108
Delhi,2018-04-19,165.5,256.5,24.3,92.9,204.9,42.3,6.36,58.2,175.0,10.88,18.22,1.4,277.8,Severe,30.229166666666668,28.125,3.407916666666667,239.33333333333334,0.1,4,3,109
Delhi,2018-04-20,478.2,270.8,117.0,61.9,143.0,3.9,1.89,40.6,105.3,10.69,16.88,1.02,365.6,Good,30.145833333333332,28.25,4.331666666666666,179.91666666666666,0.0,4,4,110
Delhi,2018-04-21,111.3,204.3,139.3,18.7,208.4,12.9,8.6,55.7,13.6,0.0,21.28,7.72,364.4,Good,27.229166666666668,34.333333333333336,3.485416666666667,309.75,0.0,4,5,111
Delhi,2018-04-22,63.7,246.4,54.6,98.5,121.4,18.8,1.56,39.1,103.7,15.61,17.33,0.27,360.2,Satisfactory,27.620833333333334,24.791666666666668,4.285833333333334,316.75,0.0,4,6,112
Delhi,2018-04-23,454.0,566.0,141.8,110.7,138.1,10.1,9.49,8.5,0.2,15.32,29.62,4.28,410.2,Satisfactory,28.379166666666666,24.166666666666668,3.8204166666666666,303.5416666666667,0.0,4,0,113
Delhi,2018-04-24,331.9,385.5,194.4,36.4,221.9,45.0,6.63,60.7,102.1,3.42,12.95,0.7,417.4,Moderate,29.962500000000002,21.791666666666668,2.924583333333333,263.5416666666667,0.0,4,1,114
Delhi,2018-04-25,491.1,383.0,23.5,110.5,67.7,29.5,9.82,86.8,143.6,15.27,3.86,0.08,236.4,Moderate,31.770833333333332,20.833333333333332,2.7558333333333334,234.29166666666666,0.0,4,2,115
Delhi,2018-04-26,351.9,386.9,87.4,28.8,232.0,2.7,1.21,7.6,98.3,14.61,20.03,0.2,211.5,Good,32.291666666666664,22.541666666666668,2.5079166666666666,199.29166666666666,0.0,4,3,116
Delhi,2018-04-27,340.2,354.8,45.4,137.8,152.8,7.1,7.91,95.9,20.2,11.27,25.2,4.38,293.6,Good,30.8625,43.666666666666664,3.6687499999999997,108.875,2.0,4,4,117
Delhi,2018-04-28,185.2,267.2,39.9,107.0,17.5,13.4,9.77,80.5,43.7,17.82,13.65,8.02,203.1,Poor,30.8,44.375,3.529583333333333,111.125,0.2,4,5,118
Delhi,2018-04-29,25.1,212.9,98.1,57.8,115.3,15.4,9.36,75.2,123.1,5.95,23.27,3.98,418.4,Moderate,30.945833333333336,44.875,2.715833333333333,159.375,0.1,4,6,119
Delhi,2018-04-30,383.7,16.6,55.6,10.5,89.5,46.6,4.04,27.7,131.3,1.51,29.22,2.88,149.9,Good,30.958333333333332,44.916666666666664,3.2091666666666665,117.91666666666667,0.5,4,0,120
Delhi,2018-05-01,215.7,427.9,175.3,145.2,243.4,40.7,8.55,11.4,95.8,7.89,8.39,1.59,102.5,Very Poor,30.462500000000002,51.958333333333336,4.7775,103.5,12.7,5,1,121
Delhi,2018-05-02,331.6,464.5,197.5,47.4,226.3,10.0,0.17,30.8,180.7,9.46,4.19,3.3,296.0,Very Poor,29.925,53.75,4.6812499999999995,131.25,6.8,5,2,122
Delhi,2018-05-03,490.8,199.6,1.9,111.1,123.6,28.3,5.13,11.1,142.6,8.59,3.89,9.78,489.0,Satisfactory,28.9875,57.0,4.475833333333333,108.29166666666667,0.0,5,3,123
Delhi,2018-05-04,352.4,185.8,130.2,54.5,43.5,6.0,1.02,45.6,14.4,2.9,4.03,9.53,156.9,Satisfactory,29.333333333333332,53.541666666666664,3.4479166666666665,119.83333333333333,0.0,5,4,124
Delhi,2018-05-05,354.7,236.9,152.1,111.8,159.6,46.7,1.77,51.0,79.6,9.85,1.65,0.73,335.3,Moderate,30.491666666666664,47.625,1.95,178.45833333333334,0.4,5,5,125
Delhi,2018-05-06,92.5,258.3,129.8,140.6,166.5,40.3,0.88,40.9,171.3,16.36,27.13,5.01,420.8,Good,30.995833333333334,40.375,2.815,190.875,0.3,5,6,126
Delhi,2018-05-07,86.2,497.6,47.1,106.3,225.6,4.8,6.72,97.9,154.4,5.09,4.63,1.86,169.2,Good,30.1125,39.666666666666664,2.5775,183.875,0.0,5,0,127
Delhi,2018-05-08,393.4,365.7,86.5,116.6,162.4,30.5,3.99,68.4,99.4,0.15,17.65,7.79,93.8,Severe,27.425,46.625,2.63625,266.375,3.6,5,1,128
Delhi,2018-05-09,4.1,167.0,131.5,7.5,137.7,46.3,8.74,65.2,84.5,11.4,3.32,9.52,248.2,Satisfactory,28.370833333333334,43.708333333333336,2.0308333333333333,183.95833333333334,0.0,5,2,129
Delhi,2018-05-10,66.8,185.7,158.7,23.6,41.7,12.1,4.82,87.8,42.4,11.9,28.9,5.7,256.1,Moderate,30.287499999999998,39.416666666666664,2.165833333333333,236.29166666666666,0.0,5,3,130
Delhi,2018-05-11,369.1,140.9,149.2,38.2,215.5,28.3,0.88,42.4,42.9,5.55,26.2,9.45,270.2,Moderate,32.65416666666667,36.416666666666664,2.4995833333333333,236.79166666666666,0.0,5,4,131
Delhi,2018-05-12,302.0,444.9,167.6,145.0,70.7,24.0,9.43,66.1,61.7,8.16,26.12,4.36,265.9,Severe,32.1,43.625,2.60875,152.70833333333334,2.7,5,5,132
Delhi,2018-05-13,101.0,523.4,83.0,6.9,26.5,21.8,6.62,66.4,188.6,7.46,28.38,9.87,227.1,Severe,29.866666666666664,56.75,3.1487499999999997,162.33333333333334,2.1,5,6,133
Delhi,2018-05-14,6.5,498.0,156.4,130.2,120.8,35.9,9.45,21.3,68.5,13.09,13.59,6.72,207.8,Satisfactory,29.962500000000002,52.375,2.1750000000000003,105.66666666666667,0.7,5,0,134
Delhi,2018-05-15,124.6,367.2,196.6,38.9,170.1,4.3,3.03,88.9,136.5,9.9,22.31,4.72,285.4,Poor,30.96666666666667,51.375,2.32125,105.91666666666667,0.0,5,1,135
Delhi,2018-05-16,244.5,366.6,194.9,47.3,206.7,49.5,9.2,58.5,70.4,17.37,18.03,8.93,85.2,Severe,32.170833333333334,43.0,2.19875,246.875,0.0,5,2,136
Delhi,2018-05-17,296.5,481.3,54.9,79.9,37.8,12.3,6.23,21.8,195.5,18.87,25.73,3.39,285.3,Good,32.57083333333333,31.0,2.152083333333333,209.875,0.0,5,3,137
Delhi,2018-05-18,326.6,308.8,77.2,39.5,128.5,24.3,2.34,89.4,144.1,0.66,24.48,6.68,412.7,Very Poor,32.35,34.833333333333336,1.8766666666666667,107.875,0.0,5,4,138
Delhi,2018-05-19,237.2,113.1,196.9,133.6,110.6,23.9,7.15,98.6,125.9,17.55,19.78,9.34,339.8,Poor,32.237500000000004,40.208333333333336,1.9108333333333334,232.16666666666666,1.3,5,5,139
Delhi,2018-05-20,204.8,584.3,26.8,36.5,50.7,2.9,3.62,0.7,47.3,13.3,9.07,0.69,25.4,Very Poor,33.1625,28.458333333333332,2.87125,317.25,0.0,5,6,140
Delhi,2018-05-21,441.7,132.7,18.4,120.8,145.5,30.8,2.25,26.9,72.0,6.95,27.46,6.46,283.6,Poor,34.06666666666667,17.541666666666668,3.529583333333333,332.2083333333333,0.0,5,0,141
Delhi,2018-05-22,162.9,396.4,95.6,37.1,193.0,8.4,9.02,9.4,88.1,9.24,14.88,8.25,286.3,Satisfactory,35.62916666666667,18.333333333333332,3.0370833333333334,270.375,0.0,5,1,142
Delhi,2018-05-23,415.9,264.0,195.7,19.9,79.4,49.7,9.45,51.8,105.5,18.31,5.44,7.2,486.2,Moderate,34.295833333333334,27.75,2.94375,138.33333333333334,0.0,5,2,143
Delhi,2018-05-24,326.0,577.9,77.8,115.3,59.1,28.3,5.42,82.7,15.1,6.86,16.66,8.42,382.4,Severe,33.545833333333334,33.208333333333336,2.39,144.79166666666666,0.0,5,3,144
Delhi,2018-05-25,247.1,388.9,95.1,90.8,147.4,46.0,1.08,43.2,82.8,8.39,8.72,0.28,416.1,Very Poor,34.63333333333333,24.875,2.70875,289.0833333333333,0.0,5,4,145
Delhi,2018-05-26,125.1,114.2,113.6,121.7,219.2,17.0,4.23,24.6,148.3,15.95,20.03,1.06,167.8,Severe,34.7875,17.916666666666668,2.67,244.20833333333334,0.0,5,5,146
Delhi,2018-05-27,479.4,418.5,182.9,85.6,164.8,0.9,2.27,4.0,76.9,10.64,10.05,3.61,359.8,Satisfactory,35.11666666666667,20.5,2.8558333333333334,199.16666666666666,0.0,5,6,147
Delhi,2018-05-28,124.0,210.0,127.9,116.4,65.5,18.5,5.51,39.9,72.6,15.54,2.43,6.18,319.9,Moderate,34.458333333333336,29.75,2.4725,176.625,0.0,5,0,148
Delhi,2018-05-29,76.7,101.9,134.5,101.7,80.0,11.6,8.85,53.8,106.2,4.79,23.42,1.41,476.8,Satisfactory,33.62083333333333,36.708333333333336,3.5879166666666666,144.54166666666666,0.1,5,1,149
Delhi,2018-05-30,475.4,255.9,177.1,109.5,87.8,33.2,2.6,4.8,122.6,9.13,22.75,6.35,66.3,Good,32.416666666666664,50.625,3.975,128.20833333333334,1.5,5,2,150
Delhi,2018-05-31,360.1,320.6,52.8,128.5,23.0,1.3,8.32,41.0,138.3,17.81,22.84,2.17,17.0,Poor,33.97083333333333,48.208333333333336,3.1487499999999997,123.45833333333333,0.1,5,3,151
Delhi,2018-06-01,488.5,512.9,23.2,55.0,123.0,48.3,1.58,94.1,138.7,4.62,17.23,5.21,27.0,Satisfactory,33.50833333333333,50.291666666666664,4.950833333333333,107.83333333333333,1.7,6,4,152
Delhi,2018-06-02,197.0,348.9,66.5,30.8,127.6,19.3,7.81,70.6,118.5,6.12,0.05,4.59,76.9,Moderate,32.5875,50.791666666666664,4.3012500000000005,102.75,0.0,6,5,153
Delhi,2018-06-03,203.1,508.6,15.1,131.3,245.1,4.2,0.58,17.5,45.3,10.27,28.64,2.84,466.8,Very Poor,32.62916666666667,54.291666666666664,3.627083333333333,99.29166666666667,0.0,6,6,154
Delhi,2018-06-04,182.7,574.3,193.7,78.4,6.1,36.7,2.63,66.6,61.0,8.26,2.24,9.7,60.7,Severe,34.56666666666667,47.291666666666664,4.340833333333333,114.70833333333333,0.0,6,0,155
Delhi,2018-06-05,276.0,560.7,119.6,70.7,89.5,37.2,1.18,51.8,179.2,6.46,12.16,7.15,447.8,Good,35.175000000000004,45.166666666666664,4.335833333333333,106.33333333333333,0.1,6,1,156
Delhi,2018-06-06,442.6,49.5,16.4,88.4,118.5,5.8,6.67,33.9,188.5,2.45,4.94,7.71,95.2,Satisfactory,33.4125,55.083333333333336,3.2045833333333333,94.75,0.6000000000000001,6,2,157
Delhi,2018-06-07,80.7,465.7,55.5,88.5,184.9,28.9,9.61,67.9,6.8,19.84,3.94,5.8,318.0,Satisfactory,34.083333333333336,53.791666666666664,2.54,92.95833333333333,0.0,6,3,158
Delhi,2018-06-08,61.6,289.3,51.0,64.9,21.3,37.5,4.17,54.3,120.5,16.3,15.58,5.01,147.3,Satisfactory,34.625,53.75,4.378333333333333,113.5,0.0,6,4,159
Delhi,2018-06-09,90.8,185.4,143.2,46.8,229.7,39.8,4.19,22.3,185.4,3.7,14.86,0.51,466.5,Satisfactory,31.541666666666668,69.54166666666667,3.845416666666667,123.875,13.899999999999999,6,5,160
Delhi,2018-06-10,396.3,35.9,6.5,120.6,170.3,18.6,7.92,77.3,23.1,7.62,10.46,5.55,56.0,Moderate,31.495833333333334,68.08333333333333,1.5804166666666666,207.16666666666666,2.4,6,6,161
Delhi,2018-06-11,230.6,160.6,112.5,45.2,136.6,17.4,6.3,44.8,42.5,8.61,27.98,3.49,270.7,Moderate,34.104166666666664,52.791666666666664,3.080416666666667,255.75,0.0,6,0,162
Delhi,2018-06-12,130.4,219.3,90.7,85.7,121.2,1.2,4.38,26.4,36.7,9.86,11.83,6.05,88.1,Poor,35.59583333333333,39.791666666666664,3.1791666666666667,284.625,0.0,6,1,163
Delhi,2018-06-13,337.5,570.8,128.6,73.2,245.3,24.0,0.96,98.6,97.0,15.6,10.04,2.75,309.2,Severe,36.49583333333333,38.083333333333336,4.192916666666666,265.7916666666667,0.0,6,2,164
Delhi,2018-06-14,82.5,474.8,48.6,114.0,78.6,15.1,0.91,32.9,4.3,12.32,4.18,6.63,66.4,Good,36.170833333333334,36.5,5.478750000000001,252.5,0.0,6,3,165
Delhi,2018-06-15,185.2,404.2,13.0,44.5,53.9,48.1,0.88,8.3,79.8,17.17,29.04,4.66,211.7,Good,35.67916666666667,35.625,5.09125,269.5,0.0,6,4,166
Delhi,2018-06-16,454.3,430.9,49.0,71.6,162.6,15.5,6.94,25.9,36.9,4.71,2.54,8.05,87.2,Poor,34.920833333333334,42.291666666666664,3.9516666666666667,211.41666666666666,0.0,6,5,167
Delhi,2018-06-17,187.2,488.8,18.1,104.4,185.3,7.3,3.14,83.4,91.9,15.02,11.32,9.91,455.3,Moderate,31.520833333333332,59.166666666666664,2.87125,118.0,0.1,6,6,168
Delhi,2018-06-18,350.2,204.6,116.2,99.3,62.0,13.6,4.57,84.8,51.3,16.12,11.52,5.94,179.5,Very Poor,31.204166666666666,55.791666666666664,2.1766666666666667,244.66666666666666,0.2,6,0,169
Delhi,2018-06-19,381.2,369.0,58.7,73.7,188.4,25.0,3.79,89.5,50.9,1.11,22.55,5.54,291.2,Severe,32.766666666666666,51.875,2.4433333333333334,247.29166666666666,0.0,6,1,170
Delhi,2018-06-20,33.3,367.7,33.8,34.5,78.5,41.7,8.91,76.6,0.0,3.29,10.9,6.65,268.6,Good,34.81666666666667,47.208333333333336,1.44125,198.375,0.0,6,2,171
Delhi,2018-06-21,348.1,419.0,52.8,78.3,8.5,34.8,4.98,19.6,154.6,11.6,3.17,9.35,244.5,Good,35.270833333333336,45.25,1.71125,206.95833333333334,0.0,6,3,172
Delhi,2018-06-22,487.3,25.2,189.8,73.1,190.7,5.7,8.02,75.0,48.0,4.28,1.8,4.67,167.1,Poor,35.975,43.541666666666664,1.4666666666666668,150.79166666666666,0.0,6,4,173
Delhi,2018-06-23,52.5,483.4,109.2,46.7,245.9,0.7,3.4,22.2,167.6,10.98,12.82,4.91,372.4,Severe,35.762499999999996,41.416666666666664,2.200416666666667,185.04166666666666,0.0,6,5,174
Delhi,2018-06-24,262.2,106.7,168.4,70.9,244.1,11.1,6.92,28.4,89.3,19.67,28.35,1.04,252.6,Good,35.391666666666666,40.625,2.529166666666667,235.20833333333334,0.0,6,6,175
Delhi,2018-06-25,470.3,211.7,55.1,136.0,234.2,16.4,4.6,46.8,181.7,4.5,12.05,4.38,108.9,Severe,36.40833333333333,35.458333333333336,3.4875000000000003,288.75,0.0,6,0,176
Delhi,2018-06-26,223.9,361.4,186.9,91.0,175.1,6.1,9.89,40.5,175.5,3.66,8.29,8.59,287.4,Satisfactory,33.295833333333334,51.75,2.733333333333333,271.75,0.4,6,1,177
Delhi,2018-06-27,76.8,206.6,145.7,39.4,100.9,39.7,5.52,90.4,53.9,9.51,9.12,3.97,361.3,Satisfactory,29.266666666666666,79.25,2.3495833333333334,107.83333333333333,30.3,6,2,178
Delhi,2018-06-28,409.9,441.4,64.8,22.2,130.3,6.7,7.53,94.2,59.6,4.56,10.62,3.44,354.7,Very Poor,28.8,80.54166666666667,3.9904166666666665,114.33333333333333,15.5,6,3,179
Delhi,2018-06-29,234.9,252.4,14.2,75.0,133.8,3.9,7.27,27.6,79.9,11.89,13.97,3.44,30.5,Moderate,29.724999999999998,74.375,4.548333333333333,109.75,2.3,6,4,180
Delhi,2018-06-30,133.1,296.4,48.5,96.8,98.9,42.3,4.12,23.2,160.4,0.67,12.05,5.02,371.1,Moderate,29.8,79.33333333333333,2.2083333333333335,159.20833333333334,5.3,6,5,181
Delhi,2018-07-01,228.6,272.1,74.2,9.7,131.3,5.3,9.16,67.1,137.2,14.05,11.74,1.12,110.4,Good,30.495833333333334,78.375,2.5695833333333336,237.66666666666666,8.8,7,6,182
Delhi,2018-07-02,139.6,97.6,176.1,45.4,72.1,48.7,0.72,54.8,107.8,7.31,4.58,8.93,389.4,Very Poor,30.670833333333334,72.58333333333333,3.407083333333333,231.58333333333334,10.2,7,0,183
Delhi,2018-07-03,73.9,359.6,37.0,63.7,119.2,6.5,4.79,82.8,12.8,18.61,9.56,5.58,87.7,Very Poor,30.683333333333334,69.375,2.1595833333333334,220.04166666666666,0.2,7,1,184
Delhi,2018-07-04,346.7,297.0,190.1,94.1,235.8,37.9,2.56,58.4,159.8,14.39,26.22,6.75,416.8,Very Poor,29.079166666666666,78.75,2.5766666666666667,189.33333333333334,1.2,7,2,185
Delhi,2018-07-05,365.7,159.3,56.3,116.5,106.5,31.0,0.82,30.7,150.0,19.41,13.92,3.04,90.4,Very Poor,30.8625,72.04166666666667,1.7766666666666666,188.29166666666666,0.0,7,3,186
Delhi,2018-07-06,279.0,448.9,123.1,111.5,186.0,22.4,6.12,7.1,187.5,0.12,5.8,3.73,340.9,Moderate,31.258333333333336,68.125,2.347916666666667,299.0833333333333,0.0,7,4,187
Delhi,2018-07-07,454.3,227.6,32.5,25.6,241.2,22.0,3.55,70.5,58.9,2.43,4.28,4.32,192.9,Very Poor,31.84166666666667,65.875,2.155416666666667,301.2083333333333,0.0,7,5,188
Delhi,2018-07-08,227.8,506.5,186.2,15.5,20.1,4.5,2.8,22.6,114.7,14.17,28.97,0.83,45.6,Good,32.729166666666664,63.125,1.6683333333333332,272.5416666666667,0.0,7,6,189
Delhi,2018-07-09,465.4,226.4,154.3,48.7,192.7,33.7,5.62,68.7,141.6,3.37,15.38,6.9,441.2,Poor,32.858333333333334,65.95833333333333,2.499166666666667,123.75,0.1,7,0,190
Delhi,2018-07-10,93.1,322.8,100.0,95.1,185.2,31.6,6.88,35.9,109.1,0.37,19.96,2.85,483.0,Moderate,32.666666666666664,68.66666666666667,3.1875,115.66666666666667,0.6,7,1,191
Delhi,2018-07-11,352.0,291.1,183.0,71.3,46.1,42.6,7.96,70.0,43.4,13.09,10.94,7.55,165.1,Satisfactory,31.587500000000002,73.625,2.8158333333333334,119.375,4.0,7,2,192
Delhi,2018-07-12,129.5,119.6,167.6,46.4,169.1,34.4,6.95,63.5,188.7,6.22,6.48,4.15,477.7,Good,29.55,81.16666666666667,2.09,114.08333333333333,8.2,7,3,193
Delhi,2018-07-13,165.0,330.2,10.2,39.5,113.3,41.2,4.36,96.7,167.4,14.96,26.72,4.66,48.3,Poor,29.304166666666664,81.79166666666667,2.14875,105.83333333333333,4.7,7,4,194
Delhi,2018-07-14,141.5,6.2,151.0,70.8,236.9,49.6,8.37,34.1,152.1,3.64,18.4,3.22,281.9,Good,28.65833333333333,84.54166666666667,2.3874999999999997,103.41666666666667,5.5,7,5,195
Delhi,2018-07-15,279.6,507.3,141.8,23.5,88.6,42.3,9.55,72.6,145.4,2.3,22.23,6.77,101.3,Very Poor,29.52916666666667,82.33333333333333,2.5675,106.375,8.0,7,6,196
Delhi,2018-07-16,24.8,301.2,167.3,138.4,31.0,34.2,3.07,89.6,70.3,2.61,22.27,3.26,16.1,Severe,29.21666666666667,84.95833333333333,2.53375,93.25,13.4,7,0,197
Delhi,2018-07-17,392.3,527.1,36.1,52.4,131.7,4.1,7.59,70.9,56.5,8.7,2.55,0.31,198.6,Moderate,30.566666666666666,79.58333333333333,2.5508333333333333,94.83333333333333,2.6,7,1,198
Delhi,2018-07-18,113.2,73.1,132.1,133.4,164.4,30.3,5.34,16.5,146.1,9.93,29.34,4.3,442.7,Good,30.370833333333334,79.375,2.5533333333333332,79.20833333333333,9.7,7,2,199
Delhi,2018-07-19,283.2,489.0,4.5,48.3,65.8,43.4,9.02,37.8,160.6,1.73,8.41,7.08,385.4,Very Poor,30.287499999999998,80.45833333333333,1.77625,96.29166666666667,11.0,7,3,200
Delhi,2018-07-20,415.8,129.3,71.5,125.1,148.1,11.4,4.98,54.7,181.8,14.59,8.7,1.23,213.3,Satisfactory,29.5,83.91666666666667,1.1720833333333334,141.25,9.6,7,4,201
Delhi,2018-07-21,228.9,321.9,76.2,88.9,209.8,24.9,6.92,2.2,63.4,7.44,11.87,0.54,378.3,Good,28.495833333333334,89.29166666666667,1.4974999999999998,156.54166666666666,27.7,7,5,202
Delhi,2018-07-22,171.3,276.4,19.0,148.4,134.7,47.2,8.96,79.4,69.3,16.95,22.89,8.76,240.5,Good,27.4375,90.91666666666667,1.2820833333333332,139.375,35.4,7,6,203
Delhi,2018-07-23,399.2,198.5,81.4,135.5,35.0,2.6,9.32,82.5,167.8,14.73,26.47,2.54,379.9,Satisfactory,29.079166666666666,85.54166666666667,1.7787499999999998,119.29166666666667,3.8000000000000003,7,0,204
Delhi,2018-07-24,97.9,77.0,8.5,36.9,217.1,26.3,5.19,21.1,96.8,7.01,1.4,6.23,468.6,Poor,30.195833333333336,76.75,1.315,154.75,1.8,7,1,205
Delhi,2018-07-25,2.8,86.5,131.3,1.2,204.7,46.6,7.64,44.7,191.8,18.22,7.25,7.67,156.2,Poor,29.070833333333336,85.41666666666667,1.7629166666666667,211.625,4.8999999999999995,7,2,206
Delhi,2018-07-26,234.8,6.2,89.1,82.8,129.1,7.6,0.6,78.4,6.3,10.41,20.14,7.96,100.9,Severe,27.03333333333333,91.45833333333333,1.8179166666666668,165.25,15.0,7,3,207
Delhi,2018-07-27,0.2,543.9,110.4,24.1,243.7,38.2,0.07,17.3,177.1,13.81,2.19,2.57,156.9,Poor,26.933333333333334,90.41666666666667,1.8745833333333335,190.625,15.9,7,4,208
Delhi,2018-07-28,37.8,195.0,28.5,119.9,24.2,48.8,3.09,55.8,99.0,16.3,17.27,9.93,100.7,Severe,28.120833333333334,83.91666666666667,3.3387499999999997,258.7916666666667,3.5,7,5,209
Delhi,2018-07-29,336.0,519.5,4.1,145.2,201.3,16.2,2.38,84.0,15.9,4.41,10.89,4.66,414.8,Poor,29.02916666666667,82.625,2.43125,271.3333333333333,1.0,7,6,210
Delhi,2018-07-30,148.1,24.5,33.9,63.7,91.3,19.1,2.15,30.5,140.9,7.51,17.29,6.95,420.7,Satisfactory,29.279166666666665,80.33333333333333,2.5745833333333334,264.5833333333333,3.3,7,0,211
Delhi,2018-07-31,353.4,62.0,49.8,2.7,44.2,39.5,1.8,52.4,161.9,10.01,7.82,8.58,358.3,Good,29.787499999999998,76.91666666666667,3.2550000000000003,251.5,2.2,7,1,212
Delhi,2018-08-01,192.4,396.3,134.8,143.0,234.6,24.5,5.49,33.0,159.3,1.53,24.01,5.34,411.6,Moderate,30.004166666666666,75.125,3.2816666666666663,247.54166666666666,0.5,8,2,213
Delhi,2018-08-02,423.9,348.2,77.8,84.9,14.4,34.4,3.28,39.7,131.2,12.41,1.73,0.4,78.2,Very Poor,30.479166666666668,71.95833333333333,3.2458333333333336,250.79166666666666,0.5,8,3,214
Delhi,2018-08-03,108.5,401.8,186.4,46.3,48.5,0.5,6.35,80.8,21.5,7.29,28.3,2.11,310.2,Satisfactory,30.479166666666668,69.45833333333333,3.5570833333333334,249.29166666666666,0.2,8,4,215
Delhi,2018-08-04,298.9,226.8,64.3,62.5,197.7,19.9,8.85,89.5,28.4,7.16,27.7,1.8,394.9,Moderate,30.40833333333333,67.5,3.157083333333333,237.625,0.0,8,5,216
Delhi,2018-08-05,489.6,362.7,24.2,49.3,160.6,13.7,2.59,43.2,163.9,2.73,16.71,5.15,362.8,Satisfactory,29.037499999999998,74.16666666666667,3.24625,209.125,1.1,8,6,217
Delhi,2018-08-06,444.9,40.3,183.7,21.0,102.1,45.4,9.41,49.6,48.4,4.05,12.61,4.76,25.2,Very Poor,26.858333333333334,87.58333333333333,1.4904166666666667,123.875,3.1,8,0,218
Delhi,2018-08-07,31.2,542.6,59.2,120.1,200.5,6.4,8.1,20.2,91.0,15.67,23.43,1.65,385.4,Very Poor,26.858333333333334,91.16666666666667,1.2966666666666666,92.625,11.9,8,1,219
Delhi,2018-08-08,364.5,281.3,87.0,68.3,51.4,36.3,2.83,85.9,180.4,1.32,24.01,2.49,460.0,Good,28.079166666666666,86.16666666666667,2.3404166666666666,103.375,8.700000000000001,8,2,220
Delhi,2018-08-09,476.8,21.1,7.7,136.0,55.0,44.3,2.32,78.1,173.5,18.86,10.14,9.14,137.2,Moderate,29.458333333333332,82.58333333333333,2.2954166666666667,97.58333333333333,2.8000000000000003,8,3,221
Delhi,2018-08-10,262.6,526.6,189.7,23.0,131.0,28.8,1.04,15.9,113.2,7.22,25.49,3.01,3.6,Severe,29.641666666666666,82.91666666666667,1.6308333333333334,216.70833333333334,0.8,8,4,222
Delhi,2018-08-11,263.0,516.2,199.6,139.8,161.9,29.2,7.67,48.6,155.1,5.05,10.33,1.33,45.1,Severe,29.895833333333332,79.08333333333333,3.6170833333333334,264.25,2.6,8,5,223
Delhi,2018-08-12,167.1,401.3,89.9,16.8,214.5,30.3,3.38,70.3,40.6,0.45,22.39,3.35,264.2,Satisfactory,28.791666666666668,80.5,2.5520833333333335,231.20833333333334,3.5,8,6,224
Delhi,2018-08-13,63.1,403.9,6.3,18.9,118.8,39.8,5.55,36.3,116.1,16.27,20.2,9.89,90.0,Good,29.083333333333332,79.41666666666667,1.3633333333333333,163.0,3.5000000000000004,8,0,225
Delhi,2018-08-14,414.7,444.1,116.0,144.7,219.4,2.9,2.54,31.0,150.4,5.24,23.96,3.15,207.6,Very Poor,29.304166666666664,81.33333333333333,1.5075,203.875,0.8,8,1,226
Delhi,2018-08-15,27.5,402.4,150.9,121.8,196.6,42.5,1.57,7.1,10.5,1.37,5.11,5.63,320.3,Severe,29.045833333333334,84.25,1.8970833333333335,124.33333333333333,6.0,8,2,227
Delhi,2018-08-16,405.6,479.1,10.6,125.2,215.5,47.4,3.85,48.2,161.3,17.33,23.29,5.98,163.4,Poor,29.304166666666664,84.70833333333333,1.89875,111.54166666666667,4.3,8,3,228
Delhi,2018-08-17,467.8,488.2,27.0,93.6,43.6,37.0,9.44,9.5,47.2,16.44,24.13,4.59,83.3,Good,29.508333333333336,83.04166666666667,2.7395833333333335,96.45833333333333,4.800000000000001,8,4,229
Delhi,2018-08-18,396.8,104.4,180.1,53.3,6.1,47.9,5.22,3.3,61.6,16.49,22.18,5.46,27.5,Moderate,29.229166666666668,85.125,1.8791666666666667,113.33333333333333,6.499999999999999,8,5,230
Delhi,2018-08-19,48.0,297.6,46.0,144.0,218.4,10.9,1.91,58.0,56.9,7.16,0.06,4.71,243.7,Severe,29.129166666666666,86.625,1.6558333333333335,237.70833333333334,7.3,8,6,231
Delhi,2018-08-20,284.1,533.3,179.8,7.3,179.3,44.3,7.07,41.3,141.4,9.23,2.9,4.7,395.0,Very Poor,29.325,86.375,1.3954166666666667,139.70833333333334,3.8000000000000003,8,0,232
Delhi,2018-08-21,283.5,171.5,136.2,21.3,0.6,12.7,3.96,37.4,45.5,1.41,7.08,9.35,343.2,Poor,29.645833333333332,84.29166666666667,1.76,102.54166666666667,1.8,8,1,233
Delhi,2018-08-22,380.6,358.1,117.5,28.6,108.1,28.7,7.44,46.3,62.6,2.48,1.82,7.73,345.7,Very Poor,29.420833333333334,85.08333333333333,1.4574999999999998,137.29166666666666,6.7,8,2,234
Delhi,2018-08-23,427.0,488.6,18.6,33.4,71.1,6.1,6.58,72.9,192.3,8.27,4.94,2.31,182.5,Poor,28.4875,87.25,1.915,259.875,15.4,8,3,235
Delhi,2018-08-24,499.8,560.8,199.3,144.4,129.4,47.5,7.29,53.4,77.4,16.05,5.68,7.71,138.5,Good,28.770833333333332,83.66666666666667,2.658333333333333,245.375,9.3,8,4,236
Delhi,2018-08-25,296.3,157.6,120.2,46.1,106.2,17.7,0.23,88.6,51.5,3.31,7.14,5.85,49.7,Severe,28.6875,80.70833333333333,3.3854166666666665,255.91666666666666,2.1,8,5,237
Delhi,2018-08-26,231.5,188.0,174.0,42.9,147.8,27.7,0.11,40.7,52.6,19.88,16.27,4.64,464.6,Moderate,28.6375,81.75,2.2258333333333336,211.875,1.9000000000000001,8,6,238
Delhi,2018-08-27,476.8,19.3,89.1,94.5,105.8,35.9,0.53,24.4,113.5,9.18,4.65,6.93,143.3,Very Poor,27.679166666666664,90.625,0.9895833333333334,152.58333333333334,7.200000000000001,8,0,239
Delhi,2018-08-28,245.0,18.0,145.8,116.7,195.6,34.7,0.92,47.9,117.5,14.99,9.49,4.52,56.1,Poor,27.72083333333333,89.20833333333333,1.8550000000000002,102.58333333333333,13.1,8,1,240
Delhi,2018-08-29,498.6,479.5,53.3,59.0,199.9,14.7,4.81,72.3,97.8,8.72,20.01,5.86,224.9,Satisfactory,28.075,89.08333333333333,1.6279166666666667,136.75,5.0,8,2,241
Delhi,2018-08-30,139.1,312.7,17.5,85.4,39.8,30.6,2.88,17.8,70.5,11.15,9.66,8.28,373.6,Moderate,29.0625,84.95833333333333,1.6391666666666669,213.33333333333334,1.2000000000000002,8,3,242
Delhi,2018-08-31,168.1,575.1,85.1,129.3,130.9,22.2,7.67,79.9,110.7,12.38,22.67,8.42,398.2,Moderate,29.483333333333334,82.625,2.1320833333333336,179.45833333333334,0.5,8,4,243
Delhi,2018-09-01,57.9,442.9,39.3,48.6,23.2,40.3,5.46,82.1,162.9,14.34,11.03,1.15,200.1,Moderate,28.1125,88.625,1.3666666666666665,143.45833333333334,9.2,9,5,244
Delhi,2018-09-02,104.3,162.8,23.2,23.8,32.2,17.4,7.15,76.0,122.6,12.52,14.9,0.99,349.3,Satisfactory,26.7,90.91666666666667,1.3074999999999999,130.5,21.900000000000002,9,6,245
Delhi,2018-09-03,279.1,528.2,34.2,123.3,60.9,11.4,1.33,47.0,175.5,5.27,25.23,8.66,67.8,Moderate,26.816666666666666,89.45833333333333,1.1979166666666667,123.0,3.1,9,0,246
Delhi,2018-09-04,73.6,416.0,168.8,120.8,192.4,15.5,2.58,92.0,85.0,19.1,21.6,2.87,54.3,Poor,26.84166666666667,91.16666666666667,1.3033333333333335,217.83333333333334,7.3,9,1,247
Delhi,2018-09-05,33.8,286.3,20.7,64.9,16.0,41.3,9.18,31.2,30.3,2.54,26.55,8.13,117.6,Moderate,27.816666666666666,85.75,2.205416666666667,260.4583333333333,0.4,9,2,248
Delhi,2018-09-06,378.9,400.9,23.3,137.4,109.2,48.7,5.31,84.2,32.4,12.77,23.73,7.27,470.6,Good,28.0625,84.41666666666667,1.5687499999999999,188.75,8.3,9,3,249
Delhi,2018-09-07,341.4,398.2,121.7,51.5,5.2,49.8,6.18,23.3,84.8,13.3,26.42,9.54,220.0,Moderate,27.954166666666666,88.29166666666667,1.8033333333333335,104.08333333333333,5.300000000000001,9,4,250
Delhi,2018-09-08,252.9,498.1,67.7,42.2,68.2,33.0,5.26,5.6,5.7,17.93,14.24,3.96,445.3,Satisfactory,27.691666666666666,85.04166666666667,3.5004166666666667,81.54166666666667,6.4,9,5,251
Delhi,2018-09-09,191.5,410.8,134.3,39.5,248.8,47.0,3.87,4.3,141.6,1.08,28.17,0.19,448.5,Poor,27.233333333333334,82.41666666666667,3.7358333333333333,121.0,0.1,9,6,252
Delhi,2018-09-10,187.1,361.0,180.7,68.0,194.5,9.9,2.14,74.3,9.5,1.44,11.06,4.26,331.4,Very Poor,27.65416666666667,82.54166666666667,1.8858333333333333,153.95833333333334,1.0,9,0,253
Delhi,2018-09-11,324.8,277.1,172.5,45.0,57.1,3.2,6.85,34.0,86.6,4.58,13.87,9.6,198.6,Severe,27.920833333333334,84.45833333333333,2.0825,241.45833333333334,1.9,9,1,254
Delhi,2018-09-12,297.6,219.9,181.2,14.7,90.5,31.0,9.49,76.7,89.3,0.73,26.92,7.42,0.6,Poor,28.65416666666667,76.54166666666667,3.9149999999999996,261.2083333333333,0.2,9,2,255
Delhi,2018-09-13,116.2,219.9,39.9,103.8,24.1,3.3,5.62,82.9,50.0,16.97,20.98,1.9,338.2,Satisfactory,28.633333333333336,72.125,3.598333333333333,250.25,0.2,9,3,256
Delhi,2018-09-14,314.1,317.6,10.0,88.5,186.2,33.7,5.27,13.1,133.0,8.1,11.83,7.44,312.0,Good,27.912499999999998,72.91666666666667,2.4204166666666667,266.6666666666667,0.0,9,4,257
Delhi,2018-09-15,377.4,271.3,152.1,85.7,47.1,41.3,6.56,100.0,89.1,14.25,26.3,9.18,288.7,Poor,28.0125,71.33333333333333,2.356666666666667,273.3333333333333,0.0,9,5,258
Delhi,2018-09-16,397.4,404.1,124.2,106.6,42.1,6.2,5.19,87.9,22.9,1.38,18.89,2.09,488.7,Severe,27.96666666666667,71.20833333333333,2.473333333333333,284.875,0.0,9,6,259
Delhi,2018-09-17,126.4,455.4,105.7,71.9,94.7,3.2,4.1,6.3,142.2,12.26,21.93,2.47,116.4,Good,27.954166666666666,74.41666666666667,2.1458333333333335,290.875,0.0,9,0,260
Delhi,2018-09-18,42.2,54.0,176.0,25.0,48.6,29.0,9.27,64.3,162.8,6.39,25.63,3.14,225.2,Very Poor,27.633333333333336,71.20833333333333,2.53125,278.5,0.0,9,1,261
Delhi,2018-09-19,399.3,523.3,127.7,103.5,210.1,12.8,9.96,83.4,181.5,17.04,8.98,9.85,209.6,Satisfactory,27.7375,71.125,2.379583333333333,265.0,0.0,9,2,262
Delhi,2018-09-20,359.3,299.4,99.4,134.8,235.8,34.2,9.41,58.5,139.4,6.09,6.17,7.38,481.2,Poor,28.3125,72.70833333333333,1.49,162.375,0.0,9,3,263
Delhi,2018-09-21,90.1,161.2,62.3,92.2,165.1,27.1,1.14,35.6,154.2,14.11,17.11,0.53,164.3,Poor,27.304166666666664,78.45833333333333,3.5704166666666666,96.04166666666667,5.2,9,4,264
Delhi,2018-09-22,483.7,288.3,32.8,92.1,2.7,47.5,0.94,54.5,183.2,2.62,23.72,4.32,388.2,Poor,25.162499999999998,87.41666666666667,4.712916666666667,89.16666666666667,40.1,9,5,265
Delhi,2018-09-23,196.6,12.2,173.7,48.0,13.1,22.0,8.5,37.3,28.9,12.71,26.49,7.24,114.0,Poor,25.441666666666666,88.875,5.698333333333333,105.91666666666667,15.2,9,6,266
Delhi,2018-09-24,151.3,440.0,10.7,87.2,236.1,15.4,2.96,56.7,197.0,7.89,8.33,7.3,101.3,Poor,24.670833333333334,92.41666666666667,4.198333333333333,168.0,16.7,9,0,267
Delhi,2018-09-25,209.1,122.0,198.8,68.5,172.8,7.6,2.11,90.1,166.0,9.5,16.71,2.06,259.4,Good,25.270833333333332,85.95833333333333,3.3379166666666666,302.4166666666667,1.6,9,1,268
Delhi,2018-09-26,175.2,65.8,122.8,49.4,124.2,42.4,6.32,21.4,191.4,19.69,28.95,4.85,43.3,Poor,26.03333333333333,82.25,2.410833333333333,288.0416666666667,0.0,9,2,269
Delhi,2018-09-27,466.2,168.7,77.7,128.0,203.5,31.3,0.68,1.1,96.4,7.06,2.34,1.21,269.4,Poor,26.9375,79.45833333333333,1.5629166666666665,264.7083333333333,0.0,9,3,270
Delhi,2018-09-28,226.9,308.5,173.2,145.3,132.2,36.3,9.97,51.2,82.5,7.33,20.15,6.8,210.2,Moderate,27.483333333333334,78.20833333333333,1.4245833333333333,218.41666666666666,0.4,9,4,271
Delhi,2018-09-29,178.4,172.5,136.5,43.8,2.5,20.0,5.27,22.2,3.5,17.95,24.64,6.29,34.3,Very Poor,27.379166666666666,78.66666666666667,1.4016666666666666,230.5,0.4,9,5,272
Delhi,2018-09-30,236.7,308.8,42.7,20.2,197.5,3.4,2.2,85.2,94.5,10.57,22.74,9.02,269.0,Severe,26.554166666666664,75.16666666666667,2.783333333333333,301.7083333333333,0.0,9,6,273
Delhi,2018-10-01,317.6,322.0,96.2,12.1,100.9,35.3,1.67,26.5,11.0,3.34,4.75,0.9,357.5,Poor,26.52916666666667,73.79166666666667,2.465,296.6666666666667,0.0,10,0,274
Delhi,2018-10-02,465.8,284.2,27.2,138.3,78.9,28.2,3.11,17.3,148.0,14.94,21.97,9.32,78.0,Severe,27.145833333333332,73.5,1.9570833333333333,289.4583333333333,0.0,10,1,275
Delhi,2018-10-03,378.2,292.0,139.0,28.5,170.7,37.2,6.41,19.6,154.4,7.9,25.61,3.92,22.5,Good,26.837500000000002,70.16666666666667,1.4370833333333335,260.6666666666667,0.0,10,2,276
Delhi,2018-10-04,471.3,90.4,145.2,30.0,126.5,40.2,7.59,62.8,113.5,14.21,20.6,8.91,457.6,Poor,26.3125,73.125,1.3949999999999998,185.95833333333334,0.0,10,3,277
Delhi,2018-10-05,140.6,568.9,137.7,74.8,21.3,44.8,4.5,74.1,63.2,17.57,2.35,3.85,299.0,Good,26.441666666666666,74.58333333333333,1.5429166666666667,232.625,0.0,10,4,278
Delhi,2018-10-06,324.0,438.3,42.5,19.6,33.5,3.4,0.05,41.8,40.3,14.44,18.71,4.02,211.2,Satisfactory,25.854166666666668,66.66666666666667,2.236666666666667,305.7916666666667,0.0,10,5,279
Delhi,2018-10-07,340.9,324.7,124.3,136.1,36.5,2.1,2.88,26.5,83.4,14.11,1.19,3.17,198.3,Satisfactory,25.229166666666668,70.20833333333333,2.0316666666666667,299.2916666666667,0.0,10,6,280
Delhi,2018-10-08,437.9,541.6,82.1,91.6,186.7,37.8,9.21,69.1,51.4,1.24,25.74,7.22,30.7,Very Poor,25.71666666666667,70.66666666666667,1.3391666666666666,199.70833333333334,0.0,10,0,281
Delhi,2018-10-09,460.6,125.7,49.8,72.0,16.5,32.9,8.18,8.1,1.2,2.55,27.86,7.58,218.4,Severe,26.195833333333336,75.16666666666667,2.4741666666666666,118.0,0.0,10,1,282
Delhi,2018-10-10,4.0,477.1,197.9,95.4,100.4,37.1,4.1,11.0,147.1,4.12,28.89,7.48,474.5,Good,25.27916666666667,78.54166666666667,3.202916666666667,99.83333333333333,1.4,10,2,283
Delhi,2018-10-11,455.2,454.0,121.8,63.5,16.3,43.4,7.75,24.4,8.8,4.68,2.2,9.65,86.8,Good,24.083333333333332,80.875,2.775,89.04166666666667,0.7999999999999999,10,3,284
Delhi,2018-10-12,233.8,146.0,139.8,125.9,57.2,14.4,8.34,79.2,111.2,13.83,7.14,1.81,308.8,Good,23.670833333333334,72.66666666666667,1.52625,138.41666666666666,0.0,10,4,285
Delhi,2018-10-13,35.6,298.9,14.5,61.2,158.9,0.9,5.92,73.1,123.4,7.28,26.49,1.87,344.6,Very Poor,23.087500000000002,69.25,2.11125,318.0833333333333,0.0,10,5,286
Delhi,2018-10-14,112.3,530.6,115.1,118.2,167.6,38.1,0.76,53.0,107.9,6.11,8.79,2.13,295.1,Good,22.962500000000002,64.41666666666667,2.7816666666666667,304.4166666666667,0.0,10,6,287
Delhi,2018-10-15,415.6,329.7,108.4,138.1,106.7,1.6,6.21,64.3,54.8,4.57,14.49,3.0,483.9,Poor,24.058333333333334,62.833333333333336,1.9662499999999998,205.75,0.0,10,0,288
Delhi,2018-10-16,81.0,64.8,168.6,98.0,239.2,24.6,2.74,23.4,135.7,6.44,27.75,2.71,214.4,Severe,24.625,70.08333333333333,1.64375,110.66666666666667,0.0,10,1,289
Delhi,2018-10-17,352.5,41.9,170.7,14.4,8.7,8.0,6.4,18.0,15.9,11.9,14.08,6.07,207.1,Severe,24.84583333333333,72.0,1.9175000000000002,111.375,0.0,10,2,290
Delhi,2018-10-18,356.7,350.7,139.1,107.7,170.9,13.4,9.19,1.3,1.9,16.44,11.33,0.42,299.5,Moderate,24.575,72.875,2.2720833333333332,102.79166666666667,0.0,10,3,291
Delhi,2018-10-19,46.2,59.5,79.4,133.6,164.7,33.5,8.13,21.4,57.8,0.49,7.41,1.49,313.8,Poor,24.754166666666666,65.16666666666667,1.7933333333333332,225.58333333333334,0.0,10,4,292
Delhi,2018-10-20,100.4,474.9,60.5,124.3,102.6,29.1,7.73,22.2,37.9,18.89,2.13,0.67,359.7,Satisfactory,24.21666666666667,59.875,1.9129166666666668,185.83333333333334,0.0,10,5,293
Delhi,2018-10-21,94.3,165.1,170.9,63.5,163.4,4.9,3.47,32.5,26.1,1.28,11.83,8.8,49.7,Very Poor,23.195833333333336,57.416666666666664,2.3649999999999998,330.3333333333333,0.0,10,6,294
Delhi,2018-10-22,188.2,534.0,102.0,114.6,148.8,0.1,4.26,94.2,195.3,4.54,17.62,0.69,59.0,Moderate,22.162499999999998,52.833333333333336,2.74,292.625,0.0,10,0,295
Delhi,2018-10-23,265.2,266.5,6.3,62.2,37.1,46.1,0.05,1.9,59.4,2.32,6.59,2.34,264.3,Satisfactory,22.791666666666668,52.541666666666664,2.2354166666666666,235.83333333333334,0.0,10,1,296
Delhi,2018-10-24,384.0,12.5,75.3,72.7,70.6,6.6,7.63,71.4,178.2,10.37,1.51,8.98,492.9,Moderate,23.037499999999998,60.583333333333336,1.5337500000000002,125.0,0.0,10,2,297
Delhi,2018-10-25,405.9,57.7,68.1,19.4,164.5,47.4,1.29,63.3,46.6,1.05,20.0,9.57,187.2,Very Poor,22.816666666666666,62.083333333333336,1.6154166666666667,50.583333333333336,0.0,10,3,298
Delhi,2018-10-26,306.3,116.3,39.8,143.2,25.1,6.9,4.81,1.4,136.9,6.67,11.65,0.87,484.3,Moderate,22.504166666666666,65.83333333333333,2.0616666666666665,180.0,0.0,10,4,299
Delhi,2018-10-27,360.8,260.3,26.4,46.2,49.8,44.2,10.0,61.3,53.1,13.66,1.73,6.62,188.9,Satisfactory,22.72083333333333,67.875,1.9883333333333333,305.9166666666667,0.0,10,5,300
Delhi,2018-10-28,495.4,177.6,23.8,129.2,9.7,45.9,9.12,66.1,111.4,2.04,22.05,6.04,322.1,Poor,22.445833333333336,68.25,2.33625,323.9583333333333,0.0,10,6,301
Delhi,2018-10-29,452.9,195.1,111.0,48.7,4.8,11.8,6.78,88.7,35.8,0.16,3.22,9.34,0.9,Satisfactory,22.291666666666668,69.66666666666667,1.91125,309.5833333333333,0.0,10,0,302
Delhi,2018-10-30,404.8,588.3,14.9,118.4,35.5,4.8,5.37,0.9,195.3,9.86,29.9,1.43,26.8,Severe,22.95,70.79166666666667,1.28125,161.5,0.0,10,1,303
Delhi,2018-10-31,447.7,577.1,113.7,28.9,104.6,0.4,4.47,95.9,1.7,14.0,12.63,2.74,473.3,Poor,23.150000000000002,68.125,1.2583333333333333,171.58333333333334,0.0,10,2,304
Delhi,2018-11-01,495.6,262.4,193.8,6.7,47.8,7.9,4.69,83.5,129.5,10.6,15.91,7.25,215.9,Moderate,22.808333333333334,71.20833333333333,1.075,103.54166666666667,0.0,11,3,305
Delhi,2018-11-02,221.9,225.6,139.1,75.9,123.2,25.3,2.06,20.9,129.2,12.7,6.24,8.68,280.0,Good,23.0125,71.25,1.92375,122.625,0.0,11,4,306
Delhi,2018-11-03,141.8,592.5,100.7,104.3,144.5,8.7,1.45,14.6,58.1,7.18,29.13,5.33,480.7,Satisfactory,23.116666666666664,67.70833333333333,4.260416666666667,102.70833333333333,0.1,11,5,307
Delhi,2018-11-04,489.1,542.5,161.2,39.2,54.6,3.6,1.95,94.7,167.5,8.91,0.43,4.51,445.1,Severe,22.295833333333334,62.166666666666664,2.42125,184.95833333333334,0.0,11,6,308
Delhi,2018-11-05,275.0,594.7,195.9,46.9,185.2,18.3,1.37,32.6,40.1,0.11,28.45,3.64,190.2,Poor,20.270833333333332,65.70833333333333,2.49625,297.5,0.0,11,0,309
Delhi,2018-11-06,71.5,435.1,121.3,48.7,74.4,44.0,9.2,90.8,68.2,5.93,7.98,4.74,78.5,Moderate,20.058333333333334,52.666666666666664,3.5833333333333335,295.1666666666667,0.0,11,1,310
Delhi,2018-11-07,482.3,408.2,192.1,24.6,200.3,2.1,4.05,20.3,171.9,4.0,24.27,4.39,362.0,Satisfactory,19.220833333333335,43.208333333333336,2.445,275.9583333333333,0.0,11,2,311
Delhi,2018-11-08,285.1,457.8,181.2,31.1,196.5,48.6,7.25,26.8,21.0,16.66,14.54,3.3,280.0,Good,19.391666666666666,58.375,1.26875,172.54166666666666,0.0,11,3,312
Delhi,2018-11-09,145.3,364.8,2.0,129.5,125.6,23.5,4.77,27.8,136.4,3.2,13.8,5.89,31.5,Satisfactory,19.491666666666667,68.5,1.64625,251.79166666666666,0.0,11,4,313
Delhi,2018-11-10,323.5,372.7,60.3,116.3,118.1,12.0,9.96,33.0,135.8,19.87,9.38,5.14,43.3,Satisfactory,19.933333333333334,70.25,1.39375,141.66666666666666,0.0,11,5,314
Delhi,2018-11-11,201.3,541.0,134.8,83.2,132.8,31.7,1.79,92.9,105.7,17.72,0.88,1.62,4.8,Very Poor,21.208333333333332,67.5,1.0958333333333334,154.33333333333334,0.0,11,6,315
Delhi,2018-11-12,469.6,161.6,74.5,57.2,168.1,7.0,4.79,8.3,76.9,4.53,3.36,2.34,45.2,Poor,21.066666666666666,71.54166666666667,1.3875,71.66666666666667,0.0,11,0,316
Delhi,2018-11-13,378.2,554.3,134.6,95.8,222.3,47.8,8.58,71.5,63.6,16.84,1.01,5.99,172.1,Satisfactory,21.920833333333334,72.54166666666667,1.6829166666666666,123.16666666666667,0.30000000000000004,11,1,317
Delhi,2018-11-14,15.2,488.9,106.5,58.1,143.5,23.9,2.43,29.5,50.0,17.18,2.91,8.18,139.2,Good,21.358333333333334,73.66666666666667,1.7941666666666667,108.0,1.3,11,2,318
Delhi,2018-11-15,475.5,407.6,1.7,112.6,124.0,45.9,5.37,46.4,42.3,5.14,23.8,5.1,61.6,Good,20.691666666666666,72.25,2.527083333333333,191.25,0.1,11,3,319
Delhi,2018-11-16,121.6,287.2,151.4,64.7,129.3,18.5,5.44,70.0,69.2,17.93,21.25,7.47,410.2,Moderate,19.116666666666667,61.583333333333336,4.035416666666666,290.0416666666667,0.0,11,4,320
Delhi,2018-11-17,491.6,109.7,61.4,108.1,204.2,40.4,1.19,77.3,51.1,8.77,19.2,9.16,480.9,Severe,18.445833333333333,65.75,2.782083333333333,287.875,0.0,11,5,321
Delhi,2018-11-18,338.2,335.0,155.7,97.9,184.6,37.9,3.92,97.0,138.4,16.3,5.06,0.3,58.1,Poor,19.258333333333333,68.45833333333333,1.7966666666666666,172.33333333333334,0.0,11,6,322
Delhi,2018-11-19,335.6,376.8,72.8,70.3,210.9,30.6,9.6,89.9,169.1,10.28,20.1,2.68,293.8,Moderate,20.420833333333334,65.5,2.6733333333333333,120.91666666666667,0.0,11,0,323
Delhi,2018-11-20,226.7,197.5,187.7,108.5,87.5,24.3,8.61,5.0,197.6,17.99,28.16,7.03,257.0,Poor,20.0125,75.375,1.8370833333333334,270.25,0.0,11,1,324
Delhi,2018-11-21,326.4,386.2,136.4,93.0,54.8,12.2,0.26,45.1,194.3,15.15,25.41,7.81,248.2,Poor,19.366666666666667,65.79166666666667,2.7216666666666662,282.7916666666667,0.0,11,2,325
Delhi,2018-11-22,169.6,410.4,62.3,53.8,66.0,41.5,9.21,61.0,38.0,0.02,7.99,1.89,257.6,Very Poor,18.837500000000002,64.25,1.6445833333333333,254.95833333333334,0.0,11,3,326
Delhi,2018-11-23,12.2,31.9,48.5,44.0,30.9,23.6,7.25,90.9,189.7,2.46,18.64,0.98,76.6,Moderate,18.995833333333334,60.875,3.4875000000000003,303.0,0.0,11,4,327
Delhi,2018-11-24,213.7,254.6,57.7,24.2,193.4,22.0,7.48,43.4,58.9,4.31,17.28,7.21,153.9,Good,19.091666666666665,54.416666666666664,4.109166666666667,287.4583333333333,0.0,11,5,328
Delhi,2018-11-25,264.5,461.1,92.6,86.8,139.7,38.9,2.68,60.0,74.9,5.87,17.68,7.48,122.5,Very Poor,17.474999999999998,64.58333333333333,2.05125,314.125,0.0,11,6,329
Delhi,2018-11-26,108.2,569.8,84.1,117.8,214.9,30.4,3.36,39.0,176.4,12.0,22.56,3.52,27.0,Satisfactory,18.004166666666666,71.45833333333333,2.295,308.7916666666667,0.0,11,0,330
Delhi,2018-11-27,393.6,248.2,116.9,74.2,132.7,0.2,2.68,24.3,38.7,0.69,26.95,1.39,240.9,Moderate,18.599999999999998,74.79166666666667,1.9066666666666665,122.04166666666667,0.0,11,1,331
Delhi,2018-11-28,31.8,273.7,107.9,48.4,101.5,19.9,8.48,62.2,54.9,11.75,18.48,6.0,150.0,Satisfactory,19.429166666666667,75.125,1.32375,155.25,0.0,11,2,332
Delhi,2018-11-29,280.0,8.3,129.4,47.6,35.4,14.4,4.57,11.3,188.1,4.21,4.59,1.7,97.7,Severe,18.520833333333332,75.25,2.232083333333333,295.9166666666667,0.0,11,3,333
Delhi,2018-11-30,127.5,573.2,32.4,15.8,238.2,22.5,1.73,11.2,58.7,17.57,5.59,0.02,283.5,Very Poor,18.0625,71.75,2.6129166666666666,295.7083333333333,0.0,11,4,334
Delhi,2018-12-01,444.7,270.9,166.9,44.8,3.4,0.2,1.68,5.8,189.2,9.31,14.1,8.45,248.4,Poor,17.1375,70.375,2.5100000000000002,282.25,0.0,12,5,335
Delhi,2018-12-02,27.8,79.5,162.9,131.9,235.0,23.8,7.91,45.3,80.8,13.33,3.66,2.93,424.8,Very Poor,16.775000000000002,67.33333333333333,1.5304166666666668,131.29166666666666,0.0,12,6,336
Delhi,2018-12-03,409.1,483.7,40.1,86.0,137.3,20.6,6.98,9.7,159.2,16.2,14.33,5.7,263.6,Severe,17.1375,67.75,1.3208333333333333,296.0,0.0,12,0,337
Delhi,2018-12-04,206.0,529.2,62.7,123.4,173.1,29.1,4.19,49.4,107.8,3.47,5.18,8.02,225.5,Severe,16.212500000000002,73.75,1.61625,280.1666666666667,0.0,12,1,338
Delhi,2018-12-05,71.9,185.6,33.1,86.8,150.8,14.2,2.91,81.8,108.4,5.26,26.07,4.9,394.6,Poor,16.1875,73.875,1.93875,284.875,0.0,12,2,339
Delhi,2018-12-06,236.3,333.5,118.5,66.0,8.1,17.5,5.84,68.1,17.2,14.55,2.62,9.26,353.2,Poor,16.316666666666666,72.70833333333333,1.56125,240.45833333333334,0.0,12,3,340
Delhi,2018-12-07,249.2,130.2,119.4,146.0,243.4,24.3,1.02,65.3,67.6,11.22,16.55,6.36,132.7,Poor,15.533333333333333,73.95833333333333,2.7466666666666666,315.25,0.0,12,4,341
Delhi,2018-12-08,484.9,326.3,79.6,107.6,55.4,34.4,5.91,79.5,87.9,4.78,1.18,7.16,370.8,Good,15.0,73.54166666666667,1.9695833333333332,219.58333333333334,0.0,12,5,342
Delhi,2018-12-09,106.4,205.8,96.6,74.3,13.1,24.6,3.99,14.6,30.7,1.12,24.15,0.68,458.8,Poor,14.879166666666668,72.29166666666667,1.7625,224.54166666666666,0.0,12,6,343
Delhi,2018-12-10,101.0,77.0,68.9,12.2,194.4,12.8,1.98,67.5,181.9,19.5,10.78,5.05,273.3,Satisfactory,14.895833333333334,74.08333333333333,2.1579166666666665,106.83333333333333,0.0,12,0,344
Delhi,2018-12-11,402.2,342.4,60.1,10.7,233.9,34.6,9.6,9.0,8.4,3.29,26.39,8.44,17.4,Severe,15.208333333333334,70.375,1.52625,92.125,0.0,12,1,345
Delhi,2018-12-12,41.7,324.8,158.2,106.8,51.4,11.7,1.1,78.1,127.7,0.86,20.15,5.52,348.0,Severe,14.487499999999999,77.75,2.2975,73.16666666666667,0.9,12,2,346
Delhi,2018-12-13,235.3,432.1,127.8,27.6,126.0,20.5,7.75,34.2,125.2,12.89,5.07,1.24,120.1,Very Poor,14.358333333333334,75.5,2.066666666666667,268.4166666666667,0.0,12,3,347
Delhi,2018-12-14,380.8,552.6,51.4,30.5,122.5,38.9,5.29,9.4,6.1,19.41,8.14,2.07,3.5,Very Poor,14.075000000000001,71.58333333333333,2.4425,309.2916666666667,0.0,12,4,348
Delhi,2018-12-15,142.1,355.4,142.5,132.2,45.1,23.3,2.75,36.6,187.0,5.75,12.47,4.5,300.5,Satisfactory,13.791666666666666,71.625,2.892916666666667,302.1666666666667,0.0,12,5,349
Delhi,2018-12-16,454.6,495.0,188.8,2.0,160.6,3.7,5.02,2.2,112.0,19.95,2.38,7.69,301.0,Satisfactory,13.229166666666666,71.04166666666667,2.3220833333333335,311.9583333333333,0.0,12,6,350
Delhi,2018-12-17,284.4,519.3,2.5,102.9,173.2,4.1,0.5,56.7,27.6,0.74,25.93,0.34,72.6,Very Poor,12.941666666666668,73.29166666666667,2.3675,316.2916666666667,0.0,12,0,351
Delhi,2018-12-18,82.0,428.9,110.6,42.5,13.9,36.0,3.08,45.9,123.6,6.91,2.77,4.81,99.2,Moderate,12.9,69.5,2.8058333333333336,304.5833333333333,0.0,12,1,352
Delhi,2018-12-19,454.8,541.8,13.7,85.9,121.7,4.4,8.61,8.3,68.5,5.61,19.43,5.45,101.2,Good,12.5625,72.04166666666667,2.4854166666666666,283.375,0.0,12,2,353
Delhi,2018-12-20,369.5,511.3,69.9,8.5,61.7,39.0,0.72,79.8,14.3,10.03,16.14,7.28,102.5,Severe,12.033333333333333,72.83333333333333,2.0145833333333334,295.3333333333333,0.0,12,3,354
Delhi,2018-12-21,57.8,125.2,160.7,35.4,193.6,39.3,4.26,91.9,8.6,12.56,17.07,3.03,418.0,Very Poor,11.933333333333332,72.5,2.305,288.3333333333333,0.0,12,4,355
Delhi,2018-12-22,15.4,551.0,9.5,3.6,36.7,19.6,3.87,21.2,120.0,1.09,28.29,3.46,0.2,Very Poor,11.683333333333332,72.625,1.7116666666666667,167.95833333333334,0.0,12,5,356
Delhi,2018-12-23,381.9,295.8,160.1,49.3,111.1,46.1,1.02,24.8,28.6,4.44,27.23,0.82,2.1,Moderate,11.908333333333333,73.625,1.9604166666666665,117.41666666666667,0.0,12,6,357
Delhi,2018-12-24,264.6,424.8,99.8,103.6,111.9,23.9,4.08,21.8,88.6,0.06,1.51,6.45,122.7,Good,12.700000000000001,72.54166666666667,1.9962499999999999,307.8333333333333,0.0,12,0,358
Delhi,2018-12-25,144.5,342.7,89.4,53.9,29.7,7.5,8.4,11.9,157.5,2.25,1.88,7.55,245.4,Satisfactory,12.041666666666666,68.5,2.9583333333333335,298.3333333333333,0.0,12,1,359
Delhi,2018-12-26,78.5,522.3,84.0,122.3,65.6,36.6,5.64,83.1,149.6,19.1,14.86,9.63,135.8,Good,11.704166666666666,66.70833333333333,2.120416666666667,270.5,0.0,12,2,360
Delhi,2018-12-27,301.6,36.8,14.6,63.1,220.9,4.5,2.68,12.0,35.8,14.45,22.65,8.88,83.9,Poor,12.016666666666666,68.54166666666667,1.6604166666666667,227.375,0.0,12,3,361
Delhi,2018-12-28,19.1,300.2,100.5,110.6,246.1,44.9,0.31,8.6,135.0,1.85,1.03,8.17,193.3,Poor,11.549999999999999,69.45833333333333,3.4766666666666666,294.0,0.0,12,4,362
Delhi,2018-12-29,431.3,177.7,79.5,51.6,54.4,37.8,1.49,35.6,112.3,10.79,26.32,4.59,388.9,Poor,11.179166666666667,68.875,2.605,286.7083333333333,0.0,12,5,363
Delhi,2018-12-30,444.3,304.3,107.4,131.1,31.0,25.2,0.92,89.8,102.0,1.64,8.49,3.51,23.5,Moderate,12.004166666666668,72.20833333333333,1.4066666666666665,293.5,0.0,12,6,364
Delhi,2018-12-31,497.0,507.3,149.7,38.5,169.1,4.8,4.95,81.9,165.8,9.49,6.99,3.66,40.0,Good,12.029166666666667,74.125,2.58875,288.5,0.0,12,0,365
Delhi,2019-01-01,266.7,199.6,165.8,64.4,119.8,0.8,0.83,58.8,5.5,10.23,6.02,3.68,160.0,Good,12.345833333333333,74.66666666666667,1.8545833333333333,220.58333333333334,0.0,1,1,1
Delhi,2019-01-02,93.4,311.1,164.0,55.6,143.0,19.5,6.98,53.5,27.7,12.33,3.35,4.79,342.8,Good,13.737499999999999,72.5,1.7004166666666667,130.875,0.0,1,2,2
Delhi,2019-01-03,34.8,300.4,99.9,50.6,48.0,46.8,5.07,29.1,110.3,12.98,22.28,5.82,467.3,Very Poor,13.183333333333332,72.70833333333333,2.73625,306.0416666666667,0.0,1,3,3
Delhi,2019-01-04,185.0,309.8,76.4,139.9,31.3,38.1,7.57,99.9,78.3,1.0,4.74,1.64,222.1,Satisfactory,12.770833333333334,71.58333333333333,1.9704166666666667,259.9166666666667,0.0,1,4,4
Delhi,2019-01-05,303.8,201.2,165.6,29.0,61.2,46.7,0.91,94.9,149.1,13.27,4.47,7.78,213.5,Good,13.133333333333333,70.875,3.109583333333333,107.04166666666667,0.0,1,5,5
Delhi,2019-01-06,400.5,235.2,29.1,65.9,14.4,27.5,6.23,18.5,111.7,15.27,3.73,2.61,55.0,Moderate,13.029166666666667,77.91666666666667,2.37375,134.41666666666666,2.2,1,6,6
Delhi,2019-01-07,147.4,13.0,18.3,26.6,24.5,40.0,5.18,18.2,171.6,3.64,13.13,7.12,289.4,Good,12.458333333333334,78.5,2.3691666666666666,322.7916666666667,0.0,1,0,7
Delhi,2019-01-08,284.1,91.1,115.6,124.4,161.7,23.2,7.3,31.4,161.5,5.34,25.66,5.64,242.4,Moderate,12.1875,76.70833333333333,2.7458333333333336,293.4166666666667,0.0,1,1,8
Delhi,2019-01-09,42.2,265.6,50.9,91.0,41.1,33.8,0.59,77.0,122.7,7.35,28.09,6.3,248.1,Good,12.512500000000001,70.625,3.487083333333333,290.8333333333333,0.0,1,2,9
Delhi,2019-01-10,471.6,489.6,19.4,45.4,193.8,32.1,4.4,51.8,159.0,3.49,12.44,3.14,449.0,Moderate,12.504166666666668,67.5,2.215,246.95833333333334,0.0,1,3,10
Delhi,2019-01-11,316.3,144.5,187.3,29.7,62.0,28.8,1.04,54.8,80.8,8.76,18.26,9.69,283.9,Very Poor,12.716666666666667,71.125,1.6304166666666668,96.29166666666667,0.0,1,4,11
Delhi,2019-01-12,463.7,321.9,53.9,67.8,247.1,17.4,5.5,1.3,157.5,16.81,10.68,0.69,87.9,Moderate,13.299999999999999,74.91666666666667,1.5091666666666665,186.83333333333334,0.0,1,5,12
Delhi,2019-01-13,309.7,144.4,118.3,100.4,40.7,17.4,3.86,49.1,163.4,16.31,9.58,3.34,434.1,Severe,14.291666666666666,74.33333333333333,2.0479166666666666,197.54166666666666,0.0,1,6,13
Delhi,2019-01-14,358.0,429.9,80.1,24.7,196.5,1.4,7.39,95.4,134.8,19.6,22.17,9.88,282.8,Moderate,12.575000000000001,60.333333333333336,4.205,303.6666666666667,0.0,1,0,14
Delhi,2019-01-15,116.7,572.8,110.1,49.2,54.0,16.1,2.36,51.9,143.6,12.68,27.82,7.51,55.1,Moderate,11.35,59.416666666666664,3.6129166666666666,290.625,0.0,1,1,15
Delhi,2019-01-16,225.5,372.1,94.3,44.5,1.1,0.2,7.52,38.6,14.1,10.31,9.27,6.84,222.8,Severe,11.950000000000001,70.0,1.5737499999999998,173.54166666666666,0.0,1,2,16
Delhi,2019-01-17,356.5,98.9,191.6,39.8,31.7,7.5,4.87,93.3,167.6,11.46,10.67,7.62,107.7,Poor,12.029166666666667,76.375,2.098333333333333,315.5,0.0,1,3,17
Delhi,2019-01-18,105.3,193.4,40.8,17.7,132.1,26.6,3.2,15.4,187.2,7.71,3.0,3.5,100.0,Poor,12.033333333333333,74.66666666666667,2.3316666666666666,304.4166666666667,0.0,1,4,18
Delhi,2019-01-19,478.1,61.2,77.0,71.3,208.7,29.6,6.96,88.5,112.7,7.68,24.85,4.83,75.4,Poor,13.8375,70.33333333333333,2.0120833333333334,266.7916666666667,0.0,1,5,19
Delhi,2019-01-20,425.0,91.2,32.1,75.1,12.0,40.1,3.38,52.9,191.4,19.3,13.87,9.7,28.0,Severe,16.604166666666668,74.25,1.3754166666666665,188.45833333333334,0.0,1,6,20
Delhi,2019-01-21,242.1,129.8,165.0,22.5,187.4,15.7,2.47,64.9,44.0,17.41,11.44,1.67,144.6,Severe,16.0125,82.08333333333333,3.8354166666666667,124.33333333333333,5.5,1,0,21
Delhi,2019-01-22,372.0,463.5,155.5,83.5,217.2,25.8,1.53,1.9,155.1,15.74,22.32,5.16,66.1,Satisfactory,14.820833333333333,86.375,3.8504166666666664,124.83333333333333,17.6,1,1,22
Delhi,2019-01-23,43.4,344.1,162.1,7.9,129.6,39.7,9.82,5.7,134.3,1.31,6.46,4.04,31.9,Severe,13.2125,84.29166666666667,1.81125,118.20833333333333,0.4,1,2,23
Delhi,2019-01-24,9.7,237.1,195.1,5.8,65.5,15.3,5.13,20.6,24.1,3.68,15.13,0.32,155.5,Moderate,13.766666666666666,80.20833333333333,2.3000000000000003,195.875,0.1,1,3,24
Delhi,2019-01-25,102.8,244.1,110.0,58.7,225.8,44.4,4.31,79.9,16.3,5.21,19.16,9.05,49.4,Moderate,12.170833333333334,78.91666666666667,2.2504166666666667,287.75,0.9,1,4,25
Delhi,2019-01-26,3.4,590.1,192.5,98.1,33.2,38.1,9.29,41.4,50.9,2.58,2.91,2.39,237.4,Severe,11.387500000000001,70.0,2.8004166666666666,319.625,0.0,1,5,26
Delhi,2019-01-27,179.6,128.2,143.2,55.4,37.6,36.1,1.75,64.4,82.7,15.36,26.15,9.04,473.4,Satisfactory,10.1625,68.83333333333333,3.1470833333333332,305.4166666666667,0.0,1,6,27
Delhi,2019-01-28,125.4,337.1,14.8,104.3,176.2,8.3,9.38,62.6,83.8,15.45,16.82,2.51,14.8,Moderate,10.620833333333334,63.083333333333336,3.5504166666666666,307.875,0.0,1,0,28
Delhi,2019-01-29,58.5,11.5,141.9,32.4,76.4,27.6,5.53,24.1,77.8,2.26,4.79,0.57,38.2,Good,11.1,63.125,3.4450000000000003,301.4583333333333,0.0,1,1,29
Delhi,2019-01-30,188.2,388.6,63.2,127.0,51.9,20.2,8.22,13.3,198.7,13.84,9.63,5.93,420.2,Moderate,11.354166666666666,70.125,2.5204166666666667,229.70833333333334,0.0,1,2,30
Delhi,2019-01-31,100.8,510.6,49.7,32.9,234.4,46.1,4.74,13.8,195.0,18.61,1.55,9.92,295.2,Poor,12.8375,71.875,2.9783333333333335,112.0,0.8,1,3,31
Delhi,2019-02-01,92.8,443.4,86.3,110.2,219.0,8.3,5.5,17.2,79.7,9.61,21.88,8.03,57.0,Good,14.237499999999999,75.125,2.48625,161.91666666666666,0.7000000000000001,2,4,32
Delhi,2019-02-02,299.9,293.6,163.5,90.5,3.5,10.7,9.21,27.8,174.5,7.84,0.47,6.89,352.2,Very Poor,13.058333333333332,81.58333333333333,2.7550000000000003,297.6666666666667,0.0,2,5,33
Delhi,2019-02-03,398.3,455.2,173.4,118.7,1.7,37.0,4.29,15.1,19.4,10.75,12.28,2.81,376.4,Satisfactory,12.7125,82.20833333333333,2.4470833333333335,282.0833333333333,0.0,2,6,34
Delhi,2019-02-04,389.8,288.9,167.4,91.2,205.4,12.8,3.31,15.6,54.4,6.14,18.64,6.74,218.3,Very Poor,14.0625,75.45833333333333,1.7195833333333332,285.0,0.0,2,0,35
Delhi,2019-02-05,216.6,260.3,193.0,71.4,99.8,14.5,7.39,6.8,174.0,7.43,7.0,6.84,415.9,Good,15.533333333333333,78.375,1.6808333333333334,102.83333333333333,0.0,2,1,36
Delhi,2019-02-06,486.7,4.3,136.3,107.6,72.8,47.3,2.83,61.6,173.0,13.19,15.6,9.43,328.0,Satisfactory,16.979166666666668,84.95833333333333,3.00375,135.91666666666666,9.200000000000001,2,2,37
Delhi,2019-02-07,338.7,527.8,91.6,70.3,67.8,49.1,2.35,96.6,151.0,15.88,11.37,6.74,345.9,Very Poor,15.762500000000001,89.66666666666667,5.689166666666666,148.625,11.9,2,3,38
Delhi,2019-02-08,68.9,70.3,46.7,26.4,21.9,15.7,5.21,62.3,166.9,1.73,28.31,0.71,246.0,Very Poor,12.7875,73.875,2.4629166666666666,301.4583333333333,0.0,2,4,39
Delhi,2019-02-09,481.2,443.8,158.5,149.9,218.3,8.7,6.4,11.7,169.7,16.06,19.93,3.36,369.0,Satisfactory,12.483333333333334,72.08333333333333,3.5141666666666667,295.0833333333333,0.0,2,5,40
Delhi,2019-02-10,45.5,132.1,176.4,29.0,41.3,10.8,4.38,31.0,185.9,2.44,3.92,4.79,416.5,Satisfactory,12.266666666666666,75.625,2.045,307.125,0.5,2,6,41
Delhi,2019-02-11,301.5,312.4,49.1,140.9,73.2,15.7,8.6,37.6,190.7,0.31,6.93,8.37,399.8,Satisfactory,13.008333333333333,75.95833333333333,1.8741666666666665,306.9583333333333,0.0,2,0,42
Delhi,2019-02-12,335.5,223.9,170.2,137.2,16.8,31.6,1.04,92.2,195.5,18.16,4.72,1.3,91.4,Very Poor,15.066666666666668,76.375,1.3891666666666669,237.45833333333334,0.0,2,1,43
Delhi,2019-02-13,109.9,597.4,198.3,115.7,31.0,21.0,4.99,91.0,6.9,16.29,17.45,1.14,385.3,Good,16.383333333333333,75.41666666666667,1.66125,130.625,0.0,2,2,44
Delhi,2019-02-14,4.1,536.6,57.4,5.2,216.3,21.0,4.88,48.6,184.5,17.69,28.66,4.76,275.6,Moderate,16.145833333333332,83.875,3.7291666666666665,131.125,3.7,2,3,45
Delhi,2019-02-15,495.5,124.5,166.9,90.4,188.0,33.2,8.98,6.8,137.9,19.45,11.76,8.11,291.7,Very Poor,15.8125,85.58333333333333,1.8583333333333334,146.66666666666666,1.5,2,4,46
Delhi,2019-02-16,305.1,225.0,81.3,119.6,183.7,44.9,5.57,66.6,17.3,13.8,26.53,4.84,364.0,Very Poor,14.341666666666667,86.45833333333333,2.203333333333333,291.625,0.5,2,5,47
Delhi,2019-02-17,91.5,202.0,56.7,132.4,55.0,10.4,2.84,64.6,114.6,12.11,15.26,5.95,206.6,Satisfactory,14.5,80.5,3.185833333333333,303.8333333333333,0.0,2,6,48
Delhi,2019-02-18,370.6,126.9,122.1,137.6,150.7,21.4,5.02,53.9,51.4,15.4,20.43,0.54,368.7,Moderate,15.924999999999999,72.375,2.827916666666667,121.875,0.1,2,0,49
Delhi,2019-02-19,22.5,487.1,71.1,106.1,113.3,33.3,8.99,95.5,117.0,10.28,5.69,9.99,184.5,Satisfactory,16.533333333333335,77.79166666666667,1.785,118.125,0.0,2,1,50
Delhi,2019-02-20,322.7,258.3,75.5,52.3,30.2,48.2,7.83,86.1,54.7,2.18,21.47,9.06,87.4,Good,16.841666666666665,82.375,3.1945833333333336,97.33333333333333,3.4,2,2,51
Delhi,2019-02-21,33.4,387.0,72.4,80.7,165.9,8.2,6.84,87.7,153.5,7.21,20.0,4.45,360.9,Poor,19.120833333333334,76.29166666666667,2.814583333333333,125.04166666666667,0.0,2,3,52
Delhi,2019-02-22,192.7,188.7,2.0,62.5,154.2,6.9,7.01,15.4,59.8,16.48,9.74,7.67,433.9,Very Poor,17.920833333333334,73.16666666666667,4.095,310.25,0.8,2,4,53
Delhi,2019-02-23,387.1,28.2,176.0,118.9,129.2,28.4,4.96,13.9,43.2,1.73,2.63,3.21,198.9,Satisfactory,14.833333333333334,67.29166666666667,3.96625,306.7083333333333,0.0,2,5,54
Delhi,2019-02-24,76.8,209.1,165.8,146.2,77.8,30.2,1.07,30.3,60.8,8.57,12.89,3.33,116.9,Satisfactory,15.170833333333334,68.25,2.5279166666666666,250.375,0.1,2,6,55
Delhi,2019-02-25,441.8,77.8,160.4,41.8,228.8,48.9,3.32,50.2,61.4,17.74,29.24,7.18,105.1,Satisfactory,15.266666666666666,68.16666666666667,1.8125,102.20833333333333,0.2,2,0,56
Delhi,2019-02-26,11.4,254.3,11.3,45.9,241.1,3.8,7.7,83.7,44.3,8.97,7.55,9.38,397.9,Poor,15.4,69.91666666666667,2.9404166666666662,107.5,4.5,2,1,57
Delhi,2019-02-27,110.5,28.0,85.6,114.2,173.8,39.8,3.37,10.1,116.7,16.74,29.29,9.52,201.4,Moderate,13.495833333333332,80.75,2.16125,201.83333333333334,6.8,2,2,58
Delhi,2019-02-28,60.3,584.3,27.9,60.8,40.0,21.6,1.62,40.1,116.0,5.49,15.89,6.34,309.4,Moderate,12.9375,72.54166666666667,2.6616666666666666,313.7083333333333,0.0,2,3,59
Delhi,2019-03-01,233.8,53.0,51.7,78.3,227.3,47.4,2.75,22.0,33.5,0.62,22.58,3.5,463.0,Good,13.775,69.0,2.4858333333333333,313.7916666666667,0.0,3,4,60
Delhi,2019-03-02,478.8,519.7,153.9,50.0,64.0,23.9,5.13,16.4,30.9,16.46,21.69,9.36,152.4,Moderate,15.1,75.58333333333333,1.4141666666666666,128.625,7.4,3,5,61
Delhi,2019-03-03,110.8,186.2,164.4,111.6,182.3,8.5,0.98,18.5,145.8,17.52,25.51,4.6,449.9,Very Poor,15.9,80.0,2.2183333333333333,129.79166666666666,2.1999999999999997,3,6,62
Delhi,2019-03-04,471.9,140.1,30.2,16.3,63.2,12.1,2.31,54.6,85.3,4.04,11.12,8.83,315.4,Severe,16.754166666666666,81.20833333333333,2.185416666666667,221.04166666666666,0.1,3,0,63
Delhi,2019-03-05,31.1,371.5,170.6,9.7,14.1,5.9,6.34,35.8,80.1,15.72,23.76,4.08,229.6,Satisfactory,16.033333333333335,74.45833333333333,2.9012499999999997,306.375,0.0,3,1,64
Delhi,2019-03-06,234.8,105.4,68.7,59.4,117.1,17.8,8.57,75.4,114.2,2.2,9.86,4.93,0.9,Poor,16.462500000000002,66.875,2.9254166666666666,303.7083333333333,0.0,3,2,65
Delhi,2019-03-07,74.3,227.5,193.2,10.9,139.4,7.0,0.8,4.6,166.2,18.45,16.01,8.86,398.4,Good,16.608333333333334,67.5,2.2579166666666666,260.9583333333333,0.0,3,3,66
Delhi,2019-03-08,255.4,98.4,51.1,23.3,193.5,26.1,1.83,87.7,58.8,4.81,11.63,5.63,247.1,Severe,17.900000000000002,63.875,2.1149999999999998,227.5,0.0,3,4,67
Delhi,2019-03-09,272.8,184.8,55.7,80.9,77.9,19.1,9.36,42.7,171.9,5.52,5.52,3.14,444.3,Satisfactory,18.104166666666668,66.75,3.3616666666666664,337.125,0.0,3,5,68
Delhi,2019-03-10,441.5,380.3,146.0,9.3,137.4,5.1,2.09,25.5,142.9,2.04,1.04,4.93,184.7,Poor,17.287499999999998,59.833333333333336,2.4391666666666665,255.29166666666666,0.0,3,6,69
Delhi,2019-03-11,239.1,266.1,12.5,88.1,169.9,3.5,6.7,98.7,123.8,9.03,27.04,8.22,246.8,Satisfactory,19.599999999999998,59.416666666666664,3.77,98.66666666666667,1.2000000000000002,3,0,70
Delhi,2019-03-12,383.9,145.2,159.9,99.3,241.5,3.5,4.13,70.2,58.5,16.64,20.13,2.46,274.7,Satisfactory,19.3,59.5,2.95875,191.20833333333334,0.0,3,1,71
Delhi,2019-03-13,160.4,41.4,22.4,47.9,124.3,17.7,8.12,43.4,109.9,6.6,20.72,9.42,417.9,Good,18.04583333333333,66.91666666666667,1.8816666666666666,230.25,0.0,3,2,72
Delhi,2019-03-14,171.4,67.5,156.0,125.1,166.3,40.4,1.73,43.0,91.0,15.57,23.62,7.74,178.2,Poor,17.166666666666668,73.58333333333333,3.094583333333333,244.33333333333334,0.30000000000000004,3,3,73
Delhi,2019-03-15,330.6,7.1,120.5,96.5,14.5,41.9,8.86,50.9,63.3,2.46,25.25,2.87,404.4,Moderate,17.820833333333333,67.0,3.1195833333333334,330.4583333333333,0.0,3,4,74
Delhi,2019-03-16,401.1,207.1,162.8,1.5,78.2,4.1,4.91,84.5,25.9,8.65,4.85,0.17,385.5,Very Poor,17.829166666666666,61.041666666666664,2.9758333333333336,314.5416666666667,0.0,3,5,75
Delhi,2019-03-17,77.0,93.2,159.5,68.7,153.9,8.2,9.36,91.4,139.9,6.13,20.21,8.68,391.5,Satisfactory,19.583333333333332,53.583333333333336,2.3975,264.4583333333333,0.0,3,6,76
Delhi,2019-03-18,352.7,39.1,180.2,147.7,17.7,24.2,7.67,9.6,87.5,11.44,17.64,2.11,359.5,Good,19.933333333333334,55.458333333333336,2.0208333333333335,291.6666666666667,0.0,3,0,77
Delhi,2019-03-19,325.4,464.7,172.2,116.9,93.4,42.6,1.25,88.8,77.8,12.81,22.02,9.65,411.1,Good,21.025000000000002,57.458333333333336,2.232083333333333,235.33333333333334,0.0,3,1,78
Delhi,2019-03-20,398.9,38.0,53.3,139.6,138.5,25.7,6.35,64.1,126.6,3.25,13.19,3.38,295.1,Very Poor,22.704166666666666,51.166666666666664,3.8800000000000003,114.20833333333333,0.0,3,2,79
Delhi,2019-03-21,383.1,131.6,71.3,124.2,49.2,20.3,3.81,3.0,83.7,2.15,29.14,9.82,45.2,Good,22.400000000000002,51.125,2.8058333333333336,156.29166666666666,0.0,3,3,80
Delhi,2019-03-22,194.7,362.8,164.2,15.0,140.7,19.4,8.47,16.4,156.6,10.78,4.04,9.16,482.3,Good,21.583333333333332,43.708333333333336,3.6479166666666667,319.4583333333333,0.0,3,4,81
Delhi,2019-03-23,485.6,15.4,113.7,25.1,139.1,37.6,9.51,84.5,64.2,0.56,25.08,5.47,303.6,Very Poor,22.1125,40.208333333333336,4.305416666666667,313.0833333333333,0.0,3,5,82
Delhi,2019-03-24,473.3,557.0,134.8,14.7,191.8,21.6,9.58,97.4,12.9,2.7,12.41,3.71,454.6,Severe,24.03333333333333,46.375,3.754583333333333,310.375,0.0,3,6,83
Delhi,2019-03-25,26.3,472.5,106.0,114.2,207.8,5.1,6.55,67.3,8.5,11.72,0.06,8.45,72.1,Moderate,21.5,64.125,3.1975,301.6666666666667,0.4,3,0,84
Delhi,2019-03-26,150.6,160.5,177.3,62.0,193.9,31.5,8.71,54.5,163.1,11.02,16.42,3.47,343.4,Severe,21.8,61.25,3.219583333333333,288.7916666666667,0.0,3,1,85
Delhi,2019-03-27,157.5,564.2,93.4,135.2,161.7,8.5,0.58,22.4,39.4,18.13,24.29,5.98,66.1,Moderate,23.05,57.458333333333336,2.6725,298.9583333333333,0.0,3,2,86
Delhi,2019-03-28,185.3,351.4,21.5,90.4,121.1,40.5,6.5,52.1,80.3,15.48,24.31,8.71,493.8,Satisfactory,25.3125,58.083333333333336,2.2624999999999997,238.58333333333334,0.0,3,3,87
Delhi,2019-03-29,113.2,13.0,19.5,112.0,156.6,33.3,9.41,22.3,77.9,16.45,22.64,4.51,467.0,Satisfactory,27.075,55.875,1.9379166666666665,265.3333333333333,0.0,3,4,88
Delhi,2019-03-30,60.5,259.5,17.4,132.3,119.1,5.5,6.7,23.3,113.4,1.79,15.09,1.52,200.4,Good,26.004166666666666,59.416666666666664,1.9799999999999998,221.66666666666666,0.0,3,5,89
Delhi,2019-03-31,210.9,177.5,109.6,59.5,120.8,34.2,3.38,64.0,20.4,2.0,16.91,2.09,293.1,Very Poor,25.912499999999998,43.708333333333336,3.825833333333333,314.5416666666667,0.0,3,6,90
Delhi,2019-04-01,324.2,54.8,163.0,33.8,37.2,28.5,3.5,13.8,147.6,1.11,5.57,4.26,214.2,Very Poor,25.025000000000002,36.75,3.7691666666666666,305.7083333333333,0.0,4,0,91
Delhi,2019-04-02,258.6,585.0,41.8,9.5,231.1,10.0,4.01,33.5,175.4,5.01,16.83,5.81,71.1,Satisfactory,24.454166666666666,45.208333333333336,2.3108333333333335,252.75,0.0,4,1,92
Delhi,2019-04-03,477.9,517.2,83.9,60.0,222.7,34.8,9.05,87.8,71.0,13.01,26.12,2.71,372.0,Good,25.754166666666666,43.333333333333336,2.6479166666666667,244.79166666666666,0.0,4,2,93
Delhi,2019-04-04,390.4,401.0,23.2,139.4,156.4,37.6,4.87,4.8,24.3,0.15,16.62,1.82,341.3,Satisfactory,27.6375,43.583333333333336,1.9679166666666665,124.54166666666667,0.0,4,3,94
Delhi,2019-04-05,138.5,201.1,198.9,136.1,29.3,18.7,4.4,39.1,152.1,0.18,26.74,4.72,172.1,Poor,28.445833333333336,47.041666666666664,1.7841666666666667,211.20833333333334,0.0,4,4,95
Delhi,2019-04-06,59.0,71.4,12.9,31.3,182.3,14.2,6.81,81.4,125.4,18.07,26.02,9.32,95.8,Poor,28.008333333333336,52.083333333333336,2.2441666666666666,95.29166666666667,0.0,4,5,96
Delhi,2019-04-07,175.5,388.2,148.2,104.7,12.9,9.3,2.78,72.4,8.7,17.88,14.66,6.05,246.8,Very Poor,27.545833333333334,58.541666666666664,2.6470833333333332,98.95833333333333,0.6,4,6,97
Delhi,2019-04-08,162.0,469.3,10.9,92.1,114.2,19.1,6.52,70.1,179.0,7.36,8.1,3.63,53.6,Good,26.325,57.083333333333336,2.785833333333333,117.375,0.4,4,0,98
Delhi,2019-04-09,218.7,376.0,154.8,73.7,143.1,18.7,1.92,7.8,12.4,18.51,2.85,1.48,332.5,Severe,27.849999999999998,50.375,2.03125,97.25,0.0,4,1,99
Delhi,2019-04-10,230.6,250.9,94.2,15.7,54.0,41.2,4.26,66.9,20.3,12.64,0.0,0.15,116.9,Satisfactory,28.920833333333334,45.833333333333336,2.0308333333333333,196.20833333333334,0.0,4,2,100
Delhi,2019-04-11,256.3,548.7,116.8,56.5,4.2,11.9,5.03,75.9,99.8,16.55,11.8,7.01,6.6,Severe,29.8625,39.583333333333336,2.3270833333333334,283.0833333333333,0.0,4,3,101
Delhi,2019-04-12,51.0,310.8,20.8,11.5,214.7,3.7,1.77,64.4,63.3,6.63,24.17,5.23,350.7,Severe,29.212500000000002,39.25,2.782916666666667,281.75,0.0,4,4,102
Delhi,2019-04-13,160.5,41.1,1.4,146.5,56.8,34.3,9.25,84.9,44.0,7.43,14.64,7.32,244.6,Very Poor,29.504166666666666,40.25,3.435833333333333,291.375,0.0,4,5,103
Delhi,2019-04-14,295.1,108.9,53.2,70.1,64.7,17.4,8.71,7.4,179.8,19.67,27.46,0.89,350.6,Very Poor,30.19583333333333,36.208333333333336,3.8195833333333336,329.9583333333333,0.0,4,6,104
Delhi,2019-04-15,105.3,413.3,197.0,146.4,196.0,2.3,8.61,86.2,5.1,13.77,22.83,9.13,378.9,Very Poor,30.691666666666666,34.125,3.2725000000000004,315.4166666666667,0.0,4,0,105
Delhi,2019-04-16,358.7,389.6,56.1,3.0,104.2,14.1,1.01,31.9,49.7,19.84,18.95,3.82,324.0,Good,25.875,51.291666666666664,3.3212499999999996,191.375,0.30000000000000004,4,1,106
Delhi,2019-04-17,490.6,495.6,187.3,19.9,222.5,31.0,3.33,16.2,144.1,1.47,28.68,5.15,419.2,Severe,21.791666666666668,73.58333333333333,3.091666666666667,144.0,7.800000000000001,4,2,107
Delhi,2019-04-18,117.1,144.8,178.4,125.1,4.5,31.6,2.14,66.3,79.0,9.62,18.49,4.54,22.5,Moderate,22.625,66.54166666666667,1.6129166666666668,207.33333333333334,0.0,4,3,108
Delhi,2019-04-19,143.9,258.7,137.5,59.3,227.0,2.5,8.75,84.3,133.2,19.69,0.26,6.65,426.3,Moderate,24.675,54.708333333333336,2.5483333333333333,297.75,0.0,4,4,109
Delhi,2019-04-20,59.4,378.1,44.0,10.5,249.2,12.0,7.72,56.8,48.4,11.91,20.95,0.67,308.9,Poor,26.5625,48.5,1.8104166666666668,302.375,0.0,4,5,110
Delhi,2019-04-21,201.0,555.0,197.1,38.5,5.0,17.3,8.29,4.2,187.8,14.11,4.21,0.93,482.0,Moderate,28.53333333333333,41.541666666666664,2.5783333333333336,286.25,0.0,4,6,111
Delhi,2019-04-22,381.8,287.4,146.8,71.9,68.4,39.2,7.46,6.2,28.1,8.96,10.81,4.89,271.4,Moderate,29.504166666666666,42.833333333333336,2.4250000000000003,274.75,0.0,4,0,112
Delhi,2019-04-23,109.4,332.7,24.6,94.2,113.4,23.0,7.9,26.7,111.9,19.52,18.9,7.11,389.0,Satisfactory,31.3125,38.208333333333336,2.1670833333333333,242.08333333333334,0.0,4,1,113
Delhi,2019-04-24,220.9,210.0,79.9,146.3,215.8,48.2,0.27,3.5,192.8,2.03,21.22,0.26,167.4,Moderate,32.291666666666664,38.041666666666664,2.9604166666666667,141.16666666666666,0.0,4,2,114
Delhi,2019-04-25,362.2,476.2,114.4,17.6,19.8,43.0,1.97,78.3,24.6,9.96,1.96,3.04,62.9,Satisfactory,32.40416666666667,38.375,2.6824999999999997,100.95833333333333,0.1,4,3,115
Delhi,2019-04-26,486.1,192.5,0.4,95.7,121.9,32.2,6.63,24.6,47.9,5.29,8.9,6.56,442.3,Very Poor,32.675000000000004,34.625,3.46625,327.4166666666667,0.0,4,4,116
Delhi,2019-04-27,117.2,247.6,30.8,7.9,6.3,44.5,2.38,42.6,123.7,14.62,10.71,2.85,12.1,Poor,33.395833333333336,22.416666666666668,5.4245833333333335,323.7916666666667,0.0,4,5,117
Delhi,2019-04-28,148.8,248.3,93.7,58.4,112.3,40.6,6.13,8.0,117.7,19.99,29.36,4.07,479.3,Moderate,33.25416666666667,19.958333333333332,4.53125,319.3333333333333,0.0,4,6,118
Delhi,2019-04-29,182.8,200.6,170.3,107.8,219.0,24.6,6.61,87.8,148.7,0.92,14.76,2.96,328.9,Very Poor,33.416666666666664,20.25,3.0262499999999997,260.5833333333333,0.0,4,0,119
Delhi,2019-04-30,261.2,325.9,4.5,81.2,162.4,16.7,7.37,39.9,70.3,18.74,9.68,1.39,374.6,Good,33.78333333333333,21.458333333333332,3.0104166666666665,125.54166666666667,0.0,4,1,120
Delhi,2019-05-01,273.2,79.4,63.9,21.1,224.4,7.8,8.91,64.8,32.9,6.94,28.54,5.14,302.0,Very Poor,32.68333333333333,26.0,2.6225,101.0,0.0,5,2,121
Delhi,2019-05-02,255.1,512.8,145.9,32.2,132.7,35.1,2.13,59.9,22.5,9.25,28.24,0.82,492.8,Good,31.34166666666667,33.583333333333336,3.6833333333333336,128.54166666666666,0.30000000000000004,5,3,122
Delhi,2019-05-03,370.5,4.2,143.3,64.5,33.5,43.6,6.27,52.7,43.7,9.55,18.07,9.2,320.8,Severe,30.912499999999998,34.041666666666664,2.8329166666666663,116.45833333333333,0.0,5,4,123
Delhi,2019-05-04,354.8,371.4,198.2,120.4,181.0,6.1,4.1,0.4,82.7,12.21,26.75,3.09,346.1,Moderate,30.979166666666668,24.458333333333332,3.77875,319.8333333333333,0.0,5,5,124
Delhi,2019-05-05,62.7,393.7,98.9,131.4,163.2,33.4,7.71,82.9,77.2,10.64,19.0,2.03,18.8,Severe,30.995833333333334,20.708333333333332,3.8245833333333334,302.2916666666667,0.0,5,6,125
Delhi,2019-05-06,338.5,331.9,34.3,14.1,196.7,36.0,7.45,53.6,50.6,3.03,16.17,0.5,395.3,Moderate,31.816666666666666,23.208333333333332,3.0429166666666667,294.4166666666667,0.0,5,0,126
Delhi,2019-05-07,246.8,288.7,72.3,127.3,151.1,40.9,2.93,85.1,110.6,15.11,26.04,9.07,382.6,Moderate,32.020833333333336,22.333333333333332,3.31,272.2916666666667,0.0,5,1,127
Delhi,2019-05-08,279.5,435.8,148.6,16.1,45.7,20.2,4.87,4.0,135.2,11.85,25.53,5.95,9.8,Severe,33.67916666666667,19.25,3.518333333333333,267.5416666666667,0.0,5,2,128
Delhi,2019-05-09,82.5,135.2,185.6,120.9,160.2,43.0,3.33,66.7,195.0,9.49,7.71,2.04,407.2,Severe,34.0375,20.416666666666668,4.404583333333334,274.1666666666667,0.0,5,3,129
Delhi,2019-05-10,139.8,51.9,156.5,93.4,210.4,34.8,0.16,28.0,137.3,8.92,13.3,5.44,315.5,Severe,34.67916666666667,19.75,4.79375,289.25,0.0,5,4,130
Delhi,2019-05-11,466.8,123.8,74.5,29.1,45.6,23.6,1.61,15.4,28.6,10.76,11.35,0.9,400.2,Very Poor,32.13333333333333,29.875,3.6358333333333337,319.8333333333333,0.0,5,5,131
Delhi,2019-05-12,499.3,173.7,144.3,93.0,60.6,26.7,2.06,93.5,180.6,7.54,15.7,6.89,156.8,Poor,31.754166666666666,31.625,3.0241666666666664,293.9166666666667,0.0,5,6,132
Delhi,2019-05-13,407.9,124.5,190.3,55.2,38.6,34.4,9.3,26.5,53.4,14.61,9.79,9.18,337.2,Satisfactory,32.125,31.333333333333332,2.098333333333333,219.66666666666666,0.0,5,0,133
Delhi,2019-05-14,146.6,170.9,139.6,136.7,136.7,6.0,4.71,81.0,159.1,10.66,18.64,2.19,206.5,Severe,29.916666666666668,43.875,2.3275,261.25,0.0,5,1,134
Delhi,2019-05-15,364.2,378.1,106.3,56.9,59.5,6.1,8.49,95.3,70.0,8.66,22.81,8.18,330.4,Poor,30.316666666666666,46.333333333333336,1.8125,150.625,0.0,5,2,135
Delhi,2019-05-16,402.4,272.5,163.0,38.7,135.2,47.0,6.05,32.8,80.0,14.67,12.19,7.07,290.1,Satisfactory,30.1375,47.083333333333336,2.2075,256.2916666666667,0.0,5,3,136
Delhi,2019-05-17,86.7,431.8,82.4,45.5,140.4,11.5,7.74,90.6,138.4,11.58,12.38,5.33,161.7,Severe,28.2,59.5,1.9725000000000001,253.91666666666666,2.2,5,4,137
Delhi,2019-05-18,189.6,309.3,86.7,68.8,241.0,16.8,9.81,74.6,45.3,13.46,15.96,2.94,421.0,Moderate,27.5,61.0,3.2183333333333333,296.5833333333333,0.0,5,5,138
Delhi,2019-05-19,416.9,301.4,13.9,143.3,54.8,42.9,7.97,18.2,16.2,1.12,9.9,1.01,411.4,Poor,30.145833333333332,43.458333333333336,2.9566666666666666,293.4583333333333,0.0,5,6,139
Delhi,2019-05-20,159.8,98.5,181.2,84.5,223.5,40.1,0.95,40.6,56.4,7.94,4.09,8.58,302.8,Very Poor,31.69583333333333,35.916666666666664,3.1970833333333335,292.375,0.0,5,0,140
Delhi,2019-05-21,163.4,302.8,191.5,14.6,139.9,46.5,4.32,88.8,168.6,12.37,11.0,9.12,482.9,Poor,32.72083333333333,31.208333333333332,3.0712499999999996,285.875,0.0,5,1,141
Delhi,2019-05-22,480.4,47.3,22.6,112.6,142.0,40.0,7.78,88.3,85.2,13.88,19.03,2.33,200.0,Satisfactory,32.92916666666667,34.791666666666664,2.6041666666666665,262.9583333333333,0.0,5,2,142
Delhi,2019-05-23,475.4,94.9,69.9,104.5,190.2,32.5,3.21,78.2,10.0,8.58,10.55,3.6,84.6,Very Poor,33.079166666666666,37.791666666666664,2.1579166666666665,286.0833333333333,0.0,5,3,143
Delhi,2019-05-24,177.0,317.9,199.2,75.3,62.9,14.5,1.05,88.1,72.7,11.44,13.58,4.81,262.1,Very Poor,30.787499999999998,46.166666666666664,3.6824999999999997,261.2916666666667,0.0,5,4,144
Delhi,2019-05-25,49.5,244.8,60.8,30.7,39.2,9.2,4.77,42.0,174.6,16.51,24.4,6.67,25.3,Poor,31.104166666666668,40.041666666666664,4.265,307.1666666666667,0.0,5,5,145
Delhi,2019-05-26,470.4,178.3,9.1,13.7,32.6,29.1,0.1,66.3,90.9,0.8,22.27,2.12,458.2,Severe,31.516666666666666,34.416666666666664,3.2283333333333335,303.375,0.0,5,6,146
Delhi,2019-05-27,229.1,226.2,191.9,6.7,51.8,45.9,3.59,75.6,193.1,7.23,14.64,9.22,42.4,Severe,33.50416666666667,28.333333333333332,3.2441666666666666,302.9166666666667,0.0,5,0,147
Delhi,2019-05-28,470.8,62.9,66.6,17.7,188.4,38.9,2.53,53.7,160.2,2.19,1.38,5.24,451.1,Satisfactory,33.36666666666667,21.0,3.4025,299.75,0.0,5,1,148
Delhi,2019-05-29,248.5,335.5,182.6,48.3,113.9,44.1,1.44,43.9,29.9,17.57,9.46,2.43,26.1,Poor,34.42916666666667,21.291666666666668,3.080833333333333,301.6666666666667,0.0,5,2,149
Delhi,2019-05-30,144.8,415.7,7.8,68.3,250.0,38.0,2.79,32.9,119.2,5.47,5.76,1.34,1.7,Good,35.145833333333336,22.833333333333332,2.59875,295.125,0.0,5,3,150
Delhi,2019-05-31,58.8,408.7,173.9,22.8,113.7,38.7,2.85,87.1,179.2,5.41,22.86,7.21,201.2,Severe,36.0625,23.333333333333332,2.8708333333333336,255.20833333333334,0.0,5,4,151
Delhi,2019-06-01,87.3,105.8,99.5,106.9,118.4,35.0,1.79,88.4,90.3,14.88,23.9,6.64,382.5,Poor,35.07083333333333,34.0,2.9804166666666667,155.91666666666666,0.0,6,5,152
Delhi,2019-06-02,473.2,559.2,152.5,92.1,195.9,14.2,3.23,44.2,152.2,1.91,13.31,0.6,137.5,Severe,35.137499999999996,42.458333333333336,3.747916666666667,107.66666666666667,0.0,6,6,153
Delhi,2019-06-03,250.8,143.4,86.4,131.9,216.2,15.5,7.17,45.3,144.1,2.61,13.59,4.35,143.0,Severe,34.016666666666666,48.25,4.197916666666667,127.41666666666667,0.0,6,0,154
Delhi,2019-06-04,453.3,443.5,97.3,107.4,184.8,26.8,2.73,51.9,63.8,2.89,24.79,4.45,189.8,Severe,34.458333333333336,44.166666666666664,3.73625,135.08333333333334,0.0,6,1,155
Delhi,2019-06-05,327.6,71.5,95.3,40.0,197.0,11.6,6.25,91.3,184.8,8.26,14.7,9.27,102.0,Severe,35.0625,41.875,2.3979166666666667,159.04166666666666,0.0,6,2,156
Delhi,2019-06-06,419.0,63.0,196.3,12.5,56.4,6.2,2.23,69.8,25.2,2.9,11.01,3.55,366.7,Poor,35.24166666666667,38.875,3.0766666666666667,141.33333333333334,0.0,6,3,157
Delhi,2019-06-07,163.8,145.2,40.7,109.3,70.2,17.3,3.33,7.5,91.5,3.69,27.98,7.75,334.1,Severe,33.59166666666667,45.791666666666664,2.19,126.75,0.0,6,4,158
Delhi,2019-06-08,219.1,350.1,157.1,54.6,95.8,22.4,6.41,40.4,7.2,11.64,15.16,4.26,340.4,Severe,34.9625,37.875,1.9466666666666665,231.08333333333334,0.0,6,5,159
Delhi,2019-06-09,104.9,51.1,3.1,101.8,176.5,47.9,6.19,65.0,43.0,1.7,27.0,4.4,128.2,Moderate,35.92916666666667,28.291666666666668,2.3091666666666666,293.1666666666667,0.0,6,6,160
Delhi,2019-06-10,24.5,486.2,174.1,89.9,77.8,18.2,1.68,20.6,14.5,7.74,1.85,9.05,377.9,Severe,36.5375,27.333333333333332,2.155,222.875,0.0,6,0,161
Delhi,2019-06-11,386.2,148.9,91.6,118.0,209.7,49.5,7.28,40.3,43.1,13.19,3.94,1.24,377.7,Satisfactory,36.77916666666667,27.041666666666668,2.51125,271.7916666666667,0.0,6,1,162
Delhi,2019-06-12,246.9,171.6,171.5,114.5,15.7,13.0,8.89,68.6,1.5,16.33,17.48,8.44,68.0,Satisfactory,34.4,47.625,2.94875,132.875,3.0999999999999996,6,2,163
Delhi,2019-06-13,429.0,569.3,195.9,69.5,168.4,17.0,0.02,19.4,38.9,0.32,11.28,7.72,180.8,Very Poor,35.47083333333333,38.875,3.0054166666666666,234.66666666666666,0.0,6,3,164
Delhi,2019-06-14,246.0,299.3,165.5,29.6,56.0,35.5,3.68,23.7,147.1,19.99,25.19,0.39,490.2,Very Poor,35.97083333333333,29.791666666666668,4.1275,289.9583333333333,0.0,6,4,165
Delhi,2019-06-15,408.4,395.2,198.0,130.9,86.8,46.0,7.28,98.1,55.3,7.45,12.47,6.55,457.4,Good,36.61666666666667,22.041666666666668,4.013333333333333,281.25,0.0,6,5,166
Delhi,2019-06-16,426.5,501.8,24.8,119.2,131.0,22.7,7.39,5.7,48.4,8.39,21.04,1.86,295.8,Moderate,33.97083333333333,42.208333333333336,5.677916666666667,281.9583333333333,0.0,6,6,167
Delhi,2019-06-17,361.1,246.4,142.1,138.5,192.9,11.7,3.07,27.5,79.8,18.24,21.28,5.78,214.2,Very Poor,33.824999999999996,46.208333333333336,5.295416666666667,277.8333333333333,0.0,6,0,168
Delhi,2019-06-18,489.3,374.8,197.4,49.4,152.4,21.6,1.74,11.1,19.5,2.68,25.61,1.3,202.8,Very Poor,30.583333333333332,54.625,2.589583333333333,280.5416666666667,0.0,6,1,169
Delhi,2019-06-19,407.0,564.1,160.2,137.6,2.4,26.1,9.07,51.0,22.1,1.1,19.05,4.41,50.9,Moderate,31.1375,53.75,1.9420833333333334,249.54166666666666,0.0,6,2,170
Delhi,2019-06-20,371.1,266.9,18.5,1.4,112.7,31.0,9.07,93.4,168.3,19.43,11.67,6.69,0.9,Very Poor,31.875,48.625,1.7941666666666667,197.04166666666666,0.0,6,3,171
Delhi,2019-06-21,189.3,512.9,198.4,82.8,7.4,24.2,6.84,65.2,27.1,5.74,25.81,6.73,127.6,Severe,33.4375,48.25,1.7254166666666666,193.41666666666666,0.2,6,4,172
Delhi,2019-06-22,242.9,378.5,170.9,144.9,238.6,3.1,7.47,7.1,110.6,9.93,10.56,4.25,376.9,Very Poor,34.4625,40.541666666666664,2.3641666666666667,209.5,0.0,6,5,173
Delhi,2019-06-23,414.7,347.4,9.3,111.5,118.6,40.3,9.97,71.8,129.9,7.99,13.58,6.36,3.4,Very Poor,33.9,50.083333333333336,3.7408333333333332,116.08333333333333,0.0,6,6,174
Delhi,2019-06-24,220.8,208.9,182.4,139.5,76.5,8.5,9.74,92.3,123.1,0.62,7.56,7.01,437.8,Poor,31.566666666666666,60.0,3.1199999999999997,102.83333333333333,0.8,6,0,175
Delhi,2019-06-25,159.2,512.9,196.8,21.6,85.7,22.1,2.3,28.5,78.0,19.97,8.21,9.3,74.8,Severe,32.4125,60.916666666666664,1.3675,165.75,1.1,6,1,176
Delhi,2019-06-26,46.1,367.9,113.2,149.7,187.0,11.3,5.49,83.8,82.9,10.98,13.11,9.44,87.4,Moderate,34.362500000000004,50.416666666666664,2.3720833333333333,251.41666666666666,1.2000000000000002,6,2,177
Delhi,2019-06-27,173.2,572.3,80.2,111.6,87.8,42.4,3.92,50.2,159.5,13.0,15.88,6.81,452.9,Very Poor,34.625,40.375,3.2733333333333334,299.875,0.0,6,3,178
Delhi,2019-06-28,297.3,244.5,132.0,37.3,113.6,1.1,9.46,95.8,173.0,16.53,28.16,5.59,200.7,Moderate,35.49583333333333,38.0,3.595,286.2916666666667,0.0,6,4,179
Delhi,2019-06-29,220.5,108.8,76.8,106.8,52.9,32.5,5.17,52.8,60.8,1.77,28.1,7.19,104.8,Severe,36.50833333333333,36.375,3.5445833333333336,289.8333333333333,0.0,6,5,180
Delhi,2019-06-30,209.4,560.8,59.7,63.6,71.6,26.3,0.47,30.4,194.4,18.21,19.16,1.31,250.6,Poor,36.84166666666667,36.125,2.8441666666666667,258.0,0.0,6,6,181
Delhi,2019-07-01,119.9,239.4,185.1,50.3,59.8,42.7,7.07,74.8,15.8,6.38,9.39,8.15,68.1,Poor,35.645833333333336,45.416666666666664,1.8724999999999998,145.75,0.0,7,0,182
Delhi,2019-07-02,105.9,478.4,108.4,35.4,38.2,27.7,4.39,40.2,29.2,12.49,12.62,0.72,449.2,Severe,35.520833333333336,47.25,2.4058333333333333,101.91666666666667,0.0,7,1,183
Delhi,2019-07-03,15.0,233.0,65.1,86.0,199.0,22.8,2.72,83.5,132.4,5.0,6.25,1.15,463.4,Satisfactory,33.69166666666667,56.583333333333336,2.9270833333333335,120.33333333333333,2.6,7,2,184
Delhi,2019-07-04,364.7,419.4,184.6,126.1,208.2,28.5,5.85,29.6,168.9,19.26,3.53,2.59,203.9,Very Poor,33.199999999999996,59.625,2.8158333333333334,127.54166666666667,2.5,7,3,185
Delhi,2019-07-05,395.8,490.3,53.7,49.0,66.7,40.5,1.25,19.3,111.6,19.9,11.25,2.22,249.5,Good,31.15833333333333,72.20833333333333,1.4995833333333335,142.04166666666666,5.0,7,4,186
Delhi,2019-07-06,445.4,129.4,68.9,25.3,38.7,33.5,7.26,72.4,19.4,18.99,2.35,2.72,335.9,Moderate,30.941666666666666,70.625,2.2591666666666668,108.625,0.5,7,5,187
Delhi,2019-07-07,302.8,456.5,47.8,140.8,47.3,26.7,5.02,73.8,187.8,4.03,2.98,0.35,168.5,Poor,31.3625,68.58333333333333,1.3675,124.375,0.4,7,6,188
Delhi,2019-07-08,167.5,38.1,188.6,16.7,125.6,48.7,2.12,79.6,50.3,0.06,23.49,9.34,366.7,Very Poor,31.974999999999998,69.45833333333333,1.5104166666666667,192.29166666666666,2.3,7,0,189
Delhi,2019-07-09,487.6,304.7,2.2,105.6,205.3,35.1,3.39,7.1,190.1,5.05,22.53,0.06,462.7,Good,30.925,73.0,2.2808333333333333,197.04166666666666,6.8,7,1,190
Delhi,2019-07-10,139.9,537.6,11.5,48.1,187.9,28.0,8.72,66.5,31.9,11.71,8.89,4.68,477.0,Moderate,31.104166666666668,74.58333333333333,2.530416666666667,217.875,7.8,7,2,191
Delhi,2019-07-11,182.7,171.2,145.9,138.5,33.1,24.4,0.25,24.5,122.7,13.08,14.31,7.56,246.1,Good,33.233333333333334,60.166666666666664,3.8683333333333336,210.375,0.0,7,3,192
Delhi,2019-07-12,252.6,160.0,141.1,27.4,139.2,32.0,8.88,59.7,60.9,11.94,18.45,1.53,141.1,Severe,32.916666666666664,56.25,3.2295833333333337,242.54166666666666,0.8,7,4,193
Delhi,2019-07-13,417.1,303.8,167.9,114.4,164.8,41.1,5.0,13.4,124.7,19.92,16.86,1.63,339.4,Very Poor,34.03333333333333,49.333333333333336,4.898333333333333,236.83333333333334,0.0,7,5,194
Delhi,2019-07-14,411.1,445.9,51.4,20.2,30.6,18.7,5.59,51.9,74.8,0.07,11.16,7.48,242.5,Very Poor,32.75,55.125,4.119583333333334,210.41666666666666,0.2,7,6,195
Delhi,2019-07-15,421.4,385.2,14.0,106.3,164.5,42.3,0.77,92.9,199.4,6.43,20.91,2.06,465.2,Moderate,29.520833333333332,74.83333333333333,2.78875,175.66666666666666,5.0,7,0,196
Delhi,2019-07-16,347.8,431.9,162.2,146.6,202.1,39.0,5.66,61.0,95.7,13.61,19.11,3.31,41.6,Good,26.47083333333333,89.5,2.377083333333333,94.0,25.2,7,1,197
Delhi,2019-07-17,385.6,489.1,104.0,75.0,42.4,5.1,9.87,49.7,146.7,5.76,3.36,2.13,142.1,Poor,27.125,85.66666666666667,1.7016666666666669,106.45833333333333,6.8,7,2,198
Delhi,2019-07-18,39.3,368.4,55.9,101.1,237.0,11.2,7.08,7.7,192.6,9.15,0.51,3.7,235.1,Very Poor,27.433333333333334,83.625,1.3454166666666667,190.41666666666666,14.4,7,3,199
Delhi,2019-07-19,362.2,170.5,80.2,45.7,43.7,15.2,2.55,66.6,121.4,14.45,10.04,4.54,398.1,Good,29.34583333333333,80.75,1.26375,149.25,5.8999999999999995,7,4,200
Delhi,2019-07-20,354.5,376.9,89.2,77.5,88.9,45.7,0.27,83.0,129.7,18.52,6.5,0.53,7.2,Poor,30.15833333333333,80.66666666666667,1.8566666666666667,116.0,17.1,7,5,201
Delhi,2019-07-21,95.5,137.9,167.6,102.0,179.7,12.2,9.39,39.5,139.3,9.7,4.56,5.28,4.9,Good,29.90833333333333,80.83333333333333,2.0883333333333334,116.41666666666667,5.0,7,6,202
Delhi,2019-07-22,242.6,483.1,113.3,32.4,86.9,40.3,4.53,99.6,6.4,4.11,18.79,2.77,79.6,Satisfactory,30.3625,81.375,1.6779166666666665,107.125,3.9,7,0,203
Delhi,2019-07-23,327.2,362.4,143.5,101.4,21.2,31.1,1.98,95.0,173.7,10.94,2.93,8.78,370.4,Moderate,31.741666666666664,78.0,1.6783333333333335,180.29166666666666,2.3,7,1,204
Delhi,2019-07-24,347.2,366.9,130.1,128.2,21.9,15.9,3.44,73.6,62.7,16.05,3.81,4.5,282.8,Satisfactory,31.349999999999998,77.45833333333333,2.455833333333333,249.625,12.2,7,2,205
Delhi,2019-07-25,415.4,434.1,82.2,117.3,76.3,3.9,9.59,73.3,76.8,7.65,6.69,6.29,113.9,Moderate,27.858333333333334,85.66666666666667,1.6816666666666666,224.0,8.200000000000001,7,3,206
Delhi,2019-07-26,126.9,173.2,147.7,74.6,93.9,26.0,7.6,56.3,132.1,11.13,27.71,0.23,305.6,Poor,27.337500000000002,87.875,2.920833333333333,87.83333333333333,24.599999999999998,7,4,207
Delhi,2019-07-27,462.0,19.2,14.8,53.0,174.2,38.4,8.74,58.6,120.4,16.39,28.85,1.43,73.6,Severe,26.879166666666666,89.0,3.7258333333333336,106.79166666666667,5.699999999999999,7,5,208
Delhi,2019-07-28,137.8,158.4,67.0,36.3,168.9,38.3,5.21,60.3,150.3,3.08,5.38,2.47,483.4,Moderate,28.40416666666667,85.5,3.7154166666666666,105.25,6.4,7,6,209
Delhi,2019-07-29,358.7,218.6,183.2,18.3,80.7,18.4,9.61,13.4,103.3,4.07,22.63,0.19,361.7,Very Poor,29.433333333333334,78.45833333333333,3.7691666666666666,101.58333333333333,1.9000000000000001,7,0,210
Delhi,2019-07-30,312.6,97.1,128.6,113.6,242.5,34.8,3.22,95.6,115.6,14.61,29.92,6.25,167.3,Satisfactory,29.09166666666667,77.83333333333333,3.3525000000000005,99.25,0.8,7,1,211
Delhi,2019-07-31,327.0,204.5,85.5,6.5,88.6,31.7,8.92,61.3,57.6,0.96,21.3,4.75,355.3,Satisfactory,29.162499999999998,78.33333333333333,2.4775,89.625,0.7,7,2,212
Delhi,2019-08-01,111.0,265.8,9.7,81.6,60.7,38.1,1.79,46.4,181.4,14.81,16.04,7.41,302.3,Severe,29.433333333333334,81.875,2.408333333333333,117.29166666666667,4.1,8,3,213
Delhi,2019-08-02,282.9,102.9,146.1,13.7,39.9,34.9,4.94,8.3,131.0,16.11,21.11,2.13,497.6,Poor,28.8625,84.91666666666667,1.8804166666666668,109.20833333333333,13.6,8,4,214
Delhi,2019-08-03,92.3,332.7,97.3,108.4,76.2,40.4,0.15,85.9,116.2,15.71,15.34,4.47,323.7,Good,28.325,88.66666666666667,2.1687499999999997,91.54166666666667,3.9,8,5,215
Delhi,2019-08-04,131.3,483.1,155.7,60.2,102.1,36.8,4.53,48.2,104.4,0.58,2.33,3.11,455.7,Satisfactory,28.941666666666666,87.83333333333333,1.2254166666666666,134.33333333333334,5.4,8,6,216
Delhi,2019-08-05,288.1,329.9,106.0,7.1,161.0,12.8,1.5,43.4,117.3,10.72,28.46,0.58,12.8,Severe,29.45,85.83333333333333,1.5666666666666667,129.91666666666666,15.2,8,0,217
Delhi,2019-08-06,70.1,408.5,8.1,1.1,145.1,9.8,2.67,60.0,75.6,14.01,29.99,6.85,3.0,Moderate,27.96666666666667,89.0,2.438333333333333,111.45833333333333,14.7,8,1,218
Delhi,2019-08-07,66.4,581.6,63.2,44.4,75.6,28.1,9.14,45.8,158.0,3.38,22.86,5.61,75.9,Poor,28.295833333333334,88.66666666666667,1.3891666666666664,112.125,8.1,8,2,219
Delhi,2019-08-08,41.2,342.9,165.4,45.0,173.9,37.1,1.73,1.5,96.5,10.43,14.21,0.89,55.2,Good,30.28333333333333,78.04166666666667,2.415833333333333,90.16666666666667,0.7,8,3,220
Delhi,2019-08-09,89.9,210.2,30.8,60.0,203.4,23.8,7.78,82.5,88.4,16.77,21.79,5.7,114.0,Moderate,29.495833333333334,74.20833333333333,5.74625,95.125,0.6,8,4,221
Delhi,2019-08-10,241.5,359.2,2.0,43.1,84.4,28.7,7.45,80.5,160.8,14.9,4.46,6.34,262.9,Good,28.854166666666668,79.91666666666667,5.046666666666667,118.16666666666667,2.4,8,5,222
Delhi,2019-08-11,476.5,251.5,121.2,137.9,198.1,44.0,8.67,8.8,174.7,3.56,2.37,1.25,460.4,Moderate,29.641666666666666,79.66666666666667,2.015,154.5,1.7999999999999998,8,6,223
Delhi,2019-08-12,397.9,14.4,122.0,85.7,40.8,9.4,4.74,40.1,135.9,15.5,25.71,5.33,451.5,Very Poor,29.429166666666664,81.04166666666667,2.495416666666667,272.5833333333333,5.0,8,0,224
Delhi,2019-08-13,86.8,221.1,26.7,37.0,206.8,34.6,6.65,7.7,137.8,13.68,16.2,1.43,121.1,Satisfactory,28.979166666666668,84.45833333333333,2.36625,211.08333333333334,19.6,8,1,225
Delhi,2019-08-14,456.1,376.7,25.4,91.8,9.9,46.8,2.72,9.4,37.1,5.72,3.41,0.37,127.7,Poor,28.554166666666664,88.04166666666667,1.0516666666666667,158.20833333333334,5.2,8,2,226
Delhi,2019-08-15,130.7,382.7,192.1,104.2,230.9,43.5,2.75,39.3,29.9,18.82,28.08,2.43,211.0,Severe,29.09583333333333,82.66666666666667,3.69375,79.66666666666667,8.6,8,3,227
Delhi,2019-08-16,124.1,581.9,87.9,86.9,170.4,32.5,6.55,26.3,141.6,8.89,22.01,0.71,111.9,Good,28.133333333333336,83.08333333333333,4.6925,89.20833333333333,5.9,8,4,228
Delhi,2019-08-17,387.1,248.5,190.4,86.6,140.7,45.5,2.07,14.3,85.0,16.59,5.73,1.76,232.1,Moderate,26.27916666666667,89.29166666666667,5.832083333333333,124.875,9.0,8,5,229
Delhi,2019-08-18,151.1,80.3,123.6,55.1,60.2,39.4,4.75,96.7,122.8,14.89,28.7,8.61,44.4,Very Poor,26.870833333333334,87.45833333333333,2.6687499999999997,203.5,30.4,8,6,230
Delhi,2019-08-19,36.2,144.4,3.2,133.9,249.0,48.6,6.14,45.3,0.0,10.49,12.62,6.38,115.7,Good,28.079166666666666,85.33333333333333,1.21625,252.5,0.4,8,0,231
Delhi,2019-08-20,439.1,157.4,141.0,25.6,185.4,3.9,6.71,17.9,143.4,9.7,21.6,1.89,276.5,Severe,28.558333333333334,82.75,2.5729166666666665,306.25,0.6,8,1,232
Delhi,2019-08-21,482.1,591.7,185.0,34.7,62.0,19.5,0.21,65.5,150.1,9.31,20.52,4.32,275.2,Satisfactory,29.3625,79.04166666666667,2.752083333333333,258.0833333333333,0.0,8,2,233
Delhi,2019-08-22,383.2,389.1,131.5,145.6,208.4,2.0,7.67,98.3,128.5,3.42,4.03,9.49,363.9,Poor,28.570833333333336,85.70833333333333,1.4683333333333335,164.875,1.0,8,3,234
Delhi,2019-08-23,217.4,437.9,114.5,37.7,128.6,30.5,9.64,34.2,153.7,12.16,3.0,2.95,398.4,Poor,29.34166666666667,84.125,0.9820833333333333,218.16666666666666,5.5,8,4,235
Delhi,2019-08-24,266.5,274.3,9.8,5.3,181.5,7.4,9.15,77.5,91.7,17.28,4.09,8.84,420.3,Good,29.179166666666664,84.20833333333333,1.60375,142.54166666666666,2.8000000000000003,8,5,236
Delhi,2019-08-25,381.1,216.8,55.6,116.2,215.7,5.8,5.17,53.1,48.7,7.94,5.62,1.91,212.0,Severe,27.65833333333333,87.95833333333333,2.236666666666667,99.58333333333333,13.600000000000001,8,6,237
Delhi,2019-08-26,29.4,473.5,185.9,125.0,206.9,36.8,5.23,97.8,125.9,3.82,5.73,4.53,353.6,Poor,29.079166666666666,82.33333333333333,2.236666666666667,86.125,0.7,8,0,238
Delhi,2019-08-27,492.2,293.0,173.0,41.6,54.0,5.3,0.26,48.5,50.3,8.02,20.3,2.78,328.0,Poor,29.929166666666664,80.66666666666667,1.6145833333333333,99.16666666666667,0.1,8,1,239
Delhi,2019-08-28,496.4,83.2,176.8,90.6,225.7,25.0,8.05,36.1,86.1,14.35,3.55,6.99,341.1,Severe,30.599999999999998,78.5,2.129166666666667,94.95833333333333,0.4,8,2,240
Delhi,2019-08-29,154.2,597.6,90.0,35.6,168.0,34.6,2.95,97.8,55.8,16.17,14.78,9.48,247.8,Severe,30.229166666666668,80.70833333333333,2.4345833333333333,122.54166666666667,1.0,8,3,241
Delhi,2019-08-30,421.0,194.7,101.4,143.4,4.0,37.5,6.73,92.7,166.1,5.8,0.1,5.41,329.9,Good,30.354166666666668,80.625,1.3579166666666669,146.79166666666666,1.1,8,4,242
Delhi,2019-08-31,252.9,587.7,72.8,128.4,12.7,19.9,0.59,54.3,17.3,7.06,1.17,7.79,453.9,Good,30.458333333333332,79.0,1.5045833333333334,140.79166666666666,5.4,8,5,243
Delhi,2019-09-01,333.9,267.3,108.5,59.7,235.9,48.3,1.66,60.6,177.9,14.43,26.72,9.15,259.8,Satisfactory,28.587500000000002,86.54166666666667,2.6766666666666663,101.5,6.2,9,6,244
Delhi,2019-09-02,187.8,305.9,41.1,139.7,32.7,37.3,8.14,5.3,68.4,18.01,24.25,4.86,364.1,Satisfactory,29.7375,83.33333333333333,1.0741666666666667,161.41666666666666,1.4000000000000001,9,0,245
Delhi,2019-09-03,236.8,460.8,88.3,52.2,73.0,19.9,0.99,93.6,189.6,19.7,25.53,7.37,288.9,Severe,30.416666666666668,80.04166666666667,1.2620833333333332,203.25,7.2,9,1,246
Delhi,2019-09-04,109.6,296.6,162.3,19.0,54.1,22.9,7.16,76.4,53.4,16.83,21.02,9.43,359.8,Good,29.03333333333333,85.33333333333333,2.5212499999999998,120.375,5.1,9,2,247
Delhi,2019-09-05,63.1,225.5,190.3,20.8,215.2,9.3,5.23,20.2,167.9,5.54,16.3,5.12,195.8,Good,29.537499999999998,82.91666666666667,2.0812500000000003,112.45833333333333,0.6000000000000001,9,3,248
Delhi,2019-09-06,197.6,243.3,75.4,19.8,204.7,6.6,2.35,38.1,30.5,6.15,6.24,9.8,42.8,Moderate,29.8,81.54166666666667,2.0412500000000002,111.66666666666667,1.0,9,4,249
Delhi,2019-09-07,75.5,452.4,182.5,19.2,230.6,4.9,0.45,4.0,162.0,13.32,4.67,9.86,179.4,Good,28.804166666666664,85.91666666666667,2.40625,115.83333333333333,3.7,9,5,250
Delhi,2019-09-08,52.3,320.9,156.9,23.7,13.2,21.7,4.93,69.9,71.9,14.84,16.77,8.85,130.5,Poor,29.21666666666667,83.91666666666667,1.6079166666666664,93.41666666666667,0.4,9,6,251
Delhi,2019-09-09,191.6,547.1,76.4,115.2,149.0,16.9,3.24,37.0,57.8,8.05,17.29,9.45,357.1,Very Poor,30.191666666666666,79.54166666666667,1.3225,216.20833333333334,0.1,9,0,252
Delhi,2019-09-10,293.9,67.0,18.6,54.2,238.7,9.8,4.55,19.7,76.5,11.2,13.61,7.09,293.0,Good,30.495833333333334,77.41666666666667,1.4129166666666666,155.66666666666666,0.0,9,1,253
Delhi,2019-09-11,273.5,110.4,71.4,107.6,191.7,17.0,4.23,31.0,92.1,6.09,19.18,9.75,263.7,Very Poor,31.087500000000002,75.79166666666667,1.545,130.875,0.30000000000000004,9,2,254
Delhi,2019-09-12,159.7,341.2,78.6,99.5,241.3,14.5,2.33,85.0,190.2,12.09,26.27,5.11,190.4,Very Poor,30.133333333333336,80.75,3.526666666666667,120.625,0.30000000000000004,9,3,255
Delhi,2019-09-13,288.0,55.1,149.7,60.8,112.9,12.1,7.32,58.4,165.3,13.62,22.8,4.05,123.4,Poor,29.958333333333332,77.33333333333333,2.8991666666666664,112.04166666666667,0.30000000000000004,9,4,256
Delhi,2019-09-14,489.8,9.6,170.5,63.7,3.6,27.2,5.52,36.6,3.0,3.59,15.24,7.49,214.6,Moderate,28.745833333333334,78.91666666666667,3.1958333333333333,98.5,1.0,9,5,257
Delhi,2019-09-15,152.0,242.4,84.4,83.1,1.6,29.3,6.26,91.1,21.4,3.98,9.02,0.78,361.7,Severe,28.2,83.33333333333333,2.1904166666666667,108.08333333333333,5.5,9,6,258
Delhi,2019-09-16,221.2,595.6,135.5,95.2,125.2,19.7,0.06,33.8,105.6,6.7,21.34,1.82,386.3,Very Poor,29.2,82.29166666666667,1.4066666666666665,135.375,0.5,9,0,259
Delhi,2019-09-17,209.3,146.5,142.1,90.6,85.6,14.5,3.83,8.9,118.7,19.41,15.72,8.66,213.7,Satisfactory,29.195833333333336,81.08333333333333,1.8141666666666667,142.41666666666666,3.6,9,1,260
Delhi,2019-09-18,305.3,275.0,146.5,13.9,181.6,7.5,9.54,88.6,168.1,5.42,18.43,1.74,110.6,Good,28.5125,80.66666666666667,3.017916666666667,107.70833333333333,4.2,9,2,261
Delhi,2019-09-19,224.8,549.7,81.2,136.2,194.5,35.5,9.98,48.4,148.7,12.47,23.52,9.99,385.8,Good,26.983333333333334,80.0,3.3945833333333333,110.45833333333333,1.4000000000000001,9,3,262
Delhi,2019-09-20,375.0,265.6,150.8,73.3,240.2,0.3,6.91,28.0,3.2,13.3,17.25,9.01,320.1,Satisfactory,27.075,83.875,1.8425,108.79166666666667,7.2,9,4,263
Delhi,2019-09-21,329.8,405.5,31.9,37.6,59.4,35.7,3.38,18.3,126.1,14.49,15.41,4.31,63.0,Very Poor,27.758333333333336,81.70833333333333,1.5533333333333335,130.25,0.9,9,5,264
Delhi,2019-09-22,460.9,453.7,2.0,111.3,131.4,7.2,1.11,71.6,40.6,5.61,16.88,0.57,482.4,Satisfactory,27.125,83.625,2.24625,122.75,15.5,9,6,265
Delhi,2019-09-23,75.6,579.2,14.8,37.2,121.2,24.8,1.49,7.5,166.7,13.74,9.4,7.33,345.3,Moderate,26.695833333333336,82.95833333333333,2.027083333333333,104.91666666666667,1.7,9,0,266
Delhi,2019-09-24,255.5,175.6,187.8,116.1,248.3,4.9,8.65,23.9,52.1,15.49,26.01,8.54,209.0,Moderate,27.041666666666668,81.91666666666667,2.149583333333333,107.33333333333333,3.8000000000000003,9,1,267
Delhi,2019-09-25,73.7,537.0,61.1,60.1,84.4,38.0,0.68,47.6,67.6,0.57,16.64,4.5,449.6,Poor,27.145833333333332,81.79166666666667,2.9995833333333333,100.16666666666667,3.5,9,2,268
Delhi,2019-09-26,402.1,311.7,84.9,71.2,40.1,44.0,6.86,57.1,102.5,0.75,7.55,7.57,106.5,Good,27.6875,76.33333333333333,4.30875,101.54166666666667,0.9,9,3,269
Delhi,2019-09-27,361.1,513.0,26.3,61.7,233.0,45.8,3.23,43.7,12.2,6.69,17.18,1.05,249.5,Moderate,26.708333333333332,78.04166666666667,3.514583333333333,83.91666666666667,0.8,9,4,270
Delhi,2019-09-28,204.3,468.7,33.4,102.9,72.5,42.9,2.57,52.3,128.1,15.67,24.83,2.7,222.9,Very Poor,25.741666666666664,81.79166666666667,3.440416666666667,80.75,1.4,9,5,271
Delhi,2019-09-29,330.8,119.9,173.5,124.8,34.9,26.8,5.45,3.8,174.1,15.46,17.45,4.16,110.3,Very Poor,24.991666666666664,83.25,3.3333333333333335,100.66666666666667,3.5,9,6,272
Delhi,2019-09-30,266.9,563.8,81.5,133.4,225.0,29.6,9.25,2.3,149.9,12.04,23.03,6.77,385.5,Moderate,25.270833333333332,83.54166666666667,2.245833333333333,125.41666666666667,7.0,9,0,273
Delhi,2019-10-01,300.2,19.5,182.0,2.0,214.5,39.5,0.44,83.4,55.0,18.74,17.4,5.31,410.1,Satisfactory,25.229166666666668,84.91666666666667,1.9616666666666667,113.5,3.1,10,1,274
Delhi,2019-10-02,435.9,124.9,116.5,81.7,35.1,7.7,6.88,3.7,106.4,13.84,16.75,0.68,464.0,Satisfactory,26.504166666666666,81.33333333333333,1.3175000000000001,113.79166666666667,0.30000000000000004,10,2,275
Delhi,2019-10-03,352.8,497.9,10.3,80.2,86.3,20.0,6.71,4.9,87.9,17.82,27.83,4.4,9.7,Severe,27.695833333333336,74.08333333333333,1.0,164.75,0.0,10,3,276
Delhi,2019-10-04,86.2,495.7,24.7,98.1,86.3,19.0,6.93,89.6,18.4,6.68,8.28,6.36,485.8,Very Poor,26.3875,72.16666666666667,2.3370833333333336,269.75,2.1,10,4,277
Delhi,2019-10-05,334.5,13.3,127.1,0.7,136.7,7.1,7.2,17.4,101.8,2.16,3.62,8.48,343.8,Good,26.241666666666664,66.08333333333333,2.8833333333333333,320.125,0.0,10,5,278
Delhi,2019-10-06,171.1,596.2,179.8,44.6,115.9,14.4,6.81,64.6,106.9,6.37,22.94,9.17,165.5,Poor,26.275000000000002,63.916666666666664,2.3,296.75,0.0,10,6,279
Delhi,2019-10-07,257.2,182.1,70.7,117.6,154.5,35.0,6.82,84.3,128.7,12.45,26.0,9.36,48.9,Very Poor,26.47083333333333,62.833333333333336,2.964166666666667,309.0,0.0,10,0,280
Delhi,2019-10-08,364.5,164.8,195.5,125.8,193.8,19.1,8.91,59.6,49.4,3.5,8.83,7.76,218.0,Good,26.462500000000002,56.833333333333336,2.02,269.375,0.0,10,1,281
Delhi,2019-10-09,241.9,207.3,143.0,93.8,74.4,7.8,1.76,79.2,126.0,4.87,1.27,4.43,374.6,Very Poor,25.849999999999998,62.416666666666664,1.7554166666666668,172.58333333333334,0.1,10,2,282
Delhi,2019-10-10,28.3,322.4,38.3,113.0,32.6,47.1,0.73,81.2,167.2,16.37,17.76,4.12,440.7,Severe,26.27916666666667,62.833333333333336,1.3254166666666667,119.04166666666667,0.0,10,3,283
Delhi,2019-10-11,61.7,518.7,154.1,108.8,176.9,2.6,3.88,18.9,144.2,10.35,10.27,3.18,365.9,Satisfactory,26.504166666666666,59.0,1.5845833333333335,270.3333333333333,0.0,10,4,284
Delhi,2019-10-12,339.1,203.5,1.0,87.4,158.1,3.0,9.79,56.9,26.7,13.98,17.1,9.16,97.0,Severe,26.916666666666668,61.083333333333336,1.7370833333333333,190.875,0.0,10,5,285
Delhi,2019-10-13,350.8,153.1,147.6,91.5,144.2,6.9,0.13,39.2,124.4,6.34,1.38,1.36,144.3,Satisfactory,27.395833333333332,56.083333333333336,1.8333333333333333,215.16666666666666,0.0,10,6,286
Delhi,2019-10-14,381.4,415.3,116.0,35.0,67.7,36.5,3.51,93.2,62.3,14.61,8.47,7.12,8.0,Severe,26.875,60.166666666666664,1.8666666666666665,181.75,0.0,10,0,287
Delhi,2019-10-15,209.3,503.0,184.6,143.2,90.2,33.7,3.64,88.7,135.5,0.21,25.46,8.44,279.9,Very Poor,26.97083333333333,64.83333333333333,1.5941666666666665,141.08333333333334,0.0,10,1,288
Delhi,2019-10-16,251.6,419.2,85.9,2.5,207.6,35.3,8.17,67.9,116.7,15.16,6.46,6.78,416.0,Very Poor,27.358333333333334,62.083333333333336,1.5920833333333333,112.58333333333333,0.0,10,2,289
Delhi,2019-10-17,220.6,524.3,65.7,143.0,97.4,47.0,4.87,13.3,12.9,16.9,18.61,1.3,434.4,Very Poor,26.854166666666668,63.25,1.7820833333333335,151.41666666666666,0.0,10,3,290
Delhi,2019-10-18,23.4,289.3,141.3,23.9,23.0,6.4,2.45,25.0,53.9,17.71,15.65,1.94,143.8,Moderate,26.40416666666667,66.54166666666667,2.2725,173.33333333333334,1.1,10,4,291
Delhi,2019-10-19,20.1,372.5,136.2,117.1,164.0,18.5,9.6,71.4,33.1,18.3,24.77,8.99,387.1,Severe,25.766666666666666,66.375,1.5604166666666668,223.29166666666666,0.8,10,5,292
Delhi,2019-10-20,380.4,562.2,13.0,26.8,80.0,49.6,2.16,89.6,144.1,17.55,20.3,4.86,205.3,Very Poor,25.745833333333334,50.5,2.5187500000000003,314.625,0.0,10,6,293
Delhi,2019-10-21,163.7,325.6,167.3,27.9,176.6,22.0,9.28,13.7,68.6,7.37,27.87,3.29,254.8,Good,24.925,53.0,2.9254166666666666,314.5416666666667,0.0,10,0,294
Delhi,2019-10-22,378.9,236.5,55.0,145.7,126.2,30.3,3.36,74.8,102.6,1.37,14.69,4.47,417.1,Severe,24.325,50.625,3.3470833333333334,291.9166666666667,0.0,10,1,295
Delhi,2019-10-23,445.6,256.0,39.4,17.6,240.2,39.4,3.22,56.4,45.2,12.23,18.78,8.34,98.8,Severe,24.15833333333333,57.5,2.2866666666666666,259.5833333333333,0.0,10,2,296
Delhi,2019-10-24,357.7,468.5,171.9,83.2,151.8,17.0,6.97,9.0,105.1,15.06,5.66,6.14,356.8,Satisfactory,23.95,67.58333333333333,1.7825,137.70833333333334,0.0,10,3,297
Delhi,2019-10-25,387.5,473.2,31.1,10.6,199.7,21.9,8.11,51.4,127.6,12.82,0.08,4.09,322.0,Moderate,24.0625,65.625,1.8949999999999998,108.16666666666667,0.0,10,4,298
Delhi,2019-10-26,347.6,373.5,177.8,101.2,147.1,27.7,8.55,85.9,138.1,6.87,9.11,0.74,69.2,Very Poor,24.25,65.83333333333333,1.59875,127.25,0.0,10,5,299
Delhi,2019-10-27,480.0,51.3,13.2,71.9,108.7,41.7,6.64,26.3,129.8,5.95,1.52,8.84,202.5,Good,24.441666666666666,61.333333333333336,2.6149999999999998,309.75,0.0,10,6,300
Delhi,2019-10-28,210.3,57.4,48.2,79.5,52.7,46.1,1.97,66.8,171.2,9.58,17.85,9.81,252.3,Satisfactory,23.875,64.5,2.004166666666667,300.7083333333333,0.0,10,0,301
Delhi,2019-10-29,498.1,40.3,152.7,64.1,202.9,30.0,5.59,35.5,40.9,13.68,28.51,2.06,94.5,Good,24.141666666666666,71.33333333333333,1.5287499999999998,263.2083333333333,0.0,10,1,302
Delhi,2019-10-30,331.8,366.9,185.2,37.2,156.4,45.9,5.33,91.9,161.9,12.48,6.98,5.57,460.8,Severe,25.0125,69.41666666666667,2.0316666666666667,297.9166666666667,0.0,10,2,303
Delhi,2019-10-31,272.5,205.9,3.7,73.3,218.9,22.4,5.94,0.1,147.0,15.71,20.32,3.2,411.9,Satisfactory,24.0,70.95833333333333,2.07625,285.125,0.0,10,3,304
Delhi,2019-11-01,411.6,495.3,133.6,146.4,16.5,30.0,2.73,37.0,12.9,12.04,3.05,6.74,356.7,Moderate,24.27916666666667,69.375,1.8529166666666665,268.4583333333333,0.0,11,4,305
Delhi,2019-11-02,99.5,418.1,53.7,102.7,193.1,24.5,2.72,88.1,112.9,2.7,11.06,0.28,225.3,Good,24.349999999999998,70.5,2.5729166666666665,327.1666666666667,0.1,11,5,306
Delhi,2019-11-03,289.0,195.0,63.2,137.4,11.3,0.8,9.23,64.1,41.3,9.62,12.29,6.99,80.2,Moderate,23.741666666666664,72.45833333333333,2.5225,300.5416666666667,0.0,11,6,307
Delhi,2019-11-04,62.0,524.9,155.4,130.3,238.7,15.7,2.95,44.6,171.6,12.1,12.91,1.62,262.0,Poor,23.59583333333333,64.41666666666667,3.3975000000000004,299.9583333333333,0.0,11,0,308
Delhi,2019-11-05,247.0,225.6,120.8,80.9,151.7,6.6,6.01,23.6,146.0,14.25,26.59,8.86,83.5,Good,22.954166666666666,58.083333333333336,3.565,287.4583333333333,0.0,11,1,309
Delhi,2019-11-06,62.7,432.1,152.6,54.2,104.5,17.6,9.48,74.3,119.5,13.48,16.68,7.6,451.9,Very Poor,23.087500000000002,61.208333333333336,1.9791666666666667,189.79166666666666,0.0,11,2,310
Delhi,2019-11-07,232.6,47.1,37.5,17.8,43.9,6.1,1.33,24.8,144.3,12.49,5.74,2.29,198.6,Poor,22.120833333333334,72.75,2.3916666666666666,144.95833333333334,0.9,11,3,311
Delhi,2019-11-08,490.2,262.9,136.0,96.5,114.6,44.3,0.93,3.4,126.8,0.67,18.97,1.56,99.0,Poor,21.90833333333333,73.08333333333333,1.925,211.25,0.4,11,4,312
Delhi,2019-11-09,143.5,171.1,52.2,16.8,207.0,30.2,7.58,22.2,122.6,13.86,20.83,1.41,473.7,Good,21.833333333333332,61.291666666666664,3.0549999999999997,319.75,0.0,11,5,313
Delhi,2019-11-10,317.1,290.7,97.8,142.4,205.6,1.1,2.43,12.7,60.8,6.21,24.48,9.72,208.9,Poor,20.695833333333333,62.458333333333336,2.5866666666666664,318.3333333333333,0.0,11,6,314
Delhi,2019-11-11,349.5,282.1,178.7,106.1,234.4,20.4,4.37,31.3,69.2,1.31,18.49,7.43,176.4,Poor,19.933333333333334,62.041666666666664,2.33125,319.125,0.0,11,0,315
Delhi,2019-11-12,352.3,4.4,131.7,19.9,23.6,28.7,3.99,69.0,26.2,7.11,1.76,6.5,177.4,Very Poor,19.179166666666667,66.375,2.2254166666666664,289.25,0.0,11,1,316
Delhi,2019-11-13,346.7,45.8,100.5,32.0,162.3,17.4,7.58,19.3,105.2,4.49,27.83,0.83,230.6,Good,20.216666666666665,69.95833333333333,1.8245833333333332,321.9583333333333,0.0,11,2,317
Delhi,2019-11-14,378.4,555.4,170.9,97.2,168.6,20.6,5.62,88.3,166.4,11.9,5.76,1.96,88.0,Severe,21.016666666666666,72.04166666666667,1.7870833333333334,262.5,0.0,11,3,318
Delhi,2019-11-15,403.9,264.5,126.7,99.1,207.1,40.8,1.72,50.7,19.5,4.51,28.7,7.15,92.3,Poor,20.787499999999998,74.58333333333333,2.4133333333333336,328.75,0.0,11,4,319
Delhi,2019-11-16,237.5,278.5,23.4,28.6,7.1,23.0,4.27,15.2,70.2,15.21,11.25,6.7,188.5,Very Poor,21.870833333333334,65.45833333333333,3.85875,314.4166666666667,0.0,11,5,320
Delhi,2019-11-17,331.9,111.7,124.9,143.7,204.7,1.6,3.29,7.0,1.2,14.23,8.61,2.99,321.2,Moderate,21.570833333333336,61.416666666666664,4.95875,299.375,0.0,11,6,321
Delhi,2019-11-18,135.3,414.4,173.8,65.3,43.5,16.2,8.99,41.4,81.0,13.82,5.23,8.96,16.6,Very Poor,19.75,65.125,3.387916666666667,284.375,0.0,11,0,322
Delhi,2019-11-19,245.1,323.5,132.2,35.1,8.5,41.4,9.68,7.6,120.9,14.59,3.43,4.8,469.1,Severe,19.162499999999998,68.83333333333333,2.5116666666666667,286.25,0.0,11,1,323
Delhi,2019-11-20,431.2,476.1,152.7,137.4,210.9,16.1,0.37,98.8,90.2,7.34,3.4,5.77,336.8,Severe,18.645833333333332,69.5,1.6191666666666666,186.79166666666666,0.0,11,2,324
Delhi,2019-11-21,274.7,16.6,6.7,97.7,88.8,2.5,8.14,5.0,165.2,11.37,25.52,2.17,470.6,Moderate,19.162499999999998,69.58333333333333,1.7845833333333332,98.375,0.0,11,3,325
Delhi,2019-11-22,151.7,445.8,198.9,137.7,48.3,30.0,3.15,92.0,120.0,9.56,12.38,9.91,408.6,Satisfactory,20.175,68.29166666666667,1.7437500000000001,240.41666666666666,0.0,11,4,326
Delhi,2019-11-23,138.8,111.9,121.4,96.0,234.8,36.8,6.55,84.0,30.0,19.11,5.94,6.32,5.7,Good,20.458333333333332,64.20833333333333,2.9008333333333334,298.4166666666667,0.0,11,5,327
Delhi,2019-11-24,170.6,530.7,82.5,123.2,225.9,23.3,2.67,33.6,94.0,16.49,5.76,0.81,325.5,Poor,20.537499999999998,66.125,3.0475,309.125,0.0,11,6,328
Delhi,2019-11-25,255.1,118.2,177.5,109.7,143.5,14.6,2.31,25.0,100.8,7.69,21.92,1.9,420.6,Poor,19.954166666666666,67.33333333333333,1.8416666666666668,208.29166666666666,0.0,11,0,329
Delhi,2019-11-26,405.2,282.2,122.5,37.1,187.8,47.9,6.28,43.6,146.0,5.64,25.25,3.02,474.7,Moderate,20.037499999999998,67.16666666666667,2.6633333333333336,91.625,0.7999999999999999,11,1,330
Delhi,2019-11-27,491.5,489.6,91.1,17.3,197.6,44.9,8.76,6.1,25.7,10.31,27.87,6.29,333.6,Poor,19.724999999999998,68.375,1.7220833333333332,171.54166666666666,0.0,11,2,331
Delhi,2019-11-28,488.6,515.7,36.4,57.5,70.5,7.4,1.48,97.5,182.9,9.69,14.91,3.72,492.0,Good,18.295833333333334,83.125,3.6733333333333333,100.875,16.9,11,3,332
Delhi,2019-11-29,375.8,312.0,85.2,143.5,100.3,11.8,3.02,43.9,153.4,8.13,2.4,4.3,18.7,Moderate,17.554166666666667,83.04166666666667,1.7179166666666665,239.0,0.0,11,4,333
Delhi,2019-11-30,376.8,385.3,184.0,104.1,60.7,1.3,2.91,5.1,58.5,18.87,22.27,0.41,288.9,Severe,16.866666666666667,79.95833333333333,2.39,307.5416666666667,0.0,11,5,334
Delhi,2019-12-01,137.6,237.8,41.4,2.4,189.7,32.4,3.42,65.5,181.9,5.98,7.93,1.63,492.4,Severe,15.445833333333333,76.16666666666667,2.3554166666666667,294.5833333333333,0.0,12,6,335
Delhi,2019-12-02,310.6,24.1,59.8,117.8,1.7,11.2,8.93,61.6,12.6,13.82,19.69,7.42,456.1,Moderate,15.245833333333332,72.29166666666667,2.6787500000000004,292.8333333333333,0.0,12,0,336
Delhi,2019-12-03,175.0,439.3,97.3,96.1,109.4,35.0,4.48,23.1,59.1,12.37,25.63,9.2,0.7,Severe,14.825000000000001,70.5,2.84,288.1666666666667,0.0,12,1,337
Delhi,2019-12-04,440.3,343.8,158.6,50.3,210.8,8.2,3.4,81.7,88.3,17.86,25.71,9.96,84.5,Good,14.529166666666667,76.375,1.74875,237.16666666666666,0.0,12,2,338
Delhi,2019-12-05,83.7,560.9,77.7,98.4,93.1,45.8,6.8,18.8,153.5,16.0,7.14,7.41,454.2,Good,14.85,78.54166666666667,1.5891666666666666,192.33333333333334,0.0,12,3,339
Delhi,2019-12-06,33.3,362.2,123.0,23.9,190.2,18.8,7.8,59.8,57.6,19.81,10.86,9.6,332.8,Satisfactory,15.533333333333333,83.70833333333333,1.6375,324.4166666666667,0.0,12,4,340
Delhi,2019-12-07,394.0,422.7,82.4,92.2,239.9,26.3,2.36,17.7,129.9,3.14,27.7,3.64,270.1,Satisfactory,15.924999999999999,81.58333333333333,1.4662499999999998,239.79166666666666,0.0,12,5,341
Delhi,2019-12-08,386.7,418.6,60.5,101.2,171.9,25.5,8.95,70.4,118.2,18.4,21.01,0.7,482.8,Severe,15.495833333333335,80.33333333333333,1.79125,266.2083333333333,0.0,12,6,342
Delhi,2019-12-09,425.1,118.4,141.9,14.8,240.3,17.5,0.52,8.6,34.1,14.87,10.88,8.87,425.1,Poor,14.841666666666667,77.375,1.90125,291.75,0.0,12,0,343
Delhi,2019-12-10,253.1,354.8,68.3,142.1,153.2,20.9,9.03,44.9,157.6,0.69,10.56,0.82,72.2,Severe,14.595833333333333,75.0,2.0,300.7916666666667,0.0,12,1,344
Delhi,2019-12-11,54.8,158.0,125.9,58.2,125.9,18.6,2.48,23.2,33.5,9.85,27.87,5.75,95.8,Moderate,15.270833333333334,73.91666666666667,1.3299999999999998,84.45833333333333,0.0,12,2,345
Delhi,2019-12-12,43.0,196.0,30.7,67.0,150.2,15.1,5.96,58.5,133.4,14.76,3.44,8.99,380.4,Very Poor,15.608333333333334,78.91666666666667,3.5666666666666664,109.5,5.0,12,3,346
Delhi,2019-12-13,324.3,355.3,76.4,149.8,227.5,37.8,6.18,4.2,141.8,3.53,9.48,1.39,290.6,Severe,15.1875,87.33333333333333,3.3833333333333333,153.5,3.3,12,4,347
Delhi,2019-12-14,386.4,430.6,96.3,26.5,31.6,18.9,8.04,0.9,29.4,18.29,28.51,2.19,466.9,Satisfactory,13.070833333333333,84.125,1.195,167.08333333333334,0.0,12,5,348
Delhi,2019-12-15,153.4,172.0,120.0,66.6,231.4,27.3,5.49,6.7,93.7,12.36,24.25,3.28,357.3,Poor,13.275,82.625,2.2041666666666666,310.9166666666667,0.0,12,6,349
Delhi,2019-12-16,186.5,354.1,101.1,52.1,44.5,13.0,9.76,61.5,177.0,0.8,25.76,2.58,149.1,Poor,12.4,83.125,2.7270833333333333,303.8333333333333,0.0,12,0,350
Delhi,2019-12-17,294.3,427.0,170.3,38.4,221.7,38.0,8.36,43.2,70.2,10.94,8.39,3.62,339.4,Severe,11.7875,82.5,2.7570833333333336,294.25,0.0,12,1,351
Delhi,2019-12-18,339.4,347.0,74.9,10.9,160.1,44.3,2.02,89.4,97.6,14.85,14.88,8.53,155.3,Very Poor,11.904166666666667,81.04166666666667,2.53125,250.08333333333334,0.0,12,2,352
Delhi,2019-12-19,446.1,488.6,59.8,40.3,56.2,17.9,6.8,86.4,1.4,3.99,2.34,1.86,24.9,Poor,10.958333333333334,86.58333333333333,1.2695833333333333,190.54166666666666,0.0,12,3,353
Delhi,2019-12-20,115.6,193.8,22.6,10.7,39.1,47.4,8.02,49.1,15.0,13.66,10.04,7.27,271.8,Poor,12.4,83.54166666666667,1.365,229.08333333333334,0.0,12,4,354
Delhi,2019-12-21,108.6,552.3,174.9,132.3,190.5,28.4,7.04,85.3,9.6,4.52,20.9,7.39,332.3,Very Poor,13.008333333333333,85.0,1.7683333333333333,263.375,0.1,12,5,355
Delhi,2019-12-22,172.5,560.6,89.9,87.0,246.0,27.1,8.22,34.4,140.5,0.65,26.16,7.92,499.8,Severe,12.354166666666666,86.16666666666667,2.6787500000000004,310.0416666666667,0.0,12,6,356
Delhi,2019-12-23,288.9,75.0,50.9,92.8,4.0,40.3,9.46,9.9,161.9,13.76,26.69,2.11,8.1,Very Poor,11.829166666666666,84.41666666666667,2.6750000000000003,277.5416666666667,0.0,12,0,357
Delhi,2019-12-24,415.9,553.1,76.6,25.2,45.4,21.8,2.83,32.8,48.0,10.86,23.98,6.8,134.8,Good,9.295833333333333,91.95833333333333,1.4441666666666666,161.33333333333334,0.0,12,1,358
Delhi,2019-12-25,329.8,436.4,124.6,92.2,181.4,16.8,3.34,84.3,102.0,12.78,15.02,9.64,197.2,Good,8.5875,89.70833333333333,2.594583333333333,310.6666666666667,0.0,12,2,359
Delhi,2019-12-26,153.1,83.5,152.6,61.5,142.9,21.9,5.77,87.5,173.4,11.24,3.38,5.02,402.9,Moderate,8.358333333333333,86.58333333333333,3.157083333333333,310.4583333333333,0.0,12,3,360
Delhi,2019-12-27,275.4,218.4,11.7,122.8,19.7,10.0,9.56,15.4,81.9,5.5,28.07,7.01,205.8,Satisfactory,7.041666666666667,90.75,2.13,308.125,0.0,12,4,361
Delhi,2019-12-28,66.1,334.3,148.3,130.5,179.2,4.9,1.95,64.0,44.7,6.1,24.12,8.42,276.1,Satisfactory,7.070833333333333,89.79166666666667,1.6445833333333333,213.45833333333334,0.0,12,5,362
Delhi,2019-12-29,436.8,55.9,140.9,74.3,221.9,17.3,0.42,71.3,87.8,7.38,4.75,2.56,403.5,Satisfactory,7.520833333333333,88.54166666666667,1.2645833333333334,272.1666666666667,0.0,12,6,363
Delhi,2019-12-30,74.1,464.9,120.5,150.0,82.0,26.9,6.27,63.4,154.9,15.69,27.29,2.32,121.2,Severe,7.016666666666667,89.5,1.7658333333333334,175.5,0.0,12,0,364
Delhi,2019-12-31,228.6,486.9,14.8,110.7,214.6,35.0,1.46,72.8,8.9,14.79,13.97,9.0,192.2,Moderate,7.575,82.20833333333333,1.7541666666666667,127.79166666666667,0.0,12,1,365
Delhi,2020-01-01,457.8,316.1,114.4,88.3,81.9,42.9,7.43,35.3,94.9,2.58,3.18,7.04,311.3,Very Poor,9.770833333333334,81.625,2.0108333333333333,59.208333333333336,0.0,1,2,1
Delhi,2020-01-02,171.9,110.6,36.1,87.6,67.7,2.7,3.39,4.5,188.4,8.45,3.86,7.14,418.2,Moderate,12.841666666666667,79.04166666666667,2.3366666666666664,74.625,0.0,1,3,2
Delhi,2020-01-03,54.5,342.8,110.8,86.6,172.9,47.7,1.88,89.2,72.8,6.44,21.79,9.07,381.8,Satisfactory,13.883333333333333,79.875,1.6362500000000002,168.58333333333334,0.2,1,4,3
Delhi,2020-01-04,360.7,467.9,101.5,92.5,45.9,12.0,5.44,62.8,178.4,5.48,15.48,5.77,89.6,Poor,13.225,84.95833333333333,1.4020833333333333,192.25,0.1,1,5,4
Delhi,2020-01-05,299.4,90.7,188.0,111.4,78.4,37.9,9.41,6.9,58.4,15.91,20.8,4.23,232.2,Good,13.137500000000001,76.16666666666667,2.5120833333333334,308.3333333333333,0.0,1,6,5
Delhi,2020-01-06,285.6,166.9,40.3,149.3,191.0,1.0,5.89,34.8,24.9,13.84,29.78,8.13,117.5,Very Poor,13.195833333333333,79.08333333333333,1.8275,180.20833333333334,0.0,1,0,6
Delhi,2020-01-07,134.1,397.9,10.8,35.6,126.6,28.0,6.94,58.6,108.7,11.08,9.02,1.2,251.6,Moderate,13.9125,84.5,2.5158333333333336,106.04166666666667,1.2000000000000002,1,1,7
Delhi,2020-01-08,490.5,43.3,108.2,9.9,80.9,43.0,7.18,88.1,105.9,0.13,13.71,4.69,267.4,Severe,12.766666666666666,92.58333333333333,2.5316666666666667,165.91666666666666,16.7,1,2,8
Delhi,2020-01-09,99.3,75.8,127.8,86.2,34.1,44.3,2.6,1.0,135.8,4.21,7.53,9.67,159.7,Poor,10.583333333333334,79.5,3.2225,314.75,0.0,1,3,9
Delhi,2020-01-10,169.3,141.1,186.6,63.0,140.1,38.0,4.26,15.3,68.8,3.53,3.38,3.98,252.9,Good,10.0625,79.58333333333333,3.1425,305.3333333333333,0.0,1,4,10
Delhi,2020-01-11,212.1,505.5,113.2,62.4,109.2,12.6,1.82,18.6,26.9,12.58,4.82,8.5,447.0,Poor,10.345833333333333,79.5,2.5191666666666666,306.4583333333333,0.0,1,5,11
Delhi,2020-01-12,170.6,463.1,166.1,86.4,65.1,3.6,4.54,5.3,129.8,1.17,3.81,2.72,73.5,Very Poor,11.604166666666666,79.33333333333333,2.317083333333333,248.83333333333334,0.0,1,6,12
Delhi,2020-01-13,418.7,504.4,123.7,113.3,116.1,39.1,2.97,25.9,171.1,3.58,6.57,8.27,246.0,Moderate,14.041666666666666,84.45833333333333,2.892916666666667,143.75,15.8,1,0,13
Delhi,2020-01-14,185.1,38.3,99.3,142.4,229.7,22.7,3.68,18.2,114.2,2.41,10.03,1.35,234.9,Moderate,14.129166666666668,86.91666666666667,2.0429166666666667,309.0833333333333,0.30000000000000004,1,1,14
Delhi,2020-01-15,299.4,143.8,123.3,108.6,9.8,23.9,8.98,47.8,7.2,6.07,20.43,1.06,447.4,Moderate,12.529166666666667,84.5,2.2491666666666665,327.2083333333333,0.0,1,2,15
Delhi,2020-01-16,282.9,337.1,173.6,81.2,188.8,42.8,4.36,65.5,127.5,11.66,16.93,6.71,169.8,Moderate,12.504166666666668,90.375,2.1341666666666668,217.91666666666666,17.4,1,3,16
Delhi,2020-01-17,480.0,247.8,12.3,139.5,54.6,1.4,6.95,50.2,42.3,9.98,16.45,0.34,211.4,Very Poor,12.987499999999999,89.54166666666667,2.0766666666666667,224.75,0.1,1,4,17
Delhi,2020-01-18,263.3,391.3,5.3,142.9,175.7,19.5,1.27,30.2,3.9,19.26,3.11,0.47,312.6,Moderate,12.4125,88.58333333333333,1.6995833333333332,219.25,0.30000000000000004,1,5,18
Delhi,2020-01-19,285.7,308.5,187.3,111.5,246.1,1.2,3.92,48.9,62.9,1.58,29.11,8.38,366.6,Moderate,11.795833333333334,82.875,2.6037500000000002,304.875,0.0,1,6,19
Delhi,2020-01-20,469.2,216.3,129.1,1.7,149.4,10.1,2.89,59.7,120.9,1.62,10.42,5.93,439.4,Moderate,12.183333333333332,84.875,2.2079166666666667,288.25,0.0,1,0,20
Delhi,2020-01-21,390.7,210.1,70.0,118.3,124.0,20.1,5.35,56.3,169.6,6.98,6.45,0.86,63.6,Moderate,12.512500000000001,86.5,1.3220833333333333,75.875,0.0,1,1,21
Delhi,2020-01-22,74.0,411.2,21.4,142.2,165.0,39.6,7.85,75.7,91.3,6.49,1.83,2.0,63.3,Very Poor,12.370833333333332,83.29166666666667,2.7783333333333338,297.4166666666667,0.0,1,2,22
Delhi,2020-01-23,401.9,318.7,110.3,63.0,73.4,48.7,5.53,93.3,66.4,7.44,8.07,2.09,189.6,Severe,12.362499999999999,68.375,4.90875,297.25,0.0,1,3,23
Delhi,2020-01-24,339.2,305.6,194.2,19.1,221.9,28.6,1.24,51.3,187.7,15.8,19.27,9.51,43.9,Satisfactory,12.633333333333333,63.083333333333336,4.6425,289.2916666666667,0.0,1,4,24
Delhi,2020-01-25,192.0,321.9,55.5,18.2,59.9,47.2,1.1,77.4,20.6,16.41,13.41,6.32,377.0,Moderate,11.395833333333334,78.04166666666667,2.0425,305.3333333333333,0.0,1,5,25
Delhi,2020-01-26,463.6,484.1,116.9,19.9,118.8,40.4,2.87,59.5,24.6,7.58,11.95,2.19,307.7,Good,12.987499999999999,83.33333333333333,1.88,294.1666666666667,0.0,1,6,26
Delhi,2020-01-27,398.9,512.1,45.6,20.0,180.0,8.8,7.44,88.5,89.2,19.59,26.16,0.68,293.4,Satisfactory,13.575000000000001,80.08333333333333,2.2041666666666666,94.41666666666667,1.2000000000000002,1,0,27
Delhi,2020-01-28,32.9,425.3,33.6,43.0,48.5,15.1,4.16,53.0,133.8,7.08,3.31,7.5,16.7,Very Poor,14.216666666666667,84.375,3.48875,109.75,12.7,1,1,28
Delhi,2020-01-29,225.9,282.9,45.9,126.9,164.1,43.8,6.85,13.6,80.5,5.25,11.31,5.33,0.5,Poor,13.316666666666668,83.66666666666667,1.7212500000000002,195.29166666666666,0.0,1,2,29
Delhi,2020-01-30,126.9,581.5,142.3,105.0,155.8,24.5,8.14,20.7,71.2,14.44,19.1,1.32,242.4,Good,12.600000000000001,78.375,3.141666666666667,314.7916666666667,0.0,1,3,30
Delhi,2020-01-31,307.6,202.3,165.2,9.9,222.6,37.6,2.84,72.1,62.1,18.63,29.23,1.81,440.2,Good,12.108333333333334,75.45833333333333,2.4670833333333335,262.6666666666667,0.0,1,4,31
Delhi,2020-02-01,110.8,359.5,128.9,48.3,42.0,13.0,8.81,79.9,108.5,12.44,1.9,3.8,16.9,Good,11.658333333333333,78.125,2.15,243.04166666666666,0.0,2,5,32
Delhi,2020-02-02,153.5,479.9,120.8,85.6,211.2,31.4,0.49,59.2,124.1,19.44,15.76,7.78,347.2,Poor,11.641666666666666,78.95833333333333,2.6941666666666664,299.6666666666667,0.0,2,6,33
Delhi,2020-02-03,14.8,307.8,161.8,28.8,6.5,32.9,9.24,27.6,154.8,15.03,24.87,5.83,472.4,Moderate,12.291666666666666,75.5,2.1041666666666665,254.125,0.0,2,0,34
Delhi,2020-02-04,491.4,169.3,46.3,47.9,32.2,23.6,5.93,49.6,106.6,1.68,7.25,2.66,247.3,Very Poor,12.916666666666666,76.45833333333333,2.0220833333333332,92.95833333333333,0.0,2,1,35
Delhi,2020-02-05,99.5,88.4,173.5,53.0,66.4,23.4,9.5,2.6,162.4,5.21,9.95,4.24,454.8,Poor,12.758333333333333,75.95833333333333,2.857083333333333,293.375,0.0,2,2,36
Delhi,2020-02-06,272.0,157.9,98.0,106.8,16.0,34.3,2.37,65.9,45.8,0.78,13.77,6.52,401.8,Good,11.570833333333333,76.58333333333333,2.2025,239.58333333333334,0.0,2,3,37
Delhi,2020-02-07,285.3,547.4,160.7,21.2,210.2,31.4,7.85,10.1,69.5,13.04,26.08,4.29,366.1,Satisfactory,12.429166666666667,75.125,1.655,267.9166666666667,0.0,2,4,38
Delhi,2020-02-08,149.6,402.2,27.8,48.1,203.7,11.2,7.11,87.5,198.5,14.32,20.01,5.45,66.6,Moderate,12.216666666666667,78.5,2.29625,305.5416666666667,0.0,2,5,39
Delhi,2020-02-09,148.8,87.0,183.9,94.9,65.2,19.3,7.5,33.3,42.7,8.08,22.89,2.36,381.7,Very Poor,12.487499999999999,78.91666666666667,2.1470833333333332,313.5416666666667,0.0,2,6,40
Delhi,2020-02-10,284.8,559.9,163.5,122.5,114.6,27.9,0.26,54.7,150.6,15.6,17.39,7.77,346.4,Severe,13.15,75.58333333333333,2.3695833333333334,313.6666666666667,0.0,2,0,41
Delhi,2020-02-11,202.0,184.9,69.6,17.5,100.2,3.5,2.42,77.0,154.1,1.97,24.45,9.02,96.2,Very Poor,13.058333333333332,75.04166666666667,2.3470833333333334,306.125,0.0,2,1,42
Delhi,2020-02-12,439.1,528.1,85.6,59.0,207.8,22.0,6.67,7.8,55.9,5.04,14.66,6.11,263.0,Very Poor,15.616666666666667,71.04166666666667,3.643333333333333,291.5,0.0,2,2,43
Delhi,2020-02-13,460.2,18.2,92.8,71.4,99.2,17.0,5.85,61.9,49.9,10.34,7.29,7.86,192.9,Satisfactory,19.020833333333332,59.833333333333336,5.108333333333333,290.75,0.0,2,3,44
Delhi,2020-02-14,103.3,255.6,180.8,68.4,115.0,34.4,2.69,26.3,175.5,9.25,20.09,6.62,43.6,Satisfactory,18.279166666666665,53.833333333333336,5.858333333333333,301.0833333333333,0.0,2,4,45
Delhi,2020-02-15,283.2,343.0,50.7,128.2,61.7,9.8,5.85,16.4,130.0,6.29,10.31,5.42,236.0,Very Poor,17.150000000000002,50.375,4.442916666666666,291.2083333333333,0.0,2,5,46
Delhi,2020-02-16,178.5,358.4,90.9,64.1,36.7,16.4,9.2,79.7,153.9,0.04,27.09,0.37,21.1,Good,16.6375,65.29166666666667,2.6666666666666665,310.1666666666667,0.0,2,6,47
Delhi,2020-02-17,19.6,430.0,9.6,74.9,32.1,23.0,0.92,4.8,95.7,8.51,7.14,7.43,423.4,Severe,16.733333333333334,60.583333333333336,3.04125,291.3333333333333,0.0,2,0,48
Delhi,2020-02-18,273.5,188.3,42.1,85.7,225.2,2.1,9.94,9.6,156.5,13.9,12.0,3.59,262.8,Satisfactory,16.675,52.166666666666664,3.47125,285.1666666666667,0.0,2,1,49
Delhi,2020-02-19,110.2,467.9,56.9,34.5,37.9,11.8,0.77,31.7,79.4,12.47,13.32,7.21,10.1,Severe,17.3125,61.875,3.875833333333333,127.54166666666667,0.0,2,2,50
Delhi,2020-02-20,66.5,289.0,77.7,109.8,213.8,5.6,0.4,14.8,186.9,17.05,23.88,9.45,160.3,Moderate,20.037499999999998,62.708333333333336,5.077916666666667,115.5,1.9000000000000001,2,3,51
Delhi,2020-02-21,55.0,65.1,22.4,119.3,68.1,20.2,1.07,85.8,5.2,17.86,16.5,7.54,157.4,Good,16.3125,83.58333333333333,5.236666666666666,69.5,18.3,2,4,52
Delhi,2020-02-22,256.7,528.0,27.9,44.8,236.6,23.9,3.41,61.0,30.9,11.7,4.28,2.58,172.1,Very Poor,17.75,79.625,2.3966666666666665,109.16666666666667,0.1,2,5,53
Delhi,2020-02-23,331.7,541.5,53.9,50.0,40.4,32.5,7.65,47.1,194.3,16.38,9.04,1.57,434.0,Moderate,17.391666666666666,83.79166666666667,1.95,194.875,2.1,2,6,54
Delhi,2020-02-24,359.6,503.8,115.1,129.0,204.7,39.9,1.02,39.9,0.1,13.42,29.81,2.17,384.1,Good,17.554166666666667,80.375,2.21875,321.1666666666667,0.0,2,0,55
Delhi,2020-02-25,149.3,484.0,24.8,7.4,98.6,3.6,1.03,99.4,48.5,9.41,11.48,9.39,249.0,Moderate,17.837500000000002,77.75,2.46375,290.4583333333333,0.0,2,1,56
Delhi,2020-02-26,487.8,110.3,117.2,109.6,239.1,10.6,1.89,46.3,128.9,2.5,0.22,7.65,297.2,Moderate,17.891666666666666,78.875,1.8029166666666665,203.83333333333334,0.0,2,2,57
Delhi,2020-02-27,102.9,383.4,26.0,94.3,236.0,44.3,4.68,22.5,39.7,0.08,21.8,2.95,134.0,Moderate,18.525000000000002,79.45833333333333,2.1687499999999997,107.20833333333333,0.0,2,3,58
Delhi,2020-02-28,293.5,251.4,84.2,22.6,56.5,42.4,6.52,27.4,23.4,0.05,11.23,5.83,110.3,Poor,19.991666666666667,75.91666666666667,4.0225,118.41666666666667,0.0,2,4,59
Delhi,2020-02-29,278.0,169.0,194.4,111.6,80.9,47.6,8.06,2.2,178.6,12.01,6.42,4.27,315.1,Satisfactory,18.662499999999998,83.66666666666667,3.6158333333333332,123.25,11.7,2,5,60
Delhi,2020-03-01,45.5,507.5,197.8,85.2,170.5,29.0,2.54,38.6,20.4,8.0,23.21,3.22,312.1,Very Poor,19.1375,81.16666666666667,2.1479166666666667,107.29166666666667,0.0,3,6,61
Delhi,2020-03-02,29.6,308.4,128.8,33.6,88.7,31.5,6.0,86.3,33.3,18.03,3.1,9.13,449.3,Satisfactory,19.495833333333334,79.75,1.6479166666666665,205.83333333333334,0.1,3,0,62
Delhi,2020-03-03,177.9,329.1,146.3,70.7,113.3,15.6,5.54,47.9,167.4,19.86,9.94,2.88,432.5,Good,19.333333333333332,71.95833333333333,2.2179166666666665,237.79166666666666,0.0,3,1,63
Delhi,2020-03-04,450.7,190.8,71.0,149.0,50.1,15.1,1.63,21.3,21.0,10.9,5.76,5.0,290.7,Good,18.995833333333334,74.41666666666667,2.07,114.5,0.3,3,2,64
Delhi,2020-03-05,244.9,1.6,37.7,12.2,214.4,23.7,6.5,37.5,80.8,3.99,9.04,0.8,115.6,Good,18.108333333333334,80.125,3.6654166666666668,111.95833333333333,19.4,3,3,65
Delhi,2020-03-06,235.7,449.2,81.2,10.4,126.3,10.7,3.07,30.9,75.3,5.34,23.14,3.47,63.9,Severe,16.2625,86.875,5.152916666666667,123.75,19.6,3,4,66
Delhi,2020-03-07,250.8,575.7,173.2,148.4,227.5,29.6,9.68,54.9,36.8,18.02,12.14,7.7,134.9,Good,15.754166666666668,86.08333333333333,2.924166666666667,124.25,2.0,3,5,67
Delhi,2020-03-08,346.0,75.6,166.5,64.4,247.4,28.3,3.18,94.7,173.2,8.74,10.31,8.65,185.2,Good,16.2375,82.04166666666667,1.925,288.4166666666667,0.0,3,6,68
Delhi,2020-03-09,204.6,139.5,55.2,115.3,248.6,8.8,8.04,82.7,188.5,1.21,11.37,8.69,280.5,Poor,16.8875,69.29166666666667,3.7925,302.2916666666667,0.0,3,0,69
Delhi,2020-03-10,420.5,167.9,181.2,135.9,229.3,13.8,9.88,31.3,88.9,16.52,24.87,4.61,209.6,Satisfactory,17.029166666666665,69.45833333333333,1.6575,234.45833333333334,0.0,3,1,70
Delhi,2020-03-11,1.1,490.8,121.7,12.6,109.4,1.8,8.95,81.9,186.9,4.53,26.96,8.27,348.2,Good,18.770833333333332,73.66666666666667,4.002083333333333,115.66666666666667,3.0,3,2,71
Delhi,2020-03-12,487.4,177.8,154.4,138.9,105.6,25.9,8.2,62.0,115.1,10.51,16.61,5.84,245.8,Very Poor,19.495833333333334,69.08333333333333,3.6175,120.20833333333333,0.1,3,3,72
Delhi,2020-03-13,343.7,164.1,83.9,65.9,33.5,18.2,7.31,0.2,161.4,18.02,24.4,3.08,481.0,Satisfactory,18.754166666666666,66.5,2.330416666666667,188.625,10.1,3,4,73
Delhi,2020-03-14,292.2,471.4,7.4,1.7,224.4,24.2,9.81,12.9,42.9,10.06,8.66,3.83,399.9,Good,16.412499999999998,81.91666666666667,2.65125,152.83333333333334,8.3,3,5,74
Delhi,2020-03-15,336.8,267.3,156.1,94.7,87.0,9.1,9.76,28.9,166.0,9.54,5.4,9.14,333.4,Poor,16.375,78.08333333333333,1.6308333333333334,241.91666666666666,0.2,3,6,75
Delhi,2020-03-16,44.1,536.3,50.3,17.4,159.5,31.3,8.37,40.9,109.1,7.65,3.73,0.64,470.5,Moderate,17.941666666666666,76.625,2.6795833333333334,321.375,0.1,3,0,76
Delhi,2020-03-17,78.6,169.2,137.1,140.1,87.4,4.4,1.36,83.6,152.3,11.54,24.48,2.72,99.6,Very Poor,18.954166666666666,72.04166666666667,2.856666666666667,317.9166666666667,0.0,3,1,77
Delhi,2020-03-18,51.6,257.0,67.2,46.7,18.3,10.8,3.15,88.5,133.1,14.05,2.24,3.29,494.2,Poor,20.433333333333334,69.16666666666667,2.997083333333333,311.625,0.0,3,2,78
Delhi,2020-03-19,184.3,228.0,45.2,146.3,39.0,3.6,7.65,3.9,108.2,12.76,6.1,2.1,16.4,Moderate,20.6125,73.625,2.0295833333333335,235.75,0.2,3,3,79
Delhi,2020-03-20,475.8,491.4,113.4,103.4,27.3,10.7,8.34,99.9,188.9,12.55,18.08,4.61,274.8,Moderate,20.729166666666668,73.0,1.8566666666666667,118.25,0.0,3,4,80
Delhi,2020-03-21,136.9,319.0,46.6,83.2,115.5,5.3,0.38,62.6,189.6,4.32,11.82,3.99,53.0,Severe,21.316666666666666,73.75,1.2875,111.5,4.0,3,5,81
Delhi,2020-03-22,7.0,261.3,141.0,34.8,115.9,28.0,0.99,33.5,6.5,18.54,7.76,1.31,163.6,Satisfactory,21.729166666666668,70.70833333333333,2.0825,207.16666666666666,0.0,3,6,82
Delhi,2020-03-23,229.8,593.7,8.1,126.5,99.8,30.3,3.38,86.4,132.9,7.48,19.63,0.47,148.1,Poor,21.754166666666666,65.54166666666667,1.6370833333333332,198.66666666666666,0.0,3,0,83
Delhi,2020-03-24,224.4,539.2,198.6,129.5,154.7,39.0,3.58,21.5,59.6,15.66,23.13,4.49,33.0,Satisfactory,23.195833333333336,68.08333333333333,1.9854166666666666,160.29166666666666,0.3,3,1,84
Delhi,2020-03-25,133.4,159.2,70.1,111.4,24.2,18.1,3.95,79.7,27.0,11.95,6.67,0.58,277.6,Satisfactory,23.474999999999998,65.33333333333333,2.7895833333333333,222.125,0.0,3,2,85
Delhi,2020-03-26,52.2,203.2,81.7,124.0,21.9,12.5,0.32,62.0,40.3,6.17,2.09,4.48,289.7,Satisfactory,23.245833333333334,64.41666666666667,3.5087499999999996,306.8333333333333,0.0,3,3,86
Delhi,2020-03-27,447.6,165.4,25.8,45.9,181.9,38.6,3.29,67.3,134.8,7.12,3.94,0.36,37.7,Very Poor,21.25,75.375,2.5437499999999997,215.33333333333334,4.9,3,4,87
Delhi,2020-03-28,277.7,296.5,61.4,79.6,137.1,11.1,2.95,75.4,64.4,4.93,0.87,1.71,133.6,Satisfactory,21.120833333333334,70.75,2.842916666666667,314.3333333333333,0.2,3,5,88
Delhi,2020-03-29,391.5,368.6,57.0,68.1,95.7,20.4,3.91,72.0,133.6,10.63,18.43,4.29,13.4,Moderate,21.78333333333333,60.208333333333336,4.0200000000000005,316.3333333333333,0.0,3,6,89
Delhi,2020-03-30,255.5,506.1,130.7,107.4,130.4,21.0,5.84,1.0,55.0,19.08,12.22,1.88,208.6,Very Poor,21.666666666666668,57.458333333333336,3.325416666666667,312.0833333333333,0.0,3,0,90
Delhi,2020-03-31,332.9,98.4,41.5,38.6,96.2,35.5,7.08,85.2,69.9,18.23,2.34,5.12,82.2,Satisfactory,22.520833333333332,58.666666666666664,3.1612500000000003,262.625,0.0,3,1,91
Delhi,2020-04-01,30.7,265.3,167.6,1.5,135.7,13.4,3.37,85.9,14.5,2.18,13.81,3.2,17.3,Severe,23.708333333333332,58.541666666666664,2.17,231.66666666666666,0.0,4,2,92
Delhi,2020-04-02,476.8,577.2,196.9,124.6,103.8,17.0,7.3,48.3,162.8,0.48,25.23,7.25,184.8,Good,23.05,54.916666666666664,4.035833333333334,320.3333333333333,0.0,4,3,93
Delhi,2020-04-03,41.2,311.9,66.4,145.0,138.3,18.7,3.46,87.6,64.5,7.18,15.5,4.09,67.5,Satisfactory,22.099999999999998,46.833333333333336,3.3491666666666666,313.125,0.0,4,4,94
Delhi,2020-04-04,433.9,363.3,191.1,132.3,228.4,19.4,3.86,12.2,25.8,6.94,0.24,7.56,152.4,Satisfactory,22.833333333333332,51.25,3.160833333333333,324.7083333333333,0.0,4,5,95
Delhi,2020-04-05,0.8,46.4,38.6,65.8,63.6,8.2,2.4,21.6,56.7,7.31,20.48,1.52,17.5,Severe,23.566666666666666,56.416666666666664,2.5383333333333336,202.54166666666666,0.0,4,6,96
Delhi,2020-04-06,333.9,576.3,19.8,128.6,1.2,27.0,8.19,98.8,112.7,5.57,1.32,3.23,258.8,Severe,25.5625,50.0,2.734166666666667,265.6666666666667,0.0,4,0,97
Delhi,2020-04-07,410.6,138.3,105.2,76.5,147.7,0.4,6.56,90.8,68.6,18.36,29.69,8.75,25.6,Severe,24.754166666666666,48.291666666666664,3.7687500000000003,325.2916666666667,0.0,4,1,98
Delhi,2020-04-08,347.6,499.3,72.8,55.7,102.1,22.5,8.91,28.2,12.8,16.21,13.34,4.31,448.9,Severe,24.5625,48.458333333333336,3.2870833333333334,304.3333333333333,0.0,4,2,99
Delhi,2020-04-09,114.6,519.5,179.6,100.2,78.7,6.3,7.75,20.6,138.4,10.83,7.74,4.35,75.2,Very Poor,24.270833333333332,49.333333333333336,2.8470833333333334,316.375,0.0,4,3,100
Delhi,2020-04-10,94.2,45.6,194.3,98.3,103.5,49.3,7.53,62.8,101.2,13.92,29.37,1.24,484.5,Moderate,25.254166666666666,50.583333333333336,2.0695833333333336,269.9583333333333,0.0,4,4,101
Delhi,2020-04-11,268.4,305.4,184.0,38.7,232.3,45.5,0.61,62.1,185.0,7.96,8.53,7.29,170.9,Good,26.795833333333334,47.833333333333336,2.262916666666667,222.70833333333334,0.0,4,5,102
Delhi,2020-04-12,223.8,561.9,87.1,118.2,45.8,31.7,4.65,51.4,62.4,2.59,27.57,7.5,63.3,Good,27.47083333333333,45.541666666666664,3.060833333333333,312.875,0.0,4,6,103
Delhi,2020-04-13,470.9,129.8,143.2,0.2,243.2,36.5,4.53,46.4,147.2,15.18,19.05,5.4,255.4,Severe,28.645833333333332,44.666666666666664,2.9891666666666663,307.4166666666667,0.0,4,0,104
Delhi,2020-04-14,50.8,517.6,39.4,13.3,110.9,4.2,8.69,47.1,163.0,11.15,21.11,1.78,127.7,Very Poor,29.166666666666668,46.416666666666664,2.1045833333333333,174.08333333333334,0.0,4,1,105
Delhi,2020-04-15,304.8,337.2,168.4,80.1,146.0,8.9,9.53,50.4,16.7,5.92,13.49,7.9,23.9,Very Poor,29.416666666666668,45.541666666666664,2.629583333333333,118.79166666666667,0.0,4,2,106
Delhi,2020-04-16,231.6,261.6,101.1,139.7,182.4,20.4,5.47,54.5,26.4,8.52,9.44,5.74,263.7,Moderate,29.4875,41.958333333333336,2.5970833333333334,268.0416666666667,0.0,4,3,107
Delhi,2020-04-17,111.4,551.0,67.6,27.2,212.0,9.2,0.82,94.4,181.5,11.08,29.63,0.12,292.4,Moderate,29.041666666666668,36.25,3.4283333333333332,171.625,0.0,4,4,108
Delhi,2020-04-18,141.7,259.1,89.1,45.1,87.4,26.0,6.34,99.6,198.5,15.95,3.83,9.16,343.0,Severe,28.625,40.125,3.5191666666666666,109.16666666666667,0.0,4,5,109
Delhi,2020-04-19,327.5,101.8,66.4,36.6,185.0,49.3,1.75,12.2,182.0,9.04,20.1,7.58,94.9,Satisfactory,27.4375,46.25,2.67375,280.75,0.1,4,6,110
Delhi,2020-04-20,325.9,171.0,152.0,99.3,215.9,47.9,1.88,26.1,126.2,12.18,4.26,8.82,432.3,Very Poor,26.170833333333334,48.875,1.9983333333333333,180.95833333333334,0.8,4,0,111
Delhi,2020-04-21,207.6,131.6,95.7,122.6,24.5,48.1,1.85,33.3,37.3,9.7,0.94,1.8,144.8,Moderate,25.983333333333334,51.791666666666664,2.3595833333333336,133.75,0.0,4,1,112
Delhi,2020-04-22,406.6,132.2,96.2,28.8,123.0,6.5,8.74,5.9,174.8,4.8,1.13,9.95,232.7,Good,27.1125,44.791666666666664,2.12625,177.20833333333334,0.0,4,2,113
Delhi,2020-04-23,403.7,469.5,107.8,83.8,175.0,33.5,5.75,93.9,92.2,8.58,14.42,4.2,286.5,Poor,28.425,41.25,2.4341666666666666,224.375,0.0,4,3,114
Delhi,2020-04-24,374.1,147.0,193.6,18.4,245.8,46.9,6.36,59.4,23.7,16.99,22.15,1.3,495.6,Poor,28.575,43.916666666666664,2.04625,122.58333333333333,0.0,4,4,115
Delhi,2020-04-25,297.5,461.7,104.1,130.3,179.1,4.3,8.73,15.7,175.1,16.87,14.05,0.51,44.6,Very Poor,28.204166666666666,45.166666666666664,1.92875,144.66666666666666,0.5,4,5,116
Delhi,2020-04-26,330.5,520.8,174.9,11.0,43.9,5.8,6.55,32.5,191.2,7.67,13.85,6.81,174.5,Good,26.608333333333334,61.083333333333336,3.99875,119.5,0.3,4,6,117
Delhi,2020-04-27,401.8,259.1,188.8,7.8,212.3,37.6,9.55,14.7,189.3,19.19,2.42,9.35,305.3,Very Poor,25.400000000000002,69.58333333333333,4.447916666666667,106.75,8.8,4,0,118
Delhi,2020-04-28,73.0,587.5,1.1,48.1,81.5,36.2,6.75,71.0,114.5,18.32,4.77,1.55,104.5,Moderate,26.400000000000002,65.29166666666667,2.3891666666666667,173.75,0.30000000000000004,4,1,119
Delhi,2020-04-29,424.2,15.4,34.0,22.0,148.1,24.5,9.97,36.4,177.7,7.92,6.97,6.61,271.0,Moderate,28.3625,58.25,1.9408333333333332,188.91666666666666,0.0,4,2,120
Delhi,2020-04-30,99.8,567.9,10.4,90.3,32.5,31.7,6.22,64.9,189.8,6.23,15.53,6.32,109.1,Good,29.02916666666667,54.583333333333336,2.9479166666666665,154.125,0.3,4,3,121
Delhi,2020-05-01,219.3,21.4,117.2,127.5,82.3,44.2,3.27,14.9,99.7,15.52,23.23,4.89,98.4,Satisfactory,30.054166666666664,56.291666666666664,2.6004166666666664,179.54166666666666,0.0,5,4,122
Delhi,2020-05-02,336.0,77.9,71.9,112.3,190.3,27.0,1.79,20.5,143.6,0.48,7.64,2.9,186.2,Good,28.9875,58.541666666666664,4.9887500000000005,109.91666666666667,0.0,5,5,123
Delhi,2020-05-03,325.7,561.4,154.4,41.1,184.3,4.2,0.71,53.1,92.4,1.57,26.38,0.43,122.8,Severe,27.795833333333334,64.0,3.58375,108.75,14.299999999999999,5,6,124
Delhi,2020-05-04,254.4,287.6,179.9,143.8,185.7,26.2,8.57,9.9,120.5,19.15,15.54,1.62,28.7,Moderate,27.15416666666667,67.08333333333333,1.8787500000000001,73.95833333333333,0.1,5,0,125
Delhi,2020-05-05,478.9,588.8,127.0,38.4,139.1,29.2,1.48,65.4,29.6,13.38,8.13,2.04,479.9,Very Poor,28.59583333333333,52.416666666666664,2.0633333333333335,188.33333333333334,0.2,5,1,126
Delhi,2020-05-06,328.3,564.3,92.5,115.0,9.0,26.7,0.54,41.2,85.8,9.09,6.32,6.84,336.4,Good,28.625,48.458333333333336,2.1054166666666667,173.125,0.0,5,2,127
Delhi,2020-05-07,404.2,244.2,198.8,83.1,216.1,15.6,7.48,30.4,172.7,6.1,5.4,8.61,377.3,Satisfactory,28.537499999999998,45.583333333333336,2.6733333333333333,150.08333333333334,0.0,5,3,128
Delhi,2020-05-08,53.9,218.0,170.1,43.6,221.7,0.4,9.81,8.2,144.5,2.71,11.81,3.34,106.0,Very Poor,30.366666666666664,42.708333333333336,2.3945833333333333,157.54166666666666,0.0,5,4,129
Delhi,2020-05-09,148.4,330.7,146.3,106.6,134.9,44.8,5.74,84.2,162.3,17.91,19.34,2.86,73.4,Satisfactory,31.004166666666666,45.333333333333336,2.665,109.66666666666667,0.5,5,5,130
Delhi,2020-05-10,124.1,456.1,95.3,123.2,212.9,46.7,6.95,52.0,177.8,9.32,21.62,2.65,497.4,Satisfactory,29.479166666666668,56.291666666666664,3.5658333333333334,114.375,0.0,5,6,131
Delhi,2020-05-11,393.4,142.2,10.9,20.5,61.6,0.7,5.85,6.7,112.3,17.89,21.36,7.17,222.6,Very Poor,29.079166666666666,57.208333333333336,3.06875,121.54166666666667,0.1,5,0,132
Delhi,2020-05-12,491.5,352.9,157.4,139.4,164.4,44.0,2.04,35.0,182.6,18.08,17.54,3.67,272.9,Moderate,29.25833333333333,55.916666666666664,2.5858333333333334,108.125,0.0,5,1,133
Delhi,2020-05-13,167.5,499.7,70.0,84.2,241.9,42.0,2.65,45.6,25.5,14.06,10.49,9.38,63.9,Severe,29.65833333333333,57.291666666666664,2.0820833333333333,220.25,0.0,5,2,134
Delhi,2020-05-14,95.9,537.6,134.6,107.0,232.2,44.0,0.11,62.5,175.7,14.81,29.9,0.74,332.1,Severe,30.337500000000002,55.375,2.085,138.75,0.0,5,3,135
Delhi,2020-05-15,185.2,326.0,101.1,54.3,172.8,38.9,7.21,49.0,193.7,5.96,27.0,6.48,43.2,Very Poor,31.429166666666664,41.541666666666664,3.4858333333333333,323.6666666666667,0.0,5,4,136
Delhi,2020-05-16,331.0,275.3,59.0,10.4,241.7,36.2,0.78,22.5,111.3,6.68,5.5,2.69,260.4,Severe,31.245833333333334,34.458333333333336,3.3966666666666665,313.3333333333333,0.0,5,5,137
Delhi,2020-05-17,193.9,174.6,184.5,95.3,175.7,17.0,6.29,7.0,56.7,11.55,20.86,5.7,55.0,Satisfactory,31.5,35.5,2.2912500000000002,295.5,0.0,5,6,138
Delhi,2020-05-18,363.8,405.7,98.4,103.7,215.1,12.1,9.94,19.2,97.6,9.17,27.37,1.78,308.8,Severe,30.849999999999998,33.958333333333336,2.6125000000000003,274.125,0.0,5,0,139
Delhi,2020-05-19,225.0,116.2,75.6,40.0,48.1,27.0,7.93,61.7,132.0,10.64,20.03,4.6,13.0,Satisfactory,30.8875,28.791666666666668,2.1341666666666668,273.0416666666667,0.0,5,1,140
Delhi,2020-05-20,270.1,528.4,117.9,2.8,226.0,26.4,4.56,2.3,0.5,15.07,4.26,8.26,429.5,Severe,30.520833333333332,27.916666666666668,3.5233333333333334,319.875,0.0,5,2,141
Delhi,2020-05-21,485.5,6.8,0.3,0.4,152.7,18.9,8.8,48.3,34.2,5.8,17.59,4.28,186.6,Moderate,31.78333333333333,29.208333333333332,3.793333333333333,302.3333333333333,0.0,5,3,142
Delhi,2020-05-22,386.1,60.9,183.6,68.7,136.5,8.4,7.83,14.8,128.3,6.09,26.56,5.19,436.5,Good,32.9125,32.083333333333336,1.9058333333333335,194.75,0.0,5,4,143
Delhi,2020-05-23,8.5,194.7,33.1,81.2,152.2,6.5,7.69,37.7,25.6,19.85,18.73,4.97,175.7,Good,33.729166666666664,32.666666666666664,2.544583333333333,127.625,0.0,5,5,144
Delhi,2020-05-24,186.8,377.6,159.6,40.6,156.0,1.0,5.67,26.4,179.3,10.14,25.34,1.26,324.0,Satisfactory,34.52916666666667,32.291666666666664,3.0816666666666666,252.5,0.0,5,6,145
Delhi,2020-05-25,337.2,206.2,25.2,17.4,197.9,46.3,1.46,91.6,192.4,13.11,29.22,8.13,403.8,Good,34.987500000000004,24.625,3.435416666666667,303.7916666666667,0.0,5,0,146
Delhi,2020-05-26,440.2,255.8,154.2,24.1,4.9,42.5,0.82,35.5,48.1,17.53,20.14,1.56,280.5,Very Poor,36.30833333333333,21.708333333333332,2.7733333333333334,253.66666666666666,0.0,5,1,147
Delhi,2020-05-27,381.8,141.5,111.1,92.3,203.8,38.8,3.62,34.6,53.2,0.86,1.69,7.49,236.9,Very Poor,35.52916666666667,23.708333333333332,2.3720833333333333,172.79166666666666,0.0,5,2,148
Delhi,2020-05-28,470.4,65.7,175.1,106.2,167.4,27.5,6.33,1.0,73.7,3.34,23.1,3.58,84.1,Good,32.737500000000004,43.125,5.350833333333333,118.83333333333333,0.0,5,3,149
Delhi,2020-05-29,498.2,590.0,148.2,12.2,90.1,44.1,3.08,1.4,150.0,7.66,16.9,7.19,334.6,Satisfactory,30.308333333333334,56.875,5.5008333333333335,106.70833333333333,4.0,5,4,150
Delhi,2020-05-30,121.5,136.4,183.8,103.7,26.3,39.8,3.83,71.8,85.6,7.39,29.39,3.09,196.3,Good,28.104166666666668,62.125,3.225,130.58333333333334,4.7,5,5,151
Delhi,2020-05-31,47.7,428.5,107.3,55.0,230.8,3.2,2.46,51.9,66.8,4.07,14.26,7.88,112.1,Poor,26.870833333333334,69.70833333333333,1.8933333333333333,134.125,0.2,5,6,152
Delhi,2020-06-01,83.2,267.9,118.6,46.8,216.3,37.7,9.0,35.0,75.2,14.97,13.96,7.45,232.5,Severe,27.816666666666666,68.04166666666667,1.6495833333333332,160.625,0.0,6,0,153
Delhi,2020-06-02,210.0,257.9,171.5,41.7,125.8,31.5,9.01,17.7,32.1,17.74,21.97,7.88,411.3,Moderate,29.133333333333336,63.458333333333336,1.67875,199.625,0.0,6,1,154
Delhi,2020-06-03,460.2,313.6,33.2,123.8,146.3,17.0,3.24,5.6,41.7,11.46,29.9,4.1,107.3,Satisfactory,29.870833333333334,58.583333333333336,1.5754166666666667,187.625,0.0,6,2,155
Delhi,2020-06-04,482.4,359.8,17.2,145.5,240.7,9.0,7.6,44.1,87.7,16.39,12.12,4.75,307.9,Severe,29.679166666666664,57.333333333333336,1.9962499999999999,161.33333333333334,0.0,6,3,156
Delhi,2020-06-05,53.4,82.9,122.4,59.1,87.5,28.7,7.58,33.8,12.6,9.82,2.99,7.88,100.6,Very Poor,29.03333333333333,60.875,2.075833333333333,175.25,0.30000000000000004,6,4,157
Delhi,2020-06-06,290.9,438.6,90.3,118.3,246.1,23.8,2.8,18.2,146.1,14.27,9.8,8.85,191.4,Poor,29.5625,58.666666666666664,2.06,139.04166666666666,0.0,6,5,158
Delhi,2020-06-07,151.3,162.0,100.8,105.4,34.0,33.6,1.79,41.2,128.2,18.56,27.81,2.2,157.9,Moderate,30.47083333333333,60.416666666666664,1.8820833333333333,211.04166666666666,1.0,6,6,159
Delhi,2020-06-08,281.7,516.0,188.7,78.8,88.0,28.5,4.43,33.1,177.6,17.19,18.33,5.5,75.1,Poor,30.704166666666666,61.583333333333336,1.86125,183.33333333333334,0.0,6,0,160
Delhi,2020-06-09,295.8,226.0,77.2,39.5,88.4,19.9,2.85,67.8,179.0,0.88,1.95,9.4,51.8,Good,32.579166666666666,55.541666666666664,1.7699999999999998,197.20833333333334,0.0,6,1,161
Delhi,2020-06-10,415.2,206.8,147.8,25.7,133.0,36.7,0.25,4.6,143.2,16.14,3.21,5.91,170.0,Moderate,33.44166666666667,54.458333333333336,2.146666666666667,250.08333333333334,0.0,6,2,162
Delhi,2020-06-11,475.5,326.3,22.6,138.4,56.1,1.5,5.4,51.5,75.6,2.23,2.19,4.95,309.6,Severe,32.791666666666664,59.0,1.9008333333333332,83.0,0.0,6,3,163
Delhi,2020-06-12,295.4,554.5,187.5,64.2,222.6,3.5,4.67,91.3,148.5,19.9,25.87,4.24,103.0,Poor,33.53333333333334,53.875,2.4975,134.0,0.0,6,4,164
Delhi,2020-06-13,244.7,101.0,112.6,14.3,199.5,6.3,1.2,58.2,133.0,0.07,13.54,8.25,68.2,Good,33.375,56.75,2.4066666666666667,90.08333333333333,0.0,6,5,165
Delhi,2020-06-14,492.2,553.6,58.6,57.3,151.6,32.9,1.37,6.5,65.9,7.72,12.87,4.99,496.6,Poor,33.458333333333336,57.541666666666664,2.3091666666666666,149.20833333333334,0.0,6,6,166
Delhi,2020-06-15,373.7,124.9,101.9,80.0,107.4,38.0,1.93,52.3,167.8,4.09,18.83,7.27,85.1,Satisfactory,34.020833333333336,50.708333333333336,2.151666666666667,198.41666666666666,0.0,6,0,167
Delhi,2020-06-16,334.1,227.7,118.6,25.2,189.4,14.9,1.45,58.2,3.8,2.45,7.28,4.15,412.7,Poor,33.666666666666664,50.166666666666664,2.316666666666667,150.29166666666666,0.1,6,1,168
Delhi,2020-06-17,18.2,543.1,142.9,12.7,12.8,0.5,9.73,14.7,184.1,15.27,21.39,7.27,56.7,Satisfactory,33.6875,53.75,3.0241666666666664,99.29166666666667,0.0,6,2,169
Delhi,2020-06-18,129.3,185.1,113.7,143.0,135.9,16.0,1.77,96.2,123.1,6.43,0.01,5.12,94.4,Severe,34.37916666666667,52.375,2.65375,149.33333333333334,0.0,6,3,170
Delhi,2020-06-19,36.0,593.9,70.9,4.4,125.5,43.9,1.15,12.0,197.8,2.36,28.19,8.38,463.0,Severe,34.61666666666667,55.375,2.8925,110.45833333333333,0.0,6,4,171
Delhi,2020-06-20,280.1,526.0,136.5,107.6,93.8,46.3,7.54,50.5,91.4,6.97,12.22,6.66,8.1,Good,33.55416666666667,55.875,2.99,199.45833333333334,1.1,6,5,172
Delhi,2020-06-21,362.7,544.0,47.9,85.2,197.3,37.3,0.35,94.1,41.5,12.9,12.83,3.09,333.5,Very Poor,32.86666666666667,57.708333333333336,2.1983333333333333,113.29166666666667,0.0,6,6,173
Delhi,2020-06-22,417.6,522.6,58.8,1.5,110.4,19.4,7.61,62.5,20.6,4.5,2.1,6.72,430.2,Satisfactory,31.433333333333334,63.875,1.8425,96.91666666666667,1.3,6,0,174
Delhi,2020-06-23,103.7,0.3,40.4,49.6,233.0,19.9,5.28,91.9,183.6,3.59,26.95,6.87,298.1,Poor,31.308333333333334,65.45833333333333,3.860416666666667,106.20833333333333,1.6,6,1,175
Delhi,2020-06-24,218.9,589.1,45.6,90.9,165.4,14.4,0.12,26.3,128.6,15.9,25.46,8.79,98.1,Poor,30.079166666666666,73.95833333333333,3.11,107.125,2.4,6,2,176
Delhi,2020-06-25,17.8,269.3,184.1,17.5,195.8,38.3,9.64,64.0,101.0,17.2,21.84,1.03,8.8,Severe,31.570833333333336,69.04166666666667,1.2845833333333334,218.66666666666666,0.0,6,3,177
Delhi,2020-06-26,294.2,271.2,0.4,126.6,11.9,46.1,9.28,36.6,150.9,18.74,2.83,0.75,255.9,Moderate,32.18333333333333,67.08333333333333,2.5208333333333335,245.5,0.5,6,4,178
Delhi,2020-06-27,435.1,97.5,77.6,70.3,146.6,39.9,6.9,60.7,176.8,18.99,17.15,3.6,426.8,Very Poor,33.56666666666667,58.5,3.5187500000000003,267.6666666666667,0.30000000000000004,6,5,179
Delhi,2020-06-28,232.3,33.0,120.7,16.3,193.3,20.2,6.33,40.0,187.4,9.55,20.09,5.15,51.4,Good,34.80416666666667,53.583333333333336,3.5429166666666667,234.58333333333334,0.0,6,6,180
Delhi,2020-06-29,218.2,204.0,41.2,32.3,87.6,0.5,9.31,45.7,19.7,19.13,9.86,7.07,17.1,Poor,33.875,57.958333333333336,3.092083333333333,167.04166666666666,0.2,6,0,181
Delhi,2020-06-30,37.0,537.6,106.4,61.5,204.5,39.8,9.51,25.0,24.7,4.75,2.38,8.54,308.8,Moderate,31.916666666666668,64.58333333333333,3.232083333333333,105.625,0.1,6,1,182
Delhi,2020-07-01,115.3,140.1,104.4,78.6,66.2,32.9,0.25,63.3,29.3,11.94,1.74,7.51,248.7,Severe,33.108333333333334,61.208333333333336,2.2745833333333336,90.75,0.0,7,2,183
Delhi,2020-07-02,102.8,139.3,139.1,82.0,86.7,35.4,4.06,42.9,182.2,14.63,22.01,7.27,109.8,Severe,34.670833333333334,56.333333333333336,1.9866666666666666,181.75,0.0,7,3,184
Delhi,2020-07-03,395.8,61.8,192.7,116.4,115.6,11.9,1.26,97.7,61.2,15.19,23.45,7.49,51.3,Very Poor,34.55416666666667,59.166666666666664,3.4341666666666666,108.04166666666667,0.0,7,4,185
Delhi,2020-07-04,319.3,166.7,172.1,73.5,32.6,20.4,0.78,37.5,3.9,11.55,9.49,7.14,443.6,Good,32.800000000000004,65.125,3.9583333333333335,108.66666666666667,0.0,7,5,186
Delhi,2020-07-05,209.7,548.9,55.4,30.6,161.7,23.0,6.81,44.4,45.6,14.73,24.24,2.74,340.1,Moderate,29.912499999999998,70.25,3.2845833333333334,66.08333333333333,1.4000000000000001,7,6,187
Delhi,2020-07-06,391.1,390.0,112.5,30.7,193.8,9.7,4.62,89.6,85.3,4.61,24.4,8.21,497.1,Good,30.733333333333334,70.33333333333333,3.0362500000000003,103.16666666666667,0.7000000000000001,7,0,188
Delhi,2020-07-07,326.9,196.1,69.4,137.1,12.8,31.1,5.65,48.8,76.7,13.05,25.65,9.08,129.2,Moderate,29.270833333333332,74.45833333333333,4.178333333333334,106.79166666666667,1.7000000000000002,7,1,189
Delhi,2020-07-08,297.3,102.1,179.1,87.5,185.0,41.0,3.68,95.1,57.3,10.85,25.07,2.98,136.1,Poor,29.058333333333334,81.125,3.436666666666667,140.0,2.3,7,2,190
Delhi,2020-07-09,495.6,130.3,199.1,56.3,104.1,23.4,5.66,84.2,138.5,19.6,18.79,2.62,440.3,Satisfactory,30.445833333333336,77.70833333333333,2.129583333333333,209.91666666666666,5.2,7,3,191
Delhi,2020-07-10,313.4,248.8,56.0,2.2,59.3,28.8,3.9,16.1,156.3,3.8,14.89,6.7,344.2,Very Poor,32.300000000000004,68.45833333333333,2.2133333333333334,265.2083333333333,2.0,7,4,192
Delhi,2020-07-11,465.5,536.1,198.7,62.8,83.0,18.6,4.21,67.6,39.8,11.62,11.95,1.55,499.0,Poor,31.570833333333336,67.625,2.9908333333333332,241.75,1.2,7,5,193
Delhi,2020-07-12,69.2,59.9,47.6,134.3,92.5,26.3,9.04,41.2,16.9,18.81,9.38,7.94,61.4,Severe,31.675,67.08333333333333,1.9349999999999998,195.5,0.4,7,6,194
Delhi,2020-07-13,86.1,464.9,164.7,31.3,190.2,6.8,4.71,15.3,76.5,0.21,14.68,8.37,485.5,Satisfactory,31.804166666666664,66.20833333333333,2.2183333333333333,273.9166666666667,0.2,7,0,195
Delhi,2020-07-14,468.3,395.6,193.6,113.1,67.2,16.2,8.65,1.8,157.1,19.41,10.43,8.45,147.1,Poor,33.02916666666667,62.583333333333336,1.8645833333333333,201.79166666666666,0.0,7,1,196
Delhi,2020-07-15,210.3,514.4,191.2,64.3,114.5,9.7,9.43,17.7,163.8,3.29,21.24,0.39,377.9,Very Poor,31.71666666666667,68.79166666666667,4.050833333333333,102.08333333333333,0.0,7,2,197
Delhi,2020-07-16,282.1,538.9,85.5,29.0,171.5,20.1,6.98,27.5,42.4,2.73,7.68,8.14,173.7,Severe,30.616666666666664,74.16666666666667,3.72875,100.16666666666667,6.3,7,3,198
Delhi,2020-07-17,425.4,92.8,76.0,96.4,221.8,43.5,8.53,5.7,118.8,3.1,11.25,7.64,105.0,Poor,31.241666666666664,73.33333333333333,3.202083333333333,111.91666666666667,6.6,7,4,199
Delhi,2020-07-18,9.6,237.3,182.2,94.4,47.7,41.3,4.81,24.8,198.2,10.25,5.25,0.9,410.3,Satisfactory,31.316666666666666,75.83333333333333,2.75625,107.20833333333333,1.9,7,5,200
Delhi,2020-07-19,115.8,398.0,145.4,49.2,146.1,36.3,5.77,61.8,33.7,19.75,11.2,8.48,423.3,Poor,30.504166666666666,81.29166666666667,2.5220833333333332,231.5,11.5,7,6,201
Delhi,2020-07-20,233.0,278.5,39.0,58.5,147.6,49.6,2.39,60.8,49.4,0.82,1.21,4.34,20.5,Moderate,29.304166666666664,80.08333333333333,2.93875,242.875,10.3,7,0,202
Delhi,2020-07-21,129.7,500.7,8.3,82.9,80.5,3.6,1.14,53.7,195.2,7.45,23.43,4.32,420.0,Very Poor,28.116666666666664,83.25,1.9141666666666666,165.125,13.9,7,1,203
Delhi,2020-07-22,43.0,4.7,109.8,101.9,123.2,29.4,9.73,28.2,195.1,3.38,27.93,3.86,373.3,Satisfactory,27.2625,86.375,2.2183333333333333,259.375,19.1,7,2,204
Delhi,2020-07-23,291.3,229.1,94.6,94.5,26.9,42.8,0.38,0.5,170.3,8.98,18.86,7.46,433.3,Poor,28.570833333333336,79.29166666666667,1.6883333333333335,248.54166666666666,0.30000000000000004,7,3,205
Delhi,2020-07-24,404.1,137.9,42.5,4.1,217.7,2.8,0.48,15.3,136.8,2.03,16.68,9.69,101.6,Satisfactory,28.90833333333333,78.66666666666667,2.3925,108.33333333333333,0.8,7,4,206
Delhi,2020-07-25,88.0,232.9,153.1,88.6,70.3,46.3,2.0,73.2,104.6,6.93,27.87,5.54,226.3,Moderate,28.879166666666666,82.0,2.7274999999999996,110.0,1.2,7,5,207
Delhi,2020-07-26,466.1,187.3,116.4,118.9,39.2,0.9,6.58,0.3,68.0,6.0,16.81,4.78,420.0,Very Poor,29.858333333333334,81.54166666666667,1.6445833333333333,131.95833333333334,2.0,7,6,208
Delhi,2020-07-27,53.5,252.2,197.5,111.8,170.3,29.7,5.46,87.5,57.9,3.52,28.86,8.13,91.2,Moderate,31.066666666666666,76.83333333333333,2.620416666666667,260.6666666666667,1.8,7,0,209
Delhi,2020-07-28,110.1,270.1,99.1,46.9,132.9,45.4,9.5,19.1,27.9,16.2,3.42,9.59,186.7,Very Poor,31.84166666666667,68.79166666666667,3.5095833333333335,251.875,0.39999999999999997,7,1,210
Delhi,2020-07-29,268.1,468.5,80.9,38.0,162.7,5.6,8.71,16.4,73.5,18.84,10.88,4.7,462.0,Satisfactory,30.375,74.875,2.7266666666666666,159.04166666666666,0.30000000000000004,7,2,211
Delhi,2020-07-30,317.3,85.4,182.9,137.7,189.1,47.9,4.06,58.8,68.9,4.43,2.14,9.62,174.4,Severe,28.858333333333334,80.45833333333333,2.0508333333333333,156.20833333333334,5.8999999999999995,7,3,212
Delhi,2020-07-31,404.2,72.0,16.6,76.1,4.4,19.5,7.38,35.5,86.5,11.49,23.94,0.82,15.6,Severe,29.070833333333336,85.45833333333333,1.8270833333333334,113.83333333333333,13.1,7,4,213
Delhi,2020-08-01,406.9,466.5,188.7,41.0,80.4,38.7,7.64,6.4,110.0,13.85,21.65,8.66,467.3,Very Poor,29.270833333333332,85.25,1.5783333333333334,147.04166666666666,2.4,8,5,214
Delhi,2020-08-02,60.0,517.9,119.0,147.8,179.8,34.7,3.61,44.2,53.6,6.35,3.94,5.55,128.2,Satisfactory,30.979166666666668,78.08333333333333,2.2095833333333332,254.04166666666666,0.1,8,6,215
Delhi,2020-08-03,209.3,328.3,179.2,39.5,64.5,35.1,6.58,59.6,180.6,1.2,28.87,2.31,436.3,Satisfactory,31.424999999999997,76.75,2.2175,235.70833333333334,1.9,8,0,216
Delhi,2020-08-04,487.2,5.0,157.2,28.0,133.4,29.1,3.53,55.3,94.7,2.58,12.69,4.17,99.2,Severe,31.458333333333332,76.54166666666667,2.0483333333333333,178.70833333333334,1.8,8,1,217
Delhi,2020-08-05,495.8,277.7,180.3,149.7,136.5,5.9,2.99,82.8,162.0,13.68,27.67,9.23,88.2,Poor,30.599999999999998,80.08333333333333,2.7595833333333335,113.75,1.2,8,2,218
Delhi,2020-08-06,379.4,515.6,146.1,43.8,242.1,28.2,1.94,94.1,164.6,3.28,6.96,9.82,60.6,Severe,30.983333333333334,70.75,6.182083333333334,92.41666666666667,0.1,8,3,219
Delhi,2020-08-07,366.2,425.9,163.0,128.8,103.2,13.1,3.07,51.7,117.0,6.91,27.81,8.93,495.3,Good,30.083333333333332,76.91666666666667,4.3225,115.91666666666667,0.6000000000000001,8,4,220
Delhi,2020-08-08,398.8,390.7,29.0,144.6,80.3,10.0,1.88,64.6,67.6,18.99,22.63,9.48,110.0,Moderate,30.929166666666664,79.58333333333333,0.9904166666666666,196.5,1.9000000000000001,8,5,221
Delhi,2020-08-09,215.7,80.8,71.3,13.5,200.3,22.0,6.12,47.6,199.9,2.74,10.22,1.92,170.3,Severe,29.858333333333334,83.75,1.4866666666666666,140.79166666666666,17.7,8,6,222
Delhi,2020-08-10,455.3,159.5,72.8,93.6,204.7,17.4,9.86,58.4,174.5,7.12,22.78,5.1,117.9,Good,28.795833333333334,87.33333333333333,2.4345833333333333,114.16666666666667,5.4,8,0,223
Delhi,2020-08-11,211.5,166.0,156.1,129.1,220.1,2.0,6.01,23.7,41.9,15.63,7.96,6.07,289.7,Satisfactory,29.087500000000002,87.45833333333333,1.7474999999999998,213.16666666666666,15.9,8,1,224
Delhi,2020-08-12,289.2,558.2,71.4,70.3,236.0,32.9,2.4,76.5,53.2,3.6,24.65,1.69,175.0,Very Poor,29.90833333333333,83.5,2.9804166666666667,249.79166666666666,3.2,8,2,225
Delhi,2020-08-13,238.2,48.9,57.9,51.6,1.3,5.6,1.77,29.0,104.3,4.85,11.47,0.72,34.0,Satisfactory,26.733333333333334,94.79166666666667,2.2529166666666667,115.5,64.3,8,3,226
Delhi,2020-08-14,414.1,101.3,81.0,44.5,187.8,43.0,7.08,44.6,109.7,13.5,8.63,9.1,127.2,Satisfactory,27.633333333333336,89.29166666666667,3.4133333333333336,98.04166666666667,7.5,8,4,227
Delhi,2020-08-15,485.7,257.1,198.8,128.9,28.6,23.9,1.07,72.6,108.6,3.07,13.61,4.21,497.9,Moderate,28.974999999999998,86.16666666666667,2.8854166666666665,113.54166666666667,3.9000000000000004,8,5,228
Delhi,2020-08-16,133.2,87.9,145.8,116.8,86.0,22.4,6.95,80.7,118.8,5.14,19.78,4.56,165.2,Severe,28.879166666666666,86.58333333333333,2.6,117.75,5.1,8,6,229
Delhi,2020-08-17,60.1,75.5,151.7,147.2,15.8,45.6,3.7,91.3,72.7,15.47,9.97,9.2,144.5,Satisfactory,29.179166666666664,86.20833333333333,2.442083333333333,125.125,1.6,8,0,230
Delhi,2020-08-18,393.1,349.7,171.2,122.1,79.5,36.8,5.81,96.7,188.8,8.42,15.15,8.22,307.4,Satisfactory,29.8625,84.625,1.4745833333333334,191.16666666666666,5.9,8,1,231
Delhi,2020-08-19,352.1,106.0,17.6,70.7,64.8,7.4,1.01,68.9,90.6,13.88,20.55,1.61,28.5,Moderate,27.09166666666667,92.875,1.8579166666666669,158.41666666666666,26.9,8,2,232
Delhi,2020-08-20,115.7,225.4,194.7,122.4,13.0,36.3,3.07,21.7,146.3,17.7,20.17,8.63,395.8,Severe,26.462500000000002,93.08333333333333,2.2533333333333334,89.58333333333333,10.5,8,3,233
Delhi,2020-08-21,390.6,196.8,176.7,32.3,233.9,29.6,6.25,44.3,35.6,11.39,25.91,3.65,401.7,Very Poor,28.745833333333334,79.04166666666667,3.52,88.125,0.2,8,4,234
Delhi,2020-08-22,435.7,101.7,14.4,9.2,68.7,13.0,4.84,51.4,196.7,9.65,8.16,2.52,494.8,Satisfactory,28.829166666666666,74.5,4.8116666666666665,91.16666666666667,0.5,8,5,235
Delhi,2020-08-23,190.7,211.4,78.6,46.7,81.1,25.7,3.99,53.0,37.1,16.77,24.5,0.94,231.6,Satisfactory,28.254166666666666,81.08333333333333,4.624583333333333,90.29166666666667,1.2000000000000002,8,6,236
Delhi,2020-08-24,29.3,294.3,8.3,17.2,46.0,24.8,6.35,88.7,105.9,0.84,7.96,6.41,62.6,Very Poor,27.925,81.91666666666667,4.190416666666667,118.29166666666667,1.0,8,0,237
Delhi,2020-08-25,469.7,123.6,30.3,112.7,11.5,26.7,9.76,83.3,151.6,17.53,19.59,5.69,310.4,Poor,28.554166666666664,81.08333333333333,2.89125,138.91666666666666,1.2000000000000002,8,1,238
Delhi,2020-08-26,277.0,532.6,40.9,119.0,11.7,38.8,3.85,50.3,14.8,17.06,8.08,7.32,253.7,Moderate,29.116666666666664,79.20833333333333,2.0345833333333334,238.875,0.4,8,2,239
Delhi,2020-08-27,287.1,343.4,8.8,58.6,88.5,39.2,9.97,71.8,155.3,4.65,4.62,5.98,49.2,Good,28.733333333333334,82.70833333333333,1.7387499999999998,222.75,1.1,8,3,240
Delhi,2020-08-28,456.5,272.3,44.0,18.8,106.3,19.2,8.69,57.3,166.1,18.96,29.12,3.67,142.2,Satisfactory,28.599999999999998,86.75,1.4170833333333333,187.875,2.1,8,4,241
Delhi,2020-08-29,249.9,594.1,41.3,48.1,132.2,45.4,0.99,14.9,151.3,11.78,24.81,5.42,118.8,Poor,28.608333333333334,84.16666666666667,1.7904166666666665,97.41666666666667,2.5999999999999996,8,5,242
Delhi,2020-08-30,177.6,204.4,37.1,60.4,85.7,31.8,9.85,12.1,165.0,10.48,0.55,5.66,474.1,Poor,28.054166666666664,79.20833333333333,5.33875,94.625,2.5,8,6,243
Delhi,2020-08-31,399.8,300.9,29.1,138.8,126.6,12.0,5.77,84.5,163.8,15.04,20.37,4.77,235.5,Poor,28.0125,77.83333333333333,4.3566666666666665,143.20833333333334,1.0,8,0,244
Delhi,2020-09-01,229.6,69.5,73.4,107.4,7.3,28.9,9.18,85.5,94.1,17.21,8.43,4.74,91.5,Very Poor,28.583333333333332,76.125,2.47125,179.08333333333334,1.0,9,1,245
Delhi,2020-09-02,40.0,552.7,120.4,99.7,245.5,15.0,2.74,68.3,59.0,1.42,4.19,7.99,160.2,Poor,28.916666666666668,77.25,1.7149999999999999,199.625,0.8,9,2,246
Delhi,2020-09-03,457.5,375.6,162.7,5.6,58.0,5.7,9.71,22.5,79.7,7.49,7.2,7.7,463.5,Good,28.541666666666668,84.20833333333333,2.620416666666667,107.95833333333333,8.8,9,3,247
Delhi,2020-09-04,442.1,51.3,44.5,97.1,117.3,24.6,6.8,84.7,37.5,0.2,18.29,1.86,307.1,Very Poor,28.90416666666667,82.0,2.5879166666666666,128.125,4.300000000000001,9,4,248
Delhi,2020-09-05,96.8,152.3,140.4,81.6,72.3,4.0,8.5,1.7,72.7,5.96,18.15,1.19,412.3,Very Poor,28.474999999999998,85.79166666666667,1.20625,201.5,10.600000000000001,9,5,249
Delhi,2020-09-06,214.1,506.0,56.8,117.7,231.5,5.0,4.8,5.8,84.2,16.97,27.83,7.15,341.9,Satisfactory,28.491666666666664,86.25,1.4658333333333333,245.29166666666666,7.6,9,6,250
Delhi,2020-09-07,439.9,524.9,91.2,66.2,249.9,45.0,5.99,21.9,86.2,9.85,16.61,6.79,375.6,Very Poor,28.879166666666666,84.58333333333333,1.20125,255.125,7.3,9,0,251
Delhi,2020-09-08,467.7,230.8,98.3,138.3,242.8,33.6,6.62,99.9,180.5,15.2,28.42,8.6,419.2,Poor,29.420833333333334,80.375,1.5125,296.5833333333333,0.8999999999999999,9,1,252
Delhi,2020-09-09,340.6,483.4,95.2,96.6,127.7,28.6,7.4,63.1,106.9,7.51,11.72,0.18,361.8,Good,29.679166666666664,76.20833333333333,1.9325,303.1666666666667,0.0,9,2,253
Delhi,2020-09-10,487.4,309.2,125.3,21.4,147.6,42.7,8.91,24.8,175.9,18.54,5.63,7.16,493.0,Good,29.724999999999998,74.29166666666667,2.4158333333333335,281.5416666666667,0.0,9,3,254
Delhi,2020-09-11,81.1,293.2,9.3,40.0,239.0,46.6,1.9,18.5,16.8,16.94,11.29,0.13,121.5,Satisfactory,30.229166666666668,71.66666666666667,1.8216666666666665,244.45833333333334,0.0,9,4,255
Delhi,2020-09-12,87.7,291.2,195.4,76.8,246.6,33.4,0.59,39.1,81.6,18.14,4.19,1.78,404.6,Good,29.833333333333332,74.45833333333333,1.7229166666666667,195.04166666666666,0.0,9,5,256
Delhi,2020-09-13,282.2,402.8,189.4,132.0,28.0,0.9,4.54,34.8,12.7,12.72,12.92,5.02,408.3,Poor,29.8125,76.25,1.4808333333333332,146.5,0.30000000000000004,9,6,257
Delhi,2020-09-14,39.2,477.1,78.3,126.1,58.4,33.8,8.95,82.2,198.5,12.06,6.67,6.89,473.8,Good,29.758333333333336,79.5,1.2741666666666667,112.5,0.6000000000000001,9,0,258
Delhi,2020-09-15,484.8,527.9,161.7,17.2,115.7,42.1,3.72,49.8,167.0,16.04,20.43,0.37,19.5,Severe,30.670833333333334,72.95833333333333,1.4266666666666667,263.9583333333333,0.0,9,1,259
Delhi,2020-09-16,319.1,88.5,197.6,56.6,31.6,35.5,8.24,88.8,119.1,2.26,26.78,5.01,149.8,Satisfactory,31.354166666666668,68.70833333333333,1.8516666666666666,255.16666666666666,0.0,9,2,260
Delhi,2020-09-17,48.5,138.4,132.0,26.3,159.7,32.9,4.29,86.8,16.6,14.83,20.13,9.09,313.8,Good,31.620833333333334,64.04166666666667,2.8512500000000003,292.3333333333333,0.0,9,3,261
Delhi,2020-09-18,281.1,190.2,133.2,96.5,182.6,26.1,9.1,76.4,138.8,15.37,26.28,8.4,453.9,Moderate,31.945833333333336,59.958333333333336,2.625,290.0,0.0,9,4,262
Delhi,2020-09-19,426.0,86.5,41.7,116.8,25.2,48.1,2.92,43.0,93.0,14.8,22.5,9.89,29.2,Poor,30.9875,67.45833333333333,1.5754166666666667,212.5,0.0,9,5,263
Delhi,2020-09-20,129.0,10.4,149.2,62.9,37.8,23.0,9.6,28.5,48.3,16.59,24.2,1.53,274.6,Poor,30.462500000000002,69.04166666666667,2.2912500000000002,207.75,0.0,9,6,264
Delhi,2020-09-21,410.1,61.6,144.2,146.7,72.3,38.0,9.96,33.6,191.7,0.27,14.46,3.7,139.9,Very Poor,30.458333333333332,66.375,2.1025,206.125,0.0,9,0,265
Delhi,2020-09-22,297.6,194.7,153.5,38.3,43.7,25.5,0.15,13.2,35.5,11.99,17.66,3.04,39.6,Poor,29.9875,75.33333333333333,2.2295833333333333,97.91666666666667,4.9,9,1,266
Delhi,2020-09-23,345.0,441.1,69.1,9.2,140.7,30.5,6.62,65.1,136.3,8.79,9.59,3.68,432.4,Satisfactory,29.3125,75.20833333333333,2.1037500000000002,102.66666666666667,2.5,9,2,267
Delhi,2020-09-24,320.8,448.6,29.8,100.9,65.9,49.7,2.82,77.3,176.7,19.98,0.04,4.53,92.0,Severe,29.3625,72.83333333333333,1.9379166666666665,156.625,0.0,9,3,268
Delhi,2020-09-25,412.1,576.8,114.9,122.3,200.7,1.6,3.15,59.9,11.6,7.88,12.94,3.39,415.6,Good,30.2,62.25,3.24875,278.2083333333333,0.0,9,4,269
Delhi,2020-09-26,445.3,500.5,40.0,26.5,37.1,7.2,3.92,58.1,189.6,5.71,21.21,9.72,396.8,Severe,28.9375,61.333333333333336,2.5345833333333334,279.125,0.0,9,5,270
Delhi,2020-09-27,132.6,378.1,69.5,112.9,125.5,30.2,1.81,25.4,112.1,19.98,7.68,4.46,388.2,Good,28.84583333333333,60.833333333333336,2.4129166666666664,295.1666666666667,0.0,9,6,271
Delhi,2020-09-28,78.3,180.0,87.3,62.1,185.3,31.7,3.45,11.6,46.6,10.73,24.51,8.92,251.9,Poor,28.40416666666667,60.416666666666664,2.8245833333333334,302.5833333333333,0.0,9,0,272
Delhi,2020-09-29,336.8,131.9,160.0,32.8,232.4,30.9,2.51,49.2,43.9,4.92,10.15,2.22,493.4,Very Poor,27.791666666666668,57.875,2.92,296.375,0.0,9,1,273
Delhi,2020-09-30,120.7,187.5,99.4,82.3,62.6,10.3,6.0,65.0,17.6,17.82,26.1,3.63,41.7,Very Poor,27.604166666666668,54.0,3.2504166666666667,298.0833333333333,0.0,9,2,274
Delhi,2020-10-01,222.2,379.1,62.8,83.5,39.2,0.2,0.23,28.8,120.1,4.38,15.46,1.67,9.2,Moderate,27.65833333333333,57.708333333333336,2.9654166666666666,289.375,0.0,10,3,275
Delhi,2020-10-02,35.9,1.1,41.6,88.0,236.1,7.0,2.96,99.3,128.6,19.73,22.55,7.2,437.7,Good,27.633333333333336,63.166666666666664,2.195,244.29166666666666,0.0,10,4,276
Delhi,2020-10-03,120.4,593.5,191.3,106.1,63.0,43.6,3.65,35.1,144.0,18.34,2.17,0.52,263.5,Severe,26.787499999999998,60.333333333333336,2.2525,304.4583333333333,0.0,10,5,277
Delhi,2020-10-04,473.2,357.5,72.3,75.1,211.6,27.8,6.57,65.9,52.8,1.51,5.16,3.42,48.7,Very Poor,25.9875,59.541666666666664,2.3575,305.6666666666667,0.0,10,6,278
Delhi,2020-10-05,62.3,275.4,76.7,17.3,51.5,40.8,4.91,9.4,174.5,15.57,13.81,0.48,47.8,Good,26.233333333333334,56.125,2.8975000000000004,302.25,0.0,10,0,279
Delhi,2020-10-06,433.5,263.2,36.3,123.2,180.5,13.9,4.81,55.9,168.3,14.15,11.23,0.28,369.1,Satisfactory,26.0,58.625,2.7404166666666665,283.125,0.0,10,1,280
Delhi,2020-10-07,340.7,506.9,81.8,146.7,43.6,48.6,0.64,34.3,54.1,12.25,27.17,8.32,370.3,Poor,26.245833333333334,63.0,2.004166666666667,238.70833333333334,0.0,10,2,281
Delhi,2020-10-08,400.1,482.9,68.9,149.1,102.7,31.1,5.4,34.2,194.1,14.46,29.44,1.8,244.8,Poor,26.21666666666667,63.833333333333336,1.9529166666666666,292.0833333333333,0.0,10,3,282
Delhi,2020-10-09,246.2,7.0,34.3,60.9,44.6,25.6,1.37,88.3,162.8,12.2,12.56,4.89,21.7,Poor,26.616666666666664,64.54166666666667,1.39,269.75,0.0,10,4,283
Delhi,2020-10-10,166.5,482.7,108.8,7.5,129.2,43.8,1.15,47.5,126.0,14.47,16.28,0.85,138.9,Very Poor,26.6375,63.625,1.8933333333333333,290.0416666666667,0.0,10,5,284
Delhi,2020-10-11,77.2,99.5,179.0,95.2,210.5,17.3,1.79,38.8,170.9,13.84,16.01,6.86,266.5,Moderate,26.712500000000002,61.833333333333336,1.8916666666666666,278.625,0.0,10,6,285
Delhi,2020-10-12,199.3,213.4,93.8,11.8,107.1,24.5,7.39,86.4,55.2,4.83,20.46,0.21,182.6,Good,26.6875,66.875,1.5295833333333333,127.58333333333333,0.0,10,0,286
Delhi,2020-10-13,208.0,96.8,151.3,23.0,14.9,25.2,2.21,0.6,71.9,5.78,23.11,1.97,147.0,Severe,26.695833333333336,67.29166666666667,2.2654166666666664,88.54166666666667,0.0,10,1,287
Delhi,2020-10-14,234.6,297.6,5.9,58.7,93.1,26.6,7.32,72.7,44.9,8.01,12.2,1.47,392.3,Satisfactory,27.02916666666667,70.125,1.80375,56.125,0.0,10,2,288
Delhi,2020-10-15,260.3,185.7,197.8,46.3,169.8,46.7,8.05,36.3,138.9,9.42,23.99,3.48,4.3,Satisfactory,26.537499999999998,61.875,1.9962499999999999,113.375,0.0,10,3,289
Delhi,2020-10-16,411.7,423.5,195.7,6.3,76.0,21.2,3.71,92.1,102.6,5.05,17.05,9.52,215.2,Poor,24.84166666666667,54.958333333333336,1.85875,205.66666666666666,0.0,10,4,290
Delhi,2020-10-17,259.5,297.3,191.8,95.5,7.9,32.7,4.82,65.4,54.7,13.55,13.22,6.74,115.8,Very Poor,25.683333333333334,54.75,1.4254166666666668,128.45833333333334,0.0,10,5,291
Delhi,2020-10-18,226.1,417.8,173.5,61.3,206.0,40.3,0.31,46.3,116.9,5.85,25.21,3.69,362.2,Poor,25.016666666666666,48.416666666666664,2.4162500000000002,305.125,0.0,10,6,292
Delhi,2020-10-19,281.3,214.2,171.9,134.1,57.4,0.5,2.03,5.6,24.1,2.95,29.63,3.83,99.0,Poor,24.28333333333333,46.041666666666664,2.5116666666666667,301.25,0.0,10,0,293
Delhi,2020-10-20,233.3,431.4,15.4,143.4,230.0,0.7,6.94,63.5,175.2,0.64,14.33,6.0,433.9,Poor,24.016666666666666,46.416666666666664,2.3916666666666666,221.29166666666666,0.0,10,1,294
Delhi,2020-10-21,257.3,139.1,125.2,65.2,129.4,20.8,6.01,63.1,27.6,18.04,25.7,5.17,149.9,Satisfactory,24.433333333333334,51.375,1.92375,124.08333333333333,0.0,10,2,295
Delhi,2020-10-22,211.2,149.4,46.7,111.2,191.4,18.1,0.96,44.7,169.3,1.0,21.06,9.68,459.8,Poor,25.4875,47.791666666666664,1.8170833333333334,117.29166666666667,0.0,10,3,296
Delhi,2020-10-23,154.8,377.7,124.8,16.0,68.5,15.6,1.29,91.0,114.0,16.84,5.24,5.13,41.1,Good,24.295833333333334,50.75,1.99,146.04166666666666,0.0,10,4,297
Delhi,2020-10-24,131.3,313.9,173.4,111.9,76.1,13.5,1.87,68.0,49.0,13.72,21.64,2.04,269.9,Very Poor,23.866666666666664,51.625,1.94625,254.45833333333334,0.0,10,5,298
Delhi,2020-10-25,415.7,515.4,183.9,64.6,82.3,36.1,7.47,32.7,65.5,2.84,19.43,7.53,430.9,Severe,24.708333333333332,49.833333333333336,1.7708333333333333,192.58333333333334,0.0,10,6,299
Delhi,2020-10-26,124.6,22.7,134.7,53.1,229.4,45.7,1.29,3.9,41.7,15.27,8.55,4.21,226.0,Good,24.270833333333332,48.625,2.1233333333333335,283.8333333333333,0.0,10,0,300
Delhi,2020-10-27,446.3,56.6,108.6,115.8,23.2,6.7,6.78,74.2,64.7,8.07,3.42,8.76,190.2,Moderate,22.541666666666668,40.166666666666664,2.9633333333333334,301.9166666666667,0.0,10,1,301
Delhi,2020-10-28,361.2,345.8,190.1,34.3,203.4,19.5,4.08,65.4,91.6,14.95,14.04,1.55,429.4,Good,22.183333333333334,46.208333333333336,1.9525,254.91666666666666,0.0,10,2,302
Delhi,2020-10-29,105.1,292.7,191.5,111.0,106.2,26.2,4.96,43.7,136.0,4.76,24.76,4.76,28.1,Moderate,22.145833333333332,56.5,1.6358333333333333,156.16666666666666,0.0,10,3,303
Delhi,2020-10-30,47.4,33.6,73.5,42.2,75.3,5.6,4.65,95.2,105.8,6.31,18.27,3.16,24.1,Satisfactory,21.45,56.333333333333336,2.5970833333333334,306.5833333333333,0.0,10,4,304
Delhi,2020-10-31,124.9,325.5,3.3,108.9,170.5,19.2,5.67,14.2,5.3,19.3,5.97,8.6,301.7,Poor,21.2625,45.958333333333336,2.9125,307.4583333333333,0.0,10,5,305
Delhi,2020-11-01,11.6,503.8,29.3,11.8,237.8,47.2,8.69,69.6,186.8,14.54,21.23,3.35,81.3,Severe,20.879166666666666,36.375,2.71625,293.0833333333333,0.0,11,6,306
Delhi,2020-11-02,147.7,180.6,129.0,119.4,92.1,40.7,8.86,56.6,39.0,4.04,6.37,3.84,492.0,Satisfactory,21.029166666666665,35.458333333333336,2.53,283.125,0.0,11,0,307
Delhi,2020-11-03,73.7,514.6,154.6,80.9,83.2,46.7,7.44,28.2,32.7,5.5,29.29,2.32,179.8,Severe,21.129166666666666,38.833333333333336,2.0108333333333333,250.5,0.0,11,1,308
Delhi,2020-11-04,295.7,110.2,68.6,29.1,69.6,43.3,8.42,96.5,166.0,19.07,7.72,7.61,153.0,Satisfactory,20.804166666666667,45.333333333333336,2.5391666666666666,274.3333333333333,0.0,11,2,309
Delhi,2020-11-05,189.7,408.4,106.6,40.2,71.6,16.6,2.47,5.3,121.1,15.42,23.95,0.48,343.5,Severe,21.875,45.875,2.0708333333333333,296.375,0.0,11,3,310
Delhi,2020-11-06,28.6,165.9,49.7,124.4,87.9,15.7,6.84,71.0,147.6,10.21,26.97,0.33,288.8,Severe,21.2375,49.0,2.2808333333333333,290.4166666666667,0.0,11,4,311
Delhi,2020-11-07,83.4,494.7,91.9,79.8,14.3,16.1,0.9,49.7,52.0,7.27,1.41,9.35,89.5,Very Poor,20.6875,47.833333333333336,2.8212499999999996,289.4166666666667,0.0,11,5,312
Delhi,2020-11-08,229.3,298.1,140.7,105.1,70.8,40.2,2.63,64.0,64.3,7.25,5.69,7.4,136.9,Severe,20.133333333333333,55.25,1.7541666666666667,226.08333333333334,0.0,11,6,313
Delhi,2020-11-09,400.9,302.9,200.0,13.0,88.5,33.1,4.15,65.9,64.6,12.13,11.27,7.3,46.7,Severe,20.125,59.958333333333336,1.9091666666666667,183.83333333333334,0.0,11,0,314
Delhi,2020-11-10,10.8,589.0,110.2,73.8,201.0,30.9,4.63,47.0,55.3,4.17,29.27,2.38,389.1,Satisfactory,19.875,65.91666666666667,1.5883333333333332,111.54166666666667,0.0,11,1,315
Delhi,2020-11-11,420.1,46.2,0.5,105.7,217.4,39.6,1.66,56.3,41.1,14.03,23.41,7.2,177.1,Severe,20.099999999999998,66.83333333333333,1.8716666666666668,90.70833333333333,0.0,11,2,316
Delhi,2020-11-12,47.8,330.9,78.6,4.8,167.9,38.3,3.69,89.6,121.9,16.94,2.42,4.53,93.9,Moderate,20.229166666666668,61.708333333333336,1.4729166666666667,86.625,0.0,11,3,317
Delhi,2020-11-13,357.2,546.8,59.4,72.6,136.1,35.2,9.91,80.6,189.8,2.82,20.51,5.39,57.2,Good,20.245833333333334,61.125,1.4433333333333334,255.25,0.0,11,4,318
Delhi,2020-11-14,341.7,259.0,65.3,42.7,134.6,3.2,0.65,89.7,26.2,12.97,19.75,2.85,222.1,Moderate,19.841666666666665,60.291666666666664,1.7504166666666665,192.75,0.0,11,5,319
Delhi,2020-11-15,435.5,264.1,30.5,105.0,94.6,14.3,7.83,0.9,86.2,12.08,6.23,1.78,393.1,Good,20.908333333333335,61.541666666666664,3.5741666666666667,137.91666666666666,4.8,11,6,320
Delhi,2020-11-16,457.6,503.9,72.9,75.3,2.6,42.2,2.58,90.1,60.6,16.92,26.87,3.4,374.9,Poor,19.5125,77.79166666666667,2.549583333333333,121.20833333333333,10.4,11,0,321
Delhi,2020-11-17,59.4,83.5,183.9,31.9,78.7,4.8,9.25,18.4,5.1,9.03,0.2,7.6,411.0,Satisfactory,18.741666666666667,73.91666666666667,2.2875,316.3333333333333,0.0,11,1,322
Delhi,2020-11-18,81.2,412.7,184.3,65.5,0.2,12.8,5.48,69.3,10.5,13.8,9.29,9.54,194.9,Good,17.779166666666665,69.16666666666667,1.9770833333333335,278.25,0.0,11,2,323
Delhi,2020-11-19,89.7,188.2,192.6,132.5,178.9,44.3,2.33,11.6,50.4,2.97,6.82,1.73,266.2,Very Poor,17.0875,65.33333333333333,1.7162499999999998,228.16666666666666,0.0,11,3,324
Delhi,2020-11-20,317.3,364.3,91.5,85.8,247.7,15.0,3.05,41.9,52.3,12.79,18.21,1.64,315.6,Moderate,16.470833333333335,60.375,2.939583333333333,313.7916666666667,0.0,11,4,325
Delhi,2020-11-21,155.6,66.0,146.0,140.7,99.4,19.8,9.83,87.8,190.1,0.82,20.2,9.16,417.0,Severe,16.279166666666665,54.0,3.8837499999999996,296.0,0.0,11,5,326
Delhi,2020-11-22,248.1,330.4,135.1,75.9,150.8,16.4,0.67,63.5,34.2,9.38,18.82,6.96,387.3,Moderate,15.554166666666667,56.416666666666664,2.6770833333333335,294.7083333333333,0.0,11,6,327
Delhi,2020-11-23,193.8,489.1,28.9,130.8,87.7,10.8,3.14,14.4,22.2,17.67,22.08,5.39,87.6,Satisfactory,15.4375,63.458333333333336,1.3825,151.66666666666666,0.0,11,0,328
Delhi,2020-11-24,361.3,387.3,124.3,73.5,26.0,30.8,8.06,47.8,35.3,4.85,24.35,0.67,367.0,Very Poor,15.745833333333332,64.91666666666667,1.7170833333333333,94.25,0.0,11,1,329
Delhi,2020-11-25,60.8,249.9,80.8,60.1,192.7,10.5,5.22,33.4,158.2,16.05,14.19,8.58,477.0,Very Poor,16.712500000000002,65.25,2.2720833333333332,76.0,0.0,11,2,330
Delhi,2020-11-26,481.5,89.8,74.7,109.4,172.5,39.5,4.36,45.7,51.1,2.28,13.48,7.5,386.7,Good,17.304166666666667,68.20833333333333,2.3945833333333333,136.45833333333334,0.6000000000000001,11,3,331
Delhi,2020-11-27,442.7,471.5,21.4,59.8,246.1,49.5,0.73,66.6,96.2,13.48,3.49,7.77,84.5,Poor,17.291666666666668,67.875,3.3049999999999997,310.3333333333333,0.0,11,4,332
Delhi,2020-11-28,203.1,18.4,99.4,36.7,140.3,16.0,3.82,1.9,144.9,7.43,21.96,3.72,399.8,Good,16.233333333333334,65.95833333333333,3.0854166666666667,291.2916666666667,0.0,11,5,333
Delhi,2020-11-29,368.4,200.8,186.0,7.0,21.8,1.6,8.09,41.5,86.8,6.29,19.44,0.94,196.8,Poor,15.308333333333332,67.33333333333333,2.2504166666666667,297.75,0.0,11,6,334
Delhi,2020-11-30,316.6,463.8,142.1,69.8,172.1,19.9,3.41,100.0,86.8,3.91,16.74,4.05,46.8,Severe,15.904166666666667,69.0,2.0475,298.7916666666667,0.0,11,0,335
Delhi,2020-12-01,390.7,104.4,42.2,85.5,88.9,35.0,8.83,24.9,38.6,15.52,7.0,0.16,206.8,Very Poor,16.279166666666665,72.16666666666667,2.0770833333333334,297.4166666666667,0.0,12,1,336
Delhi,2020-12-02,462.0,310.7,116.9,42.3,95.0,35.5,8.29,44.3,51.0,1.92,11.11,3.64,442.8,Good,17.566666666666666,68.375,2.689583333333333,287.0,0.0,12,2,337
Delhi,2020-12-03,366.2,533.4,136.2,56.4,101.3,38.9,1.3,7.8,60.8,1.29,27.79,8.46,164.8,Moderate,17.95,69.0,1.5587499999999999,280.5,0.0,12,3,338
Delhi,2020-12-04,485.2,14.0,91.8,132.2,24.7,23.1,7.01,98.9,170.3,17.67,9.76,6.23,267.2,Satisfactory,17.908333333333335,69.125,1.9820833333333334,116.04166666666667,0.0,12,4,339
Delhi,2020-12-05,235.0,121.3,58.0,55.5,94.5,6.9,4.44,6.3,66.1,10.94,20.76,4.41,182.7,Very Poor,18.6125,70.41666666666667,2.7095833333333332,114.58333333333333,0.0,12,5,340
Delhi,2020-12-06,403.0,563.5,152.5,54.3,94.9,25.7,9.98,6.0,51.0,18.22,2.58,6.87,135.8,Satisfactory,18.599999999999998,74.41666666666667,1.87625,194.375,0.0,12,6,341
Delhi,2020-12-07,42.0,198.2,137.1,140.6,146.7,20.3,1.79,19.5,42.4,6.52,12.05,1.43,312.3,Satisfactory,18.204166666666666,76.33333333333333,2.5954166666666665,296.5416666666667,0.0,12,0,342
Delhi,2020-12-08,433.0,387.5,165.7,14.6,236.2,39.0,1.56,26.5,83.9,1.03,19.98,6.09,428.0,Good,17.691666666666666,75.54166666666667,1.8304166666666666,185.375,0.0,12,1,343
Delhi,2020-12-09,58.4,386.7,62.4,71.2,119.7,35.4,8.99,5.9,198.7,13.36,16.36,9.05,291.4,Satisfactory,18.291666666666668,73.125,1.7,273.5833333333333,0.0,12,2,344
Delhi,2020-12-10,39.3,300.9,91.6,28.3,92.0,0.1,8.94,80.7,54.4,6.44,21.23,3.33,13.1,Moderate,18.195833333333333,71.20833333333333,2.1391666666666667,300.5,0.0,12,3,345
Delhi,2020-12-11,423.3,459.4,53.9,90.3,243.1,46.9,3.03,10.9,30.4,1.95,6.21,7.08,17.1,Severe,18.604166666666668,72.04166666666667,1.7045833333333331,179.0,0.3,12,4,346
Delhi,2020-12-12,285.4,5.3,88.2,14.3,242.8,47.3,3.52,11.3,93.4,17.62,6.78,6.74,484.9,Satisfactory,17.729166666666668,83.54166666666667,1.64625,145.79166666666666,0.6000000000000001,12,5,347
Delhi,2020-12-13,13.4,296.1,195.9,98.2,131.9,47.7,0.83,36.4,191.5,11.53,9.45,9.88,156.7,Very Poor,14.924999999999999,70.54166666666667,2.9183333333333334,313.4166666666667,0.0,12,6,348
Delhi,2020-12-14,403.3,405.0,160.1,108.1,218.7,28.6,7.65,20.7,19.0,2.64,5.43,0.25,250.3,Very Poor,12.320833333333333,74.41666666666667,2.580833333333333,319.25,0.0,12,0,349
Delhi,2020-12-15,220.6,287.9,91.3,132.2,49.7,24.6,0.57,34.0,15.0,8.58,2.46,7.11,420.0,Good,11.0625,75.20833333333333,2.2070833333333333,327.5833333333333,0.0,12,1,350
Delhi,2020-12-16,56.7,196.9,174.2,41.1,13.3,12.7,1.98,83.5,8.9,15.78,11.08,0.67,81.6,Satisfactory,11.270833333333334,72.875,2.7916666666666665,316.6666666666667,0.0,12,2,351
Delhi,2020-12-17,84.2,35.3,28.2,98.2,214.8,31.2,4.67,25.0,70.6,13.14,16.01,3.23,281.1,Poor,10.170833333333333,67.58333333333333,3.7670833333333333,301.5416666666667,0.0,12,3,352
Delhi,2020-12-18,462.3,54.0,63.5,57.6,23.8,16.2,0.94,90.1,19.9,6.53,8.93,2.75,498.6,Good,11.0875,60.041666666666664,3.7983333333333333,295.1666666666667,0.0,12,4,353
Delhi,2020-12-19,47.4,104.5,193.9,137.3,192.5,39.3,9.16,48.3,168.6,6.67,3.87,6.63,415.2,Satisfactory,12.116666666666667,61.541666666666664,3.44875,293.4583333333333,0.0,12,5,354
Delhi,2020-12-20,74.6,468.3,0.1,21.0,204.6,3.0,6.37,29.1,114.9,14.71,28.56,6.75,364.5,Good,13.183333333333332,64.04166666666667,3.1670833333333337,293.3333333333333,0.0,12,6,355
Delhi,2020-12-21,339.1,258.7,198.3,70.4,190.9,35.6,3.94,94.7,5.5,7.14,22.56,5.61,97.0,Satisfactory,12.895833333333334,73.0,2.2429166666666664,304.4583333333333,0.0,12,0,356
Delhi,2020-12-22,378.5,573.1,136.0,75.7,232.4,25.3,1.06,71.6,142.6,4.99,19.23,2.37,483.9,Satisfactory,13.483333333333334,76.20833333333333,1.89125,292.7083333333333,0.0,12,1,357
Delhi,2020-12-23,285.9,35.8,147.7,12.0,71.4,25.6,0.07,98.5,183.2,4.05,3.05,2.19,230.8,Moderate,13.154166666666667,78.79166666666667,1.7579166666666666,298.0416666666667,0.0,12,2,358
Delhi,2020-12-24,233.0,578.3,131.9,106.7,158.0,28.4,2.46,9.4,102.6,2.86,10.51,3.84,29.0,Poor,13.2125,71.58333333333333,2.4216666666666664,323.375,0.0,12,3,359
Delhi,2020-12-25,27.1,293.9,109.0,98.4,81.8,27.2,7.56,22.1,47.7,2.14,16.47,1.15,178.4,Good,13.020833333333334,70.41666666666667,2.5158333333333336,309.5833333333333,0.0,12,4,360
Delhi,2020-12-26,199.9,220.2,164.4,83.2,168.1,15.8,8.34,99.6,116.8,9.42,14.01,4.72,135.4,Moderate,12.483333333333334,74.125,2.5100000000000002,258.9166666666667,0.0,12,5,361
Delhi,2020-12-27,16.1,494.4,164.4,3.7,216.2,37.0,6.04,86.0,79.5,3.15,28.73,3.0,415.8,Good,14.279166666666667,70.75,2.3958333333333335,149.54166666666666,0.3,12,6,362
Delhi,2020-12-28,418.0,448.4,48.8,128.2,98.4,19.9,3.38,73.3,76.9,19.69,22.83,1.95,401.5,Satisfactory,12.137500000000001,57.083333333333336,3.0725,336.5833333333333,0.0,12,0,363
Delhi,2020-12-29,243.1,338.2,49.6,7.2,118.3,38.1,1.85,60.3,6.5,5.41,17.13,3.36,139.8,Satisfactory,10.4,68.70833333333333,3.1879166666666667,319.6666666666667,0.0,12,1,364
Delhi,2020-12-30,107.2,595.4,97.0,4.9,241.1,39.3,3.83,49.3,84.9,10.04,15.49,9.68,281.9,Satisfactory,9.6875,78.29166666666667,2.8066666666666666,314.9583333333333,0.0,12,2,365
Delhi,2020-12-31,393.6,200.5,161.9,113.3,215.1,2.4,3.44,1.5,11.0,1.55,9.7,6.79,309.8,Satisfactory,9.770833333333334,81.95833333333333,2.4229166666666666,294.9166666666667,0.0,12,3,366
Delhi,2021-01-01,200.0,289.0,58.8,127.0,202.7,16.6,6.58,31.4,107.0,10.43,22.51,6.61,152.7,Very Poor,10.179166666666667,78.83333333333333,1.5116666666666667,166.41666666666666,0.0,1,4,1
Delhi,2021-01-02,383.7,576.1,106.1,125.4,187.1,15.1,7.97,66.3,119.5,7.92,3.52,5.95,326.4,Poor,13.545833333333334,72.20833333333333,2.4425,95.91666666666667,2.2,1,5,2
Delhi,2021-01-03,187.2,109.9,187.0,137.5,180.9,47.0,2.47,40.8,37.9,10.13,1.94,1.07,390.2,Severe,15.924999999999999,83.70833333333333,4.01625,116.58333333333333,11.1,1,6,3
Delhi,2021-01-04,180.0,479.7,37.8,105.9,219.7,9.6,8.2,94.5,14.9,8.46,3.94,9.09,61.6,Very Poor,16.675,88.04166666666667,2.5520833333333335,125.33333333333333,5.0,1,0,4
Delhi,2021-01-05,79.8,346.1,123.3,27.5,233.3,38.5,0.23,80.6,18.4,10.34,28.69,4.48,410.5,Good,17.591666666666665,83.54166666666667,2.7470833333333338,92.625,2.3000000000000003,1,1,5
Delhi,2021-01-06,357.8,131.3,129.4,15.4,168.4,42.9,9.25,68.8,148.6,13.55,16.43,5.55,273.6,Very Poor,17.554166666666667,86.08333333333333,2.2375000000000003,165.33333333333334,3.1,1,2,6
Delhi,2021-01-07,146.0,192.3,100.3,66.1,162.9,46.0,6.72,65.8,11.5,14.43,12.57,0.82,448.2,Moderate,14.9,86.125,2.4741666666666666,294.0,0.0,1,3,7
Delhi,2021-01-08,316.1,364.5,193.6,29.8,99.3,38.1,0.94,0.5,149.1,8.16,27.58,6.31,244.4,Poor,13.316666666666668,86.66666666666667,1.7837500000000002,235.625,0.0,1,4,8
Delhi,2021-01-09,457.2,44.2,78.6,141.5,55.0,36.0,5.81,21.1,26.1,17.97,22.45,1.11,482.6,Very Poor,14.987499999999999,81.29166666666667,3.359583333333333,318.6666666666667,0.1,1,5,9
Delhi,2021-01-10,354.1,323.3,63.5,20.2,211.0,49.9,4.88,30.0,76.0,1.52,8.49,9.86,475.9,Severe,12.408333333333333,75.375,3.828333333333333,304.2083333333333,0.0,1,6,10
Delhi,2021-01-11,412.7,404.6,50.2,103.2,94.1,21.7,0.62,71.1,170.0,15.66,15.58,4.03,265.6,Poor,11.395833333333334,82.29166666666667,3.7604166666666665,300.5833333333333,0.0,1,0,11
Delhi,2021-01-12,147.3,217.6,69.4,14.8,94.5,27.2,0.77,38.3,7.1,16.49,1.63,6.14,250.9,Very Poor,11.1,80.875,2.9133333333333336,286.125,0.0,1,1,12
Delhi,2021-01-13,371.2,413.9,192.2,62.8,42.3,11.4,0.88,66.6,34.5,3.16,0.94,7.66,18.8,Moderate,10.6625,80.29166666666667,2.715,293.5,0.0,1,2,13
Delhi,2021-01-14,476.9,337.9,135.0,22.8,218.1,24.1,7.21,63.7,96.5,10.73,1.61,5.7,195.7,Moderate,10.904166666666667,81.875,1.6129166666666668,141.79166666666666,0.0,1,3,14
Delhi,2021-01-15,228.1,79.2,136.9,43.8,200.7,31.1,7.14,93.9,83.1,4.02,28.28,5.45,413.4,Moderate,11.666666666666666,84.79166666666667,1.3225,151.91666666666666,0.0,1,4,15
Delhi,2021-01-16,340.6,108.0,154.4,103.2,27.7,34.6,6.54,82.7,183.9,1.12,20.74,8.6,273.5,Good,9.816666666666666,88.95833333333333,2.2358333333333333,298.25,0.0,1,5,16
Delhi,2021-01-17,178.6,12.5,71.6,134.5,122.2,3.9,8.36,51.9,110.7,14.5,0.88,0.75,380.4,Satisfactory,11.15,84.58333333333333,2.9145833333333333,97.33333333333333,0.0,1,6,17
Delhi,2021-01-18,335.2,258.8,128.9,124.8,173.0,21.2,6.09,23.3,129.1,17.94,19.06,4.97,455.1,Very Poor,13.25,86.375,2.56875,75.66666666666667,2.0,1,0,18
Delhi,2021-01-19,363.5,244.6,44.9,14.8,154.7,27.5,4.14,98.4,166.2,9.6,5.28,3.6,53.2,Moderate,14.479166666666666,86.66666666666667,2.737083333333333,298.875,0.0,1,1,19
Delhi,2021-01-20,3.3,507.2,184.7,67.1,16.0,35.2,5.16,28.7,178.2,11.88,25.33,0.76,430.9,Severe,14.245833333333332,84.125,4.112916666666667,284.2083333333333,0.0,1,2,20
Delhi,2021-01-21,392.9,580.8,96.0,137.5,110.9,36.4,0.46,2.4,159.5,8.42,1.81,6.41,26.2,Moderate,13.4,77.83333333333333,3.9645833333333336,281.1666666666667,0.0,1,3,21
Delhi,2021-01-22,280.4,202.0,103.0,7.6,72.3,16.8,3.01,44.2,127.3,16.57,2.0,2.42,173.6,Severe,12.891666666666666,79.79166666666667,2.3558333333333334,116.25,0.0,1,4,22
Delhi,2021-01-23,408.6,554.9,30.1,139.1,235.6,3.6,6.66,55.2,38.9,1.94,14.33,0.91,492.3,Moderate,13.9625,78.66666666666667,3.284166666666667,125.95833333333333,0.1,1,5,23
Delhi,2021-01-24,493.2,434.0,86.6,74.7,16.2,22.7,3.22,46.9,27.9,1.74,24.98,6.07,491.9,Satisfactory,12.895833333333334,81.83333333333333,2.4966666666666666,290.5833333333333,0.2,1,6,24
Delhi,2021-01-25,391.9,595.5,52.1,34.9,28.0,12.1,2.34,5.7,191.9,17.19,20.77,9.45,246.5,Poor,11.424999999999999,81.875,2.1620833333333334,303.7916666666667,0.0,1,0,25
Delhi,2021-01-26,108.9,397.6,122.1,41.8,79.3,49.1,6.53,65.1,160.4,19.14,7.03,0.08,169.0,Satisfactory,11.516666666666666,79.41666666666667,2.5366666666666666,293.75,0.0,1,1,26
Delhi,2021-01-27,182.4,529.3,91.2,121.6,35.1,7.7,4.85,79.0,89.5,14.06,0.48,4.32,336.0,Satisfactory,11.333333333333334,76.75,2.8829166666666666,300.0833333333333,0.0,1,2,27
Delhi,2021-01-28,65.0,168.6,181.1,47.9,87.2,20.6,6.34,39.6,107.5,13.91,16.41,7.23,447.1,Severe,10.583333333333334,79.0,2.2466666666666666,320.3333333333333,0.0,1,3,28
Delhi,2021-01-29,242.4,458.8,163.4,108.5,128.0,14.8,9.82,66.5,179.1,1.97,3.63,0.01,61.9,Good,11.554166666666667,75.58333333333333,2.8833333333333333,290.3333333333333,0.0,1,4,29
Delhi,2021-01-30,41.7,501.3,83.5,146.9,22.6,6.5,4.58,39.4,105.4,4.18,13.95,2.67,263.2,Good,12.029166666666667,70.5,3.377916666666667,284.25,0.0,1,5,30
Delhi,2021-01-31,133.8,580.0,186.8,59.2,245.1,6.5,7.5,24.6,21.7,13.17,15.94,0.03,80.3,Poor,12.116666666666667,69.125,2.120416666666667,241.70833333333334,0.0,1,6,31
Delhi,2021-02-01,78.8,105.3,122.3,78.1,76.9,0.5,6.88,67.9,46.2,16.98,27.45,8.21,424.7,Moderate,13.566666666666668,76.95833333333333,1.8308333333333333,208.29166666666666,0.0,2,0,32
Delhi,2021-02-02,115.5,178.0,35.6,147.3,229.7,31.0,6.16,40.4,135.8,13.74,1.03,0.81,339.8,Satisfactory,14.329166666666666,76.04166666666667,1.76875,209.0,0.0,2,1,33
Delhi,2021-02-03,117.3,392.2,142.5,41.7,179.0,24.3,6.23,21.2,9.6,1.96,29.72,0.87,52.1,Very Poor,16.658333333333335,76.04166666666667,3.2137499999999997,115.16666666666667,0.0,2,2,34
Delhi,2021-02-04,309.2,150.5,148.4,129.2,239.2,8.3,3.39,90.3,87.2,2.71,15.07,2.27,320.1,Poor,15.579166666666666,80.58333333333333,2.8295833333333333,160.29166666666666,12.0,2,3,35
Delhi,2021-02-05,307.4,257.0,188.3,5.4,236.9,34.2,0.33,80.2,17.8,15.82,12.37,0.0,93.5,Severe,13.5625,83.33333333333333,2.3454166666666665,327.8333333333333,0.0,2,4,36
Delhi,2021-02-06,121.1,111.7,16.2,120.2,146.3,8.6,4.02,30.7,142.7,13.41,15.52,9.98,70.2,Good,13.891666666666666,75.29166666666667,3.169583333333333,308.9166666666667,0.0,2,5,37
Delhi,2021-02-07,78.6,198.1,169.9,120.8,164.3,14.8,7.0,33.7,167.5,13.05,7.46,1.03,155.0,Poor,14.479166666666666,74.125,3.4791666666666665,296.4166666666667,0.0,2,6,38
Delhi,2021-02-08,362.5,532.5,140.2,31.0,80.0,42.2,9.31,74.9,0.3,14.57,29.25,4.21,475.2,Very Poor,14.633333333333333,78.54166666666667,2.37625,296.875,0.0,2,0,39
Delhi,2021-02-09,469.7,512.2,104.2,25.3,113.9,43.4,7.8,76.1,22.3,2.03,28.18,3.9,156.8,Moderate,16.079166666666666,74.41666666666667,2.4291666666666667,240.04166666666666,0.0,2,1,40
Delhi,2021-02-10,214.2,156.7,13.6,70.9,22.5,15.3,3.65,46.1,169.0,6.19,16.92,5.59,266.4,Poor,17.170833333333334,76.25,1.9458333333333335,216.08333333333334,0.0,2,2,41
Delhi,2021-02-11,156.1,40.5,19.6,72.0,209.8,15.1,5.28,25.3,112.8,5.04,7.35,4.64,168.8,Very Poor,16.504166666666666,78.08333333333333,1.9937500000000001,281.4166666666667,0.0,2,3,42
Delhi,2021-02-12,339.3,230.4,195.2,118.1,248.6,33.2,8.25,33.3,26.7,6.36,22.2,0.08,371.4,Severe,16.829166666666666,79.25,1.8204166666666666,307.6666666666667,0.0,2,4,43
Delhi,2021-02-13,347.9,208.6,187.7,92.1,19.9,18.2,4.63,15.4,151.5,7.42,17.46,7.78,54.4,Very Poor,16.083333333333332,82.20833333333333,1.70375,267.4166666666667,0.0,2,5,44
Delhi,2021-02-14,40.0,594.6,31.8,41.1,2.6,30.8,6.27,0.3,52.1,3.89,0.17,4.74,370.3,Moderate,17.270833333333332,75.83333333333333,1.4770833333333335,223.5,0.0,2,6,45
Delhi,2021-02-15,3.4,354.3,158.1,109.8,1.4,28.8,8.79,57.7,142.4,15.66,23.84,9.95,76.9,Good,18.395833333333332,73.25,1.4470833333333333,151.45833333333334,0.0,2,0,46
Delhi,2021-02-16,204.5,312.4,109.7,55.9,101.5,38.8,7.88,56.9,121.1,3.33,11.69,0.7,423.8,Moderate,18.325,74.75,1.83375,193.79166666666666,0.0,2,1,47
Delhi,2021-02-17,409.7,406.0,6.1,75.0,8.4,1.1,0.73,47.1,181.5,6.66,27.91,8.97,306.3,Satisfactory,17.695833333333333,74.75,1.95875,335.6666666666667,0.0,2,2,48
Delhi,2021-02-18,78.2,508.9,127.2,61.5,84.5,30.8,8.17,65.3,54.9,14.44,3.22,1.07,352.5,Good,17.75,74.08333333333333,1.8791666666666667,318.75,0.0,2,3,49
Delhi,2021-02-19,204.1,11.3,175.5,26.1,23.7,39.4,5.15,57.9,132.8,15.77,19.04,3.95,311.9,Very Poor,17.433333333333334,76.54166666666667,2.1475,321.9166666666667,0.0,2,4,50
Delhi,2021-02-20,44.4,419.3,133.5,82.8,106.6,46.6,4.8,81.4,148.5,8.24,22.0,1.4,447.5,Satisfactory,17.629166666666666,72.58333333333333,2.4179166666666667,307.0833333333333,0.0,2,5,51
Delhi,2021-02-21,345.7,13.7,1.8,122.7,160.5,14.3,7.25,29.1,78.9,6.46,20.33,5.32,205.8,Severe,18.345833333333335,69.91666666666667,2.879583333333333,296.4583333333333,0.0,2,6,52
Delhi,2021-02-22,237.5,336.0,5.0,50.6,225.9,17.4,5.52,28.8,141.8,14.07,0.2,9.09,322.0,Very Poor,19.162499999999998,69.04166666666667,3.049583333333333,292.5416666666667,0.0,2,0,53
Delhi,2021-02-23,295.4,308.6,89.6,144.7,72.4,18.9,9.61,30.8,26.1,15.09,26.25,0.24,468.1,Moderate,20.375,63.416666666666664,2.2504166666666667,241.125,0.0,2,1,54
Delhi,2021-02-24,288.3,560.5,73.4,47.2,126.8,27.2,0.58,86.7,113.7,5.49,4.74,5.56,250.2,Good,21.195833333333333,65.08333333333333,2.1983333333333333,239.54166666666666,0.0,2,2,55
Delhi,2021-02-25,321.8,281.6,156.4,3.7,113.3,40.5,3.6,52.4,3.5,5.2,8.62,7.52,106.8,Satisfactory,21.575,64.20833333333333,2.7220833333333334,294.0,0.0,2,3,56
Delhi,2021-02-26,15.6,354.2,158.8,31.0,142.1,17.2,4.69,19.6,55.8,14.51,22.14,9.14,325.1,Poor,22.691666666666666,60.083333333333336,3.1795833333333334,263.5,0.0,2,4,57
Delhi,2021-02-27,227.9,123.9,139.5,124.2,183.4,5.8,9.71,28.3,39.0,2.37,9.41,9.32,240.8,Severe,23.52916666666667,46.75,2.7641666666666667,214.54166666666666,0.0,2,5,58
Delhi,2021-02-28,192.8,210.7,3.7,49.7,40.3,42.3,7.0,38.0,151.7,6.46,29.12,9.9,249.0,Poor,21.7375,52.958333333333336,2.4720833333333334,230.79166666666666,0.0,2,6,59
Delhi,2021-03-01,436.8,37.8,197.0,55.3,115.4,20.5,8.66,63.1,32.6,8.89,5.39,5.62,160.5,Poor,20.079166666666666,48.5,3.4966666666666666,291.25,0.0,3,0,60
Delhi,2021-03-02,245.8,30.0,49.0,45.6,187.2,27.5,3.24,25.7,106.6,13.79,22.55,2.03,457.4,Severe,20.433333333333334,42.458333333333336,4.8125,297.6666666666667,0.0,3,1,61
Delhi,2021-03-03,367.6,184.7,41.8,19.4,203.3,25.0,4.34,20.1,126.0,13.63,9.29,5.29,257.2,Satisfactory,21.508333333333336,42.833333333333336,3.689583333333333,289.125,0.0,3,2,62
Delhi,2021-03-04,60.4,294.2,75.7,77.1,94.8,9.9,0.05,25.8,119.8,10.89,12.18,7.65,231.9,Moderate,22.125,53.541666666666664,1.4416666666666667,170.79166666666666,0.0,3,3,63
Delhi,2021-03-05,243.9,563.1,153.6,125.9,171.7,20.8,0.36,41.1,75.0,17.46,11.12,1.56,36.6,Satisfactory,22.433333333333334,46.5,4.29,311.625,0.0,3,4,64
Delhi,2021-03-06,202.1,76.4,73.3,28.3,243.5,37.4,4.3,77.5,74.7,9.56,24.52,8.58,246.9,Poor,22.2625,45.291666666666664,3.4233333333333333,287.7083333333333,0.0,3,5,65
Delhi,2021-03-07,74.2,9.9,5.7,145.2,111.2,37.9,9.93,98.7,165.5,11.26,27.02,8.22,67.6,Satisfactory,23.90833333333333,47.5,2.9904166666666665,113.75,0.0,3,6,66
Delhi,2021-03-08,369.2,257.0,71.0,109.3,114.9,2.4,6.73,9.6,84.9,16.93,14.13,0.77,405.3,Poor,24.329166666666666,52.916666666666664,4.131666666666667,99.25,0.0,3,0,67
Delhi,2021-03-09,474.0,512.0,98.3,123.7,165.0,26.7,2.73,21.6,141.1,16.12,11.31,5.31,416.8,Poor,24.270833333333332,63.083333333333336,2.0816666666666666,117.5,0.0,3,1,68
Delhi,2021-03-10,341.3,465.9,92.3,8.7,2.9,42.6,0.44,49.4,9.0,14.51,23.31,8.95,375.6,Poor,23.287499999999998,65.91666666666667,2.0195833333333333,240.70833333333334,0.2,3,2,69
Delhi,2021-03-11,289.4,189.6,16.2,52.8,40.9,28.9,7.05,39.5,119.6,19.84,12.3,6.38,139.3,Poor,24.083333333333332,57.0,1.84375,119.33333333333333,0.0,3,3,70
Delhi,2021-03-12,21.3,102.7,169.4,136.3,180.8,17.5,3.99,46.4,1.8,12.42,28.2,9.09,341.4,Satisfactory,22.679166666666664,59.0,2.685416666666667,103.875,0.7,3,4,71
Delhi,2021-03-13,411.6,13.6,90.1,79.2,155.0,47.6,5.61,18.7,192.7,18.2,7.65,5.09,58.8,Good,22.795833333333334,63.958333333333336,1.9158333333333333,263.5833333333333,0.0,3,5,72
Delhi,2021-03-14,92.8,209.4,45.6,23.9,73.5,28.3,6.03,97.6,104.9,11.17,4.78,4.9,364.4,Good,22.883333333333336,52.333333333333336,2.9004166666666666,308.8333333333333,0.0,3,6,73
Delhi,2021-03-15,443.4,335.9,11.7,2.2,46.1,21.6,3.95,63.7,24.2,12.95,11.05,2.04,427.7,Moderate,23.791666666666668,52.75,3.1141666666666663,300.875,0.0,3,0,74
Delhi,2021-03-16,218.5,482.4,194.2,23.1,235.8,31.3,2.46,66.8,60.9,2.02,29.71,4.11,369.7,Severe,24.108333333333334,48.875,3.1283333333333334,304.5833333333333,0.0,3,1,75
Delhi,2021-03-17,245.3,235.9,147.0,3.4,88.9,21.7,2.49,81.8,51.9,3.73,14.33,1.22,274.9,Severe,24.629166666666666,45.625,2.6666666666666665,321.0,0.0,3,2,76
Delhi,2021-03-18,327.5,16.2,35.1,88.9,244.6,11.9,4.18,29.1,83.6,8.76,2.68,2.19,15.1,Good,24.308333333333334,51.0,2.2399999999999998,306.5833333333333,0.0,3,3,77
Delhi,2021-03-19,40.2,36.5,167.0,69.7,46.1,33.8,8.16,66.8,8.1,18.93,12.89,8.13,303.8,Good,24.349999999999998,53.625,2.2641666666666667,258.9166666666667,0.2,3,4,78
Delhi,2021-03-20,315.7,476.4,188.2,125.8,245.2,11.0,7.71,67.8,6.3,19.19,24.82,4.24,198.0,Moderate,24.504166666666666,46.75,3.157083333333333,300.5,0.0,3,5,79
Delhi,2021-03-21,404.1,164.7,131.9,70.4,71.7,31.9,7.88,27.9,35.1,16.89,20.89,9.23,223.8,Satisfactory,24.95,47.625,2.4925,190.41666666666666,0.0,3,6,80
Delhi,2021-03-22,498.8,167.4,8.4,126.1,178.9,27.0,5.26,66.8,158.5,5.29,14.66,3.24,316.3,Moderate,24.400000000000002,52.166666666666664,3.1633333333333336,116.95833333333333,0.2,3,0,81
Delhi,2021-03-23,91.0,582.5,44.8,114.3,76.2,12.3,4.12,84.0,156.7,9.21,23.49,7.65,163.7,Good,24.3125,52.916666666666664,2.6870833333333333,141.54166666666666,0.7000000000000001,3,1,82
Delhi,2021-03-24,354.8,594.5,87.0,21.4,80.3,26.8,1.26,95.3,112.1,11.96,14.11,2.71,332.4,Moderate,23.775000000000002,47.541666666666664,2.6033333333333335,324.4583333333333,0.0,3,2,83
Delhi,2021-03-25,329.1,196.3,6.0,43.6,185.7,16.9,6.7,0.5,11.9,0.82,13.32,1.22,189.2,Good,23.55,41.166666666666664,4.520416666666667,303.375,0.0,3,3,84
Delhi,2021-03-26,478.4,263.2,62.8,67.0,229.7,38.1,2.6,53.9,53.1,2.14,15.52,7.35,143.6,Severe,23.412499999999998,47.0,3.7379166666666666,299.9583333333333,0.0,3,4,85
Delhi,2021-03-27,280.2,484.9,82.7,59.7,218.5,45.8,2.59,47.7,84.1,3.45,24.57,8.25,264.6,Poor,24.916666666666668,49.416666666666664,2.15,275.25,0.0,3,5,86
Delhi,2021-03-28,373.5,308.3,187.3,51.0,63.8,31.2,5.16,66.6,139.6,18.15,21.89,1.03,292.7,Moderate,27.066666666666666,48.041666666666664,1.8858333333333333,239.41666666666666,0.0,3,6,87
Delhi,2021-03-29,431.8,411.4,181.4,59.3,60.2,13.8,1.73,48.3,42.5,12.24,4.06,7.33,96.3,Satisfactory,28.474999999999998,42.333333333333336,2.0716666666666668,155.125,0.0,3,0,88
Delhi,2021-03-30,174.1,138.8,165.2,55.1,71.9,33.9,0.63,62.5,89.8,7.56,23.49,3.5,456.6,Moderate,29.2,35.791666666666664,5.189583333333333,262.4166666666667,0.0,3,1,89
Delhi,2021-03-31,204.0,223.0,102.9,145.1,102.2,13.9,5.63,10.0,115.0,15.22,11.0,7.37,304.4,Satisfactory,27.670833333333334,23.25,5.836666666666667,300.9166666666667,0.0,3,2,90
Delhi,2021-04-01,409.7,127.0,55.7,17.0,79.7,43.5,1.57,35.9,134.9,15.47,28.66,3.79,372.4,Good,26.129166666666666,15.708333333333334,5.89875,300.1666666666667,0.0,4,3,91
Delhi,2021-04-02,315.1,221.1,25.5,106.6,155.1,12.1,7.95,17.8,59.7,5.37,5.44,2.62,3.2,Severe,25.079166666666666,17.75,3.3225,309.9583333333333,0.0,4,4,92
Delhi,2021-04-03,357.1,118.7,131.3,29.3,176.2,19.4,2.83,90.2,93.7,1.25,22.26,7.33,251.8,Good,24.666666666666668,21.833333333333332,2.48875,251.25,0.0,4,5,93
Delhi,2021-04-04,302.2,307.0,57.9,40.9,134.5,7.9,6.05,28.5,118.7,12.55,27.7,5.55,471.8,Poor,26.208333333333332,24.666666666666668,2.970833333333333,311.25,0.0,4,6,94
Delhi,2021-04-05,446.7,238.0,182.9,94.4,127.3,8.6,6.61,52.3,6.3,15.7,15.56,2.78,250.9,Good,28.583333333333332,28.958333333333332,2.7770833333333336,103.29166666666667,0.0,4,0,95
Delhi,2021-04-06,79.8,423.5,17.5,23.0,27.4,1.3,6.21,50.2,125.2,12.21,6.59,0.75,353.8,Good,29.770833333333332,29.958333333333332,2.8441666666666667,105.20833333333333,0.0,4,1,96
Delhi,2021-04-07,161.4,16.7,67.7,98.4,192.4,1.8,6.56,32.6,37.5,0.65,6.56,9.09,322.5,Satisfactory,28.495833333333334,31.833333333333332,2.9491666666666667,265.2916666666667,0.0,4,2,97
Delhi,2021-04-08,102.6,334.3,55.9,82.1,63.0,48.3,7.69,32.6,129.5,11.71,23.12,3.0,35.3,Very Poor,27.0,26.166666666666668,3.17625,311.375,0.0,4,3,98
Delhi,2021-04-09,406.7,265.0,22.6,89.6,125.4,4.2,5.57,39.9,140.2,17.14,16.93,3.39,144.0,Good,26.691666666666666,23.416666666666668,3.0595833333333338,293.375,0.0,4,4,99
Delhi,2021-04-10,434.8,175.9,31.2,141.4,241.7,47.6,2.79,57.0,138.8,17.37,21.25,8.62,190.5,Moderate,28.041666666666668,19.458333333333332,3.182916666666667,314.0833333333333,0.0,4,5,100
Delhi,2021-04-11,404.5,162.3,12.1,11.3,17.9,9.2,4.9,2.6,82.7,5.19,10.09,7.94,471.1,Good,28.795833333333334,21.25,2.8495833333333334,319.9583333333333,0.0,4,6,101
Delhi,2021-04-12,32.9,219.3,87.8,69.3,2.9,34.2,4.8,90.3,120.7,11.24,14.58,6.73,434.5,Moderate,29.579166666666666,21.041666666666668,2.7133333333333334,267.4166666666667,0.0,4,0,102
Delhi,2021-04-13,69.6,427.9,168.9,57.2,49.0,23.8,7.82,42.5,196.3,5.74,19.93,1.66,425.3,Moderate,30.291666666666668,22.666666666666668,3.4250000000000003,284.5416666666667,0.0,4,1,103
Delhi,2021-04-14,224.3,566.6,64.7,132.9,77.1,29.3,2.73,74.9,23.6,17.69,22.88,5.49,112.0,Good,30.63333333333333,22.541666666666668,3.76,295.5416666666667,0.0,4,2,104
Delhi,2021-04-15,476.3,580.5,81.2,14.0,44.9,37.6,0.65,57.8,163.8,9.11,4.38,6.3,186.9,Good,30.8875,19.833333333333332,2.88875,292.5416666666667,0.0,4,3,105
Delhi,2021-04-16,492.7,587.1,33.1,124.2,133.3,7.8,3.69,85.5,46.6,2.18,18.49,3.63,424.0,Very Poor,29.175,33.708333333333336,2.8441666666666667,254.25,2.8,4,4,106
Delhi,2021-04-17,280.9,278.2,110.4,51.8,93.5,26.7,4.23,7.2,194.9,8.35,29.91,2.24,406.2,Very Poor,27.491666666666664,43.875,2.8754166666666667,217.91666666666666,0.0,4,5,107
Delhi,2021-04-18,202.9,452.9,185.5,86.9,108.3,40.4,8.68,28.7,153.8,17.57,25.89,9.3,10.3,Very Poor,28.258333333333336,31.958333333333332,2.197083333333333,228.20833333333334,0.0,4,6,108
Delhi,2021-04-19,353.7,483.6,16.7,41.9,230.2,30.0,5.3,35.9,42.6,3.0,23.78,1.8,231.6,Moderate,29.5125,29.25,3.1633333333333336,280.2916666666667,0.0,4,0,109
Delhi,2021-04-20,80.6,58.8,75.8,121.6,233.4,4.8,0.23,20.2,156.1,12.46,20.47,7.15,455.2,Good,27.84583333333333,28.5,4.455,137.91666666666666,0.0,4,1,110
Delhi,2021-04-21,7.6,343.4,121.6,139.5,143.1,11.2,8.44,23.8,90.9,3.36,17.23,4.12,333.7,Moderate,26.295833333333334,40.541666666666664,3.5275,247.125,0.3,4,2,111
Delhi,2021-04-22,79.8,287.3,30.7,142.4,31.6,32.4,0.01,15.7,125.2,16.72,14.76,9.52,0.6,Poor,26.370833333333334,43.666666666666664,2.540833333333333,176.29166666666666,0.0,4,3,112
Delhi,2021-04-23,293.8,599.8,166.2,95.3,128.4,11.5,7.41,37.2,155.1,3.2,7.59,3.02,291.2,Good,27.608333333333334,36.125,4.7075000000000005,100.0,0.0,4,4,113
Delhi,2021-04-24,478.6,153.2,194.9,12.6,216.5,15.2,5.98,71.3,98.8,3.34,2.43,0.43,379.4,Satisfactory,26.370833333333334,36.916666666666664,3.5520833333333335,317.0,0.0,4,5,114
Delhi,2021-04-25,382.5,272.6,188.7,38.2,58.8,49.8,2.25,0.6,79.1,7.03,8.56,4.36,294.6,Poor,28.516666666666666,29.375,3.78,319.5416666666667,0.0,4,6,115
Delhi,2021-04-26,43.2,566.1,121.9,11.7,242.7,22.7,4.53,85.2,80.6,10.33,29.2,8.18,157.7,Severe,29.45,28.291666666666668,2.6529166666666666,306.9583333333333,0.0,4,0,116
Delhi,2021-04-27,224.0,535.1,1.8,73.0,198.8,28.8,6.18,2.6,12.9,3.41,27.17,3.61,340.9,Good,32.104166666666664,25.041666666666668,2.717083333333333,285.1666666666667,0.0,4,1,117
Delhi,2021-04-28,213.9,171.8,105.3,76.9,179.2,9.0,4.99,42.7,31.3,2.75,12.4,6.35,406.2,Very Poor,33.233333333333334,21.625,2.8370833333333336,287.1666666666667,0.0,4,2,118
Delhi,2021-04-29,305.0,427.7,168.0,21.9,64.6,19.5,1.97,78.3,150.4,2.42,8.11,8.08,195.9,Poor,32.9625,22.791666666666668,2.8829166666666666,220.375,0.0,4,3,119
Delhi,2021-04-30,174.2,423.2,36.8,78.2,211.5,44.7,4.55,20.8,133.0,12.43,6.02,5.78,432.8,Good,31.599999999999998,30.041666666666668,2.5108333333333333,95.79166666666667,0.0,4,4,120
Delhi,2021-05-01,60.5,478.1,160.0,83.3,53.7,18.7,4.75,20.2,95.0,12.91,2.36,9.73,12.0,Good,31.941666666666666,31.875,2.3024999999999998,128.0,0.0,5,5,121
Delhi,2021-05-02,310.6,501.8,109.3,132.8,104.0,19.8,2.31,36.9,82.2,18.88,27.07,3.47,284.1,Satisfactory,31.258333333333336,33.208333333333336,2.35125,131.41666666666666,0.3,5,6,122
Delhi,2021-05-03,317.1,511.4,120.9,73.9,126.8,27.2,3.69,10.9,101.0,11.59,15.33,3.72,322.0,Very Poor,31.3875,33.375,2.361666666666667,190.375,0.0,5,0,123
Delhi,2021-05-04,85.4,146.6,83.9,135.6,188.1,3.8,5.69,54.7,167.4,11.89,8.83,6.92,21.1,Severe,32.52916666666667,32.125,2.6979166666666665,155.29166666666666,0.0,5,1,124
Delhi,2021-05-05,447.7,66.5,28.4,136.5,248.9,41.9,5.42,99.3,102.4,7.21,13.51,2.56,498.2,Moderate,31.229166666666668,41.0,3.265,104.5,0.1,5,2,125
Delhi,2021-05-06,109.5,442.0,152.7,97.4,221.9,21.8,4.04,28.1,108.9,13.51,16.2,9.35,258.4,Severe,28.95,55.25,3.6704166666666667,130.125,9.8,5,3,126
Delhi,2021-05-07,243.5,155.1,93.0,68.7,225.4,8.9,4.08,73.3,48.7,10.33,7.73,7.94,466.0,Moderate,28.1375,57.291666666666664,2.169583333333333,91.875,1.7999999999999998,5,4,127
Delhi,2021-05-08,312.7,546.8,58.7,35.6,127.7,26.8,9.69,38.4,74.3,9.31,24.48,3.85,83.9,Severe,30.766666666666666,40.833333333333336,1.9749999999999999,124.625,0.0,5,5,128
Delhi,2021-05-09,184.1,453.3,156.2,142.5,81.3,42.2,1.96,43.9,76.4,12.67,3.35,1.23,494.5,Severe,30.879166666666666,41.958333333333336,2.157083333333333,161.91666666666666,0.0,5,6,129
Delhi,2021-05-10,34.0,423.9,86.8,142.8,170.9,37.5,7.29,6.7,196.4,7.14,10.62,1.0,300.5,Good,30.28333333333333,43.833333333333336,2.6374999999999997,139.625,0.1,5,0,130
Delhi,2021-05-11,260.0,51.3,64.4,111.8,181.2,28.3,9.86,41.0,84.3,14.29,21.55,1.11,338.7,Severe,30.962500000000002,42.875,2.97,121.29166666666667,0.1,5,1,131
Delhi,2021-05-12,75.7,560.5,125.1,19.9,26.2,42.3,4.7,26.9,109.3,12.35,13.58,9.8,410.6,Poor,29.433333333333334,48.0,3.0041666666666664,135.83333333333334,0.0,5,2,132
Delhi,2021-05-13,104.4,45.7,169.6,33.7,13.6,43.6,1.74,28.7,121.7,12.56,8.4,2.38,490.4,Very Poor,27.008333333333336,61.125,3.36875,89.625,0.9,5,3,133
Delhi,2021-05-14,25.4,488.3,32.0,7.5,111.5,1.8,0.09,82.3,32.3,2.62,26.94,2.48,310.3,Satisfactory,29.162499999999998,49.083333333333336,2.1975000000000002,139.0,0.0,5,4,134
Delhi,2021-05-15,36.4,16.9,17.2,123.8,27.1,5.5,9.45,98.5,87.7,19.02,19.37,0.69,256.5,Satisfactory,29.929166666666664,43.041666666666664,1.7654166666666666,128.54166666666666,0.0,5,5,135
Delhi,2021-05-16,91.4,574.6,52.0,76.8,174.0,36.9,3.22,62.0,29.1,14.84,22.13,6.62,371.9,Satisfactory,31.25,39.708333333333336,1.8291666666666666,94.79166666666667,0.0,5,6,136
Delhi,2021-05-17,441.1,305.7,187.6,71.5,112.4,15.9,0.76,23.3,57.1,11.47,16.29,5.01,105.9,Moderate,31.683333333333334,37.958333333333336,1.8433333333333335,201.45833333333334,0.0,5,0,137
Delhi,2021-05-18,267.0,140.4,166.5,55.5,76.4,33.9,3.05,15.1,2.5,14.77,14.91,1.92,461.5,Good,27.09583333333333,56.208333333333336,2.5733333333333333,197.45833333333334,1.1,5,1,138
Delhi,2021-05-19,188.8,168.2,159.0,40.9,20.2,35.5,6.33,22.8,170.2,15.11,24.36,9.73,296.7,Good,21.90416666666667,86.83333333333333,3.529166666666667,77.58333333333333,89.4,5,2,139
Delhi,2021-05-20,447.1,402.2,111.1,133.4,161.2,38.7,8.58,56.7,128.1,3.34,6.22,2.61,142.9,Satisfactory,24.108333333333334,76.54166666666667,4.1475,233.875,34.1,5,3,140
Delhi,2021-05-21,475.7,108.5,169.0,44.5,230.0,24.1,2.12,10.3,64.2,17.69,26.45,0.77,415.1,Moderate,26.008333333333336,76.33333333333333,2.513333333333333,104.375,0.2,5,4,141
Delhi,2021-05-22,433.2,258.6,153.2,121.4,246.4,1.7,6.53,97.8,0.3,18.42,27.31,2.01,391.9,Moderate,28.40833333333333,66.625,1.5625,185.70833333333334,0.0,5,5,142
Delhi,2021-05-23,48.6,235.9,190.8,98.7,176.1,8.5,2.19,4.9,72.2,9.86,23.05,5.79,415.9,Very Poor,28.52916666666667,57.041666666666664,2.81125,281.6666666666667,0.0,5,6,143
Delhi,2021-05-24,87.3,523.6,63.3,64.9,72.3,30.7,6.35,53.7,75.2,16.47,13.52,3.9,495.5,Very Poor,28.666666666666668,43.791666666666664,4.180416666666667,296.5416666666667,0.0,5,0,144
Delhi,2021-05-25,26.6,408.8,157.2,46.8,163.2,4.6,5.55,19.2,188.1,6.3,20.74,7.84,125.4,Poor,29.804166666666664,37.416666666666664,4.068333333333333,318.375,0.0,5,1,145
Delhi,2021-05-26,153.1,231.5,40.4,40.8,143.8,44.9,9.29,5.7,4.2,15.17,7.29,3.25,161.0,Good,29.5625,39.458333333333336,2.200416666666667,310.7083333333333,0.0,5,2,146
Delhi,2021-05-27,440.3,63.6,75.3,112.5,23.3,19.6,6.66,85.5,134.6,6.33,29.98,6.01,352.8,Poor,29.78333333333333,45.958333333333336,1.6258333333333335,181.29166666666666,0.0,5,3,147
Delhi,2021-05-28,112.5,506.4,33.0,46.8,155.6,20.0,2.72,95.8,175.3,18.74,5.07,0.18,187.5,Moderate,30.204166666666666,61.125,3.47625,140.41666666666666,0.0,5,4,148
Delhi,2021-05-29,306.3,551.0,90.4,74.7,45.0,6.8,0.07,98.6,199.7,9.8,5.85,1.4,451.2,Very Poor,30.891666666666666,57.166666666666664,4.547916666666667,133.41666666666666,0.0,5,5,149
Delhi,2021-05-30,400.6,200.4,176.0,142.5,194.6,19.9,1.28,88.7,86.7,7.27,8.58,2.14,20.6,Moderate,30.291666666666668,63.583333333333336,3.0395833333333333,137.5,0.0,5,6,150
Delhi,2021-05-31,362.0,299.3,129.2,33.9,147.9,4.3,2.75,36.3,117.7,18.03,0.71,6.9,110.4,Good,31.458333333333332,61.333333333333336,2.1287499999999997,143.75,0.0,5,0,151
Delhi,2021-06-01,416.8,404.3,25.8,52.0,10.6,42.1,6.68,56.7,190.8,11.76,27.69,8.25,323.0,Severe,28.84166666666667,68.54166666666667,2.192083333333333,131.0,0.4,6,1,152
Delhi,2021-06-02,17.5,306.7,50.9,111.8,130.5,33.6,4.64,22.2,155.8,3.83,0.41,1.67,41.4,Severe,29.179166666666664,67.33333333333333,1.5841666666666667,193.25,3.8000000000000003,6,2,153
Delhi,2021-06-03,409.2,228.1,60.7,108.2,143.9,6.9,4.27,92.0,131.6,19.37,0.73,2.19,173.0,Satisfactory,30.03333333333333,62.5,1.4458333333333335,112.70833333333333,0.0,6,3,154
Delhi,2021-06-04,415.0,129.4,105.1,62.5,106.5,43.3,2.7,75.2,77.3,13.41,16.69,1.45,181.8,Very Poor,30.354166666666668,62.791666666666664,1.5025000000000002,156.625,0.0,6,4,155
Delhi,2021-06-05,223.7,185.6,145.2,70.4,42.0,17.9,3.31,22.4,89.7,10.9,17.02,6.08,107.5,Poor,30.537499999999998,62.083333333333336,2.5,138.04166666666666,0.0,6,5,156
Delhi,2021-06-06,261.5,36.7,43.7,119.5,232.8,35.2,6.76,46.8,88.5,2.39,17.5,4.27,44.7,Very Poor,31.604166666666668,57.75,1.8658333333333335,237.66666666666666,0.0,6,6,157
Delhi,2021-06-07,285.5,536.1,123.7,103.1,152.5,5.8,3.0,39.2,104.9,18.16,16.56,7.87,173.7,Satisfactory,32.37916666666667,54.458333333333336,1.9695833333333335,248.95833333333334,0.0,6,0,158
Delhi,2021-06-08,310.8,195.2,165.2,3.0,192.8,13.0,1.84,25.9,76.0,3.25,4.86,0.18,146.0,Satisfactory,34.69166666666667,41.125,4.099166666666666,270.375,0.0,6,1,159
Delhi,2021-06-09,129.3,488.3,165.2,39.4,230.3,23.9,4.46,99.7,165.8,10.57,25.74,1.23,375.6,Poor,35.666666666666664,41.291666666666664,4.031666666666667,241.5,0.0,6,2,160
Delhi,2021-06-10,454.0,594.2,90.7,75.3,43.5,10.6,3.6,96.4,161.9,10.23,0.47,5.27,85.9,Moderate,32.425000000000004,60.875,4.40875,102.04166666666667,0.0,6,3,161
Delhi,2021-06-11,212.2,522.1,7.8,109.7,38.2,1.5,6.52,48.3,125.7,8.92,17.44,4.54,272.8,Satisfactory,31.5625,62.375,3.4600000000000004,95.29166666666667,0.0,6,4,162
Delhi,2021-06-12,319.5,160.4,87.0,15.4,225.5,42.7,5.96,39.3,9.5,14.92,19.22,6.03,233.4,Moderate,31.84583333333333,61.625,4.406666666666667,111.45833333333333,0.5,6,5,163
Delhi,2021-06-13,390.4,5.9,45.2,62.4,83.7,39.6,6.52,39.6,187.6,10.51,21.33,1.2,19.5,Severe,30.462500000000002,68.16666666666667,2.1441666666666666,118.5,5.300000000000001,6,6,164
Delhi,2021-06-14,347.0,168.2,17.5,61.6,22.7,24.2,8.12,95.9,146.3,0.82,14.43,2.82,164.0,Moderate,30.979166666666668,62.666666666666664,2.1533333333333333,97.20833333333333,0.0,6,0,165
Delhi,2021-06-15,291.5,492.2,25.6,75.9,155.9,26.4,4.84,39.6,126.1,11.0,6.93,6.7,238.3,Good,30.625,64.70833333333333,2.1258333333333335,217.58333333333334,2.9000000000000004,6,1,166
Delhi,2021-06-16,262.0,472.7,19.8,96.0,22.2,48.3,9.86,99.3,190.3,19.42,2.74,0.68,496.9,Very Poor,29.329166666666666,73.66666666666667,2.2087499999999998,122.0,3.2,6,2,167
Delhi,2021-06-17,353.3,219.4,183.7,101.3,108.7,12.5,4.66,14.0,177.3,8.78,1.5,6.86,343.3,Severe,29.837500000000002,70.25,2.377083333333333,75.29166666666667,0.0,6,3,168
Delhi,2021-06-18,231.9,93.8,196.1,148.6,223.1,38.9,8.13,81.8,174.3,1.0,21.41,1.29,47.7,Very Poor,29.208333333333332,70.0,3.2866666666666666,92.91666666666667,0.30000000000000004,6,4,169
Delhi,2021-06-19,274.0,38.3,177.7,127.7,89.2,2.7,3.03,54.7,172.7,14.5,29.21,0.83,131.7,Severe,28.3125,73.45833333333333,3.233333333333333,61.458333333333336,0.6,6,5,170
Delhi,2021-06-20,498.3,128.6,58.8,90.9,50.2,42.2,5.12,26.2,22.5,14.0,16.47,7.35,270.2,Moderate,28.816666666666666,74.41666666666667,2.38375,69.58333333333333,0.8,6,6,171
Delhi,2021-06-21,187.3,481.2,185.8,7.3,222.2,0.3,3.26,10.3,63.2,17.48,20.94,8.09,406.8,Moderate,30.5125,66.20833333333333,2.22375,155.91666666666666,0.0,6,0,172
Delhi,2021-06-22,153.9,542.8,40.9,12.7,176.5,19.1,3.33,87.3,133.7,19.51,9.03,0.7,227.1,Severe,33.454166666666666,50.041666666666664,2.1666666666666665,243.95833333333334,0.0,6,1,173
Delhi,2021-06-23,68.6,479.0,165.3,28.4,200.3,14.9,1.08,81.7,166.4,0.32,29.28,8.32,266.6,Satisfactory,33.666666666666664,48.375,2.23875,133.66666666666666,0.0,6,2,174
Delhi,2021-06-24,10.0,58.6,56.1,107.0,15.6,47.5,7.41,66.6,169.3,18.12,13.48,6.87,132.1,Satisfactory,32.291666666666664,60.708333333333336,2.6425,135.95833333333334,0.0,6,3,175
Delhi,2021-06-25,386.6,431.7,166.6,58.3,189.7,4.3,8.86,42.9,182.9,2.37,9.22,9.79,336.2,Good,32.354166666666664,60.0,2.2379166666666666,199.95833333333334,0.8999999999999999,6,4,176
Delhi,2021-06-26,292.7,430.2,14.7,62.5,225.8,32.0,1.3,59.3,87.3,3.79,15.87,7.65,94.6,Very Poor,31.941666666666666,59.125,1.7316666666666667,110.66666666666667,0.0,6,5,177
Delhi,2021-06-27,67.9,427.9,125.2,52.9,1.0,43.4,7.09,29.6,151.0,18.45,8.04,6.16,15.4,Very Poor,33.25833333333333,55.791666666666664,2.419166666666667,100.875,0.0,6,6,178
Delhi,2021-06-28,421.8,36.6,56.2,39.0,152.6,18.6,0.06,82.1,166.3,9.69,6.33,6.42,183.6,Good,33.983333333333334,51.25,1.8825,130.16666666666666,0.0,6,0,179
Delhi,2021-06-29,473.7,346.8,78.1,107.3,86.4,34.6,5.8,68.1,31.3,4.71,14.12,7.71,369.3,Very Poor,35.916666666666664,39.958333333333336,3.12625,252.79166666666666,0.0,6,1,180
Delhi,2021-06-30,497.2,435.2,44.8,11.7,215.4,40.4,4.88,95.5,55.5,4.22,11.45,0.55,121.1,Very Poor,36.800000000000004,30.666666666666668,4.9366666666666665,273.5416666666667,0.0,6,2,181
Delhi,2021-07-01,458.1,368.6,174.6,104.0,22.2,20.5,5.93,6.3,182.4,13.34,5.67,2.13,337.9,Good,37.016666666666666,33.166666666666664,4.505,249.70833333333334,0.0,7,3,182
Delhi,2021-07-02,180.8,536.1,157.9,118.5,188.8,4.7,8.73,45.7,100.4,7.38,2.24,9.11,324.5,Very Poor,35.77916666666667,41.625,4.241666666666666,261.75,0.0,7,4,183
Delhi,2021-07-03,419.5,318.6,21.8,61.6,18.1,48.2,9.6,9.1,86.2,14.92,12.54,5.11,266.4,Severe,33.15833333333333,51.75,2.859166666666667,225.91666666666666,0.1,7,5,184
Delhi,2021-07-04,302.7,391.3,169.3,48.6,229.2,0.5,4.13,52.8,185.0,6.43,26.29,8.1,321.5,Severe,34.06666666666667,50.791666666666664,1.8462500000000002,247.58333333333334,0.0,7,6,185
Delhi,2021-07-05,391.9,73.0,82.8,146.5,181.8,37.2,8.12,54.9,22.0,16.17,11.86,2.76,96.0,Moderate,34.25,50.583333333333336,1.7204166666666667,246.0,0.0,7,0,186
Delhi,2021-07-06,340.1,280.7,26.8,68.8,39.4,18.8,1.5,68.4,78.4,16.89,28.37,3.5,481.4,Satisfactory,35.208333333333336,45.708333333333336,3.1533333333333338,299.2916666666667,0.1,7,1,187
Delhi,2021-07-07,256.7,83.2,194.0,26.1,54.6,33.0,3.57,32.0,92.2,5.9,23.39,0.98,352.2,Satisfactory,36.15833333333333,41.625,2.919166666666667,282.9583333333333,0.0,7,2,188
Delhi,2021-07-08,430.1,107.1,79.9,28.6,181.6,20.4,4.9,31.6,107.6,16.66,21.11,6.13,489.4,Severe,35.854166666666664,40.916666666666664,3.64,244.95833333333334,0.0,7,3,189
Delhi,2021-07-09,195.0,225.4,184.9,31.7,201.7,15.3,9.77,60.0,194.6,7.54,4.37,8.53,182.3,Good,33.0,58.75,3.5549999999999997,90.875,0.30000000000000004,7,4,190
Delhi,2021-07-10,487.9,299.3,168.8,10.9,206.1,31.7,1.72,4.5,177.7,8.4,25.27,0.15,332.1,Satisfactory,33.5,58.25,2.8845833333333335,106.91666666666667,0.5,7,5,191
Delhi,2021-07-11,266.8,548.5,79.9,121.7,30.0,8.7,3.81,97.8,12.7,8.22,28.68,2.08,36.3,Severe,32.104166666666664,65.16666666666667,4.752083333333333,107.0,2.6,7,6,192
Delhi,2021-07-12,8.7,159.7,37.9,2.4,236.9,3.1,5.85,93.4,191.7,4.97,3.9,7.13,263.2,Very Poor,30.575,69.25,5.03,110.875,3.7,7,0,193
Delhi,2021-07-13,430.6,343.0,191.8,6.7,169.2,14.4,3.31,96.4,144.6,13.8,16.97,5.38,427.4,Poor,30.066666666666666,76.0,3.19375,86.0,4.8,7,1,194
Delhi,2021-07-14,7.3,492.8,125.5,132.7,122.1,26.9,9.47,10.3,146.1,6.16,24.43,7.62,181.8,Poor,29.337500000000002,81.41666666666667,2.9766666666666666,62.708333333333336,10.399999999999999,7,2,195
Delhi,2021-07-15,154.4,273.3,90.0,63.4,112.9,10.9,3.2,28.6,163.6,15.02,23.37,2.72,182.1,Poor,30.77916666666667,75.08333333333333,3.2175,78.29166666666667,0.9,7,3,196
Delhi,2021-07-16,319.1,106.8,74.4,101.8,144.1,36.4,9.66,54.4,26.9,5.45,1.19,0.99,323.4,Satisfactory,30.99166666666667,74.79166666666667,2.892916666666667,88.25,2.6,7,4,197
Delhi,2021-07-17,86.4,333.2,103.6,27.4,207.6,47.0,8.95,52.7,38.2,18.08,4.86,2.27,10.6,Poor,32.612500000000004,68.29166666666667,1.9979166666666668,169.33333333333334,0.6000000000000001,7,5,198
Delhi,2021-07-18,249.7,212.9,177.6,81.8,5.0,17.3,2.2,84.4,83.0,7.2,16.55,6.49,362.4,Very Poor,30.054166666666664,83.25,2.32,174.45833333333334,28.3,7,6,199
Delhi,2021-07-19,389.8,453.9,167.5,130.3,98.8,13.4,7.99,32.1,197.9,15.6,12.41,8.01,399.4,Poor,26.375,95.58333333333333,1.8958333333333333,140.04166666666666,98.9,7,0,200
Delhi,2021-07-20,205.5,142.7,75.2,96.6,115.7,34.8,8.41,94.1,132.6,16.62,26.97,6.01,497.2,Very Poor,27.8,88.70833333333333,1.0279166666666668,168.58333333333334,36.5,7,1,201
Delhi,2021-07-21,218.2,510.0,50.6,117.3,194.9,42.7,0.89,39.8,193.1,6.87,10.26,4.47,0.4,Very Poor,28.8,84.375,1.8941666666666668,156.79166666666666,6.6,7,2,202
Delhi,2021-07-22,254.9,339.6,65.6,144.4,204.6,47.6,9.49,63.2,24.1,16.31,17.54,7.7,191.3,Severe,28.0625,87.54166666666667,2.7241666666666666,85.41666666666667,3.2,7,3,203
Delhi,2021-07-23,435.3,517.1,20.2,67.6,108.3,19.4,9.92,91.8,52.2,16.03,3.71,0.56,316.8,Satisfactory,29.016666666666666,85.41666666666667,2.5145833333333334,103.08333333333333,9.8,7,4,204
Delhi,2021-07-24,289.4,202.8,11.8,135.3,154.3,35.3,6.34,72.1,39.3,0.87,28.97,7.37,364.0,Poor,30.40833333333333,81.95833333333333,1.53,103.25,0.7,7,5,205
Delhi,2021-07-25,313.7,297.7,146.0,79.5,208.5,27.3,9.55,73.7,52.1,10.9,5.44,4.68,142.7,Moderate,31.03333333333333,77.54166666666667,2.06375,114.54166666666667,0.0,7,6,206
Delhi,2021-07-26,263.6,53.2,49.8,93.3,24.5,48.2,9.32,27.5,16.2,6.83,27.88,3.66,401.4,Poor,29.058333333333334,85.33333333333333,2.2154166666666666,106.75,6.3,7,0,207
Delhi,2021-07-27,125.0,261.7,134.6,146.6,13.4,19.3,6.93,1.1,58.9,3.8,17.65,5.58,328.0,Good,28.55,87.91666666666667,1.9716666666666667,236.66666666666666,17.4,7,1,208
Delhi,2021-07-28,390.6,37.1,24.7,76.8,239.5,1.2,5.4,81.8,12.2,14.26,16.13,4.1,493.1,Moderate,27.391666666666666,88.95833333333333,2.1545833333333335,256.4166666666667,26.6,7,2,209
Delhi,2021-07-29,450.0,380.2,166.8,32.5,91.1,23.3,0.98,91.0,163.9,13.69,13.7,4.17,468.3,Moderate,27.40833333333333,89.66666666666667,1.505,241.83333333333334,13.799999999999999,7,3,210
Delhi,2021-07-30,54.0,0.4,105.4,104.5,204.9,19.1,9.42,92.1,2.5,4.23,19.62,7.12,384.0,Satisfactory,27.52916666666667,88.20833333333333,2.0933333333333333,92.125,19.9,7,4,211
Delhi,2021-07-31,392.4,513.9,46.9,14.2,65.2,16.4,1.95,29.9,27.1,18.47,28.63,1.18,347.6,Poor,28.4375,85.41666666666667,2.5229166666666667,93.125,4.1,7,5,212
Delhi,2021-08-01,8.3,378.2,133.3,117.7,39.9,39.9,1.9,95.6,7.5,11.8,23.77,9.36,459.4,Moderate,29.1875,83.54166666666667,1.6454166666666667,206.16666666666666,3.0,8,6,213
Delhi,2021-08-02,104.8,489.7,149.0,88.1,234.2,46.6,4.11,69.1,162.3,13.19,25.97,5.22,224.8,Moderate,27.97083333333333,88.41666666666667,1.6045833333333333,131.41666666666666,20.8,8,0,214
Delhi,2021-08-03,301.5,16.1,21.7,135.6,37.8,25.4,7.72,46.6,45.3,12.35,24.62,9.32,334.5,Very Poor,28.870833333333334,83.875,2.92375,55.375,3.3000000000000003,8,1,215
Delhi,2021-08-04,400.3,598.3,47.9,98.4,179.7,29.9,3.04,59.8,109.7,16.71,17.59,1.72,96.5,Severe,28.995833333333334,77.79166666666667,3.1783333333333332,73.875,0.0,8,2,216
Delhi,2021-08-05,175.4,177.3,16.4,21.3,65.1,25.3,3.27,51.5,16.1,0.7,10.71,3.62,2.8,Severe,29.2625,79.45833333333333,1.4337499999999999,80.45833333333333,0.1,8,3,217
Delhi,2021-08-06,23.1,550.8,99.6,30.7,146.5,28.9,0.32,88.9,24.5,14.22,21.63,2.57,426.1,Severe,29.6875,82.91666666666667,1.1233333333333333,94.16666666666667,3.7,8,4,218
Delhi,2021-08-07,454.3,121.8,105.4,66.6,74.8,21.6,0.91,44.3,95.8,9.13,18.32,6.47,292.9,Satisfactory,28.766666666666666,88.83333333333333,1.1245833333333333,92.33333333333333,9.1,8,5,219
Delhi,2021-08-08,272.0,9.3,89.1,78.4,44.2,32.0,1.32,29.9,156.9,8.27,25.61,2.19,366.7,Moderate,28.629166666666666,86.625,1.02875,111.375,1.4000000000000001,8,6,220
Delhi,2021-08-09,37.0,73.8,67.4,144.8,122.3,15.9,9.84,46.1,173.4,7.47,24.24,5.11,336.8,Satisfactory,28.075,89.16666666666667,1.3691666666666666,117.91666666666667,5.2,8,0,221
Delhi,2021-08-10,492.0,220.2,185.6,130.5,39.3,41.0,9.01,58.5,199.3,17.06,12.96,3.45,341.2,Severe,29.904166666666665,78.5,2.8016666666666663,260.4166666666667,0.7,8,1,222
Delhi,2021-08-11,176.0,435.1,81.3,86.0,115.1,18.7,8.04,14.5,180.9,12.38,28.96,1.4,408.8,Poor,30.616666666666664,65.33333333333333,4.258333333333334,256.9166666666667,0.0,8,2,223
Delhi,2021-08-12,37.0,178.3,7.8,81.0,170.3,47.3,5.33,71.8,57.0,0.44,28.06,3.83,319.1,Satisfactory,30.337500000000002,67.33333333333333,3.3558333333333334,257.25,0.0,8,3,224
Delhi,2021-08-13,62.9,345.8,74.6,0.2,225.5,18.4,8.59,15.8,5.5,2.41,2.35,8.17,309.9,Moderate,30.604166666666668,66.75,3.2116666666666664,249.33333333333334,0.0,8,4,225
Delhi,2021-08-14,447.3,14.9,77.2,4.2,95.3,39.9,1.43,69.0,71.9,16.92,29.02,9.28,188.6,Very Poor,30.604166666666668,65.16666666666667,3.5245833333333336,252.08333333333334,0.0,8,5,226
Delhi,2021-08-15,261.1,378.7,79.5,88.4,125.9,18.7,6.03,88.7,157.1,6.5,3.08,6.73,115.2,Severe,30.52916666666667,65.45833333333333,2.783333333333333,255.0,0.0,8,6,227
Delhi,2021-08-16,492.7,357.7,108.8,85.6,148.6,15.0,0.58,89.9,142.8,15.64,8.37,0.08,433.4,Moderate,30.3,69.5,1.9720833333333332,230.58333333333334,0.0,8,0,228
Delhi,2021-08-17,329.5,411.1,58.3,85.3,125.2,34.6,7.17,74.8,21.8,10.03,27.02,0.89,32.8,Moderate,30.90833333333333,69.45833333333333,1.8841666666666665,209.41666666666666,0.0,8,1,229
Delhi,2021-08-18,383.3,308.5,126.2,44.4,60.6,38.0,9.19,79.3,113.7,12.17,4.76,9.04,426.8,Good,30.808333333333334,71.58333333333333,1.8270833333333334,239.625,0.0,8,2,230
Delhi,2021-08-19,488.5,310.2,134.0,87.9,42.9,12.4,7.89,58.0,31.3,3.62,21.6,6.57,14.0,Good,30.59583333333333,77.41666666666667,1.88375,100.91666666666667,1.1,8,3,231
Delhi,2021-08-20,330.7,7.5,100.0,88.2,99.8,41.4,4.17,34.1,199.2,12.53,26.17,4.4,142.6,Severe,27.875,86.875,3.3054166666666664,98.08333333333333,2.8000000000000003,8,4,232
Delhi,2021-08-21,257.2,574.1,85.1,122.8,77.8,43.4,0.14,42.3,84.2,18.28,12.33,1.19,419.0,Severe,26.833333333333332,91.33333333333333,3.1308333333333334,101.20833333333333,31.2,8,5,233
Delhi,2021-08-22,396.1,23.1,127.6,69.7,167.4,22.0,0.12,54.8,132.6,12.05,2.37,7.47,414.7,Good,27.625,89.45833333333333,2.5029166666666667,107.75,7.7,8,6,234
Delhi,2021-08-23,171.6,7.6,4.0,135.3,211.7,34.1,9.97,31.2,5.3,6.75,26.43,7.39,252.6,Poor,28.666666666666668,87.375,1.4945833333333332,172.83333333333334,7.5,8,0,235
Delhi,2021-08-24,347.8,95.7,75.1,2.5,146.3,46.5,8.07,85.2,83.9,8.22,15.44,0.11,389.2,Severe,28.929166666666664,88.79166666666667,1.4045833333333333,172.79166666666666,2.7,8,1,236
Delhi,2021-08-25,403.5,461.7,40.0,28.2,136.9,19.5,7.18,8.4,153.8,15.72,23.77,7.35,35.1,Very Poor,30.375,70.83333333333333,3.995416666666667,260.4583333333333,0.0,8,2,237
Delhi,2021-08-26,485.5,374.9,106.8,62.6,32.4,3.5,9.9,14.6,125.8,11.73,21.5,8.9,64.9,Moderate,29.712500000000002,68.625,3.9416666666666664,263.9583333333333,0.0,8,3,238
Delhi,2021-08-27,265.5,443.6,59.6,6.9,65.9,5.0,9.54,90.2,191.7,19.34,0.01,1.69,370.5,Very Poor,29.708333333333332,68.41666666666667,2.5870833333333336,214.25,0.0,8,4,239
Delhi,2021-08-28,84.0,28.2,37.2,58.6,195.5,36.8,9.78,44.6,193.1,8.76,2.3,7.71,121.9,Good,29.295833333333334,76.66666666666667,1.8475000000000001,172.625,0.0,8,5,240
Delhi,2021-08-29,287.8,476.5,106.5,58.7,74.1,7.2,2.46,14.0,152.2,15.68,1.24,4.67,322.8,Satisfactory,28.625,83.79166666666667,2.1225,132.33333333333334,0.6000000000000001,8,6,241
Delhi,2021-08-30,401.5,515.5,114.0,63.6,63.0,21.8,1.34,81.8,72.6,18.68,13.34,4.94,282.1,Moderate,27.5625,85.25,2.924583333333333,98.25,1.5,8,0,242
Delhi,2021-08-31,286.4,148.3,46.9,55.7,13.8,24.3,5.91,14.3,156.5,8.12,16.4,3.12,274.4,Moderate,27.1375,86.54166666666667,2.8670833333333334,94.625,7.9,8,1,243
Delhi,2021-09-01,365.3,203.7,194.6,52.3,63.1,37.6,3.09,83.9,182.4,14.21,18.46,3.39,136.8,Very Poor,26.445833333333336,90.04166666666667,2.299583333333333,68.125,8.200000000000001,9,2,244
Delhi,2021-09-02,455.2,519.7,89.1,41.9,102.1,30.1,6.63,34.5,184.7,12.27,29.17,6.59,344.0,Moderate,27.900000000000002,87.45833333333333,1.4425,84.29166666666667,0.9,9,3,245
Delhi,2021-09-03,266.6,166.9,18.2,100.2,214.9,33.1,3.76,43.6,33.4,11.13,6.52,8.09,431.4,Good,27.433333333333334,88.70833333333333,1.8854166666666667,173.91666666666666,8.9,9,4,246
Delhi,2021-09-04,374.1,286.4,76.8,148.9,41.2,38.4,9.91,95.0,53.1,5.14,26.88,5.38,140.4,Satisfactory,27.308333333333334,89.79166666666667,1.3841666666666665,151.66666666666666,17.299999999999997,9,5,247
Delhi,2021-09-05,107.4,434.6,61.6,131.1,104.1,7.7,0.07,44.7,85.1,2.33,5.31,6.74,153.7,Severe,28.150000000000002,87.625,1.1654166666666665,169.16666666666666,4.0,9,6,248
Delhi,2021-09-06,349.9,414.8,74.4,72.4,112.7,44.7,7.34,30.7,156.4,18.63,2.53,8.04,130.7,Poor,29.179166666666664,85.5,1.3758333333333335,148.91666666666666,2.4,9,0,249
Delhi,2021-09-07,77.6,491.9,196.1,67.7,45.3,18.1,4.52,87.8,97.9,14.38,2.15,6.51,64.4,Severe,28.125,88.04166666666667,2.9583333333333335,86.375,6.3,9,1,250
Delhi,2021-09-08,424.4,314.9,126.6,104.2,82.2,17.6,0.95,19.3,61.7,8.19,3.9,8.84,21.6,Severe,28.141666666666666,79.875,4.60375,99.25,2.5,9,2,251
Delhi,2021-09-09,215.3,255.0,131.5,127.3,3.5,23.2,8.8,89.2,115.2,5.43,6.09,9.74,419.4,Moderate,27.787499999999998,83.70833333333333,3.046666666666667,94.95833333333333,4.2,9,3,252
Delhi,2021-09-10,43.6,170.2,143.2,111.1,31.2,22.2,8.98,93.4,103.4,1.99,28.63,2.3,311.3,Moderate,27.087500000000002,87.04166666666667,3.9075,96.125,10.6,9,4,253
Delhi,2021-09-11,171.0,548.9,66.3,99.3,102.8,29.8,1.41,25.7,49.9,13.9,20.23,1.9,461.8,Satisfactory,26.058333333333334,90.20833333333333,4.42375,103.25,19.3,9,5,254
Delhi,2021-09-12,323.6,250.6,87.1,96.3,3.2,17.6,1.6,86.7,132.9,8.71,0.27,3.2,446.8,Moderate,26.825,89.75,2.2070833333333333,81.70833333333333,7.2,9,6,255
Delhi,2021-09-13,152.2,166.1,181.3,95.5,131.8,19.8,5.67,45.7,127.5,11.37,3.47,1.91,487.9,Poor,27.8125,87.625,1.5054166666666664,58.416666666666664,10.2,9,0,256
Delhi,2021-09-14,149.7,132.3,100.0,19.8,32.0,26.2,3.3,2.0,113.8,5.27,17.26,1.99,195.4,Severe,27.9875,83.75,2.6170833333333334,43.708333333333336,0.2,9,1,257
Delhi,2021-09-15,343.9,54.3,21.5,72.1,85.9,14.4,7.58,8.8,8.9,15.79,9.71,6.97,174.7,Poor,28.441666666666666,77.5,2.5829166666666667,105.54166666666667,0.0,9,2,258
Delhi,2021-09-16,385.3,422.3,198.5,3.8,212.3,22.5,8.74,59.1,92.0,5.27,27.78,7.62,84.0,Moderate,28.125,77.25,3.6116666666666664,177.91666666666666,2.8000000000000003,9,3,259
Delhi,2021-09-17,471.6,538.3,59.3,113.9,115.5,4.8,7.93,46.2,162.5,4.48,16.62,1.92,22.8,Severe,27.025000000000002,75.04166666666667,4.229583333333333,59.208333333333336,1.1,9,4,260
Delhi,2021-09-18,190.0,525.8,186.7,35.1,242.2,42.9,4.0,87.7,138.0,19.61,1.7,0.66,354.4,Severe,27.537499999999998,79.95833333333333,3.2883333333333336,81.29166666666667,0.2,9,5,261
Delhi,2021-09-19,208.7,139.4,30.8,101.0,122.9,41.5,7.26,24.6,45.9,13.59,26.55,3.01,17.6,Severe,28.3125,80.375,2.4383333333333335,120.5,0.2,9,6,262
Delhi,2021-09-20,331.2,92.9,163.3,101.4,94.4,1.9,6.65,84.6,197.1,7.54,19.48,1.03,240.3,Severe,28.337500000000002,81.91666666666667,1.9758333333333333,120.54166666666667,0.5,9,0,263
Delhi,2021-09-21,365.9,236.0,69.0,81.9,28.6,42.9,2.35,45.1,182.7,7.12,3.59,8.31,371.7,Poor,27.991666666666664,84.16666666666667,2.1720833333333336,119.875,2.6,9,1,264
Delhi,2021-09-22,290.3,502.7,120.4,65.1,206.5,34.3,6.17,17.6,39.3,4.63,21.42,7.84,242.0,Moderate,26.545833333333334,89.33333333333333,2.7254166666666664,113.70833333333333,23.200000000000003,9,2,265
Delhi,2021-09-23,314.9,216.4,176.0,86.3,245.5,22.7,6.21,61.6,5.6,8.71,16.75,7.66,102.4,Moderate,26.695833333333336,88.45833333333333,2.5683333333333334,87.25,12.2,9,3,266
Delhi,2021-09-24,286.1,42.3,191.4,63.4,1.1,48.2,2.51,37.5,10.8,19.47,26.68,1.66,293.8,Poor,27.108333333333334,84.20833333333333,2.236666666666667,70.58333333333333,2.2,9,4,267
Delhi,2021-09-25,22.3,587.3,128.0,55.6,94.7,25.2,0.13,49.0,120.0,14.22,19.38,9.98,351.7,Poor,27.333333333333332,85.20833333333333,1.8204166666666666,58.208333333333336,2.0,9,5,268
Delhi,2021-09-26,152.1,105.4,93.9,29.9,138.9,43.9,0.42,24.0,85.3,4.22,0.69,4.22,323.7,Poor,26.983333333333334,85.54166666666667,2.4775,82.79166666666667,1.8,9,6,269
Delhi,2021-09-27,7.4,344.1,157.3,33.2,139.8,14.8,7.48,18.5,15.7,10.77,25.2,5.82,20.0,Moderate,28.1875,81.16666666666667,1.4891666666666667,64.91666666666667,0.0,9,0,270
Delhi,2021-09-28,3.6,44.1,75.7,91.0,108.7,34.8,4.33,94.1,172.6,13.25,19.91,4.24,182.5,Poor,28.083333333333332,82.45833333333333,2.69125,85.33333333333333,3.1999999999999997,9,1,271
Delhi,2021-09-29,63.7,347.4,37.1,81.7,177.9,38.3,6.97,20.3,164.2,15.72,23.14,5.47,468.1,Poor,28.233333333333334,79.875,3.092916666666667,100.58333333333333,0.2,9,2,272
Delhi,2021-09-30,158.6,290.0,131.2,7.6,46.8,8.5,2.65,73.1,169.3,12.88,29.17,7.22,330.0,Moderate,28.275000000000002,82.33333333333333,1.70875,106.58333333333333,0.6000000000000001,9,3,273
Delhi,2021-10-01,209.1,53.0,106.6,69.4,60.5,31.1,8.97,89.4,117.8,3.67,22.44,1.25,213.1,Good,28.59166666666667,83.79166666666667,1.0291666666666666,194.0,0.4,10,4,274
Delhi,2021-10-02,217.0,226.7,17.8,9.8,36.1,37.2,7.16,62.7,180.3,19.9,22.58,4.23,128.6,Moderate,28.95,79.625,2.00625,284.0,0.1,10,5,275
Delhi,2021-10-03,248.7,543.1,130.5,90.8,66.1,16.4,5.25,77.9,101.1,8.11,19.55,3.87,382.0,Severe,29.129166666666666,75.08333333333333,2.83375,273.5,0.0,10,6,276
Delhi,2021-10-04,446.6,120.9,70.7,55.9,137.9,9.2,7.65,57.9,35.9,2.38,20.63,7.37,53.7,Satisfactory,28.958333333333332,72.33333333333333,1.9325,229.20833333333334,0.0,10,0,277
Delhi,2021-10-05,441.7,223.9,91.8,79.4,224.2,39.9,7.29,94.9,156.1,18.85,9.8,3.19,62.0,Good,28.195833333333336,79.45833333333333,1.3549999999999998,155.20833333333334,2.8,10,1,278
Delhi,2021-10-06,265.8,434.8,182.9,29.4,139.8,5.4,5.02,19.9,9.3,1.54,0.68,4.29,227.7,Very Poor,28.2,78.16666666666667,1.7854166666666667,251.29166666666666,0.0,10,2,279
Delhi,2021-10-07,152.6,71.3,22.2,54.3,65.2,40.1,8.51,53.7,178.5,5.65,3.25,6.52,119.9,Satisfactory,27.291666666666668,72.29166666666667,2.353333333333333,301.125,0.0,10,3,280
Delhi,2021-10-08,335.2,137.6,65.4,44.4,119.5,6.3,1.93,95.8,178.1,0.72,4.12,6.23,282.0,Severe,27.695833333333336,68.25,2.532083333333333,258.4166666666667,0.0,10,4,281
Delhi,2021-10-09,416.7,421.3,128.8,75.8,52.6,4.3,3.46,40.0,122.3,12.12,13.6,4.38,112.3,Very Poor,27.745833333333334,67.125,2.3975,282.375,0.0,10,5,282
Delhi,2021-10-10,120.8,476.4,177.5,62.6,181.8,28.3,2.21,83.8,132.9,3.68,24.0,9.82,348.6,Satisfactory,27.995833333333334,68.91666666666667,1.9425,228.375,0.0,10,6,283
Delhi,2021-10-11,382.9,84.6,122.0,109.8,22.3,6.0,6.45,19.1,67.3,16.87,26.61,0.88,162.9,Poor,27.691666666666666,67.625,2.07,202.5,0.0,10,0,284
Delhi,2021-10-12,457.3,173.1,120.0,146.9,49.9,24.2,5.26,4.6,5.7,1.83,18.05,9.7,382.3,Good,27.670833333333334,62.166666666666664,1.8758333333333332,259.4166666666667,0.0,10,1,285
Delhi,2021-10-13,17.1,242.8,18.8,64.1,14.7,46.1,5.07,28.9,186.0,17.03,27.97,1.11,362.0,Good,26.383333333333336,56.125,2.970833333333333,311.8333333333333,0.0,10,2,286
Delhi,2021-10-14,329.7,592.1,87.5,23.7,98.7,10.3,8.24,93.5,172.5,8.24,22.03,8.71,151.5,Poor,25.233333333333334,56.916666666666664,3.0500000000000003,300.25,0.0,10,3,287
Delhi,2021-10-15,328.5,449.2,195.7,92.5,138.3,26.5,7.17,13.2,88.7,2.68,1.15,6.51,474.4,Moderate,25.729166666666668,56.75,2.51625,309.5,0.0,10,4,288
Delhi,2021-10-16,10.1,153.3,107.8,110.3,243.9,4.8,3.36,34.4,91.2,3.86,10.89,2.65,242.5,Moderate,26.520833333333332,67.91666666666667,1.7554166666666668,186.79166666666666,0.0,10,5,289
Delhi,2021-10-17,397.1,149.6,81.2,111.0,81.3,31.8,3.97,11.9,19.4,0.99,6.63,0.48,121.8,Good,26.108333333333334,79.375,2.9166666666666665,77.95833333333333,8.5,10,6,290
Delhi,2021-10-18,210.9,83.9,19.3,34.1,128.3,39.9,6.06,57.1,83.7,17.68,1.23,9.51,72.6,Severe,22.525000000000002,93.20833333333333,2.907916666666667,121.125,28.3,10,0,291
Delhi,2021-10-19,442.5,192.6,78.3,41.3,177.2,38.8,9.42,54.5,47.4,7.62,23.37,7.53,292.6,Poor,23.71666666666667,80.66666666666667,3.3541666666666665,301.5416666666667,0.0,10,1,292
Delhi,2021-10-20,255.9,63.8,14.9,102.1,23.6,23.9,0.52,71.0,66.6,1.15,27.64,10.0,100.2,Good,24.195833333333336,72.54166666666667,2.873333333333333,278.1666666666667,0.0,10,2,293
Delhi,2021-10-21,2.7,552.0,98.9,129.4,74.4,11.7,7.47,89.3,39.4,15.23,18.08,2.92,246.4,Good,23.195833333333336,63.791666666666664,3.5520833333333335,272.5833333333333,0.0,10,3,294
Delhi,2021-10-22,260.1,516.2,39.8,136.5,215.7,35.2,1.53,26.6,17.2,16.23,1.9,1.29,442.9,Good,23.666666666666668,64.91666666666667,3.544583333333333,238.83333333333334,0.0,10,4,295
Delhi,2021-10-23,100.4,541.7,173.5,2.3,5.2,3.4,9.57,30.4,55.4,8.13,13.36,8.14,209.9,Satisfactory,23.6875,68.66666666666667,1.9879166666666668,183.29166666666666,0.0,10,5,296
Delhi,2021-10-24,401.4,491.6,122.7,55.9,214.8,6.7,7.4,56.4,23.2,13.66,17.16,4.33,135.7,Very Poor,22.724999999999998,73.66666666666667,2.3141666666666665,158.04166666666666,0.8,10,6,297
Delhi,2021-10-25,132.0,85.9,132.2,94.8,156.7,30.3,5.16,23.8,9.1,9.95,1.85,1.56,264.9,Good,21.97083333333333,79.16666666666667,1.89625,280.0833333333333,0.0,10,0,298
Delhi,2021-10-26,161.7,560.3,125.2,81.7,230.1,15.5,3.98,56.2,81.7,15.6,11.71,3.65,495.3,Good,20.787499999999998,73.375,2.65875,309.4583333333333,0.0,10,1,299
Delhi,2021-10-27,123.9,29.2,54.2,8.1,89.1,15.7,8.98,31.5,55.0,13.74,24.07,0.64,82.8,Poor,20.816666666666666,66.16666666666667,2.8275,306.5,0.0,10,2,300
Delhi,2021-10-28,25.1,457.8,150.6,45.8,25.6,28.9,1.76,89.5,143.0,0.33,6.84,3.86,136.6,Very Poor,20.458333333333332,67.79166666666667,2.669166666666667,306.5,0.0,10,3,301
Delhi,2021-10-29,203.8,428.7,49.2,25.4,81.6,12.4,2.08,65.7,127.1,13.88,18.0,4.84,471.5,Poor,20.779166666666665,68.45833333333333,1.9425,322.9166666666667,0.0,10,4,302
Delhi,2021-10-30,195.1,331.7,52.0,103.0,176.0,22.1,4.74,39.8,66.9,17.25,5.36,7.4,283.8,Poor,21.195833333333333,60.625,3.1195833333333334,298.0416666666667,0.0,10,5,303
Delhi,2021-10-31,260.8,75.4,140.3,53.5,84.1,41.6,3.89,44.7,110.4,12.16,19.16,9.47,101.0,Satisfactory,21.954166666666666,54.958333333333336,2.7054166666666664,266.4166666666667,0.0,10,6,304
Delhi,2021-11-01,236.9,474.9,196.8,129.7,135.9,14.4,9.11,69.6,147.8,8.44,16.5,9.09,492.2,Poor,21.254166666666666,63.583333333333336,2.0454166666666667,131.20833333333334,0.0,11,0,305
Delhi,2021-11-02,107.0,118.6,150.7,19.9,178.8,37.6,4.55,46.8,57.1,11.8,0.2,5.62,269.0,Severe,21.095833333333335,70.16666666666667,2.5837499999999998,133.95833333333334,0.0,11,1,306
Delhi,2021-11-03,425.8,298.0,149.6,136.8,152.1,46.5,2.31,39.4,154.3,8.8,24.74,5.11,375.7,Severe,21.099999999999998,68.04166666666667,2.1304166666666666,166.375,0.0,11,2,307
Delhi,2021-11-04,171.4,440.5,187.1,136.0,112.3,39.8,5.18,63.7,37.6,10.56,21.92,5.06,289.1,Very Poor,20.912499999999998,68.125,1.6604166666666667,191.54166666666666,0.0,11,3,308
Delhi,2021-11-05,439.0,13.7,143.8,69.9,55.7,2.2,5.89,24.4,33.5,11.34,14.58,3.77,111.4,Severe,20.4375,67.875,2.057916666666667,312.25,0.0,11,4,309
Delhi,2021-11-06,282.0,240.5,124.0,18.1,130.9,3.9,4.05,0.9,113.2,19.94,18.74,1.53,255.3,Moderate,20.6875,60.208333333333336,3.2008333333333336,290.625,0.0,11,5,310
Delhi,2021-11-07,55.2,4.9,124.3,133.8,211.6,18.1,3.27,68.6,110.6,15.45,19.53,5.94,106.3,Satisfactory,20.958333333333332,63.291666666666664,2.870416666666667,291.7916666666667,0.0,11,6,311
Delhi,2021-11-08,285.3,361.7,37.0,46.1,22.3,32.4,1.14,82.9,13.9,9.71,28.69,9.76,165.4,Severe,20.4875,64.70833333333333,2.6454166666666667,299.5416666666667,0.0,11,0,312
Delhi,2021-11-09,425.8,588.8,30.5,7.6,97.3,0.8,1.11,62.5,49.4,2.74,15.76,5.9,104.7,Poor,20.316666666666666,64.58333333333333,2.6616666666666666,303.5833333333333,0.0,11,1,313
Delhi,2021-11-10,456.7,562.8,151.3,104.6,186.1,14.0,0.13,60.7,176.9,7.3,8.7,7.31,416.3,Very Poor,20.099999999999998,67.08333333333333,2.4566666666666666,296.875,0.0,11,2,314
Delhi,2021-11-11,413.4,372.4,182.2,13.3,195.7,36.9,9.76,58.6,99.8,18.71,2.23,1.31,54.4,Good,19.754166666666666,68.25,2.11125,309.7916666666667,0.0,11,3,315
Delhi,2021-11-12,258.2,361.5,148.8,125.2,5.5,13.9,7.0,45.4,35.0,10.52,19.82,9.51,49.7,Satisfactory,19.508333333333333,68.125,2.36,309.75,0.0,11,4,316
Delhi,2021-11-13,236.5,446.5,34.7,87.9,90.9,38.7,2.71,7.2,128.1,11.45,0.08,9.28,213.3,Satisfactory,18.995833333333334,62.25,2.254166666666667,300.5416666666667,0.0,11,5,317
Delhi,2021-11-14,415.2,500.7,49.9,6.6,248.1,21.0,8.32,39.6,124.1,15.34,5.7,2.29,115.8,Poor,18.595833333333335,60.166666666666664,1.7175,299.625,0.0,11,6,318
Delhi,2021-11-15,147.4,103.8,45.6,2.2,131.2,47.6,8.21,78.0,104.6,19.9,16.0,3.71,249.7,Satisfactory,17.866666666666667,60.958333333333336,2.2604166666666665,304.625,0.0,11,0,319
Delhi,2021-11-16,66.6,96.0,130.9,92.3,39.3,28.5,6.25,54.3,78.1,17.93,2.68,8.17,435.9,Severe,17.245833333333334,64.25,2.1716666666666664,301.125,0.0,11,1,320
Delhi,2021-11-17,378.8,218.2,53.5,83.9,170.9,34.6,2.92,45.3,135.3,7.99,25.67,7.64,55.1,Very Poor,17.691666666666666,69.20833333333333,1.5229166666666665,184.58333333333334,0.0,11,2,321
Delhi,2021-11-18,214.2,386.3,6.7,20.7,160.1,4.2,5.34,33.3,68.2,18.21,7.03,9.39,201.4,Satisfactory,18.425,72.79166666666667,0.9270833333333334,169.33333333333334,0.0,11,3,322
Delhi,2021-11-19,101.3,66.8,168.3,147.7,125.7,47.3,9.04,55.4,38.7,9.16,0.79,1.11,435.8,Satisfactory,18.508333333333333,68.95833333333333,1.6629166666666666,315.7083333333333,0.0,11,4,323
Delhi,2021-11-20,484.6,342.4,108.0,38.6,125.3,6.4,9.83,5.9,175.5,5.97,2.38,6.9,347.3,Severe,18.754166666666666,64.04166666666667,1.7866666666666668,304.4583333333333,0.0,11,5,324
Delhi,2021-11-21,190.9,63.7,150.5,83.1,221.9,17.5,9.64,85.5,172.3,16.47,9.15,7.13,178.4,Satisfactory,18.666666666666668,61.458333333333336,2.7441666666666666,310.7916666666667,0.0,11,6,325
Delhi,2021-11-22,320.2,576.6,91.3,126.5,97.9,45.7,5.79,14.6,81.3,6.89,6.38,8.09,14.6,Very Poor,18.645833333333332,52.916666666666664,4.254166666666666,290.0416666666667,0.0,11,0,326
Delhi,2021-11-23,256.9,342.6,126.3,78.0,224.1,31.9,9.45,57.5,84.3,12.6,29.88,7.1,325.1,Severe,17.833333333333332,59.5,3.3845833333333335,277.375,0.0,11,1,327
Delhi,2021-11-24,334.2,410.5,93.0,71.8,8.8,21.1,4.86,45.8,39.8,12.01,7.75,8.89,477.1,Satisfactory,17.391666666666666,67.70833333333333,1.85375,140.29166666666666,0.0,11,2,328
Delhi,2021-11-25,198.0,315.2,178.7,60.6,115.1,20.2,3.26,45.4,148.3,8.62,8.7,2.05,405.7,Satisfactory,17.258333333333333,75.54166666666667,2.026666666666667,145.41666666666666,0.0,11,3,329
Delhi,2021-11-26,52.8,285.5,65.0,122.1,64.2,7.9,3.69,86.0,134.5,6.57,8.03,9.2,171.5,Satisfactory,18.141666666666666,72.375,1.5670833333333334,154.91666666666666,0.0,11,4,330
Delhi,2021-11-27,209.7,41.1,17.6,25.2,46.1,9.9,1.41,22.2,187.2,13.95,25.96,2.79,414.0,Satisfactory,18.3625,75.33333333333333,1.9391666666666667,113.375,0.0,11,5,331
Delhi,2021-11-28,218.6,18.8,30.7,134.4,79.2,21.9,9.13,66.7,148.0,18.46,21.34,8.54,335.6,Severe,18.212500000000002,77.29166666666667,1.9037499999999998,146.79166666666666,0.0,11,6,332
Delhi,2021-11-29,376.0,329.5,56.9,18.0,50.5,44.3,7.83,42.1,38.5,18.53,10.97,3.99,90.4,Severe,17.591666666666665,68.20833333333333,2.603333333333333,307.125,0.0,11,0,333
Delhi,2021-11-30,210.5,549.8,177.6,73.3,117.7,27.6,9.4,72.1,55.3,2.2,15.65,8.18,181.6,Moderate,17.75,67.625,3.2120833333333336,298.7083333333333,0.0,11,1,334
Delhi,2021-12-01,377.0,599.5,69.9,93.0,12.0,6.5,0.87,89.0,93.9,15.25,6.54,6.91,135.2,Very Poor,16.8,76.08333333333333,1.6420833333333331,331.0416666666667,0.0,12,2,335
Delhi,2021-12-02,377.9,190.9,165.1,10.1,221.4,24.6,10.0,37.9,7.6,14.84,2.81,3.86,44.0,Poor,16.25,81.79166666666667,1.8895833333333334,296.5833333333333,3.5,12,3,336
Delhi,2021-12-03,351.5,414.0,126.5,100.3,236.2,2.4,5.11,2.9,180.3,1.06,11.8,5.83,323.1,Poor,17.220833333333335,81.45833333333333,1.5662500000000001,291.625,0.0,12,4,337
Delhi,2021-12-04,220.1,128.4,196.8,125.6,161.1,24.0,5.48,59.7,165.1,10.5,22.72,9.63,51.2,Severe,17.325,76.16666666666667,1.98625,285.625,0.0,12,5,338
Delhi,2021-12-05,300.3,361.1,34.3,101.3,94.8,31.5,6.27,93.8,53.0,13.28,8.89,0.11,213.9,Good,18.729166666666668,73.33333333333333,1.2966666666666666,157.5,0.2,12,6,339
Delhi,2021-12-06,88.9,33.7,102.5,66.9,134.9,17.8,1.54,13.2,122.9,8.53,15.76,4.35,98.2,Poor,18.1125,78.91666666666667,2.1979166666666665,305.2083333333333,0.5,12,0,340
Delhi,2021-12-07,458.3,572.7,50.4,14.0,0.4,8.8,7.02,35.3,176.7,14.29,10.54,5.41,80.6,Severe,16.587500000000002,73.91666666666667,2.985,309.375,0.0,12,1,341
Delhi,2021-12-08,58.0,95.4,33.9,93.1,85.4,48.4,6.97,96.7,153.3,18.22,2.8,0.56,209.1,Moderate,15.200000000000001,72.41666666666667,2.6245833333333333,291.0416666666667,0.0,12,2,342
Delhi,2021-12-09,265.8,24.5,146.3,136.1,100.6,5.8,7.29,87.1,43.5,13.93,10.34,7.92,184.2,Moderate,15.008333333333333,73.58333333333333,1.8295833333333331,305.4166666666667,0.0,12,3,343
Delhi,2021-12-10,400.2,435.7,27.9,128.0,221.3,24.7,3.35,22.1,170.9,2.91,20.43,0.55,403.6,Very Poor,15.345833333333333,70.45833333333333,2.450833333333333,292.3333333333333,0.0,12,4,344
Delhi,2021-12-11,133.3,62.4,85.3,89.7,162.4,19.1,2.21,92.0,36.5,10.6,28.85,8.97,96.2,Satisfactory,14.491666666666667,68.91666666666667,2.7575000000000003,277.7083333333333,0.0,12,5,345
Delhi,2021-12-12,119.6,459.3,167.2,72.0,122.8,12.4,1.83,95.1,95.2,12.52,25.31,7.77,28.3,Moderate,14.404166666666667,68.54166666666667,1.48375,208.45833333333334,0.0,12,6,346
Delhi,2021-12-13,319.7,382.3,73.6,79.4,178.8,42.8,8.67,13.7,96.1,3.51,9.17,5.75,345.5,Moderate,14.654166666666667,71.83333333333333,0.7908333333333334,190.375,0.0,12,0,347
Delhi,2021-12-14,304.5,353.7,135.9,37.5,40.9,9.6,6.8,97.7,27.2,5.47,24.93,4.09,370.9,Very Poor,14.4125,73.66666666666667,1.5208333333333333,145.83333333333334,0.0,12,1,348
Delhi,2021-12-15,305.2,34.2,72.9,110.2,104.7,15.3,3.13,6.9,38.5,11.06,9.3,8.37,370.1,Poor,13.5625,71.0,2.295,337.7083333333333,0.0,12,2,349
Delhi,2021-12-16,293.3,64.9,18.8,24.5,7.7,17.7,7.16,86.0,182.5,6.38,22.77,0.12,162.3,Satisfactory,13.520833333333334,71.70833333333333,2.4579166666666667,240.54166666666666,0.0,12,3,350
Delhi,2021-12-17,59.7,213.8,162.5,30.1,221.0,33.7,7.65,97.4,106.0,19.35,7.04,2.43,300.2,Poor,12.2875,59.958333333333336,3.90875,315.3333333333333,0.0,12,4,351
Delhi,2021-12-18,369.3,121.3,62.2,111.4,48.8,29.5,6.73,12.6,130.2,1.02,9.57,8.35,479.8,Good,11.329166666666666,65.79166666666667,4.416666666666667,298.7083333333333,0.0,12,5,352
Delhi,2021-12-19,55.1,528.4,135.4,46.3,195.8,24.6,7.4,41.3,162.5,6.41,2.0,3.95,93.7,Very Poor,11.020833333333334,65.58333333333333,3.674583333333333,296.125,0.0,12,6,353
Delhi,2021-12-20,58.9,34.4,170.8,118.9,58.3,39.3,1.14,99.9,10.8,1.89,19.2,6.61,448.1,Severe,11.079166666666666,72.70833333333333,2.5816666666666666,295.9583333333333,0.0,12,0,354
Delhi,2021-12-21,387.3,587.4,26.4,83.4,218.3,9.2,1.33,52.8,122.9,9.92,14.81,7.19,22.1,Moderate,11.604166666666666,76.58333333333333,2.1304166666666666,307.375,0.0,12,1,355
Delhi,2021-12-22,178.4,351.5,115.1,118.3,51.4,6.4,8.9,44.2,103.4,14.08,10.83,4.42,485.8,Moderate,12.891666666666666,70.75,1.8058333333333334,221.125,0.0,12,2,356
Delhi,2021-12-23,452.5,556.4,120.1,44.7,45.9,26.5,2.14,65.6,18.9,7.9,26.01,4.05,25.9,Moderate,14.033333333333333,73.375,1.8041666666666665,117.875,0.0,12,3,357
Delhi,2021-12-24,17.8,55.2,135.2,12.1,173.5,44.4,8.29,58.2,80.2,4.16,3.18,0.6,357.3,Very Poor,14.345833333333333,74.91666666666667,1.8399999999999999,120.41666666666667,0.0,12,4,358
Delhi,2021-12-25,252.0,24.3,27.3,86.9,191.4,42.3,4.85,9.9,172.9,12.17,11.29,5.14,253.4,Severe,15.045833333333334,75.95833333333333,1.0262499999999999,141.29166666666666,0.0,12,5,359
Delhi,2021-12-26,413.7,549.9,71.6,110.0,47.3,25.6,9.84,77.5,60.6,18.84,28.29,5.65,413.9,Moderate,14.6875,81.91666666666667,1.7441666666666666,109.54166666666667,3.6,12,6,360
Delhi,2021-12-27,387.1,551.2,107.4,9.1,223.9,18.5,9.52,1.5,118.0,18.87,21.75,7.49,451.7,Good,14.541666666666666,74.5,1.8254166666666667,150.5,0.8999999999999999,12,0,361
Delhi,2021-12-28,26.8,7.9,186.6,2.2,162.2,29.3,6.25,3.4,178.2,17.62,11.8,6.3,124.8,Severe,14.066666666666668,78.16666666666667,1.41375,116.33333333333333,1.5,12,1,362
Delhi,2021-12-29,346.7,229.1,189.1,120.1,30.4,28.0,4.05,83.1,102.9,19.77,23.26,8.73,343.2,Moderate,12.866666666666667,74.70833333333333,1.9358333333333333,295.4583333333333,0.0,12,2,363
Delhi,2021-12-30,481.8,223.9,120.7,30.2,127.4,6.0,2.16,65.6,54.7,17.63,14.95,7.66,435.5,Severe,10.720833333333333,70.5,2.09375,334.125,0.0,12,3,364
Delhi,2021-12-31,78.7,304.4,169.4,59.3,136.4,35.7,0.44,40.2,152.3,10.53,12.8,6.31,34.0,Very Poor,10.508333333333333,75.58333333333333,2.154166666666667,296.875,0.0,12,4,365
Delhi,2022-01-01,111.9,265.6,157.7,21.3,170.4,11.5,2.11,26.3,49.2,13.16,5.23,7.87,379.3,Good,11.016666666666666,78.58333333333333,2.0412500000000002,288.375,0.0,1,5,1
Delhi,2022-01-02,91.6,222.3,73.4,69.3,79.7,26.1,2.67,42.7,69.5,7.45,13.97,6.69,41.2,Satisfactory,11.729166666666666,80.5,2.00875,296.25,0.0,1,6,2
Delhi,2022-01-03,128.3,294.0,127.6,18.8,91.6,18.0,5.84,43.2,51.0,16.98,13.14,9.88,340.9,Moderate,12.3375,78.125,2.19375,288.3333333333333,0.0,1,0,3
Delhi,2022-01-04,169.1,263.2,180.2,20.3,161.3,35.8,1.51,89.0,71.2,18.84,7.12,1.1,492.3,Satisfactory,14.079166666666666,74.79166666666667,1.78125,224.95833333333334,0.0,1,1,4
Delhi,2022-01-05,296.2,395.9,137.1,14.7,35.2,37.9,2.91,13.7,106.7,16.26,5.81,8.87,127.3,Good,13.329166666666666,88.79166666666667,2.6041666666666665,129.58333333333334,9.0,1,2,5
Delhi,2022-01-06,234.0,0.6,1.8,66.1,226.5,25.8,9.06,50.1,163.3,8.43,25.52,5.8,26.3,Poor,14.658333333333333,83.125,3.1612500000000003,134.29166666666666,0.7999999999999999,1,3,6
Delhi,2022-01-07,319.7,305.0,31.9,37.5,203.6,35.0,6.4,54.3,108.6,14.36,5.59,9.95,195.2,Poor,15.595833333333333,85.41666666666667,3.8129166666666667,129.83333333333334,1.4,1,4,7
Delhi,2022-01-08,98.6,506.1,129.1,104.7,225.9,5.7,9.61,41.0,145.4,17.72,6.92,7.36,214.9,Very Poor,15.4,90.0,4.140416666666667,117.0,21.2,1,5,8
Delhi,2022-01-09,456.4,72.5,140.0,146.9,8.9,6.1,6.8,42.2,178.4,4.35,5.76,5.46,384.3,Good,14.237499999999999,90.0,1.9183333333333332,269.125,5.3,1,6,9
Delhi,2022-01-10,355.6,367.4,189.2,113.1,81.3,11.5,7.17,39.7,116.2,4.07,14.23,7.05,359.8,Very Poor,11.516666666666666,84.33333333333333,2.4541666666666666,305.125,0.0,1,0,10
Delhi,2022-01-11,301.1,592.0,73.5,33.3,41.7,48.6,2.58,0.3,133.9,4.22,23.56,7.82,324.8,Good,11.583333333333334,80.66666666666667,2.5591666666666666,303.5,0.0,1,1,11
Delhi,2022-01-12,332.4,524.5,42.9,19.0,23.2,31.7,1.42,80.9,55.0,19.89,13.06,4.72,20.1,Good,11.591666666666667,81.5,2.2583333333333333,284.0833333333333,0.0,1,2,12
Delhi,2022-01-13,162.2,87.3,187.0,146.8,64.2,37.2,4.23,58.2,144.4,16.12,28.81,8.15,436.6,Moderate,12.049999999999999,77.75,1.2466666666666668,166.875,0.0,1,3,13
Delhi,2022-01-14,312.1,318.7,171.3,118.1,38.9,21.8,5.4,86.0,128.9,2.24,28.66,6.21,162.1,Good,10.245833333333334,84.5,1.5254166666666666,281.9166666666667,0.0,1,4,14
Delhi,2022-01-15,111.7,311.2,8.5,7.8,85.8,40.5,5.55,26.7,131.4,12.41,18.56,2.68,337.1,Poor,10.016666666666667,88.16666666666667,1.7699999999999998,315.3333333333333,0.0,1,5,15
Delhi,2022-01-16,365.2,363.8,9.5,62.7,149.9,39.0,0.19,97.6,132.6,17.77,7.04,4.54,293.3,Satisfactory,10.15,87.91666666666667,1.7020833333333334,238.16666666666666,0.0,1,6,16
Delhi,2022-01-17,240.9,225.4,80.6,52.2,100.3,11.6,0.02,45.0,72.4,0.35,20.76,0.77,226.2,Severe,9.512500000000001,86.04166666666667,1.1300000000000001,287.5416666666667,0.0,1,0,17
Delhi,2022-01-18,193.2,227.3,92.5,89.1,28.8,1.3,0.94,93.3,51.3,5.21,24.09,8.62,35.0,Moderate,9.604166666666666,89.91666666666667,2.3545833333333333,288.7916666666667,0.0,1,1,18
Delhi,2022-01-19,454.9,405.7,65.0,33.1,22.2,16.5,3.92,88.7,186.8,0.65,20.11,6.15,309.2,Very Poor,10.924999999999999,89.25,1.7270833333333335,260.5416666666667,0.2,1,2,19
Delhi,2022-01-20,263.8,193.5,69.6,88.4,141.6,6.3,0.17,1.4,191.2,14.45,24.13,3.08,1.5,Very Poor,12.7875,88.25,1.5333333333333332,149.83333333333334,0.7,1,3,20
Delhi,2022-01-21,150.4,408.2,30.1,124.8,123.3,42.0,7.53,55.4,145.2,10.87,19.79,3.74,72.7,Good,12.079166666666666,86.04166666666667,1.8412499999999998,132.95833333333334,0.0,1,4,21
Delhi,2022-01-22,151.7,599.0,112.9,116.0,30.1,15.2,1.28,73.1,81.7,14.73,16.21,1.03,386.4,Severe,13.362499999999999,83.04166666666667,5.434583333333333,120.79166666666667,25.3,1,5,22
Delhi,2022-01-23,351.8,18.4,152.5,120.4,80.9,24.3,6.11,74.4,147.4,13.77,1.22,7.44,9.7,Very Poor,12.575000000000001,86.79166666666667,2.3195833333333336,213.125,3.5000000000000004,1,6,23
Delhi,2022-01-24,331.9,30.3,29.4,116.8,16.3,11.1,2.39,5.5,23.5,15.39,14.25,3.15,483.9,Satisfactory,10.4,85.16666666666667,2.2845833333333334,290.875,0.2,1,0,24
Delhi,2022-01-25,243.4,56.8,78.9,140.3,101.4,21.2,6.39,60.9,188.3,5.15,29.07,0.02,369.5,Good,10.204166666666667,82.625,2.3658333333333332,295.1666666666667,0.0,1,1,25
Delhi,2022-01-26,403.9,583.5,176.5,91.7,180.1,38.0,9.37,76.0,65.9,12.81,1.32,6.7,354.6,Moderate,10.616666666666667,83.04166666666667,2.6791666666666667,288.1666666666667,0.0,1,2,26
Delhi,2022-01-27,189.5,105.7,78.1,122.0,192.3,0.4,7.61,42.1,55.6,19.89,24.96,5.4,176.8,Poor,11.595833333333333,75.125,3.6325000000000003,286.5416666666667,0.0,1,3,27
Delhi,2022-01-28,170.1,67.2,141.2,113.4,4.4,27.6,2.9,92.4,122.8,10.21,4.4,6.94,112.1,Severe,11.595833333333333,73.16666666666667,3.8487500000000003,282.9583333333333,0.0,1,4,28
Delhi,2022-01-29,482.0,470.1,61.2,130.2,70.3,40.5,6.26,21.6,158.2,7.44,18.89,9.14,110.4,Good,12.170833333333334,75.91666666666667,2.4779166666666668,285.5416666666667,0.0,1,5,29
Delhi,2022-01-30,354.8,389.4,1.1,76.6,146.7,30.2,3.55,62.6,199.9,18.98,19.25,0.92,238.9,Moderate,13.5625,74.41666666666667,3.9125,287.9583333333333,0.0,1,6,30
Delhi,2022-01-31,377.8,212.6,129.3,30.7,171.7,47.0,0.39,39.9,88.1,5.51,19.95,9.84,182.9,Poor,13.470833333333333,82.79166666666667,1.4312500000000001,149.25,0.0,1,0,31
Delhi,2022-02-01,416.3,288.0,23.1,127.1,234.1,40.6,6.84,95.5,186.5,18.39,15.79,1.5,336.9,Poor,13.666666666666666,86.875,2.2029166666666664,271.5833333333333,0.0,2,1,32
Delhi,2022-02-02,219.1,465.7,92.7,1.8,138.4,27.1,8.27,98.1,21.4,0.87,16.02,9.59,270.9,Moderate,14.116666666666667,79.75,2.7741666666666664,221.79166666666666,0.0,2,2,33
Delhi,2022-02-03,209.4,323.0,163.2,122.9,202.2,18.3,2.05,18.2,54.1,9.49,25.74,0.55,281.3,Very Poor,12.549999999999999,84.25,5.4775,113.70833333333333,10.0,2,3,34
Delhi,2022-02-04,342.1,345.0,86.4,118.2,139.4,15.6,1.48,87.5,118.4,4.25,22.45,9.26,418.5,Severe,11.516666666666666,84.16666666666667,3.5275,292.875,0.1,2,4,35
Delhi,2022-02-05,76.5,589.3,97.7,51.3,213.4,41.2,8.72,21.8,159.1,0.14,27.41,7.69,469.1,Good,10.924999999999999,84.54166666666667,1.8679166666666667,271.2083333333333,0.0,2,5,36
Delhi,2022-02-06,212.3,356.6,1.2,1.7,186.9,37.4,9.81,36.4,92.8,6.66,13.68,8.97,402.9,Severe,12.879166666666668,79.625,1.5704166666666666,226.125,0.0,2,6,37
Delhi,2022-02-07,477.7,46.8,77.5,25.7,10.4,22.4,1.26,58.0,193.4,7.42,1.35,4.52,13.4,Very Poor,14.833333333333334,81.20833333333333,2.0720833333333335,140.125,0.0,2,0,38
Delhi,2022-02-08,257.8,235.8,106.9,48.1,72.6,42.0,4.42,63.1,118.4,3.41,18.44,8.66,126.1,Good,15.741666666666667,83.625,1.4337499999999999,130.70833333333334,1.3,2,1,39
Delhi,2022-02-09,348.7,132.6,192.1,139.6,228.9,1.6,5.94,56.1,76.5,11.65,13.91,3.8,285.6,Moderate,14.079166666666666,84.5,2.497916666666667,57.666666666666664,3.7,2,2,40
Delhi,2022-02-10,388.3,199.2,13.0,43.6,166.9,45.1,0.6,80.5,85.5,15.69,2.17,0.71,34.9,Moderate,13.704166666666666,76.25,2.73,277.875,0.0,2,3,41
Delhi,2022-02-11,277.1,326.9,4.9,20.8,55.2,11.0,8.43,82.6,86.3,1.83,12.85,0.03,58.1,Poor,14.204166666666666,66.58333333333333,4.2575,288.8333333333333,0.0,2,4,42
Delhi,2022-02-12,197.1,323.9,180.1,123.0,217.2,5.5,5.8,20.2,41.3,17.72,2.66,5.74,429.3,Satisfactory,14.208333333333334,70.0,3.5775,286.375,0.0,2,5,43
Delhi,2022-02-13,190.0,385.0,102.1,139.9,240.3,27.9,9.35,0.5,90.0,17.89,11.38,5.82,200.6,Good,14.304166666666667,74.5,1.745,203.83333333333334,0.0,2,6,44
Delhi,2022-02-14,326.0,169.0,28.6,0.0,51.0,34.6,0.88,3.4,26.3,18.12,26.43,6.22,159.3,Moderate,15.258333333333333,73.625,1.9566666666666668,157.625,0.0,2,0,45
Delhi,2022-02-15,210.0,121.4,12.7,96.8,55.2,39.3,2.14,77.7,53.8,0.84,25.31,0.47,261.8,Good,15.904166666666667,70.79166666666667,1.7020833333333334,190.66666666666666,0.0,2,1,46
Delhi,2022-02-16,294.1,157.3,48.4,108.0,206.4,48.8,1.3,83.6,9.8,10.81,18.6,8.09,464.2,Very Poor,15.683333333333332,74.625,2.186666666666667,307.4583333333333,0.0,2,2,47
Delhi,2022-02-17,464.8,238.6,76.3,117.5,142.4,34.5,7.84,53.3,135.5,15.88,14.93,0.94,329.8,Severe,16.654166666666665,68.70833333333333,2.3058333333333336,251.20833333333334,0.0,2,3,48
Delhi,2022-02-18,463.5,291.1,181.5,149.0,97.1,41.5,5.4,16.3,115.5,19.85,26.05,5.38,268.4,Poor,16.595833333333335,66.875,2.0016666666666665,311.8333333333333,0.0,2,4,49
Delhi,2022-02-19,342.3,22.9,30.0,60.2,203.2,21.9,2.65,95.8,165.4,9.75,16.47,3.05,51.0,Moderate,16.354166666666668,64.54166666666667,3.138333333333333,302.75,0.0,2,5,50
Delhi,2022-02-20,231.3,55.2,147.5,129.2,13.7,28.8,7.85,48.9,91.4,8.22,8.01,6.94,375.4,Good,17.070833333333333,59.125,4.355833333333334,291.9166666666667,0.0,2,6,51
Delhi,2022-02-21,348.8,431.6,183.5,61.2,119.5,17.4,6.14,6.4,25.8,9.07,16.42,0.59,494.0,Satisfactory,17.333333333333332,58.0,2.330416666666667,263.3333333333333,0.0,2,0,52
Delhi,2022-02-22,106.6,447.8,197.9,135.4,169.1,22.0,4.47,16.4,48.7,8.85,2.54,1.27,391.8,Satisfactory,18.216666666666665,59.041666666666664,5.3879166666666665,118.70833333333333,0.0,2,1,53
Delhi,2022-02-23,406.5,199.9,59.0,138.0,74.1,17.9,4.42,94.8,179.2,7.76,20.96,6.01,366.6,Very Poor,18.6375,69.08333333333333,3.65875,106.16666666666667,0.0,2,2,54
Delhi,2022-02-24,377.1,368.0,80.3,82.3,240.5,40.8,7.59,67.4,129.0,10.96,21.5,5.71,212.2,Good,17.7375,74.375,1.9225,217.5,0.0,2,3,55
Delhi,2022-02-25,48.0,470.4,68.5,121.1,71.0,38.4,1.84,20.9,139.7,13.32,16.09,1.87,305.4,Poor,18.2375,71.375,2.0329166666666665,89.5,0.39999999999999997,2,4,56
Delhi,2022-02-26,83.6,261.8,81.9,32.4,114.5,14.0,1.5,55.8,68.8,2.65,15.38,8.31,17.2,Poor,17.5625,71.45833333333333,4.4475,86.25,3.6,2,5,57
Delhi,2022-02-27,131.6,98.5,20.8,109.8,3.1,31.1,3.91,82.9,55.7,11.33,18.64,2.9,487.4,Satisfactory,17.025000000000002,64.95833333333333,2.8829166666666666,245.33333333333334,0.0,2,6,58
Delhi,2022-02-28,313.5,592.7,173.1,149.9,156.4,46.3,4.44,16.8,184.8,14.55,10.87,1.52,0.7,Severe,16.287499999999998,65.375,3.31375,303.4583333333333,0.0,2,0,59
Delhi,2022-03-01,300.2,374.7,156.0,27.0,52.1,5.9,9.44,82.9,86.7,6.71,18.84,3.44,83.5,Good,16.8125,67.625,2.2712499999999998,304.0833333333333,0.0,3,1,60
Delhi,2022-03-02,129.5,269.0,163.6,144.3,82.3,48.6,5.25,42.7,148.8,4.2,28.37,1.24,398.1,Severe,18.075,66.79166666666667,1.8175,305.5416666666667,0.0,3,2,61
Delhi,2022-03-03,98.9,97.1,63.1,38.4,193.5,3.4,4.36,8.4,167.2,2.64,27.9,9.53,149.3,Very Poor,18.979166666666668,67.66666666666667,1.7520833333333332,183.08333333333334,0.2,3,3,62
Delhi,2022-03-04,66.1,462.1,44.9,95.8,156.3,33.0,3.12,18.8,132.0,4.96,5.61,9.66,135.3,Moderate,18.866666666666667,70.625,3.689166666666667,310.5833333333333,0.0,3,4,63
Delhi,2022-03-05,150.0,233.8,61.6,68.5,130.1,28.4,2.6,57.4,176.0,7.38,2.27,4.67,216.4,Moderate,18.900000000000002,66.20833333333333,3.939583333333333,294.6666666666667,0.0,3,5,64
Delhi,2022-03-06,265.4,293.8,84.5,143.9,113.6,48.7,2.5,65.2,193.1,19.34,27.35,2.87,368.9,Very Poor,19.683333333333334,64.54166666666667,1.9037499999999998,229.625,0.0,3,6,65
Delhi,2022-03-07,103.3,17.4,72.2,90.9,26.0,46.5,7.29,23.0,62.8,10.29,29.42,5.96,412.2,Poor,20.233333333333334,65.16666666666667,1.9262499999999998,115.625,0.0,3,0,66
Delhi,2022-03-08,360.0,222.7,9.9,26.8,54.6,37.2,3.77,62.1,155.4,18.4,26.26,8.86,441.3,Very Poor,20.979166666666668,60.041666666666664,2.813333333333333,303.875,0.0,3,1,67
Delhi,2022-03-09,397.5,151.3,44.3,26.4,88.9,47.8,6.3,14.7,16.2,2.28,23.12,5.69,200.8,Moderate,21.870833333333334,52.333333333333336,3.095,304.75,0.0,3,2,68
Delhi,2022-03-10,26.6,360.9,109.6,118.7,108.1,2.8,7.65,67.3,2.5,19.08,2.61,0.24,144.3,Satisfactory,21.979166666666668,53.125,3.4095833333333334,305.875,0.0,3,3,69
Delhi,2022-03-11,331.5,89.7,148.5,106.4,99.8,4.0,9.4,22.7,117.0,19.42,28.55,2.29,222.9,Very Poor,21.879166666666666,59.333333333333336,3.44875,297.4166666666667,0.0,3,4,70
Delhi,2022-03-12,384.3,318.2,91.6,52.2,156.1,50.0,6.64,13.7,84.4,12.6,13.88,2.92,35.4,Poor,22.116666666666664,55.75,3.215,293.1666666666667,0.0,3,5,71
Delhi,2022-03-13,414.9,293.5,181.3,43.5,65.5,36.0,2.06,88.5,93.5,5.89,2.35,0.89,410.8,Satisfactory,23.166666666666668,62.125,3.015,298.2916666666667,0.0,3,6,72
Delhi,2022-03-14,409.4,422.5,10.9,49.7,200.8,13.3,1.38,94.2,135.4,5.41,10.66,9.66,120.6,Poor,23.733333333333334,68.5,2.2958333333333334,303.625,0.0,3,0,73
Delhi,2022-03-15,207.1,206.4,126.4,48.6,115.1,1.8,8.84,97.8,32.9,0.42,10.11,0.77,0.6,Severe,25.854166666666668,66.20833333333333,2.7729166666666667,279.9583333333333,0.0,3,1,74
Delhi,2022-03-16,423.9,217.0,170.6,70.1,203.4,18.3,3.68,95.3,167.3,9.17,18.91,8.47,349.8,Poor,26.962500000000002,59.708333333333336,4.291666666666667,287.9166666666667,0.0,3,2,75
Delhi,2022-03-17,468.6,193.6,4.6,23.4,135.5,43.0,1.48,75.0,91.9,19.81,15.65,2.73,19.1,Poor,26.337500000000002,67.5,1.8054166666666667,204.04166666666666,0.0,3,3,76
Delhi,2022-03-18,274.1,117.5,138.7,37.5,40.8,19.4,0.45,73.6,90.0,19.67,11.19,7.05,119.1,Severe,27.175,67.83333333333333,2.33875,118.75,0.0,3,4,77
Delhi,2022-03-19,329.2,63.3,164.2,34.9,144.6,30.8,6.63,28.6,129.8,14.13,9.0,1.91,380.0,Severe,27.245833333333334,62.708333333333336,1.995,140.625,0.0,3,5,78
Delhi,2022-03-20,154.7,149.4,119.9,136.0,215.9,23.1,5.3,78.5,109.8,14.81,16.56,4.79,0.7,Very Poor,27.933333333333334,52.25,2.2816666666666667,170.79166666666666,0.0,3,6,79
Delhi,2022-03-21,206.9,173.4,125.7,34.5,169.8,46.0,8.32,65.1,30.8,14.53,20.92,3.79,415.5,Moderate,27.395833333333332,47.875,2.59125,297.875,0.0,3,0,80
Delhi,2022-03-22,93.5,407.4,22.8,147.5,202.8,36.4,6.54,14.1,175.8,17.53,15.26,6.66,71.2,Poor,27.679166666666664,44.291666666666664,4.6625000000000005,300.6666666666667,0.0,3,1,81
Delhi,2022-03-23,131.7,486.3,93.4,136.4,89.8,38.8,4.87,48.5,58.1,0.69,7.87,3.89,449.8,Good,27.291666666666668,41.625,2.660833333333333,253.79166666666666,0.0,3,2,82
Delhi,2022-03-24,485.7,515.0,1.3,92.6,3.7,1.8,8.11,32.8,107.6,12.06,29.3,7.96,249.6,Good,26.804166666666664,42.333333333333336,3.0941666666666667,227.83333333333334,0.0,3,3,83
Delhi,2022-03-25,69.0,142.5,27.6,5.2,73.7,34.6,6.07,45.7,41.9,14.4,9.84,9.3,241.4,Moderate,26.491666666666664,34.0,3.3674999999999997,302.9583333333333,0.0,3,4,84
Delhi,2022-03-26,329.4,150.8,88.1,103.9,85.7,25.7,7.17,1.7,34.3,7.36,9.85,0.9,30.9,Satisfactory,26.90833333333333,31.75,4.800833333333333,291.2083333333333,0.0,3,5,85
Delhi,2022-03-27,363.5,9.7,32.2,97.8,47.4,26.9,6.24,7.9,144.1,3.23,18.41,9.8,38.8,Poor,27.454166666666666,29.833333333333332,3.9975,285.1666666666667,0.0,3,6,86
Delhi,2022-03-28,12.2,589.3,125.9,104.7,217.4,29.5,4.17,56.2,180.0,15.06,14.5,6.55,370.8,Very Poor,27.891666666666666,33.0,2.4970833333333333,295.6666666666667,0.0,3,0,87
Delhi,2022-03-29,367.4,425.8,108.0,120.5,61.2,31.0,7.79,6.5,35.7,18.06,4.21,4.78,202.9,Very Poor,28.633333333333336,29.208333333333332,3.2216666666666662,286.7916666666667,0.0,3,1,88
Delhi,2022-03-30,300.8,15.9,116.1,134.1,248.2,26.3,9.38,63.0,118.8,1.19,9.55,9.25,460.8,Very Poor,28.508333333333336,33.791666666666664,2.044166666666667,251.58333333333334,0.0,3,2,89
Delhi,2022-03-31,297.2,349.7,163.8,136.2,38.6,22.5,9.54,24.7,100.7,14.82,14.79,6.81,304.4,Moderate,28.833333333333332,43.291666666666664,2.0595833333333333,118.54166666666667,0.0,3,3,90
Delhi,2022-04-01,180.5,594.5,113.2,42.9,24.9,32.5,6.72,85.7,170.8,10.33,29.47,9.57,438.7,Satisfactory,28.6875,27.666666666666668,3.683333333333333,292.5,0.0,4,4,91
Delhi,2022-04-02,26.5,60.3,166.8,28.1,86.6,14.3,2.19,52.9,68.9,1.03,15.04,7.72,401.2,Poor,28.266666666666666,28.125,2.2966666666666664,239.29166666666666,0.0,4,5,92
Delhi,2022-04-03,415.0,120.4,147.6,87.8,108.0,11.3,3.72,89.9,110.3,6.66,26.51,7.75,479.2,Very Poor,29.212500000000002,23.041666666666668,2.563333333333333,234.25,0.0,4,6,93
Delhi,2022-04-04,438.7,468.8,182.4,83.2,121.3,20.1,0.95,29.9,55.3,5.11,15.19,3.16,249.8,Severe,28.90416666666667,20.166666666666668,3.35875,283.9166666666667,0.0,4,0,94
Delhi,2022-04-05,242.9,42.9,160.5,61.1,91.5,27.4,3.27,85.0,89.9,16.02,9.82,6.42,450.2,Very Poor,29.170833333333334,22.5,3.0191666666666666,295.4166666666667,0.0,4,1,95
Delhi,2022-04-06,481.2,281.2,21.4,120.8,5.7,34.5,0.87,42.8,88.8,6.85,17.12,1.01,353.7,Good,30.175,20.208333333333332,3.3204166666666666,294.3333333333333,0.0,4,2,96
Delhi,2022-04-07,361.1,198.2,152.8,24.8,186.7,15.9,7.28,36.8,99.6,18.18,0.17,0.46,316.8,Satisfactory,30.587500000000002,20.416666666666668,3.157916666666667,293.375,0.0,4,3,97
Delhi,2022-04-08,196.7,210.8,134.2,30.4,239.2,20.0,3.8,51.4,178.5,10.06,18.86,0.94,275.9,Poor,31.245833333333334,18.416666666666668,3.115,267.9166666666667,0.0,4,4,98
Delhi,2022-04-09,83.7,57.4,138.7,99.5,215.5,17.6,4.68,47.0,47.0,5.69,9.13,5.32,222.6,Severe,32.145833333333336,18.625,2.6345833333333335,257.75,0.0,4,5,99
Delhi,2022-04-10,469.7,79.3,111.9,136.9,174.4,11.9,5.0,34.8,196.2,19.99,17.38,1.17,125.4,Severe,33.166666666666664,16.583333333333332,4.064583333333333,292.3333333333333,0.0,4,6,100
Delhi,2022-04-11,108.8,138.5,143.5,131.2,209.0,37.8,3.0,4.8,97.3,8.44,0.56,9.63,231.3,Satisfactory,32.858333333333334,18.708333333333332,2.92625,269.5,0.0,4,0,101
Delhi,2022-04-12,485.7,296.6,119.0,82.4,121.4,36.9,5.18,27.2,82.2,2.77,28.96,2.92,34.8,Very Poor,32.0375,21.916666666666668,2.5908333333333333,245.29166666666666,0.0,4,1,102
Delhi,2022-04-13,234.5,234.0,172.6,91.0,180.7,3.9,5.11,97.2,31.2,16.6,18.24,2.81,228.2,Very Poor,31.195833333333336,26.083333333333332,2.7112499999999997,227.16666666666666,0.0,4,2,103
Delhi,2022-04-14,39.5,351.4,177.4,123.7,202.7,41.9,3.64,10.8,186.3,16.77,25.16,9.78,391.2,Very Poor,31.75,18.916666666666668,3.6333333333333333,278.625,0.0,4,3,104
Delhi,2022-04-15,27.5,348.3,174.5,148.3,44.3,19.8,4.04,5.6,146.4,9.09,15.48,3.72,147.3,Poor,30.46666666666667,22.791666666666668,2.775,192.16666666666666,0.0,4,4,105
Delhi,2022-04-16,316.5,206.2,197.6,67.2,151.5,39.7,8.23,82.1,30.0,12.27,21.55,4.47,205.0,Satisfactory,31.34583333333333,20.75,2.0641666666666665,209.83333333333334,0.0,4,5,106
Delhi,2022-04-17,475.3,180.9,72.3,43.5,109.6,0.4,9.14,23.3,183.2,13.12,10.03,2.77,160.6,Satisfactory,31.691666666666666,22.333333333333332,2.48,189.79166666666666,0.0,4,6,107
Delhi,2022-04-18,182.8,462.3,52.6,137.2,117.1,30.3,0.39,38.9,132.8,13.03,19.55,7.02,495.1,Good,32.55416666666667,22.875,2.0425,210.41666666666666,0.0,4,0,108
Delhi,2022-04-19,493.9,103.9,41.3,144.4,207.6,39.1,8.41,13.9,13.3,13.56,3.86,0.25,457.3,Good,33.6875,19.083333333333332,3.9483333333333337,285.6666666666667,0.0,4,1,109
Delhi,2022-04-20,133.8,549.3,103.4,149.7,196.8,21.3,1.55,98.1,168.8,10.86,29.77,4.21,74.3,Poor,33.82083333333333,17.833333333333332,4.3812500000000005,288.7916666666667,0.0,4,2,110
Delhi,2022-04-21,63.3,485.8,75.5,69.7,107.2,22.0,9.65,91.8,179.9,18.86,15.21,0.4,118.6,Moderate,31.204166666666666,24.291666666666668,3.6425,233.91666666666666,0.0,4,3,111
Delhi,2022-04-22,294.4,576.6,172.5,106.1,67.3,13.7,0.07,26.3,11.7,9.81,21.94,3.54,305.7,Poor,31.008333333333336,28.458333333333332,2.48875,243.20833333333334,0.0,4,4,112
Delhi,2022-04-23,306.8,371.2,138.3,113.7,70.2,3.1,3.9,54.7,105.1,6.35,11.68,6.29,378.0,Satisfactory,31.520833333333332,20.75,2.700833333333333,283.875,0.0,4,5,113
Delhi,2022-04-24,204.7,268.0,77.6,80.0,144.8,48.7,6.79,28.3,66.3,9.42,27.62,5.76,71.8,Good,32.145833333333336,19.666666666666668,4.5304166666666665,299.2083333333333,0.0,4,6,114
Delhi,2022-04-25,474.1,567.2,2.9,21.3,38.1,5.3,5.94,67.2,130.1,5.88,12.19,5.83,73.6,Moderate,33.079166666666666,20.083333333333332,3.6458333333333335,288.7083333333333,0.0,4,0,115
Delhi,2022-04-26,469.2,89.3,135.1,64.3,234.0,18.2,1.65,5.7,191.6,8.88,20.55,2.11,332.7,Satisfactory,32.5875,21.458333333333332,3.35,287.1666666666667,0.0,4,1,116
Delhi,2022-04-27,183.6,3.6,35.3,0.0,163.0,44.2,3.46,56.7,102.1,17.41,11.05,2.71,160.8,Very Poor,32.9375,18.125,3.0066666666666664,294.2083333333333,0.0,4,2,117
Delhi,2022-04-28,471.0,159.2,151.0,69.3,238.2,6.0,1.06,14.9,56.2,12.11,9.85,4.51,409.2,Very Poor,34.291666666666664,18.208333333333332,2.78375,261.875,0.0,4,3,118
Delhi,2022-04-29,353.9,453.2,50.1,107.4,76.7,49.6,8.59,56.7,70.9,13.72,3.78,4.62,280.4,Good,35.74583333333333,14.541666666666666,4.139166666666667,292.0833333333333,0.0,4,4,119
Delhi,2022-04-30,302.7,345.1,180.4,59.0,234.5,39.6,8.17,78.3,48.5,3.83,26.08,4.27,402.7,Good,35.78333333333333,14.375,3.27125,267.5416666666667,0.0,4,5,120
Delhi,2022-05-01,305.2,18.5,100.6,81.6,86.7,38.6,1.15,35.1,103.2,19.1,25.14,8.01,27.5,Good,32.579166666666666,33.75,4.567916666666666,120.66666666666667,0.0,5,6,121
Delhi,2022-05-02,414.4,321.8,120.8,54.1,60.3,11.7,5.65,11.9,134.9,14.62,6.66,3.28,355.0,Moderate,32.42916666666667,39.083333333333336,4.288333333333333,108.125,0.0,5,0,122
Delhi,2022-05-03,367.8,258.0,30.5,143.7,30.6,20.0,9.41,42.2,110.4,17.29,23.26,9.37,159.7,Satisfactory,32.483333333333334,44.375,2.8679166666666664,142.375,0.0,5,1,123
Delhi,2022-05-04,131.5,399.1,174.0,83.3,59.8,9.2,1.87,77.7,108.7,18.89,15.1,8.17,161.5,Satisfactory,30.483333333333334,50.5,3.0954166666666665,116.29166666666667,2.5,5,2,124
Delhi,2022-05-05,86.9,200.3,8.9,29.0,213.3,27.3,9.82,74.4,3.7,12.88,24.52,0.98,321.2,Satisfactory,30.629166666666666,47.958333333333336,2.1104166666666666,189.375,0.0,5,3,125
Delhi,2022-05-06,471.9,550.3,193.7,37.7,96.3,3.8,9.21,16.8,169.4,6.74,29.39,0.96,308.1,Severe,32.458333333333336,34.041666666666664,2.1408333333333336,226.83333333333334,0.0,5,4,126
Delhi,2022-05-07,90.4,258.1,16.2,75.7,50.9,33.3,0.74,35.6,34.9,11.54,15.95,4.6,233.3,Moderate,32.770833333333336,30.416666666666668,2.4566666666666666,194.5,0.0,5,5,127
Delhi,2022-05-08,19.7,363.1,138.3,113.7,132.1,8.1,8.47,91.4,159.3,0.33,23.51,0.8,489.1,Moderate,32.854166666666664,35.666666666666664,2.8966666666666665,164.625,0.0,5,6,128
Delhi,2022-05-09,425.7,218.7,24.9,129.7,109.7,22.9,1.78,16.3,170.7,13.03,27.26,1.88,7.8,Good,33.233333333333334,45.25,4.075,111.16666666666667,0.0,5,0,129
Delhi,2022-05-10,251.7,9.3,161.5,135.4,229.3,35.0,4.44,98.5,177.6,2.94,28.67,8.88,42.6,Good,33.512499999999996,44.958333333333336,3.12125,103.54166666666667,0.0,5,1,130
Delhi,2022-05-11,267.2,321.4,53.0,59.6,197.9,11.8,7.15,3.5,69.8,16.32,9.05,3.66,336.8,Severe,34.083333333333336,44.458333333333336,3.1474999999999995,151.79166666666666,0.0,5,2,131
Delhi,2022-05-12,371.6,376.3,175.4,23.5,18.0,0.4,5.89,45.3,41.8,13.58,8.12,2.51,187.3,Satisfactory,35.237500000000004,41.833333333333336,3.292083333333333,162.70833333333334,0.0,5,3,132
Delhi,2022-05-13,73.8,412.5,100.7,77.7,114.8,24.8,6.76,62.3,31.3,17.56,1.4,0.42,10.7,Satisfactory,34.86666666666667,42.875,3.3654166666666665,160.91666666666666,0.0,5,4,133
Delhi,2022-05-14,344.4,486.1,111.3,4.6,125.7,21.5,8.64,18.8,77.5,0.18,11.55,4.1,474.3,Very Poor,36.12916666666667,26.708333333333332,2.905,248.5,0.0,5,5,134
Delhi,2022-05-15,320.8,449.8,129.3,98.6,165.0,41.7,4.86,80.2,43.8,13.57,9.2,8.1,281.3,Satisfactory,37.22083333333333,17.25,3.4654166666666666,259.875,0.0,5,6,135
Delhi,2022-05-16,51.4,74.0,53.5,71.9,104.2,7.8,5.57,39.4,57.6,3.63,13.64,8.57,63.8,Poor,36.40416666666667,23.875,4.472916666666666,227.375,0.0,5,0,136
Delhi,2022-05-17,311.9,590.9,150.0,142.8,182.7,33.5,5.81,49.8,170.0,15.06,17.59,1.74,459.2,Good,32.77916666666667,43.083333333333336,2.8129166666666667,79.375,0.2,5,1,137
Delhi,2022-05-18,497.6,289.7,91.9,41.6,121.4,29.8,2.2,63.2,166.0,14.91,26.05,6.33,312.7,Satisfactory,34.645833333333336,33.416666666666664,2.3325,146.91666666666666,0.0,5,2,138
Delhi,2022-05-19,74.3,98.1,114.7,103.0,49.3,5.9,3.64,90.7,145.7,2.16,6.25,3.9,93.8,Very Poor,35.329166666666666,30.625,2.267916666666667,198.41666666666666,0.0,5,3,139
Delhi,2022-05-20,485.5,406.0,179.3,10.9,249.3,13.0,7.27,33.8,140.2,2.77,5.89,0.63,143.5,Very Poor,36.237500000000004,25.083333333333332,2.924166666666667,199.95833333333334,0.0,5,4,140
Delhi,2022-05-21,68.5,503.3,11.1,77.8,39.4,18.9,5.18,98.1,115.2,17.17,21.24,1.74,461.1,Good,34.99166666666667,29.583333333333332,3.5108333333333337,230.33333333333334,0.0,5,5,141
Delhi,2022-05-22,182.4,14.8,99.4,35.6,17.9,26.6,9.96,91.8,170.4,15.29,1.35,1.22,423.4,Severe,33.22083333333334,34.916666666666664,2.4404166666666667,181.25,0.0,5,6,142
Delhi,2022-05-23,272.7,111.0,174.5,89.6,24.0,16.8,7.2,8.4,0.9,8.02,11.55,1.4,399.0,Good,26.40833333333333,64.29166666666667,5.782916666666666,110.25,20.0,5,0,143
Delhi,2022-05-24,457.2,63.4,163.4,145.6,9.8,45.9,5.77,58.9,77.7,2.84,23.59,5.6,296.0,Moderate,26.941666666666666,63.458333333333336,3.0870833333333336,124.33333333333333,0.0,5,1,144
Delhi,2022-05-25,77.0,106.8,64.6,15.7,160.8,48.7,1.61,33.9,162.3,11.38,22.27,4.14,104.8,Severe,28.3,60.25,1.7466666666666668,182.66666666666666,0.0,5,2,145
Delhi,2022-05-26,496.9,416.1,166.8,54.6,72.4,36.1,1.37,35.7,119.4,3.08,21.87,6.42,299.7,Severe,29.7,54.708333333333336,1.76625,176.20833333333334,0.0,5,3,146
Delhi,2022-05-27,306.3,133.6,59.8,86.1,141.1,36.7,3.99,12.4,101.3,7.27,14.91,8.29,369.1,Moderate,31.245833333333334,51.541666666666664,2.5066666666666664,200.375,0.1,5,4,147
Delhi,2022-05-28,391.5,596.7,22.7,5.0,155.8,32.5,2.82,81.3,5.0,3.45,15.84,3.48,82.9,Severe,32.800000000000004,50.666666666666664,2.0349999999999997,200.20833333333334,0.5,5,5,148
Delhi,2022-05-29,429.6,175.3,15.3,39.4,33.7,26.3,1.31,62.1,2.5,1.53,19.14,6.44,106.0,Poor,33.09583333333333,50.916666666666664,2.597916666666667,210.45833333333334,0.0,5,6,149
Delhi,2022-05-30,141.1,352.4,106.6,29.3,227.1,43.3,0.51,38.9,103.4,18.5,18.73,4.87,285.3,Good,32.85,49.625,2.591666666666667,163.83333333333334,0.2,5,0,150
Delhi,2022-05-31,248.7,184.3,44.0,29.9,210.2,3.2,0.06,13.9,90.7,6.34,19.02,8.31,78.0,Severe,32.5625,46.916666666666664,2.2025,201.41666666666666,0.0,5,1,151
Delhi,2022-06-01,292.8,158.9,28.9,57.2,178.7,22.3,4.73,4.9,103.0,14.48,11.45,3.65,42.0,Very Poor,33.479166666666664,36.75,2.857083333333333,262.25,0.0,6,2,152
Delhi,2022-06-02,165.7,54.2,41.4,133.7,180.6,46.0,0.34,41.1,103.6,2.0,17.1,9.5,300.7,Good,34.137499999999996,28.916666666666668,2.94,289.625,0.0,6,3,153
Delhi,2022-06-03,235.9,388.7,149.4,101.0,75.8,9.0,5.53,86.1,156.9,16.89,1.26,2.82,284.5,Moderate,34.61666666666667,24.291666666666668,3.0004166666666667,294.9583333333333,0.0,6,4,154
Delhi,2022-06-04,421.0,190.6,170.6,65.2,230.2,41.6,4.45,59.8,37.3,15.03,22.96,9.97,469.8,Poor,34.94583333333333,22.791666666666668,2.37875,224.25,0.0,6,5,155
Delhi,2022-06-05,343.7,428.6,109.8,76.0,109.2,6.2,2.01,68.3,35.0,11.63,19.6,9.64,39.4,Very Poor,35.387499999999996,21.5,3.6941666666666664,271.4583333333333,0.0,6,6,156
Delhi,2022-06-06,405.8,337.4,172.9,99.9,89.9,1.0,3.12,25.0,25.1,6.18,21.04,1.61,1.9,Severe,35.637499999999996,18.208333333333332,3.026666666666667,219.70833333333334,0.0,6,0,157
Delhi,2022-06-07,195.5,579.7,175.9,38.0,4.9,10.3,4.57,46.0,157.3,1.93,14.62,2.79,139.3,Very Poor,36.0,22.708333333333332,3.890416666666667,277.75,0.0,6,1,158
Delhi,2022-06-08,356.9,238.0,196.4,135.0,1.7,41.0,1.82,66.9,198.0,15.3,4.39,7.89,267.6,Severe,36.9,19.416666666666668,5.287083333333333,267.4583333333333,0.0,6,2,159
Delhi,2022-06-09,197.6,99.0,90.2,29.7,137.3,44.7,9.31,41.4,188.3,19.01,25.98,3.18,100.0,Moderate,36.824999999999996,22.625,3.8937500000000003,268.75,0.0,6,3,160
Delhi,2022-06-10,243.4,307.3,146.7,48.6,34.6,30.7,0.93,85.2,47.5,10.65,2.06,0.92,441.1,Poor,36.858333333333334,22.5,4.750416666666667,270.625,0.0,6,4,161
Delhi,2022-06-11,132.6,404.8,164.0,134.1,152.3,28.9,5.5,46.0,95.0,19.67,4.29,8.21,18.5,Very Poor,37.170833333333334,21.291666666666668,5.093333333333333,279.0833333333333,0.0,6,5,162
Delhi,2022-06-12,16.1,292.0,197.5,113.6,151.9,12.0,8.98,94.0,64.7,17.96,9.76,1.66,147.9,Good,36.55833333333333,23.5,4.15375,284.1666666666667,0.0,6,6,163
Delhi,2022-06-13,327.9,565.1,7.9,1.9,85.7,34.2,7.87,3.1,113.7,16.53,28.22,4.56,468.9,Poor,37.375,25.708333333333332,5.373333333333334,273.5416666666667,0.0,6,0,164
Delhi,2022-06-14,440.9,149.9,104.1,74.6,173.9,2.4,5.9,59.7,25.7,4.46,3.79,8.84,183.0,Very Poor,35.016666666666666,38.166666666666664,6.465833333333333,277.7916666666667,0.0,6,1,165
Delhi,2022-06-15,88.0,110.4,185.1,146.7,215.0,15.8,3.45,72.6,12.8,4.91,28.6,8.26,34.3,Moderate,36.016666666666666,38.958333333333336,5.757916666666667,264.125,0.0,6,2,166
Delhi,2022-06-16,267.6,26.1,78.8,126.8,168.2,14.1,2.51,20.3,42.5,8.89,20.26,1.5,308.2,Moderate,34.420833333333334,44.041666666666664,3.3695833333333334,218.25,0.7,6,3,167
Delhi,2022-06-17,30.0,189.6,128.1,57.2,238.8,45.7,7.57,26.3,137.2,16.43,10.88,8.17,277.2,Satisfactory,29.979166666666668,64.41666666666667,2.502083333333333,212.5,6.2,6,4,168
Delhi,2022-06-18,76.0,575.5,68.3,61.2,143.8,17.7,4.11,73.9,69.2,7.52,24.84,6.24,60.0,Severe,29.525000000000002,66.16666666666667,1.9295833333333334,191.625,7.4,6,5,169
Delhi,2022-06-19,137.3,492.8,23.4,96.5,81.6,21.5,4.77,41.5,80.1,0.43,27.3,0.93,96.7,Satisfactory,27.28333333333333,77.95833333333333,2.6045833333333333,258.0416666666667,5.1,6,6,170
Delhi,2022-06-20,473.2,151.3,24.1,37.1,201.5,35.9,8.07,82.8,70.4,8.1,10.96,2.23,443.3,Good,28.170833333333334,70.91666666666667,1.5670833333333334,224.75,0.0,6,0,171
Delhi,2022-06-21,142.7,153.0,13.4,45.5,43.2,3.3,2.93,44.6,98.5,2.4,9.29,0.16,158.8,Moderate,28.4875,71.58333333333333,1.6316666666666668,167.04166666666666,10.7,6,1,172
Delhi,2022-06-22,465.8,303.4,111.2,2.9,71.8,2.3,1.24,14.8,193.8,1.19,29.47,8.64,151.9,Moderate,30.0,63.041666666666664,2.08875,203.83333333333334,7.6000000000000005,6,2,173
Delhi,2022-06-23,430.6,9.3,22.0,49.6,227.4,9.0,6.6,78.8,31.3,18.14,5.79,0.55,87.1,Satisfactory,31.787499999999998,49.875,3.8645833333333335,317.125,0.0,6,3,174
Delhi,2022-06-24,344.0,474.7,100.4,0.5,104.1,39.9,6.02,83.6,94.9,8.91,8.89,8.79,229.2,Satisfactory,31.53333333333333,41.916666666666664,3.2275000000000005,304.7083333333333,0.0,6,4,175
Delhi,2022-06-25,295.0,566.7,82.9,31.1,45.9,2.0,3.16,4.5,51.8,14.38,5.04,9.64,310.0,Moderate,32.7875,38.708333333333336,1.9929166666666667,175.75,0.0,6,5,176
Delhi,2022-06-26,282.4,298.8,98.8,110.6,181.8,15.5,1.06,15.0,159.4,9.94,28.86,2.15,303.6,Very Poor,34.0375,50.333333333333336,3.7854166666666664,109.58333333333333,0.0,6,6,177
Delhi,2022-06-27,172.9,590.9,147.9,68.0,101.1,10.7,6.63,74.2,142.6,17.54,25.9,9.56,233.1,Moderate,34.6875,52.125,3.3245833333333334,113.125,0.1,6,0,178
Delhi,2022-06-28,389.3,151.3,149.7,138.3,21.3,24.8,2.77,25.3,103.6,10.01,27.94,3.5,104.2,Moderate,34.50416666666667,55.583333333333336,2.935833333333333,166.75,0.9,6,1,179
Delhi,2022-06-29,327.5,557.7,83.5,0.2,87.1,36.8,6.52,40.3,52.4,11.82,22.11,4.76,412.6,Satisfactory,33.75,59.833333333333336,3.8312500000000003,136.875,0.1,6,2,180
Delhi,2022-06-30,246.3,313.5,113.2,101.8,142.3,15.5,1.86,55.3,88.7,2.28,13.01,9.73,381.2,Poor,28.441666666666666,80.29166666666667,3.1341666666666668,87.33333333333333,1.8,6,3,181
Delhi,2022-07-01,463.9,119.8,27.8,33.9,94.2,47.0,4.97,20.0,183.6,17.31,13.34,8.02,74.8,Satisfactory,28.304166666666664,79.66666666666667,1.5320833333333335,85.04166666666667,1.6,7,4,182
Delhi,2022-07-02,435.0,40.0,95.7,2.3,94.6,26.1,6.22,24.5,94.8,4.68,15.65,7.38,470.3,Severe,29.8625,74.95833333333333,2.43,118.625,2.4000000000000004,7,5,183
Delhi,2022-07-03,498.7,477.3,77.9,67.4,200.3,46.8,3.96,66.0,14.7,1.77,15.96,3.87,484.8,Very Poor,29.441666666666666,80.16666666666667,2.5458333333333334,123.20833333333333,10.4,7,6,184
Delhi,2022-07-04,62.9,475.4,72.8,127.3,166.0,0.2,2.62,49.0,178.7,11.6,7.67,2.23,57.1,Poor,30.858333333333334,76.125,1.3933333333333333,111.41666666666667,9.0,7,0,185
Delhi,2022-07-05,74.2,239.8,196.2,116.5,247.4,20.4,7.36,13.0,10.3,9.65,22.73,1.1,292.5,Poor,31.929166666666664,70.75,2.81125,96.875,0.2,7,1,186
Delhi,2022-07-06,368.9,164.8,73.4,46.0,67.8,40.2,5.8,2.3,108.9,0.03,29.64,7.52,100.9,Moderate,30.825,75.16666666666667,3.6591666666666662,102.0,2.2,7,2,187
Delhi,2022-07-07,165.5,120.0,174.2,123.3,187.8,43.7,7.57,40.1,142.3,8.99,9.28,1.62,453.6,Good,31.6875,69.45833333333333,3.3120833333333333,88.5,0.1,7,3,188
Delhi,2022-07-08,92.0,140.8,193.7,73.6,247.0,10.0,2.07,55.0,140.8,11.43,3.42,1.65,87.5,Severe,32.737500000000004,63.625,2.8974999999999995,99.91666666666667,0.30000000000000004,7,4,189
Delhi,2022-07-09,357.7,469.0,154.5,79.8,137.0,5.7,5.07,72.0,164.5,13.67,20.95,5.66,45.9,Good,30.816666666666666,71.375,3.407083333333333,100.33333333333333,0.6000000000000001,7,5,190
Delhi,2022-07-10,478.6,470.0,39.6,114.3,233.1,12.5,6.32,31.3,68.9,9.22,16.49,1.46,251.2,Severe,29.754166666666666,76.33333333333333,1.9445833333333333,114.375,7.3,7,6,191
Delhi,2022-07-11,202.9,342.2,108.0,110.2,243.6,47.8,9.88,71.4,97.3,13.22,24.76,2.76,196.8,Severe,31.295833333333334,72.5,1.2775,183.91666666666666,0.30000000000000004,7,0,192
Delhi,2022-07-12,106.8,369.8,188.0,16.5,156.8,42.5,8.96,88.7,113.2,19.87,27.08,6.01,95.4,Satisfactory,31.0625,72.54166666666667,2.0154166666666664,80.29166666666667,1.5,7,1,193
Delhi,2022-07-13,241.8,187.0,13.9,73.1,217.0,45.1,6.38,95.0,74.4,5.35,13.36,7.06,424.8,Poor,31.03333333333333,74.375,2.3133333333333335,80.66666666666667,1.5,7,2,194
Delhi,2022-07-14,267.3,123.3,165.4,66.4,148.5,0.5,3.51,77.0,107.1,17.64,23.11,9.09,436.0,Severe,30.133333333333336,75.95833333333333,3.061666666666667,77.0,13.8,7,3,195
Delhi,2022-07-15,393.1,225.8,77.6,146.2,115.8,23.3,1.97,39.9,194.2,7.7,3.97,9.91,202.2,Very Poor,31.479166666666668,67.95833333333333,4.0720833333333335,83.83333333333333,2.0,7,4,196
Delhi,2022-07-16,314.2,298.0,46.0,103.7,227.1,19.4,8.83,0.9,104.9,5.4,4.11,1.97,482.5,Very Poor,29.75,76.04166666666667,2.28,103.04166666666667,6.7,7,5,197
Delhi,2022-07-17,451.2,249.7,10.8,106.5,18.4,24.9,5.57,93.8,194.6,8.58,4.44,1.67,20.5,Very Poor,29.504166666666666,81.33333333333333,2.3191666666666664,92.41666666666667,10.2,7,6,198
Delhi,2022-07-18,66.0,225.2,148.6,134.3,74.5,7.8,7.73,84.3,184.9,7.79,20.84,4.67,373.3,Very Poor,31.241666666666664,75.66666666666667,1.6912500000000001,149.66666666666666,4.3,7,0,199
Delhi,2022-07-19,371.5,248.1,198.1,121.0,140.9,0.7,6.13,37.9,140.5,15.69,12.84,1.55,223.3,Moderate,30.979166666666668,77.08333333333333,1.8216666666666665,157.625,4.4,7,1,200
Delhi,2022-07-20,48.4,557.6,166.2,7.0,244.3,28.6,7.7,40.8,89.3,13.45,5.49,7.33,153.1,Severe,29.09583333333333,83.375,2.3850000000000002,245.54166666666666,29.900000000000002,7,2,201
Delhi,2022-07-21,108.5,202.1,93.2,31.9,171.4,38.4,4.69,30.6,126.3,0.74,2.28,9.56,59.9,Satisfactory,27.895833333333332,84.16666666666667,1.5116666666666667,124.66666666666667,12.399999999999999,7,3,202
Delhi,2022-07-22,163.9,289.9,105.7,25.0,47.5,0.8,3.74,62.7,53.5,16.8,28.68,8.64,257.4,Very Poor,27.875,85.79166666666667,1.8433333333333335,83.58333333333333,1.9000000000000001,7,4,203
Delhi,2022-07-23,448.7,340.3,83.1,130.1,58.8,11.1,1.65,33.0,75.1,19.22,2.73,0.13,347.6,Good,27.912499999999998,84.58333333333333,3.8004166666666666,93.58333333333333,13.799999999999999,7,5,204
Delhi,2022-07-24,156.9,526.2,45.7,119.6,163.2,5.8,8.43,84.4,100.9,4.76,24.49,0.55,155.5,Poor,29.195833333333336,79.66666666666667,4.1154166666666665,106.08333333333333,6.9,7,6,205
Delhi,2022-07-25,450.1,410.1,155.4,130.4,143.5,28.8,5.8,38.6,7.6,9.06,26.42,6.2,352.6,Very Poor,28.90416666666667,77.875,4.284583333333333,110.95833333333333,11.4,7,0,206
Delhi,2022-07-26,190.3,256.6,97.4,82.2,61.7,40.8,3.79,53.3,8.1,18.49,10.97,7.07,381.8,Poor,28.3875,78.625,3.8920833333333333,112.375,1.5,7,1,207
Delhi,2022-07-27,352.8,543.1,127.6,26.0,28.3,27.8,9.51,49.3,51.2,16.9,24.94,2.68,59.6,Satisfactory,28.383333333333336,80.95833333333333,3.410833333333333,119.91666666666667,1.8,7,2,208
Delhi,2022-07-28,385.1,477.0,179.8,98.6,195.1,0.2,9.01,80.4,70.8,15.14,16.69,0.0,442.3,Poor,27.766666666666666,85.08333333333333,1.4554166666666666,182.41666666666666,8.7,7,3,209
Delhi,2022-07-29,241.9,211.5,199.8,16.8,230.0,24.5,2.86,79.7,28.3,6.31,7.35,7.25,276.6,Very Poor,27.59166666666667,85.79166666666667,1.8095833333333333,233.08333333333334,9.200000000000001,7,4,210
Delhi,2022-07-30,417.2,535.2,148.7,112.0,109.8,13.5,4.01,49.3,177.0,12.34,12.44,0.88,152.2,Severe,27.675,86.54166666666667,1.5170833333333331,192.45833333333334,8.6,7,5,211
Delhi,2022-07-31,98.4,171.3,141.8,65.3,48.0,19.7,3.09,31.3,199.6,18.27,7.45,3.15,234.8,Good,28.233333333333334,83.33333333333333,1.5675,189.41666666666666,0.9,7,6,212
Delhi,2022-08-01,170.2,415.3,80.9,78.8,169.4,9.5,6.04,0.6,97.3,13.38,2.34,8.32,428.2,Very Poor,27.691666666666666,84.95833333333333,1.8233333333333333,239.91666666666666,12.3,8,0,213
Delhi,2022-08-02,462.8,544.4,147.7,143.6,233.2,2.9,2.99,27.5,80.8,19.57,13.1,9.1,425.5,Poor,29.47083333333333,78.08333333333333,2.43875,281.4166666666667,0.4,8,1,214
Delhi,2022-08-03,367.4,345.5,95.9,30.4,80.7,15.3,4.6,70.3,179.9,2.92,7.23,3.3,494.8,Poor,29.245833333333334,80.79166666666667,1.8425,226.0,0.30000000000000004,8,2,215
Delhi,2022-08-04,120.7,425.2,45.7,132.8,165.6,21.2,4.89,4.7,7.0,5.66,16.38,9.82,259.2,Very Poor,28.204166666666666,85.79166666666667,2.1870833333333333,100.04166666666667,1.6,8,3,216
Delhi,2022-08-05,166.4,158.6,115.9,140.9,19.2,24.4,1.61,29.1,53.5,10.95,28.42,3.87,388.7,Satisfactory,27.65833333333333,86.125,2.466666666666667,94.375,4.2,8,4,217
Delhi,2022-08-06,442.0,544.0,167.4,80.3,174.3,22.0,8.04,17.2,56.3,0.82,18.05,6.14,375.6,Severe,29.0,81.75,0.8941666666666667,142.91666666666666,1.6,8,5,218
Delhi,2022-08-07,34.2,191.9,97.6,47.0,39.0,12.5,0.78,27.1,98.3,1.2,23.61,5.64,23.0,Poor,27.679166666666664,86.95833333333333,2.3833333333333333,119.0,23.1,8,6,219
Delhi,2022-08-08,453.3,131.6,50.7,45.8,153.5,45.9,2.74,86.1,86.1,3.93,24.03,1.46,371.6,Severe,29.1875,80.79166666666667,1.4341666666666668,83.0,0.1,8,0,220
Delhi,2022-08-09,145.2,442.9,47.4,129.4,28.6,27.2,2.1,21.4,123.4,18.45,14.59,3.9,23.5,Good,30.525000000000002,76.29166666666667,2.6108333333333333,82.04166666666667,0.1,8,1,221
Delhi,2022-08-10,424.6,329.0,25.6,99.0,145.4,38.3,3.12,28.8,65.9,18.91,2.74,6.41,91.8,Poor,30.974999999999998,72.625,2.7624999999999997,91.04166666666667,0.7,8,2,222
Delhi,2022-08-11,229.9,340.1,55.1,9.5,62.9,20.3,6.11,36.2,123.6,5.24,0.8,5.02,398.3,Moderate,27.825,82.41666666666667,4.50125,66.83333333333333,4.4,8,3,223
Delhi,2022-08-12,34.4,176.6,153.9,19.5,229.4,20.1,7.28,80.9,40.0,12.18,18.87,1.98,289.8,Good,29.579166666666666,71.5,4.119583333333334,86.29166666666667,0.0,8,4,224
Delhi,2022-08-13,118.7,517.3,126.5,52.6,210.6,33.6,0.32,95.3,30.3,7.23,16.11,2.54,400.7,Good,29.704166666666666,74.20833333333333,3.6275,129.5,0.6000000000000001,8,5,225
Delhi,2022-08-14,436.1,271.6,17.8,123.5,22.7,17.9,8.23,59.6,183.6,12.62,5.16,2.44,77.3,Severe,27.945833333333336,86.375,1.85875,196.25,8.0,8,6,226
Delhi,2022-08-15,72.7,252.8,92.3,104.1,94.9,30.6,1.69,91.0,1.8,9.0,27.2,3.92,495.2,Satisfactory,28.075,81.29166666666667,2.919166666666667,94.5,0.30000000000000004,8,0,227
Delhi,2022-08-16,160.4,116.7,88.6,112.3,104.7,17.2,1.59,97.8,27.8,2.64,12.68,7.67,462.7,Severe,27.816666666666666,77.29166666666667,6.082916666666667,97.75,6.6,8,1,228
Delhi,2022-08-17,246.3,526.5,39.9,124.7,249.5,26.4,3.39,80.0,8.4,17.59,7.74,5.29,193.7,Good,28.491666666666664,75.33333333333333,4.355416666666667,140.70833333333334,0.6,8,2,229
Delhi,2022-08-18,477.6,59.1,17.6,130.4,224.1,7.1,6.27,26.1,140.1,14.02,21.27,1.9,341.9,Satisfactory,29.40833333333333,72.70833333333333,2.4854166666666666,215.08333333333334,0.6000000000000001,8,3,230
Delhi,2022-08-19,8.9,301.4,54.5,9.5,123.8,13.2,2.49,48.8,23.0,4.91,14.65,1.93,14.8,Good,29.941666666666666,72.04166666666667,3.4358333333333335,278.2916666666667,0.7000000000000001,8,4,231
Delhi,2022-08-20,458.7,145.6,54.3,135.5,66.7,45.7,7.06,66.0,197.9,1.46,7.49,6.51,176.0,Good,27.670833333333334,81.83333333333333,1.5470833333333334,203.83333333333334,4.5,8,5,232
Delhi,2022-08-21,329.7,309.1,159.7,58.9,13.4,38.0,5.31,93.4,79.6,9.12,29.34,0.37,183.3,Satisfactory,29.620833333333334,75.79166666666667,1.8979166666666665,271.2916666666667,0.1,8,6,233
Delhi,2022-08-22,236.6,93.7,180.5,95.1,8.6,4.6,7.8,3.0,141.8,11.48,13.73,9.79,92.7,Severe,29.337500000000002,77.04166666666667,2.455416666666667,165.375,11.9,8,0,234
Delhi,2022-08-23,48.1,129.3,176.6,77.4,100.4,10.0,5.12,32.7,97.1,15.27,11.32,8.35,207.9,Good,29.745833333333334,69.25,6.050833333333333,106.83333333333333,0.8,8,1,235
Delhi,2022-08-24,304.6,378.3,135.0,53.9,90.2,0.2,2.92,96.1,108.1,18.32,20.84,4.94,282.4,Satisfactory,28.3625,76.625,3.4250000000000003,120.75,1.4,8,2,236
Delhi,2022-08-25,468.5,6.5,63.8,106.4,164.2,42.9,3.6,71.8,100.7,11.22,20.61,8.3,246.2,Moderate,29.287499999999998,73.29166666666667,1.3491666666666668,151.41666666666666,0.5,8,3,237
Delhi,2022-08-26,251.4,180.7,40.4,100.9,76.3,16.8,1.59,35.6,189.2,8.71,21.82,0.77,194.4,Good,30.55,64.79166666666667,2.7395833333333335,287.5833333333333,0.4,8,4,238
Delhi,2022-08-27,483.6,19.8,75.9,140.3,84.7,47.8,7.46,34.9,178.0,8.73,4.7,9.86,434.0,Very Poor,30.958333333333332,60.625,4.402916666666667,284.9166666666667,1.8,8,5,239
Delhi,2022-08-28,41.2,23.5,153.1,10.8,85.7,12.3,7.67,2.5,172.7,18.01,14.13,6.54,455.7,Moderate,31.241666666666664,55.583333333333336,3.8874999999999997,269.6666666666667,0.4,8,6,240
Delhi,2022-08-29,253.5,178.8,119.1,34.5,38.0,38.4,8.76,77.3,170.0,3.36,12.43,1.0,424.0,Satisfactory,30.166666666666668,61.708333333333336,1.9829166666666669,211.08333333333334,0.7000000000000001,8,0,241
Delhi,2022-08-30,132.5,77.0,69.7,30.4,233.8,7.5,8.64,8.3,193.3,12.32,13.83,7.25,81.9,Good,30.462500000000002,69.375,1.3166666666666667,198.125,0.1,8,1,242
Delhi,2022-08-31,253.0,233.1,72.1,68.1,205.3,12.4,5.78,65.9,23.8,13.23,20.18,3.89,330.3,Severe,31.558333333333334,61.791666666666664,2.464583333333333,272.9166666666667,0.4,8,2,243
Delhi,2022-09-01,484.6,476.3,54.7,55.0,144.7,7.0,2.71,32.4,15.3,15.9,26.53,2.07,264.5,Moderate,32.09166666666667,60.208333333333336,2.2295833333333333,264.8333333333333,0.0,9,3,244
Delhi,2022-09-02,484.1,499.3,193.2,43.8,184.6,18.5,2.4,53.6,84.1,10.97,14.84,5.21,10.8,Very Poor,31.829166666666666,61.541666666666664,1.6520833333333333,221.16666666666666,0.0,9,4,245
Delhi,2022-09-03,100.2,43.1,147.6,71.3,91.5,27.6,9.85,32.3,48.1,11.03,19.87,5.95,462.1,Very Poor,32.17916666666667,53.625,3.385,283.5,0.0,9,5,246
Delhi,2022-09-04,267.5,372.2,82.7,133.2,210.0,4.4,6.41,77.8,138.2,11.21,1.2,4.67,478.3,Moderate,32.25833333333333,50.916666666666664,3.8925,261.75,0.1,9,6,247
Delhi,2022-09-05,95.3,347.4,146.3,13.8,14.1,18.5,2.48,74.8,113.5,19.66,16.68,8.52,213.7,Very Poor,31.791666666666668,52.625,2.40875,264.0833333333333,0.0,9,0,248
Delhi,2022-09-06,76.4,206.7,27.8,36.6,103.1,23.5,9.5,16.1,128.9,17.68,11.97,8.27,470.2,Poor,32.03333333333333,53.875,1.8829166666666666,302.25,0.0,9,1,249
Delhi,2022-09-07,348.7,321.4,70.1,88.3,222.3,2.5,1.18,49.2,120.3,14.02,26.29,4.61,149.5,Moderate,31.820833333333336,54.25,2.0683333333333334,269.7083333333333,0.0,9,2,250
Delhi,2022-09-08,221.5,388.2,176.5,10.9,170.4,42.2,7.35,22.5,190.5,15.2,16.34,3.06,202.1,Moderate,31.525000000000002,55.416666666666664,1.7158333333333333,63.5,0.0,9,3,251
Delhi,2022-09-09,58.0,104.2,121.8,110.4,212.8,10.7,1.46,63.2,134.4,17.21,12.64,0.27,100.8,Severe,31.5625,64.125,2.22125,105.5,0.2,9,4,252
Delhi,2022-09-10,130.3,225.4,17.4,15.4,111.3,29.7,3.35,96.4,150.6,5.72,18.45,9.85,278.4,Good,30.333333333333332,68.79166666666667,2.5524999999999998,105.75,0.3,9,5,253
Delhi,2022-09-11,113.9,445.3,40.3,100.9,24.1,22.1,9.52,49.4,123.2,16.47,10.27,4.25,44.5,Very Poor,29.670833333333334,68.5,2.77,103.125,5.7,9,6,254
Delhi,2022-09-12,238.4,391.2,186.6,75.3,79.7,37.5,4.83,17.1,75.9,7.6,25.07,1.54,161.9,Moderate,30.28333333333333,64.54166666666667,2.7891666666666666,80.33333333333333,0.2,9,0,255
Delhi,2022-09-13,77.6,214.4,23.4,127.3,143.2,9.1,8.1,68.4,12.7,8.06,3.82,8.4,279.2,Poor,29.474999999999998,67.54166666666667,4.5075,86.25,2.9,9,1,256
Delhi,2022-09-14,263.0,276.8,149.3,112.6,207.0,41.6,5.38,65.9,157.6,2.91,5.75,2.29,290.0,Very Poor,27.633333333333336,76.54166666666667,5.036666666666666,74.83333333333333,9.9,9,2,257
Delhi,2022-09-15,10.9,491.1,138.5,86.9,45.2,21.6,9.95,27.3,35.7,16.4,9.75,7.39,76.6,Moderate,26.2625,85.20833333333333,3.9137500000000003,60.541666666666664,17.7,9,3,258
Delhi,2022-09-16,75.6,77.8,181.7,76.4,213.1,46.2,0.96,54.7,3.2,11.47,19.56,2.0,159.1,Moderate,25.9875,85.5,2.6454166666666667,175.0,6.2,9,4,259
Delhi,2022-09-17,472.5,515.0,59.9,14.8,26.1,26.4,5.5,11.9,61.0,3.78,8.62,9.25,264.0,Moderate,27.4875,80.375,2.3000000000000003,222.625,0.0,9,5,260
Delhi,2022-09-18,475.2,538.9,31.6,132.9,159.3,33.7,3.74,84.4,133.1,17.08,29.96,1.8,16.7,Poor,27.891666666666666,80.66666666666667,1.72625,199.75,0.30000000000000004,9,6,261
Delhi,2022-09-19,402.5,469.4,39.0,5.7,232.0,44.7,3.57,80.2,17.4,3.67,13.95,4.41,189.6,Very Poor,28.4875,77.58333333333333,1.6454166666666667,259.625,0.1,9,0,262
Delhi,2022-09-20,301.2,520.8,175.3,39.6,212.1,42.8,1.4,14.6,40.7,9.24,18.16,2.29,333.8,Moderate,27.22083333333333,85.20833333333333,1.2954166666666667,109.41666666666667,6.5,9,1,263
Delhi,2022-09-21,341.6,83.2,42.4,60.7,170.1,46.2,7.2,18.0,38.9,8.66,9.31,3.85,79.2,Moderate,27.349999999999998,84.83333333333333,1.6104166666666666,97.29166666666667,4.1,9,2,264
Delhi,2022-09-22,143.5,130.7,82.1,110.3,162.0,49.7,2.55,81.9,143.8,11.4,26.17,7.93,285.7,Poor,25.329166666666666,92.04166666666667,2.7191666666666667,102.125,40.0,9,3,265
Delhi,2022-09-23,359.7,379.9,33.1,89.9,215.2,35.9,3.28,35.4,178.7,19.39,4.21,3.19,451.4,Poor,24.858333333333334,93.625,3.3804166666666666,76.5,44.7,9,4,266
Delhi,2022-09-24,221.6,54.0,122.6,50.9,134.2,49.7,9.9,64.2,151.0,1.8,12.67,4.25,341.5,Moderate,24.724999999999998,93.41666666666667,4.538333333333333,100.16666666666667,49.2,9,5,267
Delhi,2022-09-25,258.8,566.7,177.8,56.3,128.2,17.1,6.64,73.0,123.3,10.32,15.66,8.41,197.2,Poor,26.412499999999998,84.66666666666667,2.7741666666666664,196.41666666666666,1.8,9,6,268
Delhi,2022-09-26,411.1,122.9,7.6,136.2,92.8,48.6,0.54,1.6,1.2,17.15,15.24,9.38,175.3,Very Poor,26.670833333333334,83.66666666666667,2.274583333333333,246.75,0.0,9,0,269
Delhi,2022-09-27,57.1,334.7,3.1,88.7,63.5,10.4,7.81,6.8,34.7,16.27,8.57,4.57,121.6,Poor,26.695833333333336,80.41666666666667,2.2033333333333336,301.9166666666667,0.0,9,1,270
Delhi,2022-09-28,482.3,149.6,9.6,4.2,49.2,10.6,0.28,22.5,180.9,7.08,1.81,6.12,30.6,Very Poor,27.179166666666664,78.33333333333333,1.8604166666666666,306.6666666666667,0.0,9,2,271
Delhi,2022-09-29,314.3,427.1,165.8,54.1,97.8,2.6,3.08,28.6,82.2,5.58,23.6,8.18,465.7,Good,27.0125,79.16666666666667,2.2433333333333336,301.625,0.0,9,3,272
Delhi,2022-09-30,311.9,13.2,170.2,8.1,50.9,38.4,7.81,22.2,85.8,6.92,21.73,8.24,85.7,Very Poor,27.333333333333332,77.33333333333333,2.13875,280.2083333333333,0.0,9,4,273
Delhi,2022-10-01,352.5,537.9,156.8,12.4,144.0,28.5,7.5,4.5,186.5,1.55,2.62,2.54,150.4,Good,27.608333333333334,75.41666666666667,2.1675,297.5833333333333,0.0,10,5,274
Delhi,2022-10-02,208.0,382.0,36.1,13.3,91.8,18.7,7.39,40.1,98.4,8.74,15.33,0.93,97.3,Satisfactory,27.808333333333334,70.04166666666667,2.3583333333333334,274.3333333333333,0.0,10,6,275
Delhi,2022-10-03,138.4,343.8,169.5,40.6,224.9,14.2,7.62,77.8,30.6,1.48,11.12,6.04,307.6,Severe,27.708333333333332,62.541666666666664,3.9629166666666666,304.0416666666667,0.0,10,0,276
Delhi,2022-10-04,173.1,163.4,137.8,51.6,89.1,28.5,6.97,22.9,0.6,9.15,8.73,2.03,425.2,Moderate,27.579166666666666,68.70833333333333,2.6475,223.41666666666666,0.0,10,1,277
Delhi,2022-10-05,89.7,312.0,172.2,95.6,197.1,26.3,7.07,34.8,147.7,15.89,14.18,3.24,323.9,Satisfactory,26.90416666666667,78.58333333333333,1.8412499999999998,104.70833333333333,1.3,10,2,278
Delhi,2022-10-06,96.7,516.4,22.8,80.7,247.0,5.2,5.35,83.4,26.2,11.81,9.07,4.21,290.5,Severe,26.34583333333333,75.5,2.67375,90.70833333333333,0.0,10,3,279
Delhi,2022-10-07,356.6,353.8,56.6,125.6,216.8,34.3,3.75,27.8,191.0,4.37,14.44,9.85,308.7,Good,24.46666666666667,83.04166666666667,3.262916666666667,80.33333333333333,1.4,10,4,280
Delhi,2022-10-08,289.1,204.2,112.8,97.4,177.6,7.4,8.09,51.8,154.3,2.05,13.81,2.46,180.7,Moderate,22.554166666666664,94.5,3.591666666666667,81.45833333333333,41.1,10,5,281
Delhi,2022-10-09,183.8,344.8,142.4,141.9,120.2,48.8,0.36,41.7,34.6,8.2,1.19,4.4,180.6,Severe,22.554166666666664,93.25,3.3404166666666666,60.625,52.5,10,6,282
Delhi,2022-10-10,183.8,185.7,139.7,73.6,9.5,13.1,0.1,99.0,87.2,6.79,15.21,2.66,356.2,Moderate,23.241666666666664,88.375,2.77,80.29166666666667,1.1,10,0,283
Delhi,2022-10-11,11.1,486.3,50.8,33.4,243.6,20.2,5.33,51.4,76.0,1.13,18.08,8.21,90.4,Satisfactory,23.337500000000002,88.41666666666667,1.4391666666666667,199.08333333333334,2.2,10,1,284
Delhi,2022-10-12,178.3,557.4,27.4,52.0,145.6,39.0,3.13,42.2,10.4,12.91,7.36,4.64,433.7,Satisfactory,23.708333333333332,84.83333333333333,1.6679166666666667,236.125,0.0,10,2,285
Delhi,2022-10-13,127.5,295.1,75.1,100.2,217.5,48.0,6.18,90.4,163.9,18.66,24.27,3.93,304.9,Good,23.829166666666666,74.875,2.4370833333333333,304.375,0.0,10,3,286
Delhi,2022-10-14,200.0,353.8,132.4,22.5,23.8,20.6,0.38,58.2,77.3,9.05,0.91,3.41,93.8,Very Poor,23.695833333333336,70.79166666666667,2.5587500000000003,303.5,0.0,10,4,287
Delhi,2022-10-15,69.6,596.8,129.6,22.5,120.1,31.8,0.12,69.3,172.0,2.15,11.46,8.74,360.4,Moderate,23.870833333333334,70.83333333333333,2.21875,296.3333333333333,0.0,10,5,288
Delhi,2022-10-16,370.8,312.6,78.1,62.5,151.6,19.3,1.66,8.9,47.7,9.57,17.87,3.69,35.2,Satisfactory,23.979166666666668,72.45833333333333,1.7091666666666665,306.2083333333333,0.0,10,6,289
Delhi,2022-10-17,170.9,43.2,41.7,29.9,166.4,42.3,9.57,8.2,23.5,3.69,15.65,4.66,171.6,Good,24.224999999999998,67.5,1.8958333333333333,269.5,0.0,10,0,290
Delhi,2022-10-18,361.8,127.9,174.3,118.1,152.1,15.7,1.5,51.8,51.1,0.95,5.38,6.02,380.6,Very Poor,23.958333333333332,67.20833333333333,1.9054166666666668,227.66666666666666,0.0,10,1,291
Delhi,2022-10-19,310.6,443.4,102.8,46.2,236.3,4.3,9.47,95.1,69.0,8.85,2.75,7.79,463.7,Moderate,23.65833333333333,70.375,1.6733333333333331,200.08333333333334,0.0,10,2,292
Delhi,2022-10-20,61.8,42.1,29.6,146.7,15.7,32.1,8.49,33.6,150.2,14.59,19.47,1.59,223.7,Good,23.329166666666666,67.54166666666667,1.60125,159.5,0.0,10,3,293
Delhi,2022-10-21,350.8,472.8,3.5,98.5,127.0,37.4,9.19,45.9,148.9,1.87,15.19,9.89,207.4,Very Poor,24.224999999999998,69.0,1.2016666666666667,233.91666666666666,0.0,10,4,294
Delhi,2022-10-22,172.0,256.1,103.1,2.9,186.8,35.3,9.21,98.7,55.6,12.18,21.29,0.88,345.4,Very Poor,22.96666666666667,69.75,2.2729166666666667,305.3333333333333,0.0,10,5,295
Delhi,2022-10-23,165.2,502.2,76.0,124.0,54.4,10.3,1.11,74.5,120.7,3.88,22.97,1.65,440.2,Severe,21.974999999999998,68.20833333333333,1.9108333333333334,283.7916666666667,0.0,10,6,296
Delhi,2022-10-24,350.3,177.9,199.6,55.3,226.4,21.5,2.81,99.1,181.5,1.66,0.5,7.81,488.9,Poor,22.195833333333336,65.08333333333333,2.65125,311.5416666666667,0.0,10,0,297
Delhi,2022-10-25,448.2,310.0,33.2,103.7,169.5,5.6,3.68,19.8,64.3,18.94,21.12,2.17,303.5,Moderate,21.866666666666664,59.541666666666664,3.0829166666666663,297.2916666666667,0.0,10,1,298
Delhi,2022-10-26,439.9,524.5,90.6,58.7,160.5,20.1,0.79,25.4,32.1,19.69,20.96,7.95,443.2,Satisfactory,22.633333333333336,66.875,1.7,230.41666666666666,0.0,10,2,299
Delhi,2022-10-27,385.6,81.8,189.2,24.0,190.2,30.9,1.11,18.8,161.7,17.69,7.76,5.06,370.3,Severe,23.587500000000002,66.79166666666667,1.2766666666666666,248.04166666666666,0.0,10,3,300
Delhi,2022-10-28,32.1,486.6,104.4,135.0,198.6,10.4,7.74,91.3,132.2,3.03,21.84,3.47,217.6,Severe,22.933333333333334,70.75,1.5854166666666665,204.33333333333334,0.0,10,4,301
Delhi,2022-10-29,267.6,37.4,45.7,123.5,131.4,38.7,3.62,52.8,61.6,4.83,28.39,7.65,482.9,Good,23.2,68.91666666666667,1.3220833333333333,243.83333333333334,0.0,10,5,302
Delhi,2022-10-30,113.6,242.4,107.4,72.2,205.5,42.6,4.18,73.9,156.0,0.13,9.28,4.86,80.0,Poor,22.579166666666666,68.58333333333333,1.9779166666666665,284.0833333333333,0.0,10,6,303
Delhi,2022-10-31,254.4,143.3,21.8,103.7,190.7,49.0,8.89,96.2,8.6,5.28,27.61,1.89,205.0,Poor,22.979166666666668,69.29166666666667,1.415,221.875,0.0,10,0,304
Delhi,2022-11-01,267.3,372.9,73.6,133.9,67.6,38.3,0.12,89.8,71.8,6.61,20.6,7.98,233.5,Poor,23.47083333333333,72.25,1.6545833333333333,188.04166666666666,0.0,11,1,305
Delhi,2022-11-02,373.1,31.9,34.4,39.9,152.0,0.9,8.17,48.6,34.5,17.96,1.21,2.38,198.2,Very Poor,23.083333333333332,74.33333333333333,2.1750000000000003,263.9583333333333,0.0,11,2,306
Delhi,2022-11-03,399.4,233.8,130.9,125.7,181.2,8.3,4.94,91.2,198.9,0.74,7.99,5.37,60.5,Satisfactory,23.116666666666664,69.79166666666667,2.8475,293.7916666666667,0.0,11,3,307
Delhi,2022-11-04,72.3,79.6,11.4,12.6,192.0,32.8,7.92,10.1,174.6,0.19,2.45,2.62,98.3,Severe,24.066666666666666,70.16666666666667,1.095,168.08333333333334,0.0,11,4,308
Delhi,2022-11-05,81.9,293.2,136.8,45.3,46.0,6.0,0.49,96.0,127.8,8.0,0.83,5.08,71.3,Good,23.741666666666664,78.125,2.3075,112.375,0.0,11,5,309
Delhi,2022-11-06,335.8,371.4,48.1,100.8,227.5,21.3,7.2,86.2,134.2,13.58,2.93,3.41,30.5,Satisfactory,23.145833333333332,81.20833333333333,1.9770833333333335,140.08333333333334,0.0,11,6,310
Delhi,2022-11-07,132.1,15.4,0.1,94.2,41.6,45.0,1.05,98.9,122.3,2.52,17.04,1.0,169.9,Satisfactory,23.1125,76.83333333333333,1.5875000000000001,155.625,0.4,11,0,311
Delhi,2022-11-08,379.3,166.6,71.4,100.8,12.4,1.7,9.53,86.0,62.2,13.8,24.64,5.62,497.4,Very Poor,21.47083333333333,79.83333333333333,1.8399999999999999,207.83333333333334,5.6,11,1,312
Delhi,2022-11-09,200.9,210.0,37.2,131.9,246.3,29.1,0.76,73.8,26.9,5.78,6.9,6.13,288.8,Very Poor,21.72083333333333,74.5,1.1420833333333333,233.66666666666666,0.0,11,2,313
Delhi,2022-11-10,398.5,19.2,194.7,106.3,1.7,42.5,0.52,52.1,162.1,13.18,29.62,1.73,476.4,Very Poor,21.083333333333332,75.375,2.1416666666666666,272.375,0.0,11,3,314
Delhi,2022-11-11,129.2,21.6,9.7,65.7,43.5,25.2,7.03,95.9,195.8,6.5,8.14,7.32,39.4,Severe,20.041666666666668,66.5,3.09125,295.0833333333333,0.0,11,4,315
Delhi,2022-11-12,413.3,550.0,48.4,5.9,179.0,44.1,6.68,9.2,131.6,1.55,20.45,2.94,166.0,Good,19.7625,60.833333333333336,3.53375,295.1666666666667,0.0,11,5,316
Delhi,2022-11-13,370.6,171.5,157.8,47.4,146.5,3.0,1.03,47.7,75.6,0.85,29.98,4.74,338.4,Moderate,20.041666666666668,63.458333333333336,2.7420833333333334,279.0,0.0,11,6,317
Delhi,2022-11-14,343.6,159.8,82.3,98.2,18.6,46.0,9.83,40.9,135.6,19.06,29.99,2.4,236.7,Good,20.641666666666666,65.70833333333333,2.2833333333333337,131.20833333333334,0.0,11,0,318
Delhi,2022-11-15,64.2,528.2,92.8,77.6,72.0,11.6,4.89,45.4,24.2,4.02,15.99,4.7,499.9,Very Poor,20.354166666666668,67.04166666666667,1.83125,248.0,0.0,11,1,319
Delhi,2022-11-16,136.9,263.9,88.8,70.2,248.8,32.5,6.74,69.4,73.7,0.44,29.8,6.13,462.8,Good,19.270833333333332,62.958333333333336,2.7449999999999997,312.0,0.0,11,2,320
Delhi,2022-11-17,455.8,589.6,127.8,58.9,104.4,48.2,7.64,96.2,171.6,3.63,28.34,9.94,381.0,Good,17.95,63.583333333333336,3.3229166666666665,291.625,0.0,11,3,321
Delhi,2022-11-18,359.5,89.3,96.2,95.4,126.3,8.3,9.14,86.3,76.9,9.26,19.16,1.59,377.8,Good,17.120833333333334,62.208333333333336,2.4720833333333334,297.6666666666667,0.0,11,4,322
Delhi,2022-11-19,148.0,309.4,126.5,105.5,95.9,29.0,1.74,56.5,126.4,7.07,28.83,4.45,295.0,Good,17.208333333333332,65.45833333333333,2.033333333333333,302.75,0.0,11,5,323
Delhi,2022-11-20,19.6,185.9,55.2,24.8,132.2,5.2,2.83,8.9,51.9,1.66,11.39,2.13,27.7,Severe,17.537499999999998,65.16666666666667,2.4829166666666667,303.2083333333333,0.0,11,6,324
Delhi,2022-11-21,484.0,198.4,121.9,48.5,229.0,34.2,8.51,24.4,67.8,17.32,2.88,7.31,59.4,Poor,17.8875,61.041666666666664,3.1191666666666666,296.75,0.0,11,0,325
Delhi,2022-11-22,305.6,507.3,79.8,33.9,21.3,45.2,8.35,77.2,27.6,2.01,9.06,6.81,470.2,Poor,17.704166666666666,57.208333333333336,2.8629166666666666,292.6666666666667,0.0,11,1,326
Delhi,2022-11-23,65.5,585.1,101.5,141.3,89.9,33.6,2.09,59.0,153.9,19.86,24.23,8.12,428.0,Very Poor,17.404166666666665,53.25,3.139583333333333,287.2916666666667,0.0,11,2,327
Delhi,2022-11-24,100.6,222.6,32.6,22.0,203.3,17.7,9.95,28.8,28.5,3.37,21.55,4.05,374.3,Good,17.045833333333334,58.125,2.985416666666667,280.625,0.0,11,3,328
Delhi,2022-11-25,340.1,342.2,20.2,114.4,83.6,47.1,1.25,85.1,119.6,4.08,8.11,7.96,257.8,Severe,16.925,64.04166666666667,2.04,294.4166666666667,0.0,11,4,329
Delhi,2022-11-26,209.1,49.3,8.0,132.0,75.1,45.4,1.22,26.7,38.2,2.05,1.98,2.64,495.7,Satisfactory,17.120833333333334,59.75,2.8091666666666666,295.25,0.0,11,5,330
Delhi,2022-11-27,484.1,172.1,95.7,143.3,108.1,15.3,5.34,71.4,48.9,6.04,7.08,2.65,249.7,Very Poor,16.558333333333334,69.95833333333333,2.07375,288.5833333333333,0.0,11,6,331
Delhi,2022-11-28,357.7,16.5,21.2,48.8,239.8,1.5,1.07,73.0,7.6,4.7,15.45,2.63,397.9,Good,16.783333333333335,69.29166666666667,1.58875,263.7083333333333,0.0,11,0,332
Delhi,2022-11-29,199.5,3.8,55.6,59.4,170.7,49.1,1.55,81.1,109.5,16.96,27.03,8.41,322.0,Poor,16.491666666666667,72.25,2.055833333333333,286.2916666666667,0.0,11,1,333
Delhi,2022-11-30,105.9,152.4,196.1,12.3,37.9,16.0,4.97,8.6,128.4,18.8,10.49,4.06,9.3,Satisfactory,16.545833333333334,75.41666666666667,2.012916666666667,291.4166666666667,0.0,11,2,334
Delhi,2022-12-01,70.1,519.2,1.5,44.1,45.9,38.8,0.28,51.5,68.9,0.88,6.33,6.78,316.5,Moderate,16.333333333333332,76.33333333333333,2.2108333333333334,281.25,0.0,12,3,335
Delhi,2022-12-02,302.0,443.0,146.6,138.0,108.5,47.2,9.56,70.3,168.6,15.05,23.84,3.18,48.2,Very Poor,16.912499999999998,73.70833333333333,1.4308333333333334,269.9166666666667,0.0,12,4,336
Delhi,2022-12-03,116.3,198.9,199.8,77.2,86.2,34.9,1.64,26.8,143.1,11.81,9.93,3.75,113.9,Satisfactory,16.8125,76.125,1.5383333333333333,253.20833333333334,0.0,12,5,337
Delhi,2022-12-04,221.0,395.5,134.2,16.8,201.0,31.4,7.42,34.5,70.8,16.52,16.92,6.36,217.2,Very Poor,16.166666666666668,76.25,2.2295833333333333,283.2916666666667,0.0,12,6,338
Delhi,2022-12-05,91.2,576.7,61.1,40.2,219.5,8.2,3.31,55.8,198.0,13.9,27.5,4.78,274.1,Satisfactory,15.200000000000001,76.83333333333333,1.8808333333333334,295.0,0.0,12,0,339
Delhi,2022-12-06,64.5,169.4,16.5,94.3,133.5,7.0,5.93,99.6,171.9,12.64,5.0,3.01,246.9,Very Poor,15.883333333333333,70.41666666666667,3.5408333333333335,289.125,0.0,12,1,340
Delhi,2022-12-07,278.8,62.6,13.8,39.1,113.2,47.6,4.69,7.8,123.5,18.67,5.88,1.39,223.7,Moderate,16.295833333333334,69.04166666666667,4.1570833333333335,286.625,0.0,12,2,341
Delhi,2022-12-08,225.9,40.6,59.1,51.1,28.4,0.9,4.5,11.1,19.8,19.66,10.35,3.67,487.1,Very Poor,15.666666666666666,75.375,2.973333333333333,299.25,0.0,12,3,342
Delhi,2022-12-09,307.6,287.3,59.1,128.7,139.8,37.0,9.91,74.4,137.1,15.25,22.98,1.11,218.6,Severe,15.9125,78.5,2.2075,290.6666666666667,0.0,12,4,343
Delhi,2022-12-10,159.6,478.0,164.3,21.8,52.2,38.0,8.53,4.2,199.4,0.41,18.95,3.21,18.3,Satisfactory,16.625,74.625,2.3004166666666666,309.0,0.0,12,5,344
Delhi,2022-12-11,166.6,540.5,45.3,86.4,248.2,37.9,0.5,91.5,115.6,18.38,20.45,3.87,343.5,Satisfactory,17.075,71.16666666666667,2.61625,303.2916666666667,0.0,12,6,345
Delhi,2022-12-12,381.9,252.6,52.2,64.9,232.6,17.3,7.07,49.1,92.3,18.25,14.55,1.49,154.5,Very Poor,16.825,62.666666666666664,3.0083333333333333,299.0416666666667,0.0,12,0,346
Delhi,2022-12-13,246.6,525.7,39.3,76.3,163.5,49.8,8.21,80.2,122.6,11.72,11.45,6.54,8.4,Satisfactory,16.795833333333334,54.458333333333336,4.171666666666667,297.5416666666667,0.0,12,1,347
Delhi,2022-12-14,18.3,35.0,49.7,53.1,238.5,41.6,9.27,0.5,84.2,0.15,11.39,0.61,140.1,Poor,15.475,56.25,3.8470833333333334,294.5416666666667,0.0,12,2,348
Delhi,2022-12-15,406.2,376.5,85.4,14.0,29.2,27.7,3.08,24.6,77.8,15.7,20.36,1.98,453.3,Severe,14.4375,59.708333333333336,3.3504166666666664,283.6666666666667,0.0,12,3,349
Delhi,2022-12-16,6.6,328.9,1.5,43.3,66.3,47.8,2.39,58.2,113.6,6.39,3.58,9.5,258.9,Very Poor,13.816666666666668,70.25,2.7266666666666666,270.9583333333333,0.0,12,4,350
Delhi,2022-12-17,479.8,285.7,142.0,39.2,73.4,3.0,1.21,24.8,176.2,6.08,8.58,8.76,246.9,Good,13.758333333333333,74.95833333333333,2.2725,275.6666666666667,0.0,12,5,351
Delhi,2022-12-18,368.0,130.0,93.3,28.7,93.1,19.4,9.11,21.1,46.5,14.54,15.65,7.7,279.5,Good,13.879166666666668,80.25,1.9554166666666666,297.4166666666667,0.0,12,6,352
Delhi,2022-12-19,144.4,130.1,152.1,98.5,159.1,41.9,8.45,44.5,175.3,12.16,28.19,3.8,386.3,Poor,13.991666666666667,81.875,2.1158333333333332,305.4166666666667,0.0,12,0,353
Delhi,2022-12-20,192.4,60.4,133.0,24.5,186.2,5.2,1.56,44.6,99.5,17.54,23.59,4.1,396.2,Satisfactory,13.516666666666666,79.5,2.1704166666666667,295.125,0.0,12,1,354
Delhi,2022-12-21,41.2,348.0,180.8,142.4,3.4,18.6,9.23,68.5,194.8,1.82,15.34,4.44,27.0,Moderate,12.9625,81.25,2.129583333333333,329.75,0.0,12,2,355
Delhi,2022-12-22,236.9,588.0,125.4,100.0,48.7,34.1,3.99,76.5,116.3,1.8,27.33,6.15,71.6,Poor,12.820833333333333,81.625,2.220833333333333,326.7083333333333,0.0,12,3,356
Delhi,2022-12-23,411.8,587.4,178.3,9.5,31.3,40.4,9.95,21.7,165.4,13.38,9.07,9.0,298.0,Severe,12.3125,82.20833333333333,1.9708333333333332,262.8333333333333,0.0,12,4,357
Delhi,2022-12-24,170.1,584.3,53.6,116.4,148.4,6.6,8.27,89.2,75.6,10.59,18.95,9.47,288.6,Very Poor,12.7125,74.75,3.125833333333333,314.4583333333333,0.0,12,5,358
Delhi,2022-12-25,455.0,11.0,139.5,142.4,46.3,46.7,8.07,48.2,63.9,18.05,3.39,0.3,284.8,Severe,11.012500000000001,83.58333333333333,2.9924999999999997,294.875,0.0,12,6,359
Delhi,2022-12-26,468.5,487.4,80.7,51.0,107.7,7.8,4.14,51.7,146.7,15.41,10.98,8.46,148.9,Very Poor,11.116666666666667,85.79166666666667,2.299583333333333,306.0833333333333,0.0,12,0,360
Delhi,2022-12-27,439.3,415.7,70.2,29.6,217.0,22.3,7.53,47.3,88.6,7.02,3.78,0.73,217.5,Severe,11.929166666666667,80.54166666666667,3.68125,293.125,0.0,12,1,361
Delhi,2022-12-28,272.2,154.6,90.2,22.5,82.9,25.2,2.59,62.5,76.7,13.2,23.09,0.36,473.1,Very Poor,13.020833333333334,73.83333333333333,4.379166666666666,283.75,0.0,12,2,362
Delhi,2022-12-29,293.9,414.3,138.5,48.0,129.5,0.6,5.34,36.1,172.9,0.02,24.08,9.38,268.6,Severe,13.904166666666667,75.66666666666667,2.1670833333333333,205.29166666666666,0.0,12,3,363
Delhi,2022-12-30,364.7,246.6,79.2,18.3,191.8,49.4,1.51,58.4,166.9,19.38,5.58,7.55,436.0,Very Poor,14.545833333333334,77.625,2.0837499999999998,172.16666666666666,0.0,12,4,364
Delhi,2022-12-31,165.4,385.6,57.0,149.8,1.0,36.0,1.76,85.3,66.1,18.55,13.72,0.41,16.3,Good,12.995833333333332,83.41666666666667,3.33,289.625,0.0,12,5,365
Delhi,2023-01-01,82.4,127.9,199.4,36.8,27.2,29.6,4.52,55.7,69.3,7.41,17.81,2.76,346.5,Very Poor,12.262500000000001,81.20833333333333,1.56375,273.4166666666667,0.0,1,6,1
Delhi,2023-01-02,345.1,11.4,95.3,134.1,173.9,13.0,5.68,43.1,45.0,1.9,19.57,3.54,276.5,Severe,11.845833333333333,81.875,1.2191666666666667,268.2083333333333,0.0,1,0,2
Delhi,2023-01-03,113.1,460.6,66.5,53.2,129.3,5.6,1.74,73.3,140.8,12.58,21.91,3.7,431.8,Good,9.9,88.66666666666667,1.8454166666666667,272.375,0.0,1,1,3
Delhi,2023-01-04,50.6,238.8,93.1,13.8,134.1,31.3,0.21,70.8,136.4,9.12,8.4,6.48,223.6,Poor,9.5375,89.33333333333333,2.2658333333333336,312.5416666666667,0.0,1,2,4
Delhi,2023-01-05,68.8,408.6,102.3,109.4,106.0,44.5,2.46,58.9,170.7,3.14,5.12,5.67,384.5,Poor,8.716666666666667,90.95833333333333,2.1770833333333335,277.6666666666667,0.0,1,3,5
Delhi,2023-01-06,478.7,220.8,186.1,110.2,38.6,36.6,1.5,21.6,74.8,8.56,3.17,2.41,123.0,Very Poor,8.216666666666667,88.625,1.7729166666666665,305.9166666666667,0.0,1,4,6
Delhi,2023-01-07,475.3,437.2,176.8,45.4,47.4,0.6,1.26,88.5,185.7,18.05,23.68,2.57,408.6,Moderate,8.020833333333334,89.625,2.5033333333333334,297.7916666666667,0.0,1,5,7
Delhi,2023-01-08,62.8,44.7,131.4,3.5,87.8,2.4,1.75,95.0,54.1,6.74,26.07,9.47,271.5,Moderate,9.883333333333333,89.91666666666667,2.5995833333333334,268.2916666666667,0.0,1,6,8
Delhi,2023-01-09,183.6,126.3,157.8,148.7,1.9,43.4,3.33,43.7,62.3,4.38,0.96,7.16,399.3,Very Poor,10.641666666666667,91.20833333333333,1.4475,300.375,0.0,1,0,9
Delhi,2023-01-10,286.6,85.7,112.8,102.9,78.4,30.9,1.78,6.3,71.8,15.81,29.6,7.27,86.4,Very Poor,11.308333333333332,91.41666666666667,2.5154166666666664,296.9583333333333,0.0,1,1,10
Delhi,2023-01-11,191.0,586.8,137.2,133.9,226.2,11.2,7.57,19.6,110.5,15.4,5.98,5.83,179.5,Moderate,11.841666666666667,88.5,2.0108333333333333,210.25,0.0,1,2,11
Delhi,2023-01-12,154.2,292.1,137.1,106.1,218.7,49.3,1.32,52.4,108.6,19.37,9.61,1.95,327.2,Severe,14.450000000000001,81.33333333333333,3.23,126.29166666666667,0.1,1,3,12
Delhi,2023-01-13,105.4,118.0,78.3,88.3,13.6,33.4,0.87,6.5,73.4,10.51,13.44,2.09,217.7,Satisfactory,13.695833333333333,87.875,2.55375,158.29166666666666,20.3,1,4,13
Delhi,2023-01-14,207.4,531.7,138.9,88.7,59.5,36.9,4.8,24.1,68.5,5.75,5.58,2.37,287.4,Moderate,12.279166666666667,77.91666666666667,3.6604166666666664,296.9583333333333,0.0,1,5,14
Delhi,2023-01-15,218.3,257.6,198.0,54.2,209.7,44.3,8.52,41.3,113.1,5.19,14.49,8.79,39.2,Severe,9.366666666666667,69.41666666666667,3.405416666666667,291.25,0.0,1,6,15
Delhi,2023-01-16,229.3,352.6,63.4,109.5,191.5,23.2,7.83,67.0,115.4,8.55,23.97,1.62,102.7,Very Poor,8.716666666666667,70.125,2.4175,301.5833333333333,0.0,1,0,16
Delhi,2023-01-17,339.6,46.4,103.9,100.6,126.0,30.6,9.63,45.1,72.4,17.62,5.62,8.05,184.3,Moderate,8.795833333333333,68.45833333333333,2.7875,300.5,0.0,1,1,17
Delhi,2023-01-18,166.2,73.5,120.5,7.3,203.5,29.7,3.66,57.8,81.1,10.05,13.86,6.79,453.8,Good,9.008333333333335,70.16666666666667,2.384583333333333,300.25,0.0,1,2,18
Delhi,2023-01-19,42.4,58.8,136.1,33.9,205.0,17.3,3.09,45.5,145.7,17.03,25.55,2.69,45.2,Poor,12.058333333333332,66.625,1.9633333333333332,275.125,0.0,1,3,19
Delhi,2023-01-20,443.6,393.2,193.8,140.5,1.9,23.3,2.58,85.3,2.8,4.37,1.61,4.74,378.6,Very Poor,13.979166666666666,71.41666666666667,2.81875,244.875,0.0,1,4,20
Delhi,2023-01-21,308.9,98.6,29.3,23.3,130.6,44.0,7.61,97.8,84.3,7.19,9.5,8.92,463.1,Good,13.091666666666667,80.75,1.4495833333333332,269.6666666666667,0.0,1,5,21
Delhi,2023-01-22,79.4,407.1,101.4,33.1,82.7,9.5,3.4,32.2,111.7,16.49,1.78,2.99,349.6,Good,13.891666666666666,74.29166666666667,2.214583333333333,113.375,0.0,1,6,22
Delhi,2023-01-23,301.9,165.6,58.5,92.4,78.3,28.9,3.12,57.0,107.2,12.3,26.39,3.8,244.2,Satisfactory,15.479166666666666,65.125,1.6849999999999998,113.875,0.0,1,0,23
Delhi,2023-01-24,110.7,380.5,196.6,126.7,4.4,19.2,4.6,75.1,115.4,16.18,22.67,3.11,471.8,Good,16.666666666666668,83.0,3.2770833333333336,149.16666666666666,12.200000000000001,1,1,24
Delhi,2023-01-25,76.9,156.7,63.0,86.2,30.2,16.6,8.04,10.6,40.4,2.98,16.5,2.15,33.1,Severe,16.341666666666665,85.375,1.4979166666666668,221.33333333333334,1.3,1,2,25
Delhi,2023-01-26,17.4,314.5,133.2,58.4,58.8,24.3,5.78,77.7,2.1,19.7,28.89,0.71,346.2,Good,14.608333333333334,82.08333333333333,3.3970833333333332,308.4583333333333,0.0,1,3,26
Delhi,2023-01-27,60.8,545.9,137.4,114.8,110.3,8.7,2.08,67.7,141.6,0.5,23.49,4.4,159.4,Severe,12.204166666666666,71.54166666666667,3.9579166666666663,297.5,0.0,1,4,27
Delhi,2023-01-28,32.7,212.4,153.6,19.1,4.1,40.8,5.15,95.3,67.1,16.42,6.93,9.65,493.2,Very Poor,12.341666666666667,72.625,3.064166666666667,288.375,0.0,1,5,28
Delhi,2023-01-29,477.0,179.2,78.1,76.2,14.8,28.9,6.89,71.1,45.9,0.89,13.67,6.8,453.4,Moderate,12.299999999999999,88.16666666666667,2.3091666666666666,120.25,6.300000000000001,1,6,29
Delhi,2023-01-30,374.3,565.4,61.4,139.2,174.4,5.5,4.36,61.0,166.9,16.06,22.07,2.56,494.4,Poor,13.3375,87.5,2.3495833333333334,166.79166666666666,6.1,1,0,30
Delhi,2023-01-31,212.1,489.5,182.9,57.1,53.9,45.4,3.83,78.4,69.2,0.36,29.91,3.26,186.2,Moderate,14.125,83.91666666666667,3.97125,296.5833333333333,0.0,1,1,31
Delhi,2023-02-01,347.5,2.1,67.3,88.1,78.4,33.4,8.6,50.8,79.9,10.62,28.32,6.63,335.6,Satisfactory,13.8125,76.125,4.42125,290.0416666666667,0.0,2,2,32
Delhi,2023-02-02,420.2,145.6,166.6,24.9,148.7,49.2,4.97,21.5,106.0,7.48,7.65,0.85,22.9,Poor,14.658333333333333,66.75,4.184583333333333,293.5416666666667,0.0,2,3,33
Delhi,2023-02-03,287.2,150.8,114.0,51.6,182.4,29.5,6.94,99.6,157.4,16.75,17.73,4.82,156.8,Severe,14.825000000000001,70.66666666666667,3.220833333333333,288.2916666666667,0.0,2,4,34
Delhi,2023-02-04,293.8,242.0,60.2,10.2,214.0,33.6,6.8,74.8,169.0,1.26,2.02,1.94,372.7,Poor,15.770833333333334,67.41666666666667,3.611666666666667,283.4166666666667,0.0,2,5,35
Delhi,2023-02-05,318.3,489.4,176.2,39.7,48.9,14.7,4.35,13.0,46.3,0.52,5.35,4.5,416.6,Satisfactory,16.425,65.95833333333333,2.7249999999999996,272.2083333333333,0.0,2,6,36
Delhi,2023-02-06,416.3,242.5,101.1,57.6,217.0,15.1,5.28,0.1,65.2,3.63,13.33,8.62,12.5,Good,16.995833333333334,74.16666666666667,1.8941666666666668,137.70833333333334,0.0,2,0,37
Delhi,2023-02-07,366.2,43.1,76.2,76.6,125.7,15.7,7.15,98.0,92.8,13.55,6.1,3.78,263.2,Severe,16.945833333333333,71.375,3.3183333333333334,287.9583333333333,0.0,2,1,38
Delhi,2023-02-08,93.2,449.9,141.8,28.8,21.5,13.9,9.54,16.7,195.5,13.48,11.89,4.68,336.0,Poor,15.4375,59.125,3.09625,292.4166666666667,0.0,2,2,39
Delhi,2023-02-09,250.7,265.8,88.7,80.0,249.2,36.8,1.25,49.3,70.7,5.39,27.73,3.11,82.6,Very Poor,17.016666666666666,65.08333333333333,2.637916666666667,223.41666666666666,0.0,2,3,40
Delhi,2023-02-10,6.8,500.9,131.6,43.7,5.5,2.4,0.43,18.4,146.7,19.23,18.06,9.14,208.7,Poor,18.083333333333332,73.79166666666667,2.765833333333333,139.04166666666666,0.0,2,4,41
Delhi,2023-02-11,355.5,243.8,68.9,69.2,35.1,23.2,4.09,85.1,176.9,11.24,0.23,9.28,283.4,Poor,18.504166666666666,65.41666666666667,2.53875,243.375,0.0,2,5,42
Delhi,2023-02-12,361.0,599.3,148.4,42.7,7.6,13.8,7.26,9.0,183.4,17.97,17.38,5.84,243.8,Poor,15.783333333333333,48.833333333333336,4.129166666666666,308.2916666666667,0.0,2,6,43
Delhi,2023-02-13,143.7,70.1,117.9,32.2,170.5,30.3,6.28,57.8,54.7,18.1,12.69,4.67,451.5,Very Poor,15.079166666666666,35.875,6.135416666666667,292.7916666666667,0.0,2,0,44
Delhi,2023-02-14,84.6,399.6,192.4,130.0,227.6,36.4,8.67,59.7,30.3,7.75,20.32,4.57,283.3,Good,16.7375,44.875,3.9516666666666667,296.5833333333333,0.0,2,1,45
Delhi,2023-02-15,268.8,440.7,27.3,35.6,175.0,25.3,1.51,73.8,132.8,11.23,2.61,7.05,413.3,Satisfactory,18.354166666666668,54.0,4.2124999999999995,293.0833333333333,0.0,2,2,46
Delhi,2023-02-16,465.6,235.2,162.2,15.1,102.5,11.7,0.61,56.9,174.4,15.47,18.5,9.98,87.7,Very Poor,17.945833333333333,72.875,1.9891666666666667,305.9583333333333,0.0,2,3,47
Delhi,2023-02-17,385.4,581.1,157.1,81.2,2.8,34.1,6.05,71.8,39.0,11.23,3.48,5.08,427.0,Severe,19.037499999999998,76.75,1.5112500000000002,232.04166666666666,0.0,2,4,48
Delhi,2023-02-18,465.7,303.5,63.4,35.2,153.0,26.7,7.91,93.3,6.5,0.42,29.67,4.82,325.5,Poor,19.045833333333334,78.875,1.9833333333333334,300.9166666666667,0.0,2,5,49
Delhi,2023-02-19,236.6,196.8,97.7,124.0,24.7,2.0,8.36,0.2,137.7,17.69,9.39,9.07,72.3,Poor,19.895833333333332,75.04166666666667,1.5916666666666668,202.875,0.0,2,6,50
Delhi,2023-02-20,460.4,306.5,192.4,6.3,163.0,31.2,0.57,51.8,49.6,15.93,27.85,4.07,177.0,Satisfactory,21.829166666666666,67.08333333333333,1.9795833333333333,146.25,0.0,2,0,51
Delhi,2023-02-21,465.2,45.6,155.2,131.9,96.0,4.9,2.49,55.0,82.2,8.55,29.17,2.18,137.2,Good,21.370833333333334,61.791666666666664,2.5104166666666665,183.29166666666666,0.0,2,1,52
Delhi,2023-02-22,161.1,100.4,31.5,43.6,237.0,3.6,1.56,75.2,22.2,12.42,1.14,1.97,459.3,Good,20.320833333333333,63.166666666666664,2.219583333333333,325.0416666666667,0.0,2,2,53
Delhi,2023-02-23,179.9,537.3,192.9,70.8,176.1,0.1,8.15,71.3,134.7,7.23,9.58,6.8,112.7,Satisfactory,19.920833333333334,53.416666666666664,3.4012499999999997,295.3333333333333,0.0,2,3,54
Delhi,2023-02-24,487.1,574.2,142.0,69.1,137.0,14.8,4.36,5.2,171.5,14.06,11.88,0.64,303.2,Satisfactory,19.724999999999998,51.791666666666664,2.9283333333333332,287.375,0.0,2,4,55
Delhi,2023-02-25,380.6,173.0,0.3,56.1,71.3,23.4,1.99,2.3,139.6,8.6,2.46,2.19,430.4,Moderate,20.279166666666665,57.5,2.1437500000000003,265.7916666666667,0.0,2,5,56
Delhi,2023-02-26,142.1,435.9,17.1,65.4,112.1,3.7,5.97,41.6,117.9,11.09,2.34,8.42,218.1,Severe,21.412499999999998,56.041666666666664,1.90625,179.75,0.0,2,6,57
Delhi,2023-02-27,271.8,192.5,81.0,19.2,29.6,30.2,1.38,43.9,57.4,9.37,28.29,0.35,400.4,Very Poor,21.837500000000002,54.583333333333336,2.5454166666666667,259.9583333333333,0.0,2,0,58
Delhi,2023-02-28,6.7,558.6,145.6,99.2,237.5,25.1,4.46,90.2,181.9,3.52,0.79,5.8,434.1,Poor,21.158333333333335,52.458333333333336,2.2712499999999998,232.83333333333334,0.0,2,1,59
Delhi,2023-03-01,113.4,389.1,122.6,124.1,42.3,1.2,9.14,54.2,7.9,18.16,20.33,5.49,74.7,Severe,21.458333333333332,51.875,2.7312499999999997,104.75,0.0,3,2,60
Delhi,2023-03-02,17.6,362.7,38.9,136.5,240.1,22.1,3.42,27.7,112.3,1.46,2.22,9.34,474.1,Moderate,22.058333333333334,54.958333333333336,2.63625,313.5833333333333,0.0,3,3,61
Delhi,2023-03-03,285.5,299.7,93.6,23.6,168.5,27.8,4.52,67.9,123.6,8.79,17.03,5.62,207.2,Very Poor,22.8875,54.583333333333336,3.2729166666666667,299.1666666666667,0.0,3,4,62
Delhi,2023-03-04,493.3,448.8,8.5,74.7,81.1,41.0,0.6,94.9,55.3,18.17,0.19,2.61,493.1,Severe,22.379166666666666,54.916666666666664,3.1983333333333337,309.2916666666667,0.0,3,5,63
Delhi,2023-03-05,32.7,598.0,67.9,106.7,112.8,18.7,3.84,83.8,83.4,3.86,29.98,1.02,244.7,Poor,22.495833333333334,52.541666666666664,3.5708333333333333,304.125,0.0,3,6,64
Delhi,2023-03-06,180.2,118.9,90.8,36.1,180.8,2.6,4.94,39.2,70.1,16.02,7.18,3.44,55.8,Poor,21.537499999999998,50.875,3.1254166666666667,302.0833333333333,0.0,3,0,65
Delhi,2023-03-07,28.2,94.4,17.9,54.3,54.9,24.1,1.48,67.3,43.4,19.78,0.2,3.17,459.0,Poor,21.616666666666664,51.583333333333336,2.1395833333333334,260.25,0.0,3,1,66
Delhi,2023-03-08,152.9,257.8,109.2,105.5,127.1,37.2,4.28,77.5,126.0,14.51,17.66,8.86,374.1,Satisfactory,21.037499999999998,56.75,2.3175000000000003,244.25,0.0,3,2,67
Delhi,2023-03-09,142.4,233.8,1.9,41.6,72.0,19.8,6.36,43.4,6.6,7.69,26.34,6.61,26.5,Moderate,21.2625,62.458333333333336,2.3270833333333334,267.3333333333333,0.0,3,3,68
Delhi,2023-03-10,328.0,315.9,113.7,144.2,159.2,11.0,0.39,0.5,58.8,14.7,17.92,2.52,302.8,Poor,22.28333333333333,60.25,2.393333333333333,286.2916666666667,0.0,3,4,69
Delhi,2023-03-11,289.3,549.7,67.7,38.0,86.0,8.7,8.96,75.4,193.7,8.3,5.79,3.43,107.1,Poor,22.854166666666668,54.5,2.1304166666666666,286.2083333333333,0.0,3,5,70
Delhi,2023-03-12,117.6,475.6,19.2,126.3,247.8,30.5,8.71,16.8,64.9,19.55,16.85,5.07,457.5,Moderate,23.920833333333334,53.041666666666664,1.9220833333333334,269.5,0.0,3,6,71
Delhi,2023-03-13,89.7,25.2,74.4,102.3,35.2,2.2,6.48,51.7,64.8,19.79,11.01,5.66,368.7,Poor,24.037499999999998,51.208333333333336,2.467916666666667,263.6666666666667,0.0,3,0,72
Delhi,2023-03-14,145.2,7.5,186.0,136.3,203.8,47.1,3.35,77.0,133.3,7.75,29.34,6.74,223.9,Moderate,24.195833333333336,49.291666666666664,2.7704166666666663,280.0416666666667,0.0,3,1,73
Delhi,2023-03-15,342.1,220.4,165.0,107.3,243.1,23.5,5.01,53.4,67.1,6.01,2.34,2.05,93.2,Severe,24.479166666666668,45.791666666666664,1.9654166666666668,232.04166666666666,0.0,3,2,74
Delhi,2023-03-16,207.2,229.4,73.2,33.7,224.1,17.2,7.88,13.5,67.0,4.67,22.3,0.06,416.2,Severe,24.625,43.125,2.4725,160.0,0.5,3,3,75
Delhi,2023-03-17,178.1,283.1,73.7,106.8,112.0,21.0,4.66,54.8,22.5,12.43,23.29,4.1,8.2,Moderate,22.758333333333336,56.916666666666664,1.7204166666666667,138.54166666666666,1.1,3,4,76
Delhi,2023-03-18,393.3,284.5,168.0,135.2,0.4,46.8,1.66,70.9,39.8,6.01,15.59,1.96,25.4,Poor,20.245833333333334,76.79166666666667,2.4145833333333333,74.41666666666667,0.6000000000000001,3,5,77
Delhi,2023-03-19,377.2,344.7,121.4,147.4,91.7,26.9,9.5,25.6,192.6,4.11,11.42,3.44,83.9,Satisfactory,19.8,82.91666666666667,1.8220833333333335,116.33333333333333,0.6000000000000001,3,6,78
Delhi,2023-03-20,470.7,559.4,6.5,13.0,198.5,38.1,9.83,20.2,112.9,11.6,13.84,7.85,48.7,Poor,18.804166666666667,86.875,2.10125,191.45833333333334,16.5,3,0,79
Delhi,2023-03-21,272.7,363.4,146.6,48.6,135.7,37.2,8.73,88.0,147.5,15.12,22.06,0.18,87.5,Very Poor,18.333333333333332,83.33333333333333,1.8475,157.58333333333334,5.8,3,1,80
Delhi,2023-03-22,143.8,462.9,149.1,20.3,202.8,23.7,5.97,71.1,1.8,5.41,8.45,4.85,47.8,Poor,19.712500000000002,75.95833333333333,1.4845833333333331,233.375,0.0,3,2,81
Delhi,2023-03-23,164.2,29.3,104.7,89.1,165.0,45.8,3.2,87.1,149.4,0.01,0.86,8.01,350.0,Moderate,21.59166666666667,65.83333333333333,2.44875,297.8333333333333,0.0,3,3,82
Delhi,2023-03-24,94.3,292.9,190.7,10.2,124.9,30.2,2.53,49.8,47.6,19.23,14.78,5.15,35.7,Poor,21.400000000000002,69.45833333333333,2.4704166666666665,129.41666666666666,11.7,3,4,83
Delhi,2023-03-25,391.9,120.0,194.6,9.2,99.9,31.0,3.33,12.9,131.6,8.97,4.76,6.02,284.4,Very Poor,21.370833333333334,77.20833333333333,2.5254166666666666,132.91666666666666,2.6,3,5,84
Delhi,2023-03-26,49.7,379.5,76.0,56.4,84.5,8.1,8.21,97.5,147.0,6.11,21.6,5.35,26.9,Severe,22.108333333333334,59.5,2.8529166666666668,263.5,0.0,3,6,85
Delhi,2023-03-27,129.2,47.3,86.1,60.2,94.6,26.0,3.67,15.9,44.4,14.19,25.78,3.91,259.2,Satisfactory,21.166666666666668,60.333333333333336,2.9808333333333334,299.0416666666667,0.0,3,0,86
Delhi,2023-03-28,129.6,478.7,183.8,118.3,17.2,14.5,8.01,11.1,38.4,9.6,19.21,5.74,494.4,Severe,22.129166666666666,58.458333333333336,2.668333333333333,279.7083333333333,0.0,3,1,87
Delhi,2023-03-29,313.8,421.1,116.6,105.0,160.1,27.5,7.47,68.0,63.4,2.35,22.27,1.5,95.0,Very Poor,23.34583333333333,55.25,2.0770833333333334,148.83333333333334,1.6,3,2,88
Delhi,2023-03-30,296.6,21.0,110.8,41.3,244.4,29.1,3.37,85.1,119.5,17.39,15.6,2.65,214.3,Satisfactory,22.295833333333334,67.20833333333333,2.842916666666667,197.91666666666666,8.2,3,3,89
Delhi,2023-03-31,374.9,584.6,148.3,54.4,59.5,12.0,9.8,38.4,40.8,19.99,22.12,9.31,38.3,Good,19.837500000000002,81.66666666666667,1.5445833333333334,180.25,9.7,3,4,90
Delhi,2023-04-01,110.9,329.0,120.8,94.0,81.4,26.1,1.27,66.3,132.3,7.47,6.72,1.42,372.9,Satisfactory,20.195833333333333,78.91666666666667,1.5566666666666666,141.625,1.0,4,5,91
Delhi,2023-04-02,24.7,166.2,52.2,145.4,176.2,32.8,5.16,92.7,143.3,9.09,15.1,9.13,53.9,Moderate,22.3875,69.08333333333333,2.2912500000000002,202.0,0.0,4,6,92
Delhi,2023-04-03,21.3,294.9,134.7,140.4,121.3,31.3,2.12,95.8,20.8,9.61,24.91,5.95,350.6,Moderate,23.545833333333334,59.25,2.1941666666666664,151.66666666666666,0.0,4,0,93
Delhi,2023-04-04,114.1,309.7,139.4,38.7,204.1,5.8,2.88,97.4,155.6,15.62,12.45,3.7,54.4,Severe,22.745833333333334,58.125,2.8504166666666664,235.83333333333334,0.1,4,1,94
Delhi,2023-04-05,350.0,193.7,88.9,65.0,208.5,19.5,2.91,76.3,102.5,17.44,7.07,2.28,90.9,Good,23.604166666666668,47.75,2.9945833333333334,309.375,0.0,4,2,95
Delhi,2023-04-06,214.9,488.3,68.7,78.0,178.0,4.1,5.52,36.9,67.6,3.46,5.4,4.95,352.4,Good,24.71666666666667,37.0,3.5116666666666667,307.2083333333333,0.0,4,3,96
Delhi,2023-04-07,57.4,62.5,18.5,123.0,214.6,15.3,1.61,75.6,115.8,2.28,23.74,1.59,428.5,Moderate,25.079166666666666,34.333333333333336,3.535,307.0833333333333,0.0,4,4,97
Delhi,2023-04-08,194.4,143.5,37.4,131.0,105.9,44.4,3.56,9.4,168.9,1.62,0.32,0.79,362.6,Good,25.179166666666664,31.291666666666668,3.0141666666666667,286.7916666666667,0.0,4,5,98
Delhi,2023-04-09,22.2,268.0,138.0,65.8,238.8,38.4,7.26,86.6,154.4,1.35,17.12,9.29,400.7,Severe,26.27916666666667,29.416666666666668,2.5966666666666667,290.1666666666667,0.0,4,6,99
Delhi,2023-04-10,279.5,329.0,37.2,77.0,25.0,28.3,7.19,34.2,28.5,4.48,12.37,1.24,144.8,Very Poor,27.016666666666666,27.125,2.598333333333333,268.625,0.0,4,0,100
Delhi,2023-04-11,413.7,322.9,103.0,76.5,16.3,3.2,8.52,67.9,185.3,8.63,1.1,4.74,335.2,Severe,28.233333333333334,25.958333333333332,3.7525,296.8333333333333,0.0,4,1,101
Delhi,2023-04-12,119.6,42.3,155.8,29.4,235.0,24.4,1.76,64.9,83.9,16.87,22.89,3.86,101.1,Very Poor,29.95,26.0,4.419583333333333,280.7083333333333,0.0,4,2,102
Delhi,2023-04-13,347.5,224.9,110.4,99.8,116.8,45.3,6.06,93.8,42.6,10.54,26.6,3.85,136.9,Satisfactory,30.09166666666667,26.041666666666668,3.4270833333333335,290.3333333333333,0.0,4,3,103
Delhi,2023-04-14,380.9,561.0,169.3,94.0,189.0,24.0,3.45,39.8,69.7,3.89,25.78,2.88,457.4,Moderate,30.208333333333332,25.208333333333332,2.811666666666667,291.75,0.0,4,4,104
Delhi,2023-04-15,263.8,68.8,119.3,43.7,111.2,11.9,2.04,74.7,0.2,18.8,24.58,0.58,46.2,Moderate,30.97083333333333,23.291666666666668,2.3783333333333334,236.20833333333334,0.0,4,5,105
Delhi,2023-04-16,284.8,190.2,175.0,10.3,209.3,47.3,8.98,90.0,169.4,5.12,14.38,9.08,165.4,Very Poor,31.520833333333332,24.625,2.7533333333333334,247.08333333333334,0.0,4,6,106
Delhi,2023-04-17,414.0,442.4,77.2,10.4,91.1,41.7,0.44,84.7,72.6,17.24,11.68,4.36,30.2,Severe,32.475,25.125,2.6016666666666666,272.375,0.0,4,0,107
Delhi,2023-04-18,30.7,261.7,84.3,3.4,41.7,32.0,6.4,15.9,141.5,19.16,29.35,4.63,272.0,Poor,32.608333333333334,23.75,3.317083333333333,278.2083333333333,0.0,4,1,108
Delhi,2023-04-19,267.0,538.8,139.7,90.5,28.2,22.1,2.78,85.4,118.1,11.36,7.24,1.52,183.3,Satisfactory,29.916666666666668,35.208333333333336,3.2758333333333334,244.66666666666666,0.0,4,2,109
Delhi,2023-04-20,427.9,419.6,163.9,2.5,4.4,37.0,3.52,52.4,31.6,17.08,2.93,9.81,324.2,Good,28.270833333333332,45.333333333333336,2.2891666666666666,232.66666666666666,0.0,4,3,110
Delhi,2023-04-21,263.7,169.9,169.6,49.0,103.7,20.4,3.31,24.6,5.2,13.09,6.77,8.14,197.4,Poor,28.729166666666668,34.458333333333336,3.0395833333333333,152.33333333333334,0.0,4,4,111
Delhi,2023-04-22,155.6,229.9,93.3,36.8,241.2,26.1,8.04,69.1,170.9,5.72,24.82,6.17,235.1,Satisfactory,28.72083333333333,26.5,2.7191666666666667,158.95833333333334,0.0,4,5,112
Delhi,2023-04-23,308.6,590.8,118.3,121.1,163.9,21.7,0.83,65.5,19.8,15.69,3.85,7.36,34.2,Very Poor,27.079166666666666,27.708333333333332,3.2183333333333333,208.16666666666666,0.0,4,6,113
Delhi,2023-04-24,103.1,155.8,45.2,38.3,5.2,38.1,0.02,76.4,185.7,19.89,19.6,3.46,460.4,Good,25.883333333333336,36.375,2.6970833333333335,135.91666666666666,0.0,4,0,114
Delhi,2023-04-25,227.4,577.6,101.6,97.4,18.9,2.5,6.14,71.6,87.5,7.69,29.24,4.07,497.7,Very Poor,26.683333333333334,39.125,2.7283333333333335,91.45833333333333,0.0,4,1,115
Delhi,2023-04-26,21.1,528.8,125.8,75.3,203.6,4.0,4.8,45.2,165.0,18.87,21.86,9.01,13.8,Severe,28.491666666666664,35.666666666666664,2.075833333333333,178.95833333333334,0.0,4,2,116
Delhi,2023-04-27,421.3,441.8,197.4,38.7,80.5,40.5,7.5,58.1,117.5,16.45,5.74,7.18,6.8,Severe,28.5625,34.625,2.47,137.41666666666666,1.0,4,3,117
Delhi,2023-04-28,466.7,331.4,165.7,113.6,88.6,10.8,7.84,36.1,4.4,11.53,25.63,9.01,469.2,Satisfactory,27.69583333333333,38.833333333333336,1.6987500000000002,170.20833333333334,0.0,4,4,118
Delhi,2023-04-29,381.8,290.3,102.4,14.3,141.9,16.9,4.88,39.9,161.7,15.8,12.02,8.61,297.6,Good,26.27916666666667,51.291666666666664,2.1533333333333333,237.08333333333334,3.1,4,5,119
Delhi,2023-04-30,170.5,468.2,38.6,57.7,165.0,39.6,3.06,21.4,122.6,3.22,20.46,5.37,146.3,Poor,24.5125,64.58333333333333,2.0825,149.33333333333334,2.5,4,6,120
Delhi,2023-05-01,363.1,47.3,137.2,4.5,68.0,37.1,1.72,8.3,185.7,12.74,6.6,4.68,393.0,Poor,22.133333333333336,81.375,2.299583333333333,83.5,4.9,5,0,121
Delhi,2023-05-02,2.0,298.7,28.8,118.4,164.2,40.8,8.35,85.6,161.3,12.67,13.76,6.54,143.9,Severe,22.383333333333336,82.70833333333333,2.7808333333333333,99.125,4.4,5,1,122
Delhi,2023-05-03,314.1,33.7,180.8,97.0,179.6,42.8,4.39,56.1,117.0,5.76,6.51,3.82,101.5,Severe,22.4875,82.16666666666667,1.885,92.08333333333333,5.2,5,2,123
Delhi,2023-05-04,25.5,221.0,48.1,80.5,216.1,12.4,1.52,78.2,16.0,13.43,17.28,8.3,466.9,Very Poor,24.266666666666666,72.20833333333333,1.1104166666666666,109.875,0.0,5,3,124
Delhi,2023-05-05,357.7,317.4,72.1,17.2,150.9,24.3,8.92,86.0,52.3,1.9,1.49,2.84,211.9,Moderate,25.991666666666664,60.958333333333336,1.96375,203.875,3.3,5,4,125
Delhi,2023-05-06,231.6,461.6,16.5,106.7,219.8,21.7,8.31,27.1,126.3,0.38,8.14,6.18,495.7,Moderate,26.849999999999998,52.541666666666664,2.3670833333333334,270.2083333333333,1.0,5,5,126
Delhi,2023-05-07,354.4,37.7,48.0,56.3,39.9,26.2,0.49,63.1,82.8,10.84,18.31,5.25,182.5,Moderate,28.270833333333332,43.75,2.2841666666666667,208.625,0.0,5,6,127
Delhi,2023-05-08,235.1,556.2,136.1,104.7,46.3,32.4,3.4,47.4,148.1,17.42,21.0,9.14,447.8,Moderate,28.766666666666666,43.333333333333336,3.2754166666666666,123.33333333333333,0.0,5,0,128
Delhi,2023-05-09,397.2,461.9,150.3,59.1,122.4,22.5,3.46,43.8,170.0,15.51,9.61,7.86,120.2,Good,29.337500000000002,35.75,3.39625,280.3333333333333,0.0,5,1,129
Delhi,2023-05-10,179.0,123.0,124.2,80.3,153.3,20.6,7.93,48.8,145.6,14.63,29.96,4.66,225.1,Very Poor,29.02916666666667,25.958333333333332,3.7854166666666664,274.7916666666667,0.0,5,2,130
Delhi,2023-05-11,421.4,464.9,164.5,68.6,93.6,28.8,2.8,98.2,5.1,5.95,12.73,3.01,430.5,Satisfactory,30.599999999999998,25.166666666666668,2.197083333333333,257.2083333333333,0.0,5,3,131
Delhi,2023-05-12,299.2,202.8,53.0,133.9,107.7,9.4,5.7,58.2,42.6,19.53,12.56,0.84,135.6,Satisfactory,32.1625,28.291666666666668,2.8041666666666667,172.25,0.0,5,4,132
Delhi,2023-05-13,289.2,43.3,198.2,8.2,178.2,33.0,3.44,88.5,102.8,18.63,5.7,7.04,280.1,Very Poor,32.1875,28.916666666666668,2.7825,99.33333333333333,0.0,5,5,133
Delhi,2023-05-14,159.2,45.7,159.6,93.8,80.7,38.0,9.67,76.1,19.8,19.85,4.13,1.75,80.5,Good,31.770833333333332,32.333333333333336,2.939583333333333,159.29166666666666,0.0,5,6,134
Delhi,2023-05-15,399.3,579.9,18.7,75.1,80.9,32.9,6.72,96.9,64.0,12.38,19.86,1.06,434.7,Good,32.699999999999996,27.541666666666668,2.2270833333333333,211.29166666666666,0.0,5,0,135
Delhi,2023-05-16,109.6,190.6,96.5,143.0,51.6,4.7,1.36,74.5,199.0,2.1,17.83,1.07,426.4,Good,32.425000000000004,28.125,3.901666666666667,266.875,0.0,5,1,136
Delhi,2023-05-17,267.5,66.7,60.9,128.0,123.1,30.0,4.48,65.2,194.2,17.51,18.75,3.11,218.4,Very Poor,33.375,26.0,3.9966666666666666,250.45833333333334,0.0,5,2,137
Delhi,2023-05-18,312.8,67.6,167.3,128.6,109.5,24.3,8.99,8.2,122.0,19.82,4.1,9.23,142.0,Moderate,30.791666666666668,39.125,3.2125,264.125,0.0,5,3,138
Delhi,2023-05-19,195.9,338.3,192.7,70.8,226.4,48.3,9.41,31.5,153.1,17.7,11.59,1.15,146.2,Poor,32.016666666666666,33.958333333333336,4.158333333333333,303.8333333333333,0.0,5,4,139
Delhi,2023-05-20,266.0,538.4,122.8,97.1,234.7,20.9,5.02,84.2,125.0,14.53,29.89,9.09,276.0,Good,33.012499999999996,27.708333333333332,3.627083333333333,288.5416666666667,0.0,5,5,140
Delhi,2023-05-21,277.0,134.2,93.2,38.0,61.3,43.9,2.9,15.1,67.4,18.44,13.44,6.62,334.0,Very Poor,34.3375,23.791666666666668,2.56625,248.375,0.0,5,6,141
Delhi,2023-05-22,136.4,294.8,198.2,137.3,148.9,49.2,7.38,61.7,115.7,4.26,19.7,3.93,245.7,Severe,36.233333333333334,20.291666666666668,4.8637500000000005,273.625,0.0,5,0,142
Delhi,2023-05-23,119.4,547.6,167.8,33.5,16.8,19.3,0.48,36.9,144.2,17.33,15.29,6.96,97.6,Moderate,35.19166666666667,29.041666666666668,5.54625,276.5,2.7,5,1,143
Delhi,2023-05-24,453.7,276.5,99.8,24.5,27.1,41.3,9.15,93.1,7.5,18.88,10.5,4.61,116.3,Moderate,30.929166666666664,46.583333333333336,2.6458333333333335,212.66666666666666,0.0,5,2,144
Delhi,2023-05-25,339.4,46.7,190.8,9.2,178.9,38.4,6.23,36.7,0.6,10.36,28.84,4.27,189.3,Moderate,28.266666666666666,58.5,2.0741666666666667,166.83333333333334,0.1,5,3,145
Delhi,2023-05-26,494.0,347.8,72.4,125.5,95.3,18.8,5.76,77.6,25.0,3.75,6.77,3.55,268.2,Very Poor,28.47083333333333,55.0,1.5441666666666667,125.16666666666667,0.0,5,4,146
Delhi,2023-05-27,151.8,453.6,21.0,140.4,148.8,11.6,7.76,40.8,102.9,11.55,19.69,4.17,164.8,Poor,27.27916666666667,63.291666666666664,3.2708333333333335,127.04166666666667,15.5,5,5,147
Delhi,2023-05-28,463.0,64.8,175.8,117.5,223.3,44.8,4.34,70.6,13.3,5.94,7.43,6.62,247.6,Poor,27.329166666666666,66.33333333333333,1.7520833333333332,128.08333333333334,0.1,5,6,148
Delhi,2023-05-29,300.1,475.8,94.7,102.9,216.8,6.0,2.09,39.0,28.2,10.97,12.73,0.19,108.4,Good,27.370833333333334,69.41666666666667,2.127083333333333,127.41666666666667,0.5,5,0,149
Delhi,2023-05-30,16.0,64.8,165.2,24.9,155.1,4.9,2.32,14.0,34.7,13.83,19.89,7.24,236.4,Moderate,27.441666666666666,64.91666666666667,2.15125,180.625,0.0,5,1,150
Delhi,2023-05-31,207.5,202.7,162.1,144.7,50.6,28.0,5.52,54.0,133.7,17.66,16.06,6.91,160.9,Poor,25.02916666666667,74.45833333333333,2.6195833333333334,236.16666666666666,2.1,5,2,151
Delhi,2023-06-01,8.6,42.6,138.5,29.4,197.4,25.5,2.1,60.4,95.8,10.56,4.87,6.49,441.3,Very Poor,26.45,66.33333333333333,2.1620833333333334,292.125,0.5,6,3,152
Delhi,2023-06-02,347.2,38.6,99.7,19.0,216.7,2.2,7.29,3.6,188.2,9.84,29.39,5.34,248.0,Severe,27.670833333333334,55.958333333333336,2.904583333333333,296.2083333333333,1.3,6,4,153
Delhi,2023-06-03,227.5,297.8,102.3,41.3,179.8,18.3,1.91,65.6,143.6,9.2,27.06,2.85,215.4,Severe,29.191666666666666,51.791666666666664,2.17625,325.5,0.0,6,5,154
Delhi,2023-06-04,141.4,150.4,172.3,127.9,121.6,17.1,5.13,85.7,133.8,10.76,17.64,8.58,171.0,Good,29.429166666666664,57.041666666666664,2.6341666666666668,290.125,0.30000000000000004,6,6,155
Delhi,2023-06-05,407.8,157.7,54.3,148.0,48.8,24.5,8.0,48.2,40.3,11.03,3.17,5.27,53.6,Very Poor,30.47083333333333,51.875,3.328333333333333,274.2916666666667,0.3,6,0,156
Delhi,2023-06-06,347.8,416.1,107.8,127.4,9.8,26.5,8.11,35.8,148.5,8.75,16.66,5.02,8.5,Poor,31.254166666666666,45.25,2.171666666666667,292.4166666666667,0.1,6,1,157
Delhi,2023-06-07,279.5,166.0,83.8,16.0,218.5,21.1,4.07,82.3,174.7,15.79,17.72,1.18,169.8,Satisfactory,32.0875,38.208333333333336,3.012916666666667,306.25,0.0,6,2,158
Delhi,2023-06-08,99.4,438.2,107.8,101.6,84.9,15.1,1.26,85.5,56.3,11.39,1.27,7.45,324.0,Poor,32.637499999999996,35.541666666666664,3.23875,322.0833333333333,0.0,6,3,159
Delhi,2023-06-09,476.8,368.7,106.3,68.8,153.7,37.5,4.76,82.2,128.5,5.0,20.96,1.24,482.6,Good,34.36666666666667,33.916666666666664,3.84625,283.5833333333333,0.0,6,4,160
Delhi,2023-06-10,452.1,541.3,145.4,68.5,98.0,5.1,3.9,77.3,198.6,12.82,18.49,4.84,445.5,Good,34.50833333333333,39.083333333333336,3.7154166666666666,274.7916666666667,0.1,6,5,161
Delhi,2023-06-11,355.5,507.5,162.8,113.0,183.4,26.0,0.59,73.7,104.5,0.53,27.09,7.89,293.3,Very Poor,33.975,45.5,4.11625,286.625,0.0,6,6,162
Delhi,2023-06-12,258.4,490.7,67.8,123.9,70.0,30.5,7.83,13.8,111.1,14.74,17.36,9.12,266.9,Satisfactory,35.0,44.583333333333336,4.46625,291.1666666666667,0.0,6,0,163
Delhi,2023-06-13,256.4,36.2,86.0,141.7,215.4,11.7,2.97,10.5,9.9,13.15,29.63,9.74,170.6,Very Poor,36.50833333333333,35.666666666666664,5.690833333333334,283.8333333333333,0.0,6,1,164
Delhi,2023-06-14,6.4,344.1,186.9,37.5,30.7,28.5,6.43,49.4,71.3,2.95,9.64,5.49,367.0,Moderate,35.99583333333333,35.541666666666664,6.045416666666667,285.9583333333333,0.0,6,2,165
Delhi,2023-06-15,168.2,98.0,84.2,103.2,122.6,21.8,6.95,36.0,68.2,0.03,1.43,0.42,250.3,Satisfactory,33.53333333333333,45.458333333333336,4.805,294.375,0.0,6,3,166
Delhi,2023-06-16,228.4,480.5,30.0,97.4,238.9,17.8,8.4,56.6,119.7,0.42,26.47,6.11,418.8,Very Poor,32.487500000000004,50.708333333333336,3.970833333333333,283.1666666666667,1.1,6,4,167
Delhi,2023-06-17,400.0,99.0,59.6,49.3,214.1,24.6,1.02,11.0,109.6,3.42,22.68,5.16,41.2,Satisfactory,33.525,51.5,2.88625,243.29166666666666,0.30000000000000004,6,5,168
Delhi,2023-06-18,297.2,500.1,38.3,142.3,73.2,30.1,1.54,76.1,49.9,17.88,17.83,6.7,115.9,Very Poor,32.329166666666666,59.416666666666664,2.4179166666666667,167.5,0.1,6,6,169
Delhi,2023-06-19,122.0,536.6,70.0,142.8,202.0,35.3,9.97,39.5,99.3,0.2,6.27,3.71,475.1,Good,29.90416666666667,70.83333333333333,2.30625,153.83333333333334,6.5,6,0,170
Delhi,2023-06-20,308.7,581.1,89.6,47.1,192.8,35.4,5.07,89.5,38.0,1.57,0.31,5.28,376.2,Poor,31.275000000000002,65.04166666666667,2.3695833333333334,151.875,9.0,6,1,171
Delhi,2023-06-21,417.6,376.9,127.0,86.7,69.2,42.3,2.1,91.4,189.6,9.85,10.73,5.17,389.9,Poor,29.629166666666666,77.04166666666667,1.7825,153.08333333333334,29.8,6,2,172
Delhi,2023-06-22,61.4,450.1,97.2,24.9,115.5,30.7,1.21,28.1,111.3,19.09,10.34,8.53,123.8,Satisfactory,31.22083333333333,74.83333333333333,1.8808333333333334,165.625,5.0,6,3,173
Delhi,2023-06-23,306.6,326.4,40.8,88.1,169.4,10.6,8.53,9.2,4.3,9.06,12.24,8.98,291.4,Good,30.712500000000002,78.33333333333333,2.275,136.83333333333334,4.299999999999999,6,4,174
Delhi,2023-06-24,323.7,162.0,91.5,57.8,63.0,47.8,7.19,96.9,76.1,1.6,16.83,0.6,119.7,Moderate,30.72083333333333,77.58333333333333,1.9304166666666667,105.75,8.6,6,5,175
Delhi,2023-06-25,160.9,306.7,183.4,97.2,109.2,43.9,5.76,33.4,23.2,10.13,5.64,6.17,426.3,Satisfactory,28.037499999999998,86.25,1.7320833333333334,115.0,22.7,6,6,176
Delhi,2023-06-26,175.0,275.7,145.7,31.6,142.5,45.1,4.49,86.1,44.5,11.84,22.52,5.54,365.2,Moderate,28.020833333333332,84.20833333333333,1.4312500000000001,87.83333333333333,6.6,6,0,177
Delhi,2023-06-27,29.2,366.6,191.1,44.1,98.9,5.8,7.29,62.9,116.0,12.86,22.78,1.02,263.6,Good,28.683333333333334,82.5,1.8758333333333332,113.25,9.5,6,1,178
Delhi,2023-06-28,415.8,12.8,28.3,79.4,93.3,20.4,4.63,61.2,12.5,9.14,13.58,7.5,408.3,Moderate,29.120833333333334,81.70833333333333,2.1354166666666665,101.33333333333333,13.6,6,2,179
Delhi,2023-06-29,199.9,90.0,161.5,21.0,233.0,20.5,9.06,6.5,178.5,1.77,0.28,9.76,381.0,Poor,28.59583333333333,82.41666666666667,2.6916666666666664,82.125,14.9,6,3,180
Delhi,2023-06-30,110.8,206.5,172.3,30.1,101.1,32.4,7.81,49.1,173.6,13.16,12.9,2.68,404.1,Very Poor,28.97083333333333,80.33333333333333,2.2345833333333336,98.54166666666667,8.9,6,4,181
Delhi,2023-07-01,145.1,203.6,186.8,126.4,5.3,18.5,0.87,52.4,126.2,1.5,19.78,5.88,54.1,Very Poor,28.916666666666668,78.70833333333333,2.7229166666666664,63.0,1.3,7,5,182
Delhi,2023-07-02,158.1,31.6,4.6,102.9,25.7,7.1,9.33,94.9,168.9,8.45,8.34,5.66,143.9,Moderate,30.454166666666666,74.04166666666667,1.9629166666666666,160.20833333333334,0.6,7,6,183
Delhi,2023-07-03,318.9,65.0,182.2,30.9,116.2,20.7,9.31,61.0,70.8,14.6,27.59,6.11,203.6,Poor,30.891666666666666,73.5,2.2754166666666666,193.20833333333334,5.0,7,0,184
Delhi,2023-07-04,377.0,370.8,169.2,94.2,50.5,36.1,4.21,7.0,137.5,6.66,28.96,6.61,371.0,Severe,30.741666666666664,74.16666666666667,2.6841666666666666,119.45833333333333,0.30000000000000004,7,1,185
Delhi,2023-07-05,248.0,484.7,13.2,56.8,5.4,40.3,9.38,22.5,72.4,13.77,16.48,5.88,251.0,Good,29.166666666666668,80.20833333333333,3.055,107.375,12.1,7,2,186
Delhi,2023-07-06,16.2,43.4,178.2,104.2,14.7,15.1,7.22,0.2,20.7,18.18,17.19,7.74,229.6,Very Poor,29.058333333333334,77.0,2.7925,97.20833333333333,2.9000000000000004,7,3,187
Delhi,2023-07-07,65.9,320.6,199.7,109.4,231.3,32.8,3.42,88.2,74.4,2.63,27.74,1.37,24.0,Severe,28.6375,82.25,2.509583333333333,97.70833333333333,3.2,7,4,188
Delhi,2023-07-08,406.1,357.5,81.4,106.3,207.7,22.7,3.53,72.8,127.6,14.1,2.74,8.01,316.7,Severe,27.329166666666666,90.91666666666667,2.8775,112.16666666666667,36.1,7,5,189
Delhi,2023-07-09,100.5,125.0,94.0,110.5,134.9,21.8,6.73,84.2,101.5,8.08,6.77,8.66,202.6,Severe,27.125,91.16666666666667,3.22875,116.79166666666667,22.3,7,6,190
Delhi,2023-07-10,364.2,440.8,75.2,111.1,32.0,25.2,4.18,64.4,0.3,15.88,3.02,6.83,381.4,Severe,27.729166666666668,90.125,1.68625,110.70833333333333,30.7,7,0,191
Delhi,2023-07-11,257.2,312.8,28.6,99.8,155.0,11.2,8.47,40.9,61.8,7.33,19.56,4.81,143.0,Poor,28.45,84.875,1.6595833333333332,111.08333333333333,2.4,7,1,192
Delhi,2023-07-12,24.7,504.3,177.0,1.0,109.7,41.9,7.63,80.4,199.8,2.51,4.95,5.64,373.1,Satisfactory,28.52916666666667,87.04166666666667,2.06,90.41666666666667,8.9,7,2,193
Delhi,2023-07-13,83.7,515.7,10.0,42.0,71.2,38.9,8.34,99.4,98.9,13.82,24.11,5.61,96.5,Very Poor,29.083333333333332,82.45833333333333,2.5145833333333334,98.79166666666667,5.7,7,3,194
Delhi,2023-07-14,145.9,303.5,11.9,100.4,137.7,0.4,5.99,34.5,30.7,0.2,24.08,7.42,246.1,Moderate,28.5625,84.20833333333333,1.5904166666666668,177.04166666666666,12.100000000000001,7,4,195
Delhi,2023-07-15,193.0,275.2,61.8,5.7,230.8,19.0,9.38,45.6,140.5,13.98,12.7,1.78,136.1,Good,28.570833333333336,86.70833333333333,1.6279166666666667,156.625,16.4,7,5,196
Delhi,2023-07-16,230.0,386.5,175.1,62.1,10.4,26.3,1.86,64.9,176.1,6.01,20.19,4.24,367.9,Poor,28.508333333333336,85.5,1.6629166666666666,168.33333333333334,15.3,7,6,197
Delhi,2023-07-17,224.2,405.0,32.1,20.5,224.6,26.7,7.82,89.3,51.0,14.71,5.46,8.85,203.4,Very Poor,29.258333333333336,84.91666666666667,1.2741666666666667,144.20833333333334,6.6000000000000005,7,0,198
Delhi,2023-07-18,439.9,476.3,145.8,23.5,72.8,21.1,6.5,87.9,80.9,14.23,9.92,6.29,497.7,Very Poor,28.22083333333333,86.375,2.6645833333333333,121.08333333333333,13.7,7,1,199
Delhi,2023-07-19,345.9,417.5,25.3,104.8,148.9,18.6,0.91,7.9,65.6,6.08,28.36,7.58,396.1,Moderate,28.974999999999998,86.125,2.3979166666666667,142.29166666666666,14.0,7,2,200
Delhi,2023-07-20,96.3,408.2,39.4,120.9,161.3,29.7,1.1,65.7,185.0,13.86,4.26,6.25,73.7,Severe,30.183333333333334,79.625,1.6770833333333333,156.95833333333334,8.5,7,3,201
Delhi,2023-07-21,183.9,578.6,38.5,146.0,179.3,5.7,9.08,88.4,160.1,15.71,28.1,9.81,305.3,Moderate,30.962500000000002,76.66666666666667,2.370833333333333,117.875,3.7,7,4,202
Delhi,2023-07-22,372.8,263.4,26.0,49.8,141.4,35.1,3.79,41.7,17.6,1.89,17.92,2.71,286.2,Severe,30.787499999999998,76.125,3.6975,89.75,7.4,7,5,203
Delhi,2023-07-23,490.5,284.6,40.2,102.2,44.2,8.7,1.63,19.3,29.8,16.53,23.99,2.13,208.1,Very Poor,31.1125,73.20833333333333,3.7608333333333337,94.70833333333333,0.4,7,6,204
Delhi,2023-07-24,300.2,527.2,187.7,9.5,61.5,1.8,1.61,87.7,116.9,0.27,15.45,0.69,175.2,Good,30.066666666666666,79.41666666666667,2.8775,86.83333333333333,14.299999999999999,7,0,205
Delhi,2023-07-25,154.4,408.6,52.4,143.2,61.1,26.9,4.48,63.4,3.5,12.87,6.94,7.12,77.3,Very Poor,29.508333333333336,81.625,2.5795833333333333,129.29166666666666,9.0,7,1,206
Delhi,2023-07-26,154.6,581.6,130.0,125.2,163.0,16.8,2.88,19.5,65.0,1.33,20.2,8.5,366.0,Moderate,27.0625,90.04166666666667,2.0683333333333334,146.0,16.3,7,2,207
Delhi,2023-07-27,178.6,408.1,74.0,112.4,219.4,14.6,2.91,8.8,21.2,8.08,4.5,7.21,196.4,Satisfactory,28.72083333333333,86.25,1.2704166666666665,182.29166666666666,8.2,7,3,208
Delhi,2023-07-28,354.6,158.2,142.0,117.8,142.8,4.9,2.92,60.5,176.7,4.61,25.68,0.71,292.3,Satisfactory,28.245833333333334,87.20833333333333,1.6079166666666669,211.33333333333334,24.0,7,4,209
Delhi,2023-07-29,278.2,314.2,5.6,45.2,123.5,23.6,3.71,6.4,28.6,9.36,11.59,0.02,246.1,Satisfactory,27.945833333333336,84.5,1.93,233.04166666666666,8.6,7,5,210
Delhi,2023-07-30,131.9,280.9,167.8,15.9,89.8,4.8,8.52,13.8,198.9,10.13,29.75,3.23,439.2,Poor,29.058333333333334,81.25,2.470833333333333,284.125,2.4,7,6,211
Delhi,2023-07-31,22.0,234.5,58.9,47.1,4.5,9.8,7.52,37.6,132.6,17.62,7.03,8.2,370.1,Satisfactory,29.766666666666666,77.625,3.33,280.3333333333333,0.9,7,0,212
Delhi,2023-08-01,29.3,591.8,64.7,83.3,235.9,16.5,5.72,2.6,182.7,16.86,24.88,9.09,52.7,Satisfactory,30.6125,74.625,4.0075,273.0,0.4,8,1,213
Delhi,2023-08-02,229.6,448.7,12.8,7.2,73.7,48.7,5.55,36.1,48.0,7.03,12.59,7.69,222.7,Poor,30.25,78.45833333333333,3.44375,264.1666666666667,1.1,8,2,214
Delhi,2023-08-03,227.5,213.5,109.3,73.9,104.4,23.1,0.93,74.8,168.6,2.7,10.88,1.01,168.0,Satisfactory,29.579166666666666,81.625,3.495416666666667,269.9583333333333,8.100000000000001,8,3,215
Delhi,2023-08-04,51.0,247.0,127.6,55.2,111.2,38.4,5.11,42.6,71.9,7.94,11.59,3.75,128.3,Good,28.4375,87.95833333333333,1.57,215.45833333333334,14.2,8,4,216
Delhi,2023-08-05,190.3,21.2,143.8,111.7,129.6,26.8,6.17,66.6,25.0,15.36,18.11,5.26,491.6,Good,29.5125,84.75,1.6495833333333332,247.29166666666666,1.7000000000000002,8,5,217
Delhi,2023-08-06,461.3,93.5,11.7,103.1,33.1,8.7,7.59,70.0,143.7,1.94,27.74,4.29,150.9,Poor,29.954166666666666,76.20833333333333,3.6675,248.41666666666666,3.0,8,6,218
Delhi,2023-08-07,314.2,20.3,180.5,130.5,74.3,2.9,8.25,62.3,156.3,16.4,23.07,7.09,474.9,Very Poor,30.054166666666664,69.25,4.480416666666667,267.125,0.2,8,0,219
Delhi,2023-08-08,8.0,248.2,150.2,47.6,66.7,43.1,0.77,54.3,138.0,4.89,5.86,3.75,96.8,Very Poor,30.40833333333333,67.58333333333333,4.883333333333334,263.8333333333333,0.0,8,1,220
Delhi,2023-08-09,58.0,582.7,26.1,116.0,147.8,25.3,7.86,11.3,56.2,2.48,3.49,2.53,308.3,Satisfactory,30.724999999999998,66.33333333333333,3.8033333333333332,267.7916666666667,0.30000000000000004,8,2,221
Delhi,2023-08-10,430.7,337.0,191.5,30.6,89.7,3.8,3.61,1.8,150.4,10.35,11.95,4.79,479.6,Severe,30.229166666666668,69.08333333333333,3.0283333333333338,245.125,0.30000000000000004,8,3,222
Delhi,2023-08-11,276.0,589.2,159.4,136.4,245.0,1.7,8.86,31.0,182.7,12.35,27.54,5.51,259.7,Very Poor,30.71666666666667,67.95833333333333,3.0524999999999998,251.75,0.6000000000000001,8,4,223
Delhi,2023-08-12,314.9,93.0,67.0,62.0,241.5,35.6,3.52,85.8,53.9,7.0,12.32,3.72,382.0,Severe,31.520833333333332,56.458333333333336,4.463333333333333,261.1666666666667,0.0,8,5,224
Delhi,2023-08-13,476.0,273.9,96.3,91.5,131.2,17.7,6.39,38.2,166.9,15.42,23.59,7.28,467.1,Very Poor,31.141666666666666,61.375,4.0808333333333335,238.83333333333334,0.6000000000000001,8,6,225
Delhi,2023-08-14,261.3,65.1,67.6,13.5,37.5,2.0,4.42,82.1,105.5,11.26,28.11,6.04,81.8,Satisfactory,29.59583333333333,68.79166666666667,2.5691666666666664,159.08333333333334,0.0,8,0,226
Delhi,2023-08-15,355.2,269.6,56.4,144.9,159.3,46.9,5.89,10.9,75.8,3.86,3.66,8.3,116.6,Poor,29.72083333333333,76.70833333333333,1.3833333333333335,176.83333333333334,0.0,8,1,227
Delhi,2023-08-16,95.9,142.5,179.5,115.3,236.5,10.3,2.47,22.7,165.0,7.9,4.76,1.96,340.3,Satisfactory,30.90833333333333,69.125,2.5833333333333335,268.1666666666667,0.2,8,2,228
Delhi,2023-08-17,422.7,354.8,156.9,11.1,242.1,22.6,9.54,25.5,47.4,5.7,4.59,2.15,263.4,Poor,31.945833333333336,59.833333333333336,3.4475,273.125,0.0,8,3,229
Delhi,2023-08-18,217.7,531.3,14.9,102.9,84.3,27.2,1.55,46.1,121.6,10.86,13.96,8.17,350.1,Severe,31.625,62.583333333333336,2.410416666666667,233.29166666666666,0.1,8,4,230
Delhi,2023-08-19,289.4,67.5,150.0,47.5,36.5,42.1,5.01,9.7,192.1,19.35,17.98,7.19,434.0,Very Poor,30.379166666666666,76.33333333333333,2.0716666666666668,104.66666666666667,11.6,8,5,231
Delhi,2023-08-20,418.3,241.5,195.8,77.2,199.4,41.3,5.31,63.0,90.4,12.3,28.38,1.17,210.1,Satisfactory,31.925,68.58333333333333,2.9158333333333335,98.29166666666667,0.0,8,6,232
Delhi,2023-08-21,87.8,151.6,150.7,21.9,218.5,45.4,1.43,95.2,33.9,19.44,22.52,8.77,280.7,Poor,31.758333333333336,71.75,2.1045833333333333,114.0,1.6,8,0,233
Delhi,2023-08-22,355.9,593.4,94.8,95.3,213.9,35.5,1.1,30.8,192.9,16.03,19.25,5.41,239.9,Very Poor,30.416666666666668,80.375,2.254166666666667,137.375,9.4,8,1,234
Delhi,2023-08-23,255.0,422.4,38.5,30.2,211.8,5.7,6.54,69.8,139.1,8.44,8.53,9.58,482.6,Satisfactory,27.454166666666666,91.66666666666667,2.4054166666666665,143.5,20.5,8,2,235
Delhi,2023-08-24,409.3,62.5,163.3,2.6,232.5,41.2,8.99,89.6,40.1,11.48,4.17,8.06,207.2,Severe,29.224999999999998,72.375,3.029583333333333,234.5,0.30000000000000004,8,3,236
Delhi,2023-08-25,285.7,112.5,76.7,83.5,45.9,35.8,2.03,94.7,186.2,12.19,26.45,8.55,391.3,Severe,30.3125,63.0,3.6245833333333333,262.3333333333333,0.0,8,4,237
Delhi,2023-08-26,75.3,413.5,156.6,56.6,14.9,25.5,1.05,76.1,47.7,4.11,14.03,3.88,265.6,Poor,30.691666666666666,59.75,3.69875,268.0833333333333,0.1,8,5,238
Delhi,2023-08-27,316.9,21.8,23.1,35.9,90.6,22.9,6.86,44.9,195.2,7.37,16.88,5.05,12.0,Severe,30.708333333333332,55.375,4.506666666666667,266.7916666666667,0.1,8,6,239
Delhi,2023-08-28,340.7,572.6,160.9,99.8,226.3,14.9,6.73,38.3,136.5,7.86,22.01,1.42,455.8,Very Poor,29.895833333333332,61.583333333333336,4.149583333333333,259.2083333333333,0.5,8,0,240
Delhi,2023-08-29,205.5,160.9,9.0,12.4,194.6,3.1,9.43,69.6,195.3,4.18,18.29,0.94,277.9,Good,30.820833333333336,57.958333333333336,3.2779166666666666,280.0833333333333,0.0,8,1,241
Delhi,2023-08-30,114.2,353.5,1.8,38.4,23.3,4.8,8.6,93.0,37.1,7.77,26.38,1.7,415.5,Moderate,31.15833333333333,56.5,3.0399999999999996,296.6666666666667,0.0,8,2,242
Delhi,2023-08-31,181.6,499.4,182.0,21.4,38.2,2.2,3.66,10.1,20.6,8.41,22.52,6.39,436.2,Good,31.308333333333334,59.791666666666664,2.4308333333333336,305.25,0.0,8,3,243
Delhi,2023-09-01,75.5,475.7,174.7,30.7,82.5,28.8,8.75,53.9,149.5,1.9,8.82,5.28,376.0,Severe,32.354166666666664,54.25,2.9416666666666664,290.7083333333333,0.0,9,4,244
Delhi,2023-09-02,144.0,240.2,31.9,139.6,43.4,30.4,8.25,61.7,142.5,0.73,14.92,2.13,137.3,Severe,32.25416666666667,49.416666666666664,3.8629166666666666,290.4583333333333,0.0,9,5,245
Delhi,2023-09-03,39.4,526.9,53.7,46.3,91.8,18.8,0.46,92.1,27.7,13.51,19.22,3.14,453.7,Moderate,31.675,51.958333333333336,3.6966666666666668,288.625,0.0,9,6,246
Delhi,2023-09-04,471.7,517.7,79.6,14.0,96.1,3.9,4.27,32.1,102.6,16.65,18.42,2.65,328.7,Good,31.608333333333334,51.5,3.2079166666666663,279.2083333333333,0.0,9,0,247
Delhi,2023-09-05,8.7,203.1,64.5,13.2,112.4,13.6,4.39,51.0,26.9,2.52,12.33,9.63,369.8,Good,30.6375,68.08333333333333,2.3441666666666667,76.25,6.8,9,1,248
Delhi,2023-09-06,63.2,506.5,36.2,97.4,180.1,4.9,5.49,90.0,180.8,16.31,6.56,3.69,306.8,Satisfactory,31.09166666666667,63.916666666666664,1.6816666666666666,127.04166666666667,1.8,9,2,249
Delhi,2023-09-07,55.0,515.8,117.3,136.1,197.9,35.2,0.97,54.5,3.8,2.29,23.44,5.71,462.4,Severe,32.208333333333336,58.416666666666664,1.635,183.95833333333334,0.0,9,3,250
Delhi,2023-09-08,209.4,254.9,191.8,32.7,146.5,44.3,0.35,55.8,198.9,14.34,27.11,9.59,232.8,Good,30.337500000000002,68.16666666666667,2.4266666666666667,119.66666666666667,2.0999999999999996,9,4,251
Delhi,2023-09-09,291.0,254.6,81.5,24.2,18.3,13.5,2.63,8.7,135.7,1.08,24.02,0.71,275.9,Poor,27.6875,81.375,3.6470833333333332,70.625,4.8,9,5,252
Delhi,2023-09-10,436.1,103.6,110.3,48.7,162.0,41.1,9.34,63.3,94.8,19.29,2.3,8.13,203.1,Good,26.245833333333334,88.79166666666667,3.3866666666666667,63.875,32.6,9,6,253
Delhi,2023-09-11,238.1,390.7,94.8,20.1,101.5,31.5,4.22,43.4,71.9,15.15,15.96,9.49,194.1,Poor,27.662499999999998,80.33333333333333,2.6029166666666668,67.91666666666667,1.4000000000000001,9,0,254
Delhi,2023-09-12,148.0,34.4,34.8,2.6,179.7,8.8,6.24,12.9,100.0,0.81,24.8,4.41,427.9,Poor,28.795833333333334,79.20833333333333,1.2270833333333333,132.16666666666666,0.2,9,1,255
Delhi,2023-09-13,18.3,536.6,179.7,51.4,138.4,26.5,0.65,52.7,164.4,5.67,28.94,8.19,454.1,Very Poor,29.779166666666665,79.79166666666667,1.3354166666666665,126.0,5.5,9,2,256
Delhi,2023-09-14,187.5,71.1,89.1,87.0,188.3,48.8,1.37,42.5,153.1,0.53,15.92,5.67,142.7,Poor,29.191666666666666,82.16666666666667,2.2916666666666665,103.70833333333333,15.5,9,3,257
Delhi,2023-09-15,46.7,357.1,35.0,33.4,189.4,22.1,7.61,46.7,86.5,2.91,28.51,2.28,240.9,Good,28.212500000000002,88.08333333333333,2.033333333333333,127.45833333333333,7.1000000000000005,9,4,258
Delhi,2023-09-16,225.2,452.7,193.0,32.4,53.1,34.8,7.51,2.6,44.7,15.67,5.24,8.38,15.5,Good,28.52916666666667,83.625,3.5691666666666664,75.29166666666667,6.1,9,5,259
Delhi,2023-09-17,262.0,302.4,88.3,118.1,165.9,20.0,9.24,85.7,154.8,8.13,13.81,0.79,102.6,Poor,27.425,86.79166666666667,4.277083333333334,91.58333333333333,7.9,9,6,260
Delhi,2023-09-18,385.8,270.2,184.4,105.1,160.1,44.5,4.17,39.0,185.9,3.3,12.67,3.79,91.9,Very Poor,28.025000000000002,79.91666666666667,4.105416666666667,119.58333333333333,1.4000000000000001,9,0,261
Delhi,2023-09-19,375.6,66.0,141.8,50.2,38.0,31.3,1.15,44.8,146.7,16.75,25.97,5.35,241.6,Very Poor,28.616666666666664,78.58333333333333,2.145,124.0,0.30000000000000004,9,1,262
Delhi,2023-09-20,309.9,168.6,181.8,50.2,48.5,17.3,9.85,45.9,151.5,16.54,17.72,9.18,181.0,Very Poor,29.3875,77.75,1.3125,193.20833333333334,1.1,9,2,263
Delhi,2023-09-21,63.2,574.8,27.3,69.4,105.8,20.2,3.86,8.9,50.2,4.05,16.0,4.79,433.0,Severe,28.78333333333333,82.25,1.8241666666666667,180.83333333333334,5.6,9,3,264
Delhi,2023-09-22,439.0,193.1,144.6,41.9,29.5,11.2,8.3,97.0,32.6,5.76,20.41,2.27,354.1,Very Poor,29.045833333333334,81.70833333333333,1.6054166666666667,121.91666666666667,0.7,9,4,265
Delhi,2023-09-23,329.3,508.7,130.3,72.7,61.1,32.5,0.12,10.3,92.3,15.73,16.39,6.48,375.0,Good,28.395833333333332,83.25,1.8412499999999998,144.33333333333334,1.2,9,5,266
Delhi,2023-09-24,11.2,209.7,104.8,80.4,50.9,49.4,2.59,71.7,80.9,10.7,16.66,8.55,323.4,Poor,27.849999999999998,80.95833333333333,2.044583333333333,230.41666666666666,0.6,9,6,267
Delhi,2023-09-25,353.6,423.9,123.3,18.7,50.8,13.8,0.75,91.7,81.4,2.2,13.29,1.63,333.1,Poor,28.629166666666666,76.75,1.4808333333333332,189.83333333333334,0.0,9,0,268
Delhi,2023-09-26,294.3,264.7,24.6,9.0,122.5,46.8,7.55,12.4,85.6,17.45,4.51,1.98,478.8,Poor,28.795833333333334,73.79166666666667,1.5779166666666666,211.375,0.2,9,1,269
Delhi,2023-09-27,315.5,539.9,124.9,87.0,7.3,11.8,8.13,11.7,144.4,1.01,26.06,5.94,282.1,Very Poor,27.8125,66.95833333333333,2.482083333333333,321.125,0.0,9,2,270
Delhi,2023-09-28,341.0,547.3,69.9,71.8,184.9,46.5,9.06,49.0,26.7,17.14,29.34,2.83,9.5,Very Poor,26.675,61.791666666666664,2.39125,317.5,0.0,9,3,271
Delhi,2023-09-29,70.8,582.4,70.7,149.7,122.6,18.2,9.04,59.5,75.6,7.43,8.0,9.89,166.5,Severe,26.8,62.875,1.9291666666666665,316.9583333333333,0.0,9,4,272
Delhi,2023-09-30,424.4,48.3,97.0,147.9,190.6,4.4,1.92,88.6,151.7,5.05,15.93,1.65,199.7,Good,28.116666666666664,56.833333333333336,3.012916666666667,272.0833333333333,0.0,9,5,273
Delhi,2023-10-01,172.2,283.0,23.2,113.5,62.3,13.7,1.47,51.5,85.0,16.3,21.83,3.08,390.2,Moderate,27.59583333333333,54.583333333333336,2.8366666666666664,303.2916666666667,0.0,10,6,274
Delhi,2023-10-02,473.7,205.5,108.2,20.4,44.5,25.4,2.12,69.9,102.5,13.35,5.85,2.25,283.5,Good,26.974999999999998,42.333333333333336,3.387083333333333,305.4583333333333,0.0,10,0,275
Delhi,2023-10-03,198.0,382.8,145.4,76.1,151.4,2.5,5.38,42.8,132.1,10.6,27.37,3.4,241.0,Good,26.4375,40.416666666666664,3.5879166666666666,307.2916666666667,0.0,10,1,276
Delhi,2023-10-04,134.5,200.9,37.0,116.7,165.2,36.1,3.06,17.0,17.3,18.68,8.99,5.04,241.5,Severe,26.3,54.5,3.3541666666666665,310.7083333333333,0.0,10,2,277
Delhi,2023-10-05,91.9,325.1,27.8,145.3,36.3,19.4,9.37,35.9,197.7,12.62,13.95,1.29,65.6,Good,26.204166666666666,54.916666666666664,3.015833333333333,289.0416666666667,0.0,10,3,278
Delhi,2023-10-06,464.3,274.5,31.1,93.2,241.6,19.7,0.67,40.0,197.5,1.88,14.42,5.73,188.4,Moderate,26.72083333333333,56.25,2.34875,203.70833333333334,0.0,10,4,279
Delhi,2023-10-07,198.7,210.4,4.4,81.9,122.8,12.5,1.64,7.8,47.0,16.35,22.27,0.05,74.1,Moderate,28.066666666666666,63.458333333333336,2.1558333333333333,199.66666666666666,0.0,10,5,280
Delhi,2023-10-08,496.4,126.1,10.4,127.3,122.5,32.8,4.95,70.9,169.1,18.71,27.89,5.14,472.8,Satisfactory,29.308333333333334,62.083333333333336,2.4916666666666667,270.4583333333333,0.0,10,6,281
Delhi,2023-10-09,246.9,24.5,166.9,24.0,246.5,37.1,1.41,66.9,9.8,12.54,3.39,1.16,315.5,Good,29.266666666666666,57.041666666666664,2.6045833333333333,220.83333333333334,0.0,10,0,282
Delhi,2023-10-10,366.2,262.3,177.6,4.3,93.0,47.2,9.29,67.2,137.9,8.8,28.05,8.32,264.9,Satisfactory,28.254166666666666,55.958333333333336,2.6870833333333333,283.875,0.3,10,1,283
Delhi,2023-10-11,274.1,411.6,106.1,136.3,107.7,1.1,3.43,12.8,54.4,4.08,8.6,1.65,413.6,Severe,26.445833333333336,57.291666666666664,2.8375,311.3333333333333,0.0,10,2,284
Delhi,2023-10-12,415.4,448.7,23.9,54.3,238.5,10.6,1.53,32.9,121.3,15.08,29.14,1.43,445.7,Satisfactory,25.645833333333332,55.375,2.4812499999999997,224.20833333333334,0.0,10,3,285
Delhi,2023-10-13,7.9,211.2,147.2,136.7,196.1,28.0,3.59,63.7,165.4,17.46,10.42,0.11,48.6,Good,26.9875,58.166666666666664,2.232083333333333,217.25,0.0,10,4,286
Delhi,2023-10-14,317.0,388.9,139.9,128.6,149.1,39.0,9.48,21.8,132.3,16.68,14.28,7.27,474.2,Poor,27.775000000000002,55.916666666666664,2.13375,187.41666666666666,0.0,10,5,287
Delhi,2023-10-15,133.9,188.0,77.2,127.4,93.4,3.3,9.09,57.5,56.7,18.69,12.08,0.64,206.3,Very Poor,27.03333333333333,56.875,1.9245833333333333,224.83333333333334,0.0,10,6,288
Delhi,2023-10-16,497.9,544.9,50.9,147.6,117.6,15.0,6.56,74.8,181.4,3.38,10.62,2.21,329.6,Severe,24.241666666666664,65.83333333333333,3.5833333333333335,107.08333333333333,3.7,10,0,289
Delhi,2023-10-17,367.4,142.4,194.3,114.7,40.7,3.2,1.65,31.9,24.8,17.75,17.28,3.37,216.8,Very Poor,22.375,73.45833333333333,1.7516666666666667,196.70833333333334,3.1,10,1,290
Delhi,2023-10-18,205.7,492.9,126.9,72.0,137.2,48.1,0.83,0.3,82.3,15.28,2.28,8.56,258.9,Poor,22.766666666666666,64.25,3.0208333333333335,314.3333333333333,0.0,10,2,291
Delhi,2023-10-19,358.8,46.9,120.1,46.2,165.9,8.5,9.97,54.4,41.4,16.77,20.78,6.14,225.1,Good,22.125,62.208333333333336,2.4125,311.1666666666667,0.0,10,3,292
Delhi,2023-10-20,79.4,360.9,59.3,109.3,222.1,48.0,8.65,33.1,90.3,2.83,4.19,6.8,172.5,Moderate,22.412499999999998,64.75,1.94625,319.75,0.0,10,4,293
Delhi,2023-10-21,110.4,331.9,71.2,30.2,127.9,11.9,4.66,36.5,137.2,18.78,27.0,4.9,97.2,Very Poor,22.854166666666668,63.791666666666664,1.7745833333333332,246.45833333333334,0.0,10,5,294
Delhi,2023-10-22,173.0,216.6,77.3,90.0,140.5,14.6,9.45,0.3,116.9,14.74,24.78,4.46,453.9,Poor,23.295833333333334,62.583333333333336,1.7079166666666667,205.79166666666666,0.0,10,6,295
Delhi,2023-10-23,340.2,449.4,150.5,46.7,69.5,7.5,3.54,27.4,61.2,14.03,6.05,1.28,364.2,Satisfactory,23.53333333333333,63.083333333333336,2.2258333333333336,319.75,0.0,10,0,296
Delhi,2023-10-24,140.6,201.1,188.0,22.4,123.2,27.0,8.71,76.2,92.7,19.76,29.15,6.88,369.4,Satisfactory,23.516666666666666,60.083333333333336,2.252083333333333,315.0,0.0,10,1,297
Delhi,2023-10-25,186.3,394.4,32.3,5.0,17.2,45.8,4.2,95.8,27.2,15.67,7.55,5.92,225.8,Moderate,23.40416666666667,58.875,2.4591666666666665,314.375,0.0,10,2,298
Delhi,2023-10-26,107.7,554.0,35.6,71.1,97.3,7.9,6.94,35.0,28.5,12.48,29.62,9.13,357.5,Satisfactory,22.920833333333334,57.708333333333336,2.4691666666666667,301.75,0.0,10,3,299
Delhi,2023-10-27,62.3,368.7,95.6,114.7,60.1,29.8,0.14,74.3,167.7,18.97,1.15,9.1,444.2,Good,22.679166666666664,53.083333333333336,2.3033333333333332,289.5833333333333,0.0,10,4,300
Delhi,2023-10-28,388.5,50.3,117.0,50.8,119.5,8.1,2.87,40.8,127.9,19.65,11.87,9.97,137.4,Moderate,23.441666666666666,54.75,1.4325,208.54166666666666,0.0,10,5,301
Delhi,2023-10-29,293.3,582.4,180.4,119.0,87.5,10.2,3.07,51.1,168.7,17.47,4.24,8.37,328.4,Moderate,23.754166666666666,60.083333333333336,1.5062499999999999,145.54166666666666,0.0,10,6,302
Delhi,2023-10-30,291.6,281.6,81.7,12.4,80.7,30.2,5.33,28.6,111.5,16.67,25.11,1.64,441.5,Severe,23.895833333333332,67.66666666666667,1.7795833333333333,127.91666666666667,0.0,10,0,303
Delhi,2023-10-31,42.3,176.9,120.8,64.4,110.9,15.4,5.69,54.6,13.6,17.63,23.46,4.13,360.6,Good,24.195833333333336,68.83333333333333,1.5562500000000001,83.75,0.0,10,1,304
Delhi,2023-11-01,480.6,337.3,157.5,78.5,1.9,36.8,2.47,47.7,62.4,12.75,29.36,8.19,165.6,Satisfactory,24.008333333333336,66.25,1.6845833333333333,151.45833333333334,0.0,11,2,305
Delhi,2023-11-02,435.5,465.5,85.3,14.1,166.6,34.3,6.67,42.5,139.5,8.83,5.09,6.77,493.4,Severe,23.9875,67.25,1.7683333333333333,259.9583333333333,0.0,11,3,306
Delhi,2023-11-03,415.1,301.3,156.2,55.8,204.2,46.6,4.21,84.7,162.2,12.76,4.44,4.8,87.4,Satisfactory,22.59166666666667,69.83333333333333,2.22125,289.1666666666667,0.8,11,4,307
Delhi,2023-11-04,377.1,429.7,139.9,63.8,183.5,29.3,8.24,37.2,143.6,5.61,7.7,8.8,361.7,Severe,22.304166666666664,67.54166666666667,2.0820833333333333,281.9583333333333,0.0,11,5,308
Delhi,2023-11-05,293.0,260.8,133.0,2.7,172.8,30.5,6.65,21.1,154.4,12.23,9.69,3.12,217.8,Very Poor,22.5,62.458333333333336,2.12875,243.5,0.0,11,6,309
Delhi,2023-11-06,260.8,386.9,117.5,44.3,18.1,1.4,6.86,83.2,141.6,16.43,23.01,8.26,359.1,Satisfactory,21.770833333333332,62.375,1.6483333333333334,160.33333333333334,0.0,11,0,310
Delhi,2023-11-07,204.6,277.4,91.0,38.9,247.3,21.2,6.33,72.8,164.2,5.91,25.41,5.69,21.0,Severe,22.183333333333334,65.79166666666667,1.7608333333333333,187.54166666666666,0.0,11,1,311
Delhi,2023-11-08,346.9,180.2,5.9,130.5,128.4,45.4,9.96,15.6,151.4,17.16,25.52,0.92,283.4,Satisfactory,22.333333333333332,67.08333333333333,1.89625,307.5416666666667,0.0,11,2,312
Delhi,2023-11-09,279.6,18.2,170.3,32.0,202.2,0.7,7.45,45.3,156.1,13.1,10.43,4.74,182.2,Good,22.34583333333333,67.16666666666667,1.9254166666666668,271.4583333333333,0.0,11,3,313
Delhi,2023-11-10,1.1,445.4,199.5,81.8,174.0,9.1,8.78,17.6,69.1,6.76,12.27,2.48,302.0,Satisfactory,20.55,75.25,2.5420833333333333,114.83333333333333,4.6,11,4,314
Delhi,2023-11-11,229.7,227.7,175.5,2.1,246.3,12.7,2.39,16.2,2.3,15.79,11.07,3.7,241.0,Moderate,19.25,76.08333333333333,2.345,307.7083333333333,0.0,11,5,315
Delhi,2023-11-12,343.7,232.3,103.3,40.6,90.0,47.7,9.56,40.7,179.1,14.53,19.63,8.11,349.7,Good,18.766666666666666,75.04166666666667,2.2279166666666668,297.3333333333333,0.0,11,6,316
Delhi,2023-11-13,167.5,39.6,122.1,114.3,18.6,20.0,7.26,92.8,63.8,3.34,5.14,9.25,360.3,Moderate,18.8625,73.58333333333333,1.7245833333333334,321.25,0.0,11,0,317
Delhi,2023-11-14,102.9,445.5,161.4,124.0,96.5,7.7,2.85,96.9,89.4,16.76,10.82,2.12,314.2,Poor,18.883333333333333,71.83333333333333,1.89125,317.5416666666667,0.0,11,1,318
Delhi,2023-11-15,48.1,533.2,61.5,117.9,152.7,25.5,3.34,56.1,67.8,5.28,27.62,1.45,156.9,Poor,18.337500000000002,73.33333333333333,2.1458333333333335,300.2916666666667,0.0,11,2,319
Delhi,2023-11-16,351.2,217.4,54.2,55.7,120.8,11.7,0.82,98.3,86.2,3.47,9.23,8.63,289.5,Moderate,19.545833333333334,71.33333333333333,1.4179166666666667,190.125,0.0,11,3,320
Delhi,2023-11-17,166.7,40.4,0.8,121.0,100.4,11.0,6.29,45.9,30.0,6.97,16.09,0.76,381.3,Poor,20.320833333333333,72.875,1.35375,139.125,0.0,11,4,321
Delhi,2023-11-18,216.9,72.6,10.2,45.5,242.9,45.5,2.07,5.3,89.2,13.52,18.48,7.65,297.7,Severe,19.854166666666668,71.91666666666667,1.5175,197.91666666666666,0.0,11,5,322
Delhi,2023-11-19,160.9,213.6,47.2,17.8,216.9,1.3,5.13,51.0,125.6,10.15,11.89,5.94,418.8,Very Poor,19.7625,68.625,1.4349999999999998,216.04166666666666,0.0,11,6,323
Delhi,2023-11-20,384.7,79.5,130.8,108.9,172.9,34.9,8.68,11.7,173.5,12.4,21.68,6.05,51.7,Very Poor,19.0125,69.83333333333333,1.7750000000000001,309.8333333333333,0.0,11,0,324
Delhi,2023-11-21,206.0,227.9,144.8,135.3,129.2,35.4,3.67,39.4,138.9,7.48,21.23,7.69,217.1,Severe,18.8125,70.0,2.8016666666666663,295.375,0.0,11,1,325
Delhi,2023-11-22,488.9,508.4,198.4,20.8,116.3,25.6,8.69,92.1,56.8,12.54,16.36,10.0,195.3,Severe,18.095833333333335,66.625,3.0083333333333333,284.5833333333333,0.0,11,2,326
Delhi,2023-11-23,435.0,213.3,51.4,79.6,242.0,44.4,4.51,31.2,80.7,10.03,13.5,0.32,458.9,Severe,17.245833333333334,72.75,1.6016666666666666,169.79166666666666,0.0,11,3,327
Delhi,2023-11-24,397.5,232.3,53.8,15.4,18.1,16.7,4.44,63.4,25.6,19.99,1.49,7.5,119.6,Moderate,17.962500000000002,72.75,1.5941666666666665,237.91666666666666,0.0,11,4,328
Delhi,2023-11-25,192.0,254.2,188.1,132.8,125.4,32.9,4.57,56.1,110.4,7.42,21.63,3.26,337.3,Severe,18.287499999999998,71.25,1.4958333333333333,281.7916666666667,0.0,11,5,329
Delhi,2023-11-26,383.5,481.4,120.4,100.5,11.1,29.3,5.59,96.9,75.6,10.38,16.55,6.91,394.3,Severe,19.079166666666666,69.58333333333333,1.87,96.16666666666667,0.0,11,6,330
Delhi,2023-11-27,318.0,492.3,120.5,77.0,197.7,10.2,2.97,66.9,5.1,15.08,29.84,7.49,363.9,Good,18.599999999999998,75.41666666666667,2.6125000000000003,139.20833333333334,1.8,11,0,331
Delhi,2023-11-28,323.4,218.3,148.9,102.5,200.4,45.0,8.65,88.0,164.6,5.31,14.56,9.28,121.5,Satisfactory,17.55,89.0,1.6358333333333333,127.58333333333333,5.800000000000001,11,1,332
Delhi,2023-11-29,483.0,95.6,96.3,113.9,138.3,31.1,0.89,29.8,46.8,14.38,25.14,7.5,317.1,Moderate,18.608333333333334,80.33333333333333,1.4570833333333333,122.83333333333333,0.2,11,2,333
Delhi,2023-11-30,263.5,330.7,92.3,3.4,191.9,6.6,3.22,80.0,45.7,4.89,14.33,8.67,419.4,Moderate,17.541666666666668,86.125,2.254166666666667,116.29166666666667,0.30000000000000004,11,3,334
Delhi,2023-12-01,175.8,556.5,97.7,77.1,19.7,0.9,0.9,40.4,184.8,15.09,9.15,4.83,24.6,Severe,18.520833333333332,81.375,1.7358333333333331,243.33333333333334,0.5,12,4,335
Delhi,2023-12-02,387.9,307.7,96.2,44.8,233.5,15.9,8.21,9.1,178.0,12.6,21.69,3.13,148.8,Satisfactory,18.308333333333334,78.16666666666667,1.7233333333333334,333.9583333333333,0.0,12,5,336
Delhi,2023-12-03,314.1,341.1,161.6,101.3,133.0,40.1,2.99,53.0,172.0,2.67,6.29,7.9,498.0,Good,17.904166666666665,75.41666666666667,1.7504166666666665,247.08333333333334,0.6,12,6,337
Delhi,2023-12-04,286.4,141.4,80.3,41.6,69.8,31.3,7.83,66.9,78.0,18.82,12.56,7.48,29.5,Good,17.650000000000002,74.0,2.1308333333333334,304.9583333333333,0.0,12,0,338
Delhi,2023-12-05,406.3,219.0,117.0,41.0,187.2,32.2,7.62,17.3,124.6,1.6,25.04,9.72,377.0,Poor,16.629166666666666,72.75,2.313333333333333,326.2916666666667,0.0,12,1,339
Delhi,2023-12-06,307.5,465.5,193.7,35.9,16.8,3.8,7.25,30.9,186.1,18.73,23.15,3.21,333.5,Moderate,16.491666666666667,76.66666666666667,1.7295833333333333,305.4166666666667,0.0,12,2,340
Delhi,2023-12-07,346.8,452.0,11.3,106.4,93.2,4.0,1.83,42.3,27.2,6.33,6.78,9.65,77.4,Moderate,16.783333333333335,76.58333333333333,2.026666666666667,303.7083333333333,0.0,12,3,341
Delhi,2023-12-08,164.7,97.6,73.2,50.5,242.6,34.9,6.66,89.7,134.8,1.78,4.27,0.37,423.8,Very Poor,16.337500000000002,75.08333333333333,2.3070833333333334,295.0,0.0,12,4,342
Delhi,2023-12-09,361.1,255.3,77.3,72.4,109.2,0.9,9.58,69.9,44.3,19.89,2.86,6.05,126.5,Very Poor,15.733333333333334,71.0,2.5879166666666666,294.875,0.0,12,5,343
Delhi,2023-12-10,410.6,55.7,136.8,118.2,227.5,9.1,1.75,98.9,109.2,3.38,7.55,3.39,258.6,Very Poor,15.591666666666667,67.04166666666667,3.2183333333333333,288.6666666666667,0.0,12,6,344
Delhi,2023-12-11,306.0,323.4,163.6,69.7,135.2,48.9,5.87,6.1,132.7,3.94,29.46,8.59,223.1,Very Poor,14.8125,71.125,1.7354166666666666,242.25,0.0,12,0,345
Delhi,2023-12-12,154.5,306.6,59.4,18.0,72.0,43.5,7.12,71.6,92.6,8.21,29.37,3.35,330.1,Poor,14.916666666666666,72.95833333333333,1.6920833333333334,100.33333333333333,0.0,12,1,346
Delhi,2023-12-13,69.9,259.4,109.0,52.2,9.1,7.9,0.62,27.3,123.8,9.57,27.27,0.4,378.3,Severe,15.129166666666668,69.83333333333333,1.7925000000000002,261.8333333333333,0.0,12,2,347
Delhi,2023-12-14,76.1,73.7,137.5,17.2,249.4,20.7,8.69,86.3,89.6,6.79,3.05,7.46,145.8,Poor,14.6875,70.5,2.8033333333333332,290.9583333333333,0.0,12,3,348
Delhi,2023-12-15,61.3,49.6,93.1,46.1,97.7,1.2,0.54,93.5,130.5,4.69,7.48,0.9,455.2,Satisfactory,13.9375,71.375,1.8291666666666666,295.875,0.0,12,4,349
Delhi,2023-12-16,374.0,138.3,123.5,108.3,151.8,12.6,9.4,80.5,192.8,10.39,25.72,8.71,470.5,Very Poor,13.8125,69.83333333333333,2.33,272.75,0.0,12,5,350
Delhi,2023-12-17,402.5,323.7,2.5,121.3,138.4,13.5,5.64,92.6,65.7,3.69,11.68,5.21,259.4,Very Poor,14.895833333333334,66.33333333333333,2.3937500000000003,232.04166666666666,0.0,12,6,351
Delhi,2023-12-18,92.0,251.6,146.9,146.6,127.5,43.5,2.35,52.6,183.2,17.28,28.66,5.71,494.8,Poor,14.345833333333333,66.875,3.43125,291.25,0.0,12,0,352
Delhi,2023-12-19,410.8,399.2,151.2,61.9,134.7,19.8,8.43,70.4,146.1,7.6,28.12,5.95,336.9,Moderate,14.2875,64.25,3.529583333333333,285.8333333333333,0.0,12,1,353
Delhi,2023-12-20,241.5,500.3,131.7,36.0,59.9,31.6,2.88,54.8,44.5,7.5,9.21,2.87,16.3,Satisfactory,13.5625,71.20833333333333,2.3754166666666667,292.75,0.0,12,2,354
Delhi,2023-12-21,94.8,360.3,141.2,134.8,241.9,20.0,3.23,23.8,139.9,16.67,29.47,1.06,351.1,Moderate,13.758333333333333,75.875,2.2245833333333334,311.2916666666667,0.0,12,3,355
Delhi,2023-12-22,378.6,147.8,118.4,10.1,13.4,44.5,0.37,54.4,96.7,4.28,25.7,5.12,400.4,Moderate,13.625,78.25,1.5287499999999998,286.7916666666667,0.0,12,4,356
Delhi,2023-12-23,73.6,348.4,66.7,144.3,185.2,22.5,4.52,46.5,177.6,1.37,0.7,7.47,134.0,Poor,16.0,73.54166666666667,1.4895833333333333,148.20833333333334,0.0,12,5,357
Delhi,2023-12-24,56.0,505.1,13.4,11.8,70.8,5.5,5.83,24.2,141.5,4.21,5.76,9.16,139.5,Moderate,15.233333333333334,77.33333333333333,1.5929166666666665,284.75,0.0,12,6,358
Delhi,2023-12-25,104.7,567.0,163.3,23.7,167.3,16.3,1.15,67.1,28.3,6.87,14.41,9.6,369.2,Satisfactory,15.358333333333334,79.0,2.2183333333333333,288.5416666666667,0.0,12,0,359
Delhi,2023-12-26,432.1,380.7,27.2,137.9,217.7,49.0,0.69,94.7,117.2,9.62,0.44,5.55,159.9,Moderate,14.7125,77.95833333333333,1.83125,286.375,0.0,12,1,360
Delhi,2023-12-27,57.2,599.4,47.5,139.0,111.4,36.4,1.32,88.7,159.6,2.18,5.98,8.78,356.8,Severe,14.058333333333332,80.58333333333333,1.9404166666666667,316.4583333333333,0.0,12,2,361
Delhi,2023-12-28,458.4,458.7,167.7,90.0,87.7,49.1,3.38,74.7,148.6,18.72,4.32,7.29,476.2,Severe,13.700000000000001,85.625,1.8408333333333333,256.75,0.0,12,3,362
Delhi,2023-12-29,317.9,163.0,22.4,29.7,178.5,16.1,5.1,1.9,31.7,3.04,12.94,4.17,440.4,Very Poor,12.779166666666667,88.33333333333333,0.93125,257.8333333333333,0.0,12,4,363
Delhi,2023-12-30,299.7,235.7,21.1,104.2,204.9,35.5,2.88,33.7,145.7,0.76,1.01,6.92,473.8,Poor,12.4,90.45833333333333,1.3425,297.75,0.0,12,5,364
Delhi,2023-12-31,194.0,187.4,75.9,116.7,4.1,0.3,7.02,19.2,85.8,3.43,23.39,7.81,111.3,Poor,12.65,84.25,1.1108333333333333,203.66666666666666,0.0,12,6,365
Delhi,2024-01-01,475.7,396.7,178.0,85.5,190.9,11.5,0.5,36.0,133.3,3.54,28.36,5.0,342.9,Satisfactory,10.491666666666667,85.29166666666667,1.5333333333333332,322.75,0.0,1,0,1
Delhi,2024-01-02,461.8,491.1,69.2,49.8,106.3,17.2,8.82,20.7,91.1,17.9,0.14,2.24,64.9,Very Poor,9.166666666666666,85.75,1.49125,287.5416666666667,0.0,1,1,2
Delhi,2024-01-03,15.2,125.4,133.2,28.2,177.8,45.7,3.46,0.7,57.9,2.09,27.15,1.07,279.9,Severe,9.408333333333333,88.66666666666667,1.5108333333333333,277.0,0.0,1,2,3
Delhi,2024-01-04,331.2,300.1,164.1,62.2,231.9,47.7,3.93,39.6,158.0,17.28,19.12,8.16,484.8,Good,11.645833333333334,82.04166666666667,1.7858333333333334,316.125,0.0,1,3,4
Delhi,2024-01-05,189.7,22.7,163.8,129.9,135.1,34.0,0.76,16.7,97.8,16.56,12.23,7.82,450.6,Poor,11.766666666666666,85.58333333333333,1.4045833333333333,294.9583333333333,0.1,1,4,5
Delhi,2024-01-06,256.8,425.7,27.7,81.9,64.6,34.1,9.22,29.0,193.0,15.17,11.22,2.78,458.9,Good,11.799999999999999,82.83333333333333,1.5333333333333332,269.5833333333333,0.0,1,5,6
Delhi,2024-01-07,242.9,494.5,47.6,71.9,84.2,21.8,5.86,8.5,159.0,5.07,20.4,0.63,394.9,Severe,11.770833333333334,80.875,1.4800000000000002,244.125,0.0,1,6,7
Delhi,2024-01-08,432.6,189.8,53.7,24.1,170.2,46.8,0.04,38.7,4.6,0.31,12.2,0.4,53.5,Poor,10.916666666666666,86.79166666666667,1.5908333333333333,227.83333333333334,0.0,1,0,8
Delhi,2024-01-09,447.8,501.6,37.0,125.6,152.1,16.1,9.01,78.8,45.9,16.64,4.67,0.68,406.6,Good,10.904166666666667,86.0,2.4825,302.375,0.0,1,1,9
Delhi,2024-01-10,334.5,599.8,86.5,73.6,176.3,14.8,0.63,26.1,48.7,8.27,15.7,1.35,174.7,Poor,9.270833333333334,84.625,3.5549999999999997,292.0833333333333,0.0,1,2,10
Delhi,2024-01-11,136.5,586.5,128.3,1.8,13.4,32.3,2.96,59.9,11.5,18.94,14.14,3.02,190.6,Severe,9.220833333333333,88.75,2.7583333333333333,298.2916666666667,0.0,1,3,11
Delhi,2024-01-12,3.4,40.1,88.5,37.5,186.7,35.8,3.81,81.4,72.1,11.75,25.42,0.55,216.3,Poor,9.966666666666667,86.91666666666667,2.544583333333333,295.125,0.0,1,4,12
Delhi,2024-01-13,256.2,13.5,20.8,122.8,96.9,3.5,2.75,84.1,52.8,5.36,18.87,9.49,12.6,Moderate,9.716666666666667,85.25,1.4079166666666667,261.8333333333333,0.0,1,5,13
Delhi,2024-01-14,244.6,432.5,130.3,35.7,188.4,46.5,3.41,77.0,29.3,14.74,14.29,1.54,424.4,Very Poor,9.112499999999999,86.54166666666667,2.0058333333333334,313.75,0.0,1,6,14
Delhi,2024-01-15,434.7,470.3,139.7,135.6,228.8,37.9,4.94,15.0,45.7,3.58,29.02,2.84,123.8,Poor,8.629166666666666,86.83333333333333,2.1633333333333336,283.7083333333333,0.0,1,0,15
Delhi,2024-01-16,228.1,417.1,61.0,106.8,214.2,46.6,3.49,69.8,161.6,1.93,8.17,3.33,273.6,Severe,8.229166666666666,85.70833333333333,1.4641666666666666,158.0,0.0,1,1,16
Delhi,2024-01-17,70.0,93.1,119.2,143.0,147.4,33.2,5.07,86.6,10.6,14.43,21.58,6.81,349.5,Poor,9.441666666666666,84.83333333333333,2.328333333333333,134.125,0.0,1,2,17
Delhi,2024-01-18,448.3,543.0,17.0,72.8,225.8,46.3,9.72,13.7,31.3,16.61,4.8,8.21,224.0,Good,10.366666666666667,87.45833333333333,1.1266666666666667,242.16666666666666,0.0,1,3,18
Delhi,2024-01-19,371.4,35.2,39.6,51.8,217.6,20.8,9.25,77.9,68.8,9.06,14.12,6.83,237.2,Moderate,9.758333333333333,89.83333333333333,1.3179166666666666,183.33333333333334,0.0,1,4,19
Delhi,2024-01-20,415.1,271.9,48.2,1.9,66.4,28.7,0.11,98.4,160.0,14.94,24.03,0.12,127.2,Moderate,9.3125,88.91666666666667,1.5729166666666667,258.75,0.0,1,5,20
Delhi,2024-01-21,212.8,302.2,70.2,91.6,215.3,11.8,7.74,30.9,160.8,1.86,5.49,5.37,174.2,Moderate,9.0375,89.75,2.7595833333333335,297.8333333333333,0.0,1,6,21
Delhi,2024-01-22,344.1,61.0,71.1,19.9,100.1,40.3,2.32,13.2,81.5,19.1,6.64,3.57,44.8,Satisfactory,8.841666666666667,87.41666666666667,1.3520833333333335,200.375,0.0,1,0,22
Delhi,2024-01-23,312.0,560.8,81.0,115.1,1.5,21.7,1.0,32.7,3.9,16.07,10.69,4.59,258.8,Moderate,10.1875,87.79166666666667,1.5199999999999998,236.29166666666666,0.0,1,1,23
Delhi,2024-01-24,215.7,471.7,42.1,88.7,97.9,33.3,3.84,97.7,141.5,18.93,4.82,8.23,307.3,Satisfactory,11.283333333333333,83.83333333333333,1.8791666666666667,325.2083333333333,0.0,1,2,24
Delhi,2024-01-25,447.5,244.3,165.1,91.3,66.6,25.9,3.75,48.3,146.5,3.26,23.09,3.87,76.6,Good,10.116666666666667,87.04166666666667,1.5079166666666666,260.875,0.0,1,3,25
Delhi,2024-01-26,200.3,592.0,163.6,7.7,245.7,20.9,6.54,72.6,64.4,4.4,22.92,4.35,298.9,Very Poor,11.1625,84.75,1.5083333333333335,293.625,0.0,1,4,26
Delhi,2024-01-27,351.9,376.9,143.4,7.0,169.5,9.9,4.34,1.3,2.4,6.12,20.75,0.79,88.5,Poor,12.375,78.75,3.1458333333333335,289.5,0.0,1,5,27
Delhi,2024-01-28,42.4,518.6,93.3,35.6,234.1,7.2,7.59,27.2,171.7,8.76,2.41,0.19,292.9,Poor,13.183333333333332,82.20833333333333,2.0920833333333335,171.875,0.0,1,6,28
Delhi,2024-01-29,21.6,320.2,38.8,13.4,163.7,18.2,5.87,61.2,110.1,16.26,14.85,6.55,363.0,Poor,14.383333333333333,85.5,2.0437499999999997,172.58333333333334,0.0,1,0,29
Delhi,2024-01-30,255.4,164.1,106.2,64.0,68.6,16.1,1.3,4.5,24.0,16.42,5.39,8.95,117.6,Very Poor,13.804166666666667,88.54166666666667,1.7016666666666669,277.5833333333333,0.0,1,1,30
Delhi,2024-01-31,160.2,372.8,121.3,102.7,81.9,48.1,9.77,53.4,45.4,11.13,4.95,8.84,412.4,Severe,13.575000000000001,92.20833333333333,2.2224999999999997,114.58333333333333,3.4,1,2,31
Delhi,2024-02-01,154.5,186.1,191.3,63.0,105.7,40.3,6.76,49.8,79.0,17.12,20.46,7.98,294.9,Severe,15.225,87.08333333333333,3.629583333333333,113.20833333333333,31.5,2,3,32
Delhi,2024-02-02,189.1,129.9,120.0,97.7,137.3,5.4,3.58,6.6,177.2,12.74,19.55,6.66,234.7,Severe,12.691666666666668,84.5,2.72,271.5,0.0,2,4,33
Delhi,2024-02-03,314.4,206.9,106.1,125.1,225.1,43.9,0.32,59.6,150.1,19.67,17.7,2.03,313.2,Moderate,13.783333333333333,70.41666666666667,2.098333333333333,279.0,0.0,2,5,34
Delhi,2024-02-04,435.9,61.4,145.9,133.4,198.5,35.4,9.15,74.8,188.4,1.67,4.47,6.06,338.9,Satisfactory,15.704166666666666,86.83333333333333,2.1779166666666665,147.08333333333334,3.9,2,6,35
Delhi,2024-02-05,216.2,144.7,48.1,130.9,123.8,9.1,1.58,79.1,164.0,15.74,14.01,9.64,344.6,Satisfactory,15.233333333333334,82.5,2.36625,267.5416666666667,2.8,2,0,36
Delhi,2024-02-06,132.2,316.1,128.5,17.9,85.6,15.3,1.45,68.4,111.0,0.53,14.61,1.51,114.8,Very Poor,12.220833333333333,75.625,2.8158333333333334,310.0,0.0,2,1,37
Delhi,2024-02-07,87.6,541.9,49.8,79.3,104.5,0.9,1.07,3.1,13.4,8.83,15.72,5.06,155.7,Good,12.441666666666668,66.83333333333333,3.8937500000000003,304.1666666666667,0.0,2,2,38
Delhi,2024-02-08,236.4,177.0,120.3,26.9,69.7,14.9,4.03,67.1,199.2,0.07,25.79,4.05,342.0,Severe,12.991666666666667,64.70833333333333,5.348333333333334,288.375,0.0,2,3,39
Delhi,2024-02-09,192.9,481.1,93.9,9.7,126.0,48.7,2.97,95.2,188.4,4.53,22.44,8.31,296.0,Moderate,13.183333333333332,68.625,2.7775,265.6666666666667,0.0,2,4,40
Delhi,2024-02-10,165.8,157.6,168.3,27.8,205.5,22.1,9.64,11.2,39.3,12.04,17.76,7.75,260.5,Good,12.670833333333334,81.5,1.7745833333333334,193.29166666666666,0.0,2,5,41
Delhi,2024-02-11,20.8,277.3,191.7,17.3,11.0,45.6,7.03,70.4,76.9,0.48,19.01,5.33,289.7,Severe,14.220833333333333,76.20833333333333,2.0616666666666665,318.5,0.0,2,6,42
Delhi,2024-02-12,411.3,450.0,115.5,105.3,134.5,3.1,2.7,73.5,73.2,14.2,13.56,5.64,295.7,Poor,14.4125,76.33333333333333,1.6895833333333332,245.375,0.0,2,0,43
Delhi,2024-02-13,288.9,302.8,36.3,124.6,185.6,7.4,5.65,81.0,92.9,7.42,11.07,3.02,328.6,Severe,14.65,74.54166666666667,1.5075,249.16666666666666,0.0,2,1,44
Delhi,2024-02-14,129.6,543.5,192.1,87.9,148.9,43.8,5.43,30.5,109.4,18.22,17.16,7.64,330.3,Good,15.9625,75.08333333333333,2.5524999999999998,313.4583333333333,0.0,2,2,45
Delhi,2024-02-15,210.6,103.0,40.2,127.3,68.0,41.4,0.3,15.4,195.6,19.17,15.75,2.1,116.8,Severe,15.704166666666666,71.375,2.50375,305.2083333333333,0.0,2,3,46
Delhi,2024-02-16,161.8,523.6,12.6,59.1,63.9,38.1,6.33,70.0,179.0,7.1,13.14,4.65,299.9,Poor,15.491666666666667,66.08333333333333,2.356666666666667,313.25,0.0,2,4,47
Delhi,2024-02-17,143.9,167.9,9.7,21.1,6.7,2.0,5.84,68.8,175.6,0.32,1.38,7.61,167.2,Moderate,15.941666666666668,63.75,2.9416666666666664,289.6666666666667,0.0,2,5,48
Delhi,2024-02-18,292.3,202.6,183.6,27.4,82.9,37.9,4.11,7.1,195.8,6.19,5.12,1.03,271.0,Moderate,18.066666666666666,62.625,2.5070833333333336,178.625,0.0,2,6,49
Delhi,2024-02-19,213.4,129.8,12.8,145.6,40.9,30.8,5.29,46.9,178.2,14.79,11.76,4.76,164.8,Satisfactory,20.145833333333332,62.208333333333336,5.3758333333333335,126.29166666666667,0.1,2,0,50
Delhi,2024-02-20,441.5,274.9,100.9,76.2,63.2,4.0,3.14,44.1,160.2,6.76,21.75,4.7,43.4,Poor,19.891666666666666,68.16666666666667,2.924166666666667,143.91666666666666,1.9,2,1,51
Delhi,2024-02-21,329.4,419.0,101.5,68.3,43.2,25.4,1.62,77.7,11.2,14.61,8.24,7.17,177.1,Satisfactory,18.266666666666666,59.541666666666664,2.7741666666666664,223.91666666666666,0.0,2,2,52
Delhi,2024-02-22,207.5,453.9,180.4,92.7,92.2,42.2,3.89,78.2,105.7,18.95,17.39,2.69,416.9,Poor,17.287499999999998,52.458333333333336,3.0404166666666668,260.75,0.0,2,3,53
Delhi,2024-02-23,392.0,431.9,77.3,34.4,123.6,25.3,0.11,34.6,112.2,8.46,3.44,8.25,65.0,Satisfactory,15.725,47.833333333333336,2.74625,323.875,0.0,2,4,54
Delhi,2024-02-24,163.7,347.6,99.5,15.0,201.8,49.1,4.32,50.8,184.1,10.51,25.39,0.6,121.3,Satisfactory,16.05,47.5,1.7474999999999998,199.25,0.0,2,5,55
Delhi,2024-02-25,357.3,362.2,15.8,106.2,86.3,15.5,8.18,87.4,94.6,6.73,27.85,4.49,46.7,Very Poor,17.179166666666667,40.791666666666664,2.1545833333333335,104.20833333333333,0.0,2,6,56
Delhi,2024-02-26,66.4,4.1,127.9,14.7,192.0,3.6,2.72,19.6,44.2,4.16,13.42,0.7,51.2,Good,17.412499999999998,46.25,2.185416666666667,244.29166666666666,0.0,2,0,57
Delhi,2024-02-27,476.9,285.2,53.1,41.6,100.5,6.0,4.16,57.0,86.3,0.32,8.84,3.8,287.3,Severe,17.970833333333335,47.5,2.794166666666667,306.375,0.3,2,1,58
Delhi,2024-02-28,221.7,437.1,94.5,78.9,194.2,35.9,8.87,95.5,25.3,4.89,22.45,5.55,77.9,Very Poor,17.304166666666667,57.625,3.7220833333333334,306.5,0.0,2,2,59
Delhi,2024-02-29,317.7,489.5,41.6,62.7,167.4,23.1,7.31,87.2,120.9,10.41,22.76,7.14,146.1,Satisfactory,18.195833333333333,57.333333333333336,3.026666666666667,303.0416666666667,0.0,2,3,60
Delhi,2024-03-01,150.2,320.8,114.6,141.8,130.9,21.6,7.83,24.5,96.0,3.38,19.93,0.36,312.0,Good,19.741666666666667,61.333333333333336,1.8066666666666666,139.45833333333334,1.2,3,4,61
Delhi,2024-03-02,277.8,114.2,158.1,115.2,157.4,43.2,9.6,46.5,4.2,2.29,8.4,1.53,406.2,Poor,19.858333333333334,74.625,5.443333333333334,141.58333333333334,5.8,3,5,62
Delhi,2024-03-03,62.0,190.6,87.5,42.7,31.8,10.9,2.29,88.6,60.1,16.12,15.86,2.51,26.4,Very Poor,17.891666666666666,75.83333333333333,2.45125,209.5,5.6,3,6,63
Delhi,2024-03-04,489.3,354.5,178.0,67.6,19.6,33.4,8.64,50.0,115.0,0.59,5.44,1.52,472.5,Poor,15.870833333333332,61.875,2.82625,281.2083333333333,0.0,3,0,64
Delhi,2024-03-05,383.5,116.9,10.5,25.5,115.7,14.4,0.08,32.9,33.2,9.19,9.48,1.52,254.8,Severe,14.725,54.0,3.2775,311.0833333333333,0.0,3,1,65
Delhi,2024-03-06,156.7,89.4,101.9,141.0,174.8,10.9,2.22,43.0,40.4,12.31,17.29,9.34,50.4,Good,15.158333333333333,56.25,2.7775,303.0833333333333,0.0,3,2,66
Delhi,2024-03-07,217.4,291.1,107.7,24.6,158.1,18.7,1.03,62.3,165.0,18.89,5.37,5.54,63.7,Moderate,17.016666666666666,56.916666666666664,2.8016666666666663,316.25,0.0,3,3,67
Delhi,2024-03-08,42.1,580.4,79.7,147.1,154.0,25.0,9.76,65.2,181.3,8.59,6.5,2.46,88.9,Severe,17.933333333333334,52.5,3.1612500000000003,321.2083333333333,0.0,3,4,68
Delhi,2024-03-09,32.1,68.2,170.7,43.7,15.9,37.3,3.63,13.3,77.1,0.14,27.04,8.35,271.3,Good,18.120833333333334,48.625,3.2733333333333334,308.2083333333333,0.0,3,5,69
Delhi,2024-03-10,263.0,108.6,119.6,145.3,69.5,16.6,8.74,38.3,162.7,19.46,17.14,4.55,433.4,Severe,19.320833333333333,51.208333333333336,2.3733333333333335,237.91666666666666,0.0,3,6,70
Delhi,2024-03-11,222.7,279.9,26.0,102.4,77.3,13.4,5.67,1.1,146.4,4.67,2.91,8.6,266.8,Very Poor,22.15833333333333,47.958333333333336,2.1366666666666667,132.66666666666666,0.0,3,0,71
Delhi,2024-03-12,160.7,367.7,54.3,119.0,25.2,44.1,7.38,58.5,38.9,0.76,14.45,5.24,234.4,Poor,22.004166666666666,46.333333333333336,3.2270833333333333,260.9583333333333,0.0,3,1,72
Delhi,2024-03-13,177.6,169.0,65.5,81.3,96.1,26.9,7.99,53.6,188.9,2.84,15.09,8.99,453.7,Good,21.275000000000002,52.583333333333336,2.4625,225.16666666666666,0.0,3,2,73
Delhi,2024-03-14,72.2,35.6,37.7,103.4,27.9,33.1,0.35,50.2,34.0,18.51,12.97,2.93,483.7,Very Poor,21.575,53.041666666666664,3.029166666666667,230.70833333333334,0.0,3,3,74
Delhi,2024-03-15,486.1,426.6,120.7,135.6,220.0,35.9,3.76,14.5,141.0,7.19,27.93,1.25,322.6,Satisfactory,20.5,42.625,3.5595833333333338,303.8333333333333,0.0,3,4,75
Delhi,2024-03-16,487.2,148.0,0.2,14.5,221.3,42.9,1.83,65.3,88.8,3.74,7.45,9.08,175.4,Poor,19.770833333333332,45.0,2.276666666666667,310.3333333333333,0.0,3,5,76
Delhi,2024-03-17,421.3,56.6,142.7,81.3,148.8,17.1,6.57,29.4,11.7,19.34,12.81,9.03,376.9,Moderate,20.670833333333334,46.666666666666664,2.4787500000000002,312.875,0.0,3,6,77
Delhi,2024-03-18,471.0,130.8,95.7,46.6,247.4,15.9,3.46,27.3,57.6,11.13,17.88,0.77,137.1,Poor,20.858333333333334,47.708333333333336,2.39,305.125,0.0,3,0,78
Delhi,2024-03-19,226.3,101.5,111.8,12.6,132.6,22.5,0.36,46.7,5.6,7.7,28.94,6.47,24.0,Poor,21.3625,47.916666666666664,2.4162500000000002,327.125,0.0,3,1,79
Delhi,2024-03-20,436.8,148.6,160.7,90.5,132.4,0.0,5.43,80.3,132.9,8.45,26.72,1.09,93.3,Satisfactory,22.962500000000002,45.5,2.1145833333333335,264.5833333333333,0.0,3,2,80
Delhi,2024-03-21,199.0,230.3,153.8,70.8,39.8,40.7,7.57,17.6,33.8,15.0,23.05,5.76,355.0,Moderate,22.375,57.041666666666664,3.5175,109.29166666666667,0.0,3,3,81
Delhi,2024-03-22,115.2,319.4,179.9,51.4,167.2,12.4,9.48,15.8,124.9,11.07,15.67,5.22,398.7,Poor,24.416666666666668,54.041666666666664,2.45125,136.0,0.0,3,4,82
Delhi,2024-03-23,265.6,225.9,115.6,147.5,28.7,24.5,5.62,99.3,124.7,3.4,27.92,0.58,486.7,Good,25.504166666666666,46.708333333333336,3.214166666666667,320.0,0.0,3,5,83
Delhi,2024-03-24,54.2,450.5,159.6,1.2,226.5,26.9,3.4,6.4,75.9,17.75,27.44,2.66,184.0,Very Poor,24.125,47.5,3.73875,228.66666666666666,0.0,3,6,84
Delhi,2024-03-25,322.8,129.4,133.2,34.5,209.8,37.0,3.87,6.2,23.4,12.41,27.92,0.68,458.5,Satisfactory,24.854166666666668,48.791666666666664,3.3683333333333336,311.0833333333333,0.0,3,0,85
Delhi,2024-03-26,383.1,209.2,109.2,57.0,48.0,33.8,6.43,16.6,20.5,2.37,0.61,8.87,132.8,Very Poor,25.84583333333333,43.916666666666664,2.8004166666666666,247.375,0.0,3,1,86
Delhi,2024-03-27,247.3,580.9,87.9,111.7,70.5,31.3,5.25,40.2,29.9,10.51,15.06,5.28,9.6,Satisfactory,27.97083333333333,43.5,2.344583333333333,202.83333333333334,0.0,3,2,87
Delhi,2024-03-28,285.3,6.8,174.7,81.4,105.8,39.3,9.49,49.2,88.8,12.05,29.25,1.63,377.4,Satisfactory,28.758333333333336,42.583333333333336,2.40875,309.5,0.0,3,3,88
Delhi,2024-03-29,192.1,17.1,128.5,123.0,208.8,49.3,5.01,53.1,48.8,0.91,27.09,7.54,246.1,Moderate,27.6875,49.166666666666664,2.2254166666666664,188.54166666666666,0.1,3,4,89
Delhi,2024-03-30,357.8,179.9,16.0,112.1,244.9,25.1,5.4,34.5,116.3,8.47,3.06,6.24,386.7,Satisfactory,28.058333333333334,41.166666666666664,3.16625,149.58333333333334,0.0,3,5,90
Delhi,2024-03-31,191.4,567.1,16.5,19.8,48.6,33.7,1.87,58.4,10.6,12.64,13.02,0.69,340.0,Severe,26.995833333333334,38.916666666666664,3.2266666666666666,261.9583333333333,0.0,3,6,91
Delhi,2024-04-01,397.2,264.0,95.8,121.3,182.6,41.7,4.62,37.6,2.4,0.83,21.02,3.87,32.6,Poor,24.775000000000002,39.458333333333336,3.73875,304.625,0.0,4,0,92
Delhi,2024-04-02,14.6,160.7,6.9,147.0,49.8,20.8,4.5,70.6,18.6,11.09,6.29,6.76,401.7,Very Poor,25.175,33.833333333333336,3.515,274.25,0.0,4,1,93
Delhi,2024-04-03,238.2,46.6,74.5,40.4,101.1,3.8,4.73,97.9,28.8,9.02,20.22,6.7,485.9,Severe,27.566666666666666,26.833333333333332,2.3745833333333333,76.875,0.0,4,2,94
Delhi,2024-04-04,440.7,391.6,131.2,112.6,192.6,39.4,2.16,46.4,197.3,0.05,19.34,7.92,451.5,Poor,28.583333333333332,28.625,3.0716666666666668,204.25,0.0,4,3,95
Delhi,2024-04-05,209.7,16.6,133.2,66.3,223.6,48.7,4.47,25.3,178.4,13.7,27.11,2.32,124.0,Severe,28.195833333333336,25.291666666666668,4.025416666666667,283.0416666666667,0.0,4,4,96
Delhi,2024-04-06,72.1,424.4,45.6,56.3,72.6,5.1,0.82,63.0,94.6,6.2,4.69,1.49,262.7,Moderate,27.287499999999998,21.625,3.470416666666667,322.75,0.0,4,5,97
Delhi,2024-04-07,57.7,78.9,136.8,61.8,161.3,16.8,6.08,46.9,144.9,5.14,5.08,4.28,327.8,Poor,26.95,20.0,3.35875,303.4583333333333,0.0,4,6,98
Delhi,2024-04-08,286.0,206.0,29.5,139.8,155.7,12.4,1.77,51.9,117.8,18.45,14.0,7.48,14.8,Satisfactory,27.666666666666668,21.083333333333332,2.74875,271.25,0.0,4,0,99
Delhi,2024-04-09,368.5,283.9,181.4,89.0,117.4,40.1,9.45,88.9,185.2,13.91,7.35,5.12,239.5,Very Poor,28.470833333333335,19.125,2.3608333333333333,177.41666666666666,0.0,4,1,100
Delhi,2024-04-10,443.1,231.9,64.1,35.0,55.9,35.7,1.67,4.1,116.1,7.05,3.27,2.88,382.7,Poor,28.670833333333334,22.083333333333332,2.2066666666666666,154.54166666666666,0.0,4,2,101
Delhi,2024-04-11,85.4,549.9,119.0,103.5,52.9,26.7,0.19,96.1,134.5,6.16,2.16,3.3,337.9,Good,29.3125,22.416666666666668,2.348333333333333,118.91666666666667,0.0,4,3,102
Delhi,2024-04-12,178.6,32.2,1.0,2.5,182.7,7.0,9.77,20.7,119.0,2.6,26.17,3.93,295.7,Poor,29.90833333333333,22.541666666666668,2.2883333333333336,96.33333333333333,0.0,4,4,103
Delhi,2024-04-13,116.1,476.7,45.9,12.7,13.2,31.4,1.03,23.2,104.2,4.88,18.62,6.95,72.3,Satisfactory,30.3125,29.5,2.7862500000000003,152.83333333333334,2.1,4,5,104
Delhi,2024-04-14,375.2,101.8,15.6,124.1,60.0,19.7,9.2,72.5,51.4,1.08,22.9,6.0,438.1,Good,27.233333333333334,45.833333333333336,2.720833333333333,158.5,0.7000000000000001,4,6,105
Delhi,2024-04-15,323.4,303.5,179.8,53.3,68.4,36.7,6.71,61.1,172.5,16.74,19.93,1.98,262.9,Moderate,28.525000000000002,48.125,2.27875,273.8333333333333,0.4,4,0,106
Delhi,2024-04-16,355.1,210.5,168.5,78.2,198.2,23.7,4.66,78.9,192.5,16.86,7.31,0.56,470.6,Poor,29.912499999999998,36.75,4.29625,299.8333333333333,0.0,4,1,107
Delhi,2024-04-17,408.6,36.8,83.2,3.4,21.2,44.5,1.91,3.7,139.6,12.08,20.23,8.72,358.3,Satisfactory,29.391666666666666,26.666666666666668,5.460833333333333,302.4166666666667,0.0,4,2,108
Delhi,2024-04-18,385.1,182.5,115.1,37.0,207.6,16.5,4.62,2.9,176.0,14.49,28.32,4.15,65.6,Very Poor,30.925,24.208333333333332,3.3083333333333336,256.3333333333333,0.0,4,3,109
Delhi,2024-04-19,311.2,14.3,51.7,122.7,179.5,34.3,1.06,24.5,161.7,11.15,24.93,2.48,125.9,Very Poor,31.558333333333334,29.541666666666668,3.1970833333333335,252.5,0.0,4,4,110
Delhi,2024-04-20,336.4,453.3,42.4,58.9,187.8,15.2,6.9,25.9,160.6,1.88,28.31,1.54,9.1,Severe,30.145833333333332,28.333333333333332,4.038333333333333,305.9583333333333,0.0,4,5,111
Delhi,2024-04-21,205.3,381.9,90.0,12.5,91.6,13.1,2.48,98.0,156.1,17.42,1.76,2.18,15.9,Good,30.183333333333334,26.708333333333332,3.370416666666667,300.3333333333333,0.0,4,6,112
Delhi,2024-04-22,52.7,520.1,123.5,91.4,202.0,47.1,5.25,74.9,109.6,0.79,7.85,8.98,41.2,Severe,31.075,25.166666666666668,3.7175,301.6666666666667,0.0,4,0,113
Delhi,2024-04-23,251.7,459.5,147.8,47.1,106.4,32.9,6.01,19.0,22.8,6.98,8.04,0.58,151.0,Very Poor,30.045833333333334,26.708333333333332,2.7550000000000003,253.29166666666666,0.0,4,1,114
Delhi,2024-04-24,58.3,264.6,108.8,69.8,49.9,14.0,9.02,26.3,18.1,12.5,20.68,3.58,353.0,Severe,29.724999999999998,28.25,3.2158333333333338,273.8333333333333,0.0,4,2,115
Delhi,2024-04-25,439.2,413.8,7.9,91.3,7.6,49.8,0.65,58.9,66.3,19.49,27.47,3.92,320.3,Very Poor,29.7375,25.333333333333332,3.1491666666666664,313.1666666666667,0.0,4,3,116
Delhi,2024-04-26,208.0,171.2,48.4,103.9,95.5,4.0,2.64,9.5,38.1,3.22,7.74,2.14,308.5,Poor,31.95,23.75,3.079166666666667,255.375,0.0,4,4,117
Delhi,2024-04-27,325.0,52.7,127.1,3.7,46.1,26.6,8.99,1.6,104.6,1.17,7.66,0.89,84.2,Moderate,32.041666666666664,27.166666666666668,4.1987499999999995,277.2916666666667,0.0,4,5,118
Delhi,2024-04-28,433.4,371.7,119.5,143.4,39.2,50.0,3.72,6.3,183.8,9.37,22.33,2.67,344.4,Moderate,30.329166666666666,29.208333333333332,2.64875,302.4166666666667,0.0,4,6,119
Delhi,2024-04-29,459.6,150.1,3.2,113.0,94.7,5.2,5.14,93.0,132.2,2.45,16.53,7.53,483.2,Very Poor,30.633333333333336,27.0,3.2383333333333333,201.54166666666666,0.0,4,0,120
Delhi,2024-04-30,347.4,581.7,8.1,129.6,14.2,45.3,4.35,99.0,91.3,4.49,23.64,8.4,178.7,Moderate,29.729166666666668,24.958333333333332,3.73875,277.25,0.0,4,1,121
Delhi,2024-05-01,212.3,407.9,11.5,100.6,164.1,32.3,1.12,77.2,9.4,9.87,15.65,0.65,3.3,Satisfactory,26.895833333333332,22.416666666666668,4.609583333333333,305.0833333333333,0.0,5,2,122
Delhi,2024-05-02,141.2,358.4,46.4,55.6,60.0,49.4,9.28,75.1,0.1,9.04,14.79,4.7,201.2,Satisfactory,27.670833333333334,26.583333333333332,3.6616666666666666,305.0,0.0,5,3,123
Delhi,2024-05-03,1.3,214.3,12.8,67.6,148.4,48.8,3.57,79.4,106.0,4.22,13.71,3.15,168.0,Good,30.304166666666664,22.208333333333332,3.81625,300.375,0.0,5,4,124
Delhi,2024-05-04,406.8,230.4,99.0,126.1,11.9,2.1,0.53,79.5,105.5,10.55,8.43,1.17,328.8,Good,33.050000000000004,18.833333333333332,3.2441666666666666,301.25,0.0,5,5,125
Delhi,2024-05-05,471.3,149.5,32.6,145.4,52.8,48.2,3.84,34.4,0.2,10.11,15.86,6.4,169.3,Very Poor,33.170833333333334,20.333333333333332,3.311666666666667,308.0833333333333,0.0,5,6,126
Delhi,2024-05-06,201.1,165.8,25.5,144.0,134.7,8.8,9.19,9.1,147.3,18.91,20.88,1.81,374.6,Satisfactory,33.84583333333333,21.791666666666668,3.669166666666667,307.4166666666667,0.0,5,0,127
Delhi,2024-05-07,320.2,229.1,58.1,12.5,91.3,41.9,7.96,77.3,155.3,12.86,27.46,7.52,420.4,Good,33.4625,26.5,2.43625,176.20833333333334,0.0,5,1,128
Delhi,2024-05-08,184.1,493.8,105.4,84.4,55.0,4.1,8.41,20.1,95.1,16.04,21.23,2.42,415.9,Very Poor,32.44583333333333,40.125,3.624166666666667,109.29166666666667,0.0,5,2,129
Delhi,2024-05-09,290.6,170.0,78.3,131.4,116.7,35.4,8.69,87.0,180.8,0.04,14.34,9.95,274.8,Good,32.24583333333333,38.625,3.7854166666666664,98.58333333333333,0.0,5,3,130
Delhi,2024-05-10,408.0,102.7,36.3,57.8,49.0,18.6,6.93,43.3,127.9,1.07,25.42,0.01,62.5,Satisfactory,31.833333333333332,43.958333333333336,3.1458333333333335,110.41666666666667,0.2,5,4,131
Delhi,2024-05-11,239.2,550.7,157.0,40.2,180.1,26.3,4.94,57.5,14.0,15.85,28.33,5.64,493.8,Moderate,31.77916666666667,43.125,2.3379166666666666,179.625,0.1,5,5,132
Delhi,2024-05-12,452.8,425.2,117.3,21.3,119.7,21.5,7.85,62.7,190.4,4.95,19.51,0.57,334.7,Poor,31.879166666666666,39.541666666666664,2.8020833333333335,166.91666666666666,0.9,5,6,133
Delhi,2024-05-13,85.4,488.0,36.8,2.6,0.6,1.5,3.65,44.3,68.2,13.1,27.84,3.21,238.0,Good,32.637499999999996,30.708333333333332,2.6779166666666665,195.75,0.0,5,0,134
Delhi,2024-05-14,99.7,496.3,155.7,2.1,85.3,6.6,5.03,45.3,35.5,16.37,26.52,9.76,43.6,Poor,32.733333333333334,20.875,2.9595833333333332,281.125,0.0,5,1,135
Delhi,2024-05-15,131.9,541.1,19.1,101.3,177.7,33.0,8.17,85.3,189.4,5.18,14.04,8.14,103.7,Good,34.22083333333333,19.583333333333332,2.86,268.0416666666667,0.0,5,2,136
Delhi,2024-05-16,340.7,4.0,176.1,49.8,196.8,4.2,2.96,15.5,47.8,15.89,20.86,8.99,415.5,Poor,34.300000000000004,19.125,2.473333333333333,220.95833333333334,0.0,5,3,137
Delhi,2024-05-17,423.2,597.0,0.1,7.1,184.8,2.3,3.76,24.0,122.0,12.35,6.45,7.99,227.1,Poor,35.9375,19.083333333333332,2.9375,284.0,0.0,5,4,138
Delhi,2024-05-18,113.6,78.5,7.8,77.9,160.8,38.9,7.23,43.0,156.0,15.58,26.87,8.45,254.9,Very Poor,36.99583333333333,19.666666666666668,3.6233333333333335,295.0833333333333,0.0,5,5,139
Delhi,2024-05-19,327.5,62.5,124.8,67.7,54.1,33.3,6.51,21.8,6.9,3.79,12.67,9.96,132.0,Severe,37.262499999999996,15.75,3.827083333333333,301.4166666666667,0.0,5,6,140
Delhi,2024-05-20,179.1,20.6,104.0,30.4,111.7,6.4,3.03,17.1,132.6,10.52,10.85,0.85,375.2,Poor,36.37083333333333,19.458333333333332,2.91,217.54166666666666,0.0,5,0,141
Delhi,2024-05-21,240.3,455.3,94.7,60.0,30.0,29.0,5.66,70.6,121.9,0.74,9.28,4.51,199.3,Poor,34.987500000000004,29.375,2.8370833333333336,147.75,0.0,5,1,142
Delhi,2024-05-22,99.6,446.5,181.9,137.7,75.8,18.8,5.72,11.3,102.6,11.57,2.14,1.42,366.9,Very Poor,35.19166666666667,37.125,4.131666666666667,111.41666666666667,0.2,5,2,143
Delhi,2024-05-23,403.4,352.5,129.2,121.7,112.9,11.9,5.58,1.5,105.1,9.8,3.39,5.54,452.8,Satisfactory,35.854166666666664,35.75,3.7266666666666666,139.70833333333334,0.1,5,3,144
Delhi,2024-05-24,366.0,575.1,49.2,98.5,11.1,48.2,9.42,69.5,57.8,18.85,14.5,3.13,25.6,Very Poor,35.7125,36.166666666666664,3.1966666666666668,123.83333333333333,0.0,5,4,145
Delhi,2024-05-25,47.8,44.5,125.5,92.3,179.8,46.3,0.54,57.5,197.2,12.76,23.06,4.57,415.5,Severe,37.391666666666666,27.708333333333332,2.9812499999999997,265.9583333333333,0.0,5,5,146
Delhi,2024-05-26,258.3,277.3,161.3,69.4,107.2,35.2,2.5,49.8,136.9,1.6,14.19,2.3,341.8,Satisfactory,37.97083333333333,17.708333333333332,3.705,303.3333333333333,0.0,5,6,147
Delhi,2024-05-27,492.3,409.3,17.4,66.0,238.8,17.8,7.37,61.1,120.8,0.54,11.67,0.69,252.6,Poor,38.1625,17.958333333333332,3.0233333333333334,212.0,0.0,5,0,148
Delhi,2024-05-28,186.1,318.1,120.2,6.7,74.6,39.3,9.28,28.7,134.9,16.27,20.2,6.01,43.6,Very Poor,37.395833333333336,14.041666666666666,2.4745833333333334,203.16666666666666,0.0,5,1,149
Delhi,2024-05-29,78.2,523.4,109.9,93.5,176.9,7.2,5.27,9.6,9.1,2.05,13.09,5.76,268.7,Satisfactory,38.44583333333333,17.5,2.59125,219.75,0.0,5,2,150
Delhi,2024-05-30,359.1,548.9,28.3,55.2,249.0,27.9,2.64,13.6,147.0,12.71,16.71,0.08,370.8,Good,39.012499999999996,15.083333333333334,4.18875,231.58333333333334,0.0,5,3,151
Delhi,2024-05-31,76.8,43.4,117.3,111.7,99.5,5.7,3.7,98.5,164.0,8.36,4.93,0.66,58.6,Severe,37.5375,14.208333333333334,3.0966666666666662,277.25,0.0,5,4,152
Delhi,2024-06-01,149.6,550.7,88.4,125.5,22.4,23.8,8.02,67.0,162.7,8.71,23.18,9.21,426.1,Poor,37.520833333333336,16.916666666666668,4.37375,283.875,0.0,6,5,153
Delhi,2024-06-02,427.5,315.4,54.9,90.4,164.8,3.1,5.26,59.9,120.6,4.19,5.35,3.74,485.1,Severe,36.637499999999996,24.5,2.972916666666667,196.66666666666666,0.0,6,6,154
Delhi,2024-06-03,254.2,230.4,31.9,111.5,102.3,18.5,1.78,74.3,85.1,12.92,6.82,3.27,267.9,Moderate,37.09583333333333,24.333333333333332,3.934583333333333,294.0416666666667,0.0,6,0,155
Delhi,2024-06-04,361.8,158.9,113.8,105.5,165.6,8.7,1.71,6.3,196.4,9.23,11.48,2.79,189.2,Severe,36.9375,18.791666666666668,3.025,272.0416666666667,0.0,6,1,156
Delhi,2024-06-05,25.6,598.6,166.4,113.8,151.1,20.3,9.4,28.3,11.2,1.31,13.33,2.3,326.7,Poor,36.516666666666666,23.416666666666668,4.34125,260.5416666666667,0.0,6,2,157
Delhi,2024-06-06,97.0,403.7,170.0,99.0,133.2,40.6,2.23,74.5,81.8,8.93,13.73,9.02,275.3,Poor,34.7375,30.25,3.4066666666666667,259.0416666666667,0.0,6,3,158
Delhi,2024-06-07,294.9,341.4,188.2,103.3,58.3,8.6,8.18,37.9,70.2,2.73,22.25,2.79,165.4,Poor,35.266666666666666,30.208333333333332,4.347083333333333,294.1666666666667,0.0,6,4,159
Delhi,2024-06-08,346.0,551.8,172.3,10.6,144.3,21.6,1.54,71.2,191.4,3.22,15.57,1.7,289.6,Good,34.925000000000004,27.333333333333332,4.395416666666667,304.0833333333333,0.0,6,5,160
Delhi,2024-06-09,162.7,215.3,187.5,89.5,223.5,7.2,4.21,44.8,122.5,10.48,1.06,8.19,342.1,Poor,35.2125,22.833333333333332,3.825833333333333,312.625,0.0,6,6,161
Delhi,2024-06-10,301.9,257.6,73.3,10.5,13.8,26.8,6.84,44.5,44.4,7.67,8.44,4.81,478.7,Moderate,35.92916666666667,18.625,3.7266666666666666,290.75,0.0,6,0,162
Delhi,2024-06-11,173.5,205.3,127.9,43.5,112.9,36.1,1.33,65.8,56.2,13.12,4.75,4.45,467.0,Moderate,36.229166666666664,19.541666666666668,3.1445833333333333,293.4166666666667,0.0,6,1,163
Delhi,2024-06-12,192.8,52.0,159.4,103.3,69.4,12.3,9.88,9.4,188.2,15.47,7.17,4.81,137.4,Severe,36.81666666666667,18.291666666666668,3.30875,294.25,0.0,6,2,164
Delhi,2024-06-13,372.1,31.0,6.4,139.0,130.8,37.2,4.5,80.2,194.8,17.68,6.28,2.48,323.2,Good,37.545833333333334,20.083333333333332,4.801666666666667,282.0416666666667,0.0,6,3,165
Delhi,2024-06-14,392.3,47.4,109.6,63.1,8.6,9.5,9.56,4.8,142.7,3.89,23.11,7.88,295.5,Very Poor,37.670833333333334,27.0,6.141249999999999,274.2083333333333,0.0,6,4,166
Delhi,2024-06-15,11.2,240.1,150.6,66.9,209.7,47.2,0.87,82.0,91.3,9.93,9.15,9.14,49.9,Moderate,37.829166666666666,26.875,5.48875,289.375,0.0,6,5,167
Delhi,2024-06-16,129.5,33.0,2.8,54.9,162.6,38.8,1.76,36.6,199.6,8.5,10.91,2.99,55.1,Severe,38.512499999999996,25.75,5.0375000000000005,285.8333333333333,0.0,6,6,168
Delhi,2024-06-17,459.8,333.6,41.0,54.5,69.1,17.9,5.34,71.5,16.7,6.58,13.23,9.01,131.3,Poor,39.170833333333334,24.083333333333332,5.392083333333333,282.0,0.0,6,0,169
Delhi,2024-06-18,481.4,86.0,181.8,122.9,231.4,34.2,2.8,65.6,134.6,6.37,13.64,4.32,355.1,Very Poor,38.958333333333336,24.041666666666668,5.545416666666667,277.5416666666667,0.0,6,1,170
Delhi,2024-06-19,13.0,196.3,63.7,79.9,138.5,29.0,0.45,0.9,20.3,13.37,18.02,5.91,279.6,Good,36.916666666666664,35.458333333333336,5.378333333333334,246.625,1.7000000000000002,6,2,171
Delhi,2024-06-20,213.6,476.8,15.7,19.9,209.3,34.9,0.79,32.0,189.9,2.95,29.46,5.36,311.2,Severe,33.583333333333336,47.041666666666664,1.9729166666666667,172.5,2.1,6,3,172
Delhi,2024-06-21,9.0,530.8,89.0,144.1,181.1,9.8,3.01,31.9,118.8,8.77,8.24,1.47,234.1,Satisfactory,32.225,54.875,2.8204166666666666,217.25,6.1000000000000005,6,4,173
Delhi,2024-06-22,128.9,424.6,99.1,27.2,45.4,14.8,4.35,59.3,175.5,11.84,0.73,3.14,404.8,Moderate,33.65,51.666666666666664,1.8099999999999998,119.5,0.0,6,5,174
Delhi,2024-06-23,164.9,269.2,97.8,71.4,168.8,33.2,4.17,73.5,77.0,2.86,18.12,3.9,65.1,Very Poor,34.36666666666667,52.458333333333336,2.6179166666666664,95.0,0.0,6,6,175
Delhi,2024-06-24,34.8,125.2,119.5,121.0,193.2,20.8,8.3,48.6,184.0,8.81,2.46,3.03,262.5,Satisfactory,33.920833333333334,54.708333333333336,2.100416666666667,94.5,0.7,6,0,176
Delhi,2024-06-25,266.1,103.1,89.9,141.4,14.7,6.3,5.45,40.7,14.6,0.01,21.3,6.09,25.8,Moderate,33.204166666666666,61.583333333333336,2.20125,125.41666666666667,2.6,6,1,177
Delhi,2024-06-26,361.7,550.8,83.5,17.0,8.4,4.6,3.62,19.9,1.4,10.83,25.59,9.45,353.7,Moderate,31.075,72.25,2.995416666666667,115.45833333333333,15.1,6,2,178
Delhi,2024-06-27,478.4,278.0,178.6,15.2,187.8,33.2,1.15,85.2,97.4,1.2,14.43,7.05,294.4,Satisfactory,28.400000000000002,84.04166666666667,3.6154166666666665,109.20833333333333,12.8,6,3,179
Delhi,2024-06-28,15.3,116.0,154.6,20.2,91.0,12.0,7.15,57.8,5.5,17.4,1.26,8.18,450.6,Severe,27.895833333333332,85.08333333333333,2.3649999999999998,135.33333333333334,28.6,6,4,180
Delhi,2024-06-29,11.9,509.9,110.2,92.5,164.6,24.7,9.95,29.7,188.7,7.88,18.79,6.72,59.4,Severe,29.4875,79.79166666666667,1.7308333333333332,195.625,7.0,6,5,181
Delhi,2024-06-30,15.6,81.7,4.3,12.2,248.3,24.5,4.95,69.5,77.0,7.92,29.31,4.11,497.9,Very Poor,30.745833333333334,75.16666666666667,1.7716666666666665,198.70833333333334,8.200000000000001,6,6,182
Delhi,2024-07-01,328.3,191.7,142.5,111.8,12.5,49.8,8.41,88.9,29.2,10.86,0.43,7.3,213.5,Good,30.275000000000002,78.33333333333333,1.7620833333333332,217.375,6.4,7,0,183
Delhi,2024-07-02,135.5,564.3,195.1,79.0,192.7,4.1,2.39,19.3,155.4,18.72,26.22,4.62,127.6,Poor,29.079166666666666,86.16666666666667,2.1341666666666668,171.66666666666666,21.0,7,1,184
Delhi,2024-07-03,247.9,415.7,43.8,20.3,206.4,11.9,8.51,1.9,175.8,6.49,26.94,8.64,56.8,Good,29.354166666666668,83.75,2.285833333333333,144.70833333333334,3.8,7,2,185
Delhi,2024-07-04,388.7,343.1,37.5,21.9,205.2,15.6,4.07,10.9,48.4,12.58,14.62,3.7,64.0,Severe,28.191666666666666,82.95833333333333,2.2937499999999997,89.375,5.5,7,3,186
Delhi,2024-07-05,482.6,223.0,161.9,19.3,175.9,15.4,7.39,80.4,47.9,17.62,29.76,8.05,263.1,Good,27.670833333333334,85.375,2.5779166666666664,76.16666666666667,3.2,7,4,187
Delhi,2024-07-06,9.5,452.0,80.0,49.1,107.7,16.8,0.63,2.4,128.5,14.8,8.6,2.57,296.5,Poor,28.5,81.08333333333333,2.450833333333333,67.54166666666667,1.1,7,5,188
Delhi,2024-07-07,379.7,238.2,120.1,100.8,181.6,35.7,0.81,78.9,21.4,1.54,8.65,0.69,295.3,Severe,28.704166666666666,76.29166666666667,2.0175,120.75,0.0,7,6,189
Delhi,2024-07-08,183.4,169.1,98.3,95.6,102.6,43.0,1.14,32.2,179.0,2.05,2.13,3.35,303.9,Moderate,28.8875,76.625,2.200833333333333,119.95833333333333,0.8,7,0,190
Delhi,2024-07-09,441.2,162.1,116.3,85.1,141.3,47.3,6.01,36.2,127.0,1.92,27.92,5.39,125.0,Satisfactory,29.537499999999998,80.20833333333333,1.7904166666666665,143.5,3.8,7,1,191
Delhi,2024-07-10,185.7,155.3,87.6,137.3,45.1,10.1,5.5,54.8,123.7,4.62,20.07,1.85,486.6,Poor,30.391666666666666,80.0,1.5020833333333332,170.16666666666666,5.6,7,2,192
Delhi,2024-07-11,488.0,135.6,86.5,119.4,12.8,45.3,0.92,64.1,37.3,5.22,18.27,7.3,293.9,Very Poor,31.03333333333333,77.25,2.4091666666666667,207.79166666666666,2.1,7,3,193
Delhi,2024-07-12,144.2,454.4,55.7,5.8,107.9,26.2,5.5,21.5,196.9,12.86,29.55,7.03,493.3,Severe,30.545833333333334,74.25,2.280416666666667,275.8333333333333,1.4,7,4,194
Delhi,2024-07-13,473.0,294.8,87.3,131.2,150.8,12.4,4.93,73.9,173.6,12.19,15.8,6.01,217.7,Good,29.90416666666667,79.0,1.2108333333333332,208.58333333333334,7.5,7,5,195
Delhi,2024-07-14,152.4,271.4,124.3,102.8,29.6,3.2,8.35,47.0,136.2,16.31,12.19,7.78,199.7,Moderate,31.13333333333333,74.20833333333333,1.2529166666666667,136.45833333333334,0.1,7,6,196
Delhi,2024-07-15,394.2,173.8,11.1,47.7,206.2,37.9,2.44,73.2,94.6,10.31,2.57,6.56,437.4,Satisfactory,30.141666666666666,76.91666666666667,2.8404166666666666,94.125,4.0,7,0,197
Delhi,2024-07-16,244.2,547.0,193.5,43.7,114.5,6.1,6.04,45.7,168.9,0.63,1.83,2.08,484.8,Very Poor,30.849999999999998,77.41666666666667,2.7670833333333333,93.41666666666667,21.3,7,1,198
Delhi,2024-07-17,300.2,301.6,162.3,88.7,213.4,19.4,5.62,71.2,158.8,18.26,1.04,4.71,358.9,Poor,31.34583333333333,75.08333333333333,2.8200000000000003,98.41666666666667,0.1,7,2,199
Delhi,2024-07-18,35.9,581.2,191.4,61.3,97.8,29.0,8.47,44.0,109.1,8.56,27.67,5.92,143.5,Very Poor,31.125,77.5,1.9745833333333334,118.95833333333333,1.3,7,3,200
Delhi,2024-07-19,173.4,233.3,128.8,123.2,43.0,5.0,3.79,11.6,68.4,15.35,6.77,6.6,227.6,Moderate,30.566666666666666,77.875,2.225,107.45833333333333,0.1,7,4,201
Delhi,2024-07-20,169.4,278.1,157.9,122.4,36.7,26.1,3.55,78.6,119.1,7.73,18.2,1.34,370.6,Poor,31.079166666666666,75.08333333333333,2.2875,116.33333333333333,0.30000000000000004,7,5,202
Delhi,2024-07-21,231.4,501.2,138.8,15.7,135.6,28.2,5.42,4.2,139.9,19.71,26.6,8.34,19.5,Satisfactory,31.212500000000002,77.45833333333333,2.5220833333333332,123.79166666666667,2.5,7,6,203
Delhi,2024-07-22,34.6,263.1,45.6,57.5,149.0,20.9,6.24,58.4,184.7,6.15,5.06,5.83,163.8,Moderate,31.03333333333333,77.95833333333333,2.225,116.58333333333333,4.6000000000000005,7,0,204
Delhi,2024-07-23,11.9,290.1,30.4,43.1,191.6,49.8,8.87,10.3,79.3,3.66,22.7,1.03,280.1,Satisfactory,30.566666666666666,79.70833333333333,1.4799999999999998,111.41666666666667,2.2,7,1,205
Delhi,2024-07-24,421.3,359.1,106.7,6.8,28.5,46.3,0.62,82.1,26.2,17.66,7.97,0.96,97.0,Very Poor,29.275000000000002,83.83333333333333,1.4195833333333334,104.20833333333333,18.8,7,2,206
Delhi,2024-07-25,252.1,18.6,63.4,98.7,113.3,23.1,4.97,99.8,174.8,8.05,27.51,3.95,388.9,Satisfactory,30.770833333333332,78.33333333333333,1.1875,124.16666666666667,0.9,7,3,207
Delhi,2024-07-26,252.6,510.6,171.5,14.3,247.6,34.6,8.82,64.7,79.6,11.95,21.72,1.4,275.9,Good,29.925,81.79166666666667,1.8654166666666665,174.04166666666666,11.2,7,4,208
Delhi,2024-07-27,426.6,152.9,153.2,102.3,32.8,38.3,7.03,48.5,133.9,12.2,0.81,1.5,409.6,Very Poor,30.641666666666666,80.625,1.6216666666666668,131.54166666666666,2.5,7,5,209
Delhi,2024-07-28,134.5,188.8,113.8,63.6,199.9,28.2,4.85,62.7,47.6,1.74,16.24,7.47,335.6,Severe,31.608333333333334,76.29166666666667,2.424583333333333,92.0,4.2,7,6,210
Delhi,2024-07-29,228.5,569.1,9.2,71.7,23.1,23.7,2.42,3.1,10.2,2.31,14.98,7.57,480.2,Severe,31.920833333333334,72.41666666666667,3.2616666666666667,105.75,0.0,7,0,211
Delhi,2024-07-30,98.8,94.0,131.9,41.7,207.0,11.6,7.63,29.0,23.9,7.96,21.66,2.52,61.7,Moderate,32.975,69.79166666666667,2.910833333333333,130.33333333333334,0.1,7,1,212
Delhi,2024-07-31,426.5,319.9,158.7,144.0,94.9,33.9,1.21,90.7,101.7,7.42,8.63,0.64,435.8,Good,30.9875,78.5,2.0195833333333333,189.54166666666666,201.1,7,2,213
Delhi,2024-08-01,69.6,169.1,199.8,17.9,120.5,3.7,5.17,1.1,86.3,10.73,9.38,7.48,346.9,Poor,28.47083333333333,84.08333333333333,1.9254166666666668,154.70833333333334,48.3,8,3,214
Delhi,2024-08-02,261.4,127.2,55.1,94.7,236.5,29.6,3.26,16.0,72.1,1.24,29.23,1.17,440.2,Moderate,28.55,83.70833333333333,2.855,109.04166666666667,1.8,8,4,215
Delhi,2024-08-03,466.4,10.0,151.9,36.6,113.5,38.7,7.37,21.1,51.4,15.35,16.02,8.12,115.2,Satisfactory,29.087500000000002,81.66666666666667,3.747916666666667,120.16666666666667,2.5,8,5,216
Delhi,2024-08-04,156.4,34.3,145.9,33.2,100.8,44.3,7.01,85.8,160.3,13.41,25.42,9.46,101.6,Very Poor,29.866666666666664,73.75,4.645833333333333,92.79166666666667,0.2,8,6,217
Delhi,2024-08-05,260.6,155.9,17.5,137.6,148.7,26.2,6.09,1.4,49.1,7.98,3.13,2.54,396.4,Satisfactory,29.275000000000002,75.83333333333333,5.929166666666667,116.25,0.9,8,0,218
Delhi,2024-08-06,370.8,164.1,155.3,80.2,5.4,30.7,9.51,78.8,37.8,12.42,28.55,2.96,453.2,Good,29.22083333333333,76.45833333333333,3.0233333333333334,173.58333333333334,0.4,8,1,219
Delhi,2024-08-07,481.2,70.3,75.6,144.0,159.5,17.8,0.25,76.6,7.2,6.5,10.78,1.78,345.6,Satisfactory,27.47083333333333,85.625,1.9045833333333333,183.41666666666666,5.5,8,2,220
Delhi,2024-08-08,403.1,520.7,166.1,48.3,201.2,48.6,2.66,54.5,45.5,0.08,0.41,3.99,481.5,Severe,27.833333333333332,86.5,2.0454166666666667,168.83333333333334,15.299999999999999,8,3,221
Delhi,2024-08-09,286.5,591.0,148.9,72.2,90.9,41.0,3.38,48.1,102.4,4.86,17.03,7.91,373.1,Poor,27.945833333333336,85.875,1.8704166666666666,98.75,34.1,8,4,222
Delhi,2024-08-10,320.9,406.4,189.0,115.2,98.4,42.7,2.64,4.5,179.7,8.86,9.11,0.49,489.7,Moderate,27.770833333333332,87.08333333333333,1.7904166666666665,85.45833333333333,20.3,8,5,223
Delhi,2024-08-11,38.2,492.3,186.6,109.6,209.1,42.5,0.98,4.3,37.3,18.98,16.72,3.59,101.5,Good,27.366666666666664,88.79166666666667,1.9437499999999999,106.25,13.0,8,6,224
Delhi,2024-08-12,490.8,539.5,59.3,60.8,103.6,7.4,6.1,99.7,80.8,1.97,22.36,7.72,361.8,Moderate,26.758333333333336,91.625,2.12,82.125,15.1,8,0,225
Delhi,2024-08-13,90.3,268.1,20.7,109.8,89.1,40.9,5.87,36.2,39.0,9.91,13.4,0.92,431.5,Severe,27.412499999999998,89.625,2.482083333333333,80.54166666666667,9.1,8,1,226
Delhi,2024-08-14,464.8,580.4,155.8,25.6,205.5,45.6,5.27,2.4,9.5,4.45,27.08,6.33,271.6,Satisfactory,28.1125,88.25,2.029166666666667,84.04166666666667,9.9,8,2,227
Delhi,2024-08-15,257.4,398.2,155.8,83.5,16.3,2.5,7.32,93.6,126.2,11.6,7.66,5.58,408.1,Severe,28.675,86.125,2.7120833333333336,112.625,9.200000000000001,8,3,228
Delhi,2024-08-16,42.3,39.8,181.5,43.7,11.3,16.1,3.25,78.8,139.0,19.11,21.73,5.43,111.7,Satisfactory,27.962500000000002,87.33333333333333,3.01,113.33333333333333,8.6,8,4,229
Delhi,2024-08-17,244.1,65.1,89.5,132.2,217.5,32.0,6.31,91.8,157.7,2.7,23.64,0.38,125.1,Very Poor,28.570833333333336,86.20833333333333,1.7204166666666667,194.625,10.0,8,5,230
Delhi,2024-08-18,330.2,139.7,13.6,2.3,2.7,19.7,8.05,86.4,125.1,8.41,5.16,6.05,448.7,Poor,29.191666666666666,83.625,2.4008333333333334,273.2083333333333,2.7,8,6,231
Delhi,2024-08-19,118.8,463.9,85.1,132.6,135.3,48.0,3.63,11.3,34.9,12.86,14.17,3.2,392.5,Moderate,29.045833333333334,83.08333333333333,1.9629166666666666,221.66666666666666,3.8000000000000003,8,0,232
Delhi,2024-08-20,395.2,139.4,127.7,2.3,30.9,47.5,1.53,15.5,137.3,1.95,22.58,0.33,41.1,Very Poor,28.22083333333333,86.20833333333333,1.2933333333333332,205.45833333333334,7.1,8,1,233
Delhi,2024-08-21,393.3,403.1,148.8,124.1,163.0,3.5,0.44,45.4,186.7,17.98,3.7,1.11,396.7,Severe,28.433333333333334,84.41666666666667,1.2166666666666666,167.45833333333334,3.6,8,2,234
Delhi,2024-08-22,199.3,499.2,100.4,30.9,82.4,35.1,0.41,38.4,62.4,16.47,24.65,9.24,406.2,Poor,28.370833333333334,86.04166666666667,1.0829166666666665,213.20833333333334,5.4,8,3,235
Delhi,2024-08-23,216.5,468.4,179.8,138.0,60.3,17.0,4.23,83.7,153.8,12.79,6.84,0.42,25.1,Satisfactory,27.400000000000002,86.625,1.4529166666666669,127.79166666666667,0.30000000000000004,8,4,236
Delhi,2024-08-24,311.5,521.6,100.0,46.8,247.2,47.3,0.38,34.9,106.9,16.88,17.68,0.25,12.4,Poor,28.391666666666666,84.83333333333333,1.5745833333333332,83.75,7.6,8,5,237
Delhi,2024-08-25,274.2,438.2,171.9,93.0,195.5,15.3,0.1,2.2,149.3,3.3,18.44,1.74,495.9,Poor,28.95,79.04166666666667,4.2508333333333335,87.45833333333333,18.0,8,6,238
Delhi,2024-08-26,127.3,111.5,40.6,101.0,55.9,46.4,3.17,38.7,166.3,2.91,19.2,3.49,105.3,Severe,28.400000000000002,82.20833333333333,4.079583333333333,98.58333333333333,2.4000000000000004,8,0,239
Delhi,2024-08-27,371.8,347.1,68.0,36.9,184.1,30.5,0.63,69.9,27.0,0.58,20.56,2.73,293.1,Satisfactory,27.474999999999998,85.16666666666667,4.687916666666667,112.875,13.9,8,1,240
Delhi,2024-08-28,443.2,410.6,98.4,120.8,33.5,1.8,1.24,13.2,107.0,15.67,28.61,9.69,166.6,Moderate,27.108333333333334,86.29166666666667,2.7375000000000003,113.45833333333333,6.1,8,2,241
Delhi,2024-08-29,173.1,150.1,186.4,33.9,89.8,35.5,3.27,45.2,1.4,11.87,29.82,2.43,56.0,Very Poor,27.116666666666664,86.25,2.91,120.0,37.0,8,3,242
Delhi,2024-08-30,356.6,502.5,1.6,53.7,207.8,39.0,3.98,14.8,93.9,8.31,11.34,0.35,211.2,Good,27.724999999999998,87.54166666666667,1.4133333333333333,167.54166666666666,8.100000000000001,8,4,243
Delhi,2024-08-31,107.6,224.6,69.6,40.9,181.7,34.6,9.34,60.9,131.0,16.01,13.85,5.19,44.6,Severe,29.3,79.79166666666667,2.27875,316.4583333333333,0.0,8,5,244
Delhi,2024-09-01,124.6,591.9,170.2,128.9,30.6,20.1,3.93,55.6,24.5,10.88,8.69,8.12,457.7,Moderate,29.683333333333334,77.16666666666667,2.152083333333333,253.83333333333334,0.0,9,6,245
Delhi,2024-09-02,157.2,394.9,166.0,149.0,49.4,14.9,6.72,20.0,5.1,19.37,1.74,8.71,86.3,Severe,28.175,83.04166666666667,2.841666666666667,100.875,7.3999999999999995,9,0,246
Delhi,2024-09-03,197.1,130.2,182.5,146.1,185.8,37.7,8.39,34.6,47.8,12.64,5.82,7.49,307.2,Poor,27.4875,86.20833333333333,2.3429166666666665,120.08333333333333,22.0,9,1,247
Delhi,2024-09-04,407.6,351.3,194.4,136.3,231.0,38.9,1.68,35.5,68.0,9.92,26.12,3.59,133.4,Good,27.212500000000002,86.91666666666667,1.6641666666666666,217.0,0.5,9,2,248
Delhi,2024-09-05,99.5,176.8,26.8,99.5,144.4,18.7,8.09,15.7,153.1,15.26,29.98,6.84,435.5,Good,27.724999999999998,84.58333333333333,0.9895833333333334,245.83333333333334,2.5,9,3,249
Delhi,2024-09-06,389.7,352.9,125.8,49.0,225.7,27.7,1.52,55.2,153.7,2.8,10.16,8.03,92.3,Satisfactory,26.6875,88.58333333333333,1.8341666666666667,119.79166666666667,15.7,9,4,250
Delhi,2024-09-07,97.1,129.6,157.0,11.4,198.4,11.9,1.86,93.9,126.6,0.09,24.44,6.3,318.6,Severe,27.0125,87.75,1.29,185.20833333333334,21.5,9,5,251
Delhi,2024-09-08,324.9,196.0,14.4,145.2,205.8,12.6,2.45,63.9,171.6,0.25,4.2,3.1,259.0,Good,27.8625,88.0,1.4654166666666668,297.4166666666667,12.1,9,6,252
Delhi,2024-09-09,429.8,267.8,104.4,112.0,109.4,25.1,9.64,42.8,159.5,14.62,22.96,8.28,102.0,Satisfactory,28.575,82.45833333333333,1.5954166666666667,263.0,5.6,9,0,253
Delhi,2024-09-10,151.9,482.9,15.3,138.2,87.6,44.4,3.44,37.5,151.4,17.33,0.34,2.73,207.4,Satisfactory,27.337500000000002,89.91666666666667,1.0254166666666666,179.41666666666666,15.600000000000001,9,1,254
Delhi,2024-09-11,159.8,502.4,112.5,114.8,61.2,43.2,5.93,3.8,140.5,9.77,2.85,2.99,414.5,Very Poor,27.78333333333333,88.79166666666667,1.97625,228.875,23.0,9,2,255
Delhi,2024-09-12,197.2,240.3,32.7,144.8,146.1,48.7,8.61,48.6,192.9,9.61,26.54,7.27,372.4,Moderate,25.412499999999998,91.54166666666667,4.659583333333333,99.41666666666667,127.5,9,3,256
Delhi,2024-09-13,455.0,252.6,74.9,10.7,3.9,28.8,9.21,74.5,193.2,19.09,9.35,0.61,313.4,Moderate,25.604166666666668,88.91666666666667,4.0225,279.2916666666667,47.3,9,4,257
Delhi,2024-09-14,335.3,348.1,35.9,74.0,75.1,5.1,3.53,9.3,160.0,13.82,25.24,2.12,185.7,Poor,25.916666666666668,85.125,2.8512500000000003,232.0,6.3,9,5,258
Delhi,2024-09-15,437.0,214.5,43.8,144.9,216.9,47.9,7.47,75.0,104.0,12.7,19.1,1.96,18.4,Severe,26.495833333333334,80.58333333333333,2.9316666666666666,270.3333333333333,0.1,9,6,259
Delhi,2024-09-16,23.3,459.1,58.1,53.8,172.3,33.5,2.04,56.6,123.2,13.39,19.5,3.33,79.4,Satisfactory,27.254166666666666,74.20833333333333,3.1558333333333333,286.25,0.0,9,0,260
Delhi,2024-09-17,255.6,365.3,199.6,72.4,113.6,4.2,1.59,65.1,94.4,16.65,28.99,8.47,251.3,Severe,27.558333333333334,76.125,2.035833333333333,228.33333333333334,0.0,9,1,261
Delhi,2024-09-18,7.4,253.4,178.2,78.9,10.9,12.0,6.72,17.9,141.9,17.05,9.5,1.59,206.0,Satisfactory,24.84166666666667,86.83333333333333,2.877083333333333,124.625,40.2,9,2,262
Delhi,2024-09-19,407.2,246.2,102.1,58.9,227.8,37.0,6.28,61.1,199.7,0.2,27.74,8.12,261.6,Severe,26.34583333333333,85.70833333333333,2.955833333333333,84.54166666666667,3.3,9,3,263
Delhi,2024-09-20,200.8,273.0,103.3,121.9,143.2,2.1,2.53,49.1,134.8,19.89,28.8,0.19,384.8,Severe,27.358333333333334,81.70833333333333,1.7416666666666665,162.375,0.1,9,4,264
Delhi,2024-09-21,302.9,173.1,161.8,101.5,44.5,17.6,8.81,15.2,199.4,9.07,4.83,1.5,229.3,Satisfactory,28.1125,79.75,1.0962500000000002,211.875,0.30000000000000004,9,5,265
Delhi,2024-09-22,407.9,178.1,59.9,89.4,125.8,20.4,5.87,32.8,185.5,19.64,1.5,1.68,371.2,Poor,29.0625,78.79166666666667,1.595,304.8333333333333,0.0,9,6,266
Delhi,2024-09-23,52.6,475.6,187.9,23.5,12.0,2.0,9.85,94.4,139.0,9.2,16.96,2.05,431.6,Severe,28.983333333333334,78.95833333333333,1.8445833333333332,292.6666666666667,0.0,9,0,267
Delhi,2024-09-24,173.1,46.9,97.6,70.2,134.6,28.7,3.61,4.5,171.9,19.13,26.41,1.65,375.4,Satisfactory,29.400000000000002,77.33333333333333,0.9654166666666666,211.91666666666666,0.0,9,1,268
Delhi,2024-09-25,490.4,334.7,68.2,148.4,106.9,11.3,8.01,64.7,99.0,0.69,11.06,4.86,264.9,Severe,28.974999999999998,82.125,2.8775,119.375,0.5,9,2,269
Delhi,2024-09-26,134.8,105.8,139.5,122.7,211.3,17.5,0.29,63.2,32.2,5.49,7.21,3.07,117.8,Very Poor,27.958333333333332,82.33333333333333,2.752083333333333,114.79166666666667,0.9,9,3,270
Delhi,2024-09-27,407.2,104.1,197.9,89.6,6.1,44.9,0.81,96.9,115.8,15.58,10.4,5.23,128.6,Satisfactory,27.3,80.20833333333333,2.674583333333333,96.58333333333333,0.7000000000000001,9,4,271
Delhi,2024-09-28,54.7,381.1,109.5,76.6,18.3,48.2,3.46,98.3,138.9,5.01,3.27,9.93,467.7,Severe,26.358333333333334,81.45833333333333,2.03,84.625,0.0,9,5,272
Delhi,2024-09-29,189.4,37.6,165.8,112.6,194.5,6.7,4.81,75.8,139.9,9.33,16.01,5.06,283.7,Moderate,26.541666666666668,83.125,1.7458333333333333,84.79166666666667,0.4,9,6,273
Delhi,2024-09-30,346.8,46.3,119.9,83.6,197.3,2.4,5.42,75.9,22.5,8.84,1.93,0.39,414.9,Good,27.729166666666668,78.58333333333333,2.3358333333333334,281.1666666666667,0.0,9,0,274
Delhi,2024-10-01,316.0,203.0,23.8,79.8,12.6,48.0,8.8,97.9,152.7,3.37,22.87,0.06,37.7,Good,28.233333333333334,77.54166666666667,2.4075,252.33333333333334,0.0,10,1,275
Delhi,2024-10-02,230.8,178.8,8.7,39.2,249.2,13.8,1.93,24.2,170.4,1.12,1.32,0.17,109.3,Severe,28.933333333333334,74.75,2.4391666666666665,256.1666666666667,0.0,10,2,276
Delhi,2024-10-03,133.0,272.7,103.8,60.0,227.8,16.6,6.52,46.8,26.7,19.84,8.38,7.09,454.5,Very Poor,28.47083333333333,68.66666666666667,2.7854166666666664,259.125,0.0,10,3,277
Delhi,2024-10-04,210.4,166.0,139.5,95.5,118.8,48.8,3.25,11.2,138.2,4.98,5.93,8.46,397.8,Poor,28.120833333333334,70.91666666666667,2.2845833333333334,217.08333333333334,0.0,10,4,278
Delhi,2024-10-05,432.6,546.9,163.7,11.7,206.5,15.4,6.56,51.4,43.5,0.79,3.44,6.12,211.0,Good,28.2625,69.375,2.61875,240.29166666666666,0.0,10,5,279
Delhi,2024-10-06,141.1,373.7,23.6,1.5,63.7,10.3,5.19,14.9,122.0,3.54,11.28,5.84,34.8,Good,27.65416666666667,67.04166666666667,2.2925,258.25,0.0,10,6,280
Delhi,2024-10-07,425.0,451.2,6.1,26.3,142.1,4.1,0.62,66.5,176.1,16.1,22.05,3.57,52.8,Good,26.691666666666666,71.54166666666667,1.8866666666666667,300.0833333333333,0.0,10,0,281
Delhi,2024-10-08,4.4,553.3,94.9,21.8,98.0,32.3,5.68,79.3,62.8,1.48,15.76,8.55,287.9,Good,26.820833333333336,72.625,1.8499999999999999,272.6666666666667,0.0,10,1,282
Delhi,2024-10-09,452.6,564.2,88.2,109.7,75.3,4.4,2.43,64.7,40.4,12.52,24.4,6.8,258.3,Severe,26.454166666666666,66.75,2.0079166666666666,295.9583333333333,0.0,10,2,283
Delhi,2024-10-10,49.6,257.0,78.3,109.2,148.9,4.1,0.69,24.0,177.0,9.13,20.14,7.89,63.3,Moderate,26.120833333333334,61.666666666666664,2.65875,300.875,0.0,10,3,284
Delhi,2024-10-11,478.3,9.1,154.4,24.1,146.1,10.5,4.31,47.7,35.6,15.61,27.93,1.43,116.0,Satisfactory,24.912499999999998,58.0,2.5466666666666664,284.625,0.0,10,4,285
Delhi,2024-10-12,385.4,189.8,188.1,136.0,137.8,32.4,6.4,27.4,10.1,11.64,14.55,9.25,229.0,Severe,25.191666666666666,62.5,2.1670833333333333,236.16666666666666,0.0,10,5,286
Delhi,2024-10-13,17.6,595.8,62.1,81.1,34.0,34.1,3.82,45.7,192.3,7.72,16.25,4.89,35.6,Poor,26.0,57.5,1.7420833333333334,212.58333333333334,0.0,10,6,287
Delhi,2024-10-14,273.4,319.6,51.6,4.9,51.4,41.8,1.38,36.7,28.8,18.44,18.38,4.1,21.7,Satisfactory,25.4375,58.0,1.8216666666666665,231.70833333333334,0.0,10,0,288
Delhi,2024-10-15,456.1,551.5,21.9,115.6,107.0,3.0,7.14,49.8,80.6,5.96,8.14,1.69,467.2,Very Poor,25.079166666666666,59.041666666666664,2.432916666666667,288.625,0.0,10,1,289
Delhi,2024-10-16,120.4,436.6,98.9,17.6,26.4,27.1,2.77,49.5,60.2,18.95,21.14,2.82,93.3,Very Poor,25.370833333333334,60.083333333333336,1.9108333333333334,224.04166666666666,0.0,10,2,290
Delhi,2024-10-17,335.5,304.3,78.7,40.6,33.6,27.2,9.15,5.9,175.1,1.05,24.07,1.3,178.2,Severe,25.8875,66.875,1.6141666666666667,132.75,0.0,10,3,291
Delhi,2024-10-18,410.4,49.9,120.2,65.0,23.9,1.7,1.75,55.8,118.3,14.2,25.35,6.01,428.8,Satisfactory,25.916666666666668,68.16666666666667,1.4245833333333333,160.33333333333334,0.0,10,4,292
Delhi,2024-10-19,310.3,53.3,76.2,6.1,185.2,49.8,4.98,68.1,130.9,1.03,14.52,3.74,357.1,Poor,26.508333333333336,67.54166666666667,1.5920833333333333,146.375,0.0,10,5,293
Delhi,2024-10-20,291.1,416.4,82.1,77.5,232.6,36.4,9.11,4.8,189.9,14.57,7.64,1.95,313.3,Very Poor,26.40416666666667,69.41666666666667,1.66625,96.16666666666667,0.0,10,6,294
Delhi,2024-10-21,232.8,451.3,96.2,91.2,25.9,18.5,0.0,78.3,33.8,1.36,27.19,4.64,290.9,Satisfactory,25.46666666666667,71.70833333333333,1.7916666666666667,53.291666666666664,0.0,10,0,295
Delhi,2024-10-22,328.8,583.5,94.4,31.3,204.8,46.7,8.55,10.1,92.9,10.53,8.71,8.9,30.3,Moderate,25.108333333333334,70.79166666666667,1.9312500000000001,122.66666666666667,0.0,10,1,296
Delhi,2024-10-23,440.2,212.8,64.0,66.7,204.6,6.7,6.17,47.4,164.7,12.63,15.3,4.98,200.6,Moderate,25.779166666666665,64.04166666666667,2.8395833333333336,301.75,0.0,10,2,297
Delhi,2024-10-24,228.3,531.4,89.7,99.5,187.2,31.3,3.65,13.1,115.2,12.82,20.68,0.08,171.9,Poor,25.53333333333333,60.291666666666664,2.9754166666666664,313.875,0.0,10,3,298
Delhi,2024-10-25,258.0,458.8,56.1,39.7,214.2,49.5,1.75,25.8,74.6,17.31,1.74,5.29,278.3,Poor,24.895833333333332,61.166666666666664,2.8083333333333336,302.7916666666667,0.0,10,4,299
Delhi,2024-10-26,77.3,122.1,189.6,58.7,207.7,39.0,2.66,52.7,10.0,14.89,23.76,0.47,112.7,Moderate,24.320833333333336,67.45833333333333,2.2183333333333333,251.79166666666666,0.0,10,5,300
Delhi,2024-10-27,278.7,172.0,80.5,78.2,232.8,13.0,6.36,77.2,19.8,8.99,3.19,8.07,34.0,Very Poor,25.070833333333336,75.5,1.6775,106.08333333333333,0.0,10,6,301
Delhi,2024-10-28,367.2,18.3,94.3,129.1,221.2,29.4,8.18,47.8,168.6,19.22,5.65,2.49,99.1,Severe,25.516666666666666,72.70833333333333,2.012916666666667,146.20833333333334,0.0,10,0,302
Delhi,2024-10-29,471.7,578.6,98.4,48.3,159.8,22.6,5.55,91.2,144.4,13.31,10.02,6.48,165.2,Satisfactory,26.020833333333332,72.875,1.7316666666666667,149.41666666666666,0.0,10,1,303
Delhi,2024-10-30,392.9,573.1,93.8,19.1,110.6,7.5,5.82,93.7,87.5,11.01,9.56,2.65,246.2,Good,26.816666666666666,68.25,1.8216666666666665,203.25,0.0,10,2,304
Delhi,2024-10-31,425.0,131.1,99.9,80.2,155.6,18.8,8.29,85.7,110.0,14.42,22.76,7.8,285.1,Severe,26.0,63.666666666666664,2.9933333333333336,298.1666666666667,0.0,10,3,305
Delhi,2024-11-01,117.6,561.1,87.7,136.1,13.5,22.3,9.29,21.5,157.6,12.7,9.36,0.55,65.0,Very Poor,24.837500000000002,53.166666666666664,3.1316666666666664,292.875,0.0,11,4,306
Delhi,2024-11-02,131.4,498.0,84.6,140.8,214.1,36.6,7.39,38.2,191.4,9.17,12.98,5.52,441.6,Severe,23.9375,57.625,1.9766666666666666,216.20833333333334,0.0,11,5,307
Delhi,2024-11-03,461.5,297.8,186.0,136.3,236.3,17.9,1.9,43.4,136.8,3.54,1.99,3.27,66.7,Very Poor,23.233333333333334,61.583333333333336,1.8841666666666665,201.20833333333334,0.0,11,6,308
Delhi,2024-11-04,79.6,444.0,174.7,12.9,133.5,15.7,5.59,63.2,87.7,0.98,25.03,9.3,425.1,Severe,22.941666666666666,67.5,1.9275,237.83333333333334,0.0,11,0,309
Delhi,2024-11-05,161.8,524.7,13.1,92.8,185.7,29.0,2.71,29.0,39.1,17.49,19.21,0.46,120.9,Poor,22.920833333333334,74.75,1.8991666666666667,81.0,0.0,11,1,310
Delhi,2024-11-06,3.8,308.1,18.2,76.8,70.3,28.9,1.2,70.9,196.4,4.83,24.83,7.78,287.3,Very Poor,24.075,67.125,1.1941666666666666,193.625,0.0,11,2,311
Delhi,2024-11-07,56.7,375.8,153.3,73.6,106.9,43.5,5.0,59.5,153.8,5.9,4.55,8.17,145.8,Poor,23.77916666666667,69.91666666666667,1.4966666666666668,133.83333333333334,0.0,11,3,312
Delhi,2024-11-08,47.7,373.4,1.3,57.8,172.3,10.7,9.17,85.3,181.6,5.35,23.08,4.29,349.3,Moderate,23.991666666666664,70.83333333333333,1.57,128.25,0.0,11,4,313
Delhi,2024-11-09,281.5,229.5,156.1,43.4,207.0,44.5,4.35,81.1,65.6,12.09,1.65,7.02,328.3,Moderate,24.0125,71.625,2.02625,135.41666666666666,0.0,11,5,314
Delhi,2024-11-10,127.3,108.5,111.1,41.6,15.9,46.0,1.22,6.4,92.3,19.2,11.38,4.87,390.0,Poor,23.929166666666664,73.33333333333333,1.755,103.83333333333333,0.0,11,6,315
Delhi,2024-11-11,82.9,218.4,29.9,59.0,9.3,28.8,9.97,99.0,132.2,13.4,5.73,5.26,399.7,Moderate,23.71666666666667,75.91666666666667,1.595,69.83333333333333,0.0,11,0,316
Delhi,2024-11-12,117.9,498.6,48.0,110.0,101.0,38.0,3.88,17.9,174.6,5.9,26.36,4.01,81.0,Severe,24.879166666666666,61.5,2.0308333333333333,229.33333333333334,0.0,11,1,317
Delhi,2024-11-13,492.3,411.6,96.5,141.9,217.1,45.6,4.76,87.4,170.5,12.47,21.95,3.44,61.6,Poor,24.258333333333336,56.541666666666664,1.3920833333333336,305.7916666666667,0.0,11,2,318
Delhi,2024-11-14,180.3,31.7,123.1,96.8,243.3,4.2,5.88,64.6,82.1,18.5,20.4,6.52,352.1,Good,23.691666666666666,59.166666666666664,0.8054166666666666,217.45833333333334,0.0,11,3,319
Delhi,2024-11-15,161.0,117.9,157.1,30.5,176.4,11.3,2.94,20.6,37.0,10.67,29.46,7.28,480.2,Moderate,23.675,52.958333333333336,1.5654166666666667,298.125,0.0,11,4,320
Delhi,2024-11-16,36.2,12.3,31.1,124.4,222.4,44.4,1.01,79.3,110.9,3.94,21.94,7.38,173.0,Poor,23.254166666666666,56.75,1.49,302.5416666666667,0.0,11,5,321
Delhi,2024-11-17,182.5,323.2,82.6,48.0,188.6,36.5,3.16,9.6,69.9,4.36,16.45,3.44,172.2,Severe,22.8625,59.25,1.42,307.4166666666667,0.0,11,6,322
Delhi,2024-11-18,22.2,294.9,193.2,77.9,44.5,5.4,8.54,98.1,152.2,18.33,20.56,2.5,142.6,Poor,21.133333333333333,58.5,1.4454166666666666,300.25,0.0,11,0,323
Delhi,2024-11-19,158.6,296.2,175.0,78.0,179.2,45.8,2.26,6.1,189.5,15.07,27.92,4.28,215.4,Very Poor,20.304166666666667,51.166666666666664,1.4445833333333333,300.0,0.0,11,1,324
Delhi,2024-11-20,132.7,155.5,100.0,104.8,90.7,21.8,1.07,38.1,12.2,18.02,27.38,8.66,244.4,Severe,20.141666666666666,48.625,1.3975,299.1666666666667,0.0,11,2,325
Delhi,2024-11-21,317.8,299.2,167.2,52.4,215.0,37.6,6.1,90.6,101.6,13.93,18.48,0.59,205.5,Severe,20.054166666666667,50.125,1.3637499999999998,297.375,0.0,11,3,326
Delhi,2024-11-22,404.9,384.1,117.9,74.7,244.3,9.8,1.45,35.9,125.4,6.9,27.57,5.46,463.0,Poor,20.5875,54.333333333333336,1.1300000000000001,304.125,0.0,11,4,327
Delhi,2024-11-23,478.3,181.6,127.8,54.4,129.5,37.8,5.36,37.8,84.9,5.24,11.75,9.94,309.0,Good,21.170833333333334,54.166666666666664,1.0374999999999999,244.58333333333334,0.0,11,5,328
Delhi,2024-11-24,123.6,564.4,147.0,97.6,138.0,19.8,7.1,0.6,118.5,6.22,13.17,2.91,404.2,Severe,22.05,46.041666666666664,1.9054166666666665,274.9583333333333,0.0,11,6,329
Delhi,2024-11-25,120.2,285.9,27.5,24.2,160.3,35.6,4.48,73.0,100.3,16.24,13.03,2.67,105.5,Moderate,21.116666666666667,56.25,1.9229166666666666,290.0833333333333,0.0,11,0,330
Delhi,2024-11-26,186.9,239.2,90.3,8.4,15.0,22.8,5.3,26.0,132.4,5.28,25.35,3.42,395.9,Satisfactory,20.204166666666666,53.041666666666664,1.7387499999999998,288.25,0.0,11,1,331
Delhi,2024-11-27,133.9,388.4,111.4,147.1,23.3,27.0,0.42,31.5,82.0,9.52,18.44,9.31,353.7,Severe,19.6875,50.708333333333336,1.1745833333333333,317.5,0.0,11,2,332
Delhi,2024-11-28,409.3,88.3,51.0,130.5,204.6,48.6,8.91,19.9,123.1,9.84,8.21,0.33,278.9,Good,18.974999999999998,55.333333333333336,0.995,245.75,0.0,11,3,333
Delhi,2024-11-29,168.4,490.0,28.4,131.6,80.2,35.8,4.08,81.7,32.4,7.99,0.78,4.5,292.6,Severe,18.3875,64.95833333333333,0.695,262.2916666666667,0.0,11,4,334
Delhi,2024-11-30,308.5,400.4,197.7,18.6,183.1,30.3,9.93,38.2,158.0,19.11,22.51,6.17,322.3,Very Poor,18.908333333333335,61.291666666666664,1.1391666666666667,284.8333333333333,0.0,11,5,335
Delhi,2024-12-01,222.7,19.5,124.9,68.7,133.8,48.7,1.55,70.2,100.8,19.27,21.2,1.75,41.4,Moderate,19.508333333333333,61.125,1.29625,310.9166666666667,0.0,12,6,336
Delhi,2024-12-02,231.5,207.5,156.4,57.7,175.3,19.3,1.04,92.5,152.4,14.78,26.21,6.82,71.0,Poor,19.6875,58.041666666666664,1.3245833333333332,308.0,0.0,12,0,337
Delhi,2024-12-03,39.9,194.2,192.5,132.5,41.1,32.1,4.94,67.2,183.6,7.22,26.18,1.84,492.4,Satisfactory,20.258333333333333,55.916666666666664,1.8729166666666668,309.375,0.0,12,1,338
Delhi,2024-12-04,15.1,115.1,1.4,12.8,232.0,44.7,2.48,79.7,187.2,1.63,8.47,2.86,497.9,Satisfactory,20.304166666666667,48.375,2.6941666666666664,300.9583333333333,0.0,12,2,339
Delhi,2024-12-05,30.8,195.2,31.6,119.6,104.9,31.4,4.6,29.5,131.2,17.14,10.69,9.53,91.2,Good,18.3625,42.333333333333336,2.1595833333333334,284.5833333333333,0.0,12,3,340
Delhi,2024-12-06,277.0,140.0,156.1,105.1,153.0,43.0,1.45,54.4,27.9,19.09,22.41,0.2,442.3,Poor,17.974999999999998,44.333333333333336,1.9000000000000001,290.7083333333333,0.0,12,4,341
Delhi,2024-12-07,257.3,99.0,148.1,145.2,63.5,26.6,8.07,79.2,88.4,8.18,14.02,7.42,91.9,Poor,16.770833333333332,46.416666666666664,0.8225000000000001,208.91666666666666,0.0,12,5,342
Delhi,2024-12-08,374.7,372.8,163.7,145.5,52.3,28.0,7.47,85.5,74.0,16.44,8.35,6.25,383.2,Poor,16.191666666666666,55.416666666666664,2.205833333333333,132.66666666666666,0.4,12,6,343
Delhi,2024-12-09,332.0,294.6,184.2,148.3,138.7,37.6,3.59,51.0,29.0,18.09,2.12,8.5,60.9,Poor,15.291666666666666,66.08333333333333,1.4629166666666666,190.625,0.0,12,0,344
Delhi,2024-12-10,121.7,124.5,177.1,72.5,98.4,31.3,6.05,66.1,183.6,4.46,18.74,2.71,142.2,Poor,14.829166666666666,51.208333333333336,2.299583333333333,304.0416666666667,0.0,12,1,345
Delhi,2024-12-11,15.6,123.6,186.1,139.4,225.6,28.5,9.84,29.9,60.0,19.27,26.34,6.17,322.6,Severe,14.4,43.041666666666664,2.2075,295.0,0.0,12,2,346
