{
  "type": "FeatureCollection",
  "generator": "overpass-turbo",
  "copyright": "The data included in this document is from www.openstreetmap.org. The data is made available under ODbL.",
  "timestamp": "2026-07-21T09:28:36Z",
  "features": [
    {
      "type": "Feature",
      "properties": {
        "@id": "relation/14311757",
        "landuse": "industrial",
        "name": "Bosch Spark.NXT",
        "name:kn": "ಬಾಷ್ ಆರ್ ಬಿ ಐ ಎನ್",
        "office": "company",
        "old_name": "Bosch RBIN",
        "type": "multipolygon",
        "website": "https://www.sparknxt.com"
      },
      "geometry": {
        "type": "MultiPolygon",
        "coordinates": [
          [
            [
              [
                77.6057294,
                12.9423899
              ],
              [
                77.606172,
                12.9435244
              ],
              [
                77.6061684,
                12.943878
              ],
              [
                77.6043307,
                12.9441285
              ],
              [
                77.6040141,
                12.9428526
              ],
              [
                77.6035755,
                12.9429297
              ],
              [
                77.6034362,
                12.9427662
              ],
              [
                77.6033774,
                12.9425536
              ],
              [
                77.6034377,
                12.9423143
              ],
              [
                77.6034951,
                12.9420866
              ],
              [
                77.603648,
                12.9420474
              ],
              [
                77.6038304,
                12.9415534
              ],
              [
                77.6041335,
                12.9409103
              ],
              [
                77.603943,
                12.9402333
              ],
              [
                77.6056497,
                12.939691
              ],
              [
                77.6070729,
                12.9394181
              ],
              [
                77.6072797,
                12.9393784
              ],
              [
                77.6073229,
                12.9404051
              ],
              [
                77.6072354,
                12.9404968
              ],
              [
                77.6068023,
                12.9409508
              ],
              [
                77.6065716,
                12.9411926
              ],
              [
                77.606349,
                12.9416135
              ],
              [
                77.6062015,
                12.9419141
              ],
              [
                77.6057294,
                12.9423899
              ]
            ]
          ],
          [
            [
              [
                77.6030111,
                12.9456142
              ],
              [
                77.6037269,
                12.9452847
              ],
              [
                77.6036322,
                12.9450132
              ],
              [
                77.6034358,
                12.9444439
              ],
              [
                77.6062086,
                12.944058
              ],
              [
                77.6064227,
                12.9449663
              ],
              [
                77.6072462,
                12.9448342
              ],
              [
                77.6067233,
                12.9463659
              ],
              [
                77.6051098,
                12.9466634
              ],
              [
                77.6052733,
                12.9477896
              ],
              [
                77.6033639,
                12.9481299
              ],
              [
                77.6027951,
                12.94821
              ],
              [
                77.6026623,
                12.9481133
              ],
              [
                77.6025389,
                12.9475827
              ],
              [
                77.6024947,
                12.9470586
              ],
              [
                77.6025716,
                12.9468369
              ],
              [
                77.6032761,
                12.9465087
              ],
              [
                77.6030111,
                12.9456142
              ]
            ]
          ]
        ]
      },
      "id": "relation/14311757"
    },
    {
      "type": "Feature",
      "properties": {
        "@id": "relation/17570284",
        "landuse": "industrial",
        "name": "Peenya Industrial Area",
        "name:kn": "ಪೀಣ್ಯ ಕೈಗಾರಿಕ ಪ್ರದೇಶ",
        "type": "multipolygon"
      },
      "geometry": {
        "type": "MultiPolygon",
        "coordinates": [
          [
            [
              [
                77.5272077,
                13.0319265
              ],
              [
                77.5274223,
                13.032504
              ],
              [
                77.5294993,
                13.0345458
              ],
              [
                77.5279212,
                13.0349708
              ],
              [
                77.5268269,
                13.035206
              ],
              [
                77.5262276,
                13.0354649
              ],
              [
                77.5264038,
                13.0360574
              ],
              [
                77.5262475,
                13.0361859
              ],
              [
                77.5262833,
                13.03637
              ],
              [
                77.5263762,
                13.036847
              ],
              [
                77.5272791,
                13.0366975
              ],
              [
                77.5296248,
                13.0368066
              ],
              [
                77.5310138,
                13.0398213
              ],
              [
                77.5316186,
                13.0393813
              ],
              [
                77.5321111,
                13.0401148
              ],
              [
                77.5304263,
                13.0405807
              ],
              [
                77.5308779,
                13.0423274
              ],
              [
                77.5291626,
                13.0428001
              ],
              [
                77.5275432,
                13.0432464
              ],
              [
                77.5265609,
                13.0435171
              ],
              [
                77.5265466,
                13.0434963
              ],
              [
                77.5263206,
                13.0432013
              ],
              [
                77.5256,
                13.0437085
              ],
              [
                77.5251478,
                13.0440238
              ],
              [
                77.5243521,
                13.0445227
              ],
              [
                77.5233129,
                13.0452092
              ],
              [
                77.5223771,
                13.0433358
              ],
              [
                77.5207678,
                13.0437748
              ],
              [
                77.5204077,
                13.0432168
              ],
              [
                77.5203409,
                13.0431134
              ],
              [
                77.5203228,
                13.0430853
              ],
              [
                77.5200369,
                13.0426296
              ],
              [
                77.519635,
                13.0419803
              ],
              [
                77.5194723,
                13.0417226
              ],
              [
                77.5185852,
                13.0401948
              ],
              [
                77.5186951,
                13.0401304
              ],
              [
                77.5190059,
                13.0399306
              ],
              [
                77.5191271,
                13.0398597
              ],
              [
                77.5206501,
                13.0389077
              ],
              [
                77.5205621,
                13.0385834
              ],
              [
                77.5200231,
                13.0360283
              ],
              [
                77.5198486,
                13.0359555
              ],
              [
                77.5183894,
                13.0362732
              ],
              [
                77.518132,
                13.0350942
              ],
              [
                77.5179,
                13.0340847
              ],
              [
                77.5179249,
                13.0332333
              ],
              [
                77.5193482,
                13.0298337
              ],
              [
                77.5198913,
                13.029706
              ],
              [
                77.5197664,
                13.0289884
              ],
              [
                77.5200694,
                13.0280959
              ],
              [
                77.5204554,
                13.0282459
              ],
              [
                77.5209168,
                13.0284252
              ],
              [
                77.5217459,
                13.0287475
              ],
              [
                77.5220589,
                13.0288233
              ],
              [
                77.5231691,
                13.0290923
              ],
              [
                77.5235205,
                13.0291774
              ],
              [
                77.5236607,
                13.0292114
              ],
              [
                77.5239596,
                13.0292838
              ],
              [
                77.52454,
                13.0297857
              ],
              [
                77.5250589,
                13.0311652
              ],
              [
                77.5252166,
                13.0315624
              ],
              [
                77.5255388,
                13.0317408
              ],
              [
                77.5258319,
                13.0320601
              ],
              [
                77.5272077,
                13.0319265
              ]
            ],
            [
              [
                77.5195072,
                13.0416037
              ],
              [
                77.5197199,
                13.0419239
              ],
              [
                77.520255,
                13.0415606
              ],
              [
                77.5206171,
                13.0412078
              ],
              [
                77.5204709,
                13.0410249
              ],
              [
                77.5195072,
                13.0416037
              ]
            ],
            [
              [
                77.5199577,
                13.0422534
              ],
              [
                77.5218632,
                13.0418411
              ],
              [
                77.5220204,
                13.0411564
              ],
              [
                77.5221732,
                13.0403276
              ],
              [
                77.5216985,
                13.0401055
              ],
              [
                77.5206171,
                13.0412078
              ],
              [
                77.520255,
                13.0415606
              ],
              [
                77.5197199,
                13.0419239
              ],
              [
                77.5199577,
                13.0422534
              ]
            ]
          ],
          [
            [
              [
                77.515932,
                13.0214925
              ],
              [
                77.5163382,
                13.0219652
              ],
              [
                77.5165086,
                13.0221311
              ],
              [
                77.5164004,
                13.0225299
              ],
              [
                77.5168621,
                13.0227568
              ],
              [
                77.5169245,
                13.0225866
              ],
              [
                77.5198781,
                13.0225623
              ],
              [
                77.521471,
                13.0225113
              ],
              [
                77.5222834,
                13.0232295
              ],
              [
                77.5216228,
                13.0236487
              ],
              [
                77.5206896,
                13.0257093
              ],
              [
                77.5196571,
                13.0284116
              ],
              [
                77.514755,
                13.0264453
              ],
              [
                77.5148345,
                13.0262423
              ],
              [
                77.5146668,
                13.0261563
              ],
              [
                77.5144048,
                13.025969
              ],
              [
                77.5138932,
                13.0255888
              ],
              [
                77.513475,
                13.0252876
              ],
              [
                77.5134307,
                13.0253474
              ],
              [
                77.5133602,
                13.0254424
              ],
              [
                77.5123546,
                13.0250392
              ],
              [
                77.5117624,
                13.0248017
              ],
              [
                77.5111223,
                13.0244103
              ],
              [
                77.515932,
                13.0214925
              ]
            ]
          ],
          [
            [
              [
                77.5227153,
                13.0243406
              ],
              [
                77.5228515,
                13.0242376
              ],
              [
                77.5250112,
                13.0226034
              ],
              [
                77.5248179,
                13.0223048
              ],
              [
                77.5283772,
                13.0210949
              ],
              [
                77.5284199,
                13.0211956
              ],
              [
                77.5305103,
                13.0257036
              ],
              [
                77.5288333,
                13.0268251
              ],
              [
                77.5284912,
                13.0270986
              ],
              [
                77.5273567,
                13.0265912
              ],
              [
                77.5272734,
                13.0251885
              ],
              [
                77.5271113,
                13.0251486
              ],
              [
                77.5269932,
                13.0250513
              ],
              [
                77.5237638,
                13.0265565
              ],
              [
                77.5226158,
                13.027283
              ],
              [
                77.5211939,
                13.0260282
              ],
              [
                77.5213812,
                13.0258032
              ],
              [
                77.5210454,
                13.0254956
              ],
              [
                77.5217495,
                13.0239604
              ],
              [
                77.5220054,
                13.0237354
              ],
              [
                77.5227153,
                13.0243406
              ]
            ]
          ],
          [
            [
              [
                77.5137162,
                13.0390629
              ],
              [
                77.5139683,
                13.0398102
              ],
              [
                77.5128847,
                13.0397998
              ],
              [
                77.5128171,
                13.0398088
              ],
              [
                77.5121807,
                13.0398586
              ],
              [
                77.5114819,
                13.0398129
              ],
              [
                77.5109589,
                13.0396116
              ],
              [
                77.5108999,
                13.0388957
              ],
              [
                77.5108489,
                13.0383339
              ],
              [
                77.5111842,
                13.0382947
              ],
              [
                77.5110877,
                13.0378243
              ],
              [
                77.5111735,
                13.0376414
              ],
              [
                77.5111788,
                13.0375238
              ],
              [
                77.5104922,
                13.0376022
              ],
              [
                77.51046,
                13.0369672
              ],
              [
                77.5080192,
                13.036915
              ],
              [
                77.5084913,
                13.035935
              ],
              [
                77.5081935,
                13.035773
              ],
              [
                77.5084323,
                13.0352086
              ],
              [
                77.5084698,
                13.0346782
              ],
              [
                77.5080514,
                13.0343463
              ],
              [
                77.5075901,
                13.0338315
              ],
              [
                77.5075176,
                13.0336852
              ],
              [
                77.5079656,
                13.0334787
              ],
              [
                77.508046,
                13.0327366
              ],
              [
                77.5082526,
                13.0326634
              ],
              [
                77.508553,
                13.0316757
              ],
              [
                77.508562,
                13.0316026
              ],
              [
                77.5086442,
                13.0309388
              ],
              [
                77.5084269,
                13.0301104
              ],
              [
                77.5082231,
                13.0288796
              ],
              [
                77.5080219,
                13.0277899
              ],
              [
                77.5079549,
                13.0276206
              ],
              [
                77.5078663,
                13.0276253
              ],
              [
                77.5079361,
                13.0270138
              ],
              [
                77.5081171,
                13.0265918
              ],
              [
                77.5078328,
                13.0264337
              ],
              [
                77.5078154,
                13.0260208
              ],
              [
                77.5095576,
                13.0257917
              ],
              [
                77.5096192,
                13.0257836
              ],
              [
                77.5094703,
                13.0245862
              ],
              [
                77.5098545,
                13.0246946
              ],
              [
                77.51252,
                13.0256811
              ],
              [
                77.5141896,
                13.0263043
              ],
              [
                77.5151177,
                13.026759
              ],
              [
                77.5187311,
                13.0282106
              ],
              [
                77.5194773,
                13.0284924
              ],
              [
                77.5195527,
                13.0285268
              ],
              [
                77.5195312,
                13.0286889
              ],
              [
                77.5180923,
                13.0323689
              ],
              [
                77.5178683,
                13.032896
              ],
              [
                77.5177073,
                13.0334186
              ],
              [
                77.5177029,
                13.0337477
              ],
              [
                77.5176966,
                13.034213
              ],
              [
                77.5179185,
                13.0350656
              ],
              [
                77.5129671,
                13.0358506
              ],
              [
                77.5130026,
                13.036003
              ],
              [
                77.5134689,
                13.0380025
              ],
              [
                77.5137162,
                13.0390629
              ]
            ]
          ],
          [
            [
              [
                77.5303548,
                13.0332964
              ],
              [
                77.5301203,
                13.0325887
              ],
              [
                77.5299824,
                13.0321791
              ],
              [
                77.5296398,
                13.0311611
              ],
              [
                77.5292465,
                13.0313132
              ],
              [
                77.5287034,
                13.029659
              ],
              [
                77.5297846,
                13.029169
              ],
              [
                77.5291653,
                13.0278726
              ],
              [
                77.5309936,
                13.0267909
              ],
              [
                77.5328162,
                13.0308274
              ],
              [
                77.5334633,
                13.0322605
              ],
              [
                77.5328324,
                13.0326244
              ],
              [
                77.5327576,
                13.0326675
              ],
              [
                77.5317773,
                13.0333073
              ],
              [
                77.5316125,
                13.0334022
              ],
              [
                77.5315821,
                13.0333386
              ],
              [
                77.5314,
                13.0329561
              ],
              [
                77.5308542,
                13.0331338
              ],
              [
                77.5306193,
                13.0332103
              ],
              [
                77.5303548,
                13.0332964
              ]
            ]
          ],
          [
            [
              [
                77.5125015,
                13.0177636
              ],
              [
                77.5129263,
                13.0181746
              ],
              [
                77.5129994,
                13.0181008
              ],
              [
                77.5131959,
                13.0183451
              ],
              [
                77.5132415,
                13.0183124
              ],
              [
                77.5137618,
                13.0188919
              ],
              [
                77.5142929,
                13.0194773
              ],
              [
                77.5141886,
                13.0195414
              ],
              [
                77.5145705,
                13.0199281
              ],
              [
                77.5146241,
                13.0199929
              ],
              [
                77.5154798,
                13.0210296
              ],
              [
                77.515571,
                13.0209695
              ],
              [
                77.515858,
                13.0213458
              ],
              [
                77.5108878,
                13.0243732
              ],
              [
                77.5103903,
                13.0235984
              ],
              [
                77.5099491,
                13.0238218
              ],
              [
                77.5095347,
                13.0240015
              ],
              [
                77.5091431,
                13.0236193
              ],
              [
                77.5090411,
                13.0233619
              ],
              [
                77.5089861,
                13.0231816
              ],
              [
                77.5083398,
                13.0229392
              ],
              [
                77.5078127,
                13.0228405
              ],
              [
                77.5073191,
                13.0227073
              ],
              [
                77.5068296,
                13.0227817
              ],
              [
                77.5060156,
                13.0227857
              ],
              [
                77.5054255,
                13.0228941
              ],
              [
                77.5052123,
                13.0222904
              ],
              [
                77.5044358,
                13.0226001
              ],
              [
                77.5037486,
                13.0228328
              ],
              [
                77.5033629,
                13.0229634
              ],
              [
                77.5021881,
                13.0232012
              ],
              [
                77.5017375,
                13.0244816
              ],
              [
                77.5011045,
                13.0246071
              ],
              [
                77.5004393,
                13.0246646
              ],
              [
                77.4999726,
                13.0245496
              ],
              [
                77.4989158,
                13.0240217
              ],
              [
                77.4986422,
                13.0235984
              ],
              [
                77.4982238,
                13.0225635
              ],
              [
                77.4975961,
                13.0217116
              ],
              [
                77.4967968,
                13.0219364
              ],
              [
                77.4967217,
                13.0213876
              ],
              [
                77.4968827,
                13.0206036
              ],
              [
                77.4967164,
                13.0196994
              ],
              [
                77.4967673,
                13.0195789
              ],
              [
                77.4997027,
                13.0127132
              ],
              [
                77.4998492,
                13.0084021
              ],
              [
                77.5007746,
                13.0079743
              ],
              [
                77.5007873,
                13.0079403
              ],
              [
                77.5010308,
                13.0076899
              ],
              [
                77.5019964,
                13.0073481
              ],
              [
                77.5024309,
                13.0096053
              ],
              [
                77.5036196,
                13.0096682
              ],
              [
                77.503965,
                13.009727
              ],
              [
                77.5061601,
                13.0099497
              ],
              [
                77.506831,
                13.0109225
              ],
              [
                77.5088758,
                13.0140376
              ],
              [
                77.5091321,
                13.0144316
              ],
              [
                77.5123368,
                13.017664
              ],
              [
                77.5125015,
                13.0177636
              ]
            ]
          ],
          [
            [
              [
                77.5216631,
                13.0225052
              ],
              [
                77.5194296,
                13.0204874
              ],
              [
                77.5218854,
                13.0195527
              ],
              [
                77.5215465,
                13.0184576
              ],
              [
                77.5220907,
                13.0183831
              ],
              [
                77.5226997,
                13.0189813
              ],
              [
                77.5228297,
                13.0189002
              ],
              [
                77.5241002,
                13.0180615
              ],
              [
                77.5259032,
                13.0192259
              ],
              [
                77.5263645,
                13.0197355
              ],
              [
                77.5266,
                13.01985
              ],
              [
                77.5266328,
                13.0197805
              ],
              [
                77.5276225,
                13.0202916
              ],
              [
                77.5274659,
                13.0205085
              ],
              [
                77.5273183,
                13.0206742
              ],
              [
                77.5272845,
                13.0209549
              ],
              [
                77.5275554,
                13.0211362
              ],
              [
                77.5275944,
                13.0211682
              ],
              [
                77.523562,
                13.0225269
              ],
              [
                77.5224167,
                13.0231351
              ],
              [
                77.5216631,
                13.0225052
              ]
            ]
          ],
          [
            [
              [
                77.5293277,
                13.0270499
              ],
              [
                77.5294179,
                13.0270034
              ],
              [
                77.5300321,
                13.0265461
              ],
              [
                77.5306946,
                13.0261541
              ],
              [
                77.5307066,
                13.0261774
              ],
              [
                77.5309402,
                13.0266307
              ],
              [
                77.5290287,
                13.0277898
              ],
              [
                77.5288033,
                13.0274088
              ],
              [
                77.5293277,
                13.0270499
              ]
            ]
          ]
        ]
      },
      "id": "relation/17570284"
    },
    {
      "type": "Feature",
      "properties": {
        "@id": "way/32425336",
        "depot": "bus",
        "industrial": "depot",
        "landuse": "industrial",
        "name": "BMTC Depot 4 (Jayanagara)",
        "name:kn": "ಬೆಂ.ಮ.ಸಾ.ಸಂ. ಡೆಪೋ ೪ ಜಯನಗರ",
        "operator": "BMTC"
      },
      "geometry": {
        "type": "Polygon",
        "coordinates": [
          [
            [
              77.5918097,
              12.9243013
            ],
            [
              77.5926628,
              12.9242912
            ],
            [
              77.5930545,
              12.9242882
            ],
            [
              77.5934061,
              12.924286
            ],
            [
              77.5934154,
              12.9251809
            ],
            [
              77.5918191,
              12.9251968
            ],
            [
              77.5918097,
              12.9243013
            ]
          ]
        ]
      },
      "id": "way/32425336"
    },
    {
      "type": "Feature",
      "properties": {
        "@id": "way/37107313",
        "amenity": "research_institute",
        "landuse": "industrial",
        "name": "Central Power Research Institute",
        "name:kn": "ಕೇಂದ್ರ ವಿದ್ಯುತ್ ಸಂಶೋಧನಾ ಸಂಸ್ಥೆ",
        "office": "research",
        "website": "https://cpri.res.in/",
        "wikidata": "Q5061693",
        "wikipedia": "en:Central Power Research Institute"
      },
      "geometry": {
        "type": "Polygon",
        "coordinates": [
          [
            [
              77.5719547,
              13.0269169
            ],
            [
              77.5720187,
              13.0261169
            ],
            [
              77.5721562,
              13.0243994
            ],
            [
              77.5722098,
              13.023729
            ],
            [
              77.5725451,
              13.0237447
            ],
            [
              77.5725773,
              13.0234102
            ],
            [
              77.5722447,
              13.0233971
            ],
            [
              77.5723824,
              13.022069
            ],
            [
              77.5724656,
              13.0212664
            ],
            [
              77.5724767,
              13.0210948
            ],
            [
              77.5726072,
              13.0190698
            ],
            [
              77.572878,
              13.0148679
            ],
            [
              77.5729884,
              13.0147804
            ],
            [
              77.5744347,
              13.0148714
            ],
            [
              77.5745329,
              13.0148776
            ],
            [
              77.5744381,
              13.0169342
            ],
            [
              77.5743537,
              13.0185976
            ],
            [
              77.5743028,
              13.0193514
            ],
            [
              77.5749286,
              13.0195029
            ],
            [
              77.5760869,
              13.0200119
            ],
            [
              77.5764996,
              13.0202172
            ],
            [
              77.5768258,
              13.0202546
            ],
            [
              77.5772121,
              13.0216511
            ],
            [
              77.5770112,
              13.0217042
            ],
            [
              77.5774095,
              13.0233236
            ],
            [
              77.5775211,
              13.0232901
            ],
            [
              77.5777324,
              13.0243387
            ],
            [
              77.576892,
              13.0244737
            ],
            [
              77.5759353,
              13.0246144
            ],
            [
              77.5761713,
              13.0256905
            ],
            [
              77.5754107,
              13.0258713
            ],
            [
              77.5744741,
              13.0261166
            ],
            [
              77.5743797,
              13.0267019
            ],
            [
              77.5741473,
              13.0267885
            ],
            [
              77.5741672,
              13.0268585
            ],
            [
              77.5734504,
              13.0271667
            ],
            [
              77.5734061,
              13.0270987
            ],
            [
              77.5731687,
              13.0272111
            ],
            [
              77.5731935,
              13.0272869
            ],
            [
              77.5724089,
              13.0275582
            ],
            [
              77.5723774,
              13.0274187
            ],
            [
              77.5720776,
              13.0274756
            ],
            [
              77.5720536,
              13.0273176
            ],
            [
              77.5719389,
              13.0270883
            ],
            [
              77.5718925,
              13.0270713
            ],
            [
              77.5719547,
              13.0269169
            ]
          ]
        ]
      },
      "id": "way/37107313"
    },
    {
      "type": "Feature",
      "properties": {
        "@id": "way/37842931",
        "abandoned": "yes",
        "landuse": "industrial",
        "name": "New Government Electric Factory",
        "name:kn": "ನೂತನ ಸರ್ಕಾರಿ ವಿದ್ಯುಚ್ಚಕ್ತಿ ಕಾರ್ಖಾನೆ",
        "short_name": "NGEF",
        "start_date": "1956",
        "wikidata": "Q17079282",
        "wikipedia": "en:NGEF"
      },
      "geometry": {
        "type": "Polygon",
        "coordinates": [
          [
            [
              77.650465,
              12.9920316
            ],
            [
              77.6504861,
              12.9923789
            ],
            [
              77.651221,
              12.9923319
            ],
            [
              77.6514454,
              12.9923151
            ],
            [
              77.6515388,
              12.9934897
            ],
            [
              77.6518449,
              12.9934684
            ],
            [
              77.6521398,
              12.9958754
            ],
            [
              77.6519177,
              12.9980753
            ],
            [
              77.650012,
              12.9978167
            ],
            [
              77.6477107,
              12.997933
            ],
            [
              77.645581,
              12.9982597
            ],
            [
              77.645131,
              12.9975354
            ],
            [
              77.644083,
              12.9981511
            ],
            [
              77.6449567,
              12.9965762
            ],
            [
              77.6468647,
              12.9924541
            ],
            [
              77.6473466,
              12.9923311
            ],
            [
              77.6476359,
              12.9923032
            ],
            [
              77.650465,
              12.9920316
            ]
          ]
        ]
      },
      "id": "way/37842931"
    },
    {
      "type": "Feature",
      "properties": {
        "@id": "way/38047337",
        "landuse": "industrial",
        "man_made": "wastewater_plant",
        "name": "Vrishabhavathi Valley 150MLD Sewage Treatment Plant",
        "name:kn": "ವೃಶಭಾವತಿ ಕೊಳಚೆ ನೀರು ಸಂಸ್ಕರಣಾ ಘಟಕ",
        "operator": "BWSSB",
        "utility": "sewerage"
      },
      "geometry": {
        "type": "Polygon",
        "coordinates": [
          [
            [
              77.5217481,
              12.9333999
            ],
            [
              77.5218379,
              12.9337032
            ],
            [
              77.5219288,
              12.9338329
            ],
            [
              77.5219703,
              12.9338743
            ],
            [
              77.5222486,
              12.9339013
            ],
            [
              77.5224724,
              12.9339581
            ],
            [
              77.5236894,
              12.9344855
            ],
            [
              77.5244181,
              12.9348035
            ],
            [
              77.5245971,
              12.9349393
            ],
            [
              77.5247182,
              12.9352864
            ],
            [
              77.5247428,
              12.9358311
            ],
            [
              77.5250025,
              12.9360144
            ],
            [
              77.5252256,
              12.9360141
            ],
            [
              77.525231,
              12.9366876
            ],
            [
              77.5248746,
              12.9368462
            ],
            [
              77.5241029,
              12.9371896
            ],
            [
              77.5234039,
              12.9375007
            ],
            [
              77.52242,
              12.9379385
            ],
            [
              77.5223227,
              12.9379972
            ],
            [
              77.5219849,
              12.9382012
            ],
            [
              77.5214007,
              12.937725
            ],
            [
              77.5207537,
              12.937019
            ],
            [
              77.5210936,
              12.9363179
            ],
            [
              77.5209881,
              12.936137
            ],
            [
              77.5209231,
              12.9359499
            ],
            [
              77.5209062,
              12.9359012
            ],
            [
              77.5207715,
              12.9353586
            ],
            [
              77.5207147,
              12.93522
            ],
            [
              77.5200335,
              12.9354558
            ],
            [
              77.5202442,
              12.9361789
            ],
            [
              77.5204357,
              12.9368361
            ],
            [
              77.5202407,
              12.9366036
            ],
            [
              77.5189503,
              12.9361666
            ],
            [
              77.5189841,
              12.9359696
            ],
            [
              77.5186183,
              12.9359648
            ],
            [
              77.5184901,
              12.9357002
            ],
            [
              77.5184557,
              12.9353762
            ],
            [
              77.5182974,
              12.935022
            ],
            [
              77.517989,
              12.934775
            ],
            [
              77.5181714,
              12.9343384
            ],
            [
              77.5181875,
              12.9341031
            ],
            [
              77.5181096,
              12.9337973
            ],
            [
              77.5180212,
              12.9333973
            ],
            [
              77.5178361,
              12.933047
            ],
            [
              77.5177304,
              12.9327253
            ],
            [
              77.5177473,
              12.9326342
            ],
            [
              77.5179246,
              12.9323909
            ],
            [
              77.5181241,
              12.9322799
            ],
            [
              77.5184227,
              12.9320489
            ],
            [
              77.5186783,
              12.9318497
            ],
            [
              77.5192429,
              12.9313862
            ],
            [
              77.5198156,
              12.9309112
            ],
            [
              77.5200935,
              12.9309449
            ],
            [
              77.5202179,
              12.9309975
            ],
            [
              77.5203628,
              12.93117
            ],
            [
              77.5205504,
              12.9314288
            ],
            [
              77.5206899,
              12.9316217
            ],
            [
              77.5208089,
              12.9317468
            ],
            [
              77.5209984,
              12.9317818
            ],
            [
              77.5216233,
              12.9319047
            ],
            [
              77.5217414,
              12.9319909
            ],
            [
              77.5217735,
              12.9322575
            ],
            [
              77.521728,
              12.9326157
            ],
            [
              77.521734,
              12.933147
            ],
            [
              77.5217481,
              12.9333999
            ]
          ]
        ]
      },
      "id": "way/38047337"
    },
    {
      "type": "Feature",
      "properties": {
        "@id": "way/38539863",
        "landuse": "industrial",
        "name": "Khodays Distilleries"
      },
      "geometry": {
        "type": "Polygon",
        "coordinates": [
          [
            [
              77.5709666,
              12.9804582
            ],
            [
              77.5713668,
              12.9805463
            ],
            [
              77.5713014,
              12.9810245
            ],
            [
              77.5715225,
              12.981086
            ],
            [
              77.5715074,
              12.9811612
            ],
            [
              77.5714705,
              12.9813453
            ],
            [
              77.5714645,
              12.9813751
            ],
            [
              77.5713583,
              12.9819047
            ],
            [
              77.5707746,
              12.9812065
            ],
            [
              77.5708164,
              12.9810699
            ],
            [
              77.5708231,
              12.98067
            ],
            [
              77.5709459,
              12.9804873
            ],
            [
              77.5709666,
              12.9804582
            ]
          ]
        ]
      },
      "id": "way/38539863"
    },
    {
      "type": "Feature",
      "properties": {
        "@id": "way/38762882",
        "depot": "bus",
        "industrial": "depot",
        "landuse": "industrial",
        "name": "KSRTC Depot 4 (Shantinagar)",
        "name:kn": "ಕ. ರಾ. ರ. ಸಾ. ನಿ. ಡೆಪೊ ೪ ಶಾಂತಿನಗರ",
        "operator": "KSRTC"
      },
      "geometry": {
        "type": "Polygon",
        "coordinates": [
          [
            [
              77.5950687,
              12.9553456
            ],
            [
              77.5937118,
              12.9559761
            ],
            [
              77.5934019,
              12.9553883
            ],
            [
              77.5934298,
              12.9553673
            ],
            [
              77.5945417,
              12.9545107
            ],
            [
              77.5947189,
              12.9548717
            ],
            [
              77.5948048,
              12.9548299
            ],
            [
              77.5950248,
              12.9552599
            ],
            [
              77.5950687,
              12.9553456
            ]
          ]
        ]
      },
      "id": "way/38762882"
    },
    {
      "type": "Feature",
      "properties": {
        "@id": "way/38767884",
        "depot": "bus",
        "industrial": "depot",
        "landuse": "industrial",
        "name": "KSRTC Depot 1 (Shantinagar)",
        "name:kn": "ಕ. ರಾ. ರ. ಸಾ. ನಿ. ಡೆಪೋ ೧ ಶಾಂತಿನಗರ",
        "operator": "KSRTC"
      },
      "geometry": {
        "type": "Polygon",
        "coordinates": [
          [
            [
              77.5985521,
              12.9514395
            ],
            [
              77.5986832,
              12.9515965
            ],
            [
              77.5989461,
              12.9514187
            ],
            [
              77.5996036,
              12.9526901
            ],
            [
              77.5982745,
              12.9533365
            ],
            [
              77.5980524,
              12.9529144
            ],
            [
              77.5984048,
              12.9527216
            ],
            [
              77.5979753,
              12.9518707
            ],
            [
              77.5985521,
              12.9514395
            ]
          ]
        ]
      },
      "id": "way/38767884"
    },
    {
      "type": "Feature",
      "properties": {
        "@id": "way/38774080",
        "landuse": "industrial",
        "name": "Nandini Dairy",
        "name:kn": "ನಂದಿನಿ ಡೈರಿ"
      },
      "geometry": {
        "type": "Polygon",
        "coordinates": [
          [
            [
              77.6020046,
              12.9376194
            ],
            [
              77.6023249,
              12.9372185
            ],
            [
              77.6049296,
              12.9367929
            ],
            [
              77.605181,
              12.9388566
            ],
            [
              77.6048671,
              12.9391881
            ],
            [
              77.602375,
              12.9397687
            ],
            [
              77.6020046,
              12.9376194
            ]
          ]
        ]
      },
      "id": "way/38774080"
    },
    {
      "type": "Feature",
      "properties": {
        "@id": "way/38832005",
        "abbr_name": "BHEL",
        "industrial": "factory",
        "landuse": "industrial",
        "name": "Bharath Heavy Electricals Limited",
        "name:kn": "ಭಾರತ್ ಹೆವಿ ಎಲೆಕ್ಟ್ರಿಕಲ್ಸ್",
        "old_name": "Porcelain Factory"
      },
      "geometry": {
        "type": "Polygon",
        "coordinates": [
          [
            [
              77.5634881,
              13.0100816
            ],
            [
              77.5644923,
              13.0105375
            ],
            [
              77.5637733,
              13.0118786
            ],
            [
              77.5649442,
              13.012454
            ],
            [
              77.5646591,
              13.0130492
            ],
            [
              77.566036,
              13.0137062
            ],
            [
              77.5656482,
              13.0139697
            ],
            [
              77.5654009,
              13.0141245
            ],
            [
              77.563776,
              13.0151421
            ],
            [
              77.56361,
              13.0150831
            ],
            [
              77.5636201,
              13.0150328
            ],
            [
              77.5635166,
              13.0150174
            ],
            [
              77.5619699,
              13.0144453
            ],
            [
              77.5616764,
              13.0143367
            ],
            [
              77.5607817,
              13.0140058
            ],
            [
              77.5604915,
              13.0138971
            ],
            [
              77.5604712,
              13.0138913
            ],
            [
              77.5605927,
              13.0136529
            ],
            [
              77.5616801,
              13.0117172
            ],
            [
              77.5623568,
              13.0120624
            ],
            [
              77.5626701,
              13.0114959
            ],
            [
              77.562909,
              13.0110529
            ],
            [
              77.5633215,
              13.0103478
            ],
            [
              77.5634881,
              13.0100816
            ]
          ]
        ]
      },
      "id": "way/38832005"
    },
    {
      "type": "Feature",
      "properties": {
        "@id": "way/38858166",
        "abandoned": "yes",
        "landuse": "industrial",
        "name": "Mysore Lamps"
      },
      "geometry": {
        "type": "Polygon",
        "coordinates": [
          [
            [
              77.5560849,
              13.0156774
            ],
            [
              77.5582717,
              13.0130996
            ],
            [
              77.5590831,
              13.0135791
            ],
            [
              77.5594023,
              13.0140077
            ],
            [
              77.5599929,
              13.0142968
            ],
            [
              77.5598506,
              13.014535
            ],
            [
              77.5595405,
              13.0143791
            ],
            [
              77.559462,
              13.0145259
            ],
            [
              77.559764,
              13.014683
            ],
            [
              77.5585254,
              13.0168136
            ],
            [
              77.5575829,
              13.0163091
            ],
            [
              77.5573431,
              13.0166205
            ],
            [
              77.5570134,
              13.0161032
            ],
            [
              77.5568167,
              13.0164916
            ],
            [
              77.5567032,
              13.0165615
            ],
            [
              77.5566682,
              13.0165854
            ],
            [
              77.5564894,
              13.0162473
            ],
            [
              77.5564304,
              13.0160356
            ],
            [
              77.5562882,
              13.0158474
            ],
            [
              77.5560849,
              13.0156774
            ]
          ]
        ]
      },
      "id": "way/38858166"
    },
    {
      "type": "Feature",
      "properties": {
        "@id": "way/38978195",
        "alt_name": "Yeshwanthpur Bus Depot",
        "depot": "bus",
        "industrial": "depot",
        "landuse": "industrial",
        "name": "BMTC Depot 26 (Yeshwanthpura)",
        "name:kn": "ಬೆಂ.ಮ.ಸಾ.ಸಂ. ಡೆಪೋ ೨೬ ಯಶ್ವಂತಪುರ",
        "note": "Prospective editors are encouraged to contact the surveyors prior to editing.",
        "operator": "BMTC",
        "source": "Irasus Technologies Private Limited;JBM Green Energy Systems Private Limited"
      },
      "geometry": {
        "type": "Polygon",
        "coordinates": [
          [
            [
              77.5548873,
              13.0181058
            ],
            [
              77.5559392,
              13.0184738
            ],
            [
              77.5559244,
              13.0189259
            ],
            [
              77.5558764,
              13.0189369
            ],
            [
              77.5557429,
              13.0191403
            ],
            [
              77.5555287,
              13.0190404
            ],
            [
              77.5550669,
              13.0190428
            ],
            [
              77.5550575,
              13.0191954
            ],
            [
              77.5545854,
              13.0191562
            ],
            [
              77.5545858,
              13.0190278
            ],
            [
              77.5546993,
              13.0186228
            ],
            [
              77.5548873,
              13.0181058
            ]
          ]
        ]
      },
      "id": "way/38978195"
    },
    {
      "type": "Feature",
      "properties": {
        "@id": "way/41722454",
        "amenity": "research_institute",
        "landuse": "industrial",
        "name": "Aeronautical Development Establishment",
        "short_name": "ADE",
        "wikidata": "Q4688350",
        "wikipedia": "en:Aeronautical Development Establishment"
      },
      "geometry": {
        "type": "Polygon",
        "coordinates": [
          [
            [
              77.6475325,
              12.9753595
            ],
            [
              77.647995,
              12.9751294
            ],
            [
              77.6482898,
              12.9749827
            ],
            [
              77.6483448,
              12.9749554
            ],
            [
              77.6486207,
              12.9748253
            ],
            [
              77.6495653,
              12.9744289
            ],
            [
              77.6500851,
              12.976624
            ],
            [
              77.6508169,
              12.9765191
            ],
            [
              77.6507422,
              12.9761371
            ],
            [
              77.6505904,
              12.97536
            ],
            [
              77.6512063,
              12.9752361
            ],
            [
              77.6512518,
              12.9754922
            ],
            [
              77.6514016,
              12.9754735
            ],
            [
              77.6515988,
              12.9763672
            ],
            [
              77.6518742,
              12.9763102
            ],
            [
              77.6519002,
              12.9763048
            ],
            [
              77.6519868,
              12.9762869
            ],
            [
              77.6520941,
              12.9762685
            ],
            [
              77.6521953,
              12.9763181
            ],
            [
              77.6524338,
              12.976435
            ],
            [
              77.6543063,
              12.9772518
            ],
            [
              77.6511191,
              12.9805464
            ],
            [
              77.6502965,
              12.9818015
            ],
            [
              77.6491926,
              12.9814416
            ],
            [
              77.6478622,
              12.9810078
            ],
            [
              77.6477043,
              12.9809703
            ],
            [
              77.6477053,
              12.9799685
            ],
            [
              77.6471003,
              12.9799842
            ],
            [
              77.6471061,
              12.9798897
            ],
            [
              77.6472752,
              12.978782
            ],
            [
              77.6467385,
              12.9787042
            ],
            [
              77.6467544,
              12.9785786
            ],
            [
              77.6467592,
              12.9784707
            ],
            [
              77.6469966,
              12.9784811
            ],
            [
              77.6470827,
              12.9779172
            ],
            [
              77.6471547,
              12.9774456
            ],
            [
              77.6468023,
              12.977446
            ],
            [
              77.6468046,
              12.9774084
            ],
            [
              77.64681,
              12.9773195
            ],
            [
              77.6470538,
              12.9773242
            ],
            [
              77.6471468,
              12.9760283
            ],
            [
              77.6471943,
              12.9755805
            ],
            [
              77.6472583,
              12.9755405
            ],
            [
              77.6475325,
              12.9753595
            ]
          ]
        ]
      },
      "id": "way/41722454"
    },
    {
      "type": "Feature",
      "properties": {
        "@id": "way/44830529",
        "addr:city": "Bangalore",
        "addr:housenumber": "Sandal City",
        "addr:postcode": "560 055",
        "addr:street": "Tumkur Road",
        "designation": "Karnataka Soaps & Detergents",
        "landuse": "industrial",
        "name": "Government Soap Factory",
        "name:en": "Karnataka Soaps And Detergents Ltd",
        "phone": "00918023379914",
        "website": "http://www.mysoresandal.net/index.php"
      },
      "geometry": {
        "type": "Polygon",
        "coordinates": [
          [
            [
              77.5533096,
              13.0177957
            ],
            [
              77.5528696,
              13.0176895
            ],
            [
              77.5527826,
              13.0182386
            ],
            [
              77.5524344,
              13.0183159
            ],
            [
              77.5515528,
              13.0185117
            ],
            [
              77.5513677,
              13.0181398
            ],
            [
              77.5510526,
              13.0175069
            ],
            [
              77.5511894,
              13.0174546
            ],
            [
              77.5511388,
              13.01714
            ],
            [
              77.5509549,
              13.0166318
            ],
            [
              77.5508554,
              13.016357
            ],
            [
              77.550559,
              13.016472
            ],
            [
              77.5503056,
              13.0159036
            ],
            [
              77.550358,
              13.0158223
            ],
            [
              77.5510526,
              13.0154267
            ],
            [
              77.5514093,
              13.0152268
            ],
            [
              77.5515449,
              13.0149042
            ],
            [
              77.5515934,
              13.0133279
            ],
            [
              77.5522502,
              13.0126814
            ],
            [
              77.5523173,
              13.0127468
            ],
            [
              77.552572,
              13.0125762
            ],
            [
              77.5527531,
              13.0125031
            ],
            [
              77.5532439,
              13.0127397
            ],
            [
              77.5532895,
              13.012899
            ],
            [
              77.5534469,
              13.0128489
            ],
            [
              77.5538216,
              13.0137655
            ],
            [
              77.55373,
              13.01385
            ],
            [
              77.5535467,
              13.0138579
            ],
            [
              77.5536222,
              13.0142167
            ],
            [
              77.5536114,
              13.0153927
            ],
            [
              77.5535135,
              13.0157194
            ],
            [
              77.5535014,
              13.0159558
            ],
            [
              77.5534907,
              13.0169032
            ],
            [
              77.5533096,
              13.0177957
            ]
          ]
        ]
      },
      "id": "way/44830529"
    },
    {
      "type": "Feature",
      "properties": {
        "@id": "way/46922184",
        "landuse": "industrial"
      },
      "geometry": {
        "type": "Polygon",
        "coordinates": [
          [
            [
              77.5444171,
              13.025796
            ],
            [
              77.5440596,
              13.0259872
            ],
            [
              77.5441855,
              13.0262107
            ],
            [
              77.5418748,
              13.0275175
            ],
            [
              77.5413642,
              13.0266206
            ],
            [
              77.5408015,
              13.0269381
            ],
            [
              77.5406487,
              13.0270057
            ],
            [
              77.5404849,
              13.0265394
            ],
            [
              77.5404686,
              13.0264912
            ],
            [
              77.5402084,
              13.0265082
            ],
            [
              77.5400126,
              13.0264846
            ],
            [
              77.5399898,
              13.026354
            ],
            [
              77.5398235,
              13.0263396
            ],
            [
              77.5397632,
              13.0258104
            ],
            [
              77.5396921,
              13.0256393
            ],
            [
              77.5391288,
              13.0256679
            ],
            [
              77.5387385,
              13.0249024
            ],
            [
              77.5383407,
              13.0250497
            ],
            [
              77.5381462,
              13.0245899
            ],
            [
              77.5380893,
              13.0246104
            ],
            [
              77.5375692,
              13.0247269
            ],
            [
              77.5371386,
              13.023516
            ],
            [
              77.5371239,
              13.0234075
            ],
            [
              77.5390061,
              13.022387
            ],
            [
              77.5384592,
              13.0214567
            ],
            [
              77.540438,
              13.0203167
            ],
            [
              77.5409762,
              13.0199908
            ],
            [
              77.5435008,
              13.0210008
            ],
            [
              77.5437693,
              13.0207908
            ],
            [
              77.5438039,
              13.0211901
            ],
            [
              77.5440978,
              13.0216046
            ],
            [
              77.543915,
              13.0217126
            ],
            [
              77.5433426,
              13.022051
            ],
            [
              77.5437925,
              13.0229928
            ],
            [
              77.5438205,
              13.0230343
            ],
            [
              77.5433815,
              13.0230914
            ],
            [
              77.543506,
              13.0233604
            ],
            [
              77.5439311,
              13.0242687
            ],
            [
              77.5432634,
              13.024658
            ],
            [
              77.5436524,
              13.0252826
            ],
            [
              77.5440171,
              13.0250853
            ],
            [
              77.5444171,
              13.025796
            ]
          ]
        ]
      },
      "id": "way/46922184"
    },
    {
      "type": "Feature",
      "properties": {
        "@id": "way/46922191",
        "landuse": "industrial"
      },
      "geometry": {
        "type": "Polygon",
        "coordinates": [
          [
            [
              77.5455191,
              13.0272949
            ],
            [
              77.5457997,
              13.0279495
            ],
            [
              77.5458185,
              13.0280295
            ],
            [
              77.5456777,
              13.0280625
            ],
            [
              77.5458615,
              13.0287622
            ],
            [
              77.5446383,
              13.0295934
            ],
            [
              77.5442625,
              13.0291919
            ],
            [
              77.5441724,
              13.0291729
            ],
            [
              77.5439474,
              13.0291253
            ],
            [
              77.5437005,
              13.0285635
            ],
            [
              77.5438321,
              13.0284354
            ],
            [
              77.5436308,
              13.0277546
            ],
            [
              77.5434075,
              13.0278734
            ],
            [
              77.5431326,
              13.0273318
            ],
            [
              77.5432318,
              13.0272697
            ],
            [
              77.5433399,
              13.0274504
            ],
            [
              77.5436529,
              13.0272726
            ],
            [
              77.5435447,
              13.0270919
            ],
            [
              77.5439524,
              13.026827
            ],
            [
              77.5444932,
              13.0276932
            ],
            [
              77.544814,
              13.0275195
            ],
            [
              77.5448781,
              13.0276358
            ],
            [
              77.5455191,
              13.0272949
            ]
          ]
        ]
      },
      "id": "way/46922191"
    },
    {
      "type": "Feature",
      "properties": {
        "@id": "way/47883447",
        "landuse": "industrial",
        "name": "APMC Lorry Stand"
      },
      "geometry": {
        "type": "Polygon",
        "coordinates": [
          [
            [
              77.5331427,
              13.0225658
            ],
            [
              77.5331619,
              13.0225253
            ],
            [
              77.5332714,
              13.0222941
            ],
            [
              77.5346769,
              13.0220955
            ],
            [
              77.5336147,
              13.0235275
            ],
            [
              77.5331427,
              13.0225658
            ]
          ]
        ]
      },
      "id": "way/47883447"
    },
    {
      "type": "Feature",
      "properties": {
        "@id": "way/47883772",
        "landuse": "industrial",
        "name": "Kanteerava Studio",
        "wikidata": "Q6365386",
        "wikimedia_commons": "Category:Kanteerava Studios",
        "wikipedia": "en:Kanteerava Studios"
      },
      "geometry": {
        "type": "Polygon",
        "coordinates": [
          [
            [
              77.5320456,
              13.0180737
            ],
            [
              77.5337837,
              13.0179796
            ],
            [
              77.5344596,
              13.0208438
            ],
            [
              77.5347301,
              13.0208036
            ],
            [
              77.5349199,
              13.0216708
            ],
            [
              77.5342295,
              13.0217751
            ],
            [
              77.5339768,
              13.0208019
            ],
            [
              77.5325027,
              13.020919
            ],
            [
              77.5320456,
              13.0180737
            ]
          ]
        ]
      },
      "id": "way/47883772"
    },
    {
      "type": "Feature",
      "properties": {
        "@id": "way/52097326",
        "landuse": "industrial",
        "man_made": "wastewater_plant",
        "name": "Cubbon Park 4MLD Sewage Treatment Planet",
        "name:kn": "ಬೆಂಗಳೂರು ನೀರು ಸರಬರಾಜು ಮತ್ತು ಒಳಚರಂಡಿ ಮಂಡಲಿ",
        "operator": "BWSSB",
        "utility": "sewerage"
      },
      "geometry": {
        "type": "Polygon",
        "coordinates": [
          [
            [
              77.5918324,
              12.9704647
            ],
            [
              77.5916974,
              12.9706724
            ],
            [
              77.5917001,
              12.9709129
            ],
            [
              77.5915032,
              12.9710169
            ],
            [
              77.5912227,
              12.9710975
            ],
            [
              77.590929,
              12.9709061
            ],
            [
              77.5908344,
              12.9706808
            ],
            [
              77.5915356,
              12.970212
            ],
            [
              77.5918324,
              12.9704647
            ]
          ]
        ]
      },
      "id": "way/52097326"
    },
    {
      "type": "Feature",
      "properties": {
        "@id": "way/53859307",
        "landuse": "industrial",
        "name": "Minerva Mills"
      },
      "geometry": {
        "type": "Polygon",
        "coordinates": [
          [
            [
              77.5630692,
              12.9789981
            ],
            [
              77.563828,
              12.9790737
            ],
            [
              77.56379,
              12.9797016
            ],
            [
              77.5628882,
              12.9796495
            ],
            [
              77.5628449,
              12.9804885
            ],
            [
              77.5628315,
              12.9807484
            ],
            [
              77.562477,
              12.980727
            ],
            [
              77.5624628,
              12.9809466
            ],
            [
              77.562395,
              12.9809435
            ],
            [
              77.5620831,
              12.9809353
            ],
            [
              77.5620687,
              12.9814577
            ],
            [
              77.5620603,
              12.9816514
            ],
            [
              77.5618236,
              12.9818143
            ],
            [
              77.5616447,
              12.9818598
            ],
            [
              77.5613673,
              12.9818858
            ],
            [
              77.5612088,
              12.9817373
            ],
            [
              77.560975,
              12.980763
            ],
            [
              77.560815,
              12.9804687
            ],
            [
              77.5605826,
              12.9802764
            ],
            [
              77.5597197,
              12.9800834
            ],
            [
              77.5602885,
              12.9782289
            ],
            [
              77.5604942,
              12.9774271
            ],
            [
              77.5606847,
              12.977338
            ],
            [
              77.5614722,
              12.9773979
            ],
            [
              77.5614247,
              12.977985
            ],
            [
              77.5627255,
              12.9778716
            ],
            [
              77.5627148,
              12.977986
            ],
            [
              77.562679,
              12.9783488
            ],
            [
              77.5625767,
              12.9795121
            ],
            [
              77.5630153,
              12.9795527
            ],
            [
              77.5630692,
              12.9789981
            ]
          ]
        ]
      },
      "id": "way/53859307"
    },
    {
      "type": "Feature",
      "properties": {
        "@id": "way/55684007",
        "landuse": "industrial"
      },
      "geometry": {
        "type": "Polygon",
        "coordinates": [
          [
            [
              77.5520917,
              12.9575326
            ],
            [
              77.5524051,
              12.9576248
            ],
            [
              77.5522754,
              12.959147
            ],
            [
              77.551866,
              12.9591105
            ],
            [
              77.5514547,
              12.959238
            ],
            [
              77.5490284,
              12.958875
            ],
            [
              77.5472772,
              12.9587489
            ],
            [
              77.5481812,
              12.9571266
            ],
            [
              77.5484237,
              12.9567406
            ],
            [
              77.5505691,
              12.9570846
            ],
            [
              77.5517155,
              12.9574219
            ],
            [
              77.5516628,
              12.9577771
            ],
            [
              77.5520571,
              12.9578294
            ],
            [
              77.5520917,
              12.9575326
            ]
          ]
        ]
      },
      "id": "way/55684007"
    },
    {
      "type": "Feature",
      "properties": {
        "@id": "way/55684010",
        "depot": "bus",
        "industrial": "depot",
        "landuse": "industrial",
        "name": "KSRTC Depot 6",
        "name:kn": "ಕ. ರಾ. ರ. ಸಾ. ನಿ. ಡೆಪೊ ೬",
        "operator": "KSRTC"
      },
      "geometry": {
        "type": "Polygon",
        "coordinates": [
          [
            [
              77.5444397,
              12.9522431
            ],
            [
              77.5444311,
              12.9522402
            ],
            [
              77.5441809,
              12.9521928
            ],
            [
              77.5439422,
              12.9521837
            ],
            [
              77.5437151,
              12.9522289
            ],
            [
              77.5434973,
              12.9523034
            ],
            [
              77.5433235,
              12.9524118
            ],
            [
              77.5431636,
              12.9525518
            ],
            [
              77.5430709,
              12.9526738
            ],
            [
              77.5429944,
              12.952798
            ],
            [
              77.5430569,
              12.9531923
            ],
            [
              77.5430419,
              12.9536566
            ],
            [
              77.5428346,
              12.953595
            ],
            [
              77.5428703,
              12.9535245
            ],
            [
              77.5428121,
              12.9532916
            ],
            [
              77.5427225,
              12.9531368
            ],
            [
              77.5426123,
              12.953049
            ],
            [
              77.5424819,
              12.9525633
            ],
            [
              77.542394,
              12.952454
            ],
            [
              77.5427622,
              12.9520499
            ],
            [
              77.5426984,
              12.951966
            ],
            [
              77.5429183,
              12.9517441
            ],
            [
              77.5432617,
              12.9517444
            ],
            [
              77.5435613,
              12.9518583
            ],
            [
              77.5438683,
              12.9518904
            ],
            [
              77.5442399,
              12.9517327
            ],
            [
              77.5444397,
              12.9522431
            ]
          ]
        ]
      },
      "id": "way/55684010"
    },
    {
      "type": "Feature",
      "properties": {
        "@id": "way/55684020",
        "landuse": "industrial",
        "name": "Karnataka Vidyuth Karkhane Limited"
      },
      "geometry": {
        "type": "Polygon",
        "coordinates": [
          [
            [
              77.538642,
              12.951024
            ],
            [
              77.5388029,
              12.9510789
            ],
            [
              77.5389639,
              12.9511651
            ],
            [
              77.5400998,
              12.9519164
            ],
            [
              77.5398371,
              12.9523028
            ],
            [
              77.5397511,
              12.9524401
            ],
            [
              77.5391542,
              12.9525128
            ],
            [
              77.5391862,
              12.9529695
            ],
            [
              77.5389671,
              12.9529883
            ],
            [
              77.5383973,
              12.9530754
            ],
            [
              77.5380492,
              12.9528851
            ],
            [
              77.5382745,
              12.9522029
            ],
            [
              77.538583,
              12.9513821
            ],
            [
              77.5386349,
              12.9510672
            ],
            [
              77.538642,
              12.951024
            ]
          ]
        ]
      },
      "id": "way/55684020"
    },
    {
      "type": "Feature",
      "properties": {
        "@id": "way/55684221",
        "landuse": "industrial",
        "name": "TR Mills"
      },
      "geometry": {
        "type": "Polygon",
        "coordinates": [
          [
            [
              77.5598278,
              12.9560669
            ],
            [
              77.5612276,
              12.9560977
            ],
            [
              77.5611632,
              12.9568845
            ],
            [
              77.5599455,
              12.9568554
            ],
            [
              77.5593044,
              12.95684
            ],
            [
              77.5587277,
              12.9564113
            ],
            [
              77.5587975,
              12.9555958
            ],
            [
              77.5586205,
              12.9552116
            ],
            [
              77.5586249,
              12.9551164
            ],
            [
              77.5587108,
              12.9543433
            ],
            [
              77.5587244,
              12.9540639
            ],
            [
              77.5587298,
              12.953954
            ],
            [
              77.5595861,
              12.9538185
            ],
            [
              77.5596277,
              12.9537121
            ],
            [
              77.5603048,
              12.9537569
            ],
            [
              77.5604752,
              12.9545502
            ],
            [
              77.5605597,
              12.9546339
            ],
            [
              77.561131,
              12.9546469
            ],
            [
              77.5611337,
              12.9549423
            ],
            [
              77.5602432,
              12.9549475
            ],
            [
              77.5598141,
              12.9549422
            ],
            [
              77.5597476,
              12.9549705
            ],
            [
              77.559755,
              12.9552704
            ],
            [
              77.55981,
              12.9558023
            ],
            [
              77.5598278,
              12.9560669
            ]
          ]
        ]
      },
      "id": "way/55684221"
    },
    {
      "type": "Feature",
      "properties": {
        "@id": "way/55684595",
        "depot": "bus",
        "industrial": "depot",
        "landuse": "industrial",
        "name": "BMTC Depot 16 (Deepanajalinagara)",
        "name:kn": "ದೀಪಾಂಜಲಿ ನಗರ ಡಿಪೋ",
        "operator": "BMTC"
      },
      "geometry": {
        "type": "Polygon",
        "coordinates": [
          [
            [
              77.5360089,
              12.9499706
            ],
            [
              77.5370125,
              12.9507796
            ],
            [
              77.5372396,
              12.9505105
            ],
            [
              77.5372652,
              12.9509321
            ],
            [
              77.537149,
              12.9512844
            ],
            [
              77.5370508,
              12.9515821
            ],
            [
              77.5365507,
              12.9517138
            ],
            [
              77.536429,
              12.9514701
            ],
            [
              77.5361721,
              12.9514701
            ],
            [
              77.5361409,
              12.9510867
            ],
            [
              77.5358931,
              12.951198
            ],
            [
              77.535831,
              12.9503849
            ],
            [
              77.535937,
              12.9503705
            ],
            [
              77.5359248,
              12.9500922
            ],
            [
              77.5360089,
              12.9499706
            ]
          ]
        ]
      },
      "id": "way/55684595"
    },
    {
      "type": "Feature",
      "properties": {
        "@id": "way/55684596",
        "landuse": "industrial",
        "name": "Bharath Heavy Electricals",
        "name:kn": "ಭಾರತ್ ಹೆವಿ ಎಲೆಕ್ಟ್ರಿಕಲ್ಸ್"
      },
      "geometry": {
        "type": "Polygon",
        "coordinates": [
          [
            [
              77.5323509,
              12.9484485
            ],
            [
              77.5331891,
              12.9483446
            ],
            [
              77.5333017,
              12.9482584
            ],
            [
              77.5337416,
              12.9482401
            ],
            [
              77.5340548,
              12.94802
            ],
            [
              77.5343961,
              12.9481973
            ],
            [
              77.5357193,
              12.9488846
            ],
            [
              77.5357811,
              12.9489439
            ],
            [
              77.5363445,
              12.9494857
            ],
            [
              77.5360089,
              12.9499706
            ],
            [
              77.5359248,
              12.9500922
            ],
            [
              77.535937,
              12.9503705
            ],
            [
              77.535831,
              12.9503849
            ],
            [
              77.5358931,
              12.951198
            ],
            [
              77.5346037,
              12.9517234
            ],
            [
              77.534114,
              12.951923
            ],
            [
              77.5333472,
              12.9506732
            ],
            [
              77.5326438,
              12.9495268
            ],
            [
              77.5323509,
              12.9484485
            ]
          ]
        ]
      },
      "id": "way/55684596"
    },
    {
      "type": "Feature",
      "properties": {
        "@id": "way/55684597",
        "landuse": "industrial",
        "name": "Deepanjali Nagar Industrial Estate",
        "name:kn": "ದೀಪಾಂಜಲಿ ನಗರ ಕೈಗಾರಿಕಾ"
      },
      "geometry": {
        "type": "Polygon",
        "coordinates": [
          [
            [
              77.5322181,
              12.9474435
            ],
            [
              77.5322636,
              12.948127
            ],
            [
              77.5323509,
              12.9484485
            ],
            [
              77.5326438,
              12.9495268
            ],
            [
              77.5333472,
              12.9506732
            ],
            [
              77.534114,
              12.951923
            ],
            [
              77.5342914,
              12.9522194
            ],
            [
              77.5333535,
              12.9524664
            ],
            [
              77.5323904,
              12.9522359
            ],
            [
              77.5321369,
              12.9515936
            ],
            [
              77.5317482,
              12.9509431
            ],
            [
              77.5314103,
              12.9500209
            ],
            [
              77.5317989,
              12.9497327
            ],
            [
              77.5316559,
              12.9494435
            ],
            [
              77.5316127,
              12.9493562
            ],
            [
              77.5315708,
              12.9492716
            ],
            [
              77.531417,
              12.9483178
            ],
            [
              77.531672,
              12.9482568
            ],
            [
              77.5315624,
              12.9472377
            ],
            [
              77.5322181,
              12.9474435
            ]
          ]
        ]
      },
      "id": "way/55684597"
    },
    {
      "type": "Feature",
      "properties": {
        "@id": "way/58516968",
        "landuse": "industrial",
        "name": "Rajajinagar Industrial Estate",
        "name:kn": "ರಾಜಾಜಿನಗರ ಕೈಗಾರಿಕ"
      },
      "geometry": {
        "type": "Polygon",
        "coordinates": [
          [
            [
              77.5509159,
              12.9807158
            ],
            [
              77.5508904,
              12.9794575
            ],
            [
              77.549149,
              12.9794889
            ],
            [
              77.5491292,
              12.9764559
            ],
            [
              77.5516943,
              12.9764292
            ],
            [
              77.5521536,
              12.977889
            ],
            [
              77.5523522,
              12.9785222
            ],
            [
              77.5529409,
              12.9803917
            ],
            [
              77.552965,
              12.9804583
            ],
            [
              77.5529813,
              12.980613
            ],
            [
              77.5509159,
              12.9807158
            ]
          ]
        ]
      },
      "id": "way/58516968"
    },
    {
      "type": "Feature",
      "properties": {
        "@id": "way/58516981",
        "landuse": "industrial",
        "name": "Government Tool and Training Centre",
        "short_name": "GTTC"
      },
      "geometry": {
        "type": "Polygon",
        "coordinates": [
          [
            [
              77.549149,
              12.9794889
            ],
            [
              77.5493187,
              12.9794868
            ],
            [
              77.5508904,
              12.9794575
            ],
            [
              77.5509159,
              12.9807158
            ],
            [
              77.550669,
              12.9807196
            ],
            [
              77.5506677,
              12.9806608
            ],
            [
              77.5491684,
              12.9807161
            ],
            [
              77.549149,
              12.9794889
            ]
          ]
        ]
      },
      "id": "way/58516981"
    },
    {
      "type": "Feature",
      "properties": {
        "@id": "way/59151608",
        "landuse": "industrial"
      },
      "geometry": {
        "type": "Polygon",
        "coordinates": [
          [
            [
              77.5352759,
              12.9473826
            ],
            [
              77.5352597,
              12.9480623
            ],
            [
              77.535131,
              12.9482035
            ],
            [
              77.5343855,
              12.9478021
            ],
            [
              77.5330944,
              12.9473012
            ],
            [
              77.5339497,
              12.9467135
            ],
            [
              77.5339664,
              12.946693
            ],
            [
              77.5339515,
              12.9464197
            ],
            [
              77.5347638,
              12.9464148
            ],
            [
              77.5349533,
              12.9472148
            ],
            [
              77.5352759,
              12.9473826
            ]
          ]
        ]
      },
      "id": "way/59151608"
    },
    {
      "type": "Feature",
      "properties": {
        "@id": "way/59358788",
        "barrier": "fence",
        "depot": "bus",
        "industrial": "depot",
        "landuse": "industrial",
        "name": "BMTC Depot 6 (Indiranagara)",
        "name:kn": "ಬೆಂ.ಮ.ಸಾ.ಸಂ. ಡೆಪೋ ೬ ಇಂದಿರನಗರ",
        "operator": "BMTC"
      },
      "geometry": {
        "type": "Polygon",
        "coordinates": [
          [
            [
              77.634876,
              12.9812859
            ],
            [
              77.6348903,
              12.9815099
            ],
            [
              77.6349048,
              12.9816928
            ],
            [
              77.6349339,
              12.9822882
            ],
            [
              77.6341848,
              12.9822201
            ],
            [
              77.6341385,
              12.9822167
            ],
            [
              77.6341557,
              12.9820498
            ],
            [
              77.6341876,
              12.9818092
            ],
            [
              77.6338359,
              12.9817934
            ],
            [
              77.6338445,
              12.9814266
            ],
            [
              77.634876,
              12.9812859
            ]
          ]
        ]
      },
      "id": "way/59358788"
    },
    {
      "type": "Feature",
      "properties": {
        "@id": "way/94437998",
        "landuse": "industrial",
        "name": "Karle Group",
        "proposed:landuse": "commercial",
        "proposed:name": "Karle Biome"
      },
      "geometry": {
        "type": "Polygon",
        "coordinates": [
          [
            [
              77.5540814,
              13.0172221
            ],
            [
              77.5541853,
              13.016709
            ],
            [
              77.554427,
              13.0156722
            ],
            [
              77.5545716,
              13.0156018
            ],
            [
              77.5547476,
              13.0155952
            ],
            [
              77.554986,
              13.015607
            ],
            [
              77.5553428,
              13.0156795
            ],
            [
              77.5551712,
              13.0160122
            ],
            [
              77.5554071,
              13.0161213
            ],
            [
              77.5546508,
              13.0174155
            ],
            [
              77.5544874,
              13.0173655
            ],
            [
              77.5540814,
              13.0172221
            ]
          ]
        ]
      },
      "id": "way/94437998"
    },
    {
      "type": "Feature",
      "properties": {
        "@id": "way/106360548",
        "landuse": "industrial"
      },
      "geometry": {
        "type": "Polygon",
        "coordinates": [
          [
            [
              77.6381114,
              12.9612773
            ],
            [
              77.6380659,
              12.9611468
            ],
            [
              77.63855,
              12.9610874
            ],
            [
              77.6385902,
              12.9611688
            ],
            [
              77.638352,
              12.961485
            ],
            [
              77.6381114,
              12.9612773
            ]
          ]
        ]
      },
      "id": "way/106360548"
    },
    {
      "type": "Feature",
      "properties": {
        "@id": "way/106369928",
        "landuse": "industrial",
        "name": "BESCOM",
        "name:kn": "ಬೆಂಗಳೂರು ವಿದ್ಯುತ್ ಸರಬರಾಜು ಕಂಪೆನಿ"
      },
      "geometry": {
        "type": "Polygon",
        "coordinates": [
          [
            [
              77.6366908,
              12.965125
            ],
            [
              77.6366012,
              12.9652197
            ],
            [
              77.6363681,
              12.9654522
            ],
            [
              77.6361803,
              12.9652718
            ],
            [
              77.6364894,
              12.9649595
            ],
            [
              77.6366908,
              12.965125
            ]
          ]
        ]
      },
      "id": "way/106369928"
    },
    {
      "type": "Feature",
      "properties": {
        "@id": "way/113113432",
        "alt_name": "BMTC Depot 23 (Kalyan Nagar)",
        "depot": "bus",
        "industrial": "depot",
        "landuse": "industrial",
        "name": "BMTC Depot 23 (Kalyana Nagara)",
        "name:kn": "ಬೆಂ.ಮ.ಸಾ.ಸಂ. ಡೆಪೋ ೨೩",
        "operator": "BMTC"
      },
      "geometry": {
        "type": "Polygon",
        "coordinates": [
          [
            [
              77.6385945,
              13.0264547
            ],
            [
              77.6393914,
              13.026314
            ],
            [
              77.6394342,
              13.0266141
            ],
            [
              77.638679,
              13.0267015
            ],
            [
              77.6386106,
              13.0267786
            ],
            [
              77.6383238,
              13.0268267
            ],
            [
              77.6376535,
              13.0269092
            ],
            [
              77.6376123,
              13.0266258
            ],
            [
              77.6380641,
              13.0265483
            ],
            [
              77.6380903,
              13.0266741
            ],
            [
              77.6386213,
              13.0265748
            ],
            [
              77.6385945,
              13.0264547
            ]
          ]
        ]
      },
      "id": "way/113113432"
    },
    {
      "type": "Feature",
      "properties": {
        "@id": "way/133268362",
        "landuse": "industrial",
        "name": "M M Industries"
      },
      "geometry": {
        "type": "Polygon",
        "coordinates": [
          [
            [
              77.573582,
              12.9309748
            ],
            [
              77.5732997,
              12.9309954
            ],
            [
              77.5730337,
              12.9300215
            ],
            [
              77.5735989,
              12.9298977
            ],
            [
              77.5735934,
              12.9302466
            ],
            [
              77.573582,
              12.9309748
            ]
          ]
        ]
      },
      "id": "way/133268362"
    },
    {
      "type": "Feature",
      "properties": {
        "@id": "way/166612467",
        "landuse": "industrial"
      },
      "geometry": {
        "type": "Polygon",
        "coordinates": [
          [
            [
              77.5549298,
              12.9762998
            ],
            [
              77.5553447,
              12.9762437
            ],
            [
              77.5553024,
              12.9760902
            ],
            [
              77.555283,
              12.9757141
            ],
            [
              77.556299,
              12.9757319
            ],
            [
              77.5567925,
              12.9757405
            ],
            [
              77.556822,
              12.975741
            ],
            [
              77.5580916,
              12.9758124
            ],
            [
              77.5598463,
              12.9758595
            ],
            [
              77.559842,
              12.9767399
            ],
            [
              77.5602504,
              12.9767297
            ],
            [
              77.5602441,
              12.9769031
            ],
            [
              77.560344,
              12.9772887
            ],
            [
              77.5602671,
              12.9775208
            ],
            [
              77.5598937,
              12.9785374
            ],
            [
              77.5590869,
              12.9784791
            ],
            [
              77.5590514,
              12.9789282
            ],
            [
              77.5587524,
              12.9788092
            ],
            [
              77.5582808,
              12.9788234
            ],
            [
              77.5581018,
              12.9788102
            ],
            [
              77.5579979,
              12.9787456
            ],
            [
              77.5574101,
              12.978319
            ],
            [
              77.5569418,
              12.9783037
            ],
            [
              77.5561849,
              12.977862
            ],
            [
              77.5555042,
              12.9774537
            ],
            [
              77.5553059,
              12.97715
            ],
            [
              77.5549298,
              12.9762998
            ]
          ]
        ]
      },
      "id": "way/166612467"
    },
    {
      "type": "Feature",
      "properties": {
        "@id": "way/166612468",
        "landuse": "industrial"
      },
      "geometry": {
        "type": "Polygon",
        "coordinates": [
          [
            [
              77.5543651,
              12.9748699
            ],
            [
              77.5552007,
              12.9750386
            ],
            [
              77.5552333,
              12.9754127
            ],
            [
              77.5545503,
              12.9754146
            ],
            [
              77.5543651,
              12.9748699
            ]
          ]
        ]
      },
      "id": "way/166612468"
    },
    {
      "type": "Feature",
      "properties": {
        "@id": "way/166612469",
        "landuse": "industrial"
      },
      "geometry": {
        "type": "Polygon",
        "coordinates": [
          [
            [
              77.5574359,
              12.9825342
            ],
            [
              77.5574667,
              12.9838591
            ],
            [
              77.557313,
              12.9840163
            ],
            [
              77.5571709,
              12.9838142
            ],
            [
              77.5571133,
              12.9825566
            ],
            [
              77.5574359,
              12.9825342
            ]
          ]
        ]
      },
      "id": "way/166612469"
    },
    {
      "type": "Feature",
      "properties": {
        "@id": "way/166612471",
        "addr:city": "Bengaluru",
        "addr:country": "IN",
        "addr:district": "Bangalore Urban",
        "addr:hamlet": "Rajajinagar 4th Block",
        "addr:housenumber": "945",
        "addr:postcode": "560010",
        "addr:street": "Vatal Nagaraj Road",
        "addr:suburb": "Rajajinagar",
        "landuse": "industrial",
        "name": "Ram Kumar Mills",
        "phone": "080 2320 5796",
        "website": "ramkumarmills.co.in"
      },
      "geometry": {
        "type": "Polygon",
        "coordinates": [
          [
            [
              77.5588417,
              12.9834324
            ],
            [
              77.5583117,
              12.9834774
            ],
            [
              77.5580351,
              12.9835223
            ],
            [
              77.5574667,
              12.9838591
            ],
            [
              77.5574359,
              12.9825342
            ],
            [
              77.5588648,
              12.9824481
            ],
            [
              77.5588417,
              12.9834324
            ]
          ]
        ]
      },
      "id": "way/166612471"
    },
    {
      "type": "Feature",
      "properties": {
        "@id": "way/166612473",
        "landuse": "industrial"
      },
      "geometry": {
        "type": "Polygon",
        "coordinates": [
          [
            [
              77.5547285,
              12.9781333
            ],
            [
              77.5556966,
              12.9778339
            ],
            [
              77.5559732,
              12.9779798
            ],
            [
              77.5570641,
              12.9785975
            ],
            [
              77.5570564,
              12.9789007
            ],
            [
              77.5565494,
              12.9789456
            ],
            [
              77.5562459,
              12.9790916
            ],
            [
              77.5559808,
              12.9792301
            ],
            [
              77.5551121,
              12.9794995
            ],
            [
              77.5549507,
              12.9789246
            ],
            [
              77.5547285,
              12.9781333
            ]
          ]
        ]
      },
      "id": "way/166612473"
    },
    {
      "type": "Feature",
      "properties": {
        "@id": "way/172891311",
        "landuse": "industrial"
      },
      "geometry": {
        "type": "Polygon",
        "coordinates": [
          [
            [
              77.5845018,
              12.9624639
            ],
            [
              77.584307,
              12.9625709
            ],
            [
              77.584263,
              12.9630354
            ],
            [
              77.5840442,
              12.9630024
            ],
            [
              77.5840078,
              12.9632876
            ],
            [
              77.5839844,
              12.9634705
            ],
            [
              77.5823357,
              12.9632431
            ],
            [
              77.5819469,
              12.9632278
            ],
            [
              77.5789,
              12.9634722
            ],
            [
              77.5786621,
              12.9626036
            ],
            [
              77.5785484,
              12.9615626
            ],
            [
              77.5787459,
              12.9610182
            ],
            [
              77.5794292,
              12.9600342
            ],
            [
              77.5790325,
              12.9597759
            ],
            [
              77.5799245,
              12.9591494
            ],
            [
              77.5820982,
              12.9578689
            ],
            [
              77.5833053,
              12.9601059
            ],
            [
              77.5838451,
              12.9611698
            ],
            [
              77.5839916,
              12.9614584
            ],
            [
              77.5845018,
              12.9624639
            ]
          ]
        ]
      },
      "id": "way/172891311"
    },
    {
      "type": "Feature",
      "properties": {
        "@id": "way/172899267",
        "landuse": "industrial",
        "name": "BMTC Central Workshop",
        "operator": "BMTC"
      },
      "geometry": {
        "type": "Polygon",
        "coordinates": [
          [
            [
              77.5976106,
              12.9554695
            ],
            [
              77.5969116,
              12.9540319
            ],
            [
              77.5972726,
              12.9538521
            ],
            [
              77.5981512,
              12.9534048
            ],
            [
              77.5982124,
              12.9533749
            ],
            [
              77.5982745,
              12.9533365
            ],
            [
              77.5996036,
              12.9526901
            ],
            [
              77.600153,
              12.9539152
            ],
            [
              77.6003043,
              12.9542526
            ],
            [
              77.5991692,
              12.9546268
            ],
            [
              77.5991564,
              12.9547459
            ],
            [
              77.599071,
              12.9547895
            ],
            [
              77.5984986,
              12.9550327
            ],
            [
              77.5976106,
              12.9554695
            ]
          ]
        ]
      },
      "id": "way/172899267"
    },
    {
      "type": "Feature",
      "properties": {
        "@id": "way/172899327",
        "frequency": "50",
        "landuse": "industrial",
        "location": "outdoor",
        "name": "BMTC Substation",
        "name:kn": "ಬೆಂ.ಮ.ಸಾ.ಸಂ.",
        "operator": "KPTCL",
        "operator:wikidata": "Q17064153",
        "power": "substation",
        "substation": "distribution",
        "voltage": "66000"
      },
      "geometry": {
        "type": "Polygon",
        "coordinates": [
          [
            [
              77.5936763,
              12.9544334
            ],
            [
              77.5942032,
              12.9539297
            ],
            [
              77.5944305,
              12.9542412
            ],
            [
              77.5938694,
              12.9546768
            ],
            [
              77.5937998,
              12.9545796
            ],
            [
              77.5936763,
              12.9544334
            ]
          ]
        ]
      },
      "id": "way/172899327"
    },
    {
      "type": "Feature",
      "properties": {
        "@id": "way/172899336",
        "landuse": "industrial",
        "name": "Southern Roadways Private Limited"
      },
      "geometry": {
        "type": "Polygon",
        "coordinates": [
          [
            [
              77.5936236,
              12.9527989
            ],
            [
              77.5941679,
              12.9523147
            ],
            [
              77.5945415,
              12.9527137
            ],
            [
              77.5939973,
              12.9531978
            ],
            [
              77.5936236,
              12.9527989
            ]
          ]
        ]
      },
      "id": "way/172899336"
    },
    {
      "type": "Feature",
      "properties": {
        "@id": "way/172899338",
        "landuse": "industrial",
        "name": "KPTCL"
      },
      "geometry": {
        "type": "Polygon",
        "coordinates": [
          [
            [
              77.5912265,
              12.9416997
            ],
            [
              77.5911668,
              12.9410122
            ],
            [
              77.592126,
              12.9409395
            ],
            [
              77.592661,
              12.9408169
            ],
            [
              77.5927739,
              12.9409498
            ],
            [
              77.5921132,
              12.9411368
            ],
            [
              77.5920663,
              12.9412324
            ],
            [
              77.5918681,
              12.9413071
            ],
            [
              77.5917679,
              12.9415813
            ],
            [
              77.5912265,
              12.9416997
            ]
          ]
        ]
      },
      "id": "way/172899338"
    },
    {
      "type": "Feature",
      "properties": {
        "@id": "way/173006848",
        "landuse": "industrial",
        "man_made": "water_works",
        "name": "BWSSB",
        "name:kn": "ಬೆಂ ನಿ ಸ ಮತ್ತು ಒ ಚ ಮಂ",
        "operator": "BWSSB"
      },
      "geometry": {
        "type": "Polygon",
        "coordinates": [
          [
            [
              77.6272448,
              13.0011391
            ],
            [
              77.6278077,
              13.0012432
            ],
            [
              77.6283441,
              13.0013207
            ],
            [
              77.6285222,
              13.0015999
            ],
            [
              77.6285734,
              13.0017197
            ],
            [
              77.6284794,
              13.0017521
            ],
            [
              77.6285483,
              13.0021112
            ],
            [
              77.6285473,
              13.002386
            ],
            [
              77.6281987,
              13.0024936
            ],
            [
              77.6278574,
              13.002458
            ],
            [
              77.6277356,
              13.0020371
            ],
            [
              77.6275061,
              13.0017893
            ],
            [
              77.6274173,
              13.001605
            ],
            [
              77.6273867,
              13.001542
            ],
            [
              77.6272448,
              13.0011391
            ]
          ]
        ]
      },
      "id": "way/173006848"
    },
    {
      "type": "Feature",
      "properties": {
        "@id": "way/199024568",
        "amenity": "public_building",
        "landuse": "industrial",
        "man_made": "water_tower",
        "name": "BWSSB Service Station",
        "operator": "BWSSB"
      },
      "geometry": {
        "type": "Polygon",
        "coordinates": [
          [
            [
              77.5342782,
              13.015253
            ],
            [
              77.5345823,
              13.0146845
            ],
            [
              77.5348882,
              13.0148884
            ],
            [
              77.5353563,
              13.0150713
            ],
            [
              77.5360054,
              13.0152124
            ],
            [
              77.5363916,
              13.0152673
            ],
            [
              77.5364479,
              13.01579
            ],
            [
              77.5359704,
              13.0157246
            ],
            [
              77.535442,
              13.0156697
            ],
            [
              77.5349941,
              13.015688
            ],
            [
              77.5348654,
              13.0156279
            ],
            [
              77.5342782,
              13.015253
            ]
          ]
        ]
      },
      "id": "way/199024568"
    },
    {
      "type": "Feature",
      "properties": {
        "@id": "way/220552480",
        "landuse": "industrial",
        "man_made": "water_works",
        "name": "Rajajinagar BWSSB Water Tank",
        "operator": "BWSSB"
      },
      "geometry": {
        "type": "Polygon",
        "coordinates": [
          [
            [
              77.545832,
              12.9989078
            ],
            [
              77.5458615,
              12.9984165
            ],
            [
              77.5463468,
              12.998445
            ],
            [
              77.5463413,
              12.9990199
            ],
            [
              77.5463252,
              12.9992799
            ],
            [
              77.5453151,
              12.999231
            ],
            [
              77.5453287,
              12.9990082
            ],
            [
              77.5453365,
              12.9988792
            ],
            [
              77.545832,
              12.9989078
            ]
          ]
        ]
      },
      "id": "way/220552480"
    },
    {
      "type": "Feature",
      "properties": {
        "@id": "way/232207311",
        "landuse": "industrial",
        "man_made": "wastewater_plant",
        "name": "Lalbagh Sewage Treatment Plant",
        "name:kn": "ಲಾಲ್‌ಬಾಗ್ ಕೊಳಚೆ ನೀರು ಸಂಸ್ಕರಣ ಘಟಕ",
        "note": "Lalbagh 1.5MLD Sewage Treatment Plant",
        "operator": "Bangalore Water Supply and Sewerage Board",
        "operator:short": "BWSSB",
        "operator:wikidata": "Q4855083",
        "utility": "sewerage"
      },
      "geometry": {
        "type": "Polygon",
        "coordinates": [
          [
            [
              77.5828886,
              12.9438593
            ],
            [
              77.5844438,
              12.943896
            ],
            [
              77.5844065,
              12.9444819
            ],
            [
              77.5835818,
              12.9444892
            ],
            [
              77.5834635,
              12.9443783
            ],
            [
              77.5831731,
              12.9441682
            ],
            [
              77.5828886,
              12.9438593
            ]
          ]
        ]
      },
      "id": "way/232207311"
    },
    {
      "type": "Feature",
      "properties": {
        "@id": "way/232239393",
        "alt_name": "HSR Layout Depot",
        "depot": "bus",
        "industrial": "depot",
        "landuse": "industrial",
        "name": "BMTC Depot 25 (HSR Layout)",
        "name:kn": "ಬೆಂ.ಮ.ಸಾ.ಸಂ. ಡೆಪೋ ೨೫",
        "operator": "BMTC"
      },
      "geometry": {
        "type": "Polygon",
        "coordinates": [
          [
            [
              77.6437132,
              12.9199676
            ],
            [
              77.6437052,
              12.9197891
            ],
            [
              77.6445972,
              12.9197416
            ],
            [
              77.6448685,
              12.9197233
            ],
            [
              77.6449394,
              12.9212409
            ],
            [
              77.6444912,
              12.9212477
            ],
            [
              77.6444779,
              12.9209444
            ],
            [
              77.6437132,
              12.9199676
            ]
          ]
        ]
      },
      "id": "way/232239393"
    },
    {
      "type": "Feature",
      "properties": {
        "@id": "way/239832510",
        "depot": "bus",
        "industrial": "depot",
        "landuse": "industrial",
        "name": "BMTC Depot 7 (Subashnagar)",
        "name:kn": "ಬೆಂ.ಮ.ಸಾ.ಸಂ. ಡೆಪೋ ೭ ಸುಬಾಶನಗರ",
        "operator": "BMTC"
      },
      "geometry": {
        "type": "Polygon",
        "coordinates": [
          [
            [
              77.5713569,
              12.9797239
            ],
            [
              77.5712228,
              12.9794965
            ],
            [
              77.5711638,
              12.9789764
            ],
            [
              77.5710974,
              12.9783083
            ],
            [
              77.5713622,
              12.9783025
            ],
            [
              77.5714117,
              12.9783219
            ],
            [
              77.5714599,
              12.9784371
            ],
            [
              77.5720362,
              12.9786643
            ],
            [
              77.5727742,
              12.9787301
            ],
            [
              77.5724432,
              12.9791306
            ],
            [
              77.5721482,
              12.979473
            ],
            [
              77.5719235,
              12.9796737
            ],
            [
              77.5718907,
              12.979703
            ],
            [
              77.5717137,
              12.979818
            ],
            [
              77.5715906,
              12.9798388
            ],
            [
              77.5714598,
              12.9798096
            ],
            [
              77.5713569,
              12.9797239
            ]
          ]
        ]
      },
      "id": "way/239832510"
    },
    {
      "type": "Feature",
      "properties": {
        "@id": "way/244032262",
        "alt_name": "Kamakhya Bus Depot",
        "depot": "bus",
        "industrial": "depot",
        "landuse": "industrial",
        "name": "BMTC Depot 13 (Katriguppe)",
        "name:kn": "ಬೆಂ.ಮ.ಸಾ.ಸಂ. ಡೆಪೋ ೧೩ ಕತ್ರಿಗುಪ್ಪೆ",
        "operator": "BMTC"
      },
      "geometry": {
        "type": "Polygon",
        "coordinates": [
          [
            [
              77.5539575,
              12.9249031
            ],
            [
              77.553715,
              12.9249173
            ],
            [
              77.5537834,
              12.9239769
            ],
            [
              77.5544238,
              12.9237659
            ],
            [
              77.5549234,
              12.9253139
            ],
            [
              77.5550575,
              12.9254917
            ],
            [
              77.5544478,
              12.925705
            ],
            [
              77.5546488,
              12.9262049
            ],
            [
              77.5544375,
              12.9262659
            ],
            [
              77.5542286,
              12.9262471
            ],
            [
              77.5540391,
              12.9262358
            ],
            [
              77.5539575,
              12.9249031
            ]
          ]
        ]
      },
      "id": "way/244032262"
    },
    {
      "type": "Feature",
      "properties": {
        "@id": "way/244848891",
        "barrier": "wall",
        "depot": "bus",
        "industrial": "depot",
        "landuse": "industrial",
        "name": "BMTC Depot 31 (Summanahalli)",
        "name:kn": "ಬೆಂ.ಮ.ಸಾ.ಸಂ. ಡೆಪೋ ೨೧ ಸುಮ್ಮನಹಳ್ಳಿ",
        "operator": "BMTC"
      },
      "geometry": {
        "type": "Polygon",
        "coordinates": [
          [
            [
              77.5216544,
              12.9932054
            ],
            [
              77.5214802,
              12.9927682
            ],
            [
              77.5212391,
              12.9920648
            ],
            [
              77.5207385,
              12.9905625
            ],
            [
              77.5208263,
              12.9905221
            ],
            [
              77.5209619,
              12.9907731
            ],
            [
              77.5211997,
              12.9911794
            ],
            [
              77.521425,
              12.9916734
            ],
            [
              77.5217039,
              12.9922379
            ],
            [
              77.5218354,
              12.9923451
            ],
            [
              77.5219748,
              12.9923764
            ],
            [
              77.5220875,
              12.9923843
            ],
            [
              77.5221975,
              12.9924235
            ],
            [
              77.5222672,
              12.9924862
            ],
            [
              77.5223879,
              12.9926848
            ],
            [
              77.5225957,
              12.9929305
            ],
            [
              77.5216544,
              12.9932054
            ]
          ]
        ]
      },
      "id": "way/244848891"
    },
    {
      "type": "Feature",
      "properties": {
        "@id": "way/323810989",
        "landuse": "industrial"
      },
      "geometry": {
        "type": "Polygon",
        "coordinates": [
          [
            [
              77.499959,
              12.9935947
            ],
            [
              77.5014481,
              12.993324
            ],
            [
              77.501537,
              12.9938437
            ],
            [
              77.503593,
              12.9935351
            ],
            [
              77.5036207,
              12.9941144
            ],
            [
              77.5039319,
              12.9944718
            ],
            [
              77.5039764,
              12.9952623
            ],
            [
              77.5039097,
              12.9953381
            ],
            [
              77.503543,
              12.9954193
            ],
            [
              77.5041042,
              12.9988465
            ],
            [
              77.5034929,
              12.9990198
            ],
            [
              77.503472,
              12.9989445
            ],
            [
              77.5034478,
              12.9988573
            ],
            [
              77.5027484,
              12.9963343
            ],
            [
              77.5022761,
              12.9964426
            ],
            [
              77.5021205,
              12.9958091
            ],
            [
              77.5007091,
              12.9959986
            ],
            [
              77.499959,
              12.9935947
            ]
          ]
        ]
      },
      "id": "way/323810989"
    },
    {
      "type": "Feature",
      "properties": {
        "@id": "way/324371370",
        "industrial": "grinding_mill",
        "landuse": "industrial",
        "name": "Krishna Flour Mill"
      },
      "geometry": {
        "type": "Polygon",
        "coordinates": [
          [
            [
              77.5713157,
              12.9858709
            ],
            [
              77.5713133,
              12.9853902
            ],
            [
              77.5718908,
              12.985101
            ],
            [
              77.5718733,
              12.9857355
            ],
            [
              77.5713157,
              12.9858709
            ]
          ]
        ]
      },
      "id": "way/324371370"
    },
    {
      "type": "Feature",
      "properties": {
        "@id": "way/324371371",
        "landuse": "industrial",
        "name": "Rajashri Foods"
      },
      "geometry": {
        "type": "Polygon",
        "coordinates": [
          [
            [
              77.5705408,
              12.9827243
            ],
            [
              77.5708412,
              12.9826773
            ],
            [
              77.5711899,
              12.9846166
            ],
            [
              77.570455,
              12.9848936
            ],
            [
              77.5704784,
              12.9843013
            ],
            [
              77.5704847,
              12.9841413
            ],
            [
              77.5705408,
              12.9827243
            ]
          ]
        ]
      },
      "id": "way/324371371"
    },
    {
      "type": "Feature",
      "properties": {
        "@id": "way/324371372",
        "landuse": "industrial"
      },
      "geometry": {
        "type": "Polygon",
        "coordinates": [
          [
            [
              77.5713294,
              12.98458
            ],
            [
              77.571102,
              12.9834589
            ],
            [
              77.5712052,
              12.9835685
            ],
            [
              77.5714728,
              12.9839622
            ],
            [
              77.5716966,
              12.9844881
            ],
            [
              77.5713294,
              12.98458
            ]
          ]
        ]
      },
      "id": "way/324371372"
    },
    {
      "type": "Feature",
      "properties": {
        "@id": "way/334650207",
        "landuse": "industrial"
      },
      "geometry": {
        "type": "Polygon",
        "coordinates": [
          [
            [
              77.5462373,
              12.9162882
            ],
            [
              77.5467845,
              12.9160933
            ],
            [
              77.5470393,
              12.9171892
            ],
            [
              77.5466246,
              12.9172525
            ],
            [
              77.5464722,
              12.9168069
            ],
            [
              77.5462373,
              12.9162882
            ]
          ]
        ]
      },
      "id": "way/334650207"
    },
    {
      "type": "Feature",
      "properties": {
        "@id": "way/335078182",
        "landuse": "industrial",
        "man_made": "water_works",
        "name": "BWSSB",
        "name:kn": "ಬೆಂ ನಿ ಸ ಮತ್ತು ಒ ಚ ಮಂ",
        "operator": "BWSSB"
      },
      "geometry": {
        "type": "Polygon",
        "coordinates": [
          [
            [
              77.5872788,
              12.937314
            ],
            [
              77.5875361,
              12.9367227
            ],
            [
              77.5877275,
              12.9368669
            ],
            [
              77.588032,
              12.936067
            ],
            [
              77.5877937,
              12.9359309
            ],
            [
              77.5881381,
              12.935827
            ],
            [
              77.5881261,
              12.9354913
            ],
            [
              77.5878149,
              12.9352718
            ],
            [
              77.5878824,
              12.9351956
            ],
            [
              77.5880215,
              12.9351911
            ],
            [
              77.5879932,
              12.9348522
            ],
            [
              77.5888771,
              12.9348169
            ],
            [
              77.5890845,
              12.9358465
            ],
            [
              77.5893168,
              12.9358189
            ],
            [
              77.589596,
              12.9356233
            ],
            [
              77.5896621,
              12.9361328
            ],
            [
              77.5895595,
              12.9363913
            ],
            [
              77.5891528,
              12.9369876
            ],
            [
              77.5891387,
              12.9374874
            ],
            [
              77.5888911,
              12.937477
            ],
            [
              77.588732,
              12.9373909
            ],
            [
              77.5883535,
              12.937384
            ],
            [
              77.5883359,
              12.9377907
            ],
            [
              77.5872788,
              12.937314
            ]
          ]
        ]
      },
      "id": "way/335078182"
    },
    {
      "type": "Feature",
      "properties": {
        "@id": "way/335082300",
        "landuse": "industrial",
        "man_made": "water_works",
        "name": "BWSSB Combined Jewel Filters",
        "name:kn": "ಬೆಂ.ನಿ.ಸ, ಮತ್ತು ಒ.ಚ.ಮಂ.",
        "old_name": "Combined Jewel Filters",
        "operator": "BWSSB",
        "short_name": "CJF",
        "start_date": "1896"
      },
      "geometry": {
        "type": "Polygon",
        "coordinates": [
          [
            [
              77.566036,
              13.0137062
            ],
            [
              77.5646591,
              13.0130492
            ],
            [
              77.5649442,
              13.012454
            ],
            [
              77.5637733,
              13.0118786
            ],
            [
              77.5644923,
              13.0105375
            ],
            [
              77.5647973,
              13.0099687
            ],
            [
              77.5670449,
              13.0110579
            ],
            [
              77.5685774,
              13.0117795
            ],
            [
              77.568542,
              13.0118482
            ],
            [
              77.5686862,
              13.0119188
            ],
            [
              77.568715,
              13.0119324
            ],
            [
              77.5687338,
              13.0119832
            ],
            [
              77.5687092,
              13.0121592
            ],
            [
              77.5669517,
              13.013157
            ],
            [
              77.5662136,
              13.0135997
            ],
            [
              77.566036,
              13.0137062
            ]
          ]
        ]
      },
      "id": "way/335082300"
    },
    {
      "type": "Feature",
      "properties": {
        "@id": "way/335084503",
        "landuse": "industrial",
        "man_made": "water_works",
        "name": "BWSSB",
        "name:kn": "ಬೆಂ ನಿ ಸ ಮತ್ತು ಒ ಚ ಮಂ",
        "operator": "BWSSB"
      },
      "geometry": {
        "type": "Polygon",
        "coordinates": [
          [
            [
              77.589667,
              12.9862148
            ],
            [
              77.5904324,
              12.987014
            ],
            [
              77.5904825,
              12.9870663
            ],
            [
              77.5903202,
              12.9871371
            ],
            [
              77.5899424,
              12.9873019
            ],
            [
              77.5901491,
              12.9877893
            ],
            [
              77.590317,
              12.9881624
            ],
            [
              77.5898055,
              12.9884472
            ],
            [
              77.5896271,
              12.9885263
            ],
            [
              77.5895935,
              12.9884519
            ],
            [
              77.5894472,
              12.9881285
            ],
            [
              77.5892209,
              12.9876282
            ],
            [
              77.5888855,
              12.9877855
            ],
            [
              77.5888936,
              12.987709
            ],
            [
              77.5890605,
              12.9866025
            ],
            [
              77.5894806,
              12.9862338
            ],
            [
              77.5895779,
              12.9861823
            ],
            [
              77.589667,
              12.9862148
            ]
          ]
        ]
      },
      "id": "way/335084503"
    },
    {
      "type": "Feature",
      "properties": {
        "@id": "way/335086294",
        "landuse": "industrial",
        "man_made": "water_works",
        "name": "BWSSB",
        "name:kn": "ಬೆಂ ನಿ ಸ ಮತ್ತು ಒ ಚ ಮಂ",
        "operator": "BWSSB"
      },
      "geometry": {
        "type": "Polygon",
        "coordinates": [
          [
            [
              77.6348759,
              13.0265639
            ],
            [
              77.6340161,
              13.0268685
            ],
            [
              77.633881,
              13.0265124
            ],
            [
              77.6347582,
              13.0261974
            ],
            [
              77.6348759,
              13.0265639
            ]
          ]
        ]
      },
      "id": "way/335086294"
    },
    {
      "type": "Feature",
      "properties": {
        "@id": "way/335169251",
        "landuse": "industrial",
        "name": "Vyalikaval Dhobi Ghat",
        "shop": "laundry"
      },
      "geometry": {
        "type": "Polygon",
        "coordinates": [
          [
            [
              77.5740627,
              13.0043945
            ],
            [
              77.5741541,
              13.0043288
            ],
            [
              77.5742185,
              13.0042824
            ],
            [
              77.5741666,
              13.0039679
            ],
            [
              77.5743932,
              13.0039668
            ],
            [
              77.5743992,
              13.0042023
            ],
            [
              77.5744085,
              13.004228
            ],
            [
              77.5745894,
              13.004729
            ],
            [
              77.5751335,
              13.0049758
            ],
            [
              77.5751764,
              13.0053738
            ],
            [
              77.5743076,
              13.0053599
            ],
            [
              77.5742705,
              13.0048392
            ],
            [
              77.5741591,
              13.0048501
            ],
            [
              77.5740627,
              13.0043945
            ]
          ]
        ]
      },
      "id": "way/335169251"
    },
    {
      "type": "Feature",
      "properties": {
        "@id": "way/335369767",
        "landuse": "industrial"
      },
      "geometry": {
        "type": "Polygon",
        "coordinates": [
          [
            [
              77.5910718,
              12.9534304
            ],
            [
              77.590182,
              12.953719
            ],
            [
              77.5902922,
              12.9541145
            ],
            [
              77.5891332,
              12.954522
            ],
            [
              77.5888065,
              12.9536706
            ],
            [
              77.5886637,
              12.9533066
            ],
            [
              77.5883128,
              12.9524112
            ],
            [
              77.5899197,
              12.9518805
            ],
            [
              77.5901642,
              12.9525503
            ],
            [
              77.5906603,
              12.9523852
            ],
            [
              77.5910718,
              12.9534304
            ]
          ]
        ]
      },
      "id": "way/335369767"
    },
    {
      "type": "Feature",
      "properties": {
        "@id": "way/343842762",
        "landuse": "industrial",
        "name": "Liquid Propulsions Systems Centre"
      },
      "geometry": {
        "type": "Polygon",
        "coordinates": [
          [
            [
              77.6464762,
              12.9644386
            ],
            [
              77.6465647,
              12.964748
            ],
            [
              77.6465747,
              12.9647832
            ],
            [
              77.6466811,
              12.9651551
            ],
            [
              77.6470675,
              12.9658932
            ],
            [
              77.6473112,
              12.9662708
            ],
            [
              77.6478249,
              12.9676102
            ],
            [
              77.6477632,
              12.96784
            ],
            [
              77.6478484,
              12.9678649
            ],
            [
              77.6477022,
              12.9683328
            ],
            [
              77.6471024,
              12.9681868
            ],
            [
              77.6470433,
              12.9679963
            ],
            [
              77.6464259,
              12.9680191
            ],
            [
              77.6462298,
              12.9676828
            ],
            [
              77.64603,
              12.9676013
            ],
            [
              77.645159,
              12.9674027
            ],
            [
              77.6451427,
              12.9671856
            ],
            [
              77.6448847,
              12.9671563
            ],
            [
              77.6448804,
              12.9669469
            ],
            [
              77.6434526,
              12.9669213
            ],
            [
              77.6433724,
              12.9669198
            ],
            [
              77.6433623,
              12.9671184
            ],
            [
              77.6430931,
              12.9670228
            ],
            [
              77.6428252,
              12.9670348
            ],
            [
              77.6427574,
              12.9664886
            ],
            [
              77.6442542,
              12.9662235
            ],
            [
              77.6442888,
              12.9662174
            ],
            [
              77.6447771,
              12.9661767
            ],
            [
              77.6453067,
              12.965958
            ],
            [
              77.6454905,
              12.9658422
            ],
            [
              77.645693,
              12.9656553
            ],
            [
              77.6459237,
              12.965437
            ],
            [
              77.6460245,
              12.9652787
            ],
            [
              77.6460578,
              12.9651913
            ],
            [
              77.6460565,
              12.9650554
            ],
            [
              77.6462482,
              12.9649378
            ],
            [
              77.6462093,
              12.9648071
            ],
            [
              77.6463327,
              12.9647365
            ],
            [
              77.6463084,
              12.9645209
            ],
            [
              77.6464762,
              12.9644386
            ]
          ]
        ]
      },
      "id": "way/343842762"
    },
    {
      "type": "Feature",
      "properties": {
        "@id": "way/353760287",
        "landuse": "industrial",
        "man_made": "wastewater_plant"
      },
      "geometry": {
        "type": "Polygon",
        "coordinates": [
          [
            [
              77.5513552,
              13.0160662
            ],
            [
              77.5511734,
              13.0154825
            ],
            [
              77.5516173,
              13.0155549
            ],
            [
              77.5517373,
              13.0159478
            ],
            [
              77.5513552,
              13.0160662
            ]
          ]
        ]
      },
      "id": "way/353760287"
    },
    {
      "type": "Feature",
      "properties": {
        "@id": "way/367149868",
        "landuse": "industrial",
        "man_made": "water_works",
        "name": "BWSSB",
        "name:kn": "ಬೆಂಗಳೂರು ನೀರು ಸರಬರಾಜು ಮತ್ತು ಒಳಚರಂಡಿ ಮಂಡಲಿ",
        "office": "government"
      },
      "geometry": {
        "type": "Polygon",
        "coordinates": [
          [
            [
              77.6210025,
              12.9726095
            ],
            [
              77.6210597,
              12.9723213
            ],
            [
              77.6209536,
              12.9717755
            ],
            [
              77.6211268,
              12.9717303
            ],
            [
              77.6217195,
              12.9721712
            ],
            [
              77.6214929,
              12.9727398
            ],
            [
              77.6210025,
              12.9726095
            ]
          ]
        ]
      },
      "id": "way/367149868"
    },
    {
      "type": "Feature",
      "properties": {
        "@id": "way/374694462",
        "landuse": "industrial"
      },
      "geometry": {
        "type": "Polygon",
        "coordinates": [
          [
            [
              77.6456105,
              12.9639847
            ],
            [
              77.6456807,
              12.963944
            ],
            [
              77.6464165,
              12.9637917
            ],
            [
              77.646436,
              12.9638671
            ],
            [
              77.6464776,
              12.964028
            ],
            [
              77.6457167,
              12.9642921
            ],
            [
              77.6456201,
              12.9640158
            ],
            [
              77.6456105,
              12.9639847
            ]
          ]
        ]
      },
      "id": "way/374694462"
    },
    {
      "type": "Feature",
      "properties": {
        "@id": "way/374694464",
        "landuse": "industrial"
      },
      "geometry": {
        "type": "Polygon",
        "coordinates": [
          [
            [
              77.645833,
              12.9635953
            ],
            [
              77.645766,
              12.9632259
            ],
            [
              77.6457504,
              12.9631114
            ],
            [
              77.6462379,
              12.9630443
            ],
            [
              77.6463994,
              12.9637161
            ],
            [
              77.6462983,
              12.9637407
            ],
            [
              77.6462452,
              12.9635066
            ],
            [
              77.645833,
              12.9635953
            ]
          ]
        ]
      },
      "id": "way/374694464"
    },
    {
      "type": "Feature",
      "properties": {
        "@id": "way/389877538",
        "landuse": "industrial",
        "man_made": "water_works",
        "name": "BWSSB Rajajinagara",
        "operator": "BWSSB"
      },
      "geometry": {
        "type": "Polygon",
        "coordinates": [
          [
            [
              77.5504584,
              13.0068151
            ],
            [
              77.5511359,
              13.0069504
            ],
            [
              77.551235,
              13.0069817
            ],
            [
              77.552047,
              13.0070307
            ],
            [
              77.5522093,
              13.0075958
            ],
            [
              77.552154,
              13.0077647
            ],
            [
              77.5519653,
              13.008814
            ],
            [
              77.5519376,
              13.0089688
            ],
            [
              77.5519324,
              13.0089973
            ],
            [
              77.5512131,
              13.0088337
            ],
            [
              77.5511162,
              13.009429
            ],
            [
              77.5505922,
              13.0093189
            ],
            [
              77.5506763,
              13.0087099
            ],
            [
              77.5501946,
              13.0086064
            ],
            [
              77.5501902,
              13.0081773
            ],
            [
              77.5504031,
              13.0072566
            ],
            [
              77.5504051,
              13.0072428
            ],
            [
              77.5504584,
              13.0068151
            ]
          ]
        ]
      },
      "id": "way/389877538"
    },
    {
      "type": "Feature",
      "properties": {
        "@id": "way/393741534",
        "landuse": "industrial",
        "man_made": "water_works",
        "operator": "BWSSB"
      },
      "geometry": {
        "type": "Polygon",
        "coordinates": [
          [
            [
              77.5574284,
              12.9237741
            ],
            [
              77.5586112,
              12.9236142
            ],
            [
              77.5587208,
              12.9243842
            ],
            [
              77.557538,
              12.9245441
            ],
            [
              77.5574284,
              12.9237741
            ]
          ]
        ]
      },
      "id": "way/393741534"
    },
    {
      "type": "Feature",
      "properties": {
        "@id": "way/393815399",
        "depot": "bus",
        "industrial": "depot",
        "landuse": "industrial",
        "name": "BMTC Depot 15 (Koramangala)",
        "name:kn": "ಕೋರಮಂಗಲ ಡೀಪೋ",
        "operator": "BMTC"
      },
      "geometry": {
        "type": "Polygon",
        "coordinates": [
          [
            [
              77.6247388,
              12.9419371
            ],
            [
              77.6247079,
              12.9418972
            ],
            [
              77.6249909,
              12.9416857
            ],
            [
              77.6247904,
              12.9415055
            ],
            [
              77.6257118,
              12.9405539
            ],
            [
              77.6259651,
              12.9412296
            ],
            [
              77.6259268,
              12.9412753
            ],
            [
              77.6253982,
              12.9419155
            ],
            [
              77.62506,
              12.9422807
            ],
            [
              77.6247388,
              12.9419371
            ]
          ]
        ]
      },
      "id": "way/393815399"
    },
    {
      "type": "Feature",
      "properties": {
        "@id": "way/396853229",
        "landuse": "industrial",
        "name": "All India Radio, Bengaluru",
        "name:kn": "ಆಕಾಶವಾಣಿ",
        "website": "https://allindiaradio.gov.in/station/BANGALORE%20%28Banguluru%29/Pages/default.aspx"
      },
      "geometry": {
        "type": "Polygon",
        "coordinates": [
          [
            [
              77.5926263,
              12.9837381
            ],
            [
              77.592413,
              12.9830344
            ],
            [
              77.5925565,
              12.9827416
            ],
            [
              77.593038,
              12.9825765
            ],
            [
              77.5936836,
              12.9823552
            ],
            [
              77.5939538,
              12.9831038
            ],
            [
              77.5935374,
              12.983247
            ],
            [
              77.5935972,
              12.9834094
            ],
            [
              77.593211,
              12.983544
            ],
            [
              77.592922,
              12.9836381
            ],
            [
              77.5926871,
              12.9837146
            ],
            [
              77.5926263,
              12.9837381
            ]
          ]
        ]
      },
      "id": "way/396853229"
    },
    {
      "type": "Feature",
      "properties": {
        "@id": "way/401829380",
        "landuse": "industrial"
      },
      "geometry": {
        "type": "Polygon",
        "coordinates": [
          [
            [
              77.5056551,
              12.9297399
            ],
            [
              77.5059005,
              12.9296579
            ],
            [
              77.5062857,
              12.9295719
            ],
            [
              77.5068597,
              12.929333
            ],
            [
              77.5069294,
              12.9296995
            ],
            [
              77.5069203,
              12.9302018
            ],
            [
              77.5069385,
              12.9309997
            ],
            [
              77.5064504,
              12.9310677
            ],
            [
              77.5060441,
              12.9302107
            ],
            [
              77.5058592,
              12.9299654
            ],
            [
              77.5056551,
              12.9297399
            ]
          ]
        ]
      },
      "id": "way/401829380"
    },
    {
      "type": "Feature",
      "properties": {
        "@id": "way/401829381",
        "landuse": "industrial"
      },
      "geometry": {
        "type": "Polygon",
        "coordinates": [
          [
            [
              77.5104005,
              12.9177868
            ],
            [
              77.5109535,
              12.9176721
            ],
            [
              77.5117768,
              12.9176876
            ],
            [
              77.5116338,
              12.9180966
            ],
            [
              77.5114971,
              12.9192832
            ],
            [
              77.5115606,
              12.9197572
            ],
            [
              77.5109472,
              12.9199462
            ],
            [
              77.5107851,
              12.9192553
            ],
            [
              77.5105181,
              12.9183599
            ],
            [
              77.5104259,
              12.9180656
            ],
            [
              77.5104005,
              12.9177868
            ]
          ]
        ]
      },
      "id": "way/401829381"
    },
    {
      "type": "Feature",
      "properties": {
        "@id": "way/401829383",
        "landuse": "industrial"
      },
      "geometry": {
        "type": "Polygon",
        "coordinates": [
          [
            [
              77.5026386,
              12.9281047
            ],
            [
              77.5032903,
              12.9289071
            ],
            [
              77.5036033,
              12.9291662
            ],
            [
              77.5039082,
              12.9293023
            ],
            [
              77.5040757,
              12.9293692
            ],
            [
              77.5044008,
              12.9294632
            ],
            [
              77.5048126,
              12.9295821
            ],
            [
              77.5049548,
              12.9296232
            ],
            [
              77.5052592,
              12.929795
            ],
            [
              77.5054997,
              12.930001
            ],
            [
              77.506176,
              12.931051
            ],
            [
              77.5060961,
              12.9311801
            ],
            [
              77.5039811,
              12.9298167
            ],
            [
              77.5037565,
              12.9296719
            ],
            [
              77.5036333,
              12.9295925
            ],
            [
              77.5033289,
              12.9292958
            ],
            [
              77.5024515,
              12.9282442
            ],
            [
              77.5026386,
              12.9281047
            ]
          ]
        ]
      },
      "id": "way/401829383"
    },
    {
      "type": "Feature",
      "properties": {
        "@id": "way/401829384",
        "landuse": "industrial"
      },
      "geometry": {
        "type": "Polygon",
        "coordinates": [
          [
            [
              77.5033486,
              12.9267099
            ],
            [
              77.503573,
              12.9265335
            ],
            [
              77.5036143,
              12.926501
            ],
            [
              77.503988,
              12.9262744
            ],
            [
              77.5042225,
              12.926586
            ],
            [
              77.5042266,
              12.9267938
            ],
            [
              77.504535,
              12.9270056
            ],
            [
              77.5051761,
              12.9274814
            ],
            [
              77.5058493,
              12.9279807
            ],
            [
              77.5060961,
              12.9281245
            ],
            [
              77.5052834,
              12.9287914
            ],
            [
              77.5052751,
              12.9294955
            ],
            [
              77.5038842,
              12.9289816
            ],
            [
              77.5041072,
              12.9282944
            ],
            [
              77.5039999,
              12.9282173
            ],
            [
              77.5035065,
              12.9286388
            ],
            [
              77.5031716,
              12.9282705
            ],
            [
              77.5039235,
              12.927735
            ],
            [
              77.5036821,
              12.9275494
            ],
            [
              77.5038752,
              12.9273873
            ],
            [
              77.5036003,
              12.9270304
            ],
            [
              77.5033486,
              12.9267099
            ]
          ]
        ]
      },
      "id": "way/401829384"
    },
    {
      "type": "Feature",
      "properties": {
        "@id": "way/401993952",
        "landuse": "industrial"
      },
      "geometry": {
        "type": "Polygon",
        "coordinates": [
          [
            [
              77.6058431,
              12.9517685
            ],
            [
              77.6057519,
              12.95077
            ],
            [
              77.6064466,
              12.9505974
            ],
            [
              77.6063688,
              12.950072
            ],
            [
              77.6072614,
              12.9499212
            ],
            [
              77.6072968,
              12.9499152
            ],
            [
              77.6073773,
              12.9504511
            ],
            [
              77.6074926,
              12.950438
            ],
            [
              77.6076831,
              12.9514313
            ],
            [
              77.6058431,
              12.9517685
            ]
          ]
        ]
      },
      "id": "way/401993952"
    },
    {
      "type": "Feature",
      "properties": {
        "@id": "way/408938048",
        "landuse": "industrial",
        "name": "Suryodaya Industries"
      },
      "geometry": {
        "type": "Polygon",
        "coordinates": [
          [
            [
              77.5483367,
              13.0251965
            ],
            [
              77.5482942,
              13.0252181
            ],
            [
              77.5478941,
              13.0254186
            ],
            [
              77.5476822,
              13.0247993
            ],
            [
              77.5480148,
              13.0246111
            ],
            [
              77.5483367,
              13.0251965
            ]
          ]
        ]
      },
      "id": "way/408938048"
    },
    {
      "type": "Feature",
      "properties": {
        "@id": "way/423892016",
        "landuse": "industrial",
        "name": "Avana Electrosystems Pvt Ltd",
        "name:kn": "ಅವನ ಎಲೆಕ್ಟ್ರೋಸಿಸ್ಟಮ್ಸ್",
        "phone": "+91-80-28392133, 28392188.",
        "website": "http://www.avanaelectrosystems.in"
      },
      "geometry": {
        "type": "Polygon",
        "coordinates": [
          [
            [
              77.5126991,
              13.0265831
            ],
            [
              77.5126098,
              13.0262199
            ],
            [
              77.5129364,
              13.0261539
            ],
            [
              77.5130196,
              13.0265021
            ],
            [
              77.5126991,
              13.0265831
            ]
          ]
        ]
      },
      "id": "way/423892016"
    },
    {
      "type": "Feature",
      "properties": {
        "@id": "way/437848259",
        "depot": "bus",
        "industrial": "depot",
        "landuse": "industrial",
        "name": "BMTC Depot 17 (Chandra Layout)",
        "name:kn": "ಬೆಂ.ಮ.ಸಾ.ಸಂ. ಡೆಪೋ ೧೭",
        "operator": "BMTC"
      },
      "geometry": {
        "type": "Polygon",
        "coordinates": [
          [
            [
              77.5268772,
              12.9587613
            ],
            [
              77.5275135,
              12.9584397
            ],
            [
              77.5277737,
              12.9592213
            ],
            [
              77.5271407,
              12.9594682
            ],
            [
              77.5268772,
              12.9587613
            ]
          ]
        ]
      },
      "id": "way/437848259"
    },
    {
      "type": "Feature",
      "properties": {
        "@id": "way/442048046",
        "landuse": "industrial"
      },
      "geometry": {
        "type": "Polygon",
        "coordinates": [
          [
            [
              77.5993676,
              12.920173
            ],
            [
              77.5999123,
              12.9201638
            ],
            [
              77.5999177,
              12.9204674
            ],
            [
              77.5996847,
              12.9204713
            ],
            [
              77.5996812,
              12.9202724
            ],
            [
              77.5993691,
              12.9202777
            ],
            [
              77.5987766,
              12.9202877
            ],
            [
              77.5987694,
              12.9198835
            ],
            [
              77.5993623,
              12.9198736
            ],
            [
              77.5993641,
              12.9199755
            ],
            [
              77.5993676,
              12.920173
            ]
          ]
        ]
      },
      "id": "way/442048046"
    },
    {
      "type": "Feature",
      "properties": {
        "@id": "way/571057346",
        "landuse": "industrial",
        "man_made": "water_works",
        "name": "BWSSB Indiranagar",
        "name:kn": "ಬೆಂ.ನಿ.ಸ, ಮತ್ತು ಒ.ಚ.ಮಂ. ಇಂದಿರನಗರ",
        "operator": "BWSSB"
      },
      "geometry": {
        "type": "Polygon",
        "coordinates": [
          [
            [
              77.6443457,
              12.9720521
            ],
            [
              77.6443551,
              12.9717116
            ],
            [
              77.6448547,
              12.9717247
            ],
            [
              77.6448382,
              12.9722761
            ],
            [
              77.644392,
              12.9722615
            ],
            [
              77.6443982,
              12.9720535
            ],
            [
              77.6443457,
              12.9720521
            ]
          ]
        ]
      },
      "id": "way/571057346"
    },
    {
      "type": "Feature",
      "properties": {
        "@id": "way/674181127",
        "landuse": "industrial"
      },
      "geometry": {
        "type": "Polygon",
        "coordinates": [
          [
            [
              77.5202969,
              13.0274755
            ],
            [
              77.5208294,
              13.0260234
            ],
            [
              77.5225085,
              13.0274345
            ],
            [
              77.5232059,
              13.0281819
            ],
            [
              77.5239596,
              13.0292838
            ],
            [
              77.5236607,
              13.0292114
            ],
            [
              77.5235205,
              13.0291774
            ],
            [
              77.5231691,
              13.0290923
            ],
            [
              77.5220589,
              13.0288233
            ],
            [
              77.5217459,
              13.0287475
            ],
            [
              77.5209168,
              13.0284252
            ],
            [
              77.5210521,
              13.0279389
            ],
            [
              77.5202969,
              13.0274755
            ]
          ]
        ]
      },
      "id": "way/674181127"
    },
    {
      "type": "Feature",
      "properties": {
        "@id": "way/674181128",
        "landuse": "industrial",
        "name": "Peenya Substation"
      },
      "geometry": {
        "type": "Polygon",
        "coordinates": [
          [
            [
              77.5237187,
              13.0284584
            ],
            [
              77.5233398,
              13.0273285
            ],
            [
              77.5237557,
              13.0271314
            ],
            [
              77.5236592,
              13.0269537
            ],
            [
              77.5247133,
              13.0264259
            ],
            [
              77.526406,
              13.0255243
            ],
            [
              77.5271113,
              13.0251486
            ],
            [
              77.5272734,
              13.0251885
            ],
            [
              77.5273567,
              13.0265912
            ],
            [
              77.5284912,
              13.0270986
            ],
            [
              77.5282752,
              13.0272203
            ],
            [
              77.5275189,
              13.0281871
            ],
            [
              77.5277495,
              13.0287307
            ],
            [
              77.5279963,
              13.0287464
            ],
            [
              77.5284415,
              13.0297916
            ],
            [
              77.5285703,
              13.0297603
            ],
            [
              77.529155,
              13.03137
            ],
            [
              77.5273257,
              13.0317776
            ],
            [
              77.5271581,
              13.0317136
            ],
            [
              77.5264339,
              13.0317436
            ],
            [
              77.5258921,
              13.0318795
            ],
            [
              77.5256655,
              13.0315463
            ],
            [
              77.5253208,
              13.0312092
            ],
            [
              77.5251719,
              13.0307924
            ],
            [
              77.5247857,
              13.0297341
            ],
            [
              77.5245979,
              13.0294728
            ],
            [
              77.5242707,
              13.0292324
            ],
            [
              77.5237187,
              13.0284584
            ]
          ]
        ]
      },
      "id": "way/674181128"
    },
    {
      "type": "Feature",
      "properties": {
        "@id": "way/675909874",
        "landuse": "industrial"
      },
      "geometry": {
        "type": "Polygon",
        "coordinates": [
          [
            [
              77.6308107,
              13.0290312
            ],
            [
              77.6306134,
              13.0285092
            ],
            [
              77.6315612,
              13.0281671
            ],
            [
              77.6316894,
              13.0282383
            ],
            [
              77.6313177,
              13.028958
            ],
            [
              77.6308107,
              13.0290312
            ]
          ]
        ]
      },
      "id": "way/675909874"
    },
    {
      "type": "Feature",
      "properties": {
        "@id": "way/687216882",
        "depot": "bus",
        "industrial": "depot",
        "landuse": "industrial",
        "name": "BMTC Depot 10 (Hennuru)",
        "name:kn": "ಬೆಂ.ಮ.ಸಾ.ಸಂ. ಡೆಪೋ ೧೦ ಹೆಣ್ಣೂರು",
        "operator": "BMTC"
      },
      "geometry": {
        "type": "Polygon",
        "coordinates": [
          [
            [
              77.631669,
              13.0252734
            ],
            [
              77.6322404,
              13.0251937
            ],
            [
              77.6327768,
              13.0249258
            ],
            [
              77.633222,
              13.0258966
            ],
            [
              77.6331596,
              13.0259135
            ],
            [
              77.6323247,
              13.0261396
            ],
            [
              77.6319962,
              13.0262286
            ],
            [
              77.631669,
              13.0252734
            ]
          ]
        ]
      },
      "id": "way/687216882"
    },
    {
      "type": "Feature",
      "properties": {
        "@id": "way/687319741",
        "landuse": "industrial"
      },
      "geometry": {
        "type": "Polygon",
        "coordinates": [
          [
            [
              77.5462518,
              12.9540817
            ],
            [
              77.5462997,
              12.9553475
            ],
            [
              77.5462729,
              12.95575
            ],
            [
              77.5462442,
              12.9558503
            ],
            [
              77.5455186,
              12.9554114
            ],
            [
              77.5442706,
              12.954382
            ],
            [
              77.5444704,
              12.953204
            ],
            [
              77.5462518,
              12.9540817
            ]
          ]
        ]
      },
      "id": "way/687319741"
    },
    {
      "type": "Feature",
      "properties": {
        "@id": "way/687319742",
        "landuse": "industrial"
      },
      "geometry": {
        "type": "Polygon",
        "coordinates": [
          [
            [
              77.5463867,
              12.9559213
            ],
            [
              77.5464016,
              12.9545215
            ],
            [
              77.5462997,
              12.9518866
            ],
            [
              77.5466645,
              12.9519023
            ],
            [
              77.5471044,
              12.9518814
            ],
            [
              77.5474764,
              12.9519785
            ],
            [
              77.5477861,
              12.9520594
            ],
            [
              77.5478151,
              12.952067
            ],
            [
              77.5478151,
              12.9521349
            ],
            [
              77.548247,
              12.95208
            ],
            [
              77.5487941,
              12.9518944
            ],
            [
              77.5489819,
              12.9518605
            ],
            [
              77.5490838,
              12.9523231
            ],
            [
              77.5485232,
              12.9524016
            ],
            [
              77.5485206,
              12.9525009
            ],
            [
              77.5473002,
              12.9527152
            ],
            [
              77.5473538,
              12.9529505
            ],
            [
              77.5471634,
              12.9530158
            ],
            [
              77.5475147,
              12.9543124
            ],
            [
              77.5475121,
              12.9546339
            ],
            [
              77.547614,
              12.9546208
            ],
            [
              77.5476167,
              12.9551854
            ],
            [
              77.5482067,
              12.9551671
            ],
            [
              77.5481638,
              12.9564296
            ],
            [
              77.5468925,
              12.9561944
            ],
            [
              77.5463867,
              12.9559213
            ]
          ]
        ]
      },
      "id": "way/687319742"
    },
    {
      "type": "Feature",
      "properties": {
        "@id": "way/687319743",
        "landuse": "industrial"
      },
      "geometry": {
        "type": "Polygon",
        "coordinates": [
          [
            [
              77.5444892,
              12.9530213
            ],
            [
              77.5445469,
              12.9522785
            ],
            [
              77.5455272,
              12.9517716
            ],
            [
              77.5458384,
              12.9518239
            ],
            [
              77.546187,
              12.951965
            ],
            [
              77.546246,
              12.9539307
            ],
            [
              77.5452912,
              12.9534419
            ],
            [
              77.5454038,
              12.9529296
            ],
            [
              77.5452317,
              12.9528606
            ],
            [
              77.5449666,
              12.9527544
            ],
            [
              77.5447816,
              12.953191
            ],
            [
              77.5444892,
              12.9530213
            ]
          ]
        ]
      },
      "id": "way/687319743"
    },
    {
      "type": "Feature",
      "properties": {
        "@id": "way/687319744",
        "landuse": "industrial"
      },
      "geometry": {
        "type": "Polygon",
        "coordinates": [
          [
            [
              77.5442878,
              12.9512156
            ],
            [
              77.5434202,
              12.9482013
            ],
            [
              77.5443171,
              12.9478398
            ],
            [
              77.5444758,
              12.9479865
            ],
            [
              77.5449854,
              12.9499235
            ],
            [
              77.5451678,
              12.9505352
            ],
            [
              77.5452322,
              12.9506685
            ],
            [
              77.5442878,
              12.9512156
            ]
          ]
        ]
      },
      "id": "way/687319744"
    },
    {
      "type": "Feature",
      "properties": {
        "@id": "way/687319745",
        "landuse": "industrial"
      },
      "geometry": {
        "type": "Polygon",
        "coordinates": [
          [
            [
              77.5445527,
              12.9479152
            ],
            [
              77.5453421,
              12.9483237
            ],
            [
              77.5461606,
              12.9487674
            ],
            [
              77.5463855,
              12.950198
            ],
            [
              77.5464204,
              12.9503444
            ],
            [
              77.5461951,
              12.9513664
            ],
            [
              77.5454494,
              12.9506214
            ],
            [
              77.5452188,
              12.9503627
            ],
            [
              77.5446635,
              12.9483446
            ],
            [
              77.5445527,
              12.9479152
            ]
          ]
        ]
      },
      "id": "way/687319745"
    },
    {
      "type": "Feature",
      "properties": {
        "@id": "way/687319746",
        "landuse": "industrial"
      },
      "geometry": {
        "type": "Polygon",
        "coordinates": [
          [
            [
              77.5463167,
              12.9488497
            ],
            [
              77.547727,
              12.949585
            ],
            [
              77.5477642,
              12.9498189
            ],
            [
              77.5468361,
              12.9502868
            ],
            [
              77.546643,
              12.9503025
            ],
            [
              77.5465009,
              12.9502346
            ],
            [
              77.5463989,
              12.9494085
            ],
            [
              77.5463167,
              12.9488497
            ]
          ]
        ]
      },
      "id": "way/687319746"
    },
    {
      "type": "Feature",
      "properties": {
        "@id": "way/687319747",
        "landuse": "industrial"
      },
      "geometry": {
        "type": "Polygon",
        "coordinates": [
          [
            [
              77.5477527,
              12.9499496
            ],
            [
              77.547968,
              12.9507887
            ],
            [
              77.5481741,
              12.9517295
            ],
            [
              77.5480565,
              12.9517454
            ],
            [
              77.5476032,
              12.9517062
            ],
            [
              77.5463453,
              12.9515285
            ],
            [
              77.546466,
              12.9508201
            ],
            [
              77.5465491,
              12.9504594
            ],
            [
              77.5470856,
              12.9502973
            ],
            [
              77.5477527,
              12.9499496
            ]
          ]
        ]
      },
      "id": "way/687319747"
    },
    {
      "type": "Feature",
      "properties": {
        "@id": "way/688353431",
        "landuse": "industrial"
      },
      "geometry": {
        "type": "Polygon",
        "coordinates": [
          [
            [
              77.6212478,
              12.9776282
            ],
            [
              77.6211387,
              12.9776799
            ],
            [
              77.6206532,
              12.9774525
            ],
            [
              77.6204628,
              12.9773584
            ],
            [
              77.6210185,
              12.9772561
            ],
            [
              77.6212478,
              12.9776282
            ]
          ]
        ]
      },
      "id": "way/688353431"
    },
    {
      "type": "Feature",
      "properties": {
        "@id": "way/688353432",
        "landuse": "industrial",
        "man_made": "works",
        "name": "Srinivasa Oil Mill"
      },
      "geometry": {
        "type": "Polygon",
        "coordinates": [
          [
            [
              77.6230095,
              12.978153
            ],
            [
              77.6230122,
              12.9780197
            ],
            [
              77.6231571,
              12.9780223
            ],
            [
              77.6231638,
              12.9781595
            ],
            [
              77.6230095,
              12.978153
            ]
          ]
        ]
      },
      "id": "way/688353432"
    },
    {
      "type": "Feature",
      "properties": {
        "@id": "way/691153650",
        "landuse": "industrial",
        "man_made": "wastewater_plant",
        "name": "Halasuru 2MLD Sewage Treatment Plant",
        "name:kn": "ಕೊಳಚೆ ನೀರು ಸಂಸ್ಕರಣ ಘಟಕ",
        "note": "Halasuru 2MLD Sewage Treatment Plant",
        "operator": "BWSSB",
        "utility": "sewerage"
      },
      "geometry": {
        "type": "Polygon",
        "coordinates": [
          [
            [
              77.6224598,
              12.9867378
            ],
            [
              77.6224797,
              12.9871048
            ],
            [
              77.6222396,
              12.9871171
            ],
            [
              77.6222197,
              12.9867501
            ],
            [
              77.6221363,
              12.986318
            ],
            [
              77.6224391,
              12.9863075
            ],
            [
              77.6224598,
              12.9867378
            ]
          ]
        ]
      },
      "id": "way/691153650"
    },
    {
      "type": "Feature",
      "properties": {
        "@id": "way/702813549",
        "landuse": "industrial"
      },
      "geometry": {
        "type": "Polygon",
        "coordinates": [
          [
            [
              77.5046896,
              13.0183529
            ],
            [
              77.5052511,
              13.0180076
            ],
            [
              77.5058838,
              13.0189841
            ],
            [
              77.5053223,
              13.0193294
            ],
            [
              77.5046896,
              13.0183529
            ]
          ]
        ]
      },
      "id": "way/702813549"
    },
    {
      "type": "Feature",
      "properties": {
        "@id": "way/734149444",
        "landuse": "industrial"
      },
      "geometry": {
        "type": "Polygon",
        "coordinates": [
          [
            [
              77.5172524,
              12.9361792
            ],
            [
              77.5167471,
              12.9361867
            ],
            [
              77.5166479,
              12.9355004
            ],
            [
              77.515888,
              12.9354379
            ],
            [
              77.5157735,
              12.9354285
            ],
            [
              77.5158419,
              12.9350207
            ],
            [
              77.5159129,
              12.9345737
            ],
            [
              77.5160712,
              12.9343136
            ],
            [
              77.5162549,
              12.93426
            ],
            [
              77.5165366,
              12.9343659
            ],
            [
              77.5166774,
              12.9345005
            ],
            [
              77.5170234,
              12.9349344
            ],
            [
              77.5172387,
              12.9349635
            ],
            [
              77.5172524,
              12.9361792
            ]
          ]
        ]
      },
      "id": "way/734149444"
    },
    {
      "type": "Feature",
      "properties": {
        "@id": "way/766245133",
        "landuse": "industrial"
      },
      "geometry": {
        "type": "Polygon",
        "coordinates": [
          [
            [
              77.5323509,
              12.9484485
            ],
            [
              77.5322636,
              12.948127
            ],
            [
              77.5322181,
              12.9474435
            ],
            [
              77.5340548,
              12.94802
            ],
            [
              77.5337416,
              12.9482401
            ],
            [
              77.5333017,
              12.9482584
            ],
            [
              77.5331891,
              12.9483446
            ],
            [
              77.5323509,
              12.9484485
            ]
          ]
        ]
      },
      "id": "way/766245133"
    },
    {
      "type": "Feature",
      "properties": {
        "@id": "way/768703823",
        "landuse": "industrial"
      },
      "geometry": {
        "type": "Polygon",
        "coordinates": [
          [
            [
              77.5369614,
              12.9478144
            ],
            [
              77.5370044,
              12.9481499
            ],
            [
              77.5357749,
              12.9485753
            ],
            [
              77.535418,
              12.9483499
            ],
            [
              77.5354689,
              12.9482532
            ],
            [
              77.5369614,
              12.9478144
            ]
          ]
        ]
      },
      "id": "way/768703823"
    },
    {
      "type": "Feature",
      "properties": {
        "@id": "way/770851391",
        "landuse": "industrial"
      },
      "geometry": {
        "type": "Polygon",
        "coordinates": [
          [
            [
              77.5037974,
              12.9239103
            ],
            [
              77.5043446,
              12.9245364
            ],
            [
              77.5039034,
              12.9248018
            ],
            [
              77.5035077,
              12.9242593
            ],
            [
              77.5037974,
              12.9239103
            ]
          ]
        ]
      },
      "id": "way/770851391"
    },
    {
      "type": "Feature",
      "properties": {
        "@id": "way/770851395",
        "landuse": "industrial"
      },
      "geometry": {
        "type": "Polygon",
        "coordinates": [
          [
            [
              77.5033491,
              12.9262601
            ],
            [
              77.503573,
              12.9265335
            ],
            [
              77.5033486,
              12.9267099
            ],
            [
              77.5033148,
              12.9267365
            ],
            [
              77.5030888,
              12.9264612
            ],
            [
              77.5033491,
              12.9262601
            ]
          ]
        ]
      },
      "id": "way/770851395"
    },
    {
      "type": "Feature",
      "properties": {
        "@id": "way/771373937",
        "landuse": "industrial"
      },
      "geometry": {
        "type": "Polygon",
        "coordinates": [
          [
            [
              77.5071099,
              12.9292486
            ],
            [
              77.5074479,
              12.929131
            ],
            [
              77.5076464,
              12.9290917
            ],
            [
              77.5077912,
              12.9304537
            ],
            [
              77.5078395,
              12.9306969
            ],
            [
              77.5079387,
              12.9307308
            ],
            [
              77.5083464,
              12.9306864
            ],
            [
              77.508333,
              12.931272
            ],
            [
              77.5091189,
              12.9312668
            ],
            [
              77.5090445,
              12.9315496
            ],
            [
              77.5089043,
              12.9320824
            ],
            [
              77.5085261,
              12.9317634
            ],
            [
              77.5082472,
              12.9315778
            ],
            [
              77.5076088,
              12.9312066
            ],
            [
              77.5073111,
              12.931021
            ],
            [
              77.5071368,
              12.9308485
            ],
            [
              77.5071824,
              12.9301165
            ],
            [
              77.5071099,
              12.9292486
            ]
          ]
        ]
      },
      "id": "way/771373937"
    },
    {
      "type": "Feature",
      "properties": {
        "@id": "way/772827144",
        "landuse": "industrial"
      },
      "geometry": {
        "type": "Polygon",
        "coordinates": [
          [
            [
              77.552395,
              13.0204769
            ],
            [
              77.5520034,
              13.019608
            ],
            [
              77.5526364,
              13.0199137
            ],
            [
              77.552395,
              13.0204769
            ]
          ]
        ]
      },
      "id": "way/772827144"
    },
    {
      "type": "Feature",
      "properties": {
        "@id": "way/772827149",
        "landuse": "industrial",
        "name": "Mandovi Motors Pvt. Ltd.",
        "name:kn": "ಮಂಡೋವಿ ಮೋಟರ್ಸ್"
      },
      "geometry": {
        "type": "Polygon",
        "coordinates": [
          [
            [
              77.5544874,
              13.0173655
            ],
            [
              77.5543705,
              13.0177582
            ],
            [
              77.5539718,
              13.017633
            ],
            [
              77.5540814,
              13.0172221
            ],
            [
              77.5544874,
              13.0173655
            ]
          ]
        ]
      },
      "id": "way/772827149"
    },
    {
      "type": "Feature",
      "properties": {
        "@id": "way/772827150",
        "landuse": "industrial"
      },
      "geometry": {
        "type": "Polygon",
        "coordinates": [
          [
            [
              77.5543705,
              13.0177582
            ],
            [
              77.5542597,
              13.0181306
            ],
            [
              77.5540026,
              13.0186574
            ],
            [
              77.5536928,
              13.0185471
            ],
            [
              77.5539718,
              13.017633
            ],
            [
              77.5543705,
              13.0177582
            ]
          ]
        ]
      },
      "id": "way/772827150"
    },
    {
      "type": "Feature",
      "properties": {
        "@id": "way/780991645",
        "landuse": "industrial",
        "name": "Binny Mills",
        "name:kn": "ಬಿನ್ನಿ ಮಿಲ್ಸ್"
      },
      "geometry": {
        "type": "Polygon",
        "coordinates": [
          [
            [
              77.5672236,
              12.9683724
            ],
            [
              77.5671539,
              12.9680561
            ],
            [
              77.5671245,
              12.967027
            ],
            [
              77.5677937,
              12.9670351
            ],
            [
              77.5677909,
              12.9672602
            ],
            [
              77.5679532,
              12.967268
            ],
            [
              77.5679126,
              12.9681934
            ],
            [
              77.5674312,
              12.9682459
            ],
            [
              77.5672236,
              12.9683724
            ]
          ]
        ]
      },
      "id": "way/780991645"
    },
    {
      "type": "Feature",
      "properties": {
        "@id": "way/781287760",
        "landuse": "industrial",
        "man_made": "wastewater_plant",
        "name": "Agaram 35MLD Sewage Treatment Plant",
        "operator": "Bangalore Water Supply and Sewerage Board",
        "operator:short": "BWSSB",
        "operator:wikidata": "Q4855083",
        "utility": "sewerage"
      },
      "geometry": {
        "type": "Polygon",
        "coordinates": [
          [
            [
              77.6388212,
              12.9158416
            ],
            [
              77.6388512,
              12.9157691
            ],
            [
              77.6415929,
              12.9156317
            ],
            [
              77.6416619,
              12.9157411
            ],
            [
              77.6405912,
              12.9158108
            ],
            [
              77.6411077,
              12.9164517
            ],
            [
              77.641553,
              12.9172517
            ],
            [
              77.6411426,
              12.9172399
            ],
            [
              77.6404265,
              12.9165877
            ],
            [
              77.6398028,
              12.9161942
            ],
            [
              77.6388212,
              12.9158416
            ]
          ]
        ]
      },
      "id": "way/781287760"
    },
    {
      "type": "Feature",
      "properties": {
        "@id": "way/781532337",
        "industrial": "distributor",
        "landuse": "industrial"
      },
      "geometry": {
        "type": "Polygon",
        "coordinates": [
          [
            [
              77.536887,
              13.0233603
            ],
            [
              77.5357362,
              13.0239777
            ],
            [
              77.5353363,
              13.0231658
            ],
            [
              77.5336738,
              13.0239571
            ],
            [
              77.5329624,
              13.0225649
            ],
            [
              77.5331619,
              13.0225253
            ],
            [
              77.5331427,
              13.0225658
            ],
            [
              77.5336147,
              13.0235275
            ],
            [
              77.5346769,
              13.0220955
            ],
            [
              77.5351283,
              13.0220226
            ],
            [
              77.5350532,
              13.0217822
            ],
            [
              77.5353214,
              13.0217142
            ],
            [
              77.5357398,
              13.0214764
            ],
            [
              77.5363246,
              13.0211498
            ],
            [
              77.537325,
              13.0205226
            ],
            [
              77.5397444,
              13.0191036
            ],
            [
              77.540438,
              13.0203167
            ],
            [
              77.5384592,
              13.0214567
            ],
            [
              77.5383065,
              13.0214363
            ],
            [
              77.5381407,
              13.0214165
            ],
            [
              77.5380612,
              13.021407
            ],
            [
              77.5380779,
              13.0212488
            ],
            [
              77.5379277,
              13.0209665
            ],
            [
              77.5368227,
              13.0232766
            ],
            [
              77.536887,
              13.0233603
            ]
          ]
        ]
      },
      "id": "way/781532337"
    },
    {
      "type": "Feature",
      "properties": {
        "@id": "way/781588914",
        "landuse": "industrial"
      },
      "geometry": {
        "type": "Polygon",
        "coordinates": [
          [
            [
              77.557746,
              12.9784719
            ],
            [
              77.5574,
              12.9782523
            ],
            [
              77.5569239,
              12.9782484
            ],
            [
              77.556881,
              12.9775532
            ],
            [
              77.5568016,
              12.9773177
            ],
            [
              77.5574714,
              12.977351
            ],
            [
              77.557459,
              12.9776355
            ],
            [
              77.557852,
              12.9776838
            ],
            [
              77.5578774,
              12.9784013
            ],
            [
              77.557746,
              12.9784719
            ]
          ]
        ]
      },
      "id": "way/781588914"
    },
    {
      "type": "Feature",
      "properties": {
        "@id": "way/820141179",
        "landuse": "industrial",
        "name": "Nagadevi Industrial Complex",
        "name:kn": "ನಾಗದೇವಿ ಕೈಗಾರಿಕಾ ಪ್ರದೇಶ"
      },
      "geometry": {
        "type": "Polygon",
        "coordinates": [
          [
            [
              77.6318767,
              13.0184196
            ],
            [
              77.6316486,
              13.0178874
            ],
            [
              77.6324322,
              13.0175685
            ],
            [
              77.6324675,
              13.0176702
            ],
            [
              77.6323865,
              13.0177029
            ],
            [
              77.6324858,
              13.0179799
            ],
            [
              77.6324657,
              13.018038
            ],
            [
              77.6325347,
              13.0182458
            ],
            [
              77.6321505,
              13.0183673
            ],
            [
              77.6318767,
              13.0184196
            ]
          ]
        ]
      },
      "id": "way/820141179"
    },
    {
      "type": "Feature",
      "properties": {
        "@id": "way/991965857",
        "landuse": "industrial"
      },
      "geometry": {
        "type": "Polygon",
        "coordinates": [
          [
            [
              77.5645178,
              12.9785309
            ],
            [
              77.5628875,
              12.9783714
            ],
            [
              77.5629003,
              12.9782082
            ],
            [
              77.5633621,
              12.9782551
            ],
            [
              77.5635155,
              12.9778458
            ],
            [
              77.5640975,
              12.9778537
            ],
            [
              77.5647094,
              12.9778976
            ],
            [
              77.5646539,
              12.9781695
            ],
            [
              77.5645178,
              12.9785309
            ]
          ]
        ]
      },
      "id": "way/991965857"
    },
    {
      "type": "Feature",
      "properties": {
        "@id": "way/995864551",
        "landuse": "industrial"
      },
      "geometry": {
        "type": "Polygon",
        "coordinates": [
          [
            [
              77.5478607,
              13.0137542
            ],
            [
              77.5478688,
              13.0133557
            ],
            [
              77.5485943,
              13.0133661
            ],
            [
              77.5486963,
              13.0135308
            ],
            [
              77.547909,
              13.0137466
            ],
            [
              77.5478607,
              13.0137542
            ]
          ]
        ]
      },
      "id": "way/995864551"
    },
    {
      "type": "Feature",
      "properties": {
        "@id": "way/995864553",
        "landuse": "industrial"
      },
      "geometry": {
        "type": "Polygon",
        "coordinates": [
          [
            [
              77.5513771,
              13.0145617
            ],
            [
              77.5495049,
              13.0142011
            ],
            [
              77.5493467,
              13.0138561
            ],
            [
              77.5494218,
              13.0136131
            ],
            [
              77.5514066,
              13.013945
            ],
            [
              77.5513771,
              13.0145617
            ]
          ]
        ]
      },
      "id": "way/995864553"
    },
    {
      "type": "Feature",
      "properties": {
        "@id": "way/996044803",
        "landuse": "industrial",
        "name": "Mysore Fruit Products Pvt. Ltd.",
        "office": "company"
      },
      "geometry": {
        "type": "Polygon",
        "coordinates": [
          [
            [
              77.5489859,
              13.0104548
            ],
            [
              77.5490463,
              13.0107227
            ],
            [
              77.5489846,
              13.0107358
            ],
            [
              77.5490141,
              13.0108299
            ],
            [
              77.5491589,
              13.0107881
            ],
            [
              77.549234,
              13.0109814
            ],
            [
              77.5493225,
              13.0109631
            ],
            [
              77.5493494,
              13.0110703
            ],
            [
              77.549395,
              13.0110598
            ],
            [
              77.5494406,
              13.0111957
            ],
            [
              77.5495237,
              13.0111827
            ],
            [
              77.5495908,
              13.0114806
            ],
            [
              77.5502771,
              13.0114301
            ],
            [
              77.5504772,
              13.0116139
            ],
            [
              77.5487432,
              13.0117955
            ],
            [
              77.548483,
              13.0117537
            ],
            [
              77.5482389,
              13.0118452
            ],
            [
              77.5479197,
              13.0114741
            ],
            [
              77.5480109,
              13.0111147
            ],
            [
              77.5478956,
              13.0106313
            ],
            [
              77.5483556,
              13.0104091
            ],
            [
              77.5484133,
              13.010613
            ],
            [
              77.5489859,
              13.0104548
            ]
          ]
        ]
      },
      "id": "way/996044803"
    },
    {
      "type": "Feature",
      "properties": {
        "@id": "way/996267808",
        "landuse": "industrial"
      },
      "geometry": {
        "type": "Polygon",
        "coordinates": [
          [
            [
              77.5483516,
              13.0146375
            ],
            [
              77.5481095,
              13.0140723
            ],
            [
              77.5488032,
              13.0137953
            ],
            [
              77.5488029,
              13.0137935
            ],
            [
              77.5487087,
              13.0135591
            ],
            [
              77.5486963,
              13.0135308
            ],
            [
              77.5492676,
              13.0135699
            ],
            [
              77.5491764,
              13.0138587
            ],
            [
              77.5492796,
              13.0142586
            ],
            [
              77.5483516,
              13.0146375
            ]
          ]
        ]
      },
      "id": "way/996267808"
    },
    {
      "type": "Feature",
      "properties": {
        "@id": "way/1007237262",
        "landuse": "industrial"
      },
      "geometry": {
        "type": "Polygon",
        "coordinates": [
          [
            [
              77.5899197,
              12.9518805
            ],
            [
              77.5902584,
              12.951769
            ],
            [
              77.5903751,
              12.9518291
            ],
            [
              77.590483,
              12.9518768
            ],
            [
              77.5906603,
              12.9523852
            ],
            [
              77.5901642,
              12.9525503
            ],
            [
              77.5899197,
              12.9518805
            ]
          ]
        ]
      },
      "id": "way/1007237262"
    },
    {
      "type": "Feature",
      "properties": {
        "@id": "way/1031303750",
        "landuse": "industrial"
      },
      "geometry": {
        "type": "Polygon",
        "coordinates": [
          [
            [
              77.5713263,
              12.9754421
            ],
            [
              77.5713326,
              12.9751013
            ],
            [
              77.5721495,
              12.9750401
            ],
            [
              77.5723466,
              12.9746965
            ],
            [
              77.5725391,
              12.9746977
            ],
            [
              77.5725356,
              12.97522
            ],
            [
              77.5723765,
              12.9754229
            ],
            [
              77.5722324,
              12.9754244
            ],
            [
              77.5722324,
              12.9753741
            ],
            [
              77.5713263,
              12.9754421
            ]
          ]
        ]
      },
      "id": "way/1031303750"
    },
    {
      "type": "Feature",
      "properties": {
        "@id": "way/1044521108",
        "depot": "bus",
        "industrial": "depot",
        "landuse": "industrial",
        "name": "BMTC Depot 20 (Banashankari)",
        "name:kn": "ಬೆಂ.ಮ.ಸಾ.ಸಂ. ಡೆಪೋ ೨೦ ಬನಶಂಕರಿ",
        "operator": "BMTC"
      },
      "geometry": {
        "type": "Polygon",
        "coordinates": [
          [
            [
              77.5702398,
              12.9197941
            ],
            [
              77.5700332,
              12.9186282
            ],
            [
              77.5705503,
              12.9185246
            ],
            [
              77.5711168,
              12.9184112
            ],
            [
              77.5709411,
              12.9195053
            ],
            [
              77.5707453,
              12.9195445
            ],
            [
              77.5707521,
              12.9196778
            ],
            [
              77.5702398,
              12.9197941
            ]
          ]
        ]
      },
      "id": "way/1044521108"
    },
    {
      "type": "Feature",
      "properties": {
        "@id": "way/1047549734",
        "landuse": "industrial",
        "name": "Minerva Mills"
      },
      "geometry": {
        "type": "Polygon",
        "coordinates": [
          [
            [
              77.5639366,
              12.9835515
            ],
            [
              77.563785,
              12.9835816
            ],
            [
              77.5633676,
              12.9839052
            ],
            [
              77.5633468,
              12.9838646
            ],
            [
              77.563254,
              12.9833977
            ],
            [
              77.5631876,
              12.9831118
            ],
            [
              77.562997,
              12.9826821
            ],
            [
              77.5629538,
              12.9826281
            ],
            [
              77.5635287,
              12.9825491
            ],
            [
              77.5636811,
              12.9830553
            ],
            [
              77.5637609,
              12.9833202
            ],
            [
              77.5639366,
              12.9835515
            ]
          ]
        ]
      },
      "id": "way/1047549734"
    },
    {
      "type": "Feature",
      "properties": {
        "@id": "way/1054127612",
        "landuse": "industrial",
        "name": "Karnataka Power Transmission Corporation",
        "name:kn": "ಕರ್ನಾಟಕ ವಿದ್ಯುತ್ ಪ್ರಸರಣ ನಿಗಮ",
        "office": "government"
      },
      "geometry": {
        "type": "Polygon",
        "coordinates": [
          [
            [
              77.5506281,
              12.9894348
            ],
            [
              77.5505561,
              12.989219
            ],
            [
              77.5502325,
              12.9882168
            ],
            [
              77.5501176,
              12.9878975
            ],
            [
              77.5504658,
              12.9877666
            ],
            [
              77.5506006,
              12.9877614
            ],
            [
              77.5507199,
              12.9877849
            ],
            [
              77.5508836,
              12.9883723
            ],
            [
              77.551011,
              12.9887617
            ],
            [
              77.5524527,
              12.9887226
            ],
            [
              77.5524701,
              12.9899888
            ],
            [
              77.5520906,
              12.9899947
            ],
            [
              77.5520903,
              12.98994
            ],
            [
              77.5520873,
              12.9898397
            ],
            [
              77.5519212,
              12.9898444
            ],
            [
              77.5519242,
              12.9899447
            ],
            [
              77.5519256,
              12.9899954
            ],
            [
              77.5510445,
              12.9900241
            ],
            [
              77.5510325,
              12.9894283
            ],
            [
              77.5506281,
              12.9894348
            ]
          ]
        ]
      },
      "id": "way/1054127612"
    },
    {
      "type": "Feature",
      "properties": {
        "@id": "way/1054127614",
        "fixme": "Boundaries of the area",
        "landuse": "industrial",
        "name": "Karnataka Power Transmission Corporation",
        "name:kn": "ಕರ್ನಾಟಕ ವಿದ್ಯುತ್ ಪ್ರಸರಣ ನಿಗಮ",
        "office": "government"
      },
      "geometry": {
        "type": "Polygon",
        "coordinates": [
          [
            [
              77.5510915,
              12.9910858
            ],
            [
              77.5516854,
              12.9910679
            ],
            [
              77.5516677,
              12.9905844
            ],
            [
              77.550972,
              12.9905881
            ],
            [
              77.5508822,
              12.9902436
            ],
            [
              77.5514196,
              12.9902332
            ],
            [
              77.5514194,
              12.9902716
            ],
            [
              77.5515131,
              12.9902719
            ],
            [
              77.5515134,
              12.9901732
            ],
            [
              77.5523427,
              12.9901652
            ],
            [
              77.5523561,
              12.9919503
            ],
            [
              77.5524983,
              12.9919451
            ],
            [
              77.5525197,
              12.9923528
            ],
            [
              77.5517884,
              12.9923529
            ],
            [
              77.5517633,
              12.991358
            ],
            [
              77.5511886,
              12.9913717
            ],
            [
              77.5511549,
              12.9912861
            ],
            [
              77.5510915,
              12.9910858
            ]
          ]
        ]
      },
      "id": "way/1054127614"
    },
    {
      "type": "Feature",
      "properties": {
        "@id": "way/1064408557",
        "landuse": "industrial"
      },
      "geometry": {
        "type": "Polygon",
        "coordinates": [
          [
            [
              77.523741,
              12.9848231
            ],
            [
              77.523627,
              12.9841932
            ],
            [
              77.5232703,
              12.9824015
            ],
            [
              77.5244879,
              12.9821676
            ],
            [
              77.524555,
              12.9826145
            ],
            [
              77.5269636,
              12.9822512
            ],
            [
              77.5270817,
              12.9827896
            ],
            [
              77.5275068,
              12.9827034
            ],
            [
              77.5278025,
              12.9840475
            ],
            [
              77.5272708,
              12.9841566
            ],
            [
              77.5261831,
              12.9843343
            ],
            [
              77.5260076,
              12.9843284
            ],
            [
              77.5256842,
              12.9843866
            ],
            [
              77.5252484,
              12.9844166
            ],
            [
              77.5248648,
              12.9844663
            ],
            [
              77.5240119,
              12.9846904
            ],
            [
              77.5239837,
              12.9847662
            ],
            [
              77.523741,
              12.9848231
            ]
          ]
        ]
      },
      "id": "way/1064408557"
    },
    {
      "type": "Feature",
      "properties": {
        "@id": "way/1064408558",
        "landuse": "industrial"
      },
      "geometry": {
        "type": "Polygon",
        "coordinates": [
          [
            [
              77.519137,
              12.9834169
            ],
            [
              77.5196971,
              12.9832833
            ],
            [
              77.5212264,
              12.9829177
            ],
            [
              77.521843,
              12.9827425
            ],
            [
              77.5232262,
              12.9824668
            ],
            [
              77.5232702,
              12.9826943
            ],
            [
              77.5234433,
              12.9835476
            ],
            [
              77.5234902,
              12.9838822
            ],
            [
              77.5236806,
              12.9848962
            ],
            [
              77.5230342,
              12.9850635
            ],
            [
              77.5231576,
              12.9853223
            ],
            [
              77.5227231,
              12.9856777
            ],
            [
              77.5221652,
              12.9860123
            ],
            [
              77.5212774,
              12.9863782
            ],
            [
              77.5211808,
              12.9862161
            ],
            [
              77.5205138,
              12.9865781
            ],
            [
              77.5203574,
              12.986663
            ],
            [
              77.5199819,
              12.9861377
            ],
            [
              77.5198182,
              12.9853157
            ],
            [
              77.5194991,
              12.984614
            ],
            [
              77.5193945,
              12.9843709
            ],
            [
              77.5192443,
              12.9840037
            ],
            [
              77.5190002,
              12.9834574
            ],
            [
              77.519137,
              12.9834169
            ]
          ]
        ]
      },
      "id": "way/1064408558"
    },
    {
      "type": "Feature",
      "properties": {
        "@id": "way/1086044114",
        "landuse": "industrial"
      },
      "geometry": {
        "type": "Polygon",
        "coordinates": [
          [
            [
              77.6052733,
              12.9477896
            ],
            [
              77.6060006,
              12.9485006
            ],
            [
              77.6053922,
              12.9486406
            ],
            [
              77.6036017,
              12.9490713
            ],
            [
              77.6033639,
              12.9481299
            ],
            [
              77.6052733,
              12.9477896
            ]
          ]
        ]
      },
      "id": "way/1086044114"
    },
    {
      "type": "Feature",
      "properties": {
        "@id": "way/1086044119",
        "landuse": "industrial"
      },
      "geometry": {
        "type": "Polygon",
        "coordinates": [
          [
            [
              77.603821,
              12.9513168
            ],
            [
              77.6035997,
              12.9509299
            ],
            [
              77.6034804,
              12.9505496
            ],
            [
              77.6044312,
              12.9503287
            ],
            [
              77.6045761,
              12.9509952
            ],
            [
              77.603821,
              12.9513168
            ]
          ]
        ]
      },
      "id": "way/1086044119"
    },
    {
      "type": "Feature",
      "properties": {
        "@id": "way/1095458697",
        "landuse": "industrial"
      },
      "geometry": {
        "type": "Polygon",
        "coordinates": [
          [
            [
              77.5935877,
              12.9528252
            ],
            [
              77.5939667,
              12.9532581
            ],
            [
              77.5936046,
              12.9535728
            ],
            [
              77.5933263,
              12.9538146
            ],
            [
              77.5929024,
              12.9533268
            ],
            [
              77.5932863,
              12.9530977
            ],
            [
              77.5935877,
              12.9528252
            ]
          ]
        ]
      },
      "id": "way/1095458697"
    },
    {
      "type": "Feature",
      "properties": {
        "@id": "way/1096517576",
        "landuse": "industrial"
      },
      "geometry": {
        "type": "Polygon",
        "coordinates": [
          [
            [
              77.5088239,
              12.9868862
            ],
            [
              77.5092905,
              12.9880247
            ],
            [
              77.508899,
              12.9883881
            ],
            [
              77.5086147,
              12.988652
            ],
            [
              77.5085531,
              12.988711
            ],
            [
              77.508443,
              12.9888166
            ],
            [
              77.5065976,
              12.9891799
            ],
            [
              77.5059481,
              12.9894402
            ],
            [
              77.5058252,
              12.989142
            ],
            [
              77.5050044,
              12.9880168
            ],
            [
              77.5046584,
              12.9875569
            ],
            [
              77.5045806,
              12.9873008
            ],
            [
              77.5047094,
              12.9871257
            ],
            [
              77.5054336,
              12.9867362
            ],
            [
              77.5056857,
              12.9860123
            ],
            [
              77.5057313,
              12.9856411
            ],
            [
              77.5062034,
              12.985581
            ],
            [
              77.5064769,
              12.9869636
            ],
            [
              77.5074774,
              12.9867284
            ],
            [
              77.5075619,
              12.9870904
            ],
            [
              77.5088239,
              12.9868862
            ]
          ]
        ]
      },
      "id": "way/1096517576"
    },
    {
      "type": "Feature",
      "properties": {
        "@id": "way/1107039355",
        "landuse": "industrial",
        "man_made": "wastewater_plant",
        "name": "Koramangala 210MLD Intermediate Sewage Pumping Stations",
        "operator": "Bangalore Water Supply and Sewerage Board",
        "operator:short": "BWSSB",
        "operator:wikidata": "Q4855083",
        "utility": "sewerage"
      },
      "geometry": {
        "type": "Polygon",
        "coordinates": [
          [
            [
              77.6238789,
              12.946292
            ],
            [
              77.6239413,
              12.9465693
            ],
            [
              77.6236845,
              12.9473284
            ],
            [
              77.6235404,
              12.9474421
            ],
            [
              77.6232496,
              12.9472259
            ],
            [
              77.6238789,
              12.946292
            ]
          ]
        ]
      },
      "id": "way/1107039355"
    },
    {
      "type": "Feature",
      "properties": {
        "@id": "way/1107039360",
        "landuse": "industrial",
        "man_made": "wastewater_plant",
        "name": "Kempabudhi Sewage Treatment Planet",
        "name:kn": "ಕೆಂಪಾಂಬುಧಿ ಕೊಳಚೆ ನೀರು ಸಂಸ್ಕರಣ ಘಟಕ",
        "operator": "BWSSB",
        "utility": "sewerage"
      },
      "geometry": {
        "type": "Polygon",
        "coordinates": [
          [
            [
              77.5574289,
              12.9522806
            ],
            [
              77.5579146,
              12.9521668
            ],
            [
              77.5580144,
              12.952571
            ],
            [
              77.5575287,
              12.9526848
            ],
            [
              77.5574289,
              12.9522806
            ]
          ]
        ]
      },
      "id": "way/1107039360"
    },
    {
      "type": "Feature",
      "properties": {
        "@id": "way/1111845896",
        "depot": "bus",
        "industrial": "depot",
        "landuse": "industrial",
        "name": "BMTC Depot 14 (RT Nagara)",
        "name:kn": "ಬೆಂ.ಮ.ಸಾ.ಸಂ. ಡೆಪೋ ೧೪",
        "operator": "BMTC"
      },
      "geometry": {
        "type": "Polygon",
        "coordinates": [
          [
            [
              77.5927395,
              13.0293631
            ],
            [
              77.5926522,
              13.0287568
            ],
            [
              77.593477,
              13.0286366
            ],
            [
              77.5934328,
              13.0293108
            ],
            [
              77.5927395,
              13.0293631
            ]
          ]
        ]
      },
      "id": "way/1111845896"
    },
    {
      "type": "Feature",
      "properties": {
        "@id": "way/1116445601",
        "landuse": "industrial",
        "plant:method": "combustion",
        "plant:output:electricity": "yes",
        "plant:source": "gas",
        "power": "plant"
      },
      "geometry": {
        "type": "Polygon",
        "coordinates": [
          [
            [
              77.562423,
              13.017318
            ],
            [
              77.5624258,
              13.0173468
            ],
            [
              77.5624188,
              13.0173749
            ],
            [
              77.5624029,
              13.0173992
            ],
            [
              77.5623797,
              13.0174172
            ],
            [
              77.5623518,
              13.017427
            ],
            [
              77.5623221,
              13.0174273
            ],
            [
              77.5622938,
              13.0174182
            ],
            [
              77.5622702,
              13.0174007
            ],
            [
              77.5622536,
              13.0173767
            ],
            [
              77.562246,
              13.0173487
            ],
            [
              77.5622482,
              13.0173198
            ],
            [
              77.5622598,
              13.0172931
            ],
            [
              77.5622797,
              13.0172717
            ],
            [
              77.5623058,
              13.0172576
            ],
            [
              77.562335,
              13.0172526
            ],
            [
              77.5623643,
              13.0172571
            ],
            [
              77.5623905,
              13.0172706
            ],
            [
              77.5624108,
              13.0172917
            ],
            [
              77.562423,
              13.017318
            ]
          ]
        ]
      },
      "id": "way/1116445601"
    },
    {
      "type": "Feature",
      "properties": {
        "@id": "way/1119221390",
        "landuse": "industrial"
      },
      "geometry": {
        "type": "Polygon",
        "coordinates": [
          [
            [
              77.5486539,
              13.0121482
            ],
            [
              77.5486734,
              13.0120398
            ],
            [
              77.5497924,
              13.0120844
            ],
            [
              77.5497664,
              13.0125822
            ],
            [
              77.549892,
              13.0125871
            ],
            [
              77.5493306,
              13.0134981
            ],
            [
              77.5484803,
              13.0131949
            ],
            [
              77.5490919,
              13.0129519
            ],
            [
              77.5490509,
              13.0128539
            ],
            [
              77.5489012,
              13.0129134
            ],
            [
              77.5488055,
              13.0126848
            ],
            [
              77.5488769,
              13.0121781
            ],
            [
              77.5486539,
              13.0121482
            ]
          ]
        ]
      },
      "id": "way/1119221390"
    },
    {
      "type": "Feature",
      "properties": {
        "@id": "way/1119221392",
        "landuse": "industrial"
      },
      "geometry": {
        "type": "Polygon",
        "coordinates": [
          [
            [
              77.5484481,
              13.0151209
            ],
            [
              77.548939,
              13.0163616
            ],
            [
              77.5482672,
              13.0166837
            ],
            [
              77.5481592,
              13.0163659
            ],
            [
              77.5479653,
              13.0157952
            ],
            [
              77.5478862,
              13.0154489
            ],
            [
              77.5484481,
              13.0151209
            ]
          ]
        ]
      },
      "id": "way/1119221392"
    },
    {
      "type": "Feature",
      "properties": {
        "@id": "way/1120747149",
        "landuse": "industrial",
        "name": "GAIL SV-7B",
        "operator": "GAIL",
        "operator:type": "government",
        "operator:wikidata": "Q2512333",
        "pipeline": "substation",
        "ref": "SV-7B",
        "substance": "gas",
        "substation": "transmission"
      },
      "geometry": {
        "type": "Polygon",
        "coordinates": [
          [
            [
              77.6437052,
              12.9197891
            ],
            [
              77.6437132,
              12.9199676
            ],
            [
              77.6435116,
              12.920094
            ],
            [
              77.6433747,
              12.9199328
            ],
            [
              77.6434038,
              12.9198061
            ],
            [
              77.6437052,
              12.9197891
            ]
          ]
        ]
      },
      "id": "way/1120747149"
    },
    {
      "type": "Feature",
      "properties": {
        "@id": "way/1123272059",
        "landuse": "industrial",
        "name": "Shankarappa Industrial Estate"
      },
      "geometry": {
        "type": "Polygon",
        "coordinates": [
          [
            [
              77.5068666,
              12.9906498
            ],
            [
              77.5069396,
              12.9906344
            ],
            [
              77.5073983,
              12.9905429
            ],
            [
              77.5071292,
              12.9893087
            ],
            [
              77.5077349,
              12.9891538
            ],
            [
              77.508502,
              12.9890623
            ],
            [
              77.5087756,
              12.9889708
            ],
            [
              77.5093737,
              12.9883044
            ],
            [
              77.5096875,
              12.9882286
            ],
            [
              77.5100801,
              12.9882558
            ],
            [
              77.5101784,
              12.9882626
            ],
            [
              77.5106531,
              12.9884272
            ],
            [
              77.5112915,
              12.9884403
            ],
            [
              77.5115409,
              12.9903482
            ],
            [
              77.5116616,
              12.9909833
            ],
            [
              77.5115973,
              12.9923659
            ],
            [
              77.5112674,
              12.9923685
            ],
            [
              77.5112647,
              12.9915361
            ],
            [
              77.5103876,
              12.9915093
            ],
            [
              77.510399,
              12.991753
            ],
            [
              77.509701,
              12.9917674
            ],
            [
              77.509709,
              12.9920026
            ],
            [
              77.5081721,
              12.9922404
            ],
            [
              77.508266,
              12.9926821
            ],
            [
              77.5078717,
              12.9925749
            ],
            [
              77.5077403,
              12.9914616
            ],
            [
              77.5070134,
              12.9915949
            ],
            [
              77.5068666,
              12.9906498
            ]
          ]
        ]
      },
      "id": "way/1123272059"
    },
    {
      "type": "Feature",
      "properties": {
        "@id": "way/1123272072",
        "landuse": "industrial",
        "name": "Doddanna Industrial Estate",
        "name:kn": "ದೊಡ್ಡಣ್ಣ ಕೈಗಾರಿಕಾ ಪ್ರದೇಶ"
      },
      "geometry": {
        "type": "Polygon",
        "coordinates": [
          [
            [
              77.5080463,
              13.007475
            ],
            [
              77.507751,
              13.0067687
            ],
            [
              77.5071126,
              13.0070091
            ],
            [
              77.5069329,
              13.0056292
            ],
            [
              77.5071207,
              13.0056162
            ],
            [
              77.5069812,
              13.0052425
            ],
            [
              77.5068042,
              13.0043591
            ],
            [
              77.5067894,
              13.0042755
            ],
            [
              77.5072736,
              13.0042219
            ],
            [
              77.5084618,
              13.0040873
            ],
            [
              77.5093389,
              13.0040612
            ],
            [
              77.5107658,
              13.0039514
            ],
            [
              77.5106773,
              13.0026003
            ],
            [
              77.509304,
              13.0030237
            ],
            [
              77.5089204,
              13.0019757
            ],
            [
              77.5080262,
              13.002236
            ],
            [
              77.5079274,
              13.0017405
            ],
            [
              77.5077751,
              13.0009773
            ],
            [
              77.5083411,
              13.0008545
            ],
            [
              77.5084457,
              13.0010531
            ],
            [
              77.5095293,
              13.0004756
            ],
            [
              77.5106773,
              12.9995399
            ],
            [
              77.5114042,
              13.0008049
            ],
            [
              77.5113089,
              13.0009839
            ],
            [
              77.511616,
              13.0016203
            ],
            [
              77.512764,
              13.0014478
            ],
            [
              77.5142714,
              13.0011943
            ],
            [
              77.5149286,
              13.0011132
            ],
            [
              77.515178,
              13.0028015
            ],
            [
              77.514608,
              13.0028394
            ],
            [
              77.5123295,
              13.0030001
            ],
            [
              77.5127318,
              13.0043487
            ],
            [
              77.5129893,
              13.0043461
            ],
            [
              77.5147784,
              13.0045395
            ],
            [
              77.5150627,
              13.0061127
            ],
            [
              77.5122356,
              13.0058253
            ],
            [
              77.5103829,
              13.0074663
            ],
            [
              77.5100451,
              13.0071867
            ],
            [
              77.5080463,
              13.007475
            ]
          ]
        ]
      },
      "id": "way/1123272072"
    },
    {
      "type": "Feature",
      "properties": {
        "@id": "way/1125669880",
        "landuse": "industrial"
      },
      "geometry": {
        "type": "Polygon",
        "coordinates": [
          [
            [
              77.5769144,
              12.9489302
            ],
            [
              77.5769231,
              12.9484048
            ],
            [
              77.5772557,
              12.94841
            ],
            [
              77.577247,
              12.9489354
            ],
            [
              77.5769144,
              12.9489302
            ]
          ]
        ]
      },
      "id": "way/1125669880"
    },
    {
      "type": "Feature",
      "properties": {
        "@id": "way/1127959513",
        "landuse": "industrial",
        "name": "BWSSB Johnson Market Service Station",
        "name:kn": "ಬೆಂ.ನಿ.ಸ, ಮತ್ತು ಒ.ಚ.ಮಂ.",
        "operator": "BWSSB"
      },
      "geometry": {
        "type": "Polygon",
        "coordinates": [
          [
            [
              77.6065081,
              12.9643506
            ],
            [
              77.6063369,
              12.9643856
            ],
            [
              77.6062962,
              12.9641964
            ],
            [
              77.6064675,
              12.9641614
            ],
            [
              77.6065081,
              12.9643506
            ]
          ]
        ]
      },
      "id": "way/1127959513"
    },
    {
      "type": "Feature",
      "properties": {
        "@id": "way/1134091908",
        "landuse": "industrial",
        "name": "Kumara Park BWSSB Service Station",
        "office": "government"
      },
      "geometry": {
        "type": "Polygon",
        "coordinates": [
          [
            [
              77.5785157,
              12.9901183
            ],
            [
              77.5784527,
              12.9901532
            ],
            [
              77.5784863,
              12.9902287
            ],
            [
              77.5780624,
              12.9903652
            ],
            [
              77.5779638,
              12.990047
            ],
            [
              77.5781657,
              12.9899862
            ],
            [
              77.5781228,
              12.9898281
            ],
            [
              77.5782529,
              12.9897614
            ],
            [
              77.5785157,
              12.9901183
            ]
          ]
        ]
      },
      "id": "way/1134091908"
    },
    {
      "type": "Feature",
      "properties": {
        "@id": "way/1134091911",
        "landuse": "industrial",
        "name": "BWSSB",
        "name:kn": "ಬೆಂ ನಿ ಸ ಮತ್ತು ಒ ಚ ಮಂ"
      },
      "geometry": {
        "type": "Polygon",
        "coordinates": [
          [
            [
              77.5157893,
              12.9276078
            ],
            [
              77.5154761,
              12.9276972
            ],
            [
              77.5153403,
              12.9272271
            ],
            [
              77.515649,
              12.9271407
            ],
            [
              77.5157893,
              12.9276078
            ]
          ]
        ]
      },
      "id": "way/1134091911"
    },
    {
      "type": "Feature",
      "properties": {
        "@id": "way/1134091916",
        "landuse": "industrial",
        "name": "BWSSB",
        "name:kn": "ಬೆಂ ನಿ ಸ ಮತ್ತು ಒ ಚ ಮಂ"
      },
      "geometry": {
        "type": "Polygon",
        "coordinates": [
          [
            [
              77.5641999,
              12.998363
            ],
            [
              77.5647003,
              12.9983127
            ],
            [
              77.5642651,
              12.9988866
            ],
            [
              77.5641999,
              12.998363
            ]
          ]
        ]
      },
      "id": "way/1134091916"
    },
    {
      "type": "Feature",
      "properties": {
        "@id": "way/1137187611",
        "landuse": "industrial",
        "name": "BWSSB",
        "name:kn": "ಬೆಂ ನಿ ಸ ಮತ್ತು ಒ ಚ ಮಂ"
      },
      "geometry": {
        "type": "Polygon",
        "coordinates": [
          [
            [
              77.6081007,
              12.9647328
            ],
            [
              77.6079785,
              12.965397
            ],
            [
              77.6072571,
              12.9652585
            ],
            [
              77.607248,
              12.9653088
            ],
            [
              77.6073709,
              12.9645979
            ],
            [
              77.6081007,
              12.9647328
            ]
          ]
        ]
      },
      "id": "way/1137187611"
    },
    {
      "type": "Feature",
      "properties": {
        "@id": "way/1141353123",
        "landuse": "industrial"
      },
      "geometry": {
        "type": "Polygon",
        "coordinates": [
          [
            [
              77.5604859,
              12.9890388
            ],
            [
              77.5605422,
              12.9866003
            ],
            [
              77.5607139,
              12.9866108
            ],
            [
              77.5607434,
              12.9867519
            ],
            [
              77.5610626,
              12.9870995
            ],
            [
              77.5618565,
              12.9872511
            ],
            [
              77.5617841,
              12.9874654
            ],
            [
              77.5614569,
              12.9877843
            ],
            [
              77.5613549,
              12.9884664
            ],
            [
              77.5611055,
              12.9886703
            ],
            [
              77.561076,
              12.989112
            ],
            [
              77.5604859,
              12.9890388
            ]
          ]
        ]
      },
      "id": "way/1141353123"
    },
    {
      "type": "Feature",
      "properties": {
        "@id": "way/1141414940",
        "landuse": "industrial"
      },
      "geometry": {
        "type": "Polygon",
        "coordinates": [
          [
            [
              77.6153478,
              12.9174216
            ],
            [
              77.6152861,
              12.9165119
            ],
            [
              77.6161417,
              12.9164413
            ],
            [
              77.6163952,
              12.9173733
            ],
            [
              77.6153478,
              12.9174216
            ]
          ]
        ]
      },
      "id": "way/1141414940"
    },
    {
      "type": "Feature",
      "properties": {
        "@id": "way/1147338818",
        "landuse": "industrial",
        "name": "Kamalanagar BWSSB Service Station"
      },
      "geometry": {
        "type": "Polygon",
        "coordinates": [
          [
            [
              77.537742,
              12.9952975
            ],
            [
              77.5375188,
              12.9947096
            ],
            [
              77.5382001,
              12.9945538
            ],
            [
              77.5383924,
              12.9952529
            ],
            [
              77.538237,
              12.9952611
            ],
            [
              77.5381875,
              12.9950625
            ],
            [
              77.5380156,
              12.9951034
            ],
            [
              77.538053,
              12.9952523
            ],
            [
              77.537742,
              12.9952975
            ]
          ]
        ]
      },
      "id": "way/1147338818"
    },
    {
      "type": "Feature",
      "properties": {
        "@id": "way/1160675957",
        "landuse": "industrial"
      },
      "geometry": {
        "type": "Polygon",
        "coordinates": [
          [
            [
              77.5472411,
              13.0158592
            ],
            [
              77.5474034,
              13.0165909
            ],
            [
              77.5473954,
              13.0167203
            ],
            [
              77.5470749,
              13.0173788
            ],
            [
              77.5456694,
              13.0167386
            ],
            [
              77.5462635,
              13.0155796
            ],
            [
              77.5467427,
              13.0157166
            ],
            [
              77.5472411,
              13.0158592
            ]
          ]
        ]
      },
      "id": "way/1160675957"
    },
    {
      "type": "Feature",
      "properties": {
        "@id": "way/1178381295",
        "landuse": "industrial"
      },
      "geometry": {
        "type": "Polygon",
        "coordinates": [
          [
            [
              77.5396752,
              13.0276757
            ],
            [
              77.5405697,
              13.0273079
            ],
            [
              77.5409789,
              13.0279274
            ],
            [
              77.5402745,
              13.0283128
            ],
            [
              77.5401607,
              13.0281277
            ],
            [
              77.5400328,
              13.028211
            ],
            [
              77.5401704,
              13.0284751
            ],
            [
              77.5401285,
              13.0285068
            ],
            [
              77.5401023,
              13.0285259
            ],
            [
              77.5400242,
              13.0285647
            ],
            [
              77.5396752,
              13.0276757
            ]
          ]
        ]
      },
      "id": "way/1178381295"
    },
    {
      "type": "Feature",
      "properties": {
        "@id": "way/1179800158",
        "landuse": "industrial"
      },
      "geometry": {
        "type": "Polygon",
        "coordinates": [
          [
            [
              77.5228303,
              12.9386638
            ],
            [
              77.5245658,
              12.9378727
            ],
            [
              77.524315,
              12.9377198
            ],
            [
              77.5225454,
              12.9385327
            ],
            [
              77.5222644,
              12.9384034
            ],
            [
              77.5225836,
              12.9382439
            ],
            [
              77.52242,
              12.9379385
            ],
            [
              77.5234039,
              12.9375007
            ],
            [
              77.5235344,
              12.9377668
            ],
            [
              77.5241192,
              12.9375185
            ],
            [
              77.524213,
              12.9375642
            ],
            [
              77.5242989,
              12.9375237
            ],
            [
              77.5241029,
              12.9371896
            ],
            [
              77.5248746,
              12.9368462
            ],
            [
              77.5253034,
              12.9376584
            ],
            [
              77.5265613,
              12.9370231
            ],
            [
              77.5268041,
              12.9375538
            ],
            [
              77.5269649,
              12.9378271
            ],
            [
              77.5270481,
              12.9379751
            ],
            [
              77.5270763,
              12.9380649
            ],
            [
              77.5271376,
              12.9383639
            ],
            [
              77.5264125,
              12.9387079
            ],
            [
              77.5258807,
              12.9385021
            ],
            [
              77.5249372,
              12.9379707
            ],
            [
              77.5245528,
              12.9381444
            ],
            [
              77.523143,
              12.9388077
            ],
            [
              77.5228303,
              12.9386638
            ]
          ]
        ]
      },
      "id": "way/1179800158"
    },
    {
      "type": "Feature",
      "properties": {
        "@id": "way/1202598192",
        "landuse": "industrial",
        "name": "Karnataka State Beverage Corporation Limited",
        "short_name": "KSBCL"
      },
      "geometry": {
        "type": "Polygon",
        "coordinates": [
          [
            [
              77.6235111,
              13.0255269
            ],
            [
              77.6216993,
              13.0257438
            ],
            [
              77.6216498,
              13.0253792
            ],
            [
              77.6216322,
              13.0252499
            ],
            [
              77.6219916,
              13.0247978
            ],
            [
              77.623086,
              13.0246646
            ],
            [
              77.6231986,
              13.0254564
            ],
            [
              77.6234964,
              13.0254224
            ],
            [
              77.6235111,
              13.0255269
            ]
          ]
        ]
      },
      "id": "way/1202598192"
    },
    {
      "type": "Feature",
      "properties": {
        "@id": "way/1202598202",
        "landuse": "industrial"
      },
      "geometry": {
        "type": "Polygon",
        "coordinates": [
          [
            [
              77.6194301,
              13.023586
            ],
            [
              77.6181038,
              13.023797
            ],
            [
              77.6180434,
              13.0237748
            ],
            [
              77.6180179,
              13.0237408
            ],
            [
              77.6179402,
              13.0237656
            ],
            [
              77.6174708,
              13.0236964
            ],
            [
              77.6171369,
              13.0236337
            ],
            [
              77.6171462,
              13.0232155
            ],
            [
              77.6179147,
              13.0232234
            ],
            [
              77.6193624,
              13.0230195
            ],
            [
              77.6194301,
              13.023586
            ]
          ]
        ]
      },
      "id": "way/1202598202"
    },
    {
      "type": "Feature",
      "properties": {
        "@id": "way/1203069041",
        "landuse": "industrial"
      },
      "geometry": {
        "type": "Polygon",
        "coordinates": [
          [
            [
              77.5501956,
              12.9539085
            ],
            [
              77.5500387,
              12.9527348
            ],
            [
              77.5499247,
              12.9527518
            ],
            [
              77.5497879,
              12.9522212
            ],
            [
              77.5514375,
              12.9522147
            ],
            [
              77.5501956,
              12.9539085
            ]
          ]
        ]
      },
      "id": "way/1203069041"
    },
    {
      "type": "Feature",
      "properties": {
        "@id": "way/1204095732",
        "landuse": "industrial",
        "utility": "power"
      },
      "geometry": {
        "type": "Polygon",
        "coordinates": [
          [
            [
              77.6190962,
              13.0012308
            ],
            [
              77.6193765,
              13.0017496
            ],
            [
              77.6193288,
              13.0017655
            ],
            [
              77.6191371,
              13.0018293
            ],
            [
              77.619245,
              13.0021645
            ],
            [
              77.6194187,
              13.0021204
            ],
            [
              77.6195331,
              13.0023978
            ],
            [
              77.6193389,
              13.0024552
            ],
            [
              77.6194462,
              13.0027689
            ],
            [
              77.6193537,
              13.0028015
            ],
            [
              77.6191995,
              13.0024285
            ],
            [
              77.6191056,
              13.0022351
            ],
            [
              77.6189956,
              13.0019169
            ],
            [
              77.6188883,
              13.0016203
            ],
            [
              77.6188146,
              13.0014046
            ],
            [
              77.6190962,
              13.0012308
            ]
          ]
        ]
      },
      "id": "way/1204095732"
    },
    {
      "type": "Feature",
      "properties": {
        "@id": "way/1205832167",
        "landuse": "industrial"
      },
      "geometry": {
        "type": "Polygon",
        "coordinates": [
          [
            [
              77.5639366,
              12.9620077
            ],
            [
              77.5632781,
              12.9617829
            ],
            [
              77.5632808,
              12.9612288
            ],
            [
              77.5644019,
              12.9612575
            ],
            [
              77.5643885,
              12.9616535
            ],
            [
              77.5639419,
              12.9616483
            ],
            [
              77.5639366,
              12.9620077
            ]
          ]
        ]
      },
      "id": "way/1205832167"
    },
    {
      "type": "Feature",
      "properties": {
        "@id": "way/1206777021",
        "landuse": "industrial"
      },
      "geometry": {
        "type": "Polygon",
        "coordinates": [
          [
            [
              77.5336008,
              12.9817167
            ],
            [
              77.5334828,
              12.9813025
            ],
            [
              77.5337872,
              12.9812411
            ],
            [
              77.5335471,
              12.9803014
            ],
            [
              77.5344229,
              12.9801224
            ],
            [
              77.5348037,
              12.9813012
            ],
            [
              77.5336008,
              12.9817167
            ]
          ]
        ]
      },
      "id": "way/1206777021"
    },
    {
      "type": "Feature",
      "properties": {
        "@id": "way/1217139666",
        "landuse": "industrial"
      },
      "geometry": {
        "type": "Polygon",
        "coordinates": [
          [
            [
              77.5485709,
              13.0194239
            ],
            [
              77.5488303,
              13.0188575
            ],
            [
              77.5494261,
              13.0191198
            ],
            [
              77.5491683,
              13.0196932
            ],
            [
              77.5485709,
              13.0194239
            ]
          ]
        ]
      },
      "id": "way/1217139666"
    },
    {
      "type": "Feature",
      "properties": {
        "@id": "way/1217243748",
        "landuse": "industrial",
        "location": "outdoor",
        "name": "Nagarbhavi KPTCL",
        "power": "substation",
        "substation": "distribution",
        "voltage": "220000"
      },
      "geometry": {
        "type": "Polygon",
        "coordinates": [
          [
            [
              77.5122203,
              12.9666681
            ],
            [
              77.5122718,
              12.9666708
            ],
            [
              77.5123107,
              12.9675398
            ],
            [
              77.5123993,
              12.9690115
            ],
            [
              77.5115839,
              12.9687958
            ],
            [
              77.5115651,
              12.9684155
            ],
            [
              77.5115436,
              12.9681973
            ],
            [
              77.5114591,
              12.9678287
            ],
            [
              77.5113612,
              12.9675673
            ],
            [
              77.5111654,
              12.967102
            ],
            [
              77.5112084,
              12.966791
            ],
            [
              77.5118172,
              12.9668668
            ],
            [
              77.511836,
              12.9667414
            ],
            [
              77.5121052,
              12.9666901
            ],
            [
              77.5122203,
              12.9666681
            ]
          ]
        ]
      },
      "id": "way/1217243748"
    },
    {
      "type": "Feature",
      "properties": {
        "@id": "way/1217243767",
        "landuse": "industrial",
        "name": "BWSSB",
        "name:kn": "ಬೆಂ ನಿ ಸ ಮತ್ತು ಒ ಚ ಮಂ"
      },
      "geometry": {
        "type": "Polygon",
        "coordinates": [
          [
            [
              77.513448,
              12.9790235
            ],
            [
              77.5133863,
              12.9787293
            ],
            [
              77.5135298,
              12.9783608
            ],
            [
              77.5133058,
              12.9776721
            ],
            [
              77.5136586,
              12.9775179
            ],
            [
              77.5139295,
              12.9783503
            ],
            [
              77.5139347,
              12.9789126
            ],
            [
              77.513448,
              12.9790235
            ]
          ]
        ]
      },
      "id": "way/1217243767"
    },
    {
      "type": "Feature",
      "properties": {
        "@id": "way/1217247615",
        "landuse": "industrial",
        "name": "BWSSB",
        "name:kn": "ಬೆಂ ನಿ ಸ ಮತ್ತು ಒ ಚ ಮಂ"
      },
      "geometry": {
        "type": "Polygon",
        "coordinates": [
          [
            [
              77.5105566,
              12.9780851
            ],
            [
              77.510385,
              12.9772774
            ],
            [
              77.5109938,
              12.9771859
            ],
            [
              77.5112996,
              12.9779414
            ],
            [
              77.5105566,
              12.9780851
            ]
          ]
        ]
      },
      "id": "way/1217247615"
    },
    {
      "type": "Feature",
      "properties": {
        "@id": "way/1217250866",
        "landuse": "industrial"
      },
      "geometry": {
        "type": "Polygon",
        "coordinates": [
          [
            [
              77.5316597,
              12.9451224
            ],
            [
              77.5316122,
              12.9450969
            ],
            [
              77.5304264,
              12.945064
            ],
            [
              77.5304425,
              12.9449307
            ],
            [
              77.5298068,
              12.944868
            ],
            [
              77.5302035,
              12.9442279
            ],
            [
              77.5304747,
              12.9443988
            ],
            [
              77.5304881,
              12.9441583
            ],
            [
              77.530322,
              12.9440375
            ],
            [
              77.5307643,
              12.9433388
            ],
            [
              77.5313893,
              12.9434773
            ],
            [
              77.5315073,
              12.9436133
            ],
            [
              77.5316597,
              12.9451224
            ]
          ]
        ]
      },
      "id": "way/1217250866"
    },
    {
      "type": "Feature",
      "properties": {
        "@id": "way/1217375985",
        "landuse": "industrial",
        "man_made": "water_works",
        "name": "BWSSB",
        "name:kn": "ಬೆಂ ನಿ ಸ ಮತ್ತು ಒ ಚ ಮಂ",
        "operator": "BWSSB"
      },
      "geometry": {
        "type": "Polygon",
        "coordinates": [
          [
            [
              77.6067842,
              12.9164896
            ],
            [
              77.606811,
              12.9160282
            ],
            [
              77.6069793,
              12.91604
            ],
            [
              77.6069927,
              12.9159328
            ],
            [
              77.6073803,
              12.915955
            ],
            [
              77.6073669,
              12.9164347
            ],
            [
              77.6072918,
              12.9164792
            ],
            [
              77.6067842,
              12.9164896
            ]
          ]
        ]
      },
      "id": "way/1217375985"
    },
    {
      "type": "Feature",
      "properties": {
        "@id": "way/1217525766",
        "landuse": "industrial",
        "name": "Dhobi Ghat",
        "name:kn": "ಧೋಬಿ ಘಾಟ್",
        "shop": "laundry"
      },
      "geometry": {
        "type": "Polygon",
        "coordinates": [
          [
            [
              77.552881,
              13.0112401
            ],
            [
              77.5528844,
              13.0115952
            ],
            [
              77.5520745,
              13.0111487
            ],
            [
              77.5517553,
              13.0117093
            ],
            [
              77.5514963,
              13.011591
            ],
            [
              77.5519417,
              13.0110429
            ],
            [
              77.5520651,
              13.0106365
            ],
            [
              77.5526726,
              13.0107737
            ],
            [
              77.5526713,
              13.0111605
            ],
            [
              77.552881,
              13.0112401
            ]
          ]
        ]
      },
      "id": "way/1217525766"
    },
    {
      "type": "Feature",
      "properties": {
        "@id": "way/1222725581",
        "landuse": "industrial",
        "note": "Deleted the tag 'brownfield'; brownfield is derelict land that has beenn previous built"
      },
      "geometry": {
        "type": "Polygon",
        "coordinates": [
          [
            [
              77.563936,
              12.9786364
            ],
            [
              77.5644645,
              12.9786778
            ],
            [
              77.5643527,
              12.9789318
            ],
            [
              77.563914,
              12.9789309
            ],
            [
              77.563936,
              12.9786364
            ]
          ]
        ]
      },
      "id": "way/1222725581"
    },
    {
      "type": "Feature",
      "properties": {
        "@id": "way/1233815376",
        "landuse": "industrial",
        "name": "Dhobi Ghat",
        "name:kn": "ಧೋಬಿ ಘಾಟ್",
        "shop": "laundry"
      },
      "geometry": {
        "type": "Polygon",
        "coordinates": [
          [
            [
              77.6209905,
              13.0015243
            ],
            [
              77.6205184,
              13.0016947
            ],
            [
              77.6204266,
              13.0014242
            ],
            [
              77.620379,
              13.0012524
            ],
            [
              77.6208899,
              13.001125
            ],
            [
              77.6209,
              13.0013111
            ],
            [
              77.6209905,
              13.0015243
            ]
          ]
        ]
      },
      "id": "way/1233815376"
    },
    {
      "type": "Feature",
      "properties": {
        "@id": "way/1237551399",
        "landuse": "industrial"
      },
      "geometry": {
        "type": "Polygon",
        "coordinates": [
          [
            [
              77.6245786,
              13.0193558
            ],
            [
              77.6243292,
              13.0184451
            ],
            [
              77.6250373,
              13.0181772
            ],
            [
              77.6254182,
              13.0191924
            ],
            [
              77.6245786,
              13.0193558
            ]
          ]
        ]
      },
      "id": "way/1237551399"
    },
    {
      "type": "Feature",
      "properties": {
        "@id": "way/1238771680",
        "depot": "bus",
        "industrial": "depot",
        "landuse": "industrial",
        "name": "BMTC Depot 22 (Peenya)",
        "name:kn": "ಬೆಂ.ಮ.ಸಾ.ಸಂ. ಡೆಪೋ ೨೨ ಪೀಣ್ಯ",
        "operator": "BMTC"
      },
      "geometry": {
        "type": "Polygon",
        "coordinates": [
          [
            [
              77.5003561,
              13.0203945
            ],
            [
              77.4999726,
              13.0197073
            ],
            [
              77.5014867,
              13.0189128
            ],
            [
              77.5020526,
              13.0198706
            ],
            [
              77.5003561,
              13.0203945
            ]
          ]
        ]
      },
      "id": "way/1238771680"
    },
    {
      "type": "Feature",
      "properties": {
        "@id": "way/1238794971",
        "alt_name": "Yeshwanthpur Bus Depot",
        "depot": "bus",
        "industrial": "depot",
        "landuse": "industrial",
        "name": "BMTC Depot 8 (Yeshwanthpura)",
        "name:kn": "ಬೆಂ.ಮ.ಸಾ.ಸಂ. ಡೆಪೋ ೮ ಯಶ್ವಂತಪುರ",
        "note": "Prospective editors are encouraged to contact the surveyors prior to editing.",
        "operator": "BMTC",
        "source": "Irasus Technologies Private Limited;JBM Green Energy Systems Private Limited"
      },
      "geometry": {
        "type": "Polygon",
        "coordinates": [
          [
            [
              77.5548873,
              13.0181058
            ],
            [
              77.5552663,
              13.0170631
            ],
            [
              77.5559781,
              13.0172816
            ],
            [
              77.5559424,
              13.0183744
            ],
            [
              77.5559392,
              13.0184738
            ],
            [
              77.5548873,
              13.0181058
            ]
          ]
        ]
      },
      "id": "way/1238794971"
    },
    {
      "type": "Feature",
      "properties": {
        "@id": "way/1238794972",
        "depot": "bus",
        "industrial": "depot",
        "landuse": "industrial",
        "name": "BMTC Depot 3 (Shanthinagara)",
        "name:kn": "ಬೆಂ.ಮ.ಸಾ.ಸಂ. ಡೆಪೋ ೩ ಶಾಂತಿನಗರ",
        "operator": "BMTC"
      },
      "geometry": {
        "type": "Polygon",
        "coordinates": [
          [
            [
              77.5956218,
              12.9564265
            ],
            [
              77.5950687,
              12.9553456
            ],
            [
              77.5950248,
              12.9552599
            ],
            [
              77.5960033,
              12.9548596
            ],
            [
              77.5966277,
              12.9559489
            ],
            [
              77.5956218,
              12.9564265
            ]
          ]
        ]
      },
      "id": "way/1238794972"
    },
    {
      "type": "Feature",
      "properties": {
        "@id": "way/1238794973",
        "depot": "bus",
        "industrial": "depot",
        "landuse": "industrial",
        "name": "BMTC Depot 2 (Shanthinagara)",
        "name:kn": "ಬೆಂ.ಮ.ಸಾ.ಸಂ. ಡೆಪೋ ೨ ಶಾಂತಿನಗರ",
        "operator": "BMTC"
      },
      "geometry": {
        "type": "Polygon",
        "coordinates": [
          [
            [
              77.5945417,
              12.9545107
            ],
            [
              77.5954716,
              12.9537942
            ],
            [
              77.5960033,
              12.9548596
            ],
            [
              77.5950248,
              12.9552599
            ],
            [
              77.5948048,
              12.9548299
            ],
            [
              77.5947189,
              12.9548717
            ],
            [
              77.5945417,
              12.9545107
            ]
          ]
        ]
      },
      "id": "way/1238794973"
    },
    {
      "type": "Feature",
      "properties": {
        "@id": "way/1238821117",
        "depot": "bus",
        "industrial": "depot",
        "landuse": "industrial",
        "name": "KSRTC Depot 5",
        "name:kn": "ಕ. ರಾ. ರ. ಸಾ. ನಿ. ಡೆಪೊ ೫",
        "operator": "KSRTC"
      },
      "geometry": {
        "type": "Polygon",
        "coordinates": [
          [
            [
              77.5360089,
              12.9499706
            ],
            [
              77.5363445,
              12.9494857
            ],
            [
              77.5370636,
              12.9500765
            ],
            [
              77.5372277,
              12.950315
            ],
            [
              77.5372396,
              12.9505105
            ],
            [
              77.5370125,
              12.9507796
            ],
            [
              77.5360089,
              12.9499706
            ]
          ]
        ]
      },
      "id": "way/1238821117"
    },
    {
      "type": "Feature",
      "properties": {
        "@id": "way/1238821119",
        "depot": "bus",
        "industrial": "depot",
        "landuse": "industrial",
        "name": "KSRTC Depot 2 (Shantinagar)",
        "name:kn": "ಕ. ರಾ. ರ. ಸಾ. ನಿ. ಡೆಪೋ ೨ ಶಾಂತಿನಗರ",
        "operator": "KSRTC"
      },
      "geometry": {
        "type": "Polygon",
        "coordinates": [
          [
            [
              77.5950687,
              12.9553456
            ],
            [
              77.5956218,
              12.9564265
            ],
            [
              77.5945342,
              12.9569441
            ],
            [
              77.5941086,
              12.9570578
            ],
            [
              77.5937883,
              12.9571551
            ],
            [
              77.5933776,
              12.9561756
            ],
            [
              77.5930771,
              12.9556334
            ],
            [
              77.5934019,
              12.9553883
            ],
            [
              77.5937118,
              12.9559761
            ],
            [
              77.5950687,
              12.9553456
            ]
          ]
        ]
      },
      "id": "way/1238821119"
    },
    {
      "type": "Feature",
      "properties": {
        "@id": "way/1239610857",
        "landuse": "industrial"
      },
      "geometry": {
        "type": "Polygon",
        "coordinates": [
          [
            [
              77.5470212,
              13.017452
            ],
            [
              77.5464848,
              13.0185287
            ],
            [
              77.5456426,
              13.0194747
            ],
            [
              77.5455017,
              13.0193009
            ],
            [
              77.5447185,
              13.0188985
            ],
            [
              77.5456426,
              13.0167961
            ],
            [
              77.5470212,
              13.017452
            ]
          ]
        ]
      },
      "id": "way/1239610857"
    },
    {
      "type": "Feature",
      "properties": {
        "@id": "way/1265721073",
        "landuse": "industrial"
      },
      "geometry": {
        "type": "Polygon",
        "coordinates": [
          [
            [
              77.5226158,
              12.9389432
            ],
            [
              77.5229524,
              12.9391941
            ],
            [
              77.5233722,
              12.9396764
            ],
            [
              77.5225809,
              12.9403352
            ],
            [
              77.5223503,
              12.9396856
            ],
            [
              77.5221303,
              12.9393066
            ],
            [
              77.5226158,
              12.9389432
            ]
          ]
        ]
      },
      "id": "way/1265721073"
    },
    {
      "type": "Feature",
      "properties": {
        "@id": "way/1265721195",
        "landuse": "industrial"
      },
      "geometry": {
        "type": "Polygon",
        "coordinates": [
          [
            [
              77.5148401,
              12.9378962
            ],
            [
              77.5134292,
              12.9368846
            ],
            [
              77.5138289,
              12.936082
            ],
            [
              77.5157413,
              12.9363408
            ],
            [
              77.5158298,
              12.937146
            ],
            [
              77.5159639,
              12.9376479
            ],
            [
              77.5148401,
              12.9378962
            ]
          ]
        ]
      },
      "id": "way/1265721195"
    },
    {
      "type": "Feature",
      "properties": {
        "@id": "way/1265721215",
        "landuse": "industrial"
      },
      "geometry": {
        "type": "Polygon",
        "coordinates": [
          [
            [
              77.5216354,
              12.9383289
            ],
            [
              77.5224388,
              12.9388661
            ],
            [
              77.5219801,
              12.9392124
            ],
            [
              77.5214638,
              12.9388399
            ],
            [
              77.5212961,
              12.9386543
            ],
            [
              77.5212438,
              12.9385733
            ],
            [
              77.5216354,
              12.9383289
            ]
          ]
        ]
      },
      "id": "way/1265721215"
    },
    {
      "type": "Feature",
      "properties": {
        "@id": "way/1293610899",
        "landuse": "industrial",
        "man_made": "wastewater_plant",
        "name": "Sewage Treatment Plant",
        "name:kn": "ಕೊಳಚೆ ನೀರು ಸಂಸ್ಕರಣ ಘಟಕ"
      },
      "geometry": {
        "type": "Polygon",
        "coordinates": [
          [
            [
              77.5833946,
              12.9625657
            ],
            [
              77.5832257,
              12.9620809
            ],
            [
              77.5834977,
              12.9619909
            ],
            [
              77.5836666,
              12.9624757
            ],
            [
              77.5833946,
              12.9625657
            ]
          ]
        ]
      },
      "id": "way/1293610899"
    },
    {
      "type": "Feature",
      "properties": {
        "@id": "way/1298074046",
        "landuse": "industrial",
        "man_made": "wastewater_plant",
        "name": "Sewage Treatment Plant",
        "name:kn": "ಕೊಳಚೆ ನೀರು ಸಂಸ್ಕರಣ ಘಟಕ"
      },
      "geometry": {
        "type": "Polygon",
        "coordinates": [
          [
            [
              77.5946529,
              12.9427848
            ],
            [
              77.5945416,
              12.9427589
            ],
            [
              77.5943863,
              12.9426238
            ],
            [
              77.5943796,
              12.9422461
            ],
            [
              77.5944923,
              12.9419572
            ],
            [
              77.5944921,
              12.9419364
            ],
            [
              77.5946626,
              12.941935
            ],
            [
              77.5946529,
              12.9427848
            ]
          ]
        ]
      },
      "id": "way/1298074046"
    },
    {
      "type": "Feature",
      "properties": {
        "@id": "way/1299917513",
        "frequency": "50",
        "landuse": "industrial",
        "location": "outdoor",
        "name": "220/33kV GIS Sub Station, Central Silk Board",
        "operator": "BMRCL",
        "power": "substation",
        "substation": "distribution",
        "voltage": "220000;33000"
      },
      "geometry": {
        "type": "Polygon",
        "coordinates": [
          [
            [
              77.6244067,
              12.9159568
            ],
            [
              77.6243936,
              12.9157968
            ],
            [
              77.6244538,
              12.9153365
            ],
            [
              77.6242243,
              12.9153405
            ],
            [
              77.624267,
              12.9152634
            ],
            [
              77.6249233,
              12.9152478
            ],
            [
              77.6249181,
              12.915377
            ],
            [
              77.624883,
              12.9155459
            ],
            [
              77.6247556,
              12.9157589
            ],
            [
              77.6246698,
              12.9159955
            ],
            [
              77.6244067,
              12.9159568
            ]
          ]
        ]
      },
      "id": "way/1299917513"
    },
    {
      "type": "Feature",
      "properties": {
        "@id": "way/1309832768",
        "landuse": "industrial",
        "man_made": "wastewater_plant",
        "name:kn": "ಕೊಳಚೆ ನೀರು ಸಂಸ್ಕರಣ ಘಟಕ"
      },
      "geometry": {
        "type": "Polygon",
        "coordinates": [
          [
            [
              77.6352525,
              12.9677085
            ],
            [
              77.6349065,
              12.9676225
            ],
            [
              77.6350161,
              12.9672086
            ],
            [
              77.6352493,
              12.967275
            ],
            [
              77.635471,
              12.9673324
            ],
            [
              77.6352525,
              12.9677085
            ]
          ]
        ]
      },
      "id": "way/1309832768"
    },
    {
      "type": "Feature",
      "properties": {
        "@id": "way/1309995714",
        "landuse": "industrial"
      },
      "geometry": {
        "type": "Polygon",
        "coordinates": [
          [
            [
              77.541591,
              12.9536699
            ],
            [
              77.5420163,
              12.9537706
            ],
            [
              77.5421642,
              12.9538056
            ],
            [
              77.5422098,
              12.953666
            ],
            [
              77.5428814,
              12.953893
            ],
            [
              77.5433551,
              12.9540746
            ],
            [
              77.5437132,
              12.954318
            ],
            [
              77.5436019,
              12.9545214
            ],
            [
              77.5437256,
              12.9546163
            ],
            [
              77.5438771,
              12.954431
            ],
            [
              77.5445168,
              12.9550077
            ],
            [
              77.5443582,
              12.9553825
            ],
            [
              77.5441302,
              12.9553091
            ],
            [
              77.5440093,
              12.9553419
            ],
            [
              77.5439122,
              12.9549323
            ],
            [
              77.5436089,
              12.9547913
            ],
            [
              77.5436604,
              12.9553322
            ],
            [
              77.5431331,
              12.955396
            ],
            [
              77.5430435,
              12.9550489
            ],
            [
              77.5430918,
              12.9550351
            ],
            [
              77.5430113,
              12.9546927
            ],
            [
              77.5427404,
              12.9546796
            ],
            [
              77.5421624,
              12.9548469
            ],
            [
              77.5417064,
              12.9550351
            ],
            [
              77.5417842,
              12.9547358
            ],
            [
              77.541866,
              12.9544117
            ],
            [
              77.5418553,
              12.9543267
            ],
            [
              77.5417493,
              12.9541634
            ],
            [
              77.5416702,
              12.9539386
            ],
            [
              77.541591,
              12.9536699
            ]
          ]
        ]
      },
      "id": "way/1309995714"
    },
    {
      "type": "Feature",
      "properties": {
        "@id": "way/1343404374",
        "landuse": "industrial"
      },
      "geometry": {
        "type": "Polygon",
        "coordinates": [
          [
            [
              77.5460721,
              12.9771355
            ],
            [
              77.5459058,
              12.9765893
            ],
            [
              77.5458424,
              12.9763986
            ],
            [
              77.5462226,
              12.9762979
            ],
            [
              77.5464787,
              12.9767514
            ],
            [
              77.5465129,
              12.9768017
            ],
            [
              77.5460721,
              12.9771355
            ]
          ]
        ]
      },
      "id": "way/1343404374"
    },
    {
      "type": "Feature",
      "properties": {
        "@id": "way/1343404375",
        "landuse": "industrial"
      },
      "geometry": {
        "type": "Polygon",
        "coordinates": [
          [
            [
              77.545656,
              12.976377
            ],
            [
              77.5454333,
              12.9754269
            ],
            [
              77.5461093,
              12.9752988
            ],
            [
              77.5460979,
              12.9753367
            ],
            [
              77.5461233,
              12.9761117
            ],
            [
              77.54612,
              12.9762554
            ],
            [
              77.545656,
              12.976377
            ]
          ]
        ]
      },
      "id": "way/1343404375"
    },
    {
      "type": "Feature",
      "properties": {
        "@id": "way/1352259451",
        "landuse": "industrial"
      },
      "geometry": {
        "type": "Polygon",
        "coordinates": [
          [
            [
              77.6134568,
              12.920217
            ],
            [
              77.6134133,
              12.9200824
            ],
            [
              77.6131457,
              12.9201549
            ],
            [
              77.6130079,
              12.9197139
            ],
            [
              77.6130599,
              12.9197111
            ],
            [
              77.6130568,
              12.9196975
            ],
            [
              77.6142193,
              12.9196255
            ],
            [
              77.6143038,
              12.9198436
            ],
            [
              77.6134568,
              12.920217
            ]
          ]
        ]
      },
      "id": "way/1352259451"
    },
    {
      "type": "Feature",
      "properties": {
        "@id": "way/1353687260",
        "landuse": "industrial"
      },
      "geometry": {
        "type": "Polygon",
        "coordinates": [
          [
            [
              77.5389827,
              13.0275805
            ],
            [
              77.5392428,
              13.0274215
            ],
            [
              77.5394922,
              13.0281022
            ],
            [
              77.5393241,
              13.0281925
            ],
            [
              77.5389827,
              13.0275805
            ]
          ]
        ]
      },
      "id": "way/1353687260"
    },
    {
      "type": "Feature",
      "properties": {
        "@id": "way/1353687261",
        "landuse": "industrial"
      },
      "geometry": {
        "type": "Polygon",
        "coordinates": [
          [
            [
              77.5385562,
              13.0278095
            ],
            [
              77.5386259,
              13.0277795
            ],
            [
              77.5389775,
              13.0283815
            ],
            [
              77.5386551,
              13.0285668
            ],
            [
              77.5379829,
              13.0289415
            ],
            [
              77.5376147,
              13.0283079
            ],
            [
              77.5385562,
              13.0278095
            ]
          ]
        ]
      },
      "id": "way/1353687261"
    },
    {
      "type": "Feature",
      "properties": {
        "@id": "way/1353687263",
        "landuse": "industrial"
      },
      "geometry": {
        "type": "Polygon",
        "coordinates": [
          [
            [
              77.5374365,
              13.0284157
            ],
            [
              77.5378027,
              13.029042
            ],
            [
              77.537617,
              13.0291455
            ],
            [
              77.5372603,
              13.0285223
            ],
            [
              77.5374365,
              13.0284157
            ]
          ]
        ]
      },
      "id": "way/1353687263"
    },
    {
      "type": "Feature",
      "properties": {
        "@id": "way/1353687274",
        "landuse": "industrial"
      },
      "geometry": {
        "type": "Polygon",
        "coordinates": [
          [
            [
              77.5360027,
              13.0251153
            ],
            [
              77.5359021,
              13.0252159
            ],
            [
              77.5358913,
              13.0252501
            ],
            [
              77.5357385,
              13.0257334
            ],
            [
              77.5354622,
              13.0263631
            ],
            [
              77.5350496,
              13.0264482
            ],
            [
              77.5342313,
              13.0249666
            ],
            [
              77.5360629,
              13.0239679
            ],
            [
              77.5361788,
              13.0239077
            ],
            [
              77.536393,
              13.0243065
            ],
            [
              77.536106,
              13.0248449
            ],
            [
              77.5359195,
              13.0249246
            ],
            [
              77.5360027,
              13.0251153
            ]
          ]
        ]
      },
      "id": "way/1353687274"
    },
    {
      "type": "Feature",
      "properties": {
        "@id": "way/1353687275",
        "landuse": "industrial"
      },
      "geometry": {
        "type": "Polygon",
        "coordinates": [
          [
            [
              77.5341636,
              13.024844
            ],
            [
              77.5336738,
              13.0239571
            ],
            [
              77.5353363,
              13.0231658
            ],
            [
              77.5357362,
              13.0239777
            ],
            [
              77.5341636,
              13.024844
            ]
          ]
        ]
      },
      "id": "way/1353687275"
    },
    {
      "type": "Feature",
      "properties": {
        "@id": "way/1353687278",
        "landuse": "industrial"
      },
      "geometry": {
        "type": "Polygon",
        "coordinates": [
          [
            [
              77.5361008,
              13.0282347
            ],
            [
              77.5367577,
              13.0281244
            ],
            [
              77.5368355,
              13.0286052
            ],
            [
              77.5364453,
              13.0288064
            ],
            [
              77.5361008,
              13.0282347
            ]
          ]
        ]
      },
      "id": "way/1353687278"
    },
    {
      "type": "Feature",
      "properties": {
        "@id": "way/1353687279",
        "landuse": "industrial"
      },
      "geometry": {
        "type": "Polygon",
        "coordinates": [
          [
            [
              77.5392428,
              13.0274215
            ],
            [
              77.5394337,
              13.027321
            ],
            [
              77.5397618,
              13.0281166
            ],
            [
              77.5399346,
              13.0286708
            ],
            [
              77.5398881,
              13.0286961
            ],
            [
              77.5396669,
              13.0288068
            ],
            [
              77.5393241,
              13.0281925
            ],
            [
              77.5394922,
              13.0281022
            ],
            [
              77.5392428,
              13.0274215
            ]
          ]
        ]
      },
      "id": "way/1353687279"
    },
    {
      "type": "Feature",
      "properties": {
        "@id": "way/1353711093",
        "landuse": "industrial"
      },
      "geometry": {
        "type": "Polygon",
        "coordinates": [
          [
            [
              77.5354144,
              13.0289869
            ],
            [
              77.535789,
              13.0287734
            ],
            [
              77.5360594,
              13.0286137
            ],
            [
              77.5362468,
              13.0289349
            ],
            [
              77.5363669,
              13.0291471
            ],
            [
              77.536478,
              13.0293484
            ],
            [
              77.5365613,
              13.0294797
            ],
            [
              77.5358956,
              13.0298456
            ],
            [
              77.5354144,
              13.0289869
            ]
          ]
        ]
      },
      "id": "way/1353711093"
    },
    {
      "type": "Feature",
      "properties": {
        "@id": "way/1363786914",
        "landuse": "industrial"
      },
      "geometry": {
        "type": "Polygon",
        "coordinates": [
          [
            [
              77.6180997,
              13.0285321
            ],
            [
              77.6180193,
              13.0292899
            ],
            [
              77.6176867,
              13.0292559
            ],
            [
              77.6177886,
              13.0284223
            ],
            [
              77.6180997,
              13.0285321
            ]
          ]
        ]
      },
      "id": "way/1363786914"
    },
    {
      "type": "Feature",
      "properties": {
        "@id": "way/1363787031",
        "landuse": "industrial"
      },
      "geometry": {
        "type": "Polygon",
        "coordinates": [
          [
            [
              77.6231115,
              13.0268609
            ],
            [
              77.6239631,
              13.0267185
            ],
            [
              77.6239014,
              13.0269955
            ],
            [
              77.6239671,
              13.027215
            ],
            [
              77.6242085,
              13.0283818
            ],
            [
              77.623774,
              13.0283361
            ],
            [
              77.6237605,
              13.0284589
            ],
            [
              77.6230457,
              13.0284798
            ],
            [
              77.6229693,
              13.0287098
            ],
            [
              77.6229331,
              13.0286889
            ],
            [
              77.6228432,
              13.0283596
            ],
            [
              77.6229291,
              13.0282629
            ],
            [
              77.6231115,
              13.0268609
            ]
          ]
        ]
      },
      "id": "way/1363787031"
    },
    {
      "type": "Feature",
      "properties": {
        "@id": "way/1364015891",
        "landuse": "industrial"
      },
      "geometry": {
        "type": "Polygon",
        "coordinates": [
          [
            [
              77.6251339,
              13.0166261
            ],
            [
              77.6253709,
              13.017179
            ],
            [
              77.6255268,
              13.0174416
            ],
            [
              77.6250445,
              13.017761
            ],
            [
              77.6247422,
              13.0174625
            ],
            [
              77.6242004,
              13.0165138
            ],
            [
              77.6245679,
              13.0163544
            ],
            [
              77.6247583,
              13.0167595
            ],
            [
              77.6251339,
              13.0166261
            ]
          ]
        ]
      },
      "id": "way/1364015891"
    },
    {
      "type": "Feature",
      "properties": {
        "@id": "way/1364015941",
        "landuse": "industrial"
      },
      "geometry": {
        "type": "Polygon",
        "coordinates": [
          [
            [
              77.6315812,
              13.0205383
            ],
            [
              77.6314853,
              13.0200444
            ],
            [
              77.6314793,
              13.0200065
            ],
            [
              77.6317542,
              13.019917
            ],
            [
              77.6319312,
              13.0198967
            ],
            [
              77.6320204,
              13.0204664
            ],
            [
              77.6315812,
              13.0205383
            ]
          ]
        ]
      },
      "id": "way/1364015941"
    },
    {
      "type": "Feature",
      "properties": {
        "@id": "way/1385496277",
        "landuse": "industrial"
      },
      "geometry": {
        "type": "Polygon",
        "coordinates": [
          [
            [
              77.6092525,
              13.026563
            ],
            [
              77.6092008,
              13.0264095
            ],
            [
              77.6094798,
              13.0263096
            ],
            [
              77.6094422,
              13.0262266
            ],
            [
              77.6096562,
              13.0261475
            ],
            [
              77.6096434,
              13.0261188
            ],
            [
              77.6099552,
              13.0260215
            ],
            [
              77.6100712,
              13.0263331
            ],
            [
              77.6092525,
              13.026563
            ]
          ]
        ]
      },
      "id": "way/1385496277"
    },
    {
      "type": "Feature",
      "properties": {
        "@id": "way/1390079407",
        "landuse": "industrial"
      },
      "geometry": {
        "type": "Polygon",
        "coordinates": [
          [
            [
              77.5200328,
              12.9787319
            ],
            [
              77.5198317,
              12.977838
            ],
            [
              77.5190029,
              12.9780458
            ],
            [
              77.5188473,
              12.9773624
            ],
            [
              77.5190552,
              12.977314
            ],
            [
              77.5204191,
              12.9770814
            ],
            [
              77.5207382,
              12.9784615
            ],
            [
              77.5200328,
              12.9787319
            ]
          ]
        ]
      },
      "id": "way/1390079407"
    },
    {
      "type": "Feature",
      "properties": {
        "@id": "way/1390079409",
        "landuse": "industrial"
      },
      "geometry": {
        "type": "Polygon",
        "coordinates": [
          [
            [
              77.5193992,
              12.9789253
            ],
            [
              77.5191182,
              12.9784196
            ],
            [
              77.5190029,
              12.9780458
            ],
            [
              77.5198317,
              12.977838
            ],
            [
              77.5200328,
              12.9787319
            ],
            [
              77.5193992,
              12.9789253
            ]
          ]
        ]
      },
      "id": "way/1390079409"
    },
    {
      "type": "Feature",
      "properties": {
        "@id": "way/1416890229",
        "landuse": "industrial"
      },
      "geometry": {
        "type": "Polygon",
        "coordinates": [
          [
            [
              77.6168378,
              13.0241602
            ],
            [
              77.6170067,
              13.0241811
            ],
            [
              77.6169652,
              13.0247031
            ],
            [
              77.6167949,
              13.0246933
            ],
            [
              77.6167908,
              13.024922
            ],
            [
              77.6163704,
              13.0249546
            ],
            [
              77.616362,
              13.025149
            ],
            [
              77.6161163,
              13.0251457
            ],
            [
              77.6161028,
              13.0241223
            ],
            [
              77.6163952,
              13.0241106
            ],
            [
              77.6168378,
              13.0241602
            ]
          ]
        ]
      },
      "id": "way/1416890229"
    },
    {
      "type": "Feature",
      "properties": {
        "@id": "way/1425967093",
        "landuse": "industrial",
        "shop": "car_repair"
      },
      "geometry": {
        "type": "Polygon",
        "coordinates": [
          [
            [
              77.6443163,
              12.918797
            ],
            [
              77.644445,
              12.9191568
            ],
            [
              77.6445022,
              12.9191531
            ],
            [
              77.6446426,
              12.9195151
            ],
            [
              77.6446478,
              12.9195825
            ],
            [
              77.6433071,
              12.9196673
            ],
            [
              77.6432535,
              12.9196961
            ],
            [
              77.6429655,
              12.9193368
            ],
            [
              77.6443163,
              12.918797
            ]
          ]
        ]
      },
      "id": "way/1425967093"
    },
    {
      "type": "Feature",
      "properties": {
        "@id": "way/1432471475",
        "landuse": "industrial",
        "name": "India Garage Indane Division"
      },
      "geometry": {
        "type": "Polygon",
        "coordinates": [
          [
            [
              77.6233924,
              13.0081131
            ],
            [
              77.6245102,
              13.0077226
            ],
            [
              77.6246579,
              13.0076599
            ],
            [
              77.6248844,
              13.0082178
            ],
            [
              77.6235232,
              13.0085562
            ],
            [
              77.6233924,
              13.0081131
            ]
          ]
        ]
      },
      "id": "way/1432471475"
    },
    {
      "type": "Feature",
      "properties": {
        "@id": "way/1458729076",
        "landuse": "industrial"
      },
      "geometry": {
        "type": "Polygon",
        "coordinates": [
          [
            [
              77.5488705,
              12.9844728
            ],
            [
              77.5489082,
              12.9849742
            ],
            [
              77.5484035,
              12.985034
            ],
            [
              77.5482096,
              12.985057
            ],
            [
              77.54816,
              12.9845602
            ],
            [
              77.5488705,
              12.9844728
            ]
          ]
        ]
      },
      "id": "way/1458729076"
    },
    {
      "type": "Feature",
      "properties": {
        "@id": "way/1491277841",
        "landuse": "industrial",
        "name": "Ashwin Enterprises"
      },
      "geometry": {
        "type": "Polygon",
        "coordinates": [
          [
            [
              77.6388252,
              12.9835633
            ],
            [
              77.6386457,
              12.9842473
            ],
            [
              77.6380861,
              12.9838873
            ],
            [
              77.6382224,
              12.9836884
            ],
            [
              77.6384052,
              12.9834217
            ],
            [
              77.6388252,
              12.9835633
            ]
          ]
        ]
      },
      "id": "way/1491277841"
    },
    {
      "type": "Feature",
      "properties": {
        "@id": "way/1510438581",
        "landuse": "industrial"
      },
      "geometry": {
        "type": "Polygon",
        "coordinates": [
          [
            [
              77.6432763,
              13.0282499
            ],
            [
              77.6434144,
              13.0282812
            ],
            [
              77.6434386,
              13.0283491
            ],
            [
              77.6438156,
              13.0282613
            ],
            [
              77.6436403,
              13.0284863
            ],
            [
              77.643589,
              13.0291995
            ],
            [
              77.6435737,
              13.0296104
            ],
            [
              77.6434037,
              13.0295825
            ],
            [
              77.6431355,
              13.0296871
            ],
            [
              77.6431181,
              13.0295878
            ],
            [
              77.6430959,
              13.0294016
            ],
            [
              77.6431114,
              13.0292194
            ],
            [
              77.6431315,
              13.0291135
            ],
            [
              77.6432428,
              13.0283034
            ],
            [
              77.6432763,
              13.0282499
            ]
          ]
        ]
      },
      "id": "way/1510438581"
    },
    {
      "type": "Feature",
      "properties": {
        "@id": "way/1510601076",
        "landuse": "industrial"
      },
      "geometry": {
        "type": "Polygon",
        "coordinates": [
          [
            [
              77.6443023,
              13.0297469
            ],
            [
              77.6440501,
              13.0297444
            ],
            [
              77.6440126,
              13.0297184
            ],
            [
              77.6440191,
              13.0291492
            ],
            [
              77.6440295,
              13.0291475
            ],
            [
              77.6443298,
              13.0290984
            ],
            [
              77.6443023,
              13.0297469
            ]
          ]
        ]
      },
      "id": "way/1510601076"
    },
    {
      "type": "Feature",
      "properties": {
        "@id": "way/1510884701",
        "landuse": "industrial"
      },
      "geometry": {
        "type": "Polygon",
        "coordinates": [
          [
            [
              77.6426969,
              13.0267714
            ],
            [
              77.6434514,
              13.0267221
            ],
            [
              77.6434594,
              13.0268962
            ],
            [
              77.6434225,
              13.0268975
            ],
            [
              77.6434265,
              13.0270066
            ],
            [
              77.6430027,
              13.0270589
            ],
            [
              77.6427164,
              13.0271059
            ],
            [
              77.6426969,
              13.0267714
            ]
          ]
        ]
      },
      "id": "way/1510884701"
    },
    {
      "type": "Feature",
      "properties": {
        "@id": "way/1538996681",
        "landuse": "industrial"
      },
      "geometry": {
        "type": "Polygon",
        "coordinates": [
          [
            [
              77.5029592,
              12.959548
            ],
            [
              77.5031362,
              12.96011
            ],
            [
              77.5032515,
              12.9600861
            ],
            [
              77.5033595,
              12.9604714
            ],
            [
              77.5035037,
              12.9604359
            ],
            [
              77.5035627,
              12.9606263
            ],
            [
              77.5030249,
              12.9607726
            ],
            [
              77.5027245,
              12.960821
            ],
            [
              77.5026588,
              12.9605465
            ],
            [
              77.5026105,
              12.9605439
            ],
            [
              77.5022887,
              12.9597415
            ],
            [
              77.5027701,
              12.9595637
            ],
            [
              77.5029592,
              12.959548
            ]
          ]
        ]
      },
      "id": "way/1538996681"
    },
    {
      "type": "Feature",
      "properties": {
        "@id": "way/1539380572",
        "landuse": "industrial"
      },
      "geometry": {
        "type": "Polygon",
        "coordinates": [
          [
            [
              77.517406,
              12.9618379
            ],
            [
              77.5168772,
              12.96186
            ],
            [
              77.5168651,
              12.9617463
            ],
            [
              77.5168222,
              12.960753
            ],
            [
              77.5174029,
              12.9607334
            ],
            [
              77.517406,
              12.9618379
            ]
          ]
        ]
      },
      "id": "way/1539380572"
    },
    {
      "type": "Feature",
      "properties": {
        "@id": "way/1539444410",
        "landuse": "industrial"
      },
      "geometry": {
        "type": "Polygon",
        "coordinates": [
          [
            [
              77.5168303,
              12.9603374
            ],
            [
              77.5168254,
              12.9600613
            ],
            [
              77.5174048,
              12.9600587
            ],
            [
              77.5174606,
              12.9603217
            ],
            [
              77.5168303,
              12.9603374
            ]
          ]
        ]
      },
      "id": "way/1539444410"
    },
    {
      "type": "Feature",
      "properties": {
        "@id": "node/598963087",
        "landuse": "industrial",
        "name": "Indian Bureau of Mines"
      },
      "geometry": {
        "type": "Point",
        "coordinates": [
          77.5342651,
          13.0265319
        ]
      },
      "id": "node/598963087"
    },
    {
      "type": "Feature",
      "properties": {
        "@id": "node/598963093",
        "landuse": "industrial",
        "name": "Gokaldas"
      },
      "geometry": {
        "type": "Point",
        "coordinates": [
          77.5353211,
          13.0281717
        ]
      },
      "id": "node/598963093"
    },
    {
      "type": "Feature",
      "properties": {
        "@id": "node/6176696739",
        "industrial": "warehouse",
        "landuse": "industrial",
        "name": "Amazon Transport Services"
      },
      "geometry": {
        "type": "Point",
        "coordinates": [
          77.6312368,
          13.0288262
        ]
      },
      "id": "node/6176696739"
    },
    {
      "type": "Feature",
      "properties": {
        "@id": "node/12913861423",
        "description": "Warehouse",
        "industrial": "depot",
        "landuse": "industrial",
        "name": "Hasmukh Agency"
      },
      "geometry": {
        "type": "Point",
        "coordinates": [
          77.5114274,
          13.0034437
        ]
      },
      "id": "node/12913861423"
    }
  ]
}