{
  "type": "FeatureCollection",
  "generator": "overpass-turbo",
  "copyright": "The data included in this document is from www.openstreetmap.org. The data is made available under ODbL.",
  "timestamp": "2026-07-21T09:26:36Z",
  "features": [
    {
      "type": "Feature",
      "properties": {
        "@id": "relation/4484544",
        "industrial": "depot",
        "landuse": "industrial",
        "name": "DN Nagar Metro Depot",
        "operator": "Mumbai Metro One Private Limited",
        "type": "multipolygon"
      },
      "geometry": {
        "type": "Polygon",
        "coordinates": [
          [
            [
              72.829298,
              19.1286512
            ],
            [
              72.8294185,
              19.129196
            ],
            [
              72.8298936,
              19.1313454
            ],
            [
              72.8308437,
              19.1311476
            ],
            [
              72.8307423,
              19.1317868
            ],
            [
              72.8292224,
              19.1320852
            ],
            [
              72.8267895,
              19.1322997
            ],
            [
              72.8265684,
              19.1313206
            ],
            [
              72.8262325,
              19.1299395
            ],
            [
              72.8265142,
              19.1298757
            ],
            [
              72.8263663,
              19.1293169
            ],
            [
              72.8271346,
              19.1291366
            ],
            [
              72.8273627,
              19.1301177
            ],
            [
              72.8273101,
              19.1301343
            ],
            [
              72.8272917,
              19.1302548
            ],
            [
              72.827265,
              19.1303675
            ],
            [
              72.827223,
              19.1304724
            ],
            [
              72.8269808,
              19.1310201
            ],
            [
              72.8269327,
              19.1311346
            ],
            [
              72.8269151,
              19.1312462
            ],
            [
              72.826912,
              19.1313504
            ],
            [
              72.8269228,
              19.1314463
            ],
            [
              72.8269471,
              19.1315434
            ],
            [
              72.82698,
              19.1316481
            ],
            [
              72.827038,
              19.1317444
            ],
            [
              72.8270892,
              19.1318097
            ],
            [
              72.8271514,
              19.1318769
            ],
            [
              72.8272391,
              19.1319442
            ],
            [
              72.827328,
              19.1319945
            ],
            [
              72.8273977,
              19.1320257
            ],
            [
              72.8274801,
              19.1320535
            ],
            [
              72.8275635,
              19.1320737
            ],
            [
              72.8276402,
              19.1320808
            ],
            [
              72.8277156,
              19.1320868
            ],
            [
              72.8277911,
              19.1320848
            ],
            [
              72.8281773,
              19.1320228
            ],
            [
              72.8283536,
              19.1319838
            ],
            [
              72.8284394,
              19.1319595
            ],
            [
              72.8285322,
              19.1319162
            ],
            [
              72.8286517,
              19.1318498
            ],
            [
              72.8286992,
              19.131816
            ],
            [
              72.8287453,
              19.1317715
            ],
            [
              72.8286895,
              19.1317169
            ],
            [
              72.8285598,
              19.1311909
            ],
            [
              72.8287089,
              19.1311587
            ],
            [
              72.8286945,
              19.1310984
            ],
            [
              72.8281661,
              19.1288875
            ],
            [
              72.829298,
              19.1286512
            ]
          ]
        ]
      },
      "id": "relation/4484544"
    },
    {
      "type": "Feature",
      "properties": {
        "@id": "relation/17860883",
        "landuse": "industrial",
        "type": "multipolygon"
      },
      "geometry": {
        "type": "Polygon",
        "coordinates": [
          [
            [
              73.0327063,
              19.0012294
            ],
            [
              73.0326073,
              19.0011177
            ],
            [
              73.03251,
              19.0009896
            ],
            [
              73.0323297,
              19.0006144
            ],
            [
              73.0323297,
              19.0002745
            ],
            [
              73.0323994,
              18.9999398
            ],
            [
              73.0323833,
              18.9996355
            ],
            [
              73.0321526,
              18.9993362
            ],
            [
              73.0328822,
              18.9987427
            ],
            [
              73.0326515,
              18.9984587
            ],
            [
              73.032394,
              18.9986565
            ],
            [
              73.0322251,
              18.9986109
            ],
            [
              73.0320454,
              18.9979363
            ],
            [
              73.0319917,
              18.9973581
            ],
            [
              73.0320668,
              18.9970943
            ],
            [
              73.0319595,
              18.9966226
            ],
            [
              73.0319059,
              18.996374
            ],
            [
              73.0317825,
              18.9961153
            ],
            [
              73.0314445,
              18.9955422
            ],
            [
              73.0313131,
              18.9954686
            ],
            [
              73.0312568,
              18.9953697
            ],
            [
              73.0312943,
              18.9952353
            ],
            [
              73.0326084,
              18.9945825
            ],
            [
              73.032589,
              18.9944301
            ],
            [
              73.032466,
              18.994316
            ],
            [
              73.0312782,
              18.9948802
            ],
            [
              73.0311254,
              18.9948473
            ],
            [
              73.0310368,
              18.9947712
            ],
            [
              73.0309457,
              18.9943907
            ],
            [
              73.0309501,
              18.9942941
            ],
            [
              73.0321902,
              18.9936198
            ],
            [
              73.0326676,
              18.9941625
            ],
            [
              73.0331612,
              18.9952125
            ],
            [
              73.0332845,
              18.9960342
            ],
            [
              73.033247,
              18.9967595
            ],
            [
              73.0331182,
              18.9971399
            ],
            [
              73.03307,
              18.9974696
            ],
            [
              73.033129,
              18.997708
            ],
            [
              73.0334455,
              18.9979819
            ],
            [
              73.0341375,
              18.9983065
            ],
            [
              73.0345023,
              18.9987935
            ],
            [
              73.0328178,
              19.0012433
            ],
            [
              73.0327063,
              19.0012294
            ]
          ]
        ]
      },
      "id": "relation/17860883"
    },
    {
      "type": "Feature",
      "properties": {
        "@id": "way/35460864",
        "alt_name": "Turbhe Depot",
        "bus": "yes",
        "depot": "bus",
        "industrial": "bus_depot",
        "landuse": "industrial",
        "name": "Turbhe Bus Depot",
        "note": "Prospective editors are encouraged to contact the surveyors prior to editing.",
        "operator": "NMMT",
        "public_transport": "yes",
        "source": "Irasus Technologies Private Limited;JBM Green Energy Systems Private Limited"
      },
      "geometry": {
        "type": "Polygon",
        "coordinates": [
          [
            [
              73.0173093,
              19.0745307
            ],
            [
              73.0156801,
              19.0746753
            ],
            [
              73.0155659,
              19.073248
            ],
            [
              73.0178136,
              19.0730602
            ],
            [
              73.0177176,
              19.0737171
            ],
            [
              73.0173665,
              19.0743369
            ],
            [
              73.0173093,
              19.0745307
            ]
          ]
        ]
      },
      "id": "way/35460864"
    },
    {
      "type": "Feature",
      "properties": {
        "@id": "way/48790490",
        "addr:city": "Navi Mumbai",
        "amenity": "marketplace",
        "landuse": "industrial",
        "name": "APMC Grain Market"
      },
      "geometry": {
        "type": "Polygon",
        "coordinates": [
          [
            [
              73.0109467,
              19.0870499
            ],
            [
              73.0080216,
              19.0826475
            ],
            [
              73.0079089,
              19.0814503
            ],
            [
              73.0077144,
              19.0791934
            ],
            [
              73.009757,
              19.0790361
            ],
            [
              73.0099516,
              19.081293
            ],
            [
              73.0100448,
              19.081447
            ],
            [
              73.0129698,
              19.0858495
            ],
            [
              73.0109467,
              19.0870499
            ]
          ]
        ]
      },
      "id": "way/48790490"
    },
    {
      "type": "Feature",
      "properties": {
        "@id": "way/48790492",
        "addr:city": "Navi Mumbai",
        "amenity": "marketplace",
        "landuse": "industrial",
        "name": "APMC Spice Market"
      },
      "geometry": {
        "type": "Polygon",
        "coordinates": [
          [
            [
              73.005351,
              19.0779312
            ],
            [
              73.0050018,
              19.0740648
            ],
            [
              73.0093557,
              19.0737319
            ],
            [
              73.0096948,
              19.0775817
            ],
            [
              73.0092075,
              19.0776191
            ],
            [
              73.0075876,
              19.0777527
            ],
            [
              73.0073214,
              19.0777727
            ],
            [
              73.005351,
              19.0779312
            ]
          ]
        ]
      },
      "id": "way/48790492"
    },
    {
      "type": "Feature",
      "properties": {
        "@id": "way/48790495",
        "addr:city": "Navi Mumbai",
        "alt_name": "vashi vegetable market",
        "amenity": "marketplace",
        "landuse": "industrial",
        "name": "APMC Fruit & Vegetable Market"
      },
      "geometry": {
        "type": "Polygon",
        "coordinates": [
          [
            [
              73.0099297,
              19.0775416
            ],
            [
              73.0095691,
              19.0737192
            ],
            [
              73.0136969,
              19.0733714
            ],
            [
              73.0140574,
              19.0771922
            ],
            [
              73.0136486,
              19.0772266
            ],
            [
              73.0135135,
              19.0772379
            ],
            [
              73.0119995,
              19.0773657
            ],
            [
              73.0117654,
              19.0773869
            ],
            [
              73.0099297,
              19.0775416
            ]
          ]
        ]
      },
      "id": "way/48790495"
    },
    {
      "type": "Feature",
      "properties": {
        "@id": "way/48792633",
        "landuse": "industrial"
      },
      "geometry": {
        "type": "Polygon",
        "coordinates": [
          [
            [
              73.006264,
              19.1477882
            ],
            [
              73.0093861,
              19.1464909
            ],
            [
              73.0095094,
              19.1465973
            ],
            [
              73.0124223,
              19.1421732
            ],
            [
              73.0137527,
              19.1401714
            ],
            [
              73.0154829,
              19.1374049
            ],
            [
              73.0162463,
              19.1361842
            ],
            [
              73.0168281,
              19.1352798
            ],
            [
              73.0168913,
              19.1324111
            ],
            [
              73.0207747,
              19.1360663
            ],
            [
              73.0203456,
              19.1372877
            ],
            [
              73.0187041,
              19.1378401
            ],
            [
              73.0183071,
              19.1378705
            ],
            [
              73.0173254,
              19.1385142
            ],
            [
              73.0171376,
              19.1386915
            ],
            [
              73.0171001,
              19.1392287
            ],
            [
              73.0164134,
              19.1396392
            ],
            [
              73.0161415,
              19.1409964
            ],
            [
              73.0175148,
              19.1421316
            ],
            [
              73.017901,
              19.1437533
            ],
            [
              73.016399,
              19.1460237
            ],
            [
              73.0149452,
              19.1450443
            ],
            [
              73.010128,
              19.152984
            ],
            [
              73.0090577,
              19.151104
            ],
            [
              73.009039,
              19.1504832
            ],
            [
              73.0082917,
              19.1496784
            ],
            [
              73.0077875,
              19.1493439
            ],
            [
              73.00731,
              19.1486649
            ],
            [
              73.0071062,
              19.1482747
            ],
            [
              73.0065697,
              19.1484115
            ],
            [
              73.006264,
              19.1477882
            ]
          ]
        ]
      },
      "id": "way/48792633"
    },
    {
      "type": "Feature",
      "properties": {
        "@id": "way/48863714",
        "landuse": "industrial",
        "name": "Godrej Estate (West)"
      },
      "geometry": {
        "type": "Polygon",
        "coordinates": [
          [
            [
              72.9184812,
              19.1002082
            ],
            [
              72.9212137,
              19.0978398
            ],
            [
              72.9225009,
              19.0991745
            ],
            [
              72.9234777,
              19.1002263
            ],
            [
              72.9243568,
              19.101324
            ],
            [
              72.924997,
              19.1023404
            ],
            [
              72.9256825,
              19.1035231
            ],
            [
              72.9259874,
              19.1041703
            ],
            [
              72.9267581,
              19.1059893
            ],
            [
              72.9274233,
              19.1080448
            ],
            [
              72.9276485,
              19.1089293
            ],
            [
              72.9271844,
              19.1090188
            ],
            [
              72.9266079,
              19.1091751
            ],
            [
              72.9265393,
              19.1087587
            ],
            [
              72.9265299,
              19.108702
            ],
            [
              72.926656,
              19.1086589
            ],
            [
              72.9266185,
              19.1081672
            ],
            [
              72.9264899,
              19.1081081
            ],
            [
              72.9261895,
              19.108169
            ],
            [
              72.9260715,
              19.1078952
            ],
            [
              72.9257174,
              19.1078851
            ],
            [
              72.9255994,
              19.107439
            ],
            [
              72.926211,
              19.1071755
            ],
            [
              72.9259535,
              19.1061008
            ],
            [
              72.9254921,
              19.1061313
            ],
            [
              72.9248693,
              19.1047516
            ],
            [
              72.9239292,
              19.1054808
            ],
            [
              72.9229065,
              19.106182
            ],
            [
              72.9224879,
              19.1055891
            ],
            [
              72.9184812,
              19.1002082
            ]
          ]
        ]
      },
      "id": "way/48863714"
    },
    {
      "type": "Feature",
      "properties": {
        "@id": "way/48864360",
        "landuse": "industrial",
        "name": "Kurla EMU Carshed"
      },
      "geometry": {
        "type": "Polygon",
        "coordinates": [
          [
            [
              72.886229,
              19.0710117
            ],
            [
              72.8941727,
              19.0770762
            ],
            [
              72.8940244,
              19.0772055
            ],
            [
              72.8936962,
              19.0771281
            ],
            [
              72.8914667,
              19.0766715
            ],
            [
              72.890438,
              19.0771135
            ],
            [
              72.8899614,
              19.0769661
            ],
            [
              72.8888197,
              19.0761057
            ],
            [
              72.8869212,
              19.0746172
            ],
            [
              72.8867719,
              19.0734026
            ],
            [
              72.8865464,
              19.0715678
            ],
            [
              72.8861602,
              19.0710912
            ],
            [
              72.886229,
              19.0710117
            ]
          ]
        ]
      },
      "id": "way/48864360"
    },
    {
      "type": "Feature",
      "properties": {
        "@id": "way/48966380",
        "landuse": "industrial",
        "name": "Bhabha Atomic Research Centre - BARC",
        "website": "https://www.barc.gov.in",
        "wikidata": "Q854682",
        "wikimedia_commons": "Category:Bhabha Atomic Research Centre",
        "wikipedia": "en:Bhabha Atomic Research Centre"
      },
      "geometry": {
        "type": "Polygon",
        "coordinates": [
          [
            [
              72.9362342,
              19.0267668
            ],
            [
              72.9367787,
              19.0266806
            ],
            [
              72.9373741,
              19.0267262
            ],
            [
              72.9376718,
              19.0274489
            ],
            [
              72.9383504,
              19.0277532
            ],
            [
              72.9387286,
              19.0278698
            ],
            [
              72.9393294,
              19.0283491
            ],
            [
              72.9401019,
              19.0285849
            ],
            [
              72.9403058,
              19.0286838
            ],
            [
              72.9404935,
              19.0287218
            ],
            [
              72.9420465,
              19.0295205
            ],
            [
              72.9423577,
              19.0296295
            ],
            [
              72.9427117,
              19.0298958
            ],
            [
              72.9440904,
              19.0303218
            ],
            [
              72.944136,
              19.0302305
            ],
            [
              72.9443586,
              19.0303116
            ],
            [
              72.9443076,
              19.0304105
            ],
            [
              72.9451579,
              19.030905
            ],
            [
              72.9456326,
              19.0311813
            ],
            [
              72.9455549,
              19.0316834
            ],
            [
              72.9456943,
              19.0317671
            ],
            [
              72.9469201,
              19.0322209
            ],
            [
              72.9469469,
              19.0325328
            ],
            [
              72.9471293,
              19.0330704
            ],
            [
              72.947301,
              19.0333721
            ],
            [
              72.9478964,
              19.0337752
            ],
            [
              72.9488835,
              19.0342443
            ],
            [
              72.9490605,
              19.0344827
            ],
            [
              72.9472849,
              19.0352332
            ],
            [
              72.9466519,
              19.0354639
            ],
            [
              72.9464185,
              19.0356744
            ],
            [
              72.9464453,
              19.0350988
            ],
            [
              72.9463488,
              19.0345638
            ],
            [
              72.9461771,
              19.034257
            ],
            [
              72.946094,
              19.034153
            ],
            [
              72.9455146,
              19.0338944
            ],
            [
              72.9448011,
              19.0337372
            ],
            [
              72.9446214,
              19.0337271
            ],
            [
              72.944085,
              19.0338437
            ],
            [
              72.943688,
              19.0341277
            ],
            [
              72.9435807,
              19.0348934
            ],
            [
              72.9436397,
              19.035076
            ],
            [
              72.9438114,
              19.035218
            ],
            [
              72.9437846,
              19.0355577
            ],
            [
              72.9424488,
              19.0359482
            ],
            [
              72.9417032,
              19.0357403
            ],
            [
              72.9410702,
              19.0352839
            ],
            [
              72.9408234,
              19.0351774
            ],
            [
              72.9404479,
              19.0347362
            ],
            [
              72.9391605,
              19.0346449
            ],
            [
              72.9387206,
              19.0348072
            ],
            [
              72.93805,
              19.0356034
            ],
            [
              72.9378676,
              19.0360496
            ],
            [
              72.9377121,
              19.0360598
            ],
            [
              72.9375404,
              19.0357809
            ],
            [
              72.9376423,
              19.0352332
            ],
            [
              72.9375833,
              19.0345537
            ],
            [
              72.9371327,
              19.0341074
            ],
            [
              72.9371273,
              19.0339857
            ],
            [
              72.936725,
              19.0337474
            ],
            [
              72.9353195,
              19.0333974
            ],
            [
              72.9340267,
              19.0326926
            ],
            [
              72.9335225,
              19.0319268
            ],
            [
              72.9328895,
              19.0314045
            ],
            [
              72.9323637,
              19.0312371
            ],
            [
              72.9315001,
              19.0305576
            ],
            [
              72.9306793,
              19.0302127
            ],
            [
              72.9299819,
              19.030091
            ],
            [
              72.9293007,
              19.0296853
            ],
            [
              72.929188,
              19.0294521
            ],
            [
              72.928834,
              19.029305
            ],
            [
              72.9286623,
              19.0298983
            ],
            [
              72.9282761,
              19.030015
            ],
            [
              72.9276967,
              19.0298831
            ],
            [
              72.9269242,
              19.0293405
            ],
            [
              72.9263771,
              19.0291275
            ],
            [
              72.9258835,
              19.0286863
            ],
            [
              72.9257339,
              19.0289545
            ],
            [
              72.9252976,
              19.0287602
            ],
            [
              72.9251816,
              19.0281413
            ],
            [
              72.9247929,
              19.028109
            ],
            [
              72.9246765,
              19.0276213
            ],
            [
              72.9250467,
              19.0268251
            ],
            [
              72.9252769,
              19.0250478
            ],
            [
              72.9248906,
              19.0191243
            ],
            [
              72.9210282,
              19.019246
            ],
            [
              72.9214364,
              19.0160076
            ],
            [
              72.9209268,
              19.0158808
            ],
            [
              72.9207551,
              19.0151556
            ],
            [
              72.9195213,
              19.0146535
            ],
            [
              72.9185665,
              19.0127972
            ],
            [
              72.9176813,
              19.0126603
            ],
            [
              72.9171342,
              19.0120719
            ],
            [
              72.9169084,
              19.0119834
            ],
            [
              72.9166509,
              19.0114965
            ],
            [
              72.9175526,
              19.0101599
            ],
            [
              72.9177993,
              19.0089477
            ],
            [
              72.9162812,
              19.006645
            ],
            [
              72.9164743,
              19.0064726
            ],
            [
              72.9185289,
              19.0063965
            ],
            [
              72.9188669,
              19.0069646
            ],
            [
              72.9197252,
              19.0072993
            ],
            [
              72.9206639,
              19.0071472
            ],
            [
              72.9209,
              19.0074616
            ],
            [
              72.9209214,
              19.0077862
            ],
            [
              72.9215866,
              19.0085927
            ],
            [
              72.9311402,
              19.0220151
            ],
            [
              72.9307432,
              19.0229077
            ],
            [
              72.9321653,
              19.0240054
            ],
            [
              72.933045,
              19.0251059
            ],
            [
              72.9344666,
              19.025821
            ],
            [
              72.9349816,
              19.0261405
            ],
            [
              72.9354912,
              19.026285
            ],
            [
              72.9357299,
              19.0265538
            ],
            [
              72.9362342,
              19.0267668
            ]
          ]
        ]
      },
      "id": "way/48966380"
    },
    {
      "type": "Feature",
      "properties": {
        "@id": "way/48966395",
        "landuse": "industrial"
      },
      "geometry": {
        "type": "Polygon",
        "coordinates": [
          [
            [
              72.9039056,
              18.9973465
            ],
            [
              72.9038798,
              18.9941192
            ],
            [
              72.9039745,
              18.9940025
            ],
            [
              72.9041238,
              18.9940215
            ],
            [
              72.9044855,
              18.9925395
            ],
            [
              72.9048902,
              18.9927322
            ],
            [
              72.9050768,
              18.9928516
            ],
            [
              72.9050912,
              18.9930525
            ],
            [
              72.904873,
              18.9931556
            ],
            [
              72.9046376,
              18.9934705
            ],
            [
              72.9043104,
              18.9948412
            ],
            [
              72.904319,
              18.9952484
            ],
            [
              72.9047381,
              18.9956419
            ],
            [
              72.9051859,
              18.9956935
            ],
            [
              72.9051945,
              18.9961794
            ],
            [
              72.9053007,
              18.9962716
            ],
            [
              72.9054155,
              18.9963476
            ],
            [
              72.9056488,
              18.9960258
            ],
            [
              72.9057088,
              18.9960619
            ],
            [
              72.9052376,
              18.9968498
            ],
            [
              72.9046296,
              18.9978102
            ],
            [
              72.9037481,
              18.9992373
            ],
            [
              72.9019597,
              19.0021039
            ],
            [
              72.9011584,
              19.0033883
            ],
            [
              72.9010436,
              19.0036543
            ],
            [
              72.9006877,
              19.0052068
            ],
            [
              72.9005097,
              19.0055922
            ],
            [
              72.9001193,
              19.0062218
            ],
            [
              72.8998782,
              19.0061078
            ],
            [
              72.8997806,
              19.0062598
            ],
            [
              72.899238,
              19.0055623
            ],
            [
              72.8984859,
              19.005527
            ],
            [
              72.8985003,
              19.0050765
            ],
            [
              72.8985445,
              19.004786
            ],
            [
              72.9003892,
              19.0039673
            ],
            [
              72.9022951,
              19.0010796
            ],
            [
              72.903594,
              18.998748
            ],
            [
              72.9037266,
              18.9982302
            ],
            [
              72.9037775,
              18.9980316
            ],
            [
              72.9038151,
              18.9976801
            ],
            [
              72.9039056,
              18.9973465
            ]
          ]
        ]
      },
      "id": "way/48966395"
    },
    {
      "type": "Feature",
      "properties": {
        "@id": "way/49322087",
        "landuse": "industrial",
        "name": "Mulund Container Yard"
      },
      "geometry": {
        "type": "Polygon",
        "coordinates": [
          [
            [
              72.9516855,
              19.1644841
            ],
            [
              72.9516837,
              19.1647512
            ],
            [
              72.9516032,
              19.1647918
            ],
            [
              72.9513109,
              19.1639684
            ],
            [
              72.9510507,
              19.1632615
            ],
            [
              72.9502192,
              19.1608419
            ],
            [
              72.9501951,
              19.1607583
            ],
            [
              72.9501227,
              19.1605733
            ],
            [
              72.949554,
              19.1593319
            ],
            [
              72.9492027,
              19.1585946
            ],
            [
              72.9494226,
              19.1584907
            ],
            [
              72.9501843,
              19.1598842
            ],
            [
              72.9504579,
              19.1606291
            ],
            [
              72.9503667,
              19.1606696
            ],
            [
              72.9504123,
              19.1607988
            ],
            [
              72.9506054,
              19.1607102
            ],
            [
              72.9503936,
              19.1601274
            ],
            [
              72.9504266,
              19.1600546
            ],
            [
              72.9505464,
              19.1597904
            ],
            [
              72.9506993,
              19.1593369
            ],
            [
              72.9509779,
              19.158901
            ],
            [
              72.9510397,
              19.1588042
            ],
            [
              72.9511526,
              19.1586275
            ],
            [
              72.9513396,
              19.157309
            ],
            [
              72.9524044,
              19.1559002
            ],
            [
              72.9526017,
              19.1561288
            ],
            [
              72.9542537,
              19.1584835
            ],
            [
              72.9547379,
              19.1591737
            ],
            [
              72.9546001,
              19.1595417
            ],
            [
              72.9539541,
              19.1611466
            ],
            [
              72.9530785,
              19.1620728
            ],
            [
              72.9529443,
              19.1622354
            ],
            [
              72.9522765,
              19.1638645
            ],
            [
              72.9517776,
              19.1643104
            ],
            [
              72.9516855,
              19.1644841
            ]
          ]
        ]
      },
      "id": "way/49322087"
    },
    {
      "type": "Feature",
      "properties": {
        "@id": "way/49591737",
        "addr:street": "Goregaon Mulund Link Road",
        "landuse": "industrial",
        "name": "CEAT Tyre"
      },
      "geometry": {
        "type": "Polygon",
        "coordinates": [
          [
            [
              72.9455547,
              19.1586238
            ],
            [
              72.9455763,
              19.1571377
            ],
            [
              72.9440657,
              19.1570957
            ],
            [
              72.9439348,
              19.1570921
            ],
            [
              72.9439455,
              19.156669
            ],
            [
              72.9439428,
              19.1564638
            ],
            [
              72.9438168,
              19.154979
            ],
            [
              72.9436719,
              19.1545635
            ],
            [
              72.9437074,
              19.1541374
            ],
            [
              72.9445236,
              19.1541444
            ],
            [
              72.9461647,
              19.1541724
            ],
            [
              72.9464463,
              19.1546539
            ],
            [
              72.9464346,
              19.1564942
            ],
            [
              72.9466888,
              19.1570717
            ],
            [
              72.9465365,
              19.1573024
            ],
            [
              72.9464239,
              19.1574848
            ],
            [
              72.9463676,
              19.1578978
            ],
            [
              72.9463541,
              19.1582018
            ],
            [
              72.946381,
              19.1584451
            ],
            [
              72.946212,
              19.1584704
            ],
            [
              72.9460591,
              19.1585039
            ],
            [
              72.9455547,
              19.1586238
            ]
          ]
        ]
      },
      "id": "way/49591737"
    },
    {
      "type": "Feature",
      "properties": {
        "@id": "way/49597309",
        "landuse": "industrial",
        "name": "Mukund Steel"
      },
      "geometry": {
        "type": "Polygon",
        "coordinates": [
          [
            [
              73.0047816,
              19.1902487
            ],
            [
              73.0035692,
              19.1904412
            ],
            [
              73.0017775,
              19.1905526
            ],
            [
              73.0006617,
              19.1905729
            ],
            [
              72.9992241,
              19.1909884
            ],
            [
              72.9987949,
              19.1909478
            ],
            [
              72.9983336,
              19.1907249
            ],
            [
              72.9983336,
              19.1901372
            ],
            [
              72.9989022,
              19.1863374
            ],
            [
              72.9981233,
              19.1861636
            ],
            [
              72.9978444,
              19.1861014
            ],
            [
              72.9979716,
              19.1854589
            ],
            [
              72.9980188,
              19.1850978
            ],
            [
              72.9980696,
              19.1847085
            ],
            [
              72.9981794,
              19.1839299
            ],
            [
              72.99828,
              19.1832164
            ],
            [
              73.0009425,
              19.1832781
            ],
            [
              73.0023265,
              19.1832933
            ],
            [
              73.0024749,
              19.183105
            ],
            [
              73.0048996,
              19.1831962
            ],
            [
              73.004959,
              19.1840704
            ],
            [
              73.0049459,
              19.1849429
            ],
            [
              73.0048402,
              19.1867459
            ],
            [
              73.0047942,
              19.189499
            ],
            [
              73.0047816,
              19.1902487
            ]
          ]
        ]
      },
      "id": "way/49597309"
    },
    {
      "type": "Feature",
      "properties": {
        "@id": "way/49678252",
        "alt_name": "Anik Depot",
        "bus": "yes",
        "depot": "bus",
        "industrial": "bus_depot",
        "landuse": "industrial",
        "name": "Anik Bus Depot",
        "name:en": "Anik Bus Depot",
        "note": "Prospective editors are encouraged to contact the surveyors prior to editing.",
        "operator": "BEST",
        "public_transport": "yes",
        "source": "Irasus Technologies Private Limited;JBM Green Energy Systems Private Limited"
      },
      "geometry": {
        "type": "Polygon",
        "coordinates": [
          [
            [
              72.8747202,
              19.0457377
            ],
            [
              72.8761929,
              19.0419229
            ],
            [
              72.8789136,
              19.0428841
            ],
            [
              72.879107,
              19.0430335
            ],
            [
              72.8789568,
              19.0444736
            ],
            [
              72.8779935,
              19.0472431
            ],
            [
              72.8777475,
              19.0470125
            ],
            [
              72.8766802,
              19.0463846
            ],
            [
              72.8747202,
              19.0457377
            ]
          ]
        ]
      },
      "id": "way/49678252"
    },
    {
      "type": "Feature",
      "properties": {
        "@id": "way/49678854",
        "addr:city": "Mumbai",
        "addr:district": "Maharashtra",
        "addr:postcode": "400037",
        "addr:street": "Mukundrao Ambedkar Road, Sion",
        "landuse": "industrial",
        "name": "Wadala Truck Terminal"
      },
      "geometry": {
        "type": "Polygon",
        "coordinates": [
          [
            [
              72.8779286,
              19.0324161
            ],
            [
              72.878615,
              19.0337255
            ],
            [
              72.8794974,
              19.0358032
            ],
            [
              72.877506,
              19.0361847
            ],
            [
              72.8754825,
              19.0364965
            ],
            [
              72.8744763,
              19.0365472
            ],
            [
              72.8743848,
              19.0329994
            ],
            [
              72.8779286,
              19.0324161
            ]
          ]
        ]
      },
      "id": "way/49678854"
    },
    {
      "type": "Feature",
      "properties": {
        "@id": "way/49682800",
        "industrial": "depot",
        "landuse": "industrial",
        "name": "Dharavi BEST Bus Depot",
        "operator": "BEST"
      },
      "geometry": {
        "type": "Polygon",
        "coordinates": [
          [
            [
              72.8586163,
              19.0514045
            ],
            [
              72.8583294,
              19.0512317
            ],
            [
              72.858028,
              19.0509712
            ],
            [
              72.8575945,
              19.0505193
            ],
            [
              72.8573079,
              19.0501008
            ],
            [
              72.8583436,
              19.049493
            ],
            [
              72.8585556,
              19.0493878
            ],
            [
              72.858966,
              19.0495066
            ],
            [
              72.8591754,
              19.0494908
            ],
            [
              72.8593699,
              19.0497529
            ],
            [
              72.859659,
              19.0501426
            ],
            [
              72.8598255,
              19.050367
            ],
            [
              72.8599157,
              19.0504886
            ],
            [
              72.8599977,
              19.0505991
            ],
            [
              72.8599868,
              19.0506217
            ],
            [
              72.859791,
              19.0510287
            ],
            [
              72.8592226,
              19.0505471
            ],
            [
              72.8586163,
              19.0514045
            ]
          ]
        ]
      },
      "id": "way/49682800"
    },
    {
      "type": "Feature",
      "properties": {
        "@id": "way/49684312",
        "landuse": "industrial",
        "name": "Central Railway Workshop"
      },
      "geometry": {
        "type": "Polygon",
        "coordinates": [
          [
            [
              72.8539891,
              19.0333633
            ],
            [
              72.8532891,
              19.0336667
            ],
            [
              72.8527381,
              19.0339055
            ],
            [
              72.8519309,
              19.0342249
            ],
            [
              72.8514241,
              19.0342249
            ],
            [
              72.8510862,
              19.0340652
            ],
            [
              72.8482464,
              19.0299686
            ],
            [
              72.8468918,
              19.0258262
            ],
            [
              72.8461198,
              19.0236485
            ],
            [
              72.846384,
              19.0234001
            ],
            [
              72.8490683,
              19.0263459
            ],
            [
              72.8511443,
              19.0293188
            ],
            [
              72.8539891,
              19.0333633
            ]
          ]
        ]
      },
      "id": "way/49684312"
    },
    {
      "type": "Feature",
      "properties": {
        "@id": "way/49685672",
        "industrial": "depot",
        "landuse": "industrial",
        "name": "Central BEST Bus Depot",
        "operator": "BEST"
      },
      "geometry": {
        "type": "Polygon",
        "coordinates": [
          [
            [
              72.8246659,
              18.970699
            ],
            [
              72.8244258,
              18.969876
            ],
            [
              72.823728,
              18.9700539
            ],
            [
              72.8235315,
              18.9693765
            ],
            [
              72.8242038,
              18.9691892
            ],
            [
              72.8239577,
              18.9683832
            ],
            [
              72.8246076,
              18.96821
            ],
            [
              72.8253446,
              18.9705023
            ],
            [
              72.8246659,
              18.970699
            ]
          ]
        ]
      },
      "id": "way/49685672"
    },
    {
      "type": "Feature",
      "properties": {
        "@id": "way/49686084",
        "landuse": "industrial",
        "name": "Western Railway Carriage Repair Workshop",
        "wikidata": "Q5046118",
        "wikipedia": "en:Carriage Repair Workshop, Lower Parel, Mumbai"
      },
      "geometry": {
        "type": "Polygon",
        "coordinates": [
          [
            [
              72.8318154,
              18.9994191
            ],
            [
              72.8321074,
              18.9998861
            ],
            [
              72.8332178,
              19.0022184
            ],
            [
              72.8341816,
              19.0043624
            ],
            [
              72.8347467,
              19.0057031
            ],
            [
              72.8349336,
              19.0060321
            ],
            [
              72.8351384,
              19.0063623
            ],
            [
              72.835112,
              19.0063788
            ],
            [
              72.83511,
              19.0063801
            ],
            [
              72.8350817,
              19.0063953
            ],
            [
              72.8350306,
              19.0064299
            ],
            [
              72.834962,
              19.0064085
            ],
            [
              72.8344355,
              19.0062434
            ],
            [
              72.8311316,
              19.0048856
            ],
            [
              72.8312665,
              19.0045673
            ],
            [
              72.8313354,
              19.0041926
            ],
            [
              72.8313568,
              19.0040221
            ],
            [
              72.8313667,
              19.0038714
            ],
            [
              72.8314577,
              19.0036928
            ],
            [
              72.8315356,
              19.003615
            ],
            [
              72.8316356,
              19.0035636
            ],
            [
              72.8315489,
              19.0014056
            ],
            [
              72.831632,
              19.0013359
            ],
            [
              72.8317353,
              18.999605
            ],
            [
              72.8318154,
              18.9994191
            ]
          ]
        ]
      },
      "id": "way/49686084"
    },
    {
      "type": "Feature",
      "properties": {
        "@id": "way/49686085",
        "landuse": "industrial",
        "name": "Central Railway Loco Workshop - Parel",
        "start_date": "1879"
      },
      "geometry": {
        "type": "Polygon",
        "coordinates": [
          [
            [
              72.8331412,
              18.9972392
            ],
            [
              72.8333634,
              18.9972185
            ],
            [
              72.833519,
              18.9974696
            ],
            [
              72.8338794,
              18.997845
            ],
            [
              72.8343059,
              18.9978082
            ],
            [
              72.8344025,
              18.9977898
            ],
            [
              72.8361338,
              18.9981122
            ],
            [
              72.8358465,
              18.9992926
            ],
            [
              72.8361004,
              19.0002013
            ],
            [
              72.8361792,
              19.0004831
            ],
            [
              72.8363711,
              19.0011118
            ],
            [
              72.8369437,
              19.0032037
            ],
            [
              72.8361151,
              19.004087
            ],
            [
              72.8357365,
              19.0049052
            ],
            [
              72.8357442,
              19.0056064
            ],
            [
              72.83576,
              19.005961
            ],
            [
              72.8357646,
              19.006073
            ],
            [
              72.8357419,
              19.0060829
            ],
            [
              72.8357083,
              19.0060954
            ],
            [
              72.8353437,
              19.0053656
            ],
            [
              72.8350975,
              19.0048331
            ],
            [
              72.8348691,
              19.0042904
            ],
            [
              72.8339808,
              19.0017745
            ],
            [
              72.8335383,
              18.999908
            ],
            [
              72.8333521,
              18.9989783
            ],
            [
              72.8332521,
              18.9983573
            ],
            [
              72.8331757,
              18.9976695
            ],
            [
              72.8331412,
              18.9972392
            ]
          ]
        ]
      },
      "id": "way/49686085"
    },
    {
      "type": "Feature",
      "properties": {
        "@id": "way/53350666",
        "industrial": "depot",
        "landuse": "industrial",
        "name": "Worli BEST Bus Depot",
        "operator": "BEST"
      },
      "geometry": {
        "type": "Polygon",
        "coordinates": [
          [
            [
              72.8197692,
              19.0140549
            ],
            [
              72.8191132,
              19.0139155
            ],
            [
              72.8193447,
              19.0130372
            ],
            [
              72.8200983,
              19.0130634
            ],
            [
              72.8197692,
              19.0140549
            ]
          ]
        ]
      },
      "id": "way/53350666"
    },
    {
      "type": "Feature",
      "properties": {
        "@id": "way/55796952",
        "landuse": "industrial"
      },
      "geometry": {
        "type": "Polygon",
        "coordinates": [
          [
            [
              72.8443459,
              18.9893273
            ],
            [
              72.8449986,
              18.9889458
            ],
            [
              72.8448841,
              18.9887588
            ],
            [
              72.8442645,
              18.9881237
            ],
            [
              72.8443322,
              18.9880154
            ],
            [
              72.8447591,
              18.9884043
            ],
            [
              72.8450559,
              18.9885274
            ],
            [
              72.845337,
              18.9885766
            ],
            [
              72.8457795,
              18.9889163
            ],
            [
              72.8462376,
              18.9895661
            ],
            [
              72.8464355,
              18.990019
            ],
            [
              72.8453318,
              18.9905162
            ],
            [
              72.8443459,
              18.9893273
            ]
          ]
        ]
      },
      "id": "way/55796952"
    },
    {
      "type": "Feature",
      "properties": {
        "@id": "way/84844174",
        "industrial": "depot",
        "landuse": "industrial",
        "name": "Dindoshi BEST Bus Depot",
        "operator": "BEST"
      },
      "geometry": {
        "type": "Polygon",
        "coordinates": [
          [
            [
              72.8652926,
              19.1756723
            ],
            [
              72.8652616,
              19.1764019
            ],
            [
              72.8652231,
              19.1773074
            ],
            [
              72.8641497,
              19.1771754
            ],
            [
              72.8641514,
              19.1770601
            ],
            [
              72.8641578,
              19.1768743
            ],
            [
              72.8641802,
              19.1756828
            ],
            [
              72.8642812,
              19.1756857
            ],
            [
              72.8645053,
              19.1756766
            ],
            [
              72.8652926,
              19.1756723
            ]
          ]
        ]
      },
      "id": "way/84844174"
    },
    {
      "type": "Feature",
      "properties": {
        "@id": "way/84974954",
        "industrial": "depot",
        "landuse": "industrial",
        "name": "Oshiwara BEST Bus Depot",
        "operator": "BEST"
      },
      "geometry": {
        "type": "Polygon",
        "coordinates": [
          [
            [
              72.8357591,
              19.1534146
            ],
            [
              72.8357716,
              19.1533213
            ],
            [
              72.8359492,
              19.1519998
            ],
            [
              72.836199,
              19.1520687
            ],
            [
              72.8362958,
              19.1523676
            ],
            [
              72.8365436,
              19.1526351
            ],
            [
              72.8370341,
              19.1527146
            ],
            [
              72.8378333,
              19.1528614
            ],
            [
              72.8376787,
              19.1535775
            ],
            [
              72.8376406,
              19.1537152
            ],
            [
              72.8357591,
              19.1534146
            ]
          ]
        ]
      },
      "id": "way/84974954"
    },
    {
      "type": "Feature",
      "properties": {
        "@id": "way/102520789",
        "landuse": "industrial",
        "man_made": "works",
        "name": "Aarey Central Dairy"
      },
      "geometry": {
        "type": "Polygon",
        "coordinates": [
          [
            [
              72.877275,
              19.1547558
            ],
            [
              72.8785211,
              19.153925
            ],
            [
              72.879,
              19.1552957
            ],
            [
              72.8781552,
              19.1557867
            ],
            [
              72.877275,
              19.1547558
            ]
          ]
        ]
      },
      "id": "way/102520789"
    },
    {
      "type": "Feature",
      "properties": {
        "@id": "way/111606921",
        "addr:city": "Navi Mumbai",
        "landuse": "industrial",
        "name": "CWC - Vashi"
      },
      "geometry": {
        "type": "Polygon",
        "coordinates": [
          [
            [
              73.0165008,
              19.0785101
            ],
            [
              73.0163382,
              19.082195
            ],
            [
              73.0164613,
              19.0857389
            ],
            [
              73.0161399,
              19.0857823
            ],
            [
              73.0163108,
              19.0864572
            ],
            [
              73.0152581,
              19.0866731
            ],
            [
              73.0121338,
              19.0788678
            ],
            [
              73.0165008,
              19.0785101
            ]
          ]
        ]
      },
      "id": "way/111606921"
    },
    {
      "type": "Feature",
      "properties": {
        "@id": "way/112793779",
        "historic": "industrial",
        "landuse": "industrial",
        "name": "Digvijay Mills"
      },
      "geometry": {
        "type": "Polygon",
        "coordinates": [
          [
            [
              72.8381964,
              18.9900077
            ],
            [
              72.8381727,
              18.990412
            ],
            [
              72.8373595,
              18.9903695
            ],
            [
              72.83737,
              18.990189
            ],
            [
              72.8358829,
              18.9901114
            ],
            [
              72.8360048,
              18.9888435
            ],
            [
              72.8364855,
              18.9886261
            ],
            [
              72.8367696,
              18.9886183
            ],
            [
              72.837837,
              18.9894467
            ],
            [
              72.8381964,
              18.9900077
            ]
          ]
        ]
      },
      "id": "way/112793779"
    },
    {
      "type": "Feature",
      "properties": {
        "@id": "way/112793780",
        "historic": "industrial",
        "landuse": "industrial",
        "name": "Western India Spinning and Weaving Mills"
      },
      "geometry": {
        "type": "Polygon",
        "coordinates": [
          [
            [
              72.8383015,
              18.9899281
            ],
            [
              72.8378564,
              18.9893509
            ],
            [
              72.8382245,
              18.9891003
            ],
            [
              72.839044,
              18.9890496
            ],
            [
              72.8395508,
              18.9889815
            ],
            [
              72.8409158,
              18.9888122
            ],
            [
              72.8409883,
              18.9895002
            ],
            [
              72.8383015,
              18.9899281
            ]
          ]
        ]
      },
      "id": "way/112793780"
    },
    {
      "type": "Feature",
      "properties": {
        "@id": "way/112793783",
        "historic": "industrial",
        "landuse": "industrial",
        "name": "Finlay Mills"
      },
      "geometry": {
        "type": "Polygon",
        "coordinates": [
          [
            [
              72.8396788,
              18.9947804
            ],
            [
              72.8396426,
              18.9942969
            ],
            [
              72.8395854,
              18.9935341
            ],
            [
              72.839976,
              18.9934675
            ],
            [
              72.8401111,
              18.9933211
            ],
            [
              72.8400575,
              18.9929051
            ],
            [
              72.8412377,
              18.9926008
            ],
            [
              72.8413128,
              18.9928747
            ],
            [
              72.8415273,
              18.9928341
            ],
            [
              72.8418115,
              18.9937649
            ],
            [
              72.8419415,
              18.9941905
            ],
            [
              72.841199,
              18.9945963
            ],
            [
              72.8396788,
              18.9947804
            ]
          ]
        ]
      },
      "id": "way/112793783"
    },
    {
      "type": "Feature",
      "properties": {
        "@id": "way/112794197",
        "historic": "industrial",
        "landuse": "industrial",
        "name": "India United Mills no.2-3"
      },
      "geometry": {
        "type": "Polygon",
        "coordinates": [
          [
            [
              72.8403712,
              18.9879807
            ],
            [
              72.8396531,
              18.9871442
            ],
            [
              72.8388937,
              18.9864109
            ],
            [
              72.8380723,
              18.9856922
            ],
            [
              72.8396587,
              18.9855302
            ],
            [
              72.8413011,
              18.9854217
            ],
            [
              72.8414676,
              18.9861635
            ],
            [
              72.8415045,
              18.9871497
            ],
            [
              72.8414736,
              18.9873329
            ],
            [
              72.8412701,
              18.9879816
            ],
            [
              72.8403712,
              18.9879807
            ]
          ]
        ]
      },
      "id": "way/112794197"
    },
    {
      "type": "Feature",
      "properties": {
        "@id": "way/112794312",
        "historic": "industrial",
        "landuse": "industrial",
        "name": "New City of Bombay Mills"
      },
      "geometry": {
        "type": "Polygon",
        "coordinates": [
          [
            [
              72.8379673,
              18.9855095
            ],
            [
              72.8372021,
              18.9849004
            ],
            [
              72.8378137,
              18.9848453
            ],
            [
              72.8382961,
              18.9847052
            ],
            [
              72.8382561,
              18.9842159
            ],
            [
              72.8386364,
              18.9842217
            ],
            [
              72.8394284,
              18.9842854
            ],
            [
              72.8395664,
              18.9854345
            ],
            [
              72.8379673,
              18.9855095
            ]
          ]
        ]
      },
      "id": "way/112794312"
    },
    {
      "type": "Feature",
      "properties": {
        "@id": "way/112794723",
        "historic": "industrial",
        "landuse": "industrial",
        "name": "India United Mills no.5"
      },
      "geometry": {
        "type": "Polygon",
        "coordinates": [
          [
            [
              72.8369503,
              18.9841875
            ],
            [
              72.836763,
              18.9834713
            ],
            [
              72.837097,
              18.9833226
            ],
            [
              72.8368932,
              18.9827544
            ],
            [
              72.8375017,
              18.9826266
            ],
            [
              72.8376122,
              18.9829467
            ],
            [
              72.8379158,
              18.9829639
            ],
            [
              72.838341,
              18.9841512
            ],
            [
              72.8378157,
              18.9841302
            ],
            [
              72.8369503,
              18.9841875
            ]
          ]
        ]
      },
      "id": "way/112794723"
    },
    {
      "type": "Feature",
      "properties": {
        "@id": "way/112798408",
        "historic": "industrial",
        "landuse": "industrial",
        "name": "Gold Mohur Mills"
      },
      "geometry": {
        "type": "Polygon",
        "coordinates": [
          [
            [
              72.8400769,
              19.0125706
            ],
            [
              72.8393586,
              19.0115544
            ],
            [
              72.8410636,
              19.0107983
            ],
            [
              72.841729,
              19.0105032
            ],
            [
              72.8420179,
              19.0118247
            ],
            [
              72.8400769,
              19.0125706
            ]
          ]
        ]
      },
      "id": "way/112798408"
    },
    {
      "type": "Feature",
      "properties": {
        "@id": "way/112798409",
        "alt_name": "Dadar TT",
        "landuse": "industrial",
        "name": "Dadar BEST Workshop",
        "old_name": "Dadar Tramway Terminus"
      },
      "geometry": {
        "type": "Polygon",
        "coordinates": [
          [
            [
              72.8513181,
              19.0155103
            ],
            [
              72.8487823,
              19.0171304
            ],
            [
              72.8476575,
              19.0157209
            ],
            [
              72.8480037,
              19.0159221
            ],
            [
              72.8483451,
              19.0158952
            ],
            [
              72.8484248,
              19.0153455
            ],
            [
              72.8481981,
              19.0153138
            ],
            [
              72.8481484,
              19.0151756
            ],
            [
              72.8492858,
              19.0141947
            ],
            [
              72.8498332,
              19.0142078
            ],
            [
              72.8498259,
              19.0137451
            ],
            [
              72.8506168,
              19.0147791
            ],
            [
              72.8513181,
              19.0155103
            ]
          ]
        ]
      },
      "id": "way/112798409"
    },
    {
      "type": "Feature",
      "properties": {
        "@id": "way/112798413",
        "historic": "industrial",
        "landuse": "industrial",
        "name": "Tata Mills"
      },
      "geometry": {
        "type": "Polygon",
        "coordinates": [
          [
            [
              72.8393586,
              19.0115544
            ],
            [
              72.8369547,
              19.0079269
            ],
            [
              72.8365747,
              19.0073535
            ],
            [
              72.8383474,
              19.006267
            ],
            [
              72.8401064,
              19.0089781
            ],
            [
              72.84052,
              19.0087321
            ],
            [
              72.8407824,
              19.0091049
            ],
            [
              72.8413114,
              19.0088387
            ],
            [
              72.841729,
              19.0105032
            ],
            [
              72.8410636,
              19.0107983
            ],
            [
              72.8393586,
              19.0115544
            ]
          ]
        ]
      },
      "id": "way/112798413"
    },
    {
      "type": "Feature",
      "properties": {
        "@id": "way/113472645",
        "historic": "industrial",
        "landuse": "industrial",
        "name": "India United Mills no.4"
      },
      "geometry": {
        "type": "Polygon",
        "coordinates": [
          [
            [
              72.8395409,
              18.987224
            ],
            [
              72.8368127,
              18.9875584
            ],
            [
              72.8364381,
              18.9868539
            ],
            [
              72.8375883,
              18.9866799
            ],
            [
              72.8387422,
              18.9864527
            ],
            [
              72.8395409,
              18.987224
            ]
          ]
        ]
      },
      "id": "way/113472645"
    },
    {
      "type": "Feature",
      "properties": {
        "@id": "way/113472648",
        "historic": "industrial",
        "landuse": "industrial",
        "name": "Jam Mills"
      },
      "geometry": {
        "type": "Polygon",
        "coordinates": [
          [
            [
              72.8360058,
              18.9919543
            ],
            [
              72.836167,
              18.9922374
            ],
            [
              72.8362788,
              18.9926334
            ],
            [
              72.8363028,
              18.9930032
            ],
            [
              72.8356165,
              18.9931368
            ],
            [
              72.8357006,
              18.9940056
            ],
            [
              72.8355357,
              18.9939748
            ],
            [
              72.835481,
              18.9934457
            ],
            [
              72.8341453,
              18.993186
            ],
            [
              72.8343207,
              18.9918839
            ],
            [
              72.8344272,
              18.9918783
            ],
            [
              72.8360058,
              18.9919543
            ]
          ]
        ]
      },
      "id": "way/113472648"
    },
    {
      "type": "Feature",
      "properties": {
        "@id": "way/113479611",
        "historic": "industrial",
        "landuse": "industrial",
        "name": "Modern Mills"
      },
      "geometry": {
        "type": "Polygon",
        "coordinates": [
          [
            [
              72.826228,
              18.9808505
            ],
            [
              72.8249295,
              18.980663
            ],
            [
              72.8236057,
              18.9803905
            ],
            [
              72.822926,
              18.9785887
            ],
            [
              72.8241514,
              18.9781835
            ],
            [
              72.8248027,
              18.9790775
            ],
            [
              72.8245688,
              18.9792816
            ],
            [
              72.824829,
              18.9800755
            ],
            [
              72.8255377,
              18.9798
            ],
            [
              72.82634,
              18.9806858
            ],
            [
              72.826228,
              18.9808505
            ]
          ]
        ]
      },
      "id": "way/113479611"
    },
    {
      "type": "Feature",
      "properties": {
        "@id": "way/113483209",
        "historic": "industrial",
        "landuse": "industrial",
        "name": "Raghuvanshi Mills"
      },
      "geometry": {
        "type": "Polygon",
        "coordinates": [
          [
            [
              72.8235091,
              18.9910289
            ],
            [
              72.824502,
              18.9928426
            ],
            [
              72.8242092,
              18.9930588
            ],
            [
              72.8228826,
              18.993776
            ],
            [
              72.8225349,
              18.9932218
            ],
            [
              72.8220806,
              18.992866
            ],
            [
              72.8227099,
              18.992412
            ],
            [
              72.8224078,
              18.9915756
            ],
            [
              72.8235091,
              18.9910289
            ]
          ]
        ]
      },
      "id": "way/113483209"
    },
    {
      "type": "Feature",
      "properties": {
        "@id": "way/113487815",
        "historic": "industrial",
        "landuse": "industrial",
        "name": "Madhusudhan Mills"
      },
      "geometry": {
        "type": "Polygon",
        "coordinates": [
          [
            [
              72.8241002,
              19.0036916
            ],
            [
              72.826413,
              19.0037078
            ],
            [
              72.825985,
              19.0043996
            ],
            [
              72.826009,
              19.0049615
            ],
            [
              72.8260666,
              19.0061811
            ],
            [
              72.8255239,
              19.0061795
            ],
            [
              72.8254082,
              19.0051893
            ],
            [
              72.8243353,
              19.0056661
            ],
            [
              72.8237213,
              19.0058752
            ],
            [
              72.8238748,
              19.0050218
            ],
            [
              72.8241002,
              19.0036916
            ]
          ]
        ]
      },
      "id": "way/113487815"
    },
    {
      "type": "Feature",
      "properties": {
        "@id": "way/113496731",
        "addr:city": "Mumbai",
        "addr:postcode": "400030",
        "addr:street": "Pandurang Budhkar Marg",
        "historic": "industrial",
        "landuse": "industrial",
        "name": "Century Mills"
      },
      "geometry": {
        "type": "Polygon",
        "coordinates": [
          [
            [
              72.8259553,
              19.0074514
            ],
            [
              72.8265151,
              19.0085261
            ],
            [
              72.8268858,
              19.0085228
            ],
            [
              72.8273865,
              19.0099045
            ],
            [
              72.8264138,
              19.010099
            ],
            [
              72.8264219,
              19.0094296
            ],
            [
              72.8258371,
              19.0094168
            ],
            [
              72.8258264,
              19.008897
            ],
            [
              72.8251773,
              19.008897
            ],
            [
              72.8251666,
              19.0101244
            ],
            [
              72.8247827,
              19.0101415
            ],
            [
              72.8238602,
              19.0101207
            ],
            [
              72.8237908,
              19.0098722
            ],
            [
              72.8239,
              19.0082
            ],
            [
              72.823926,
              19.0072186
            ],
            [
              72.8241465,
              19.0072052
            ],
            [
              72.8242323,
              19.0072635
            ],
            [
              72.824817,
              19.0078792
            ],
            [
              72.825482,
              19.0075245
            ],
            [
              72.8255475,
              19.0076391
            ],
            [
              72.8259553,
              19.0074514
            ]
          ]
        ]
      },
      "id": "way/113496731"
    },
    {
      "type": "Feature",
      "properties": {
        "@id": "way/113496732",
        "historic": "industrial",
        "landuse": "industrial",
        "name": "Bombay Dyeing"
      },
      "geometry": {
        "type": "Polygon",
        "coordinates": [
          [
            [
              72.8273865,
              19.0099045
            ],
            [
              72.8268858,
              19.0085228
            ],
            [
              72.8265151,
              19.0085261
            ],
            [
              72.8259553,
              19.0074514
            ],
            [
              72.8267707,
              19.007137
            ],
            [
              72.8264973,
              19.0064255
            ],
            [
              72.8297037,
              19.0063632
            ],
            [
              72.8297106,
              19.0070623
            ],
            [
              72.8297158,
              19.0079092
            ],
            [
              72.8297149,
              19.0084128
            ],
            [
              72.8290763,
              19.0084166
            ],
            [
              72.8290694,
              19.0083143
            ],
            [
              72.8289336,
              19.0083315
            ],
            [
              72.8286159,
              19.0083238
            ],
            [
              72.8283262,
              19.0084735
            ],
            [
              72.8287822,
              19.0095031
            ],
            [
              72.8286063,
              19.0096463
            ],
            [
              72.8280651,
              19.0097621
            ],
            [
              72.8273865,
              19.0099045
            ]
          ]
        ]
      },
      "id": "way/113496732"
    },
    {
      "type": "Feature",
      "properties": {
        "@id": "way/113500854",
        "historic": "industrial",
        "landuse": "industrial",
        "name": "India United Dye Works no.6"
      },
      "geometry": {
        "type": "Polygon",
        "coordinates": [
          [
            [
              72.8311089,
              19.0221125
            ],
            [
              72.8320444,
              19.0212587
            ],
            [
              72.832809,
              19.0207868
            ],
            [
              72.8328887,
              19.020851
            ],
            [
              72.8330979,
              19.0210944
            ],
            [
              72.8328699,
              19.0212009
            ],
            [
              72.832725,
              19.0211147
            ],
            [
              72.8322195,
              19.0214477
            ],
            [
              72.8324354,
              19.0217233
            ],
            [
              72.8320788,
              19.02207
            ],
            [
              72.8325106,
              19.0225475
            ],
            [
              72.8319316,
              19.0229575
            ],
            [
              72.8311089,
              19.0221125
            ]
          ]
        ]
      },
      "id": "way/113500854"
    },
    {
      "type": "Feature",
      "properties": {
        "@id": "way/113570532",
        "historic": "industrial",
        "landuse": "industrial",
        "name": "India United Mills No.1"
      },
      "geometry": {
        "type": "Polygon",
        "coordinates": [
          [
            [
              72.8359946,
              18.9954736
            ],
            [
              72.8359891,
              18.9957524
            ],
            [
              72.8365284,
              18.9958008
            ],
            [
              72.8365995,
              18.9959675
            ],
            [
              72.8367312,
              18.9963302
            ],
            [
              72.8369735,
              18.996681
            ],
            [
              72.8372206,
              18.9971126
            ],
            [
              72.8372883,
              18.9973526
            ],
            [
              72.8373568,
              18.9975838
            ],
            [
              72.8373852,
              18.9977934
            ],
            [
              72.8373722,
              18.9980356
            ],
            [
              72.8365145,
              18.9981523
            ],
            [
              72.8362398,
              18.9972911
            ],
            [
              72.8343944,
              18.997357
            ],
            [
              72.8343059,
              18.9978082
            ],
            [
              72.8338794,
              18.997845
            ],
            [
              72.833519,
              18.9974696
            ],
            [
              72.8333634,
              18.9972185
            ],
            [
              72.8332159,
              18.9967037
            ],
            [
              72.8331933,
              18.9962733
            ],
            [
              72.8341908,
              18.9963335
            ],
            [
              72.834258,
              18.9953917
            ],
            [
              72.8359946,
              18.9954736
            ]
          ]
        ]
      },
      "id": "way/113570532"
    },
    {
      "type": "Feature",
      "properties": {
        "@id": "way/113579581",
        "historic": "industrial",
        "industrial": "factory",
        "landuse": "industrial",
        "name": "Brittania Industries"
      },
      "geometry": {
        "type": "Polygon",
        "coordinates": [
          [
            [
              72.8467536,
              18.9754038
            ],
            [
              72.8484868,
              18.9752566
            ],
            [
              72.8485447,
              18.9757667
            ],
            [
              72.8482438,
              18.9758158
            ],
            [
              72.8468104,
              18.9759709
            ],
            [
              72.8463533,
              18.9759949
            ],
            [
              72.8462962,
              18.9754443
            ],
            [
              72.8467536,
              18.9754038
            ]
          ]
        ]
      },
      "id": "way/113579581"
    },
    {
      "type": "Feature",
      "properties": {
        "@id": "way/113579582",
        "historic": "industrial",
        "landuse": "industrial",
        "name": "Devidayal & Sons Steel Mills"
      },
      "geometry": {
        "type": "Polygon",
        "coordinates": [
          [
            [
              72.8462962,
              18.9754443
            ],
            [
              72.8463016,
              18.9749107
            ],
            [
              72.846369,
              18.9749049
            ],
            [
              72.8484299,
              18.9747401
            ],
            [
              72.8484868,
              18.9752566
            ],
            [
              72.8467536,
              18.9754038
            ],
            [
              72.8462962,
              18.9754443
            ]
          ]
        ]
      },
      "id": "way/113579582"
    },
    {
      "type": "Feature",
      "properties": {
        "@id": "way/120259006",
        "alt_name": "Marol Depot",
        "bus": "yes",
        "capacity": "150",
        "depot": "bus",
        "industrial": "bus_depot",
        "landuse": "industrial",
        "name": "Marol Bus Depot",
        "name:en": "Marol Bus Depot",
        "note": "Prospective editors are encouraged to contact the surveyors prior to editing.",
        "operator": "Maharashtra State Road Transport Corporation",
        "public_transport": "yes",
        "source": "Irasus Technologies Private Limited;JBM Green Energy Systems Private Limited"
      },
      "geometry": {
        "type": "Polygon",
        "coordinates": [
          [
            [
              72.8652454,
              19.11895
            ],
            [
              72.8650677,
              19.1179849
            ],
            [
              72.8667965,
              19.1180085
            ],
            [
              72.8669446,
              19.1189412
            ],
            [
              72.8652454,
              19.11895
            ]
          ]
        ]
      },
      "id": "way/120259006"
    },
    {
      "type": "Feature",
      "properties": {
        "@id": "way/120515757",
        "landuse": "industrial",
        "name": "BSNL Telecom Factory Deonar"
      },
      "geometry": {
        "type": "Polygon",
        "coordinates": [
          [
            [
              72.9177272,
              19.0479588
            ],
            [
              72.9170173,
              19.0462281
            ],
            [
              72.9166825,
              19.0453188
            ],
            [
              72.9182264,
              19.0448296
            ],
            [
              72.9185344,
              19.0453789
            ],
            [
              72.9193643,
              19.0463293
            ],
            [
              72.9198991,
              19.0474716
            ],
            [
              72.9195113,
              19.0475753
            ],
            [
              72.918133,
              19.0479441
            ],
            [
              72.9177272,
              19.0479588
            ]
          ]
        ]
      },
      "id": "way/120515757"
    },
    {
      "type": "Feature",
      "properties": {
        "@id": "way/122289551",
        "landuse": "industrial"
      },
      "geometry": {
        "type": "Polygon",
        "coordinates": [
          [
            [
              72.9168839,
              19.0631855
            ],
            [
              72.9169956,
              19.0630831
            ],
            [
              72.9171653,
              19.0634155
            ],
            [
              72.9178971,
              19.0647248
            ],
            [
              72.9177852,
              19.0649128
            ],
            [
              72.9177899,
              19.0654972
            ],
            [
              72.9181657,
              19.0662615
            ],
            [
              72.9173633,
              19.0663809
            ],
            [
              72.9171088,
              19.0652671
            ],
            [
              72.917225,
              19.0650044
            ],
            [
              72.9175419,
              19.0648923
            ],
            [
              72.9176368,
              19.0646647
            ],
            [
              72.9168839,
              19.0631855
            ]
          ]
        ]
      },
      "id": "way/122289551"
    },
    {
      "type": "Feature",
      "properties": {
        "@id": "way/122294384",
        "barrier": "wall",
        "bus": "yes",
        "industrial": "depot",
        "landuse": "industrial",
        "name": "Deonar BEST Bus Depot",
        "operator": "BEST"
      },
      "geometry": {
        "type": "Polygon",
        "coordinates": [
          [
            [
              72.9117077,
              19.0459107
            ],
            [
              72.9138793,
              19.0458031
            ],
            [
              72.9139412,
              19.0464677
            ],
            [
              72.9139556,
              19.0468636
            ],
            [
              72.9133232,
              19.0469014
            ],
            [
              72.913106,
              19.0470823
            ],
            [
              72.9127962,
              19.047086
            ],
            [
              72.9126686,
              19.0475401
            ],
            [
              72.9128097,
              19.047594
            ],
            [
              72.9128399,
              19.0480229
            ],
            [
              72.9129425,
              19.0480502
            ],
            [
              72.9132872,
              19.0479567
            ],
            [
              72.9133882,
              19.0481836
            ],
            [
              72.9132644,
              19.0482743
            ],
            [
              72.9130356,
              19.0483001
            ],
            [
              72.9126442,
              19.0483317
            ],
            [
              72.9125187,
              19.0477259
            ],
            [
              72.9120415,
              19.0478144
            ],
            [
              72.9120122,
              19.0473732
            ],
            [
              72.9120926,
              19.0473771
            ],
            [
              72.9121053,
              19.0468296
            ],
            [
              72.9118522,
              19.0468272
            ],
            [
              72.9117077,
              19.0459107
            ]
          ]
        ]
      },
      "id": "way/122294384"
    },
    {
      "type": "Feature",
      "properties": {
        "@id": "way/122303857",
        "landuse": "industrial"
      },
      "geometry": {
        "type": "Polygon",
        "coordinates": [
          [
            [
              72.87435,
              19.0709709
            ],
            [
              72.8753239,
              19.0708369
            ],
            [
              72.875717,
              19.0732695
            ],
            [
              72.8758035,
              19.0738392
            ],
            [
              72.8754204,
              19.0741938
            ],
            [
              72.8754762,
              19.0744738
            ],
            [
              72.8755433,
              19.0750914
            ],
            [
              72.8752819,
              19.0752941
            ],
            [
              72.8754615,
              19.0762655
            ],
            [
              72.8752722,
              19.0761279
            ],
            [
              72.8744119,
              19.0758831
            ],
            [
              72.8733296,
              19.0754014
            ],
            [
              72.8734249,
              19.0751784
            ],
            [
              72.8735751,
              19.0751277
            ],
            [
              72.8737172,
              19.0752645
            ],
            [
              72.8746085,
              19.0747076
            ],
            [
              72.8743033,
              19.0740403
            ],
            [
              72.874239,
              19.0738996
            ],
            [
              72.8742709,
              19.0724587
            ],
            [
              72.8729911,
              19.0729153
            ],
            [
              72.8729796,
              19.0727727
            ],
            [
              72.8730053,
              19.0724273
            ],
            [
              72.8735932,
              19.071683
            ],
            [
              72.8736635,
              19.0713261
            ],
            [
              72.873776,
              19.0711837
            ],
            [
              72.874141,
              19.071125
            ],
            [
              72.8741353,
              19.0710023
            ],
            [
              72.87435,
              19.0709709
            ]
          ]
        ]
      },
      "id": "way/122303857"
    },
    {
      "type": "Feature",
      "properties": {
        "@id": "way/122595293",
        "landuse": "industrial"
      },
      "geometry": {
        "type": "Polygon",
        "coordinates": [
          [
            [
              72.9886212,
              19.1889443
            ],
            [
              72.989224,
              19.1888474
            ],
            [
              72.993077,
              19.1882263
            ],
            [
              72.9929415,
              19.1885675
            ],
            [
              72.9922131,
              19.1901714
            ],
            [
              72.9902813,
              19.1898861
            ],
            [
              72.9885077,
              19.1895174
            ],
            [
              72.9886212,
              19.1889443
            ]
          ]
        ]
      },
      "id": "way/122595293"
    },
    {
      "type": "Feature",
      "properties": {
        "@id": "way/123257637",
        "barrier": "fence",
        "industrial": "communication",
        "landuse": "industrial",
        "name": "All India Radio - AIR"
      },
      "geometry": {
        "type": "Polygon",
        "coordinates": [
          [
            [
              72.8028016,
              19.1790717
            ],
            [
              72.8035926,
              19.179246
            ],
            [
              72.8038111,
              19.1798932
            ],
            [
              72.804228,
              19.1799335
            ],
            [
              72.8044572,
              19.1803903
            ],
            [
              72.8053988,
              19.1800555
            ],
            [
              72.8060239,
              19.1785416
            ],
            [
              72.8065969,
              19.1782313
            ],
            [
              72.8114824,
              19.1779259
            ],
            [
              72.8128817,
              19.1791202
            ],
            [
              72.8124906,
              19.179512
            ],
            [
              72.811831,
              19.1795198
            ],
            [
              72.8121698,
              19.1801352
            ],
            [
              72.8124422,
              19.1806509
            ],
            [
              72.811814,
              19.1809313
            ],
            [
              72.811757,
              19.1811576
            ],
            [
              72.8125476,
              19.1813008
            ],
            [
              72.8124505,
              19.1817731
            ],
            [
              72.8129389,
              19.1818166
            ],
            [
              72.8131232,
              19.1820047
            ],
            [
              72.8123873,
              19.182882
            ],
            [
              72.8117259,
              19.1832941
            ],
            [
              72.8138157,
              19.184711
            ],
            [
              72.8137333,
              19.1867605
            ],
            [
              72.813486,
              19.1867734
            ],
            [
              72.813486,
              19.1871366
            ],
            [
              72.813281,
              19.1871801
            ],
            [
              72.8129382,
              19.1874336
            ],
            [
              72.8130328,
              19.1884986
            ],
            [
              72.8127719,
              19.1885246
            ],
            [
              72.8118929,
              19.1891991
            ],
            [
              72.8121676,
              19.1904054
            ],
            [
              72.8119341,
              19.1921175
            ],
            [
              72.810494,
              19.1921152
            ],
            [
              72.8091598,
              19.1920786
            ],
            [
              72.8085143,
              19.1884856
            ],
            [
              72.8077039,
              19.1883819
            ],
            [
              72.8069294,
              19.1887396
            ],
            [
              72.8054927,
              19.1889785
            ],
            [
              72.8052043,
              19.1880057
            ],
            [
              72.8038721,
              19.1873312
            ],
            [
              72.8035837,
              19.1850353
            ],
            [
              72.8023776,
              19.1849856
            ],
            [
              72.8023898,
              19.1834602
            ],
            [
              72.8025286,
              19.1820798
            ],
            [
              72.8026221,
              19.1793044
            ],
            [
              72.8028016,
              19.1790717
            ]
          ]
        ]
      },
      "id": "way/123257637"
    },
    {
      "type": "Feature",
      "properties": {
        "@id": "way/123257638",
        "industrial": "depot",
        "landuse": "industrial",
        "name": "Malvani BEST Bus Depot",
        "operator": "BEST"
      },
      "geometry": {
        "type": "Polygon",
        "coordinates": [
          [
            [
              72.8184175,
              19.1821339
            ],
            [
              72.8181745,
              19.1810417
            ],
            [
              72.8198481,
              19.1807097
            ],
            [
              72.8200911,
              19.1818018
            ],
            [
              72.8184175,
              19.1821339
            ]
          ]
        ]
      },
      "id": "way/123257638"
    },
    {
      "type": "Feature",
      "properties": {
        "@id": "way/125292494",
        "capacity": "200",
        "depot": "bus",
        "industrial": "depot",
        "landuse": "industrial",
        "name": "Bandra BEST Bus Depot",
        "operator": "BEST"
      },
      "geometry": {
        "type": "Polygon",
        "coordinates": [
          [
            [
              72.8382655,
              19.0540229
            ],
            [
              72.8383334,
              19.0536682
            ],
            [
              72.8384141,
              19.0531573
            ],
            [
              72.8401923,
              19.0533461
            ],
            [
              72.8401521,
              19.0537924
            ],
            [
              72.8401352,
              19.053932
            ],
            [
              72.8393874,
              19.0538265
            ],
            [
              72.8393336,
              19.0541629
            ],
            [
              72.8382655,
              19.0540229
            ]
          ]
        ]
      },
      "id": "way/125292494"
    },
    {
      "type": "Feature",
      "properties": {
        "@id": "way/131951659",
        "addr:city": "Mumbai",
        "addr:postcode": "400075",
        "addr:street": "Link Road",
        "industrial": "depot",
        "landuse": "industrial",
        "name": "Ghatkopar BEST Bus Depot",
        "name:en": "Ghatkopar BEST Bus Depot",
        "opening_hours": "24/7",
        "operator": "BEST"
      },
      "geometry": {
        "type": "Polygon",
        "coordinates": [
          [
            [
              72.9185758,
              19.0873939
            ],
            [
              72.9175783,
              19.0863869
            ],
            [
              72.9175286,
              19.0861588
            ],
            [
              72.9185844,
              19.085328
            ],
            [
              72.9193223,
              19.0862836
            ],
            [
              72.9185758,
              19.0873939
            ]
          ]
        ]
      },
      "id": "way/131951659"
    },
    {
      "type": "Feature",
      "properties": {
        "@id": "way/133402376",
        "landuse": "industrial",
        "name": "Antop Hill Warehousing Complex"
      },
      "geometry": {
        "type": "Polygon",
        "coordinates": [
          [
            [
              72.8662526,
              19.018655
            ],
            [
              72.8665554,
              19.0187215
            ],
            [
              72.8677278,
              19.0193245
            ],
            [
              72.8677463,
              19.0194721
            ],
            [
              72.8674059,
              19.0194868
            ],
            [
              72.8674006,
              19.0198114
            ],
            [
              72.8678458,
              19.0198114
            ],
            [
              72.8679317,
              19.0199432
            ],
            [
              72.8680121,
              19.0200548
            ],
            [
              72.8681462,
              19.0201714
            ],
            [
              72.8682589,
              19.0202475
            ],
            [
              72.8684252,
              19.0203388
            ],
            [
              72.8685968,
              19.0203743
            ],
            [
              72.8686074,
              19.0204233
            ],
            [
              72.868592,
              19.0204724
            ],
            [
              72.8685786,
              19.0205255
            ],
            [
              72.8685435,
              19.0206335
            ],
            [
              72.8685068,
              19.020783
            ],
            [
              72.8684192,
              19.0211225
            ],
            [
              72.8683859,
              19.0212238
            ],
            [
              72.8686139,
              19.0215977
            ],
            [
              72.8682482,
              19.0216472
            ],
            [
              72.8663796,
              19.0219604
            ],
            [
              72.8659328,
              19.0203675
            ],
            [
              72.8656725,
              19.0195323
            ],
            [
              72.8657078,
              19.0194467
            ],
            [
              72.8658073,
              19.0194208
            ],
            [
              72.8658503,
              19.0192433
            ],
            [
              72.8658473,
              19.0191779
            ],
            [
              72.8659653,
              19.0191069
            ],
            [
              72.8659844,
              19.0188934
            ],
            [
              72.8660637,
              19.0188445
            ],
            [
              72.8661078,
              19.0188173
            ],
            [
              72.8660917,
              19.0187413
            ],
            [
              72.8662526,
              19.018655
            ]
          ]
        ]
      },
      "id": "way/133402376"
    },
    {
      "type": "Feature",
      "properties": {
        "@id": "way/151225292",
        "landuse": "industrial",
        "name": "Larsen and Toubro"
      },
      "geometry": {
        "type": "Polygon",
        "coordinates": [
          [
            [
              72.8008507,
              19.1473147
            ],
            [
              72.8011871,
              19.1460259
            ],
            [
              72.801986,
              19.1455448
            ],
            [
              72.802514,
              19.1455933
            ],
            [
              72.8020468,
              19.1475398
            ],
            [
              72.8008507,
              19.1473147
            ]
          ]
        ]
      },
      "id": "way/151225292"
    },
    {
      "type": "Feature",
      "properties": {
        "@id": "way/151478658",
        "landuse": "industrial"
      },
      "geometry": {
        "type": "Polygon",
        "coordinates": [
          [
            [
              72.8737924,
              19.0576579
            ],
            [
              72.8753793,
              19.0575743
            ],
            [
              72.875632,
              19.0602297
            ],
            [
              72.8756643,
              19.0605695
            ],
            [
              72.8745873,
              19.0606635
            ],
            [
              72.8741216,
              19.0607042
            ],
            [
              72.8739447,
              19.0605741
            ],
            [
              72.8737924,
              19.0576579
            ]
          ]
        ]
      },
      "id": "way/151478658"
    },
    {
      "type": "Feature",
      "properties": {
        "@id": "way/151478660",
        "landuse": "industrial",
        "name": "Swadeshi Mill"
      },
      "geometry": {
        "type": "Polygon",
        "coordinates": [
          [
            [
              72.8735733,
              19.057646
            ],
            [
              72.8737777,
              19.0603187
            ],
            [
              72.8720934,
              19.0583224
            ],
            [
              72.8721073,
              19.0581057
            ],
            [
              72.8725485,
              19.0574851
            ],
            [
              72.8731008,
              19.0570451
            ],
            [
              72.8733996,
              19.0570549
            ],
            [
              72.8735733,
              19.057646
            ]
          ]
        ]
      },
      "id": "way/151478660"
    },
    {
      "type": "Feature",
      "properties": {
        "@id": "way/151501184",
        "landuse": "industrial"
      },
      "geometry": {
        "type": "Polygon",
        "coordinates": [
          [
            [
              72.869065,
              19.0498185
            ],
            [
              72.8689994,
              19.0502626
            ],
            [
              72.8671698,
              19.0513093
            ],
            [
              72.8670057,
              19.0509841
            ],
            [
              72.869065,
              19.0498185
            ]
          ]
        ]
      },
      "id": "way/151501184"
    },
    {
      "type": "Feature",
      "properties": {
        "@id": "way/151522896",
        "industrial": "depot",
        "landuse": "industrial",
        "name": "Mulund BEST Depot"
      },
      "geometry": {
        "type": "Polygon",
        "coordinates": [
          [
            [
              72.9462478,
              19.1742276
            ],
            [
              72.9476159,
              19.1742838
            ],
            [
              72.9475932,
              19.1747761
            ],
            [
              72.9475509,
              19.1756951
            ],
            [
              72.947408,
              19.17569
            ],
            [
              72.9472507,
              19.1756843
            ],
            [
              72.9462017,
              19.1756465
            ],
            [
              72.9462478,
              19.1742276
            ]
          ]
        ]
      },
      "id": "way/151522896"
    },
    {
      "type": "Feature",
      "properties": {
        "@id": "way/151523049",
        "landuse": "industrial"
      },
      "geometry": {
        "type": "Polygon",
        "coordinates": [
          [
            [
              72.9542444,
              19.1821357
            ],
            [
              72.9541422,
              19.1804288
            ],
            [
              72.9546728,
              19.1804295
            ],
            [
              72.954816,
              19.1818281
            ],
            [
              72.9545635,
              19.182142
            ],
            [
              72.9542444,
              19.1821357
            ]
          ]
        ]
      },
      "id": "way/151523049"
    },
    {
      "type": "Feature",
      "properties": {
        "@id": "way/151581220",
        "landuse": "industrial",
        "name": "CGPower Mumbai"
      },
      "geometry": {
        "type": "Polygon",
        "coordinates": [
          [
            [
              72.9333538,
              19.1357315
            ],
            [
              72.9314792,
              19.1334193
            ],
            [
              72.9304868,
              19.1327289
            ],
            [
              72.9308837,
              19.1325572
            ],
            [
              72.9315254,
              19.1322822
            ],
            [
              72.9309761,
              19.1314586
            ],
            [
              72.9300105,
              19.1319635
            ],
            [
              72.9293273,
              19.1308107
            ],
            [
              72.9307875,
              19.1299262
            ],
            [
              72.9312721,
              19.1305877
            ],
            [
              72.9316903,
              19.1313125
            ],
            [
              72.9327328,
              19.1309675
            ],
            [
              72.9327756,
              19.1296099
            ],
            [
              72.9331985,
              19.1295311
            ],
            [
              72.9333039,
              19.1297578
            ],
            [
              72.9334755,
              19.1310685
            ],
            [
              72.9327875,
              19.1311326
            ],
            [
              72.9329413,
              19.1315972
            ],
            [
              72.9326293,
              19.1317509
            ],
            [
              72.9325198,
              19.1320226
            ],
            [
              72.9325139,
              19.1320372
            ],
            [
              72.9324657,
              19.1323914
            ],
            [
              72.93437,
              19.1348145
            ],
            [
              72.9333538,
              19.1357315
            ]
          ]
        ]
      },
      "id": "way/151581220"
    },
    {
      "type": "Feature",
      "properties": {
        "@id": "way/151581222",
        "landuse": "industrial",
        "name": "Godrej Estate (East)"
      },
      "geometry": {
        "type": "Polygon",
        "coordinates": [
          [
            [
              72.9252002,
              19.1018187
            ],
            [
              72.9244868,
              19.1007922
            ],
            [
              72.9236741,
              19.099791
            ],
            [
              72.9206749,
              19.0965749
            ],
            [
              72.9238893,
              19.0936504
            ],
            [
              72.9253268,
              19.0925075
            ],
            [
              72.9262819,
              19.0948766
            ],
            [
              72.9285874,
              19.1005478
            ],
            [
              72.9252002,
              19.1018187
            ]
          ]
        ]
      },
      "id": "way/151581222"
    },
    {
      "type": "Feature",
      "properties": {
        "@id": "way/151581223",
        "landuse": "industrial"
      },
      "geometry": {
        "type": "Polygon",
        "coordinates": [
          [
            [
              72.9229065,
              19.106182
            ],
            [
              72.9239292,
              19.1054808
            ],
            [
              72.9248693,
              19.1047516
            ],
            [
              72.9254921,
              19.1061313
            ],
            [
              72.9259535,
              19.1061008
            ],
            [
              72.926211,
              19.1071755
            ],
            [
              72.9255994,
              19.107439
            ],
            [
              72.9257174,
              19.1078851
            ],
            [
              72.9251838,
              19.1080478
            ],
            [
              72.9242897,
              19.1083205
            ],
            [
              72.9229065,
              19.106182
            ]
          ]
        ]
      },
      "id": "way/151581223"
    },
    {
      "type": "Feature",
      "properties": {
        "@id": "way/151581225",
        "landuse": "industrial"
      },
      "geometry": {
        "type": "Polygon",
        "coordinates": [
          [
            [
              72.9227957,
              19.125359
            ],
            [
              72.9230543,
              19.1244116
            ],
            [
              72.9233646,
              19.1232751
            ],
            [
              72.9236239,
              19.121017
            ],
            [
              72.9245023,
              19.121069
            ],
            [
              72.9244674,
              19.1216903
            ],
            [
              72.9253844,
              19.1217396
            ],
            [
              72.9251871,
              19.1234177
            ],
            [
              72.9251116,
              19.1248545
            ],
            [
              72.9249375,
              19.1250464
            ],
            [
              72.9242651,
              19.1251445
            ],
            [
              72.9227957,
              19.125359
            ]
          ]
        ]
      },
      "id": "way/151581225"
    },
    {
      "type": "Feature",
      "properties": {
        "@id": "way/151746838",
        "landuse": "industrial",
        "name": "Sun Mills Compund"
      },
      "geometry": {
        "type": "Polygon",
        "coordinates": [
          [
            [
              72.8263473,
              18.9945646
            ],
            [
              72.8263406,
              18.9945567
            ],
            [
              72.8253633,
              18.9934134
            ],
            [
              72.8257728,
              18.9932292
            ],
            [
              72.8265586,
              18.9928792
            ],
            [
              72.826948,
              18.9927722
            ],
            [
              72.8276248,
              18.99272
            ],
            [
              72.8278059,
              18.9927803
            ],
            [
              72.8279668,
              18.9929705
            ],
            [
              72.8280237,
              18.9930549
            ],
            [
              72.8288183,
              18.9948403
            ],
            [
              72.8286561,
              18.9949462
            ],
            [
              72.8286133,
              18.9950105
            ],
            [
              72.8285179,
              18.995436
            ],
            [
              72.8279775,
              18.9956487
            ],
            [
              72.8280135,
              18.9959614
            ],
            [
              72.8271637,
              18.9960357
            ],
            [
              72.8270599,
              18.9956485
            ],
            [
              72.8267956,
              18.9952198
            ],
            [
              72.8267893,
              18.9952096
            ],
            [
              72.8263473,
              18.9945646
            ]
          ]
        ]
      },
      "id": "way/151746838"
    },
    {
      "type": "Feature",
      "properties": {
        "@id": "way/151746839",
        "landuse": "industrial",
        "name": "EMU Workshop, Western Railway, Mahalaxmi",
        "start_date": "1868",
        "wikipedia": "en:Carriage Repair Workshop, Lower Parel, Mumbai"
      },
      "geometry": {
        "type": "Polygon",
        "coordinates": [
          [
            [
              72.8262097,
              18.9899621
            ],
            [
              72.8253593,
              18.9880849
            ],
            [
              72.8265632,
              18.9876059
            ],
            [
              72.8279752,
              18.9908347
            ],
            [
              72.8280523,
              18.9911747
            ],
            [
              72.8281167,
              18.9911605
            ],
            [
              72.8281607,
              18.9913117
            ],
            [
              72.8282044,
              18.9912992
            ],
            [
              72.8285036,
              18.9920449
            ],
            [
              72.8293846,
              18.9940445
            ],
            [
              72.8293313,
              18.9940781
            ],
            [
              72.829582,
              18.994638
            ],
            [
              72.829542,
              18.9946673
            ],
            [
              72.8300566,
              18.9958731
            ],
            [
              72.8305958,
              18.9968809
            ],
            [
              72.8303936,
              18.9968073
            ],
            [
              72.8302318,
              18.9969457
            ],
            [
              72.8297391,
              18.9967677
            ],
            [
              72.8288183,
              18.9948403
            ],
            [
              72.8280237,
              18.9930549
            ],
            [
              72.8279668,
              18.9929705
            ],
            [
              72.8278059,
              18.9927803
            ],
            [
              72.8276248,
              18.99272
            ],
            [
              72.826948,
              18.9927722
            ],
            [
              72.825705,
              18.9901511
            ],
            [
              72.8258982,
              18.9900734
            ],
            [
              72.8262097,
              18.9899621
            ]
          ]
        ]
      },
      "id": "way/151746839"
    },
    {
      "type": "Feature",
      "properties": {
        "@id": "way/151746841",
        "landuse": "industrial"
      },
      "geometry": {
        "type": "Polygon",
        "coordinates": [
          [
            [
              72.8314861,
              18.9970252
            ],
            [
              72.8328434,
              18.9970594
            ],
            [
              72.8330719,
              18.998988
            ],
            [
              72.8334482,
              19.0008348
            ],
            [
              72.8337156,
              19.0017829
            ],
            [
              72.8344912,
              19.0039489
            ],
            [
              72.8343139,
              19.0040249
            ],
            [
              72.8333841,
              19.001945
            ],
            [
              72.8316197,
              18.9980717
            ],
            [
              72.831458,
              18.9977168
            ],
            [
              72.8314861,
              18.9970252
            ]
          ]
        ]
      },
      "id": "way/151746841"
    },
    {
      "type": "Feature",
      "properties": {
        "@id": "way/151746842",
        "landuse": "industrial"
      },
      "geometry": {
        "type": "Polygon",
        "coordinates": [
          [
            [
              72.8247012,
              18.9883243
            ],
            [
              72.8253517,
              18.9880681
            ],
            [
              72.8253593,
              18.9880849
            ],
            [
              72.8262097,
              18.9899621
            ],
            [
              72.8258982,
              18.9900734
            ],
            [
              72.825705,
              18.9901511
            ],
            [
              72.8250617,
              18.9904139
            ],
            [
              72.8248026,
              18.9898523
            ],
            [
              72.8253048,
              18.9896569
            ],
            [
              72.8247012,
              18.9883243
            ]
          ]
        ]
      },
      "id": "way/151746842"
    },
    {
      "type": "Feature",
      "properties": {
        "@id": "way/151768178",
        "addr:city": "Navi Mumbai",
        "amenity": "marketplace",
        "landuse": "industrial",
        "name": "APMC Onion & Potato Market"
      },
      "geometry": {
        "type": "Polygon",
        "coordinates": [
          [
            [
              73.0076518,
              19.0716875
            ],
            [
              73.0078173,
              19.0734584
            ],
            [
              73.0049625,
              19.0736967
            ],
            [
              73.0047805,
              19.0717494
            ],
            [
              73.007156,
              19.0715511
            ],
            [
              73.0071725,
              19.0717276
            ],
            [
              73.0076518,
              19.0716875
            ]
          ]
        ]
      },
      "id": "way/151768178"
    },
    {
      "type": "Feature",
      "properties": {
        "@id": "way/151843874",
        "landuse": "industrial",
        "name": "Laxmi Industrial Estate"
      },
      "geometry": {
        "type": "Polygon",
        "coordinates": [
          [
            [
              72.8265788,
              19.1359768
            ],
            [
              72.8278805,
              19.1346613
            ],
            [
              72.82981,
              19.1346478
            ],
            [
              72.831786,
              19.1350547
            ],
            [
              72.8316476,
              19.1364829
            ],
            [
              72.8265788,
              19.1359768
            ]
          ]
        ]
      },
      "id": "way/151843874"
    },
    {
      "type": "Feature",
      "properties": {
        "@id": "way/151847346",
        "barrier": "wall",
        "landuse": "industrial"
      },
      "geometry": {
        "type": "Polygon",
        "coordinates": [
          [
            [
              72.8300246,
              19.116795
            ],
            [
              72.8342053,
              19.1167146
            ],
            [
              72.8347601,
              19.1168628
            ],
            [
              72.8348451,
              19.1188903
            ],
            [
              72.8348356,
              19.1198836
            ],
            [
              72.8348494,
              19.1204335
            ],
            [
              72.8348722,
              19.1211507
            ],
            [
              72.8330925,
              19.1211683
            ],
            [
              72.8331036,
              19.1211334
            ],
            [
              72.8331086,
              19.1210973
            ],
            [
              72.8316334,
              19.1210999
            ],
            [
              72.8300103,
              19.1211197
            ],
            [
              72.8300246,
              19.116795
            ]
          ]
        ]
      },
      "id": "way/151847346"
    },
    {
      "type": "Feature",
      "properties": {
        "@id": "way/151866565",
        "addr:postcode": "400601",
        "addr:street": "Station Road",
        "amenity": "bus_station",
        "bus": "yes",
        "industrial": "depot",
        "landuse": "industrial",
        "name:en": "Thane Bus Depot",
        "operator": "MSRTC",
        "public_transport": "station"
      },
      "geometry": {
        "type": "Polygon",
        "coordinates": [
          [
            [
              72.9770613,
              19.1869224
            ],
            [
              72.9773591,
              19.1869148
            ],
            [
              72.9777458,
              19.18702
            ],
            [
              72.9775747,
              19.1875374
            ],
            [
              72.977117,
              19.1875789
            ],
            [
              72.9770613,
              19.1869224
            ]
          ]
        ]
      },
      "id": "way/151866565"
    },
    {
      "type": "Feature",
      "properties": {
        "@id": "way/151885142",
        "landuse": "industrial"
      },
      "geometry": {
        "type": "Polygon",
        "coordinates": [
          [
            [
              72.9343754,
              19.1605531
            ],
            [
              72.9343214,
              19.1601982
            ],
            [
              72.9344175,
              19.1601597
            ],
            [
              72.9345065,
              19.1600565
            ],
            [
              72.9345187,
              19.1600424
            ],
            [
              72.9346275,
              19.1598386
            ],
            [
              72.9354394,
              19.1596302
            ],
            [
              72.9355422,
              19.1601122
            ],
            [
              72.9356954,
              19.160588
            ],
            [
              72.9357702,
              19.1607583
            ],
            [
              72.9358426,
              19.1611003
            ],
            [
              72.9358903,
              19.161362
            ],
            [
              72.9359713,
              19.1617945
            ],
            [
              72.9361564,
              19.1617793
            ],
            [
              72.9362565,
              19.1617715
            ],
            [
              72.9364128,
              19.1622316
            ],
            [
              72.9360786,
              19.1623317
            ],
            [
              72.9356199,
              19.1623975
            ],
            [
              72.9347884,
              19.162471
            ],
            [
              72.9343754,
              19.1605531
            ]
          ]
        ]
      },
      "id": "way/151885142"
    },
    {
      "type": "Feature",
      "properties": {
        "@id": "way/151889244",
        "landuse": "industrial",
        "name": "Bindal Estate"
      },
      "geometry": {
        "type": "Polygon",
        "coordinates": [
          [
            [
              72.8827038,
              19.1033719
            ],
            [
              72.8821189,
              19.1030282
            ],
            [
              72.8805388,
              19.1025591
            ],
            [
              72.880219,
              19.1021387
            ],
            [
              72.8796557,
              19.1007462
            ],
            [
              72.8792713,
              19.0996521
            ],
            [
              72.8791466,
              19.099184
            ],
            [
              72.8791836,
              19.0988402
            ],
            [
              72.8792748,
              19.0987034
            ],
            [
              72.8793713,
              19.0986831
            ],
            [
              72.8795671,
              19.0987034
            ],
            [
              72.8797442,
              19.0987414
            ],
            [
              72.8799373,
              19.0987237
            ],
            [
              72.8800365,
              19.0986806
            ],
            [
              72.8802645,
              19.0984829
            ],
            [
              72.8807044,
              19.0982497
            ],
            [
              72.8808546,
              19.0981331
            ],
            [
              72.8809458,
              19.097981
            ],
            [
              72.8810074,
              19.0975705
            ],
            [
              72.8814112,
              19.0974769
            ],
            [
              72.881666,
              19.096594
            ],
            [
              72.8833836,
              19.0968794
            ],
            [
              72.8833957,
              19.0988187
            ],
            [
              72.8834662,
              19.0993065
            ],
            [
              72.8837958,
              19.1001488
            ],
            [
              72.8841866,
              19.1009407
            ],
            [
              72.8845094,
              19.1015811
            ],
            [
              72.884582,
              19.1016602
            ],
            [
              72.8866543,
              19.1040847
            ],
            [
              72.8853519,
              19.1053734
            ],
            [
              72.8850683,
              19.1050807
            ],
            [
              72.8854153,
              19.1046393
            ],
            [
              72.8852485,
              19.1044123
            ],
            [
              72.8858424,
              19.1041096
            ],
            [
              72.8852141,
              19.1030353
            ],
            [
              72.8848319,
              19.1026786
            ],
            [
              72.8834872,
              19.1032219
            ],
            [
              72.8828535,
              19.1032296
            ],
            [
              72.8827038,
              19.1033719
            ]
          ]
        ]
      },
      "id": "way/151889244"
    },
    {
      "type": "Feature",
      "properties": {
        "@id": "way/152193374",
        "landuse": "industrial",
        "name": "Water Reservoir"
      },
      "geometry": {
        "type": "Polygon",
        "coordinates": [
          [
            [
              72.8692827,
              19.1830395
            ],
            [
              72.8734941,
              19.180708
            ],
            [
              72.8734236,
              19.1814236
            ],
            [
              72.8734083,
              19.1815785
            ],
            [
              72.8733337,
              19.1823357
            ],
            [
              72.8732776,
              19.1839729
            ],
            [
              72.8709104,
              19.1852803
            ],
            [
              72.8706187,
              19.1869555
            ],
            [
              72.8692596,
              19.1878402
            ],
            [
              72.868653,
              19.1869047
            ],
            [
              72.8692827,
              19.1830395
            ]
          ]
        ]
      },
      "id": "way/152193374"
    },
    {
      "type": "Feature",
      "properties": {
        "@id": "way/152205311",
        "landuse": "industrial",
        "name": "SIEMENS"
      },
      "geometry": {
        "type": "Polygon",
        "coordinates": [
          [
            [
              73.000836,
              19.1485096
            ],
            [
              73.0023907,
              19.1484872
            ],
            [
              73.0034284,
              19.149493
            ],
            [
              73.0043028,
              19.1506882
            ],
            [
              73.0049946,
              19.154144
            ],
            [
              73.0048916,
              19.1553283
            ],
            [
              73.0005385,
              19.155222
            ],
            [
              73.0007524,
              19.1533687
            ],
            [
              73.0008536,
              19.152088
            ],
            [
              73.000836,
              19.1485096
            ]
          ]
        ]
      },
      "id": "way/152205311"
    },
    {
      "type": "Feature",
      "properties": {
        "@id": "way/152205312",
        "landuse": "industrial"
      },
      "geometry": {
        "type": "Polygon",
        "coordinates": [
          [
            [
              73.0000751,
              19.163674
            ],
            [
              73.0022057,
              19.1636918
            ],
            [
              73.0020137,
              19.1643329
            ],
            [
              73.0020051,
              19.165173
            ],
            [
              73.0014053,
              19.1655146
            ],
            [
              72.999823,
              19.1655039
            ],
            [
              73.0000751,
              19.163674
            ]
          ]
        ]
      },
      "id": "way/152205312"
    },
    {
      "type": "Feature",
      "properties": {
        "@id": "way/152207423",
        "landuse": "industrial",
        "name": "Nandanvan Industrial Estate"
      },
      "geometry": {
        "type": "Polygon",
        "coordinates": [
          [
            [
              72.9421454,
              19.1696033
            ],
            [
              72.9434263,
              19.1689043
            ],
            [
              72.9435688,
              19.1691439
            ],
            [
              72.9438108,
              19.1695508
            ],
            [
              72.9436179,
              19.1696509
            ],
            [
              72.9432705,
              19.169835
            ],
            [
              72.9433289,
              19.169944
            ],
            [
              72.9430643,
              19.1700854
            ],
            [
              72.9425802,
              19.1703503
            ],
            [
              72.9425322,
              19.1702678
            ],
            [
              72.9421454,
              19.1696033
            ]
          ]
        ]
      },
      "id": "way/152207423"
    },
    {
      "type": "Feature",
      "properties": {
        "@id": "way/152207425",
        "landuse": "industrial",
        "name": "Johnson & Johnson"
      },
      "geometry": {
        "type": "Polygon",
        "coordinates": [
          [
            [
              72.942963,
              19.1767479
            ],
            [
              72.9426077,
              19.1769986
            ],
            [
              72.942737,
              19.1773868
            ],
            [
              72.9420327,
              19.1772748
            ],
            [
              72.9407325,
              19.1774608
            ],
            [
              72.9390929,
              19.1751512
            ],
            [
              72.9412412,
              19.1736333
            ],
            [
              72.9412875,
              19.173854
            ],
            [
              72.9416408,
              19.1746488
            ],
            [
              72.9425048,
              19.1758838
            ],
            [
              72.942529,
              19.1759219
            ],
            [
              72.9426118,
              19.1760524
            ],
            [
              72.9425924,
              19.1761493
            ],
            [
              72.942963,
              19.1767479
            ]
          ]
        ]
      },
      "id": "way/152207425"
    },
    {
      "type": "Feature",
      "properties": {
        "@id": "way/152244258",
        "landuse": "industrial"
      },
      "geometry": {
        "type": "Polygon",
        "coordinates": [
          [
            [
              72.855659,
              19.0007014
            ],
            [
              72.8557591,
              19.0006488
            ],
            [
              72.8559416,
              19.0008086
            ],
            [
              72.8570276,
              19.0014673
            ],
            [
              72.8577232,
              19.0016313
            ],
            [
              72.8602413,
              19.0020684
            ],
            [
              72.8604616,
              19.0025743
            ],
            [
              72.8602801,
              19.0032015
            ],
            [
              72.8598243,
              19.0048134
            ],
            [
              72.8598873,
              19.0053862
            ],
            [
              72.8571257,
              19.0055647
            ],
            [
              72.8570785,
              19.0050142
            ],
            [
              72.8557646,
              19.0050961
            ],
            [
              72.8557674,
              19.0050028
            ],
            [
              72.8558511,
              19.0022469
            ],
            [
              72.855659,
              19.0007014
            ]
          ]
        ]
      },
      "id": "way/152244258"
    },
    {
      "type": "Feature",
      "properties": {
        "@id": "way/152244259",
        "landuse": "industrial"
      },
      "geometry": {
        "type": "Polygon",
        "coordinates": [
          [
            [
              72.8642648,
              19.0082278
            ],
            [
              72.865028,
              19.0063533
            ],
            [
              72.8661501,
              19.0066111
            ],
            [
              72.8664215,
              19.007195
            ],
            [
              72.8689625,
              19.0083945
            ],
            [
              72.8687658,
              19.0092277
            ],
            [
              72.8687973,
              19.0097298
            ],
            [
              72.8684905,
              19.0101315
            ],
            [
              72.8680713,
              19.0100961
            ],
            [
              72.8682638,
              19.009788
            ],
            [
              72.868147,
              19.0091095
            ],
            [
              72.8641839,
              19.0083526
            ],
            [
              72.8642648,
              19.0082278
            ]
          ]
        ]
      },
      "id": "way/152244259"
    },
    {
      "type": "Feature",
      "properties": {
        "@id": "way/152244260",
        "landuse": "industrial"
      },
      "geometry": {
        "type": "Polygon",
        "coordinates": [
          [
            [
              72.8566648,
              19.0052975
            ],
            [
              72.856687,
              19.0061864
            ],
            [
              72.8563366,
              19.0061969
            ],
            [
              72.8560417,
              19.0057867
            ],
            [
              72.8558692,
              19.0053711
            ],
            [
              72.8566648,
              19.0052975
            ]
          ]
        ]
      },
      "id": "way/152244260"
    },
    {
      "type": "Feature",
      "properties": {
        "@id": "way/152244264",
        "landuse": "industrial"
      },
      "geometry": {
        "type": "Polygon",
        "coordinates": [
          [
            [
              72.860356,
              19.0116259
            ],
            [
              72.8593528,
              19.008356
            ],
            [
              72.8594585,
              19.008135
            ],
            [
              72.8604098,
              19.0085453
            ],
            [
              72.8610384,
              19.0089871
            ],
            [
              72.8618315,
              19.0112105
            ],
            [
              72.860356,
              19.0116259
            ]
          ]
        ]
      },
      "id": "way/152244264"
    },
    {
      "type": "Feature",
      "properties": {
        "@id": "way/152244273",
        "landuse": "industrial"
      },
      "geometry": {
        "type": "Polygon",
        "coordinates": [
          [
            [
              72.8569986,
              19.0058866
            ],
            [
              72.8599249,
              19.0056657
            ],
            [
              72.8608596,
              19.0084956
            ],
            [
              72.8582837,
              19.0073805
            ],
            [
              72.8581891,
              19.0070228
            ],
            [
              72.8574496,
              19.0068581
            ],
            [
              72.8574389,
              19.0067972
            ],
            [
              72.8570598,
              19.0066704
            ],
            [
              72.8569986,
              19.0058866
            ]
          ]
        ]
      },
      "id": "way/152244273"
    },
    {
      "type": "Feature",
      "properties": {
        "@id": "way/152244274",
        "landuse": "industrial"
      },
      "geometry": {
        "type": "Polygon",
        "coordinates": [
          [
            [
              72.8602819,
              19.005819
            ],
            [
              72.8612771,
              19.0055702
            ],
            [
              72.8620831,
              19.0068047
            ],
            [
              72.8629388,
              19.0081152
            ],
            [
              72.8634344,
              19.0079962
            ],
            [
              72.8638829,
              19.0081747
            ],
            [
              72.8632299,
              19.0095583
            ],
            [
              72.8611116,
              19.0085803
            ],
            [
              72.8602819,
              19.005819
            ]
          ]
        ]
      },
      "id": "way/152244274"
    },
    {
      "type": "Feature",
      "properties": {
        "@id": "way/152244277",
        "landuse": "industrial"
      },
      "geometry": {
        "type": "Polygon",
        "coordinates": [
          [
            [
              72.8634457,
              19.0096716
            ],
            [
              72.8641839,
              19.0083526
            ],
            [
              72.868147,
              19.0091095
            ],
            [
              72.8682638,
              19.009788
            ],
            [
              72.8680713,
              19.0100961
            ],
            [
              72.8677575,
              19.0105981
            ],
            [
              72.8659135,
              19.0108799
            ],
            [
              72.8634457,
              19.0096716
            ]
          ]
        ]
      },
      "id": "way/152244277"
    },
    {
      "type": "Feature",
      "properties": {
        "@id": "way/152244278",
        "landuse": "industrial"
      },
      "geometry": {
        "type": "Polygon",
        "coordinates": [
          [
            [
              72.8615312,
              19.009357
            ],
            [
              72.8628197,
              19.0099223
            ],
            [
              72.8629221,
              19.0099672
            ],
            [
              72.8634005,
              19.0103354
            ],
            [
              72.8642461,
              19.0130548
            ],
            [
              72.8645021,
              19.0129706
            ],
            [
              72.8646578,
              19.0134545
            ],
            [
              72.8635952,
              19.0149325
            ],
            [
              72.8632503,
              19.0147063
            ],
            [
              72.8615312,
              19.009357
            ]
          ]
        ]
      },
      "id": "way/152244278"
    },
    {
      "type": "Feature",
      "properties": {
        "@id": "way/152357008",
        "industrial": "depot",
        "landuse": "industrial",
        "name": "Majas BEST Bus Depot",
        "operator": "BEST"
      },
      "geometry": {
        "type": "Polygon",
        "coordinates": [
          [
            [
              72.8663617,
              19.1392948
            ],
            [
              72.8654319,
              19.1390463
            ],
            [
              72.8640666,
              19.1387472
            ],
            [
              72.8638574,
              19.1381341
            ],
            [
              72.8654748,
              19.1378604
            ],
            [
              72.8660833,
              19.1378457
            ],
            [
              72.8663617,
              19.1392948
            ]
          ]
        ]
      },
      "id": "way/152357008"
    },
    {
      "type": "Feature",
      "properties": {
        "@id": "way/152363483",
        "industrial": "dairy",
        "landuse": "industrial",
        "name": "National Dairy Development Board"
      },
      "geometry": {
        "type": "Polygon",
        "coordinates": [
          [
            [
              72.8586466,
              19.1479969
            ],
            [
              72.8584299,
              19.1476282
            ],
            [
              72.8578998,
              19.1446413
            ],
            [
              72.8607656,
              19.1445699
            ],
            [
              72.8609457,
              19.1499164
            ],
            [
              72.8599012,
              19.1503321
            ],
            [
              72.8585977,
              19.1503192
            ],
            [
              72.8572705,
              19.1507003
            ],
            [
              72.8569156,
              19.1508022
            ],
            [
              72.8568593,
              19.1502371
            ],
            [
              72.8571899,
              19.1496243
            ],
            [
              72.8571917,
              19.1489885
            ],
            [
              72.8586466,
              19.1479969
            ]
          ]
        ]
      },
      "id": "way/152363483"
    },
    {
      "type": "Feature",
      "properties": {
        "@id": "way/152629613",
        "landuse": "industrial"
      },
      "geometry": {
        "type": "Polygon",
        "coordinates": [
          [
            [
              72.8860731,
              19.0666466
            ],
            [
              72.8844789,
              19.0669605
            ],
            [
              72.8836343,
              19.0669336
            ],
            [
              72.883974,
              19.0661962
            ],
            [
              72.8841046,
              19.0659127
            ],
            [
              72.8846371,
              19.0647564
            ],
            [
              72.8849581,
              19.0640592
            ],
            [
              72.8856887,
              19.0645794
            ],
            [
              72.8859355,
              19.0642341
            ],
            [
              72.8863577,
              19.0648081
            ],
            [
              72.8868322,
              19.0656018
            ],
            [
              72.8873446,
              19.0663551
            ],
            [
              72.8860731,
              19.0666466
            ]
          ]
        ]
      },
      "id": "way/152629613"
    },
    {
      "type": "Feature",
      "properties": {
        "@id": "way/152813164",
        "industrial": "depot",
        "landuse": "industrial",
        "name": "Wadala BEST Bus Depot",
        "operator": "BEST"
      },
      "geometry": {
        "type": "Polygon",
        "coordinates": [
          [
            [
              72.852025,
              19.0150723
            ],
            [
              72.8515584,
              19.0146364
            ],
            [
              72.8510421,
              19.0139334
            ],
            [
              72.8530441,
              19.013076
            ],
            [
              72.8536072,
              19.0140683
            ],
            [
              72.852025,
              19.0150723
            ]
          ]
        ]
      },
      "id": "way/152813164"
    },
    {
      "type": "Feature",
      "properties": {
        "@id": "way/153236629",
        "landuse": "industrial"
      },
      "geometry": {
        "type": "Polygon",
        "coordinates": [
          [
            [
              72.9941645,
              19.1883699
            ],
            [
              72.9945695,
              19.1884535
            ],
            [
              72.9950497,
              19.1884763
            ],
            [
              72.995224,
              19.1884003
            ],
            [
              72.9953535,
              19.1882906
            ],
            [
              72.9962125,
              19.1890972
            ],
            [
              72.9960062,
              19.1896102
            ],
            [
              72.9954547,
              19.1901032
            ],
            [
              72.9947775,
              19.1903642
            ],
            [
              72.9936528,
              19.1902821
            ],
            [
              72.9936654,
              19.1903617
            ],
            [
              72.9923679,
              19.1902023
            ],
            [
              72.9933454,
              19.1883298
            ],
            [
              72.9936065,
              19.1881469
            ],
            [
              72.9941645,
              19.1883699
            ]
          ]
        ]
      },
      "id": "way/153236629"
    },
    {
      "type": "Feature",
      "properties": {
        "@id": "way/153236630",
        "landuse": "industrial"
      },
      "geometry": {
        "type": "Polygon",
        "coordinates": [
          [
            [
              72.9889662,
              19.1887141
            ],
            [
              72.988962,
              19.1884954
            ],
            [
              72.9898756,
              19.1879268
            ],
            [
              72.9904608,
              19.1873622
            ],
            [
              72.9925574,
              19.1857439
            ],
            [
              72.9930415,
              19.1858513
            ],
            [
              72.9932773,
              19.1859109
            ],
            [
              72.9934036,
              19.1860501
            ],
            [
              72.9934457,
              19.1862648
            ],
            [
              72.9933994,
              19.1865272
            ],
            [
              72.9933152,
              19.1865352
            ],
            [
              72.9932099,
              19.1863403
            ],
            [
              72.9929026,
              19.1864358
            ],
            [
              72.9931215,
              19.1868731
            ],
            [
              72.9929658,
              19.1871157
            ],
            [
              72.9932184,
              19.1879149
            ],
            [
              72.9931973,
              19.1880143
            ],
            [
              72.9889662,
              19.1887141
            ]
          ]
        ]
      },
      "id": "way/153236630"
    },
    {
      "type": "Feature",
      "properties": {
        "@id": "way/153236631",
        "landuse": "industrial"
      },
      "geometry": {
        "type": "Polygon",
        "coordinates": [
          [
            [
              72.9920499,
              19.1914069
            ],
            [
              72.9922151,
              19.1905764
            ],
            [
              72.9939433,
              19.1908348
            ],
            [
              72.9939938,
              19.1914948
            ],
            [
              72.993897,
              19.191805
            ],
            [
              72.9938254,
              19.1923656
            ],
            [
              72.9938659,
              19.1927949
            ],
            [
              72.9920499,
              19.1914069
            ]
          ]
        ]
      },
      "id": "way/153236631"
    },
    {
      "type": "Feature",
      "properties": {
        "@id": "way/177566550",
        "landuse": "industrial",
        "man_made": "works",
        "name": "Larsen & Toubro"
      },
      "geometry": {
        "type": "Polygon",
        "coordinates": [
          [
            [
              72.8930653,
              19.1252147
            ],
            [
              72.8933899,
              19.125982
            ],
            [
              72.8935683,
              19.1262164
            ],
            [
              72.8957604,
              19.1287413
            ],
            [
              72.8956872,
              19.1289132
            ],
            [
              72.895132,
              19.1302177
            ],
            [
              72.8948718,
              19.1301671
            ],
            [
              72.8946197,
              19.1301367
            ],
            [
              72.8931794,
              19.1310769
            ],
            [
              72.891385,
              19.1304458
            ],
            [
              72.8910845,
              19.1303039
            ],
            [
              72.8907788,
              19.1300454
            ],
            [
              72.8902852,
              19.1294474
            ],
            [
              72.8899956,
              19.1289102
            ],
            [
              72.8898078,
              19.1283729
            ],
            [
              72.889722,
              19.1276837
            ],
            [
              72.88984,
              19.1269817
            ],
            [
              72.8908056,
              19.1273872
            ],
            [
              72.8914448,
              19.1269499
            ],
            [
              72.8914922,
              19.1261505
            ],
            [
              72.8925624,
              19.1256868
            ],
            [
              72.8926778,
              19.1256234
            ],
            [
              72.89271,
              19.1255246
            ],
            [
              72.8926429,
              19.1253573
            ],
            [
              72.8930653,
              19.1252147
            ]
          ]
        ]
      },
      "id": "way/177566550"
    },
    {
      "type": "Feature",
      "properties": {
        "@id": "way/179915834",
        "landuse": "industrial",
        "name": "MTNL Telephone Exchange Mankhurd"
      },
      "geometry": {
        "type": "Polygon",
        "coordinates": [
          [
            [
              72.9225572,
              19.0486713
            ],
            [
              72.9231961,
              19.0482504
            ],
            [
              72.9235871,
              19.0488031
            ],
            [
              72.9228898,
              19.0492189
            ],
            [
              72.9225572,
              19.0486713
            ]
          ]
        ]
      },
      "id": "way/179915834"
    },
    {
      "type": "Feature",
      "properties": {
        "@id": "way/188863279",
        "designation": "Fertilizer and Chemical Factory",
        "landuse": "industrial",
        "name": "Rashtriya Chemicals & Fertilizers"
      },
      "geometry": {
        "type": "Polygon",
        "coordinates": [
          [
            [
              72.8888527,
              19.0335657
            ],
            [
              72.8892027,
              19.0337465
            ],
            [
              72.8921916,
              19.0352351
            ],
            [
              72.8917834,
              19.0359977
            ],
            [
              72.8901917,
              19.0388828
            ],
            [
              72.890294,
              19.0389341
            ],
            [
              72.8910271,
              19.0393015
            ],
            [
              72.8907716,
              19.0395797
            ],
            [
              72.8880288,
              19.0448058
            ],
            [
              72.8874005,
              19.0461774
            ],
            [
              72.8869824,
              19.0469268
            ],
            [
              72.8860489,
              19.0480214
            ],
            [
              72.8861902,
              19.0481923
            ],
            [
              72.8840578,
              19.0505004
            ],
            [
              72.8826231,
              19.0518792
            ],
            [
              72.8820684,
              19.0529606
            ],
            [
              72.8820105,
              19.0528861
            ],
            [
              72.8817041,
              19.0524924
            ],
            [
              72.8803129,
              19.0507042
            ],
            [
              72.8805407,
              19.0505989
            ],
            [
              72.8801409,
              19.0499247
            ],
            [
              72.8799776,
              19.0491396
            ],
            [
              72.8798719,
              19.0483825
            ],
            [
              72.8798962,
              19.0481082
            ],
            [
              72.8799349,
              19.0478734
            ],
            [
              72.8800081,
              19.0476178
            ],
            [
              72.8801341,
              19.0473392
            ],
            [
              72.8802236,
              19.0471605
            ],
            [
              72.8802927,
              19.0468588
            ],
            [
              72.880439,
              19.0460441
            ],
            [
              72.8803028,
              19.0459346
            ],
            [
              72.8803496,
              19.0455196
            ],
            [
              72.8805163,
              19.0455196
            ],
            [
              72.8806464,
              19.0444705
            ],
            [
              72.8808253,
              19.0433541
            ],
            [
              72.8811281,
              19.0426431
            ],
            [
              72.8812045,
              19.0424294
            ],
            [
              72.8819155,
              19.0410121
            ],
            [
              72.8821629,
              19.0404352
            ],
            [
              72.8830785,
              19.03877
            ],
            [
              72.8822591,
              19.0385877
            ],
            [
              72.8814207,
              19.0383605
            ],
            [
              72.8814458,
              19.0382682
            ],
            [
              72.8816402,
              19.0375531
            ],
            [
              72.8817232,
              19.0373233
            ],
            [
              72.8816817,
              19.0368747
            ],
            [
              72.8815927,
              19.0367009
            ],
            [
              72.8813377,
              19.0353441
            ],
            [
              72.881789,
              19.0308344
            ],
            [
              72.8819039,
              19.0296752
            ],
            [
              72.882122,
              19.0275073
            ],
            [
              72.8876683,
              19.0295531
            ],
            [
              72.8872493,
              19.0303453
            ],
            [
              72.8870982,
              19.0307782
            ],
            [
              72.8870636,
              19.0314724
            ],
            [
              72.8871543,
              19.0319379
            ],
            [
              72.8873962,
              19.0324851
            ],
            [
              72.887684,
              19.0328552
            ],
            [
              72.8880582,
              19.0331791
            ],
            [
              72.8888527,
              19.0335657
            ]
          ]
        ]
      },
      "id": "way/188863279"
    },
    {
      "type": "Feature",
      "properties": {
        "@id": "way/193632140",
        "landuse": "industrial",
        "name": "Yash Raj Studios"
      },
      "geometry": {
        "type": "Polygon",
        "coordinates": [
          [
            [
              72.8332159,
              19.1352447
            ],
            [
              72.8331477,
              19.1345012
            ],
            [
              72.8344927,
              19.1343886
            ],
            [
              72.834555,
              19.1355618
            ],
            [
              72.8332159,
              19.1352447
            ]
          ]
        ]
      },
      "id": "way/193632140"
    },
    {
      "type": "Feature",
      "properties": {
        "@id": "way/202093005",
        "depot": "bus",
        "industrial": "depot",
        "landuse": "industrial",
        "name": "Gaondevi Bus Depot",
        "operator": "Thane Municipal Transport"
      },
      "geometry": {
        "type": "Polygon",
        "coordinates": [
          [
            [
              72.9747969,
              19.1893303
            ],
            [
              72.9749431,
              19.1890613
            ],
            [
              72.974972,
              19.1890371
            ],
            [
              72.9750927,
              19.1891298
            ],
            [
              72.9752963,
              19.1892293
            ],
            [
              72.9751501,
              19.1894984
            ],
            [
              72.9747969,
              19.1893303
            ]
          ]
        ]
      },
      "id": "way/202093005"
    },
    {
      "type": "Feature",
      "properties": {
        "@id": "way/204767819",
        "landuse": "industrial"
      },
      "geometry": {
        "type": "Polygon",
        "coordinates": [
          [
            [
              72.7939188,
              19.1414105
            ],
            [
              72.7939617,
              19.1412636
            ],
            [
              72.7941307,
              19.141294
            ],
            [
              72.7942031,
              19.1410938
            ],
            [
              72.7944603,
              19.1411851
            ],
            [
              72.7946534,
              19.1412586
            ],
            [
              72.7946856,
              19.141289
            ],
            [
              72.7954155,
              19.141446
            ],
            [
              72.7957746,
              19.1415627
            ],
            [
              72.7959919,
              19.1415956
            ],
            [
              72.7959331,
              19.1418388
            ],
            [
              72.7946752,
              19.141555
            ],
            [
              72.7946162,
              19.1415423
            ],
            [
              72.7945732,
              19.1415676
            ],
            [
              72.7939188,
              19.1414105
            ]
          ]
        ]
      },
      "id": "way/204767819"
    },
    {
      "type": "Feature",
      "properties": {
        "@id": "way/204927507",
        "landuse": "industrial"
      },
      "geometry": {
        "type": "Polygon",
        "coordinates": [
          [
            [
              72.796094,
              19.141892
            ],
            [
              72.7959331,
              19.1418388
            ],
            [
              72.7959919,
              19.1415956
            ],
            [
              72.7960677,
              19.141573
            ],
            [
              72.7963789,
              19.1415958
            ],
            [
              72.7966981,
              19.1417478
            ],
            [
              72.7971084,
              19.1419252
            ],
            [
              72.7975,
              19.1421228
            ],
            [
              72.7978053,
              19.1422315
            ],
            [
              72.7980901,
              19.1423382
            ],
            [
              72.7981593,
              19.1423937
            ],
            [
              72.7983718,
              19.1424826
            ],
            [
              72.7984844,
              19.1425232
            ],
            [
              72.7986233,
              19.1426217
            ],
            [
              72.7988004,
              19.1427687
            ],
            [
              72.7989296,
              19.1428348
            ],
            [
              72.7991383,
              19.1428954
            ],
            [
              72.7991142,
              19.1431741
            ],
            [
              72.7989082,
              19.1430908
            ],
            [
              72.7984978,
              19.1428678
            ],
            [
              72.7980547,
              19.1427054
            ],
            [
              72.7978643,
              19.1426496
            ],
            [
              72.7974062,
              19.1424548
            ],
            [
              72.7971567,
              19.1422951
            ],
            [
              72.7968,
              19.1420772
            ],
            [
              72.7966197,
              19.1420085
            ],
            [
              72.7963494,
              19.141948
            ],
            [
              72.796094,
              19.141892
            ]
          ]
        ]
      },
      "id": "way/204927507"
    },
    {
      "type": "Feature",
      "properties": {
        "@id": "way/206352352",
        "industrial": "manufacturing",
        "landuse": "industrial",
        "name": "L & T"
      },
      "geometry": {
        "type": "Polygon",
        "coordinates": [
          [
            [
              72.8779466,
              19.0317878
            ],
            [
              72.873803,
              19.0326041
            ],
            [
              72.8738725,
              19.0316183
            ],
            [
              72.8739229,
              19.0309035
            ],
            [
              72.8743427,
              19.0302629
            ],
            [
              72.8749843,
              19.0304613
            ],
            [
              72.8775688,
              19.0302516
            ],
            [
              72.8779466,
              19.0317878
            ]
          ]
        ]
      },
      "id": "way/206352352"
    },
    {
      "type": "Feature",
      "properties": {
        "@id": "way/207612930",
        "landuse": "industrial",
        "name": "MAK Company"
      },
      "geometry": {
        "type": "Polygon",
        "coordinates": [
          [
            [
              73.0220835,
              19.1806917
            ],
            [
              73.0221002,
              19.181887
            ],
            [
              73.0216978,
              19.1818794
            ],
            [
              73.0216946,
              19.1815125
            ],
            [
              73.0217059,
              19.1806913
            ],
            [
              73.0220835,
              19.1806917
            ]
          ]
        ]
      },
      "id": "way/207612930"
    },
    {
      "type": "Feature",
      "properties": {
        "@id": "way/208706074",
        "landuse": "industrial",
        "name": "Chitrakoot"
      },
      "geometry": {
        "type": "Polygon",
        "coordinates": [
          [
            [
              72.8317485,
              19.1322958
            ],
            [
              72.8318075,
              19.1322553
            ],
            [
              72.8319041,
              19.1322096
            ],
            [
              72.8336046,
              19.1320728
            ],
            [
              72.8338568,
              19.1343534
            ],
            [
              72.8320921,
              19.1344928
            ],
            [
              72.8317698,
              19.1324322
            ],
            [
              72.8317485,
              19.1322958
            ]
          ]
        ]
      },
      "id": "way/208706074"
    },
    {
      "type": "Feature",
      "properties": {
        "@id": "way/214086000",
        "landuse": "industrial"
      },
      "geometry": {
        "type": "Polygon",
        "coordinates": [
          [
            [
              72.938397,
              19.1553547
            ],
            [
              72.9384738,
              19.1556175
            ],
            [
              72.9389513,
              19.1553869
            ],
            [
              72.9394796,
              19.1548929
            ],
            [
              72.9399517,
              19.1546775
            ],
            [
              72.939949,
              19.1556884
            ],
            [
              72.9396406,
              19.1558075
            ],
            [
              72.9386803,
              19.1562484
            ],
            [
              72.9383397,
              19.1560837
            ],
            [
              72.9376745,
              19.1562408
            ],
            [
              72.9376316,
              19.1557518
            ],
            [
              72.9380554,
              19.155734
            ],
            [
              72.9380447,
              19.1554756
            ],
            [
              72.9376236,
              19.1554047
            ],
            [
              72.9376215,
              19.1552626
            ],
            [
              72.938397,
              19.1553547
            ]
          ]
        ]
      },
      "id": "way/214086000"
    },
    {
      "type": "Feature",
      "properties": {
        "@id": "way/220302515",
        "landuse": "industrial"
      },
      "geometry": {
        "type": "Polygon",
        "coordinates": [
          [
            [
              72.8456891,
              19.033786
            ],
            [
              72.8460189,
              19.0336726
            ],
            [
              72.8462973,
              19.0343811
            ],
            [
              72.8465778,
              19.0344905
            ],
            [
              72.8467256,
              19.0349014
            ],
            [
              72.8461474,
              19.0349641
            ],
            [
              72.8459461,
              19.0345471
            ],
            [
              72.8458711,
              19.0345552
            ],
            [
              72.8456891,
              19.033786
            ]
          ]
        ]
      },
      "id": "way/220302515"
    },
    {
      "type": "Feature",
      "properties": {
        "@id": "way/220843435",
        "landuse": "industrial",
        "name": "Worli Dairy"
      },
      "geometry": {
        "type": "Polygon",
        "coordinates": [
          [
            [
              72.8122196,
              18.9971196
            ],
            [
              72.8129303,
              18.9975127
            ],
            [
              72.8132898,
              18.9974924
            ],
            [
              72.813562,
              18.9979844
            ],
            [
              72.8136009,
              18.9982786
            ],
            [
              72.8135902,
              18.998498
            ],
            [
              72.8135356,
              18.9987156
            ],
            [
              72.8134346,
              18.9988772
            ],
            [
              72.8133828,
              18.9990436
            ],
            [
              72.8133207,
              18.9993202
            ],
            [
              72.8133207,
              18.9995405
            ],
            [
              72.8133544,
              19.0002504
            ],
            [
              72.8125855,
              19.0002479
            ],
            [
              72.8125829,
              19.0001353
            ],
            [
              72.8121816,
              19.0001329
            ],
            [
              72.8121505,
              19.0000619
            ],
            [
              72.8116794,
              19.000057
            ],
            [
              72.8116975,
              18.998675
            ],
            [
              72.8117001,
              18.9984733
            ],
            [
              72.8117622,
              18.9980522
            ],
            [
              72.8118865,
              18.9976753
            ],
            [
              72.8120444,
              18.9974305
            ],
            [
              72.8122196,
              18.9971196
            ]
          ]
        ]
      },
      "id": "way/220843435"
    },
    {
      "type": "Feature",
      "properties": {
        "@id": "way/222972350",
        "depot": "bus",
        "industrial": "depot",
        "landuse": "industrial",
        "name": "Shivaji Nagar BEST Bus Depot",
        "operator": "BEST"
      },
      "geometry": {
        "type": "Polygon",
        "coordinates": [
          [
            [
              72.9286493,
              19.0659359
            ],
            [
              72.9289243,
              19.0664794
            ],
            [
              72.9294142,
              19.0673854
            ],
            [
              72.9305298,
              19.0668684
            ],
            [
              72.9306924,
              19.0671875
            ],
            [
              72.9295914,
              19.067714
            ],
            [
              72.9286171,
              19.0682206
            ],
            [
              72.9276352,
              19.0663878
            ],
            [
              72.9285545,
              19.065974
            ],
            [
              72.9286493,
              19.0659359
            ]
          ]
        ]
      },
      "id": "way/222972350"
    },
    {
      "type": "Feature",
      "properties": {
        "@id": "way/223308803",
        "landuse": "industrial",
        "name": "Bombay Textile Research Association",
        "website": "https://www.btraindia.com/"
      },
      "geometry": {
        "type": "Polygon",
        "coordinates": [
          [
            [
              72.9154124,
              19.0968911
            ],
            [
              72.9164155,
              19.0981533
            ],
            [
              72.9142859,
              19.099816
            ],
            [
              72.9133256,
              19.1003432
            ],
            [
              72.9126229,
              19.0990049
            ],
            [
              72.9122474,
              19.0983662
            ],
            [
              72.9154124,
              19.0968911
            ]
          ]
        ]
      },
      "id": "way/223308803"
    },
    {
      "type": "Feature",
      "properties": {
        "@id": "way/227896403",
        "landuse": "industrial"
      },
      "geometry": {
        "type": "Polygon",
        "coordinates": [
          [
            [
              72.8366519,
              19.1342588
            ],
            [
              72.8367296,
              19.1349767
            ],
            [
              72.837063,
              19.1349501
            ],
            [
              72.8360993,
              19.1358278
            ],
            [
              72.8358927,
              19.1358611
            ],
            [
              72.834555,
              19.1355618
            ],
            [
              72.8344927,
              19.1343886
            ],
            [
              72.835259,
              19.1343374
            ],
            [
              72.8355028,
              19.1343242
            ],
            [
              72.8358779,
              19.134304
            ],
            [
              72.8366519,
              19.1342588
            ]
          ]
        ]
      },
      "id": "way/227896403"
    },
    {
      "type": "Feature",
      "properties": {
        "@id": "way/235946195",
        "landuse": "industrial"
      },
      "geometry": {
        "type": "Polygon",
        "coordinates": [
          [
            [
              72.9551222,
              19.1872209
            ],
            [
              72.9553952,
              19.1899545
            ],
            [
              72.955344,
              19.1907171
            ],
            [
              72.9550597,
              19.1915334
            ],
            [
              72.954474,
              19.1909104
            ],
            [
              72.9536949,
              19.1905184
            ],
            [
              72.953604,
              19.1893208
            ],
            [
              72.9538883,
              19.1892886
            ],
            [
              72.95382,
              19.188918
            ],
            [
              72.9528818,
              19.1889932
            ],
            [
              72.9528591,
              19.1886871
            ],
            [
              72.953604,
              19.1886119
            ],
            [
              72.9534959,
              19.1873069
            ],
            [
              72.9551222,
              19.1872209
            ]
          ]
        ]
      },
      "id": "way/235946195"
    },
    {
      "type": "Feature",
      "properties": {
        "@id": "way/235979103",
        "landuse": "industrial"
      },
      "geometry": {
        "type": "Polygon",
        "coordinates": [
          [
            [
              73.0319514,
              19.0457008
            ],
            [
              73.0318201,
              19.0453395
            ],
            [
              73.0317262,
              19.0452381
            ],
            [
              73.0299061,
              19.0437914
            ],
            [
              73.0288723,
              19.0429081
            ],
            [
              73.0289286,
              19.0426064
            ],
            [
              73.0318361,
              19.0429347
            ],
            [
              73.0314486,
              19.043334
            ],
            [
              73.0313869,
              19.0434152
            ],
            [
              73.0318241,
              19.0438373
            ],
            [
              73.0319689,
              19.0438411
            ],
            [
              73.0321138,
              19.0440325
            ],
            [
              73.0318737,
              19.0442874
            ],
            [
              73.0319971,
              19.0443938
            ],
            [
              73.0318469,
              19.0446296
            ],
            [
              73.0320802,
              19.0452686
            ],
            [
              73.0324155,
              19.04519
            ],
            [
              73.0325584,
              19.045572
            ],
            [
              73.0325657,
              19.0458162
            ],
            [
              73.0329412,
              19.0472309
            ],
            [
              73.0325228,
              19.0473501
            ],
            [
              73.0319514,
              19.0457008
            ]
          ]
        ]
      },
      "id": "way/235979103"
    },
    {
      "type": "Feature",
      "properties": {
        "@id": "way/235979104",
        "landuse": "industrial"
      },
      "geometry": {
        "type": "Polygon",
        "coordinates": [
          [
            [
              73.0278132,
              19.0487812
            ],
            [
              73.0273843,
              19.0487655
            ],
            [
              73.0268857,
              19.0483402
            ],
            [
              73.0252384,
              19.0470012
            ],
            [
              73.0287504,
              19.0430638
            ],
            [
              73.0309685,
              19.0448842
            ],
            [
              73.0316492,
              19.0454528
            ],
            [
              73.0323489,
              19.0473218
            ],
            [
              73.0324544,
              19.0476116
            ],
            [
              73.0323416,
              19.0483708
            ],
            [
              73.0323089,
              19.048996
            ],
            [
              73.0301791,
              19.0488942
            ],
            [
              73.0278132,
              19.0487812
            ]
          ]
        ]
      },
      "id": "way/235979104"
    },
    {
      "type": "Feature",
      "properties": {
        "@id": "way/235979107",
        "landuse": "industrial"
      },
      "geometry": {
        "type": "Polygon",
        "coordinates": [
          [
            [
              73.0238079,
              19.0505785
            ],
            [
              73.0238139,
              19.0504844
            ],
            [
              73.0238529,
              19.049878
            ],
            [
              73.0238878,
              19.0494126
            ],
            [
              73.0250833,
              19.0492157
            ],
            [
              73.0250951,
              19.0486519
            ],
            [
              73.0243196,
              19.0480178
            ],
            [
              73.025117,
              19.0471365
            ],
            [
              73.0268107,
              19.0485098
            ],
            [
              73.0273843,
              19.0487655
            ],
            [
              73.0278132,
              19.0487812
            ],
            [
              73.0277402,
              19.050643
            ],
            [
              73.0238079,
              19.0505785
            ]
          ]
        ]
      },
      "id": "way/235979107"
    },
    {
      "type": "Feature",
      "properties": {
        "@id": "way/235980022",
        "landuse": "industrial"
      },
      "geometry": {
        "type": "Polygon",
        "coordinates": [
          [
            [
              73.0314587,
              19.0661921
            ],
            [
              73.031723,
              19.0664581
            ],
            [
              73.0323804,
              19.0672838
            ],
            [
              73.0325301,
              19.0688645
            ],
            [
              73.0333123,
              19.0718999
            ],
            [
              73.0339982,
              19.0718919
            ],
            [
              73.0343101,
              19.0757074
            ],
            [
              73.0338914,
              19.0775485
            ],
            [
              73.0305506,
              19.0772336
            ],
            [
              73.0297047,
              19.0771044
            ],
            [
              73.0314587,
              19.0661921
            ]
          ]
        ]
      },
      "id": "way/235980022"
    },
    {
      "type": "Feature",
      "properties": {
        "@id": "way/235980023",
        "landuse": "industrial"
      },
      "geometry": {
        "type": "Polygon",
        "coordinates": [
          [
            [
              73.0256246,
              19.0540029
            ],
            [
              73.0322278,
              19.0540744
            ],
            [
              73.0321563,
              19.0546701
            ],
            [
              73.0308935,
              19.0611938
            ],
            [
              73.0307574,
              19.0617839
            ],
            [
              73.0306245,
              19.0620378
            ],
            [
              73.0302793,
              19.0623552
            ],
            [
              73.0295322,
              19.0629197
            ],
            [
              73.0224257,
              19.062732
            ],
            [
              73.0219234,
              19.0627187
            ],
            [
              73.0196189,
              19.0626578
            ],
            [
              73.0196332,
              19.0607344
            ],
            [
              73.019792,
              19.0607344
            ],
            [
              73.019801,
              19.0602045
            ],
            [
              73.0198169,
              19.059271
            ],
            [
              73.0199092,
              19.0538464
            ],
            [
              73.0220358,
              19.0538858
            ],
            [
              73.0219549,
              19.0568295
            ],
            [
              73.0247712,
              19.0569005
            ],
            [
              73.0255759,
              19.0569056
            ],
            [
              73.0256246,
              19.0540029
            ]
          ]
        ]
      },
      "id": "way/235980023"
    },
    {
      "type": "Feature",
      "properties": {
        "@id": "way/235980024",
        "landuse": "industrial"
      },
      "geometry": {
        "type": "Polygon",
        "coordinates": [
          [
            [
              73.0284101,
              19.0643445
            ],
            [
              73.0294346,
              19.0632032
            ],
            [
              73.030414,
              19.0624419
            ],
            [
              73.0307741,
              19.0621289
            ],
            [
              73.0309384,
              19.0618601
            ],
            [
              73.0311068,
              19.0612541
            ],
            [
              73.0322579,
              19.0553761
            ],
            [
              73.0335589,
              19.0561395
            ],
            [
              73.03286,
              19.061157
            ],
            [
              73.033301,
              19.061676
            ],
            [
              73.0329432,
              19.063941
            ],
            [
              73.0326187,
              19.0668428
            ],
            [
              73.0324273,
              19.0667563
            ],
            [
              73.0315038,
              19.0656318
            ],
            [
              73.0306467,
              19.065561
            ],
            [
              73.030472,
              19.0654981
            ],
            [
              73.0300981,
              19.0650967
            ],
            [
              73.0294319,
              19.0647667
            ],
            [
              73.0288393,
              19.0646866
            ],
            [
              73.0284101,
              19.0643445
            ]
          ]
        ]
      },
      "id": "way/235980024"
    },
    {
      "type": "Feature",
      "properties": {
        "@id": "way/235980025",
        "landuse": "industrial"
      },
      "geometry": {
        "type": "Polygon",
        "coordinates": [
          [
            [
              73.0228862,
              19.0647885
            ],
            [
              73.0252996,
              19.0648161
            ],
            [
              73.0267841,
              19.0648331
            ],
            [
              73.0267717,
              19.0659795
            ],
            [
              73.0267191,
              19.0707114
            ],
            [
              73.0240663,
              19.0707328
            ],
            [
              73.0233579,
              19.0705577
            ],
            [
              73.0233675,
              19.0697944
            ],
            [
              73.0233858,
              19.0673546
            ],
            [
              73.0228635,
              19.0673551
            ],
            [
              73.0228862,
              19.0647885
            ]
          ]
        ]
      },
      "id": "way/235980025"
    },
    {
      "type": "Feature",
      "properties": {
        "@id": "way/235980026",
        "landuse": "industrial"
      },
      "geometry": {
        "type": "Polygon",
        "coordinates": [
          [
            [
              73.0196128,
              19.0628031
            ],
            [
              73.0253148,
              19.0629564
            ],
            [
              73.0291292,
              19.0630589
            ],
            [
              73.0291998,
              19.063209
            ],
            [
              73.0276511,
              19.0649761
            ],
            [
              73.0267717,
              19.0659795
            ],
            [
              73.0267841,
              19.0648331
            ],
            [
              73.0252996,
              19.0648161
            ],
            [
              73.0228862,
              19.0647885
            ],
            [
              73.0203494,
              19.0647594
            ],
            [
              73.019957,
              19.0647549
            ],
            [
              73.0198158,
              19.064549
            ],
            [
              73.0197392,
              19.0643489
            ],
            [
              73.0196831,
              19.0640041
            ],
            [
              73.019643,
              19.0636542
            ],
            [
              73.0196172,
              19.0633351
            ],
            [
              73.0196128,
              19.0628031
            ]
          ]
        ]
      },
      "id": "way/235980026"
    },
    {
      "type": "Feature",
      "properties": {
        "@id": "way/235980028",
        "landuse": "industrial"
      },
      "geometry": {
        "type": "Polygon",
        "coordinates": [
          [
            [
              73.0312342,
              19.0659767
            ],
            [
              73.0308894,
              19.0683443
            ],
            [
              73.0287681,
              19.0680556
            ],
            [
              73.0284068,
              19.0675155
            ],
            [
              73.0269752,
              19.0673947
            ],
            [
              73.0269602,
              19.0659961
            ],
            [
              73.028037,
              19.0647279
            ],
            [
              73.0286111,
              19.0651526
            ],
            [
              73.0302004,
              19.0654121
            ],
            [
              73.0304084,
              19.0656952
            ],
            [
              73.0310824,
              19.0658132
            ],
            [
              73.0312342,
              19.0659767
            ]
          ]
        ]
      },
      "id": "way/235980028"
    },
    {
      "type": "Feature",
      "properties": {
        "@id": "way/235982901",
        "landuse": "industrial"
      },
      "geometry": {
        "type": "Polygon",
        "coordinates": [
          [
            [
              73.0209883,
              19.0919714
            ],
            [
              73.021909,
              19.0912264
            ],
            [
              73.0225846,
              19.0910523
            ],
            [
              73.0231461,
              19.091301
            ],
            [
              73.0237076,
              19.0912181
            ],
            [
              73.0241288,
              19.0906045
            ],
            [
              73.0251115,
              19.0907704
            ],
            [
              73.0259099,
              19.0910606
            ],
            [
              73.0263047,
              19.0916907
            ],
            [
              73.0268575,
              19.0915995
            ],
            [
              73.0260503,
              19.0965825
            ],
            [
              73.0222687,
              19.0959607
            ],
            [
              73.0224091,
              19.0951233
            ],
            [
              73.0224769,
              19.0947412
            ],
            [
              73.0225541,
              19.0943034
            ],
            [
              73.0227629,
              19.0931948
            ],
            [
              73.0224024,
              19.0933839
            ],
            [
              73.0222138,
              19.0930357
            ],
            [
              73.021797,
              19.0932885
            ],
            [
              73.0213583,
              19.0925962
            ],
            [
              73.0209883,
              19.0919714
            ]
          ]
        ]
      },
      "id": "way/235982901"
    },
    {
      "type": "Feature",
      "properties": {
        "@id": "way/235982905",
        "landuse": "industrial"
      },
      "geometry": {
        "type": "Polygon",
        "coordinates": [
          [
            [
              73.0209742,
              19.0931617
            ],
            [
              73.0200246,
              19.095882
            ],
            [
              73.0182989,
              19.0953764
            ],
            [
              73.0187586,
              19.0940803
            ],
            [
              73.0181331,
              19.0938667
            ],
            [
              73.0187942,
              19.0922877
            ],
            [
              73.0197418,
              19.0922048
            ],
            [
              73.0203985,
              19.0924121
            ],
            [
              73.0202356,
              19.0929409
            ],
            [
              73.0209742,
              19.0931617
            ]
          ]
        ]
      },
      "id": "way/235982905"
    },
    {
      "type": "Feature",
      "properties": {
        "@id": "way/235983876",
        "landuse": "industrial"
      },
      "geometry": {
        "type": "Polygon",
        "coordinates": [
          [
            [
              73.0278966,
              19.0737516
            ],
            [
              73.0281514,
              19.0738058
            ],
            [
              73.0280177,
              19.075564
            ],
            [
              73.0282789,
              19.0755941
            ],
            [
              73.0284318,
              19.0765936
            ],
            [
              73.0286117,
              19.0766317
            ],
            [
              73.028591,
              19.0770512
            ],
            [
              73.02847,
              19.0782253
            ],
            [
              73.0291899,
              19.0783096
            ],
            [
              73.0288522,
              19.0806517
            ],
            [
              73.0287312,
              19.0808865
            ],
            [
              73.0271504,
              19.0807509
            ],
            [
              73.0278966,
              19.0737516
            ]
          ]
        ]
      },
      "id": "way/235983876"
    },
    {
      "type": "Feature",
      "properties": {
        "@id": "way/235983878",
        "landuse": "industrial"
      },
      "geometry": {
        "type": "Polygon",
        "coordinates": [
          [
            [
              73.0185559,
              19.0763272
            ],
            [
              73.0186625,
              19.0755448
            ],
            [
              73.0187502,
              19.0749009
            ],
            [
              73.0190859,
              19.0731254
            ],
            [
              73.0191002,
              19.0730499
            ],
            [
              73.0193584,
              19.0718882
            ],
            [
              73.01939,
              19.0713293
            ],
            [
              73.019436,
              19.0705157
            ],
            [
              73.0207646,
              19.0705044
            ],
            [
              73.0207745,
              19.0713412
            ],
            [
              73.0207815,
              19.0719293
            ],
            [
              73.0207961,
              19.0731587
            ],
            [
              73.0225091,
              19.0732332
            ],
            [
              73.0225463,
              19.0733917
            ],
            [
              73.022526,
              19.0750831
            ],
            [
              73.022544,
              19.0759687
            ],
            [
              73.0215527,
              19.0759216
            ],
            [
              73.0215269,
              19.0764629
            ],
            [
              73.0185559,
              19.0763272
            ]
          ]
        ]
      },
      "id": "way/235983878"
    },
    {
      "type": "Feature",
      "properties": {
        "@id": "way/235983883",
        "landuse": "industrial"
      },
      "geometry": {
        "type": "Polygon",
        "coordinates": [
          [
            [
              73.0289733,
              19.0709597
            ],
            [
              73.0300612,
              19.0709549
            ],
            [
              73.0304103,
              19.07107
            ],
            [
              73.0304644,
              19.0712999
            ],
            [
              73.0294256,
              19.0771174
            ],
            [
              73.028591,
              19.0770512
            ],
            [
              73.0286117,
              19.0766317
            ],
            [
              73.0287873,
              19.0766398
            ],
            [
              73.0288841,
              19.0743658
            ],
            [
              73.0291708,
              19.0744501
            ],
            [
              73.0293747,
              19.0726618
            ],
            [
              73.029381,
              19.0721018
            ],
            [
              73.0290689,
              19.0712529
            ],
            [
              73.0289733,
              19.0709597
            ]
          ]
        ]
      },
      "id": "way/235983883"
    },
    {
      "type": "Feature",
      "properties": {
        "@id": "way/235983885",
        "landuse": "industrial"
      },
      "geometry": {
        "type": "Polygon",
        "coordinates": [
          [
            [
              73.0275788,
              19.0709338
            ],
            [
              73.0276058,
              19.0722281
            ],
            [
              73.0271121,
              19.0769502
            ],
            [
              73.0267011,
              19.0806832
            ],
            [
              73.0266284,
              19.08161
            ],
            [
              73.0266581,
              19.0822877
            ],
            [
              73.0268202,
              19.0830591
            ],
            [
              73.0277389,
              19.0855522
            ],
            [
              73.0278744,
              19.0861086
            ],
            [
              73.0188793,
              19.0850647
            ],
            [
              73.0173734,
              19.0848936
            ],
            [
              73.0172774,
              19.0839091
            ],
            [
              73.017291,
              19.0834304
            ],
            [
              73.0173784,
              19.0826351
            ],
            [
              73.0206237,
              19.0829999
            ],
            [
              73.0229143,
              19.0834718
            ],
            [
              73.0230128,
              19.0832023
            ],
            [
              73.0232334,
              19.0832761
            ],
            [
              73.023325,
              19.0830419
            ],
            [
              73.0236373,
              19.0823266
            ],
            [
              73.0236916,
              19.0820763
            ],
            [
              73.0242333,
              19.08078
            ],
            [
              73.0240004,
              19.0806779
            ],
            [
              73.0246244,
              19.0794568
            ],
            [
              73.0247851,
              19.0795279
            ],
            [
              73.025136,
              19.0785239
            ],
            [
              73.0235688,
              19.0780771
            ],
            [
              73.0233954,
              19.0786117
            ],
            [
              73.0232537,
              19.0787218
            ],
            [
              73.022248,
              19.0788269
            ],
            [
              73.0216388,
              19.0787591
            ],
            [
              73.0219161,
              19.0775841
            ],
            [
              73.022718,
              19.0765195
            ],
            [
              73.0247853,
              19.076718
            ],
            [
              73.0247058,
              19.0746779
            ],
            [
              73.0246621,
              19.0735564
            ],
            [
              73.0245548,
              19.0734926
            ],
            [
              73.0244505,
              19.0734305
            ],
            [
              73.0238936,
              19.0720208
            ],
            [
              73.0234472,
              19.0708908
            ],
            [
              73.0239497,
              19.0709948
            ],
            [
              73.0266056,
              19.0709569
            ],
            [
              73.0275788,
              19.0709338
            ]
          ]
        ]
      },
      "id": "way/235983885"
    },
    {
      "type": "Feature",
      "properties": {
        "@id": "way/235985392",
        "landuse": "industrial"
      },
      "geometry": {
        "type": "Polygon",
        "coordinates": [
          [
            [
              73.0151282,
              19.0982196
            ],
            [
              73.0164434,
              19.0966765
            ],
            [
              73.0167614,
              19.0962354
            ],
            [
              73.0172022,
              19.0952241
            ],
            [
              73.0199364,
              19.0960532
            ],
            [
              73.0195158,
              19.0973422
            ],
            [
              73.0191312,
              19.0972116
            ],
            [
              73.0188007,
              19.0982337
            ],
            [
              73.0194197,
              19.0983587
            ],
            [
              73.0192722,
              19.0994843
            ],
            [
              73.0151282,
              19.0982196
            ]
          ]
        ]
      },
      "id": "way/235985392"
    },
    {
      "type": "Feature",
      "properties": {
        "@id": "way/235985394",
        "landuse": "industrial"
      },
      "geometry": {
        "type": "Polygon",
        "coordinates": [
          [
            [
              73.0184895,
              19.099478
            ],
            [
              73.0181395,
              19.1001047
            ],
            [
              73.0178993,
              19.1014875
            ],
            [
              73.0173945,
              19.1026345
            ],
            [
              73.0181757,
              19.1029525
            ],
            [
              73.0178152,
              19.1043266
            ],
            [
              73.0175688,
              19.1053773
            ],
            [
              73.0146618,
              19.1041864
            ],
            [
              73.0125214,
              19.1033683
            ],
            [
              73.0128325,
              19.1023537
            ],
            [
              73.0134846,
              19.1014461
            ],
            [
              73.0145239,
              19.099372
            ],
            [
              73.0150583,
              19.0984075
            ],
            [
              73.0184895,
              19.099478
            ]
          ]
        ]
      },
      "id": "way/235985394"
    },
    {
      "type": "Feature",
      "properties": {
        "@id": "way/235985397",
        "landuse": "industrial"
      },
      "geometry": {
        "type": "Polygon",
        "coordinates": [
          [
            [
              73.0202759,
              19.1147749
            ],
            [
              73.0204544,
              19.1143413
            ],
            [
              73.0215389,
              19.1137255
            ],
            [
              73.0254488,
              19.1128435
            ],
            [
              73.0259358,
              19.1146705
            ],
            [
              73.0291431,
              19.1139043
            ],
            [
              73.0296379,
              19.1156969
            ],
            [
              73.028375,
              19.1159985
            ],
            [
              73.0286508,
              19.1170152
            ],
            [
              73.0293436,
              19.1169751
            ],
            [
              73.0295391,
              19.1177058
            ],
            [
              73.0298873,
              19.1176224
            ],
            [
              73.0299585,
              19.1178876
            ],
            [
              73.0304324,
              19.1177692
            ],
            [
              73.0313064,
              19.1213695
            ],
            [
              73.0311675,
              19.1218283
            ],
            [
              73.0308648,
              19.1220979
            ],
            [
              73.0304824,
              19.1222103
            ],
            [
              73.0294456,
              19.121849
            ],
            [
              73.0289187,
              19.1214154
            ],
            [
              73.027559,
              19.1198738
            ],
            [
              73.0264542,
              19.1200825
            ],
            [
              73.0255364,
              19.1206687
            ],
            [
              73.0248735,
              19.120757
            ],
            [
              73.0236328,
              19.1203395
            ],
            [
              73.0223554,
              19.1194261
            ],
            [
              73.0217498,
              19.1177635
            ],
            [
              73.0220224,
              19.116801
            ],
            [
              73.0215443,
              19.1149722
            ],
            [
              73.0202759,
              19.1147749
            ]
          ]
        ]
      },
      "id": "way/235985397"
    },
    {
      "type": "Feature",
      "properties": {
        "@id": "way/235985935",
        "landuse": "industrial"
      },
      "geometry": {
        "type": "Polygon",
        "coordinates": [
          [
            [
              73.0257181,
              19.1104824
            ],
            [
              73.0267748,
              19.1097867
            ],
            [
              73.0271274,
              19.1098188
            ],
            [
              73.0275745,
              19.1112101
            ],
            [
              73.0260227,
              19.1117277
            ],
            [
              73.0257181,
              19.1104824
            ]
          ]
        ]
      },
      "id": "way/235985935"
    },
    {
      "type": "Feature",
      "properties": {
        "@id": "way/235985936",
        "landuse": "industrial"
      },
      "geometry": {
        "type": "Polygon",
        "coordinates": [
          [
            [
              73.0209679,
              19.1029819
            ],
            [
              73.0217882,
              19.1032622
            ],
            [
              73.0219802,
              19.1028169
            ],
            [
              73.0240571,
              19.1036003
            ],
            [
              73.0228128,
              19.1068087
            ],
            [
              73.0201362,
              19.1060202
            ],
            [
              73.0206707,
              19.1044726
            ],
            [
              73.0203941,
              19.1042747
            ],
            [
              73.0209679,
              19.1029819
            ]
          ]
        ]
      },
      "id": "way/235985936"
    },
    {
      "type": "Feature",
      "properties": {
        "@id": "way/235985939",
        "landuse": "industrial"
      },
      "geometry": {
        "type": "Polygon",
        "coordinates": [
          [
            [
              73.0241152,
              19.0965315
            ],
            [
              73.02335,
              19.1002692
            ],
            [
              73.0233562,
              19.1008406
            ],
            [
              73.0230106,
              19.1018319
            ],
            [
              73.0214495,
              19.1014657
            ],
            [
              73.0210231,
              19.1001925
            ],
            [
              73.0206731,
              19.0991473
            ],
            [
              73.0203587,
              19.0982084
            ],
            [
              73.0203674,
              19.0968394
            ],
            [
              73.0205332,
              19.0962457
            ],
            [
              73.0222262,
              19.0963034
            ],
            [
              73.0241152,
              19.0965315
            ]
          ]
        ]
      },
      "id": "way/235985939"
    },
    {
      "type": "Feature",
      "properties": {
        "@id": "way/235986492",
        "landuse": "industrial"
      },
      "geometry": {
        "type": "Polygon",
        "coordinates": [
          [
            [
              73.0273359,
              19.08901
            ],
            [
              73.0254519,
              19.088769
            ],
            [
              73.0238918,
              19.0878207
            ],
            [
              73.0237413,
              19.0877292
            ],
            [
              73.0230857,
              19.0875013
            ],
            [
              73.0218196,
              19.0874159
            ],
            [
              73.019996,
              19.087601
            ],
            [
              73.0199206,
              19.0881636
            ],
            [
              73.0193554,
              19.088363
            ],
            [
              73.0180593,
              19.0890681
            ],
            [
              73.0178558,
              19.0891037
            ],
            [
              73.0175619,
              19.0863192
            ],
            [
              73.0179531,
              19.0862775
            ],
            [
              73.0179387,
              19.086134
            ],
            [
              73.0189485,
              19.0859132
            ],
            [
              73.0189259,
              19.0853933
            ],
            [
              73.0194232,
              19.0853649
            ],
            [
              73.0249171,
              19.0859977
            ],
            [
              73.0277676,
              19.086326
            ],
            [
              73.0273359,
              19.08901
            ]
          ]
        ]
      },
      "id": "way/235986492"
    },
    {
      "type": "Feature",
      "properties": {
        "@id": "way/236240448",
        "industrial": "depot",
        "landuse": "industrial",
        "name": "Worli BEST Bus Depot",
        "operator": "BEST"
      },
      "geometry": {
        "type": "Polygon",
        "coordinates": [
          [
            [
              72.8198585,
              19.014093
            ],
            [
              72.820221,
              19.0131452
            ],
            [
              72.8204459,
              19.0127693
            ],
            [
              72.8205072,
              19.0127928
            ],
            [
              72.8207721,
              19.0128946
            ],
            [
              72.8209208,
              19.0126776
            ],
            [
              72.8212237,
              19.0128783
            ],
            [
              72.8201696,
              19.0143872
            ],
            [
              72.8199309,
              19.0142731
            ],
            [
              72.8199819,
              19.0141311
            ],
            [
              72.8198585,
              19.014093
            ]
          ]
        ]
      },
      "id": "way/236240448"
    },
    {
      "type": "Feature",
      "properties": {
        "@id": "way/237027566",
        "landuse": "industrial",
        "name": "Mumbai Metro Casting Yard",
        "operator": "MMRCL",
        "product": "concrete"
      },
      "geometry": {
        "type": "Polygon",
        "coordinates": [
          [
            [
              72.8275555,
              19.0476735
            ],
            [
              72.8277314,
              19.047531
            ],
            [
              72.8280459,
              19.0473082
            ],
            [
              72.828409,
              19.0470258
            ],
            [
              72.8285543,
              19.0469621
            ],
            [
              72.8287496,
              19.0469043
            ],
            [
              72.8289341,
              19.046899
            ],
            [
              72.8291568,
              19.0469081
            ],
            [
              72.8294424,
              19.0469979
            ],
            [
              72.8297618,
              19.0471184
            ],
            [
              72.8301129,
              19.0473764
            ],
            [
              72.8320883,
              19.0493857
            ],
            [
              72.8324435,
              19.0497207
            ],
            [
              72.8331406,
              19.0500923
            ],
            [
              72.832889,
              19.0504961
            ],
            [
              72.8307209,
              19.0494643
            ],
            [
              72.8287297,
              19.0483377
            ],
            [
              72.8275555,
              19.0476735
            ]
          ]
        ]
      },
      "id": "way/237027566"
    },
    {
      "type": "Feature",
      "properties": {
        "@id": "way/250281482",
        "landuse": "industrial",
        "name": "Water pumping station"
      },
      "geometry": {
        "type": "Polygon",
        "coordinates": [
          [
            [
              72.9277068,
              19.0425216
            ],
            [
              72.9277047,
              19.0424493
            ],
            [
              72.9277979,
              19.0424469
            ],
            [
              72.9278,
              19.0425192
            ],
            [
              72.9277068,
              19.0425216
            ]
          ]
        ]
      },
      "id": "way/250281482"
    },
    {
      "type": "Feature",
      "properties": {
        "@id": "way/251321246",
        "landuse": "industrial"
      },
      "geometry": {
        "type": "Polygon",
        "coordinates": [
          [
            [
              72.8464526,
              18.9721093
            ],
            [
              72.8472009,
              18.9717489
            ],
            [
              72.8480217,
              18.9716018
            ],
            [
              72.84796,
              18.970719
            ],
            [
              72.8486896,
              18.9706709
            ],
            [
              72.8487217,
              18.971513
            ],
            [
              72.8487807,
              18.971513
            ],
            [
              72.8489122,
              18.9709372
            ],
            [
              72.8489014,
              18.9706506
            ],
            [
              72.849395,
              18.9705973
            ],
            [
              72.849395,
              18.9705466
            ],
            [
              72.8503918,
              18.9705378
            ],
            [
              72.8502989,
              18.9707926
            ],
            [
              72.8501024,
              18.9711073
            ],
            [
              72.8500253,
              18.9712441
            ],
            [
              72.8499448,
              18.9714496
            ],
            [
              72.84983,
              18.9716118
            ],
            [
              72.8500367,
              18.9720144
            ],
            [
              72.8501031,
              18.972241
            ],
            [
              72.8500977,
              18.9724413
            ],
            [
              72.849859,
              18.9726874
            ],
            [
              72.8496848,
              18.9727833
            ],
            [
              72.8490449,
              18.9727901
            ],
            [
              72.8489685,
              18.9723906
            ],
            [
              72.8489692,
              18.9723449
            ],
            [
              72.848106,
              18.9724057
            ],
            [
              72.8471513,
              18.9724325
            ],
            [
              72.8467128,
              18.9723741
            ],
            [
              72.8464417,
              18.9723305
            ],
            [
              72.8464526,
              18.9721093
            ]
          ]
        ]
      },
      "id": "way/251321246"
    },
    {
      "type": "Feature",
      "properties": {
        "@id": "way/256572909",
        "industrial": "depot",
        "landuse": "industrial",
        "name": "Vikhroli BEST Bus Depot",
        "operator": "BEST"
      },
      "geometry": {
        "type": "Polygon",
        "coordinates": [
          [
            [
              72.919527,
              19.1025902
            ],
            [
              72.9188673,
              19.1030412
            ],
            [
              72.9182789,
              19.1020204
            ],
            [
              72.9191057,
              19.1014312
            ],
            [
              72.9196585,
              19.1021438
            ],
            [
              72.9193658,
              19.1023303
            ],
            [
              72.919527,
              19.1025902
            ]
          ]
        ]
      },
      "id": "way/256572909"
    },
    {
      "type": "Feature",
      "properties": {
        "@id": "way/257411158",
        "landuse": "industrial",
        "name": "Jogani Industrial"
      },
      "geometry": {
        "type": "Polygon",
        "coordinates": [
          [
            [
              72.8769924,
              19.0570642
            ],
            [
              72.8769512,
              19.0569204
            ],
            [
              72.8768474,
              19.0567433
            ],
            [
              72.8765276,
              19.0564916
            ],
            [
              72.8763673,
              19.056287
            ],
            [
              72.8762627,
              19.0559067
            ],
            [
              72.8762595,
              19.0552765
            ],
            [
              72.876209,
              19.054852
            ],
            [
              72.8762224,
              19.0537568
            ],
            [
              72.8764349,
              19.0537652
            ],
            [
              72.8764775,
              19.0536349
            ],
            [
              72.8766307,
              19.0536158
            ],
            [
              72.8764358,
              19.0541252
            ],
            [
              72.8774525,
              19.0566107
            ],
            [
              72.877902,
              19.0574896
            ],
            [
              72.87755,
              19.0577118
            ],
            [
              72.8775983,
              19.0578538
            ],
            [
              72.877379,
              19.0578826
            ],
            [
              72.8772389,
              19.0578462
            ],
            [
              72.8770515,
              19.0574286
            ],
            [
              72.8770137,
              19.0572928
            ],
            [
              72.8769924,
              19.0570642
            ]
          ]
        ]
      },
      "id": "way/257411158"
    },
    {
      "type": "Feature",
      "properties": {
        "@id": "way/257411174",
        "landuse": "industrial"
      },
      "geometry": {
        "type": "Polygon",
        "coordinates": [
          [
            [
              72.8604135,
              19.0479323
            ],
            [
              72.8612009,
              19.0475209
            ],
            [
              72.8612815,
              19.0493731
            ],
            [
              72.860052,
              19.0494079
            ],
            [
              72.8600013,
              19.0485591
            ],
            [
              72.860425,
              19.048496
            ],
            [
              72.8604135,
              19.0479323
            ]
          ]
        ]
      },
      "id": "way/257411174"
    },
    {
      "type": "Feature",
      "properties": {
        "@id": "way/257412666",
        "landuse": "industrial"
      },
      "geometry": {
        "type": "Polygon",
        "coordinates": [
          [
            [
              72.8705309,
              19.0576517
            ],
            [
              72.8699386,
              19.0579953
            ],
            [
              72.8694381,
              19.056999
            ],
            [
              72.8690323,
              19.0565813
            ],
            [
              72.8689621,
              19.056443
            ],
            [
              72.8680263,
              19.055572
            ],
            [
              72.8679739,
              19.0555085
            ],
            [
              72.8672634,
              19.0550349
            ],
            [
              72.8669651,
              19.0548263
            ],
            [
              72.8668198,
              19.0548889
            ],
            [
              72.8667407,
              19.0548035
            ],
            [
              72.8667175,
              19.0547042
            ],
            [
              72.8667407,
              19.0545542
            ],
            [
              72.8668648,
              19.0544395
            ],
            [
              72.8671645,
              19.0542227
            ],
            [
              72.8677883,
              19.0538533
            ],
            [
              72.8705309,
              19.0576517
            ]
          ]
        ]
      },
      "id": "way/257412666"
    },
    {
      "type": "Feature",
      "properties": {
        "@id": "way/257468910",
        "landuse": "industrial"
      },
      "geometry": {
        "type": "Polygon",
        "coordinates": [
          [
            [
              72.9963076,
              19.1890032
            ],
            [
              72.9947386,
              19.1875403
            ],
            [
              72.9951213,
              19.1869895
            ],
            [
              72.9954019,
              19.1869413
            ],
            [
              72.9956753,
              19.1872098
            ],
            [
              72.9958028,
              19.1877365
            ],
            [
              72.995883,
              19.1877365
            ],
            [
              72.9961928,
              19.1879534
            ],
            [
              72.9963275,
              19.1884362
            ],
            [
              72.9963076,
              19.1890032
            ]
          ]
        ]
      },
      "id": "way/257468910"
    },
    {
      "type": "Feature",
      "properties": {
        "@id": "way/257491059",
        "landuse": "industrial"
      },
      "geometry": {
        "type": "Polygon",
        "coordinates": [
          [
            [
              72.8432033,
              19.1408023
            ],
            [
              72.8431614,
              19.1413339
            ],
            [
              72.8430018,
              19.1414427
            ],
            [
              72.8426563,
              19.1413364
            ],
            [
              72.8423527,
              19.1413834
            ],
            [
              72.8419522,
              19.141643
            ],
            [
              72.8413032,
              19.1417839
            ],
            [
              72.8410702,
              19.1410817
            ],
            [
              72.840997,
              19.1405674
            ],
            [
              72.8410526,
              19.1404023
            ],
            [
              72.841801,
              19.1402896
            ],
            [
              72.8420333,
              19.140221
            ],
            [
              72.8421917,
              19.1401496
            ],
            [
              72.8432033,
              19.1408023
            ]
          ]
        ]
      },
      "id": "way/257491059"
    },
    {
      "type": "Feature",
      "properties": {
        "@id": "way/260754869",
        "landuse": "industrial",
        "name": "Essel Studios"
      },
      "geometry": {
        "type": "Polygon",
        "coordinates": [
          [
            [
              72.9502614,
              19.0339122
            ],
            [
              72.9507316,
              19.0346754
            ],
            [
              72.9507294,
              19.0351787
            ],
            [
              72.9500484,
              19.0351745
            ],
            [
              72.9496714,
              19.0342267
            ],
            [
              72.9502614,
              19.0339122
            ]
          ]
        ]
      },
      "id": "way/260754869"
    },
    {
      "type": "Feature",
      "properties": {
        "@id": "way/260760402",
        "landuse": "industrial",
        "name": "Casting Yard"
      },
      "geometry": {
        "type": "Polygon",
        "coordinates": [
          [
            [
              72.8771957,
              19.0419753
            ],
            [
              72.8754452,
              19.0413558
            ],
            [
              72.8755305,
              19.0390165
            ],
            [
              72.8755544,
              19.037973
            ],
            [
              72.8755638,
              19.0367931
            ],
            [
              72.8773029,
              19.0365514
            ],
            [
              72.8774724,
              19.0365244
            ],
            [
              72.8775249,
              19.0365807
            ],
            [
              72.8775659,
              19.0366568
            ],
            [
              72.8775688,
              19.0367768
            ],
            [
              72.8772134,
              19.03955
            ],
            [
              72.8774905,
              19.0395829
            ],
            [
              72.8774522,
              19.039917
            ],
            [
              72.8772712,
              19.0409583
            ],
            [
              72.8773409,
              19.0409634
            ],
            [
              72.8771957,
              19.0419753
            ]
          ]
        ]
      },
      "id": "way/260760402"
    },
    {
      "type": "Feature",
      "properties": {
        "@id": "way/260760423",
        "landuse": "industrial"
      },
      "geometry": {
        "type": "Polygon",
        "coordinates": [
          [
            [
              72.8706312,
              19.0382776
            ],
            [
              72.8709007,
              19.0399594
            ],
            [
              72.8709121,
              19.0402536
            ],
            [
              72.8706231,
              19.0402739
            ],
            [
              72.8706328,
              19.0403533
            ],
            [
              72.8704434,
              19.0403551
            ],
            [
              72.8704004,
              19.0396444
            ],
            [
              72.8704571,
              19.0393767
            ],
            [
              72.8703008,
              19.0383189
            ],
            [
              72.8706312,
              19.0382776
            ]
          ]
        ]
      },
      "id": "way/260760423"
    },
    {
      "type": "Feature",
      "properties": {
        "@id": "way/260766029",
        "landuse": "industrial"
      },
      "geometry": {
        "type": "Polygon",
        "coordinates": [
          [
            [
              72.872376,
              19.0574987
            ],
            [
              72.8717928,
              19.0582651
            ],
            [
              72.8708607,
              19.0568185
            ],
            [
              72.8714163,
              19.0564086
            ],
            [
              72.8716834,
              19.056712
            ],
            [
              72.872376,
              19.0574987
            ]
          ]
        ]
      },
      "id": "way/260766029"
    },
    {
      "type": "Feature",
      "properties": {
        "@id": "way/260766030",
        "landuse": "industrial"
      },
      "geometry": {
        "type": "Polygon",
        "coordinates": [
          [
            [
              72.864678,
              19.0494295
            ],
            [
              72.8648994,
              19.0492692
            ],
            [
              72.8652895,
              19.0498237
            ],
            [
              72.8659965,
              19.0507585
            ],
            [
              72.8657423,
              19.0509316
            ],
            [
              72.8653328,
              19.0504134
            ],
            [
              72.864678,
              19.0494295
            ]
          ]
        ]
      },
      "id": "way/260766030"
    },
    {
      "type": "Feature",
      "properties": {
        "@id": "way/275163581",
        "addr:city": "Mumbai",
        "addr:postcode": "400093",
        "addr:street": "Mahakali Caves Road",
        "landuse": "industrial",
        "name": "Giriraj Industrial Estate"
      },
      "geometry": {
        "type": "Polygon",
        "coordinates": [
          [
            [
              72.8617943,
              19.119646
            ],
            [
              72.8616458,
              19.1191717
            ],
            [
              72.8633412,
              19.1187265
            ],
            [
              72.8635103,
              19.1192201
            ],
            [
              72.8617943,
              19.119646
            ]
          ]
        ]
      },
      "id": "way/275163581"
    },
    {
      "type": "Feature",
      "properties": {
        "@id": "way/314518900",
        "landuse": "industrial",
        "name": "Deonar Weigh Bridge"
      },
      "geometry": {
        "type": "Polygon",
        "coordinates": [
          [
            [
              72.920866,
              19.0568668
            ],
            [
              72.9206938,
              19.0565353
            ],
            [
              72.9208685,
              19.0564542
            ],
            [
              72.9210407,
              19.0567857
            ],
            [
              72.920866,
              19.0568668
            ]
          ]
        ]
      },
      "id": "way/314518900"
    },
    {
      "type": "Feature",
      "properties": {
        "@id": "way/340052417",
        "industrial": "depot",
        "landuse": "industrial",
        "name": "Malad BEST Bus Depot",
        "operator": "BEST"
      },
      "geometry": {
        "type": "Polygon",
        "coordinates": [
          [
            [
              72.8356541,
              19.1841165
            ],
            [
              72.8337362,
              19.1840236
            ],
            [
              72.8337583,
              19.1832172
            ],
            [
              72.8337604,
              19.1831412
            ],
            [
              72.8343,
              19.1831681
            ],
            [
              72.8356805,
              19.1832371
            ],
            [
              72.8356541,
              19.1841165
            ]
          ]
        ]
      },
      "id": "way/340052417"
    },
    {
      "type": "Feature",
      "properties": {
        "@id": "way/358334862",
        "industrial": "oil",
        "landuse": "industrial",
        "name": "Oil Refinery"
      },
      "geometry": {
        "type": "Polygon",
        "coordinates": [
          [
            [
              73.0383035,
              19.0234352
            ],
            [
              73.0383556,
              19.0234732
            ],
            [
              73.0383948,
              19.0235072
            ],
            [
              73.0384825,
              19.0235904
            ],
            [
              73.038464,
              19.0236053
            ],
            [
              73.0384953,
              19.0236404
            ],
            [
              73.0385536,
              19.0236404
            ],
            [
              73.0386363,
              19.0237204
            ],
            [
              73.0386344,
              19.0237785
            ],
            [
              73.0385479,
              19.0238503
            ],
            [
              73.0385037,
              19.0238449
            ],
            [
              73.0384133,
              19.0237649
            ],
            [
              73.0384124,
              19.0237158
            ],
            [
              73.038471,
              19.0236624
            ],
            [
              73.0384374,
              19.0236248
            ],
            [
              73.0383739,
              19.0236813
            ],
            [
              73.0382534,
              19.0235603
            ],
            [
              73.0383145,
              19.023506
            ],
            [
              73.0382718,
              19.0234639
            ],
            [
              73.0382153,
              19.023515
            ],
            [
              73.0381653,
              19.0235087
            ],
            [
              73.0380856,
              19.0234214
            ],
            [
              73.0380875,
              19.0233805
            ],
            [
              73.0381788,
              19.0232951
            ],
            [
              73.0382269,
              19.0233051
            ],
            [
              73.0383076,
              19.0233842
            ],
            [
              73.0383035,
              19.0234352
            ]
          ]
        ]
      },
      "id": "way/358334862"
    },
    {
      "type": "Feature",
      "properties": {
        "@id": "way/359551050",
        "addr:city": "mumbai",
        "addr:housenumber": "12",
        "fixme": "Survey opening and closing time, was \"8\".",
        "landuse": "industrial",
        "name": "flip card",
        "office": "company",
        "phone": "8286117765"
      },
      "geometry": {
        "type": "Polygon",
        "coordinates": [
          [
            [
              72.9094732,
              19.021681
            ],
            [
              72.9090794,
              19.0214154
            ],
            [
              72.908761,
              19.0211433
            ],
            [
              72.9094958,
              19.0205905
            ],
            [
              72.9103469,
              19.0212128
            ],
            [
              72.9105557,
              19.0212424
            ],
            [
              72.9107633,
              19.0212967
            ],
            [
              72.9107418,
              19.0214414
            ],
            [
              72.9107235,
              19.0217482
            ],
            [
              72.9102918,
              19.0221911
            ],
            [
              72.9094732,
              19.021681
            ]
          ]
        ]
      },
      "id": "way/359551050"
    },
    {
      "type": "Feature",
      "properties": {
        "@id": "way/384536599",
        "industrial": "depot",
        "landuse": "industrial",
        "name": "Goregaon BEST Bus Depot",
        "operator": "BEST"
      },
      "geometry": {
        "type": "Polygon",
        "coordinates": [
          [
            [
              72.8376787,
              19.1535775
            ],
            [
              72.8387404,
              19.1537752
            ],
            [
              72.8376057,
              19.1545653
            ],
            [
              72.8373057,
              19.1547298
            ],
            [
              72.835625,
              19.1544125
            ],
            [
              72.8357591,
              19.1534146
            ],
            [
              72.8376406,
              19.1537152
            ],
            [
              72.8376787,
              19.1535775
            ]
          ]
        ]
      },
      "id": "way/384536599"
    },
    {
      "type": "Feature",
      "properties": {
        "@id": "way/384547959",
        "industrial": "depot",
        "landuse": "industrial",
        "name": "Kurla BEST Bus Depot",
        "operator": "BEST"
      },
      "geometry": {
        "type": "Polygon",
        "coordinates": [
          [
            [
              72.8762843,
              19.0763192
            ],
            [
              72.8760246,
              19.0763531
            ],
            [
              72.8756792,
              19.0763289
            ],
            [
              72.8754615,
              19.0762655
            ],
            [
              72.8752819,
              19.0752941
            ],
            [
              72.8755433,
              19.0750914
            ],
            [
              72.8754762,
              19.0744738
            ],
            [
              72.8759219,
              19.0742553
            ],
            [
              72.876081,
              19.0744904
            ],
            [
              72.8761974,
              19.0746497
            ],
            [
              72.8758455,
              19.0748661
            ],
            [
              72.8758979,
              19.0749426
            ],
            [
              72.8765644,
              19.0758995
            ],
            [
              72.87617,
              19.0761443
            ],
            [
              72.8762843,
              19.0763192
            ]
          ]
        ]
      },
      "id": "way/384547959"
    },
    {
      "type": "Feature",
      "properties": {
        "@id": "way/384547960",
        "landuse": "industrial"
      },
      "geometry": {
        "type": "Polygon",
        "coordinates": [
          [
            [
              72.8773923,
              19.0781904
            ],
            [
              72.8763394,
              19.0786625
            ],
            [
              72.8757166,
              19.0775027
            ],
            [
              72.8755807,
              19.0773042
            ],
            [
              72.8733619,
              19.0763014
            ],
            [
              72.8724622,
              19.075798
            ],
            [
              72.8717959,
              19.0753134
            ],
            [
              72.8718619,
              19.0750756
            ],
            [
              72.8734266,
              19.0757667
            ],
            [
              72.875296,
              19.0766056
            ],
            [
              72.8758031,
              19.0767579
            ],
            [
              72.8762201,
              19.0767265
            ],
            [
              72.876623,
              19.0766504
            ],
            [
              72.8769399,
              19.0764956
            ],
            [
              72.8771044,
              19.0763804
            ],
            [
              72.8771585,
              19.076456
            ],
            [
              72.8771424,
              19.0766816
            ],
            [
              72.8773946,
              19.0766765
            ],
            [
              72.8773946,
              19.0763394
            ],
            [
              72.8775153,
              19.0763216
            ],
            [
              72.8775769,
              19.0769984
            ],
            [
              72.8775287,
              19.0773939
            ],
            [
              72.8773923,
              19.0781904
            ]
          ]
        ]
      },
      "id": "way/384547960"
    },
    {
      "type": "Feature",
      "properties": {
        "@id": "way/384611180",
        "landuse": "industrial"
      },
      "geometry": {
        "type": "Polygon",
        "coordinates": [
          [
            [
              72.8515536,
              18.9962333
            ],
            [
              72.8513271,
              18.9958
            ],
            [
              72.8515562,
              18.9956854
            ],
            [
              72.851601,
              18.9955659
            ],
            [
              72.8522042,
              18.9952869
            ],
            [
              72.8522384,
              18.995399
            ],
            [
              72.8524173,
              18.9953219
            ],
            [
              72.8527099,
              18.9962084
            ],
            [
              72.8523543,
              18.9964201
            ],
            [
              72.8523042,
              18.9960839
            ],
            [
              72.8515536,
              18.9962333
            ]
          ]
        ]
      },
      "id": "way/384611180"
    },
    {
      "type": "Feature",
      "properties": {
        "@id": "way/384611181",
        "landuse": "industrial"
      },
      "geometry": {
        "type": "Polygon",
        "coordinates": [
          [
            [
              72.8512599,
              18.9954292
            ],
            [
              72.8511167,
              18.9951353
            ],
            [
              72.8505542,
              18.9951565
            ],
            [
              72.8494576,
              18.9933088
            ],
            [
              72.8498563,
              18.9932292
            ],
            [
              72.850146,
              18.9938328
            ],
            [
              72.851478,
              18.993561
            ],
            [
              72.8518868,
              18.9940271
            ],
            [
              72.8520733,
              18.9943613
            ],
            [
              72.8524173,
              18.9953219
            ],
            [
              72.8522384,
              18.995399
            ],
            [
              72.8522042,
              18.9952869
            ],
            [
              72.8521344,
              18.9950332
            ],
            [
              72.8512599,
              18.9954292
            ]
          ]
        ]
      },
      "id": "way/384611181"
    },
    {
      "type": "Feature",
      "properties": {
        "@id": "way/384611182",
        "landuse": "industrial"
      },
      "geometry": {
        "type": "Polygon",
        "coordinates": [
          [
            [
              72.8515536,
              18.9962333
            ],
            [
              72.8523042,
              18.9960839
            ],
            [
              72.8523543,
              18.9964201
            ],
            [
              72.851551,
              18.9968186
            ],
            [
              72.8511532,
              18.996318
            ],
            [
              72.8515536,
              18.9962333
            ]
          ]
        ]
      },
      "id": "way/384611182"
    },
    {
      "type": "Feature",
      "properties": {
        "@id": "way/410860628",
        "landuse": "industrial"
      },
      "geometry": {
        "type": "Polygon",
        "coordinates": [
          [
            [
              72.8297729,
              19.0008819
            ],
            [
              72.8296791,
              19.0002707
            ],
            [
              72.8293384,
              19.0002073
            ],
            [
              72.8293438,
              19.0000425
            ],
            [
              72.829663,
              19.0000526
            ],
            [
              72.8295905,
              18.999728
            ],
            [
              72.8302718,
              18.9996494
            ],
            [
              72.8303145,
              19.0001863
            ],
            [
              72.8303657,
              19.0008287
            ],
            [
              72.8297729,
              19.0008819
            ]
          ]
        ]
      },
      "id": "way/410860628"
    },
    {
      "type": "Feature",
      "properties": {
        "@id": "way/421287222",
        "generator:source": "nuclear",
        "landuse": "industrial",
        "plant:method": "fission",
        "plant:output:electricity": "yes",
        "plant:source": "nuclear",
        "power": "plant"
      },
      "geometry": {
        "type": "Polygon",
        "coordinates": [
          [
            [
              72.917487,
              19.0079819
            ],
            [
              72.9174896,
              19.0078539
            ],
            [
              72.9179335,
              19.0074938
            ],
            [
              72.9178665,
              19.0073518
            ],
            [
              72.9180811,
              19.0069168
            ],
            [
              72.9185679,
              19.0066201
            ],
            [
              72.9188334,
              19.0070183
            ],
            [
              72.9196676,
              19.007372
            ],
            [
              72.9206399,
              19.007159
            ],
            [
              72.9208639,
              19.0074659
            ],
            [
              72.9208679,
              19.0077613
            ],
            [
              72.9214446,
              19.0084625
            ],
            [
              72.9213628,
              19.0085183
            ],
            [
              72.9214405,
              19.0086248
            ],
            [
              72.9209443,
              19.0089532
            ],
            [
              72.9209376,
              19.0089063
            ],
            [
              72.9178799,
              19.0084739
            ],
            [
              72.9177485,
              19.0082558
            ],
            [
              72.9176935,
              19.0080999
            ],
            [
              72.9176331,
              19.0080187
            ],
            [
              72.9175808,
              19.0079845
            ],
            [
              72.917487,
              19.0079819
            ]
          ]
        ]
      },
      "id": "way/421287222"
    },
    {
      "type": "Feature",
      "properties": {
        "@id": "way/423483205",
        "landuse": "industrial"
      },
      "geometry": {
        "type": "Polygon",
        "coordinates": [
          [
            [
              72.8427002,
              18.9757348
            ],
            [
              72.8426328,
              18.9754231
            ],
            [
              72.8428451,
              18.9753786
            ],
            [
              72.844176,
              18.9754097
            ],
            [
              72.8441322,
              18.9740682
            ],
            [
              72.8432775,
              18.9740138
            ],
            [
              72.8432658,
              18.9724586
            ],
            [
              72.8435841,
              18.9724622
            ],
            [
              72.8437002,
              18.9720017
            ],
            [
              72.8433407,
              18.9719274
            ],
            [
              72.8433819,
              18.9717538
            ],
            [
              72.8450261,
              18.9721239
            ],
            [
              72.8441815,
              18.9757879
            ],
            [
              72.8432452,
              18.9756746
            ],
            [
              72.8427002,
              18.9757348
            ]
          ]
        ]
      },
      "id": "way/423483205"
    },
    {
      "type": "Feature",
      "properties": {
        "@id": "way/426554263",
        "landuse": "industrial"
      },
      "geometry": {
        "type": "Polygon",
        "coordinates": [
          [
            [
              72.9239808,
              19.1096573
            ],
            [
              72.9246258,
              19.1106282
            ],
            [
              72.9249614,
              19.1104846
            ],
            [
              72.9251063,
              19.1111055
            ],
            [
              72.9252299,
              19.1119667
            ],
            [
              72.9253818,
              19.1130182
            ],
            [
              72.924541,
              19.1130015
            ],
            [
              72.9245481,
              19.1124942
            ],
            [
              72.9247848,
              19.1120402
            ],
            [
              72.9247848,
              19.1113359
            ],
            [
              72.9245092,
              19.1108502
            ],
            [
              72.9239316,
              19.1103061
            ],
            [
              72.9235039,
              19.1099064
            ],
            [
              72.9239808,
              19.1096573
            ]
          ]
        ]
      },
      "id": "way/426554263"
    },
    {
      "type": "Feature",
      "properties": {
        "@id": "way/426554265",
        "landuse": "industrial"
      },
      "geometry": {
        "type": "Polygon",
        "coordinates": [
          [
            [
              72.9239808,
              19.1096573
            ],
            [
              72.924145,
              19.1095715
            ],
            [
              72.9245852,
              19.1093416
            ],
            [
              72.9251946,
              19.1103478
            ],
            [
              72.9249614,
              19.1104846
            ],
            [
              72.9246258,
              19.1106282
            ],
            [
              72.9239808,
              19.1096573
            ]
          ]
        ]
      },
      "id": "way/426554265"
    },
    {
      "type": "Feature",
      "properties": {
        "@id": "way/426554266",
        "landuse": "industrial"
      },
      "geometry": {
        "type": "Polygon",
        "coordinates": [
          [
            [
              72.9216254,
              19.1138256
            ],
            [
              72.9208034,
              19.1125275
            ],
            [
              72.921485,
              19.1124566
            ],
            [
              72.9216152,
              19.1129657
            ],
            [
              72.9218286,
              19.1132186
            ],
            [
              72.9220673,
              19.1133416
            ],
            [
              72.9221847,
              19.1137292
            ],
            [
              72.9216254,
              19.1138256
            ]
          ]
        ]
      },
      "id": "way/426554266"
    },
    {
      "type": "Feature",
      "properties": {
        "@id": "way/430012311",
        "landuse": "industrial"
      },
      "geometry": {
        "type": "Polygon",
        "coordinates": [
          [
            [
              72.8984859,
              19.005527
            ],
            [
              72.899238,
              19.0055623
            ],
            [
              72.8997806,
              19.0062598
            ],
            [
              72.898977,
              19.0075738
            ],
            [
              72.898556,
              19.0082745
            ],
            [
              72.8984878,
              19.0082633
            ],
            [
              72.8984908,
              19.0081148
            ],
            [
              72.8985264,
              19.0080195
            ],
            [
              72.8984018,
              19.0077532
            ],
            [
              72.8983841,
              19.0075878
            ],
            [
              72.8984859,
              19.005527
            ]
          ]
        ]
      },
      "id": "way/430012311"
    },
    {
      "type": "Feature",
      "properties": {
        "@id": "way/430012312",
        "landuse": "industrial"
      },
      "geometry": {
        "type": "Polygon",
        "coordinates": [
          [
            [
              72.8875535,
              19.0119215
            ],
            [
              72.8888546,
              19.0116638
            ],
            [
              72.8894516,
              19.011302
            ],
            [
              72.8898068,
              19.0116638
            ],
            [
              72.8900915,
              19.0114902
            ],
            [
              72.8902536,
              19.012214
            ],
            [
              72.8903242,
              19.0125293
            ],
            [
              72.8896262,
              19.0129519
            ],
            [
              72.88947,
              19.0126133
            ],
            [
              72.8892833,
              19.012648
            ],
            [
              72.8889496,
              19.0129577
            ],
            [
              72.8877984,
              19.0128825
            ],
            [
              72.8875535,
              19.0119215
            ]
          ]
        ]
      },
      "id": "way/430012312"
    },
    {
      "type": "Feature",
      "properties": {
        "@id": "way/430012313",
        "landuse": "industrial"
      },
      "geometry": {
        "type": "Polygon",
        "coordinates": [
          [
            [
              72.8986289,
              19.0083325
            ],
            [
              72.8990244,
              19.0077195
            ],
            [
              72.8999227,
              19.0062116
            ],
            [
              72.900062,
              19.0062872
            ],
            [
              72.8998989,
              19.0066881
            ],
            [
              72.8999375,
              19.0070917
            ],
            [
              72.9000709,
              19.0072991
            ],
            [
              72.9007972,
              19.0080419
            ],
            [
              72.9000027,
              19.0086809
            ],
            [
              72.8990807,
              19.008964
            ],
            [
              72.8988317,
              19.0090818
            ],
            [
              72.8986153,
              19.0091378
            ],
            [
              72.8986331,
              19.0086081
            ],
            [
              72.8987428,
              19.0084231
            ],
            [
              72.8986289,
              19.0083325
            ]
          ]
        ]
      },
      "id": "way/430012313"
    },
    {
      "type": "Feature",
      "properties": {
        "@id": "way/430012314",
        "landuse": "industrial"
      },
      "geometry": {
        "type": "Polygon",
        "coordinates": [
          [
            [
              72.8898129,
              19.0234849
            ],
            [
              72.8897578,
              19.0247526
            ],
            [
              72.8894394,
              19.024741
            ],
            [
              72.8891424,
              19.0251173
            ],
            [
              72.8889036,
              19.0256932
            ],
            [
              72.8869718,
              19.0253835
            ],
            [
              72.8855788,
              19.0251607
            ],
            [
              72.8854165,
              19.0249957
            ],
            [
              72.8854594,
              19.0235398
            ],
            [
              72.8855941,
              19.0229783
            ],
            [
              72.8862676,
              19.0229668
            ],
            [
              72.8866564,
              19.0226397
            ],
            [
              72.8869932,
              19.0230333
            ],
            [
              72.8869932,
              19.0231752
            ],
            [
              72.8883353,
              19.0233226
            ],
            [
              72.8898129,
              19.0234849
            ]
          ]
        ]
      },
      "id": "way/430012314"
    },
    {
      "type": "Feature",
      "properties": {
        "@id": "way/430012318",
        "industrial": "refinery",
        "landuse": "industrial",
        "name": "Mumbai Refinery Mahul",
        "operator": "BPCL",
        "refinery": "oil",
        "wikidata": "Q6935320",
        "wikipedia": "en:Mumbai Refinery (BPCL)"
      },
      "geometry": {
        "type": "Polygon",
        "coordinates": [
          [
            [
              72.8959978,
              19.0277255
            ],
            [
              72.8924638,
              19.0276024
            ],
            [
              72.8900092,
              19.0275436
            ],
            [
              72.8899499,
              19.0274987
            ],
            [
              72.8902114,
              19.0208203
            ],
            [
              72.8903406,
              19.0208231
            ],
            [
              72.890398,
              19.0202857
            ],
            [
              72.8907454,
              19.013908
            ],
            [
              72.8909319,
              19.0137099
            ],
            [
              72.8907999,
              19.0135742
            ],
            [
              72.89082,
              19.0134168
            ],
            [
              72.8910382,
              19.0132539
            ],
            [
              72.8911616,
              19.0133652
            ],
            [
              72.8914142,
              19.0132132
            ],
            [
              72.8916367,
              19.0102821
            ],
            [
              72.8927648,
              19.0100134
            ],
            [
              72.8931753,
              19.0049408
            ],
            [
              72.8978458,
              19.0050656
            ],
            [
              72.8983539,
              19.0050738
            ],
            [
              72.8981148,
              19.0089709
            ],
            [
              72.8975919,
              19.0212993
            ],
            [
              72.8973027,
              19.0277907
            ],
            [
              72.8970324,
              19.0277757
            ],
            [
              72.8969753,
              19.027773
            ],
            [
              72.8959978,
              19.0277255
            ]
          ]
        ]
      },
      "id": "way/430012318"
    },
    {
      "type": "Feature",
      "properties": {
        "@id": "way/430012319",
        "landuse": "industrial"
      },
      "geometry": {
        "type": "Polygon",
        "coordinates": [
          [
            [
              72.8955665,
              19.0046449
            ],
            [
              72.8933045,
              19.0045689
            ],
            [
              72.8935026,
              19.0033937
            ],
            [
              72.8931409,
              19.0024872
            ],
            [
              72.8931495,
              19.0013527
            ],
            [
              72.8954488,
              19.0014639
            ],
            [
              72.8955665,
              19.0046449
            ]
          ]
        ]
      },
      "id": "way/430012319"
    },
    {
      "type": "Feature",
      "properties": {
        "@id": "way/430012320",
        "industrial": "refinery",
        "landuse": "industrial",
        "name": "Mumbai Refinery",
        "operator": "HPCL",
        "refinery": "oil",
        "wikidata": "Q6935319",
        "wikipedia": "en:Mumbai Refinery (HPCL)"
      },
      "geometry": {
        "type": "Polygon",
        "coordinates": [
          [
            [
              72.9050856,
              19.0026499
            ],
            [
              72.9057634,
              19.0026369
            ],
            [
              72.9058387,
              19.0032598
            ],
            [
              72.906234,
              19.0034556
            ],
            [
              72.907666,
              19.0037844
            ],
            [
              72.9077625,
              19.0043829
            ],
            [
              72.9081541,
              19.0055038
            ],
            [
              72.9083526,
              19.0062545
            ],
            [
              72.9083365,
              19.0071522
            ],
            [
              72.9074192,
              19.0078268
            ],
            [
              72.9071242,
              19.0079739
            ],
            [
              72.9070303,
              19.0086561
            ],
            [
              72.9074809,
              19.0087169
            ],
            [
              72.9079986,
              19.009408
            ],
            [
              72.9087228,
              19.0104921
            ],
            [
              72.9088917,
              19.0107926
            ],
            [
              72.9086637,
              19.0109143
            ],
            [
              72.90824,
              19.011722
            ],
            [
              72.9082936,
              19.012006
            ],
            [
              72.9075694,
              19.0119908
            ],
            [
              72.907446,
              19.0126501
            ],
            [
              72.9077411,
              19.0127718
            ],
            [
              72.9077518,
              19.0130508
            ],
            [
              72.9076445,
              19.0142705
            ],
            [
              72.9071,
              19.0142883
            ],
            [
              72.906687,
              19.0143289
            ],
            [
              72.9066414,
              19.0145419
            ],
            [
              72.9063624,
              19.014585
            ],
            [
              72.9062766,
              19.0143872
            ],
            [
              72.9067031,
              19.013416
            ],
            [
              72.9067513,
              19.0130432
            ],
            [
              72.9052761,
              19.0129646
            ],
            [
              72.9052278,
              19.0138014
            ],
            [
              72.9052091,
              19.0146078
            ],
            [
              72.9051474,
              19.0158681
            ],
            [
              72.9076767,
              19.0159493
            ],
            [
              72.9075935,
              19.0193447
            ],
            [
              72.9076713,
              19.0194664
            ],
            [
              72.9076928,
              19.0200979
            ],
            [
              72.9077062,
              19.0219008
            ],
            [
              72.907564,
              19.0220301
            ],
            [
              72.9054478,
              19.0220808
            ],
            [
              72.9038339,
              19.0221314
            ],
            [
              72.9032403,
              19.0224536
            ],
            [
              72.9027785,
              19.0226307
            ],
            [
              72.9025054,
              19.022664
            ],
            [
              72.9019314,
              19.022664
            ],
            [
              72.9016256,
              19.0226209
            ],
            [
              72.9013333,
              19.0224764
            ],
            [
              72.9007861,
              19.0221442
            ],
            [
              72.8981575,
              19.0213378
            ],
            [
              72.8983099,
              19.0182778
            ],
            [
              72.8982062,
              19.0182442
            ],
            [
              72.8983425,
              19.0178153
            ],
            [
              72.8986538,
              19.0108892
            ],
            [
              72.9007298,
              19.0110018
            ],
            [
              72.9008173,
              19.0094913
            ],
            [
              72.9008684,
              19.008154
            ],
            [
              72.9014761,
              19.00858
            ],
            [
              72.9024455,
              19.0089136
            ],
            [
              72.9031481,
              19.0094686
            ],
            [
              72.9036788,
              19.0103795
            ],
            [
              72.9039307,
              19.010828
            ],
            [
              72.9042391,
              19.0110017
            ],
            [
              72.9046037,
              19.0115006
            ],
            [
              72.9046037,
              19.0117837
            ],
            [
              72.9052707,
              19.0117921
            ],
            [
              72.9052737,
              19.0116688
            ],
            [
              72.9049061,
              19.0116632
            ],
            [
              72.9048287,
              19.011616
            ],
            [
              72.9043342,
              19.0109807
            ],
            [
              72.9040219,
              19.0107749
            ],
            [
              72.903861,
              19.0106004
            ],
            [
              72.9031795,
              19.0093879
            ],
            [
              72.9029429,
              19.0092089
            ],
            [
              72.9027299,
              19.0089583
            ],
            [
              72.9025028,
              19.0088196
            ],
            [
              72.9019207,
              19.0086362
            ],
            [
              72.901651,
              19.0085288
            ],
            [
              72.9013008,
              19.0082648
            ],
            [
              72.9010461,
              19.0079997
            ],
            [
              72.9012457,
              19.007945
            ],
            [
              72.905321,
              19.0069369
            ],
            [
              72.9056128,
              19.0068772
            ],
            [
              72.9051752,
              19.0042654
            ],
            [
              72.9050763,
              19.0035357
            ],
            [
              72.9050856,
              19.0026499
            ]
          ]
        ]
      },
      "id": "way/430012320"
    },
    {
      "type": "Feature",
      "properties": {
        "@id": "way/430014306",
        "landuse": "industrial"
      },
      "geometry": {
        "type": "Polygon",
        "coordinates": [
          [
            [
              72.9033016,
              19.0225811
            ],
            [
              72.9039339,
              19.0222404
            ],
            [
              72.9070704,
              19.0221896
            ],
            [
              72.9071115,
              19.0236901
            ],
            [
              72.9056128,
              19.0237319
            ],
            [
              72.9045694,
              19.023164
            ],
            [
              72.9041552,
              19.0229129
            ],
            [
              72.9033016,
              19.0225811
            ]
          ]
        ]
      },
      "id": "way/430014306"
    },
    {
      "type": "Feature",
      "properties": {
        "@id": "way/430017692",
        "landuse": "industrial"
      },
      "geometry": {
        "type": "Polygon",
        "coordinates": [
          [
            [
              72.8566502,
              19.0097172
            ],
            [
              72.8573734,
              19.0095463
            ],
            [
              72.8593068,
              19.010481
            ],
            [
              72.8594849,
              19.0104444
            ],
            [
              72.8600089,
              19.0139391
            ],
            [
              72.8601483,
              19.0149787
            ],
            [
              72.8597585,
              19.0150568
            ],
            [
              72.8591597,
              19.0141563
            ],
            [
              72.8582614,
              19.0123016
            ],
            [
              72.8580781,
              19.0119233
            ],
            [
              72.8573528,
              19.010913
            ],
            [
              72.8573502,
              19.0107836
            ],
            [
              72.857247,
              19.0106348
            ],
            [
              72.8570456,
              19.010525
            ],
            [
              72.8568107,
              19.0102272
            ],
            [
              72.8566502,
              19.0097172
            ]
          ]
        ]
      },
      "id": "way/430017692"
    },
    {
      "type": "Feature",
      "properties": {
        "@id": "way/430017694",
        "landuse": "industrial"
      },
      "geometry": {
        "type": "Polygon",
        "coordinates": [
          [
            [
              72.8646578,
              19.0134545
            ],
            [
              72.8645021,
              19.0129706
            ],
            [
              72.8642461,
              19.0130548
            ],
            [
              72.8634005,
              19.0103354
            ],
            [
              72.8629221,
              19.0099672
            ],
            [
              72.8628197,
              19.0099223
            ],
            [
              72.8629204,
              19.0097934
            ],
            [
              72.8655046,
              19.0109943
            ],
            [
              72.8658126,
              19.011088
            ],
            [
              72.8662196,
              19.0111182
            ],
            [
              72.8665417,
              19.0110947
            ],
            [
              72.867377,
              19.0109475
            ],
            [
              72.8674867,
              19.0110646
            ],
            [
              72.8668461,
              19.01159
            ],
            [
              72.8666231,
              19.0118109
            ],
            [
              72.8662904,
              19.0124968
            ],
            [
              72.8656108,
              19.0125303
            ],
            [
              72.8646578,
              19.0134545
            ]
          ]
        ]
      },
      "id": "way/430017694"
    },
    {
      "type": "Feature",
      "properties": {
        "@id": "way/430017700",
        "landuse": "industrial"
      },
      "geometry": {
        "type": "Polygon",
        "coordinates": [
          [
            [
              72.8640201,
              19.0152157
            ],
            [
              72.8648872,
              19.0143765
            ],
            [
              72.8654869,
              19.0146098
            ],
            [
              72.8651374,
              19.015018
            ],
            [
              72.8645068,
              19.0155106
            ],
            [
              72.8644005,
              19.0153777
            ],
            [
              72.8641949,
              19.0155203
            ],
            [
              72.8640201,
              19.0152157
            ]
          ]
        ]
      },
      "id": "way/430017700"
    },
    {
      "type": "Feature",
      "properties": {
        "@id": "way/430018484",
        "landuse": "industrial"
      },
      "geometry": {
        "type": "Polygon",
        "coordinates": [
          [
            [
              72.8859643,
              19.0318644
            ],
            [
              72.8862508,
              19.0320022
            ],
            [
              72.8860046,
              19.0324596
            ],
            [
              72.885718,
              19.0323218
            ],
            [
              72.8859643,
              19.0318644
            ]
          ]
        ]
      },
      "id": "way/430018484"
    },
    {
      "type": "Feature",
      "properties": {
        "@id": "way/430024312",
        "landuse": "industrial"
      },
      "geometry": {
        "type": "Polygon",
        "coordinates": [
          [
            [
              72.867981,
              19.0428056
            ],
            [
              72.8682497,
              19.0432591
            ],
            [
              72.8674126,
              19.0437041
            ],
            [
              72.8671418,
              19.0432528
            ],
            [
              72.867981,
              19.0428056
            ]
          ]
        ]
      },
      "id": "way/430024312"
    },
    {
      "type": "Feature",
      "properties": {
        "@id": "way/430024314",
        "landuse": "industrial",
        "name": "Nirmal Industrial Estate"
      },
      "geometry": {
        "type": "Polygon",
        "coordinates": [
          [
            [
              72.8685996,
              19.0440505
            ],
            [
              72.8689114,
              19.0450264
            ],
            [
              72.8690712,
              19.0458116
            ],
            [
              72.8685315,
              19.0459255
            ],
            [
              72.8682982,
              19.0453583
            ],
            [
              72.8678187,
              19.044313
            ],
            [
              72.8685996,
              19.0440505
            ]
          ]
        ]
      },
      "id": "way/430024314"
    },
    {
      "type": "Feature",
      "properties": {
        "@id": "way/430024316",
        "landuse": "industrial"
      },
      "geometry": {
        "type": "Polygon",
        "coordinates": [
          [
            [
              72.8782188,
              19.0474853
            ],
            [
              72.8784533,
              19.04687
            ],
            [
              72.8785863,
              19.0465209
            ],
            [
              72.8786818,
              19.0462703
            ],
            [
              72.8796285,
              19.0465686
            ],
            [
              72.8797046,
              19.0467646
            ],
            [
              72.8790204,
              19.0476834
            ],
            [
              72.8786795,
              19.0477139
            ],
            [
              72.8782188,
              19.0474853
            ]
          ]
        ]
      },
      "id": "way/430024316"
    },
    {
      "type": "Feature",
      "properties": {
        "@id": "way/430025267",
        "landuse": "industrial"
      },
      "geometry": {
        "type": "Polygon",
        "coordinates": [
          [
            [
              72.9106246,
              19.0008393
            ],
            [
              72.910347,
              19.0027926
            ],
            [
              72.9102264,
              19.003037
            ],
            [
              72.9100176,
              19.00346
            ],
            [
              72.9096976,
              19.0043143
            ],
            [
              72.9090293,
              19.0043321
            ],
            [
              72.9086999,
              19.00443
            ],
            [
              72.9086058,
              19.003687
            ],
            [
              72.9080928,
              19.0036558
            ],
            [
              72.908107,
              19.0032331
            ],
            [
              72.9081258,
              19.0023566
            ],
            [
              72.9072364,
              19.0022498
            ],
            [
              72.9072411,
              19.0024634
            ],
            [
              72.9065352,
              19.0025479
            ],
            [
              72.9062434,
              19.0018226
            ],
            [
              72.9059846,
              19.0011419
            ],
            [
              72.906634,
              19.0010039
            ],
            [
              72.9066952,
              19.0003988
            ],
            [
              72.9070199,
              19.0004477
            ],
            [
              72.909627,
              19.0005812
            ],
            [
              72.9102105,
              19.0008259
            ],
            [
              72.9106246,
              19.0008393
            ]
          ]
        ]
      },
      "id": "way/430025267"
    },
    {
      "type": "Feature",
      "properties": {
        "@id": "way/430025268",
        "landuse": "industrial",
        "name": "Trombay Thermal Power Station",
        "operator": "TATA Power",
        "plant:method": "combustion",
        "plant:output:electricity": "930 MW",
        "plant:source": "coal;gas",
        "power": "plant",
        "source": "https://www.gem.wiki/Trombay_power_station",
        "wikidata": "Q16927793"
      },
      "geometry": {
        "type": "Polygon",
        "coordinates": [
          [
            [
              72.8978572,
              19.0048165
            ],
            [
              72.8978629,
              19.004691
            ],
            [
              72.8978659,
              19.0046259
            ],
            [
              72.8957732,
              19.0045771
            ],
            [
              72.8957014,
              19.0035674
            ],
            [
              72.895377,
              18.9963263
            ],
            [
              72.9011911,
              18.9973783
            ],
            [
              72.9030387,
              18.9977699
            ],
            [
              72.9033602,
              18.9974279
            ],
            [
              72.9036685,
              18.9973819
            ],
            [
              72.9034763,
              18.9977735
            ],
            [
              72.903561,
              18.9979248
            ],
            [
              72.9036599,
              18.9980005
            ],
            [
              72.9036175,
              18.9983742
            ],
            [
              72.9034999,
              18.9986412
            ],
            [
              72.9019281,
              19.0011686
            ],
            [
              72.9018104,
              19.0015512
            ],
            [
              72.9003139,
              19.0039005
            ],
            [
              72.898488,
              19.0047192
            ],
            [
              72.8983139,
              19.0048171
            ],
            [
              72.8978572,
              19.0048165
            ]
          ]
        ]
      },
      "id": "way/430025268"
    },
    {
      "type": "Feature",
      "properties": {
        "@id": "way/430025269",
        "disused:power": "plant",
        "landuse": "industrial"
      },
      "geometry": {
        "type": "Polygon",
        "coordinates": [
          [
            [
              72.9009573,
              19.0079073
            ],
            [
              72.9003117,
              19.0073208
            ],
            [
              72.9001272,
              19.0069405
            ],
            [
              72.9000704,
              19.0067391
            ],
            [
              72.9001319,
              19.0064617
            ],
            [
              72.9006051,
              19.0056519
            ],
            [
              72.900785,
              19.0052715
            ],
            [
              72.9011636,
              19.0037637
            ],
            [
              72.901244,
              19.0035131
            ],
            [
              72.9020059,
              19.0024113
            ],
            [
              72.9020307,
              19.0022424
            ],
            [
              72.9021633,
              19.0019952
            ],
            [
              72.9023194,
              19.0019404
            ],
            [
              72.9039757,
              18.9992479
            ],
            [
              72.9048683,
              18.9980376
            ],
            [
              72.9050159,
              18.9980821
            ],
            [
              72.9055367,
              18.9981438
            ],
            [
              72.9063611,
              18.9982408
            ],
            [
              72.9066434,
              18.9989304
            ],
            [
              72.9060034,
              18.9991129
            ],
            [
              72.9059046,
              18.9989126
            ],
            [
              72.9050057,
              18.9991796
            ],
            [
              72.904794,
              18.9992375
            ],
            [
              72.9048505,
              19.0007592
            ],
            [
              72.9048363,
              19.0026547
            ],
            [
              72.9048834,
              19.0038471
            ],
            [
              72.9050858,
              19.0052131
            ],
            [
              72.905241,
              19.0067437
            ],
            [
              72.9011234,
              19.0077938
            ],
            [
              72.9009573,
              19.0079073
            ]
          ]
        ]
      },
      "id": "way/430025269"
    },
    {
      "type": "Feature",
      "properties": {
        "@id": "way/430028113",
        "landuse": "industrial"
      },
      "geometry": {
        "type": "Polygon",
        "coordinates": [
          [
            [
              72.8915501,
              19.0386233
            ],
            [
              72.8909426,
              19.038343
            ],
            [
              72.8908697,
              19.0381868
            ],
            [
              72.8917153,
              19.0366202
            ],
            [
              72.8923423,
              19.0369326
            ],
            [
              72.8922499,
              19.0372358
            ],
            [
              72.8920507,
              19.0376907
            ],
            [
              72.8915501,
              19.0386233
            ]
          ]
        ]
      },
      "id": "way/430028113"
    },
    {
      "type": "Feature",
      "properties": {
        "@id": "way/430029991",
        "landuse": "industrial"
      },
      "geometry": {
        "type": "Polygon",
        "coordinates": [
          [
            [
              72.8433154,
              18.9995485
            ],
            [
              72.8431843,
              18.9992689
            ],
            [
              72.842582,
              18.997985
            ],
            [
              72.8430802,
              18.9979294
            ],
            [
              72.8431321,
              18.9974813
            ],
            [
              72.8437513,
              18.9972949
            ],
            [
              72.8442978,
              18.9980112
            ],
            [
              72.8448132,
              18.9981944
            ],
            [
              72.8450692,
              18.9987897
            ],
            [
              72.8444016,
              18.998999
            ],
            [
              72.8433154,
              18.9995485
            ]
          ]
        ]
      },
      "id": "way/430029991"
    },
    {
      "type": "Feature",
      "properties": {
        "@id": "way/430223759",
        "landuse": "industrial"
      },
      "geometry": {
        "type": "Polygon",
        "coordinates": [
          [
            [
              72.8329243,
              18.97858
            ],
            [
              72.83364,
              18.9784604
            ],
            [
              72.8337842,
              18.9791496
            ],
            [
              72.8336786,
              18.9791666
            ],
            [
              72.8335988,
              18.979113
            ],
            [
              72.8335782,
              18.97904
            ],
            [
              72.8336014,
              18.9789669
            ],
            [
              72.8335782,
              18.9788038
            ],
            [
              72.8335499,
              18.9787405
            ],
            [
              72.8334392,
              18.9786966
            ],
            [
              72.833246,
              18.9787453
            ],
            [
              72.833161,
              18.9788598
            ],
            [
              72.8331559,
              18.978945
            ],
            [
              72.8332229,
              18.9791934
            ],
            [
              72.8331997,
              18.9793346
            ],
            [
              72.833058,
              18.9793712
            ],
            [
              72.833058,
              18.9794296
            ],
            [
              72.8329807,
              18.9794469
            ],
            [
              72.8329633,
              18.9788691
            ],
            [
              72.8329348,
              18.9788669
            ],
            [
              72.8329243,
              18.97858
            ]
          ]
        ]
      },
      "id": "way/430223759"
    },
    {
      "type": "Feature",
      "properties": {
        "@id": "way/430346743",
        "landuse": "industrial"
      },
      "geometry": {
        "type": "Polygon",
        "coordinates": [
          [
            [
              72.9183119,
              19.0510936
            ],
            [
              72.917606,
              19.0516019
            ],
            [
              72.9173244,
              19.0507479
            ],
            [
              72.9178364,
              19.0504056
            ],
            [
              72.9183119,
              19.0510936
            ]
          ]
        ]
      },
      "id": "way/430346743"
    },
    {
      "type": "Feature",
      "properties": {
        "@id": "way/430346744",
        "landuse": "industrial",
        "name": "CPP Ltd"
      },
      "geometry": {
        "type": "Polygon",
        "coordinates": [
          [
            [
              72.9191761,
              19.0526171
            ],
            [
              72.9184625,
              19.0511998
            ],
            [
              72.9195216,
              19.0504894
            ],
            [
              72.9199543,
              19.0503243
            ],
            [
              72.9201745,
              19.0502669
            ],
            [
              72.9205926,
              19.050892
            ],
            [
              72.9209641,
              19.0514474
            ],
            [
              72.9191761,
              19.0526171
            ]
          ]
        ]
      },
      "id": "way/430346744"
    },
    {
      "type": "Feature",
      "properties": {
        "@id": "way/430418377",
        "landuse": "industrial"
      },
      "geometry": {
        "type": "Polygon",
        "coordinates": [
          [
            [
              72.8627969,
              19.0658765
            ],
            [
              72.8620996,
              19.0668562
            ],
            [
              72.8614852,
              19.0664394
            ],
            [
              72.8613532,
              19.0662756
            ],
            [
              72.8613306,
              19.0661117
            ],
            [
              72.8613344,
              19.0659407
            ],
            [
              72.8613796,
              19.0658694
            ],
            [
              72.8616472,
              19.0657946
            ],
            [
              72.861847,
              19.0656735
            ],
            [
              72.8620958,
              19.0654633
            ],
            [
              72.8621599,
              19.0654455
            ],
            [
              72.8627969,
              19.0658765
            ]
          ]
        ]
      },
      "id": "way/430418377"
    },
    {
      "type": "Feature",
      "properties": {
        "@id": "way/430418392",
        "landuse": "industrial"
      },
      "geometry": {
        "type": "Polygon",
        "coordinates": [
          [
            [
              72.8637558,
              19.0636458
            ],
            [
              72.8635244,
              19.0638441
            ],
            [
              72.8634264,
              19.063869
            ],
            [
              72.8633472,
              19.0638548
            ],
            [
              72.8630193,
              19.0635128
            ],
            [
              72.8629891,
              19.0634273
            ],
            [
              72.8630306,
              19.0633311
            ],
            [
              72.863246,
              19.0631336
            ],
            [
              72.8637558,
              19.0636458
            ]
          ]
        ]
      },
      "id": "way/430418392"
    },
    {
      "type": "Feature",
      "properties": {
        "@id": "way/434908161",
        "landuse": "industrial"
      },
      "geometry": {
        "type": "Polygon",
        "coordinates": [
          [
            [
              72.8458398,
              19.0314767
            ],
            [
              72.8472694,
              19.031104
            ],
            [
              72.8473526,
              19.0314488
            ],
            [
              72.8469771,
              19.0315325
            ],
            [
              72.8470038,
              19.0318959
            ],
            [
              72.8460115,
              19.0320497
            ],
            [
              72.8458398,
              19.0314767
            ]
          ]
        ]
      },
      "id": "way/434908161"
    },
    {
      "type": "Feature",
      "properties": {
        "@id": "way/436222513",
        "landuse": "industrial"
      },
      "geometry": {
        "type": "Polygon",
        "coordinates": [
          [
            [
              72.8693225,
              19.1000785
            ],
            [
              72.8707199,
              19.1000785
            ],
            [
              72.8706448,
              19.1028259
            ],
            [
              72.8693627,
              19.1020377
            ],
            [
              72.8693239,
              19.1008437
            ],
            [
              72.8693225,
              19.1000785
            ]
          ]
        ]
      },
      "id": "way/436222513"
    },
    {
      "type": "Feature",
      "properties": {
        "@id": "way/436231918",
        "landuse": "industrial",
        "man_made": "works",
        "name": "Mazagon Dock Shipbuilders Limited",
        "wikidata": "Q2956390",
        "wikimedia_commons": "Category:Mazagon Dock Shipbuilders",
        "wikipedia": "en:Mazagon Dock Shipbuilders"
      },
      "geometry": {
        "type": "Polygon",
        "coordinates": [
          [
            [
              72.8472038,
              18.965725
            ],
            [
              72.846525,
              18.9633299
            ],
            [
              72.8473793,
              18.9631235
            ],
            [
              72.849168,
              18.9627218
            ],
            [
              72.8492409,
              18.9631109
            ],
            [
              72.8493483,
              18.9634396
            ],
            [
              72.8495224,
              18.964214
            ],
            [
              72.8496864,
              18.9648652
            ],
            [
              72.8497226,
              18.9649412
            ],
            [
              72.8498472,
              18.965129
            ],
            [
              72.8498959,
              18.9652993
            ],
            [
              72.849958,
              18.9655389
            ],
            [
              72.8499628,
              18.965645
            ],
            [
              72.8500285,
              18.9658781
            ],
            [
              72.8500947,
              18.9659159
            ],
            [
              72.8502568,
              18.9658785
            ],
            [
              72.8503531,
              18.9662989
            ],
            [
              72.8514288,
              18.9660559
            ],
            [
              72.8524986,
              18.965819
            ],
            [
              72.8526521,
              18.9663229
            ],
            [
              72.8525665,
              18.9663453
            ],
            [
              72.8526314,
              18.9666086
            ],
            [
              72.8527028,
              18.9665925
            ],
            [
              72.8527788,
              18.9665895
            ],
            [
              72.8527961,
              18.9666544
            ],
            [
              72.8529285,
              18.9666265
            ],
            [
              72.8529237,
              18.9665947
            ],
            [
              72.8529309,
              18.9665607
            ],
            [
              72.8529837,
              18.9665357
            ],
            [
              72.8530317,
              18.9665539
            ],
            [
              72.8530509,
              18.9665879
            ],
            [
              72.853207,
              18.9665584
            ],
            [
              72.8531998,
              18.9665357
            ],
            [
              72.8532118,
              18.9665016
            ],
            [
              72.853243,
              18.9664744
            ],
            [
              72.8532814,
              18.9664699
            ],
            [
              72.8533174,
              18.9664926
            ],
            [
              72.853339,
              18.9665243
            ],
            [
              72.853483,
              18.9664926
            ],
            [
              72.853483,
              18.9664562
            ],
            [
              72.8534974,
              18.9664267
            ],
            [
              72.8535334,
              18.9664063
            ],
            [
              72.8535719,
              18.9664086
            ],
            [
              72.8536007,
              18.966429
            ],
            [
              72.8536151,
              18.9665016
            ],
            [
              72.8535719,
              18.9665243
            ],
            [
              72.853495,
              18.9665243
            ],
            [
              72.8533438,
              18.9665607
            ],
            [
              72.853291,
              18.966597
            ],
            [
              72.8532142,
              18.9665834
            ],
            [
              72.8530581,
              18.9666242
            ],
            [
              72.8530101,
              18.9666651
            ],
            [
              72.8529357,
              18.9666583
            ],
            [
              72.852782,
              18.9666969
            ],
            [
              72.8527305,
              18.9667252
            ],
            [
              72.8528096,
              18.9670431
            ],
            [
              72.85168,
              18.9673886
            ],
            [
              72.8515211,
              18.9674346
            ],
            [
              72.8513826,
              18.967474
            ],
            [
              72.8509755,
              18.9676029
            ],
            [
              72.851002,
              18.9677041
            ],
            [
              72.8507698,
              18.9677567
            ],
            [
              72.8508023,
              18.9678397
            ],
            [
              72.8508138,
              18.9678495
            ],
            [
              72.8508531,
              18.9678708
            ],
            [
              72.8522311,
              18.9678004
            ],
            [
              72.8522383,
              18.9679616
            ],
            [
              72.8521375,
              18.9679684
            ],
            [
              72.8521903,
              18.968679
            ],
            [
              72.852087,
              18.9687562
            ],
            [
              72.8507972,
              18.9688317
            ],
            [
              72.8507217,
              18.9688998
            ],
            [
              72.8506662,
              18.9689049
            ],
            [
              72.850661,
              18.9691241
            ],
            [
              72.850722,
              18.9691471
            ],
            [
              72.8507792,
              18.970347
            ],
            [
              72.8506789,
              18.9703578
            ],
            [
              72.8506234,
              18.9704527
            ],
            [
              72.8504176,
              18.9704242
            ],
            [
              72.8501433,
              18.9704527
            ],
            [
              72.8494164,
              18.9704527
            ],
            [
              72.8478446,
              18.9705532
            ],
            [
              72.8479654,
              18.971584
            ],
            [
              72.8472304,
              18.9716677
            ],
            [
              72.8464736,
              18.9716796
            ],
            [
              72.8464848,
              18.9714521
            ],
            [
              72.8466247,
              18.9704961
            ],
            [
              72.8465905,
              18.96957
            ],
            [
              72.846234,
              18.9689384
            ],
            [
              72.8461079,
              18.9674075
            ],
            [
              72.84715,
              18.9672288
            ],
            [
              72.8473311,
              18.9671314
            ],
            [
              72.8472627,
              18.9659451
            ],
            [
              72.8472038,
              18.965725
            ]
          ]
        ]
      },
      "id": "way/436231918"
    },
    {
      "type": "Feature",
      "properties": {
        "@id": "way/436337958",
        "landuse": "industrial"
      },
      "geometry": {
        "type": "Polygon",
        "coordinates": [
          [
            [
              72.8947344,
              19.0885705
            ],
            [
              72.8947558,
              19.0883576
            ],
            [
              72.8946807,
              19.0879114
            ],
            [
              72.8945949,
              19.0876909
            ],
            [
              72.8943213,
              19.0868798
            ],
            [
              72.8943133,
              19.0866897
            ],
            [
              72.8947344,
              19.0866086
            ],
            [
              72.8951474,
              19.0881472
            ],
            [
              72.895303,
              19.0885832
            ],
            [
              72.8958314,
              19.0894475
            ],
            [
              72.8961774,
              19.0895159
            ],
            [
              72.8959762,
              19.0904411
            ],
            [
              72.8958481,
              19.0904785
            ],
            [
              72.8950053,
              19.090545
            ],
            [
              72.8948926,
              19.0906768
            ],
            [
              72.8944769,
              19.0906413
            ],
            [
              72.8944178,
              19.0906642
            ],
            [
              72.8943374,
              19.0906844
            ],
            [
              72.893799,
              19.0906593
            ],
            [
              72.8937265,
              19.0906559
            ],
            [
              72.8930419,
              19.0903397
            ],
            [
              72.8930633,
              19.0902839
            ],
            [
              72.893176,
              19.0901065
            ],
            [
              72.8939619,
              19.0903701
            ],
            [
              72.8941496,
              19.0903625
            ],
            [
              72.8945252,
              19.0900482
            ],
            [
              72.8946056,
              19.0895844
            ],
            [
              72.8947344,
              19.0885705
            ]
          ]
        ]
      },
      "id": "way/436337958"
    },
    {
      "type": "Feature",
      "properties": {
        "@id": "way/436337960",
        "landuse": "industrial"
      },
      "geometry": {
        "type": "Polygon",
        "coordinates": [
          [
            [
              72.8948517,
              19.0862278
            ],
            [
              72.895761,
              19.0865244
            ],
            [
              72.8958388,
              19.0862937
            ],
            [
              72.8962009,
              19.0863672
            ],
            [
              72.896284,
              19.0876853
            ],
            [
              72.8957797,
              19.0877055
            ],
            [
              72.8956349,
              19.0873558
            ],
            [
              72.8951655,
              19.0868513
            ],
            [
              72.894959,
              19.0867905
            ],
            [
              72.8948517,
              19.0862278
            ]
          ]
        ]
      },
      "id": "way/436337960"
    },
    {
      "type": "Feature",
      "properties": {
        "@id": "way/436370681",
        "landuse": "industrial"
      },
      "geometry": {
        "type": "Polygon",
        "coordinates": [
          [
            [
              72.8686228,
              19.0746603
            ],
            [
              72.8692067,
              19.0746846
            ],
            [
              72.8692453,
              19.0749153
            ],
            [
              72.8698998,
              19.0749812
            ],
            [
              72.8699883,
              19.0744869
            ],
            [
              72.8702458,
              19.074568
            ],
            [
              72.8702431,
              19.0747201
            ],
            [
              72.8707447,
              19.0747581
            ],
            [
              72.8706455,
              19.075435
            ],
            [
              72.870742,
              19.0755034
            ],
            [
              72.8707179,
              19.0759597
            ],
            [
              72.870734,
              19.0761726
            ],
            [
              72.870042,
              19.0763298
            ],
            [
              72.8696584,
              19.0761422
            ],
            [
              72.8696262,
              19.0759698
            ],
            [
              72.8694224,
              19.0757544
            ],
            [
              72.8686445,
              19.0756479
            ],
            [
              72.8685399,
              19.0755212
            ],
            [
              72.8683468,
              19.07544
            ],
            [
              72.8682529,
              19.0752525
            ],
            [
              72.8683173,
              19.0750649
            ],
            [
              72.8683146,
              19.0749609
            ],
            [
              72.8682476,
              19.0748646
            ],
            [
              72.8683066,
              19.0747505
            ],
            [
              72.8683361,
              19.0746745
            ],
            [
              72.8681832,
              19.0744058
            ],
            [
              72.8685703,
              19.0744353
            ],
            [
              72.8686332,
              19.0744379
            ],
            [
              72.8686228,
              19.0746603
            ]
          ]
        ]
      },
      "id": "way/436370681"
    },
    {
      "type": "Feature",
      "properties": {
        "@id": "way/439865742",
        "industrial": "depot",
        "landuse": "industrial",
        "name": "Santacruz BEST Bus Depot",
        "operator": "BEST"
      },
      "geometry": {
        "type": "Polygon",
        "coordinates": [
          [
            [
              72.8365739,
              19.089788
            ],
            [
              72.8370448,
              19.0898283
            ],
            [
              72.8371011,
              19.0904594
            ],
            [
              72.8373935,
              19.0904544
            ],
            [
              72.8375356,
              19.0904518
            ],
            [
              72.8376778,
              19.090941
            ],
            [
              72.838174,
              19.0909207
            ],
            [
              72.8383319,
              19.091663
            ],
            [
              72.8383576,
              19.0917841
            ],
            [
              72.8366129,
              19.0918958
            ],
            [
              72.8365914,
              19.0908224
            ],
            [
              72.8365941,
              19.0907239
            ],
            [
              72.8365877,
              19.0902967
            ],
            [
              72.8365739,
              19.089788
            ]
          ]
        ]
      },
      "id": "way/439865742"
    },
    {
      "type": "Feature",
      "properties": {
        "@id": "way/483179408",
        "landuse": "industrial"
      },
      "geometry": {
        "type": "Polygon",
        "coordinates": [
          [
            [
              72.9312012,
              19.1273263
            ],
            [
              72.932789,
              19.1271692
            ],
            [
              72.93295,
              19.1293232
            ],
            [
              72.9317484,
              19.1293941
            ],
            [
              72.9314035,
              19.1293055
            ],
            [
              72.9313204,
              19.1290673
            ],
            [
              72.9312815,
              19.1288113
            ],
            [
              72.9312012,
              19.1273263
            ]
          ]
        ]
      },
      "id": "way/483179408"
    },
    {
      "type": "Feature",
      "properties": {
        "@id": "way/483432035",
        "landuse": "industrial"
      },
      "geometry": {
        "type": "Polygon",
        "coordinates": [
          [
            [
              72.9269108,
              19.1253903
            ],
            [
              72.9275161,
              19.1253735
            ],
            [
              72.9275322,
              19.1263517
            ],
            [
              72.925384,
              19.1266415
            ],
            [
              72.9253813,
              19.1260536
            ],
            [
              72.9270013,
              19.1256937
            ],
            [
              72.9269108,
              19.1253903
            ]
          ]
        ]
      },
      "id": "way/483432035"
    },
    {
      "type": "Feature",
      "properties": {
        "@id": "way/490029154",
        "landuse": "industrial"
      },
      "geometry": {
        "type": "Polygon",
        "coordinates": [
          [
            [
              73.0173093,
              19.0745307
            ],
            [
              73.0168166,
              19.0770304
            ],
            [
              73.0146563,
              19.0771944
            ],
            [
              73.0142847,
              19.0772236
            ],
            [
              73.0140694,
              19.0748182
            ],
            [
              73.0155905,
              19.0746832
            ],
            [
              73.0156801,
              19.0746753
            ],
            [
              73.0173093,
              19.0745307
            ]
          ]
        ]
      },
      "id": "way/490029154"
    },
    {
      "type": "Feature",
      "properties": {
        "@id": "way/564262138",
        "construction": "yes",
        "construction_1": "yes",
        "landuse": "industrial",
        "name": "Navi Mumbai Special Economic Zone"
      },
      "geometry": {
        "type": "Polygon",
        "coordinates": [
          [
            [
              73.0193522,
              18.9845134
            ],
            [
              73.0193075,
              18.9844471
            ],
            [
              73.0192318,
              18.9843348
            ],
            [
              73.0191114,
              18.9840786
            ],
            [
              73.0189922,
              18.9835415
            ],
            [
              73.0189141,
              18.9829362
            ],
            [
              73.0188765,
              18.9823309
            ],
            [
              73.0189459,
              18.9818122
            ],
            [
              73.019083,
              18.9813703
            ],
            [
              73.0192043,
              18.9809822
            ],
            [
              73.0194621,
              18.9801578
            ],
            [
              73.0195632,
              18.9796018
            ],
            [
              73.0195172,
              18.9789763
            ],
            [
              73.0193226,
              18.9782539
            ],
            [
              73.0190335,
              18.9777619
            ],
            [
              73.0186866,
              18.9773479
            ],
            [
              73.0181662,
              18.976934
            ],
            [
              73.0175571,
              18.976627
            ],
            [
              73.0168004,
              18.9762454
            ],
            [
              73.0162988,
              18.9759926
            ],
            [
              73.0161675,
              18.9759264
            ],
            [
              73.0156115,
              18.9756336
            ],
            [
              73.0153645,
              18.9755036
            ],
            [
              73.0145074,
              18.9751063
            ],
            [
              73.0139845,
              18.9749048
            ],
            [
              73.0136581,
              18.974779
            ],
            [
              73.0128224,
              18.9745284
            ],
            [
              73.0126602,
              18.9744882
            ],
            [
              73.010898,
              18.9740519
            ],
            [
              73.0107614,
              18.9739923
            ],
            [
              73.0103612,
              18.9738176
            ],
            [
              73.0100308,
              18.9735442
            ],
            [
              73.0096006,
              18.9731041
            ],
            [
              73.0088138,
              18.9738192
            ],
            [
              73.0086095,
              18.973918
            ],
            [
              73.0083428,
              18.9739494
            ],
            [
              73.0062883,
              18.9734501
            ],
            [
              73.0060107,
              18.9733116
            ],
            [
              73.0058296,
              18.9731116
            ],
            [
              73.0057601,
              18.9728499
            ],
            [
              73.0057348,
              18.970112
            ],
            [
              73.0073803,
              18.9704479
            ],
            [
              73.0077655,
              18.9703977
            ],
            [
              73.0086914,
              18.9696277
            ],
            [
              73.0094299,
              18.9690134
            ],
            [
              73.0117252,
              18.9722922
            ],
            [
              73.013274,
              18.9713621
            ],
            [
              73.0137545,
              18.9720758
            ],
            [
              73.0145121,
              18.9728263
            ],
            [
              73.0152955,
              18.9733553
            ],
            [
              73.0161667,
              18.9737234
            ],
            [
              73.0196956,
              18.974706
            ],
            [
              73.0203274,
              18.9749782
            ],
            [
              73.0210977,
              18.9754305
            ],
            [
              73.0215313,
              18.9758479
            ],
            [
              73.0218888,
              18.9762473
            ],
            [
              73.0222132,
              18.9767887
            ],
            [
              73.0223916,
              18.9772694
            ],
            [
              73.0225563,
              18.9778748
            ],
            [
              73.0227006,
              18.9788518
            ],
            [
              73.0227461,
              18.9791919
            ],
            [
              73.0228008,
              18.9793641
            ],
            [
              73.0229132,
              18.9797183
            ],
            [
              73.023237,
              18.9802802
            ],
            [
              73.0236604,
              18.9807269
            ],
            [
              73.0233848,
              18.9808924
            ],
            [
              73.0231,
              18.9811546
            ],
            [
              73.02299,
              18.9814156
            ],
            [
              73.0229632,
              18.9816614
            ],
            [
              73.0229776,
              18.9817685
            ],
            [
              73.0230014,
              18.9819447
            ],
            [
              73.0231069,
              18.9821463
            ],
            [
              73.0235173,
              18.9828016
            ],
            [
              73.0205416,
              18.9845837
            ],
            [
              73.0201534,
              18.9840214
            ],
            [
              73.0193522,
              18.9845134
            ]
          ]
        ]
      },
      "id": "way/564262138"
    },
    {
      "type": "Feature",
      "properties": {
        "@id": "way/564566804",
        "landuse": "industrial"
      },
      "geometry": {
        "type": "Polygon",
        "coordinates": [
          [
            [
              72.926053,
              19.115006
            ],
            [
              72.9252822,
              19.1150149
            ],
            [
              72.9249335,
              19.1150193
            ],
            [
              72.9248771,
              19.1132687
            ],
            [
              72.9252416,
              19.1132646
            ],
            [
              72.925259,
              19.1135147
            ],
            [
              72.9260183,
              19.1133753
            ],
            [
              72.926053,
              19.115006
            ]
          ]
        ]
      },
      "id": "way/564566804"
    },
    {
      "type": "Feature",
      "properties": {
        "@id": "way/570227357",
        "landuse": "industrial"
      },
      "geometry": {
        "type": "Polygon",
        "coordinates": [
          [
            [
              72.8795618,
              19.103045
            ],
            [
              72.880522,
              19.1028372
            ],
            [
              72.8810853,
              19.1030197
            ],
            [
              72.8812677,
              19.1029994
            ],
            [
              72.8815681,
              19.1030856
            ],
            [
              72.881391,
              19.103633
            ],
            [
              72.8814018,
              19.1040893
            ],
            [
              72.8801143,
              19.1043376
            ],
            [
              72.8797495,
              19.1038206
            ],
            [
              72.8795618,
              19.103045
            ]
          ]
        ]
      },
      "id": "way/570227357"
    },
    {
      "type": "Feature",
      "properties": {
        "@id": "way/576984048",
        "alt_name": "Ghansoli Depot",
        "bus": "yes",
        "depot": "bus",
        "industrial": "bus_depot",
        "internet_access": "no",
        "internet_access:fee": "no",
        "landuse": "industrial",
        "name": "Ghansoli Bus Depot",
        "name:en": "Ghansoli Bus Depot",
        "note": "Prospective editors are encouraged to contact the surveyors prior to editing.",
        "operator": "NMMT",
        "public_transport": "yes",
        "source": "Irasus Technologies Private Limited;JBM Green Energy Systems Private Limited"
      },
      "geometry": {
        "type": "Polygon",
        "coordinates": [
          [
            [
              72.9905261,
              19.1219536
            ],
            [
              72.9908252,
              19.1209409
            ],
            [
              72.9928804,
              19.1214828
            ],
            [
              72.9929461,
              19.1216582
            ],
            [
              72.9926902,
              19.1225243
            ],
            [
              72.9905261,
              19.1219536
            ]
          ]
        ]
      },
      "id": "way/576984048"
    },
    {
      "type": "Feature",
      "properties": {
        "@id": "way/583252239",
        "landuse": "industrial"
      },
      "geometry": {
        "type": "Polygon",
        "coordinates": [
          [
            [
              72.855328,
              19.0370673
            ],
            [
              72.8537857,
              19.0378093
            ],
            [
              72.8530589,
              19.0366481
            ],
            [
              72.8530133,
              19.0363666
            ],
            [
              72.8530186,
              19.0361181
            ],
            [
              72.8530374,
              19.0359203
            ],
            [
              72.8538072,
              19.0355679
            ],
            [
              72.8538072,
              19.0350557
            ],
            [
              72.8534585,
              19.0341936
            ],
            [
              72.8544413,
              19.0338561
            ],
            [
              72.855119,
              19.0351203
            ],
            [
              72.8553499,
              19.0355511
            ],
            [
              72.854234,
              19.0362184
            ],
            [
              72.8548069,
              19.0366033
            ],
            [
              72.855328,
              19.0370673
            ]
          ]
        ]
      },
      "id": "way/583252239"
    },
    {
      "type": "Feature",
      "properties": {
        "@id": "way/603251685",
        "industrial": "electrical",
        "landuse": "industrial",
        "name": "Bharat Bijli"
      },
      "geometry": {
        "type": "Polygon",
        "coordinates": [
          [
            [
              73.0006843,
              19.1558996
            ],
            [
              73.0009252,
              19.1557262
            ],
            [
              73.001376,
              19.1556628
            ],
            [
              73.0048168,
              19.1557562
            ],
            [
              73.0053541,
              19.1557718
            ],
            [
              73.0054679,
              19.1567017
            ],
            [
              73.0054084,
              19.1575617
            ],
            [
              73.0053215,
              19.1585456
            ],
            [
              73.0052035,
              19.1596503
            ],
            [
              73.0041777,
              19.159701
            ],
            [
              73.0023344,
              19.1593424
            ],
            [
              73.0014221,
              19.1592764
            ],
            [
              73.0010415,
              19.1590464
            ],
            [
              73.0010075,
              19.1590259
            ],
            [
              73.0002286,
              19.1590049
            ],
            [
              73.0002435,
              19.1583085
            ],
            [
              73.000295,
              19.1575727
            ],
            [
              73.0004184,
              19.1565541
            ],
            [
              73.0004384,
              19.1561657
            ],
            [
              73.0006843,
              19.1558996
            ]
          ]
        ]
      },
      "id": "way/603251685"
    },
    {
      "type": "Feature",
      "properties": {
        "@id": "way/615442011",
        "industrial": "distributor",
        "landuse": "industrial",
        "name": "Ambuja Cement"
      },
      "geometry": {
        "type": "Polygon",
        "coordinates": [
          [
            [
              73.0300465,
              18.9910504
            ],
            [
              73.032266,
              18.992177
            ],
            [
              73.031747,
              18.9930911
            ],
            [
              73.0295275,
              18.9919645
            ],
            [
              73.0300465,
              18.9910504
            ]
          ]
        ]
      },
      "id": "way/615442011"
    },
    {
      "type": "Feature",
      "properties": {
        "@id": "way/617979917",
        "landuse": "industrial"
      },
      "geometry": {
        "type": "Polygon",
        "coordinates": [
          [
            [
              72.9289278,
              19.1622507
            ],
            [
              72.9287428,
              19.1619998
            ],
            [
              72.9287716,
              19.1617729
            ],
            [
              72.9286542,
              19.1605502
            ],
            [
              72.9285979,
              19.1602693
            ],
            [
              72.9284516,
              19.1598437
            ],
            [
              72.9284,
              19.1590646
            ],
            [
              72.9285324,
              19.1578288
            ],
            [
              72.9287294,
              19.1578117
            ],
            [
              72.9286462,
              19.1582145
            ],
            [
              72.9285872,
              19.1587441
            ],
            [
              72.9286006,
              19.1595497
            ],
            [
              72.9288447,
              19.1605505
            ],
            [
              72.9288581,
              19.1611054
            ],
            [
              72.9290754,
              19.1622151
            ],
            [
              72.9289278,
              19.1622507
            ]
          ]
        ]
      },
      "id": "way/617979917"
    },
    {
      "type": "Feature",
      "properties": {
        "@id": "way/617989964",
        "landuse": "industrial",
        "name": "TATA Power Salsette Receiving Station"
      },
      "geometry": {
        "type": "Polygon",
        "coordinates": [
          [
            [
              72.932868,
              19.1550195
            ],
            [
              72.9332611,
              19.1548877
            ],
            [
              72.9341823,
              19.1545787
            ],
            [
              72.9349869,
              19.1546952
            ],
            [
              72.9346919,
              19.1559621
            ],
            [
              72.9324871,
              19.1558861
            ],
            [
              72.932868,
              19.1550195
            ]
          ]
        ]
      },
      "id": "way/617989964"
    },
    {
      "type": "Feature",
      "properties": {
        "@id": "way/617989965",
        "landuse": "industrial"
      },
      "geometry": {
        "type": "Polygon",
        "coordinates": [
          [
            [
              72.9311165,
              19.1589113
            ],
            [
              72.9308885,
              19.1584755
            ],
            [
              72.9307812,
              19.1580194
            ],
            [
              72.9304969,
              19.1576394
            ],
            [
              72.9308563,
              19.157158
            ],
            [
              72.9311836,
              19.1572745
            ],
            [
              72.9315376,
              19.1579992
            ],
            [
              72.9313284,
              19.1584552
            ],
            [
              72.9314357,
              19.1588505
            ],
            [
              72.931256,
              19.1589265
            ],
            [
              72.9311165,
              19.1589113
            ]
          ]
        ]
      },
      "id": "way/617989965"
    },
    {
      "type": "Feature",
      "properties": {
        "@id": "way/617990345",
        "landuse": "industrial"
      },
      "geometry": {
        "type": "Polygon",
        "coordinates": [
          [
            [
              72.9345846,
              19.1572897
            ],
            [
              72.9345792,
              19.1569198
            ],
            [
              72.9349548,
              19.1555972
            ],
            [
              72.9366934,
              19.1555527
            ],
            [
              72.9366593,
              19.1559001
            ],
            [
              72.9372992,
              19.1559439
            ],
            [
              72.9373473,
              19.1563067
            ],
            [
              72.9369128,
              19.1563269
            ],
            [
              72.9369289,
              19.1570718
            ],
            [
              72.9345846,
              19.1572897
            ]
          ]
        ]
      },
      "id": "way/617990345"
    },
    {
      "type": "Feature",
      "properties": {
        "@id": "way/617990346",
        "landuse": "industrial"
      },
      "geometry": {
        "type": "Polygon",
        "coordinates": [
          [
            [
              72.9361349,
              19.1554807
            ],
            [
              72.9349896,
              19.1554579
            ],
            [
              72.935054,
              19.1551209
            ],
            [
              72.9360411,
              19.1548447
            ],
            [
              72.9361349,
              19.1554807
            ]
          ]
        ]
      },
      "id": "way/617990346"
    },
    {
      "type": "Feature",
      "properties": {
        "@id": "way/625740736",
        "landuse": "industrial"
      },
      "geometry": {
        "type": "Polygon",
        "coordinates": [
          [
            [
              72.8578798,
              19.0000765
            ],
            [
              72.8584877,
              19.0002847
            ],
            [
              72.8594345,
              19.0004521
            ],
            [
              72.8601372,
              19.0017657
            ],
            [
              72.8600567,
              19.001794
            ],
            [
              72.8578165,
              19.0013237
            ],
            [
              72.8578798,
              19.0000765
            ]
          ]
        ]
      },
      "id": "way/625740736"
    },
    {
      "type": "Feature",
      "properties": {
        "@id": "way/625740742",
        "landuse": "industrial",
        "name": "Sewri Dockyard"
      },
      "geometry": {
        "type": "Polygon",
        "coordinates": [
          [
            [
              72.8567529,
              18.9977371
            ],
            [
              72.856417,
              18.9985652
            ],
            [
              72.8567965,
              18.9987871
            ],
            [
              72.8564832,
              18.9995786
            ],
            [
              72.8556579,
              18.9998536
            ],
            [
              72.8553575,
              18.9989253
            ],
            [
              72.8545797,
              18.9971095
            ],
            [
              72.8546917,
              18.9969152
            ],
            [
              72.8567529,
              18.9977371
            ]
          ]
        ]
      },
      "id": "way/625740742"
    },
    {
      "type": "Feature",
      "properties": {
        "@id": "way/625740773",
        "landuse": "industrial"
      },
      "geometry": {
        "type": "Polygon",
        "coordinates": [
          [
            [
              72.8475919,
              18.9835767
            ],
            [
              72.8475738,
              18.9840124
            ],
            [
              72.8475121,
              18.9841925
            ],
            [
              72.8472009,
              18.9843574
            ],
            [
              72.8471366,
              18.9843472
            ],
            [
              72.8470266,
              18.9841469
            ],
            [
              72.8454226,
              18.9848088
            ],
            [
              72.8447118,
              18.9849889
            ],
            [
              72.8436148,
              18.9851436
            ],
            [
              72.8428826,
              18.9852197
            ],
            [
              72.8426932,
              18.9852242
            ],
            [
              72.8426564,
              18.9849292
            ],
            [
              72.8426383,
              18.9845568
            ],
            [
              72.8426601,
              18.9841243
            ],
            [
              72.8427626,
              18.9835824
            ],
            [
              72.8433755,
              18.9812586
            ],
            [
              72.8439187,
              18.9789159
            ],
            [
              72.8440267,
              18.9789398
            ],
            [
              72.8445895,
              18.9766947
            ],
            [
              72.8446628,
              18.9762867
            ],
            [
              72.8447687,
              18.9762957
            ],
            [
              72.8446957,
              18.9767153
            ],
            [
              72.8446984,
              18.9771921
            ],
            [
              72.8447682,
              18.9776081
            ],
            [
              72.8450149,
              18.9781509
            ],
            [
              72.8454816,
              18.9791426
            ],
            [
              72.8475919,
              18.9835767
            ]
          ]
        ]
      },
      "id": "way/625740773"
    },
    {
      "type": "Feature",
      "properties": {
        "@id": "way/625740775",
        "industrial": "petroleum_terminal",
        "landuse": "industrial",
        "name": "HPCL Lubricants Terminal"
      },
      "geometry": {
        "type": "Polygon",
        "coordinates": [
          [
            [
              72.8571922,
              18.9841646
            ],
            [
              72.8570915,
              18.9839554
            ],
            [
              72.8558164,
              18.981304
            ],
            [
              72.8588819,
              18.9806391
            ],
            [
              72.8589678,
              18.9811058
            ],
            [
              72.8579807,
              18.984053
            ],
            [
              72.8576589,
              18.9839617
            ],
            [
              72.8571922,
              18.9841646
            ]
          ]
        ]
      },
      "id": "way/625740775"
    },
    {
      "type": "Feature",
      "properties": {
        "@id": "way/625740777",
        "landuse": "industrial",
        "name": "Sewri Dockyard"
      },
      "geometry": {
        "type": "Polygon",
        "coordinates": [
          [
            [
              72.8514366,
              18.9911308
            ],
            [
              72.8455943,
              18.9787799
            ],
            [
              72.8453609,
              18.9780165
            ],
            [
              72.845149,
              18.9767635
            ],
            [
              72.8451277,
              18.9763263
            ],
            [
              72.8452576,
              18.9763374
            ],
            [
              72.8462487,
              18.9761801
            ],
            [
              72.8468925,
              18.9775244
            ],
            [
              72.8473484,
              18.978331
            ],
            [
              72.8475469,
              18.9786151
            ],
            [
              72.8488398,
              18.9795028
            ],
            [
              72.852181,
              18.9812907
            ],
            [
              72.8526713,
              18.9815761
            ],
            [
              72.8534873,
              18.9817281
            ],
            [
              72.8538315,
              18.9817098
            ],
            [
              72.8558164,
              18.981304
            ],
            [
              72.8570915,
              18.9839554
            ],
            [
              72.8571922,
              18.9841646
            ],
            [
              72.8576589,
              18.9839617
            ],
            [
              72.8579807,
              18.984053
            ],
            [
              72.8572029,
              18.9864169
            ],
            [
              72.8551805,
              18.9908198
            ],
            [
              72.8549874,
              18.9907285
            ],
            [
              72.8545368,
              18.9897799
            ],
            [
              72.8541076,
              18.9899778
            ],
            [
              72.8545314,
              18.9909923
            ],
            [
              72.854585,
              18.9916365
            ],
            [
              72.8545046,
              18.9923009
            ],
            [
              72.8541344,
              18.9931835
            ],
            [
              72.8536248,
              18.9947002
            ],
            [
              72.8535819,
              18.995177
            ],
            [
              72.8532125,
              18.994662
            ],
            [
              72.8521342,
              18.9923498
            ],
            [
              72.8514366,
              18.9911308
            ]
          ]
        ]
      },
      "id": "way/625740777"
    },
    {
      "type": "Feature",
      "properties": {
        "@id": "way/625740780",
        "landuse": "industrial",
        "name": "MTHL Casting Yard"
      },
      "geometry": {
        "type": "Polygon",
        "coordinates": [
          [
            [
              72.8597799,
              18.9981445
            ],
            [
              72.8563499,
              18.9965465
            ],
            [
              72.8554755,
              18.9959073
            ],
            [
              72.8562963,
              18.9940127
            ],
            [
              72.8577903,
              18.9945886
            ],
            [
              72.8577796,
              18.9946368
            ],
            [
              72.8588712,
              18.9950578
            ],
            [
              72.8589249,
              18.9948878
            ],
            [
              72.8608301,
              18.9955553
            ],
            [
              72.8597799,
              18.9981445
            ]
          ]
        ]
      },
      "id": "way/625740780"
    },
    {
      "type": "Feature",
      "properties": {
        "@id": "way/625809290",
        "landuse": "industrial"
      },
      "geometry": {
        "type": "Polygon",
        "coordinates": [
          [
            [
              72.8477588,
              18.9985145
            ],
            [
              72.8481665,
              18.9988949
            ],
            [
              72.8480673,
              18.999004
            ],
            [
              72.8481799,
              18.9991434
            ],
            [
              72.8477266,
              18.9995239
            ],
            [
              72.847209,
              18.9990826
            ],
            [
              72.8470159,
              18.9988036
            ],
            [
              72.8473377,
              18.9989203
            ],
            [
              72.8477588,
              18.9985145
            ]
          ]
        ]
      },
      "id": "way/625809290"
    },
    {
      "type": "Feature",
      "properties": {
        "@id": "way/625809298",
        "landuse": "industrial",
        "name": "Thakkar Estate"
      },
      "geometry": {
        "type": "Polygon",
        "coordinates": [
          [
            [
              72.8423703,
              18.9734914
            ],
            [
              72.8403425,
              18.9734154
            ],
            [
              72.840423,
              18.9728725
            ],
            [
              72.8423595,
              18.9730602
            ],
            [
              72.8423703,
              18.9734914
            ]
          ]
        ]
      },
      "id": "way/625809298"
    },
    {
      "type": "Feature",
      "properties": {
        "@id": "way/626243764",
        "landuse": "industrial"
      },
      "geometry": {
        "type": "Polygon",
        "coordinates": [
          [
            [
              72.9198167,
              19.0591857
            ],
            [
              72.9226863,
              19.0577397
            ],
            [
              72.9227588,
              19.0577599
            ],
            [
              72.9234239,
              19.0591011
            ],
            [
              72.9211467,
              19.060252
            ],
            [
              72.9210851,
              19.060143
            ],
            [
              72.9206409,
              19.0603759
            ],
            [
              72.9205001,
              19.0601258
            ],
            [
              72.9200122,
              19.0596233
            ],
            [
              72.9198167,
              19.0591857
            ]
          ]
        ]
      },
      "id": "way/626243764"
    },
    {
      "type": "Feature",
      "properties": {
        "@id": "way/626243766",
        "landuse": "industrial"
      },
      "geometry": {
        "type": "Polygon",
        "coordinates": [
          [
            [
              72.9203099,
              19.0581225
            ],
            [
              72.9205996,
              19.0586498
            ],
            [
              72.9186523,
              19.0596791
            ],
            [
              72.9186362,
              19.0594965
            ],
            [
              72.9186845,
              19.0592836
            ],
            [
              72.918781,
              19.0591315
            ],
            [
              72.9203099,
              19.0581225
            ]
          ]
        ]
      },
      "id": "way/626243766"
    },
    {
      "type": "Feature",
      "properties": {
        "@id": "way/626243767",
        "landuse": "industrial"
      },
      "geometry": {
        "type": "Polygon",
        "coordinates": [
          [
            [
              72.921018,
              19.0574126
            ],
            [
              72.9191565,
              19.0587157
            ],
            [
              72.9186952,
              19.0591061
            ],
            [
              72.9185933,
              19.0592836
            ],
            [
              72.9185611,
              19.0594813
            ],
            [
              72.9185772,
              19.0597146
            ],
            [
              72.9183733,
              19.059821
            ],
            [
              72.9181319,
              19.0591568
            ],
            [
              72.9178047,
              19.0585889
            ],
            [
              72.9186898,
              19.0576763
            ],
            [
              72.9190546,
              19.0573416
            ],
            [
              72.9193819,
              19.0571895
            ],
            [
              72.9205728,
              19.0566014
            ],
            [
              72.921018,
              19.0574126
            ]
          ]
        ]
      },
      "id": "way/626243767"
    },
    {
      "type": "Feature",
      "properties": {
        "@id": "way/626243768",
        "landuse": "industrial"
      },
      "geometry": {
        "type": "Polygon",
        "coordinates": [
          [
            [
              72.9214257,
              19.0581782
            ],
            [
              72.9207122,
              19.0585585
            ],
            [
              72.9204065,
              19.0580363
            ],
            [
              72.9211092,
              19.0575647
            ],
            [
              72.9214257,
              19.0581782
            ]
          ]
        ]
      },
      "id": "way/626243768"
    },
    {
      "type": "Feature",
      "properties": {
        "@id": "way/626243769",
        "landuse": "industrial"
      },
      "geometry": {
        "type": "Polygon",
        "coordinates": [
          [
            [
              72.9220061,
              19.0563379
            ],
            [
              72.9226381,
              19.0575698
            ],
            [
              72.9221033,
              19.057868
            ],
            [
              72.9215448,
              19.0581154
            ],
            [
              72.920866,
              19.0568668
            ],
            [
              72.9210407,
              19.0567857
            ],
            [
              72.9220061,
              19.0563379
            ]
          ]
        ]
      },
      "id": "way/626243769"
    },
    {
      "type": "Feature",
      "properties": {
        "@id": "way/626243771",
        "industrial": "slaughterhouse",
        "landuse": "industrial",
        "name": "Deonar Abattoir"
      },
      "geometry": {
        "type": "Polygon",
        "coordinates": [
          [
            [
              72.9172039,
              19.0588425
            ],
            [
              72.9171449,
              19.0589008
            ],
            [
              72.9168203,
              19.0592202
            ],
            [
              72.9161686,
              19.0595396
            ],
            [
              72.9157019,
              19.0598008
            ],
            [
              72.9156268,
              19.0597932
            ],
            [
              72.9153612,
              19.0597095
            ],
            [
              72.9144868,
              19.0589287
            ],
            [
              72.9144561,
              19.0588986
            ],
            [
              72.914409,
              19.0588526
            ],
            [
              72.913658,
              19.0573721
            ],
            [
              72.9136258,
              19.0572149
            ],
            [
              72.9136687,
              19.0570983
            ],
            [
              72.9150018,
              19.056216
            ],
            [
              72.9191029,
              19.0536148
            ],
            [
              72.9209375,
              19.056216
            ],
            [
              72.918942,
              19.057154
            ],
            [
              72.9187328,
              19.0572859
            ],
            [
              72.9172039,
              19.0588425
            ]
          ]
        ]
      },
      "id": "way/626243771"
    },
    {
      "type": "Feature",
      "properties": {
        "@id": "way/626243839",
        "landuse": "industrial"
      },
      "geometry": {
        "type": "Polygon",
        "coordinates": [
          [
            [
              72.9255,
              19.0561577
            ],
            [
              72.9260252,
              19.0558716
            ],
            [
              72.9262054,
              19.0557901
            ],
            [
              72.9262751,
              19.0558484
            ],
            [
              72.9263771,
              19.055894
            ],
            [
              72.9265058,
              19.0559295
            ],
            [
              72.9266533,
              19.0559244
            ],
            [
              72.9266641,
              19.0559777
            ],
            [
              72.9256797,
              19.0564695
            ],
            [
              72.9255,
              19.0561577
            ]
          ]
        ]
      },
      "id": "way/626243839"
    },
    {
      "type": "Feature",
      "properties": {
        "@id": "way/626243840",
        "landuse": "industrial"
      },
      "geometry": {
        "type": "Polygon",
        "coordinates": [
          [
            [
              72.9268437,
              19.0573131
            ],
            [
              72.925626,
              19.0579374
            ],
            [
              72.925339,
              19.0574202
            ],
            [
              72.9250601,
              19.0569106
            ],
            [
              72.9258648,
              19.0565126
            ],
            [
              72.926133,
              19.0569968
            ],
            [
              72.9265527,
              19.0567831
            ],
            [
              72.9268437,
              19.0573131
            ]
          ]
        ]
      },
      "id": "way/626243840"
    },
    {
      "type": "Feature",
      "properties": {
        "@id": "way/626249298",
        "landuse": "industrial"
      },
      "geometry": {
        "type": "Polygon",
        "coordinates": [
          [
            [
              72.8552856,
              18.9956225
            ],
            [
              72.8547299,
              18.9951389
            ],
            [
              72.8540431,
              18.9946946
            ],
            [
              72.8541827,
              18.9940306
            ],
            [
              72.8547909,
              18.9925771
            ],
            [
              72.8563295,
              18.9931745
            ],
            [
              72.8552856,
              18.9956225
            ]
          ]
        ]
      },
      "id": "way/626249298"
    },
    {
      "type": "Feature",
      "properties": {
        "@id": "way/626249299",
        "landuse": "industrial"
      },
      "geometry": {
        "type": "Polygon",
        "coordinates": [
          [
            [
              72.8583841,
              18.9983844
            ],
            [
              72.8579852,
              18.9993679
            ],
            [
              72.8569549,
              18.9987439
            ],
            [
              72.8572871,
              18.9979491
            ],
            [
              72.8583841,
              18.9983844
            ]
          ]
        ]
      },
      "id": "way/626249299"
    },
    {
      "type": "Feature",
      "properties": {
        "@id": "way/626249300",
        "landuse": "industrial"
      },
      "geometry": {
        "type": "Polygon",
        "coordinates": [
          [
            [
              72.8581068,
              18.999463
            ],
            [
              72.8585098,
              18.9984342
            ],
            [
              72.8595663,
              18.9988534
            ],
            [
              72.8592387,
              18.9998891
            ],
            [
              72.8581068,
              18.999463
            ]
          ]
        ]
      },
      "id": "way/626249300"
    },
    {
      "type": "Feature",
      "properties": {
        "@id": "way/626348892",
        "landuse": "industrial"
      },
      "geometry": {
        "type": "Polygon",
        "coordinates": [
          [
            [
              72.9152594,
              19.0636086
            ],
            [
              72.9151586,
              19.0633294
            ],
            [
              72.9159754,
              19.0631243
            ],
            [
              72.9166332,
              19.0628528
            ],
            [
              72.9168223,
              19.0632123
            ],
            [
              72.9152594,
              19.0636086
            ]
          ]
        ]
      },
      "id": "way/626348892"
    },
    {
      "type": "Feature",
      "properties": {
        "@id": "way/626348893",
        "amenity": "marketplace",
        "landuse": "industrial",
        "name": "Janata Timber Market"
      },
      "geometry": {
        "type": "Polygon",
        "coordinates": [
          [
            [
              72.9164529,
              19.0623359
            ],
            [
              72.9161929,
              19.0617688
            ],
            [
              72.9160023,
              19.0618238
            ],
            [
              72.9159158,
              19.0614093
            ],
            [
              72.9159915,
              19.0613776
            ],
            [
              72.9158252,
              19.061114
            ],
            [
              72.9159057,
              19.061081
            ],
            [
              72.9165441,
              19.0610252
            ],
            [
              72.9168579,
              19.0611317
            ],
            [
              72.9170886,
              19.0613472
            ],
            [
              72.9174212,
              19.0619252
            ],
            [
              72.9164529,
              19.0623359
            ]
          ]
        ]
      },
      "id": "way/626348893"
    },
    {
      "type": "Feature",
      "properties": {
        "@id": "way/626348929",
        "landuse": "industrial"
      },
      "geometry": {
        "type": "Polygon",
        "coordinates": [
          [
            [
              72.9174372,
              19.0528036
            ],
            [
              72.9171529,
              19.0528847
            ],
            [
              72.9171717,
              19.0530038
            ],
            [
              72.9170591,
              19.0530393
            ],
            [
              72.9169759,
              19.0528264
            ],
            [
              72.9169143,
              19.0528542
            ],
            [
              72.9168472,
              19.052365
            ],
            [
              72.917212,
              19.0521292
            ],
            [
              72.9174372,
              19.0528036
            ]
          ]
        ]
      },
      "id": "way/626348929"
    },
    {
      "type": "Feature",
      "properties": {
        "@id": "way/626376025",
        "landuse": "industrial"
      },
      "geometry": {
        "type": "Polygon",
        "coordinates": [
          [
            [
              72.9114144,
              19.0649229
            ],
            [
              72.9115096,
              19.0650472
            ],
            [
              72.9120877,
              19.0652079
            ],
            [
              72.9117215,
              19.0654997
            ],
            [
              72.9109409,
              19.0663793
            ],
            [
              72.910611,
              19.0669954
            ],
            [
              72.9102945,
              19.0677002
            ],
            [
              72.9102761,
              19.0678133
            ],
            [
              72.9100773,
              19.0678168
            ],
            [
              72.910265,
              19.0665568
            ],
            [
              72.910383,
              19.0662425
            ],
            [
              72.9105788,
              19.0658369
            ],
            [
              72.9108793,
              19.0654059
            ],
            [
              72.9111984,
              19.0650814
            ],
            [
              72.9114144,
              19.0649229
            ]
          ]
        ]
      },
      "id": "way/626376025"
    },
    {
      "type": "Feature",
      "properties": {
        "@id": "way/626382663",
        "landuse": "industrial"
      },
      "geometry": {
        "type": "Polygon",
        "coordinates": [
          [
            [
              72.8659787,
              19.0170739
            ],
            [
              72.8657786,
              19.0169173
            ],
            [
              72.8668427,
              19.0161648
            ],
            [
              72.8670035,
              19.0164097
            ],
            [
              72.8659787,
              19.0170739
            ]
          ]
        ]
      },
      "id": "way/626382663"
    },
    {
      "type": "Feature",
      "properties": {
        "@id": "way/626382667",
        "landuse": "industrial"
      },
      "geometry": {
        "type": "Polygon",
        "coordinates": [
          [
            [
              72.8602445,
              19.0041623
            ],
            [
              72.8605463,
              19.0041593
            ],
            [
              72.8608001,
              19.0053422
            ],
            [
              72.8611843,
              19.0052825
            ],
            [
              72.8612208,
              19.0053923
            ],
            [
              72.8619826,
              19.0052198
            ],
            [
              72.8637743,
              19.0059857
            ],
            [
              72.8634149,
              19.0067465
            ],
            [
              72.8620831,
              19.0068047
            ],
            [
              72.8612771,
              19.0055702
            ],
            [
              72.8602819,
              19.005819
            ],
            [
              72.8600353,
              19.0051082
            ],
            [
              72.8600353,
              19.004951
            ],
            [
              72.8602445,
              19.0041623
            ]
          ]
        ]
      },
      "id": "way/626382667"
    },
    {
      "type": "Feature",
      "properties": {
        "@id": "way/626382689",
        "landuse": "industrial"
      },
      "geometry": {
        "type": "Polygon",
        "coordinates": [
          [
            [
              72.8608576,
              19.0026017
            ],
            [
              72.8609442,
              19.004145
            ],
            [
              72.8605463,
              19.0041593
            ],
            [
              72.8602445,
              19.0041623
            ],
            [
              72.8606254,
              19.002557
            ],
            [
              72.8607949,
              19.0025219
            ],
            [
              72.8608292,
              19.0026077
            ],
            [
              72.8608576,
              19.0026017
            ]
          ]
        ]
      },
      "id": "way/626382689"
    },
    {
      "type": "Feature",
      "properties": {
        "@id": "way/626382691",
        "landuse": "industrial"
      },
      "geometry": {
        "type": "Polygon",
        "coordinates": [
          [
            [
              72.8621542,
              19.0019636
            ],
            [
              72.8622293,
              19.0023135
            ],
            [
              72.8608576,
              19.0026017
            ],
            [
              72.8608292,
              19.0026077
            ],
            [
              72.8607949,
              19.0025219
            ],
            [
              72.860679,
              19.0022324
            ],
            [
              72.8621542,
              19.0019636
            ]
          ]
        ]
      },
      "id": "way/626382691"
    },
    {
      "type": "Feature",
      "properties": {
        "@id": "way/627628770",
        "landuse": "industrial"
      },
      "geometry": {
        "type": "Polygon",
        "coordinates": [
          [
            [
              72.9455763,
              19.1532134
            ],
            [
              72.9444878,
              19.153204
            ],
            [
              72.9437276,
              19.1531939
            ],
            [
              72.9437209,
              19.1513365
            ],
            [
              72.9439598,
              19.1509394
            ],
            [
              72.9452258,
              19.1526421
            ],
            [
              72.94543,
              19.1529749
            ],
            [
              72.9455763,
              19.1532134
            ]
          ]
        ]
      },
      "id": "way/627628770"
    },
    {
      "type": "Feature",
      "properties": {
        "@id": "way/627628779",
        "landuse": "industrial"
      },
      "geometry": {
        "type": "Polygon",
        "coordinates": [
          [
            [
              72.9419526,
              19.1610674
            ],
            [
              72.9426407,
              19.1607943
            ],
            [
              72.9427761,
              19.1607406
            ],
            [
              72.9428698,
              19.1609561
            ],
            [
              72.9431915,
              19.1608276
            ],
            [
              72.9435725,
              19.1617041
            ],
            [
              72.9422933,
              19.1622152
            ],
            [
              72.9420599,
              19.1616932
            ],
            [
              72.9421994,
              19.1616425
            ],
            [
              72.9419526,
              19.1610674
            ]
          ]
        ]
      },
      "id": "way/627628779"
    },
    {
      "type": "Feature",
      "properties": {
        "@id": "way/628548470",
        "landuse": "industrial"
      },
      "geometry": {
        "type": "Polygon",
        "coordinates": [
          [
            [
              72.9988235,
              19.1829792
            ],
            [
              72.9987313,
              19.182851
            ],
            [
              72.9988655,
              19.1820831
            ],
            [
              72.9994238,
              19.1820548
            ],
            [
              72.9997837,
              19.1822597
            ],
            [
              73.0001002,
              19.1822141
            ],
            [
              73.0004597,
              19.1820418
            ],
            [
              73.0003899,
              19.1813123
            ],
            [
              73.0001432,
              19.1812768
            ],
            [
              73.0002022,
              19.1800456
            ],
            [
              73.0013448,
              19.1797011
            ],
            [
              73.0021575,
              19.1798291
            ],
            [
              73.0020368,
              19.183116
            ],
            [
              72.9988235,
              19.1829792
            ]
          ]
        ]
      },
      "id": "way/628548470"
    },
    {
      "type": "Feature",
      "properties": {
        "@id": "way/628785872",
        "landuse": "industrial"
      },
      "geometry": {
        "type": "Polygon",
        "coordinates": [
          [
            [
              72.8646252,
              19.116393
            ],
            [
              72.8643143,
              19.1164202
            ],
            [
              72.8641603,
              19.1154448
            ],
            [
              72.8648757,
              19.1153934
            ],
            [
              72.8649481,
              19.1148629
            ],
            [
              72.8652651,
              19.1148287
            ],
            [
              72.8653647,
              19.1146405
            ],
            [
              72.8659171,
              19.114572
            ],
            [
              72.8658899,
              19.1141613
            ],
            [
              72.8671034,
              19.114033
            ],
            [
              72.8672301,
              19.114726
            ],
            [
              72.868027,
              19.1150683
            ],
            [
              72.8681244,
              19.1150623
            ],
            [
              72.8681517,
              19.1152051
            ],
            [
              72.8681785,
              19.1157678
            ],
            [
              72.8646111,
              19.1160567
            ],
            [
              72.8646252,
              19.116393
            ]
          ]
        ]
      },
      "id": "way/628785872"
    },
    {
      "type": "Feature",
      "properties": {
        "@id": "way/628785873",
        "landuse": "industrial",
        "name": "MIDC Industrial Estate"
      },
      "geometry": {
        "type": "Polygon",
        "coordinates": [
          [
            [
              72.8613844,
              19.1212718
            ],
            [
              72.8613087,
              19.1209689
            ],
            [
              72.8593621,
              19.1212874
            ],
            [
              72.8586191,
              19.1188953
            ],
            [
              72.8597832,
              19.1185251
            ],
            [
              72.8598869,
              19.1188662
            ],
            [
              72.8629426,
              19.1177405
            ],
            [
              72.8630284,
              19.1179165
            ],
            [
              72.8633412,
              19.1187265
            ],
            [
              72.8616458,
              19.1191717
            ],
            [
              72.8617943,
              19.119646
            ],
            [
              72.8635103,
              19.1192201
            ],
            [
              72.8636885,
              19.1199037
            ],
            [
              72.8638335,
              19.120675
            ],
            [
              72.8613844,
              19.1212718
            ]
          ]
        ]
      },
      "id": "way/628785873"
    },
    {
      "type": "Feature",
      "properties": {
        "@id": "way/628785884",
        "landuse": "industrial"
      },
      "geometry": {
        "type": "Polygon",
        "coordinates": [
          [
            [
              72.8693962,
              19.1160313
            ],
            [
              72.8693682,
              19.1157887
            ],
            [
              72.869364,
              19.1157526
            ],
            [
              72.8687257,
              19.1157069
            ],
            [
              72.8686294,
              19.1153057
            ],
            [
              72.8685969,
              19.1151747
            ],
            [
              72.8682697,
              19.1151291
            ],
            [
              72.8682214,
              19.1147388
            ],
            [
              72.8691709,
              19.1145817
            ],
            [
              72.8693533,
              19.1143485
            ],
            [
              72.8697503,
              19.1142827
            ],
            [
              72.8696912,
              19.1138873
            ],
            [
              72.8699326,
              19.1136643
            ],
            [
              72.8699487,
              19.1135528
            ],
            [
              72.8698683,
              19.1130003
            ],
            [
              72.8704476,
              19.1129141
            ],
            [
              72.8703564,
              19.1123008
            ],
            [
              72.8705603,
              19.1122501
            ],
            [
              72.8705442,
              19.1121487
            ],
            [
              72.870909,
              19.1120271
            ],
            [
              72.8710216,
              19.1125035
            ],
            [
              72.8710914,
              19.1134311
            ],
            [
              72.8710699,
              19.1142218
            ],
            [
              72.8709412,
              19.1148554
            ],
            [
              72.8705925,
              19.1156208
            ],
            [
              72.8697824,
              19.1160212
            ],
            [
              72.8693962,
              19.1160313
            ]
          ]
        ]
      },
      "id": "way/628785884"
    },
    {
      "type": "Feature",
      "properties": {
        "@id": "way/628787494",
        "landuse": "industrial",
        "name": "MIDC Industrial Estate"
      },
      "geometry": {
        "type": "Polygon",
        "coordinates": [
          [
            [
              72.8638542,
              19.120785
            ],
            [
              72.8639234,
              19.1217564
            ],
            [
              72.863983,
              19.1223294
            ],
            [
              72.8639611,
              19.1227136
            ],
            [
              72.8640979,
              19.1236538
            ],
            [
              72.8629201,
              19.1239224
            ],
            [
              72.8617642,
              19.1237902
            ],
            [
              72.8613979,
              19.1213837
            ],
            [
              72.8638542,
              19.120785
            ]
          ]
        ]
      },
      "id": "way/628787494"
    },
    {
      "type": "Feature",
      "properties": {
        "@id": "way/628790462",
        "landuse": "industrial",
        "man_made": "water_works",
        "name": "Andheri Veravali Reservoir"
      },
      "geometry": {
        "type": "Polygon",
        "coordinates": [
          [
            [
              72.8714722,
              19.1348044
            ],
            [
              72.8704208,
              19.1335323
            ],
            [
              72.8708821,
              19.1328735
            ],
            [
              72.8729528,
              19.1316825
            ],
            [
              72.8737628,
              19.1322247
            ],
            [
              72.8735697,
              19.1330356
            ],
            [
              72.8733766,
              19.1333904
            ],
            [
              72.8735805,
              19.1337452
            ],
            [
              72.8726248,
              19.1342253
            ],
            [
              72.8714722,
              19.1348044
            ]
          ]
        ]
      },
      "id": "way/628790462"
    },
    {
      "type": "Feature",
      "properties": {
        "@id": "way/628887313",
        "landuse": "industrial",
        "name": "Modern Bakery"
      },
      "geometry": {
        "type": "Polygon",
        "coordinates": [
          [
            [
              72.8764933,
              19.1382354
            ],
            [
              72.8780356,
              19.138205
            ],
            [
              72.878041,
              19.1384381
            ],
            [
              72.8783333,
              19.1384533
            ],
            [
              72.8783226,
              19.1393985
            ],
            [
              72.8765282,
              19.1394061
            ],
            [
              72.8765094,
              19.1390412
            ],
            [
              72.8764933,
              19.1382354
            ]
          ]
        ]
      },
      "id": "way/628887313"
    },
    {
      "type": "Feature",
      "properties": {
        "@id": "way/629100983",
        "landuse": "industrial"
      },
      "geometry": {
        "type": "Polygon",
        "coordinates": [
          [
            [
              72.8793231,
              19.1526885
            ],
            [
              72.879425,
              19.1527215
            ],
            [
              72.8798434,
              19.1532687
            ],
            [
              72.8787786,
              19.1539047
            ],
            [
              72.8785506,
              19.153289
            ],
            [
              72.8785586,
              19.1532029
            ],
            [
              72.8787786,
              19.1529976
            ],
            [
              72.879197,
              19.1527189
            ],
            [
              72.8793231,
              19.1526885
            ]
          ]
        ]
      },
      "id": "way/629100983"
    },
    {
      "type": "Feature",
      "properties": {
        "@id": "way/629104584",
        "landuse": "industrial"
      },
      "geometry": {
        "type": "Polygon",
        "coordinates": [
          [
            [
              72.8824854,
              19.1449097
            ],
            [
              72.8824317,
              19.1459537
            ],
            [
              72.8814876,
              19.1459182
            ],
            [
              72.8814981,
              19.1455756
            ],
            [
              72.8815198,
              19.1448692
            ],
            [
              72.8824854,
              19.1449097
            ]
          ]
        ]
      },
      "id": "way/629104584"
    },
    {
      "type": "Feature",
      "properties": {
        "@id": "way/629105307",
        "industrial": "depot",
        "landuse": "industrial",
        "name": "Aarey Metro Depot",
        "source": "https://www.mmrcl.com/en/faq/faq-on-aarey"
      },
      "geometry": {
        "type": "Polygon",
        "coordinates": [
          [
            [
              72.8834358,
              19.131111
            ],
            [
              72.8834376,
              19.1312276
            ],
            [
              72.883455,
              19.1313708
            ],
            [
              72.885287,
              19.1311389
            ],
            [
              72.8852373,
              19.1307836
            ],
            [
              72.8865045,
              19.1306885
            ],
            [
              72.8865516,
              19.1308133
            ],
            [
              72.8875226,
              19.1311757
            ],
            [
              72.8876325,
              19.1318421
            ],
            [
              72.8882682,
              19.1329292
            ],
            [
              72.8882951,
              19.1330508
            ],
            [
              72.8882065,
              19.1332384
            ],
            [
              72.8880778,
              19.1336286
            ],
            [
              72.887941,
              19.1337857
            ],
            [
              72.8878471,
              19.1338947
            ],
            [
              72.887705,
              19.1339504
            ],
            [
              72.8874877,
              19.1339808
            ],
            [
              72.8871712,
              19.1339327
            ],
            [
              72.8871122,
              19.1339403
            ],
            [
              72.8869942,
              19.134029
            ],
            [
              72.8844488,
              19.134252
            ],
            [
              72.8838801,
              19.1343939
            ],
            [
              72.883054,
              19.1348602
            ],
            [
              72.8823513,
              19.135296
            ],
            [
              72.8822869,
              19.1351136
            ],
            [
              72.8821099,
              19.1346676
            ],
            [
              72.8815681,
              19.1332865
            ],
            [
              72.8813025,
              19.1326859
            ],
            [
              72.8811309,
              19.1324148
            ],
            [
              72.8810558,
              19.1324427
            ],
            [
              72.8807098,
              19.1322906
            ],
            [
              72.8804389,
              19.1319688
            ],
            [
              72.8802565,
              19.1319865
            ],
            [
              72.880168,
              19.1319663
            ],
            [
              72.8800178,
              19.1318928
            ],
            [
              72.87983,
              19.1318801
            ],
            [
              72.8791139,
              19.1319688
            ],
            [
              72.8789744,
              19.1319992
            ],
            [
              72.8785372,
              19.1320372
            ],
            [
              72.8781322,
              19.1320119
            ],
            [
              72.8778613,
              19.131946
            ],
            [
              72.877534,
              19.1318218
            ],
            [
              72.8771049,
              19.1315558
            ],
            [
              72.8768983,
              19.1313632
            ],
            [
              72.8765818,
              19.1309146
            ],
            [
              72.8768206,
              19.1308741
            ],
            [
              72.8769923,
              19.1310464
            ],
            [
              72.8771719,
              19.1308843
            ],
            [
              72.8772899,
              19.1309805
            ],
            [
              72.877467,
              19.1311123
            ],
            [
              72.8776199,
              19.1312339
            ],
            [
              72.8778613,
              19.1313606
            ],
            [
              72.8781563,
              19.1314823
            ],
            [
              72.878556,
              19.1315887
            ],
            [
              72.8788215,
              19.1316292
            ],
            [
              72.8791246,
              19.1316216
            ],
            [
              72.8801331,
              19.1314949
            ],
            [
              72.8805747,
              19.1314177
            ],
            [
              72.8813125,
              19.1313246
            ],
            [
              72.8823142,
              19.1311983
            ],
            [
              72.8834358,
              19.131111
            ]
          ]
        ]
      },
      "id": "way/629105307"
    },
    {
      "type": "Feature",
      "properties": {
        "@id": "way/632121173",
        "landuse": "industrial"
      },
      "geometry": {
        "type": "Polygon",
        "coordinates": [
          [
            [
              72.8648686,
              19.165448
            ],
            [
              72.8658771,
              19.1652757
            ],
            [
              72.8666335,
              19.1665931
            ],
            [
              72.8657752,
              19.1667654
            ],
            [
              72.8660059,
              19.167794
            ],
            [
              72.8655714,
              19.1678751
            ],
            [
              72.8648686,
              19.165448
            ]
          ]
        ]
      },
      "id": "way/632121173"
    },
    {
      "type": "Feature",
      "properties": {
        "@id": "way/632157128",
        "landuse": "industrial"
      },
      "geometry": {
        "type": "Polygon",
        "coordinates": [
          [
            [
              72.9452196,
              19.1613309
            ],
            [
              72.945351,
              19.1613436
            ],
            [
              72.9456722,
              19.1618852
            ],
            [
              72.9453268,
              19.1621032
            ],
            [
              72.944739,
              19.1624599
            ],
            [
              72.94432,
              19.1627141
            ],
            [
              72.9438824,
              19.1629787
            ],
            [
              72.9439303,
              19.1626406
            ],
            [
              72.9439951,
              19.1623809
            ],
            [
              72.9441324,
              19.1622852
            ],
            [
              72.9440503,
              19.162161
            ],
            [
              72.9436585,
              19.1623621
            ],
            [
              72.9435727,
              19.1620808
            ],
            [
              72.9452196,
              19.1613309
            ]
          ]
        ]
      },
      "id": "way/632157128"
    },
    {
      "type": "Feature",
      "properties": {
        "@id": "way/632157132",
        "landuse": "industrial",
        "name": "Raja Industrial Estate"
      },
      "geometry": {
        "type": "Polygon",
        "coordinates": [
          [
            [
              72.9424784,
              19.1655037
            ],
            [
              72.9417407,
              19.165904
            ],
            [
              72.9423631,
              19.1669096
            ],
            [
              72.9419337,
              19.1671546
            ],
            [
              72.9414108,
              19.1673152
            ],
            [
              72.9413035,
              19.1667248
            ],
            [
              72.940971,
              19.1667679
            ],
            [
              72.940947,
              19.1665872
            ],
            [
              72.9413094,
              19.1649318
            ],
            [
              72.9413016,
              19.164654
            ],
            [
              72.9419821,
              19.1646575
            ],
            [
              72.9419446,
              19.1647943
            ],
            [
              72.942304,
              19.1649463
            ],
            [
              72.9424784,
              19.1655037
            ]
          ]
        ]
      },
      "id": "way/632157132"
    },
    {
      "type": "Feature",
      "properties": {
        "@id": "way/634122539",
        "landuse": "industrial"
      },
      "geometry": {
        "type": "Polygon",
        "coordinates": [
          [
            [
              72.9409844,
              19.1859633
            ],
            [
              72.9399678,
              19.1864624
            ],
            [
              72.9399759,
              19.1861863
            ],
            [
              72.9399168,
              19.1858367
            ],
            [
              72.9396516,
              19.1853463
            ],
            [
              72.9395069,
              19.1850788
            ],
            [
              72.9394404,
              19.1849512
            ],
            [
              72.9391658,
              19.1844333
            ],
            [
              72.9399437,
              19.1839165
            ],
            [
              72.9403675,
              19.1845498
            ],
            [
              72.9408663,
              19.1855681
            ],
            [
              72.9409093,
              19.185786
            ],
            [
              72.9409844,
              19.1859633
            ]
          ]
        ]
      },
      "id": "way/634122539"
    },
    {
      "type": "Feature",
      "properties": {
        "@id": "way/661778947",
        "landuse": "industrial",
        "name": "Vodafone Datacenter"
      },
      "geometry": {
        "type": "Polygon",
        "coordinates": [
          [
            [
              73.002093,
              19.1792351
            ],
            [
              73.0023015,
              19.1780396
            ],
            [
              73.0045384,
              19.1783687
            ],
            [
              73.0046654,
              19.1783901
            ],
            [
              73.0046104,
              19.1785357
            ],
            [
              73.0035067,
              19.1783609
            ],
            [
              73.0032934,
              19.1794287
            ],
            [
              73.002093,
              19.1792351
            ]
          ]
        ]
      },
      "id": "way/661778947"
    },
    {
      "type": "Feature",
      "properties": {
        "@id": "way/665670035",
        "landuse": "industrial",
        "name": "Nandanvan Industrial Estate"
      },
      "geometry": {
        "type": "Polygon",
        "coordinates": [
          [
            [
              72.9429883,
              19.1676478
            ],
            [
              72.942531,
              19.16692
            ],
            [
              72.9434052,
              19.166376
            ],
            [
              72.9436895,
              19.166855
            ],
            [
              72.9438708,
              19.1671604
            ],
            [
              72.9434602,
              19.1673855
            ],
            [
              72.9429883,
              19.1676478
            ]
          ]
        ]
      },
      "id": "way/665670035"
    },
    {
      "type": "Feature",
      "properties": {
        "@id": "way/665670036",
        "landuse": "industrial"
      },
      "geometry": {
        "type": "Polygon",
        "coordinates": [
          [
            [
              72.9431278,
              19.1689429
            ],
            [
              72.9420847,
              19.1695114
            ],
            [
              72.941925,
              19.1692315
            ],
            [
              72.9423872,
              19.1689873
            ],
            [
              72.9422745,
              19.1687998
            ],
            [
              72.9428512,
              19.1684805
            ],
            [
              72.9431278,
              19.1689429
            ]
          ]
        ]
      },
      "id": "way/665670036"
    },
    {
      "type": "Feature",
      "properties": {
        "@id": "way/665670037",
        "landuse": "industrial",
        "name": "Anupam Industrial Estate 2"
      },
      "geometry": {
        "type": "Polygon",
        "coordinates": [
          [
            [
              72.9430342,
              19.1714074
            ],
            [
              72.9429182,
              19.1714802
            ],
            [
              72.9423615,
              19.1715844
            ],
            [
              72.9417153,
              19.1704417
            ],
            [
              72.942017,
              19.1702097
            ],
            [
              72.9422979,
              19.1701333
            ],
            [
              72.9423337,
              19.1702018
            ],
            [
              72.9430342,
              19.1714074
            ]
          ]
        ]
      },
      "id": "way/665670037"
    },
    {
      "type": "Feature",
      "properties": {
        "@id": "way/665687013",
        "landuse": "industrial",
        "name": "Nahur Udyog Premises"
      },
      "geometry": {
        "type": "Polygon",
        "coordinates": [
          [
            [
              72.9428968,
              19.1716576
            ],
            [
              72.9429625,
              19.1720743
            ],
            [
              72.9422651,
              19.1722098
            ],
            [
              72.9421779,
              19.1717918
            ],
            [
              72.9428968,
              19.1716576
            ]
          ]
        ]
      },
      "id": "way/665687013"
    },
    {
      "type": "Feature",
      "properties": {
        "@id": "way/665687032",
        "landuse": "industrial",
        "name": "Ashok Industrial Estate"
      },
      "geometry": {
        "type": "Polygon",
        "coordinates": [
          [
            [
              72.9378569,
              19.1675305
            ],
            [
              72.9379427,
              19.167908
            ],
            [
              72.9387662,
              19.1677611
            ],
            [
              72.9388954,
              19.1677092
            ],
            [
              72.9389058,
              19.1677331
            ],
            [
              72.9389191,
              19.1677636
            ],
            [
              72.9388654,
              19.1678118
            ],
            [
              72.9377952,
              19.1680119
            ],
            [
              72.9378086,
              19.1682652
            ],
            [
              72.9370791,
              19.1683108
            ],
            [
              72.9368913,
              19.1678903
            ],
            [
              72.9378569,
              19.1675305
            ]
          ]
        ]
      },
      "id": "way/665687032"
    },
    {
      "type": "Feature",
      "properties": {
        "@id": "way/665687033",
        "landuse": "industrial",
        "name": "Patel Compound"
      },
      "geometry": {
        "type": "Polygon",
        "coordinates": [
          [
            [
              72.9348635,
              19.1642268
            ],
            [
              72.9350808,
              19.1648576
            ],
            [
              72.9347484,
              19.1649823
            ],
            [
              72.9334499,
              19.1656778
            ],
            [
              72.9333565,
              19.1655736
            ],
            [
              72.9332033,
              19.1652427
            ],
            [
              72.9332113,
              19.1650831
            ],
            [
              72.9333186,
              19.1648855
            ],
            [
              72.9334071,
              19.1647943
            ],
            [
              72.9335627,
              19.1646955
            ],
            [
              72.9337424,
              19.1646347
            ],
            [
              72.9339999,
              19.1646068
            ],
            [
              72.9341957,
              19.1645612
            ],
            [
              72.9345471,
              19.1643661
            ],
            [
              72.9348635,
              19.1642268
            ]
          ]
        ]
      },
      "id": "way/665687033"
    },
    {
      "type": "Feature",
      "properties": {
        "@id": "way/665687036",
        "landuse": "industrial",
        "name": "J.B. Advani & Co."
      },
      "geometry": {
        "type": "Polygon",
        "coordinates": [
          [
            [
              72.9363683,
              19.159532
            ],
            [
              72.9363683,
              19.1601071
            ],
            [
              72.9374734,
              19.160097
            ],
            [
              72.937462,
              19.1611495
            ],
            [
              72.9359418,
              19.1613766
            ],
            [
              72.9359069,
              19.1610978
            ],
            [
              72.935636,
              19.1601503
            ],
            [
              72.9355448,
              19.1595472
            ],
            [
              72.9363683,
              19.159532
            ]
          ]
        ]
      },
      "id": "way/665687036"
    },
    {
      "type": "Feature",
      "properties": {
        "@id": "way/665691494",
        "landuse": "industrial"
      },
      "geometry": {
        "type": "Polygon",
        "coordinates": [
          [
            [
              72.9409897,
              19.1631399
            ],
            [
              72.9415154,
              19.1629372
            ],
            [
              72.9415851,
              19.1630892
            ],
            [
              72.9412794,
              19.1631931
            ],
            [
              72.9415074,
              19.1640292
            ],
            [
              72.9414028,
              19.1640798
            ],
            [
              72.9412629,
              19.1637706
            ],
            [
              72.9409897,
              19.1631399
            ]
          ]
        ]
      },
      "id": "way/665691494"
    },
    {
      "type": "Feature",
      "properties": {
        "@id": "way/665953410",
        "landuse": "industrial"
      },
      "geometry": {
        "type": "Polygon",
        "coordinates": [
          [
            [
              72.9478642,
              19.1854364
            ],
            [
              72.9488245,
              19.1861331
            ],
            [
              72.9496989,
              19.1863788
            ],
            [
              72.9499805,
              19.1863256
            ],
            [
              72.9499644,
              19.186508
            ],
            [
              72.9495004,
              19.1870374
            ],
            [
              72.9488674,
              19.1871692
            ],
            [
              72.9486609,
              19.1871792
            ],
            [
              72.9479447,
              19.1864902
            ],
            [
              72.9479179,
              19.1860419
            ],
            [
              72.9478508,
              19.1856999
            ],
            [
              72.9478025,
              19.1854618
            ],
            [
              72.9478642,
              19.1854364
            ]
          ]
        ]
      },
      "id": "way/665953410"
    },
    {
      "type": "Feature",
      "properties": {
        "@id": "way/665953411",
        "landuse": "industrial"
      },
      "geometry": {
        "type": "Polygon",
        "coordinates": [
          [
            [
              72.947824,
              19.1853503
            ],
            [
              72.9478455,
              19.1852236
            ],
            [
              72.9485509,
              19.1843699
            ],
            [
              72.948626,
              19.1842965
            ],
            [
              72.9497925,
              19.1843901
            ],
            [
              72.9506779,
              19.1844611
            ],
            [
              72.9507529,
              19.1854415
            ],
            [
              72.9503345,
              19.1858189
            ],
            [
              72.9497579,
              19.1857379
            ],
            [
              72.9495943,
              19.1857835
            ],
            [
              72.9491222,
              19.1857809
            ],
            [
              72.9490149,
              19.1856847
            ],
            [
              72.9478642,
              19.1854364
            ],
            [
              72.947824,
              19.1853503
            ]
          ]
        ]
      },
      "id": "way/665953411"
    },
    {
      "type": "Feature",
      "properties": {
        "@id": "way/666020836",
        "landuse": "industrial"
      },
      "geometry": {
        "type": "Polygon",
        "coordinates": [
          [
            [
              72.9358721,
              19.1472105
            ],
            [
              72.9368725,
              19.1474106
            ],
            [
              72.937476,
              19.148034
            ],
            [
              72.9374063,
              19.1481455
            ],
            [
              72.9373339,
              19.1480998
            ],
            [
              72.935805,
              19.1480365
            ],
            [
              72.9354885,
              19.1481049
            ],
            [
              72.935459,
              19.1480137
            ],
            [
              72.9352498,
              19.1480289
            ],
            [
              72.9352092,
              19.1479223
            ],
            [
              72.9357522,
              19.1478859
            ],
            [
              72.9358721,
              19.1472105
            ]
          ]
        ]
      },
      "id": "way/666020836"
    },
    {
      "type": "Feature",
      "properties": {
        "@id": "way/666020837",
        "landuse": "industrial"
      },
      "geometry": {
        "type": "Polygon",
        "coordinates": [
          [
            [
              72.9335577,
              19.1461738
            ],
            [
              72.9334635,
              19.1456699
            ],
            [
              72.9340222,
              19.1456376
            ],
            [
              72.9341169,
              19.1460818
            ],
            [
              72.9338202,
              19.1461665
            ],
            [
              72.9335577,
              19.1461738
            ]
          ]
        ]
      },
      "id": "way/666020837"
    },
    {
      "type": "Feature",
      "properties": {
        "@id": "way/666020838",
        "landuse": "industrial"
      },
      "geometry": {
        "type": "Polygon",
        "coordinates": [
          [
            [
              72.9312989,
              19.1463034
            ],
            [
              72.932184,
              19.1461133
            ],
            [
              72.9324576,
              19.1466378
            ],
            [
              72.9325225,
              19.1466307
            ],
            [
              72.9326652,
              19.147026
            ],
            [
              72.9315269,
              19.1472662
            ],
            [
              72.9312989,
              19.1463034
            ]
          ]
        ]
      },
      "id": "way/666020838"
    },
    {
      "type": "Feature",
      "properties": {
        "@id": "way/666020842",
        "landuse": "industrial"
      },
      "geometry": {
        "type": "Polygon",
        "coordinates": [
          [
            [
              72.9323047,
              19.1430093
            ],
            [
              72.9328412,
              19.14287
            ],
            [
              72.9329565,
              19.143174
            ],
            [
              72.9332006,
              19.1430955
            ],
            [
              72.9338282,
              19.1438481
            ],
            [
              72.9335278,
              19.1440457
            ],
            [
              72.9330853,
              19.1439849
            ],
            [
              72.9325381,
              19.1440862
            ],
            [
              72.9322591,
              19.1442611
            ],
            [
              72.9323316,
              19.1448844
            ],
            [
              72.9324067,
              19.1450567
            ],
            [
              72.9331255,
              19.1448844
            ],
            [
              72.9332006,
              19.1453836
            ],
            [
              72.9324335,
              19.1457079
            ],
            [
              72.9323101,
              19.1457535
            ],
            [
              72.9315081,
              19.1457611
            ],
            [
              72.9314464,
              19.1456851
            ],
            [
              72.931079,
              19.1457104
            ],
            [
              72.9310012,
              19.1452011
            ],
            [
              72.9310843,
              19.1443523
            ],
            [
              72.9312184,
              19.1443219
            ],
            [
              72.9311219,
              19.1438075
            ],
            [
              72.9315162,
              19.1436834
            ],
            [
              72.9317227,
              19.1439494
            ],
            [
              72.9323021,
              19.143544
            ],
            [
              72.9321063,
              19.1430651
            ],
            [
              72.9323047,
              19.1430093
            ]
          ]
        ]
      },
      "id": "way/666020842"
    },
    {
      "type": "Feature",
      "properties": {
        "@id": "way/666020849",
        "landuse": "industrial",
        "name": "Jai Hind Mill Compound"
      },
      "geometry": {
        "type": "Polygon",
        "coordinates": [
          [
            [
              72.9365614,
              19.1425152
            ],
            [
              72.9340509,
              19.1437163
            ],
            [
              72.933501,
              19.1430093
            ],
            [
              72.9333508,
              19.1428459
            ],
            [
              72.9337089,
              19.142557
            ],
            [
              72.9339757,
              19.1423416
            ],
            [
              72.933898,
              19.1422086
            ],
            [
              72.9333293,
              19.1424595
            ],
            [
              72.9331925,
              19.1422846
            ],
            [
              72.9329807,
              19.1424189
            ],
            [
              72.9327178,
              19.1420794
            ],
            [
              72.9329002,
              19.1419527
            ],
            [
              72.9329082,
              19.14175
            ],
            [
              72.933965,
              19.1413091
            ],
            [
              72.9341831,
              19.141008
            ],
            [
              72.9344881,
              19.1405869
            ],
            [
              72.9344116,
              19.1404666
            ],
            [
              72.9339409,
              19.1397254
            ],
            [
              72.9337719,
              19.1398318
            ],
            [
              72.9335654,
              19.1392313
            ],
            [
              72.9336029,
              19.1391831
            ],
            [
              72.9335056,
              19.1386425
            ],
            [
              72.9341139,
              19.1382506
            ],
            [
              72.9350245,
              19.139439
            ],
            [
              72.935062,
              19.1393985
            ],
            [
              72.9362333,
              19.1409049
            ],
            [
              72.936784,
              19.1416132
            ],
            [
              72.9367537,
              19.1416877
            ],
            [
              72.9370745,
              19.1420774
            ],
            [
              72.9367492,
              19.1421884
            ],
            [
              72.936615,
              19.1423176
            ],
            [
              72.9365614,
              19.1425152
            ]
          ]
        ]
      },
      "id": "way/666020849"
    },
    {
      "type": "Feature",
      "properties": {
        "@id": "way/666023040",
        "landuse": "industrial",
        "name": "Anjani Industrial Estate"
      },
      "geometry": {
        "type": "Polygon",
        "coordinates": [
          [
            [
              72.9430819,
              19.1574874
            ],
            [
              72.9433447,
              19.1574367
            ],
            [
              72.9433549,
              19.1574966
            ],
            [
              72.9434252,
              19.1579079
            ],
            [
              72.9431674,
              19.1579448
            ],
            [
              72.9428458,
              19.1579688
            ],
            [
              72.9416798,
              19.1581574
            ],
            [
              72.9415718,
              19.1581664
            ],
            [
              72.9415051,
              19.1579564
            ],
            [
              72.9410327,
              19.1580067
            ],
            [
              72.9411131,
              19.1578015
            ],
            [
              72.9415047,
              19.1577357
            ],
            [
              72.9430819,
              19.1574874
            ]
          ]
        ]
      },
      "id": "way/666023040"
    },
    {
      "type": "Feature",
      "properties": {
        "@id": "way/666023041",
        "landuse": "industrial"
      },
      "geometry": {
        "type": "Polygon",
        "coordinates": [
          [
            [
              72.940615,
              19.1575134
            ],
            [
              72.940761,
              19.1575686
            ],
            [
              72.940938,
              19.1574114
            ],
            [
              72.9412353,
              19.1573412
            ],
            [
              72.9412908,
              19.1573712
            ],
            [
              72.9410219,
              19.1576546
            ],
            [
              72.9409414,
              19.1579384
            ],
            [
              72.9409361,
              19.1584603
            ],
            [
              72.9407644,
              19.1586782
            ],
            [
              72.9404426,
              19.1590481
            ],
            [
              72.9402709,
              19.1594383
            ],
            [
              72.9399329,
              19.1598741
            ],
            [
              72.9393026,
              19.1603377
            ],
            [
              72.9392222,
              19.160363
            ],
            [
              72.93919,
              19.1601122
            ],
            [
              72.9389861,
              19.1599779
            ],
            [
              72.9389271,
              19.1598107
            ],
            [
              72.9389539,
              19.1591266
            ],
            [
              72.939603,
              19.1589087
            ],
            [
              72.9399624,
              19.1582728
            ],
            [
              72.9403326,
              19.1581486
            ],
            [
              72.9406384,
              19.1577737
            ],
            [
              72.940615,
              19.1575134
            ]
          ]
        ]
      },
      "id": "way/666023041"
    },
    {
      "type": "Feature",
      "properties": {
        "@id": "way/666023042",
        "landuse": "industrial",
        "name": "Krishna Mills Compound"
      },
      "geometry": {
        "type": "Polygon",
        "coordinates": [
          [
            [
              72.9403193,
              19.1595142
            ],
            [
              72.9408851,
              19.1604365
            ],
            [
              72.9406142,
              19.1606113
            ],
            [
              72.9407886,
              19.1610978
            ],
            [
              72.9407805,
              19.1611966
            ],
            [
              72.9405203,
              19.1614728
            ],
            [
              72.9408342,
              19.1617337
            ],
            [
              72.9411609,
              19.1624996
            ],
            [
              72.9412579,
              19.1627269
            ],
            [
              72.9404855,
              19.1630411
            ],
            [
              72.9404894,
              19.1626813
            ],
            [
              72.9404908,
              19.1625496
            ],
            [
              72.9402494,
              19.1625242
            ],
            [
              72.9398417,
              19.1622506
            ],
            [
              72.9398739,
              19.1617439
            ],
            [
              72.9392929,
              19.1613701
            ],
            [
              72.9392329,
              19.161189
            ],
            [
              72.9392356,
              19.1608444
            ],
            [
              72.939257,
              19.160548
            ],
            [
              72.9393241,
              19.160401
            ],
            [
              72.9400295,
              19.1599095
            ],
            [
              72.9403193,
              19.1595142
            ]
          ]
        ]
      },
      "id": "way/666023042"
    },
    {
      "type": "Feature",
      "properties": {
        "@id": "way/666023043",
        "landuse": "industrial"
      },
      "geometry": {
        "type": "Polygon",
        "coordinates": [
          [
            [
              72.9377196,
              19.1589166
            ],
            [
              72.9376959,
              19.1577458
            ],
            [
              72.9396379,
              19.1575684
            ],
            [
              72.939603,
              19.1572796
            ],
            [
              72.9399651,
              19.1572492
            ],
            [
              72.9399437,
              19.1569654
            ],
            [
              72.9401046,
              19.15693
            ],
            [
              72.9400724,
              19.1565398
            ],
            [
              72.9403139,
              19.1565345
            ],
            [
              72.9403004,
              19.1572821
            ],
            [
              72.9403245,
              19.157457
            ],
            [
              72.9405472,
              19.1575659
            ],
            [
              72.9405633,
              19.1577686
            ],
            [
              72.9404184,
              19.157913
            ],
            [
              72.9402575,
              19.158098
            ],
            [
              72.939882,
              19.1582272
            ],
            [
              72.9397774,
              19.1584628
            ],
            [
              72.9395574,
              19.1588581
            ],
            [
              72.9393911,
              19.1589214
            ],
            [
              72.9388627,
              19.1590532
            ],
            [
              72.938852,
              19.1588961
            ],
            [
              72.9377196,
              19.1589166
            ]
          ]
        ]
      },
      "id": "way/666023043"
    },
    {
      "type": "Feature",
      "properties": {
        "@id": "way/666023045",
        "landuse": "industrial"
      },
      "geometry": {
        "type": "Polygon",
        "coordinates": [
          [
            [
              72.9387099,
              19.1563472
            ],
            [
              72.939477,
              19.1560204
            ],
            [
              72.9397157,
              19.1565372
            ],
            [
              72.939021,
              19.1567653
            ],
            [
              72.9387099,
              19.1563472
            ]
          ]
        ]
      },
      "id": "way/666023045"
    },
    {
      "type": "Feature",
      "properties": {
        "@id": "way/666023047",
        "landuse": "industrial",
        "name": "Tiki Tar Estate"
      },
      "geometry": {
        "type": "Polygon",
        "coordinates": [
          [
            [
              72.9389191,
              19.1524985
            ],
            [
              72.9384041,
              19.1524909
            ],
            [
              72.9384148,
              19.1524301
            ],
            [
              72.9382163,
              19.1524225
            ],
            [
              72.9382727,
              19.1518144
            ],
            [
              72.9389191,
              19.1517206
            ],
            [
              72.9389888,
              19.1518422
            ],
            [
              72.9390022,
              19.1521362
            ],
            [
              72.9389325,
              19.152235
            ],
            [
              72.9389191,
              19.1524985
            ]
          ]
        ]
      },
      "id": "way/666023047"
    },
    {
      "type": "Feature",
      "properties": {
        "@id": "way/666023049",
        "landuse": "industrial",
        "name": "Sardar Pratap Singh Industrial Estate"
      },
      "geometry": {
        "type": "Polygon",
        "coordinates": [
          [
            [
              72.9376215,
              19.1552626
            ],
            [
              72.9376075,
              19.1542772
            ],
            [
              72.9383934,
              19.1542721
            ],
            [
              72.9383317,
              19.155131
            ],
            [
              72.938397,
              19.1553547
            ],
            [
              72.9376215,
              19.1552626
            ]
          ]
        ]
      },
      "id": "way/666023049"
    },
    {
      "type": "Feature",
      "properties": {
        "@id": "way/666056353",
        "landuse": "industrial"
      },
      "geometry": {
        "type": "Polygon",
        "coordinates": [
          [
            [
              72.9444878,
              19.153204
            ],
            [
              72.9455763,
              19.1532134
            ],
            [
              72.9457989,
              19.1535646
            ],
            [
              72.9450596,
              19.1535582
            ],
            [
              72.9450603,
              19.1534856
            ],
            [
              72.9444837,
              19.1534806
            ],
            [
              72.9444878,
              19.153204
            ]
          ]
        ]
      },
      "id": "way/666056353"
    },
    {
      "type": "Feature",
      "properties": {
        "@id": "way/666056355",
        "landuse": "industrial"
      },
      "geometry": {
        "type": "Polygon",
        "coordinates": [
          [
            [
              72.9445286,
              19.1536314
            ],
            [
              72.9445236,
              19.1541444
            ],
            [
              72.9437074,
              19.1541374
            ],
            [
              72.9437124,
              19.1536243
            ],
            [
              72.9445286,
              19.1536314
            ]
          ]
        ]
      },
      "id": "way/666056355"
    },
    {
      "type": "Feature",
      "properties": {
        "@id": "way/666056359",
        "landuse": "industrial"
      },
      "geometry": {
        "type": "Polygon",
        "coordinates": [
          [
            [
              72.943519,
              19.1523034
            ],
            [
              72.9435351,
              19.1528304
            ],
            [
              72.9435861,
              19.1536032
            ],
            [
              72.9432428,
              19.1536285
            ],
            [
              72.9432535,
              19.1539174
            ],
            [
              72.9430979,
              19.15393
            ],
            [
              72.9427171,
              19.1537983
            ],
            [
              72.9426688,
              19.1535525
            ],
            [
              72.9428217,
              19.153213
            ],
            [
              72.9429451,
              19.1526708
            ],
            [
              72.9429773,
              19.1525466
            ],
            [
              72.9433286,
              19.1525643
            ],
            [
              72.943326,
              19.1523642
            ],
            [
              72.943519,
              19.1523034
            ]
          ]
        ]
      },
      "id": "way/666056359"
    },
    {
      "type": "Feature",
      "properties": {
        "@id": "way/666056360",
        "landuse": "industrial"
      },
      "geometry": {
        "type": "Polygon",
        "coordinates": [
          [
            [
              72.9421377,
              19.1542594
            ],
            [
              72.9425561,
              19.1542898
            ],
            [
              72.9430765,
              19.1544469
            ],
            [
              72.9430926,
              19.1550652
            ],
            [
              72.9433179,
              19.1549638
            ],
            [
              72.9433554,
              19.1552526
            ],
            [
              72.9434413,
              19.1560938
            ],
            [
              72.9434091,
              19.1566512
            ],
            [
              72.9433823,
              19.1570313
            ],
            [
              72.943452,
              19.1573353
            ],
            [
              72.9432911,
              19.1573657
            ],
            [
              72.942819,
              19.1559671
            ],
            [
              72.9426581,
              19.1554908
            ],
            [
              72.942524,
              19.155506
            ],
            [
              72.9423523,
              19.1551006
            ],
            [
              72.9419821,
              19.1545432
            ],
            [
              72.9421323,
              19.1544672
            ],
            [
              72.9421377,
              19.1542594
            ]
          ]
        ]
      },
      "id": "way/666056360"
    },
    {
      "type": "Feature",
      "properties": {
        "@id": "way/666057126",
        "landuse": "industrial",
        "name": "Hind Rectifiers Ltd"
      },
      "geometry": {
        "type": "Polygon",
        "coordinates": [
          [
            [
              72.9354394,
              19.1596302
            ],
            [
              72.9346275,
              19.1598386
            ],
            [
              72.9345065,
              19.1600565
            ],
            [
              72.9344175,
              19.1601597
            ],
            [
              72.9343214,
              19.1601982
            ],
            [
              72.9339476,
              19.1603479
            ],
            [
              72.9336075,
              19.1591884
            ],
            [
              72.9335219,
              19.159048
            ],
            [
              72.9336056,
              19.1589619
            ],
            [
              72.9338577,
              19.1582399
            ],
            [
              72.9340133,
              19.1580524
            ],
            [
              72.9342923,
              19.1578978
            ],
            [
              72.9344103,
              19.1578598
            ],
            [
              72.9345766,
              19.1579485
            ],
            [
              72.934936,
              19.1584299
            ],
            [
              72.9352096,
              19.1589037
            ],
            [
              72.9354188,
              19.1594104
            ],
            [
              72.9354394,
              19.1596302
            ]
          ]
        ]
      },
      "id": "way/666057126"
    },
    {
      "type": "Feature",
      "properties": {
        "@id": "way/667024818",
        "landuse": "industrial"
      },
      "geometry": {
        "type": "Polygon",
        "coordinates": [
          [
            [
              72.939204,
              19.1700939
            ],
            [
              72.9397211,
              19.1697676
            ],
            [
              72.939742,
              19.1698594
            ],
            [
              72.9392585,
              19.1701715
            ],
            [
              72.939204,
              19.1700939
            ]
          ]
        ]
      },
      "id": "way/667024818"
    },
    {
      "type": "Feature",
      "properties": {
        "@id": "way/667150185",
        "landuse": "industrial",
        "name": "Softesule Private Limited"
      },
      "geometry": {
        "type": "Polygon",
        "coordinates": [
          [
            [
              72.9388307,
              19.1675608
            ],
            [
              72.9380313,
              19.167718
            ],
            [
              72.9379461,
              19.1674006
            ],
            [
              72.9386902,
              19.1672384
            ],
            [
              72.9387033,
              19.1672685
            ],
            [
              72.9388307,
              19.1675608
            ]
          ]
        ]
      },
      "id": "way/667150185"
    },
    {
      "type": "Feature",
      "properties": {
        "@id": "way/667150189",
        "landuse": "industrial",
        "name": "Asma Steel Industries"
      },
      "geometry": {
        "type": "Polygon",
        "coordinates": [
          [
            [
              72.9379461,
              19.1674006
            ],
            [
              72.9380313,
              19.167718
            ],
            [
              72.9388307,
              19.1675608
            ],
            [
              72.9388954,
              19.1677092
            ],
            [
              72.9387662,
              19.1677611
            ],
            [
              72.9379427,
              19.167908
            ],
            [
              72.9378569,
              19.1675305
            ],
            [
              72.9378307,
              19.1674258
            ],
            [
              72.9379461,
              19.1674006
            ]
          ]
        ]
      },
      "id": "way/667150189"
    },
    {
      "type": "Feature",
      "properties": {
        "@id": "way/668257449",
        "addr:city": "Mumbai",
        "addr:housenumber": "SEEPZ VILLAGE",
        "addr:street": "Jogeshwari Vikhroli Link Road",
        "bus": "yes",
        "industrial": "depot",
        "landuse": "industrial",
        "name": "SEEPZ Village Bus Stn(Temporary)",
        "operator": "BEST"
      },
      "geometry": {
        "type": "Polygon",
        "coordinates": [
          [
            [
              72.8746974,
              19.1303647
            ],
            [
              72.8749441,
              19.1302329
            ],
            [
              72.8752392,
              19.1307448
            ],
            [
              72.8750568,
              19.1309171
            ],
            [
              72.8748529,
              19.130613
            ],
            [
              72.8746974,
              19.1303647
            ]
          ]
        ]
      },
      "id": "way/668257449"
    },
    {
      "type": "Feature",
      "properties": {
        "@id": "way/723479870",
        "landuse": "industrial",
        "name": "Munshi Compund"
      },
      "geometry": {
        "type": "Polygon",
        "coordinates": [
          [
            [
              72.932721,
              19.164059
            ],
            [
              72.9330208,
              19.1640026
            ],
            [
              72.9331555,
              19.1645409
            ],
            [
              72.9329055,
              19.1646029
            ],
            [
              72.9328924,
              19.1645551
            ],
            [
              72.932721,
              19.164059
            ]
          ]
        ]
      },
      "id": "way/723479870"
    },
    {
      "type": "Feature",
      "properties": {
        "@id": "way/723479871",
        "landuse": "industrial",
        "name": "Madni Industrial Estate"
      },
      "geometry": {
        "type": "Polygon",
        "coordinates": [
          [
            [
              72.9364595,
              19.1646574
            ],
            [
              72.9361698,
              19.1647081
            ],
            [
              72.9361606,
              19.1646825
            ],
            [
              72.9367036,
              19.1642977
            ],
            [
              72.9369259,
              19.1642214
            ],
            [
              72.9369052,
              19.1644499
            ],
            [
              72.9368488,
              19.1645712
            ],
            [
              72.9366178,
              19.1646283
            ],
            [
              72.9364595,
              19.1646574
            ]
          ]
        ]
      },
      "id": "way/723479871"
    },
    {
      "type": "Feature",
      "properties": {
        "@id": "way/723479873",
        "landuse": "industrial"
      },
      "geometry": {
        "type": "Polygon",
        "coordinates": [
          [
            [
              72.9289627,
              19.1639608
            ],
            [
              72.9284861,
              19.1641227
            ],
            [
              72.9285738,
              19.1632767
            ],
            [
              72.9284851,
              19.1627868
            ],
            [
              72.9288343,
              19.1625966
            ],
            [
              72.9289191,
              19.1623565
            ],
            [
              72.9289278,
              19.1622507
            ],
            [
              72.9290754,
              19.1622151
            ],
            [
              72.9290968,
              19.1624229
            ],
            [
              72.9290378,
              19.1626382
            ],
            [
              72.9288447,
              19.1630461
            ],
            [
              72.9288152,
              19.1632209
            ],
            [
              72.9288259,
              19.16353
            ],
            [
              72.9288688,
              19.1637327
            ],
            [
              72.9289627,
              19.1639608
            ]
          ]
        ]
      },
      "id": "way/723479873"
    },
    {
      "type": "Feature",
      "properties": {
        "@id": "way/723479876",
        "landuse": "industrial"
      },
      "geometry": {
        "type": "Polygon",
        "coordinates": [
          [
            [
              72.9255831,
              19.1520956
            ],
            [
              72.9260284,
              19.1521919
            ],
            [
              72.9262698,
              19.1522857
            ],
            [
              72.9266331,
              19.152537
            ],
            [
              72.9262954,
              19.1527884
            ],
            [
              72.9261732,
              19.1529064
            ],
            [
              72.9258513,
              19.1526074
            ],
            [
              72.9256529,
              19.1523439
            ],
            [
              72.9255831,
              19.1520956
            ]
          ]
        ]
      },
      "id": "way/723479876"
    },
    {
      "type": "Feature",
      "properties": {
        "@id": "way/723561451",
        "landuse": "industrial"
      },
      "geometry": {
        "type": "Polygon",
        "coordinates": [
          [
            [
              72.9406625,
              19.1879342
            ],
            [
              72.9406223,
              19.1870501
            ],
            [
              72.9416039,
              19.1870501
            ],
            [
              72.9416013,
              19.1877492
            ],
            [
              72.9414055,
              19.187919
            ],
            [
              72.9406625,
              19.1879342
            ]
          ]
        ]
      },
      "id": "way/723561451"
    },
    {
      "type": "Feature",
      "properties": {
        "@id": "way/723561453",
        "landuse": "industrial"
      },
      "geometry": {
        "type": "Polygon",
        "coordinates": [
          [
            [
              72.9456434,
              19.1892058
            ],
            [
              72.9450881,
              19.1895858
            ],
            [
              72.9449165,
              19.1893908
            ],
            [
              72.9445437,
              19.1882204
            ],
            [
              72.9450506,
              19.1880051
            ],
            [
              72.9459116,
              19.1879848
            ],
            [
              72.9457238,
              19.1890488
            ],
            [
              72.9456434,
              19.1892058
            ]
          ]
        ]
      },
      "id": "way/723561453"
    },
    {
      "type": "Feature",
      "properties": {
        "@id": "way/723561467",
        "landuse": "industrial",
        "name": "Madani Estate"
      },
      "geometry": {
        "type": "Polygon",
        "coordinates": [
          [
            [
              72.9374159,
              19.1626754
            ],
            [
              72.9373392,
              19.1627016
            ],
            [
              72.9372829,
              19.1627522
            ],
            [
              72.9370469,
              19.163302
            ],
            [
              72.9370415,
              19.1633958
            ],
            [
              72.9370796,
              19.1637583
            ],
            [
              72.9369126,
              19.1638045
            ],
            [
              72.9360587,
              19.1642789
            ],
            [
              72.9360142,
              19.1636846
            ],
            [
              72.9361188,
              19.1635148
            ],
            [
              72.9363495,
              19.1633071
            ],
            [
              72.9366714,
              19.1630816
            ],
            [
              72.937012,
              19.1628561
            ],
            [
              72.937232,
              19.1626053
            ],
            [
              72.9373419,
              19.1625318
            ],
            [
              72.9374159,
              19.1626754
            ]
          ]
        ]
      },
      "id": "way/723561467"
    },
    {
      "type": "Feature",
      "properties": {
        "@id": "way/723561468",
        "landuse": "industrial"
      },
      "geometry": {
        "type": "Polygon",
        "coordinates": [
          [
            [
              72.9353347,
              19.1624833
            ],
            [
              72.9353813,
              19.1629118
            ],
            [
              72.9354402,
              19.1634287
            ],
            [
              72.9355478,
              19.1638518
            ],
            [
              72.9354076,
              19.163924
            ],
            [
              72.9352793,
              19.1638493
            ],
            [
              72.9351854,
              19.1638518
            ],
            [
              72.9349521,
              19.1638974
            ],
            [
              72.9348528,
              19.1638721
            ],
            [
              72.934657,
              19.1635579
            ],
            [
              72.9342091,
              19.1631399
            ],
            [
              72.9338941,
              19.1628587
            ],
            [
              72.934134,
              19.1627472
            ],
            [
              72.9346409,
              19.1625597
            ],
            [
              72.9347214,
              19.1625343
            ],
            [
              72.9349601,
              19.162509
            ],
            [
              72.9353347,
              19.1624833
            ]
          ]
        ]
      },
      "id": "way/723561468"
    },
    {
      "type": "Feature",
      "properties": {
        "@id": "way/723561469",
        "landuse": "industrial"
      },
      "geometry": {
        "type": "Polygon",
        "coordinates": [
          [
            [
              72.9363804,
              19.1619611
            ],
            [
              72.9372776,
              19.1617388
            ],
            [
              72.937291,
              19.1616197
            ],
            [
              72.9374723,
              19.1615868
            ],
            [
              72.937493,
              19.1623367
            ],
            [
              72.93724,
              19.1624761
            ],
            [
              72.9370522,
              19.1627041
            ],
            [
              72.9368285,
              19.1628967
            ],
            [
              72.9367277,
              19.1627294
            ],
            [
              72.9365024,
              19.1622582
            ],
            [
              72.9364273,
              19.1621011
            ],
            [
              72.9363804,
              19.1619611
            ]
          ]
        ]
      },
      "id": "way/723561469"
    },
    {
      "type": "Feature",
      "properties": {
        "@id": "way/723561470",
        "landuse": "industrial"
      },
      "geometry": {
        "type": "Polygon",
        "coordinates": [
          [
            [
              72.9354537,
              19.1630512
            ],
            [
              72.935412,
              19.1624774
            ],
            [
              72.9357487,
              19.1624355
            ],
            [
              72.9361001,
              19.1624001
            ],
            [
              72.9364514,
              19.1623038
            ],
            [
              72.9366338,
              19.1627041
            ],
            [
              72.9367894,
              19.1629473
            ],
            [
              72.9361832,
              19.1633451
            ],
            [
              72.9361832,
              19.1631728
            ],
            [
              72.9364917,
              19.1630284
            ],
            [
              72.9362878,
              19.1628054
            ],
            [
              72.936143,
              19.1625115
            ],
            [
              72.9358131,
              19.1625546
            ],
            [
              72.9358479,
              19.1629803
            ],
            [
              72.9354537,
              19.1630512
            ]
          ]
        ]
      },
      "id": "way/723561470"
    },
    {
      "type": "Feature",
      "properties": {
        "@id": "way/723561471",
        "landuse": "industrial"
      },
      "geometry": {
        "type": "Polygon",
        "coordinates": [
          [
            [
              72.9356105,
              19.1638212
            ],
            [
              72.9355394,
              19.1635732
            ],
            [
              72.9359955,
              19.1635579
            ],
            [
              72.9357246,
              19.1637682
            ],
            [
              72.9356105,
              19.1638212
            ]
          ]
        ]
      },
      "id": "way/723561471"
    },
    {
      "type": "Feature",
      "properties": {
        "@id": "way/723561472",
        "landuse": "industrial"
      },
      "geometry": {
        "type": "Polygon",
        "coordinates": [
          [
            [
              72.9338068,
              19.1628992
            ],
            [
              72.9346168,
              19.1636567
            ],
            [
              72.9347992,
              19.1639608
            ],
            [
              72.9349467,
              19.1639886
            ],
            [
              72.935231,
              19.163943
            ],
            [
              72.9353075,
              19.1639733
            ],
            [
              72.9350218,
              19.1640951
            ],
            [
              72.9345551,
              19.1642648
            ],
            [
              72.934193,
              19.1644928
            ],
            [
              72.9340321,
              19.1645384
            ],
            [
              72.9337076,
              19.1645638
            ],
            [
              72.9337263,
              19.164318
            ],
            [
              72.9343379,
              19.1642293
            ],
            [
              72.9346061,
              19.164014
            ],
            [
              72.9339409,
              19.1632463
            ],
            [
              72.9335109,
              19.1633651
            ],
            [
              72.9334885,
              19.1629741
            ],
            [
              72.9334677,
              19.1626105
            ],
            [
              72.9335761,
              19.1626306
            ],
            [
              72.9337022,
              19.1627244
            ],
            [
              72.9338068,
              19.1628992
            ]
          ]
        ]
      },
      "id": "way/723561472"
    },
    {
      "type": "Feature",
      "properties": {
        "@id": "way/723566465",
        "landuse": "industrial"
      },
      "geometry": {
        "type": "Polygon",
        "coordinates": [
          [
            [
              72.9292726,
              19.1641752
            ],
            [
              72.9290817,
              19.1641679
            ],
            [
              72.9290244,
              19.1638771
            ],
            [
              72.9289251,
              19.1635807
            ],
            [
              72.9289278,
              19.1631247
            ],
            [
              72.9290699,
              19.1628181
            ],
            [
              72.929195,
              19.1626439
            ],
            [
              72.9292712,
              19.1626585
            ],
            [
              72.929408,
              19.162775
            ],
            [
              72.9292524,
              19.1632691
            ],
            [
              72.9291949,
              19.1634759
            ],
            [
              72.9291692,
              19.163568
            ],
            [
              72.9292726,
              19.1641752
            ]
          ]
        ]
      },
      "id": "way/723566465"
    },
    {
      "type": "Feature",
      "properties": {
        "@id": "way/839711743",
        "landuse": "industrial"
      },
      "geometry": {
        "type": "Polygon",
        "coordinates": [
          [
            [
              72.9533547,
              19.1823281
            ],
            [
              72.9537839,
              19.1824522
            ],
            [
              72.9536303,
              19.1827118
            ],
            [
              72.9535712,
              19.1828347
            ],
            [
              72.9534512,
              19.1832768
            ],
            [
              72.9533127,
              19.183663
            ],
            [
              72.953213,
              19.1837364
            ],
            [
              72.9531251,
              19.1837077
            ],
            [
              72.95287,
              19.1836247
            ],
            [
              72.9523073,
              19.1835082
            ],
            [
              72.9518009,
              19.1834223
            ],
            [
              72.9507217,
              19.1833011
            ],
            [
              72.9500284,
              19.1832444
            ],
            [
              72.9500284,
              19.183055
            ],
            [
              72.9495717,
              19.183055
            ],
            [
              72.9495437,
              19.1812414
            ],
            [
              72.9495234,
              19.1806668
            ],
            [
              72.949512,
              19.1804679
            ],
            [
              72.9503071,
              19.1803113
            ],
            [
              72.9504713,
              19.1802838
            ],
            [
              72.9507457,
              19.1802399
            ],
            [
              72.9506478,
              19.1797559
            ],
            [
              72.9505733,
              19.179387
            ],
            [
              72.9511446,
              19.1793413
            ],
            [
              72.9511848,
              19.1794731
            ],
            [
              72.9513109,
              19.1800912
            ],
            [
              72.9519868,
              19.1810336
            ],
            [
              72.952255,
              19.1822445
            ],
            [
              72.9533547,
              19.1823281
            ]
          ]
        ]
      },
      "id": "way/839711743"
    },
    {
      "type": "Feature",
      "properties": {
        "@id": "way/909482106",
        "landuse": "industrial"
      },
      "geometry": {
        "type": "Polygon",
        "coordinates": [
          [
            [
              72.8350049,
              19.0870338
            ],
            [
              72.8356835,
              19.0871301
            ],
            [
              72.8359169,
              19.0866359
            ],
            [
              72.8363755,
              19.0866511
            ],
            [
              72.8359866,
              19.0870161
            ],
            [
              72.8358391,
              19.0873025
            ],
            [
              72.8355655,
              19.0879565
            ],
            [
              72.8352571,
              19.087779
            ],
            [
              72.834895,
              19.08767
            ],
            [
              72.8350049,
              19.0870338
            ]
          ]
        ]
      },
      "id": "way/909482106"
    },
    {
      "type": "Feature",
      "properties": {
        "@id": "way/909482108",
        "landuse": "industrial"
      },
      "geometry": {
        "type": "Polygon",
        "coordinates": [
          [
            [
              72.8400367,
              19.0901566
            ],
            [
              72.8400528,
              19.0903467
            ],
            [
              72.8396065,
              19.0907756
            ],
            [
              72.8391041,
              19.0908379
            ],
            [
              72.8384297,
              19.0909551
            ],
            [
              72.8384328,
              19.0901312
            ],
            [
              72.8388566,
              19.090258
            ],
            [
              72.8389692,
              19.09022
            ],
            [
              72.8390148,
              19.0898879
            ],
            [
              72.8400367,
              19.0901566
            ]
          ]
        ]
      },
      "id": "way/909482108"
    },
    {
      "type": "Feature",
      "properties": {
        "@id": "way/910256808",
        "landuse": "industrial"
      },
      "geometry": {
        "type": "Polygon",
        "coordinates": [
          [
            [
              72.8259503,
              19.1935385
            ],
            [
              72.8256169,
              19.1904836
            ],
            [
              72.8270661,
              19.1903425
            ],
            [
              72.8272387,
              19.1919234
            ],
            [
              72.8274228,
              19.1919055
            ],
            [
              72.8273982,
              19.1921595
            ],
            [
              72.827248,
              19.1922026
            ],
            [
              72.8267142,
              19.1926408
            ],
            [
              72.8263494,
              19.1927978
            ],
            [
              72.8263548,
              19.1929144
            ],
            [
              72.8262609,
              19.1930562
            ],
            [
              72.8262529,
              19.193459
            ],
            [
              72.8259503,
              19.1935385
            ]
          ]
        ]
      },
      "id": "way/910256808"
    },
    {
      "type": "Feature",
      "properties": {
        "@id": "way/920252506",
        "landuse": "industrial",
        "man_made": "works"
      },
      "geometry": {
        "type": "Polygon",
        "coordinates": [
          [
            [
              72.9257119,
              19.1209858
            ],
            [
              72.9259855,
              19.1195337
            ],
            [
              72.927466,
              19.1196021
            ],
            [
              72.9274768,
              19.1197086
            ],
            [
              72.9276726,
              19.1196934
            ],
            [
              72.9276646,
              19.121072
            ],
            [
              72.9274231,
              19.1211151
            ],
            [
              72.9257119,
              19.1209858
            ]
          ]
        ]
      },
      "id": "way/920252506"
    },
    {
      "type": "Feature",
      "properties": {
        "@id": "way/920252507",
        "landuse": "industrial",
        "man_made": "works"
      },
      "geometry": {
        "type": "Polygon",
        "coordinates": [
          [
            [
              72.9274231,
              19.1211151
            ],
            [
              72.9276646,
              19.121072
            ],
            [
              72.9277074,
              19.1212367
            ],
            [
              72.9276698,
              19.1219947
            ],
            [
              72.927399,
              19.1219868
            ],
            [
              72.9265997,
              19.1219463
            ],
            [
              72.9255697,
              19.121812
            ],
            [
              72.9257119,
              19.1209858
            ],
            [
              72.9274231,
              19.1211151
            ]
          ]
        ]
      },
      "id": "way/920252507"
    },
    {
      "type": "Feature",
      "properties": {
        "@id": "way/959719216",
        "description": "7210",
        "landuse": "industrial",
        "plant:method": "photovoltaic",
        "plant:output:electricity": "yes",
        "plant:source": "solar",
        "plant:type": "solar_photovoltaic_panel",
        "power": "plant"
      },
      "geometry": {
        "type": "Polygon",
        "coordinates": [
          [
            [
              72.9223725,
              19.1645196
            ],
            [
              72.9226093,
              19.1651585
            ],
            [
              72.9215813,
              19.1654986
            ],
            [
              72.9212452,
              19.1645922
            ],
            [
              72.9216034,
              19.1644737
            ],
            [
              72.9214311,
              19.1640089
            ],
            [
              72.9224041,
              19.163687
            ],
            [
              72.9225764,
              19.1641518
            ],
            [
              72.9226756,
              19.1644193
            ],
            [
              72.9223725,
              19.1645196
            ]
          ]
        ]
      },
      "id": "way/959719216"
    },
    {
      "type": "Feature",
      "properties": {
        "@id": "way/959719217",
        "description": "12630",
        "landuse": "industrial",
        "plant:method": "photovoltaic",
        "plant:output:electricity": "yes",
        "plant:source": "solar",
        "plant:type": "solar_photovoltaic_panel",
        "power": "plant"
      },
      "geometry": {
        "type": "Polygon",
        "coordinates": [
          [
            [
              72.9197091,
              19.1660915
            ],
            [
              72.9193933,
              19.1652738
            ],
            [
              72.9211521,
              19.164698
            ],
            [
              72.9214547,
              19.165514
            ],
            [
              72.9197091,
              19.1660915
            ]
          ]
        ]
      },
      "id": "way/959719217"
    },
    {
      "type": "Feature",
      "properties": {
        "@id": "way/961496728",
        "industrial": "depot",
        "landuse": "industrial",
        "name": "Mandale Metro Depot",
        "name:en": "Mandale Metro Depot",
        "name:mr": "मंडाले मेट्रो डेपो",
        "operator": "Metro Line 2 Carshed"
      },
      "geometry": {
        "type": "Polygon",
        "coordinates": [
          [
            [
              72.9399435,
              19.048337
            ],
            [
              72.9406249,
              19.0476011
            ],
            [
              72.9421109,
              19.0463131
            ],
            [
              72.9462306,
              19.0432967
            ],
            [
              72.947824,
              19.0421449
            ],
            [
              72.9479152,
              19.0421297
            ],
            [
              72.9480037,
              19.0421728
            ],
            [
              72.948693,
              19.0430171
            ],
            [
              72.9490632,
              19.0435496
            ],
            [
              72.9488057,
              19.0443051
            ],
            [
              72.9483604,
              19.0452178
            ],
            [
              72.9477543,
              19.0460495
            ],
            [
              72.9475638,
              19.046587
            ],
            [
              72.9461581,
              19.0473036
            ],
            [
              72.9459713,
              19.0474274
            ],
            [
              72.9453805,
              19.0477
            ],
            [
              72.94471,
              19.0481741
            ],
            [
              72.9442298,
              19.0483845
            ],
            [
              72.9437739,
              19.0484935
            ],
            [
              72.9432717,
              19.0483931
            ],
            [
              72.9425373,
              19.0484953
            ],
            [
              72.9417866,
              19.0486969
            ],
            [
              72.9408495,
              19.0486327
            ],
            [
              72.9399435,
              19.048337
            ]
          ]
        ]
      },
      "id": "way/961496728"
    },
    {
      "type": "Feature",
      "properties": {
        "@id": "way/972067904",
        "landuse": "industrial"
      },
      "geometry": {
        "type": "Polygon",
        "coordinates": [
          [
            [
              73.0581808,
              19.1168372
            ],
            [
              73.0580091,
              19.1170096
            ],
            [
              73.0569041,
              19.118814
            ],
            [
              73.0560028,
              19.12074
            ],
            [
              73.0552733,
              19.1228079
            ],
            [
              73.0551016,
              19.1234465
            ],
            [
              73.0550372,
              19.1247745
            ],
            [
              73.0551875,
              19.1261328
            ],
            [
              73.0550694,
              19.1270147
            ],
            [
              73.0546296,
              19.1280283
            ],
            [
              73.0534708,
              19.130461
            ],
            [
              73.0528808,
              19.1318193
            ],
            [
              73.0521727,
              19.1329951
            ],
            [
              73.0518293,
              19.1328228
            ],
            [
              73.0522048,
              19.132169
            ],
            [
              73.0516845,
              19.1319207
            ],
            [
              73.0518454,
              19.1312871
            ],
            [
              73.0519634,
              19.1307144
            ],
            [
              73.0518347,
              19.1306536
            ],
            [
              73.0513734,
              19.1306992
            ],
            [
              73.051089,
              19.1301924
            ],
            [
              73.0510676,
              19.129194
            ],
            [
              73.0508208,
              19.1291839
            ],
            [
              73.0506223,
              19.1286669
            ],
            [
              73.0506492,
              19.1281449
            ],
            [
              73.0514377,
              19.1280536
            ],
            [
              73.0523604,
              19.1281753
            ],
            [
              73.0525374,
              19.1274505
            ],
            [
              73.0526823,
              19.1264521
            ],
            [
              73.0523926,
              19.126376
            ],
            [
              73.051824,
              19.1262797
            ],
            [
              73.0517811,
              19.1254232
            ],
            [
              73.0526447,
              19.1254283
            ],
            [
              73.0525428,
              19.1252661
            ],
            [
              73.0523229,
              19.125038
            ],
            [
              73.0519634,
              19.1248505
            ],
            [
              73.051722,
              19.1246883
            ],
            [
              73.0514806,
              19.1243132
            ],
            [
              73.0512553,
              19.1241916
            ],
            [
              73.0513573,
              19.1240547
            ],
            [
              73.0515718,
              19.1240852
            ],
            [
              73.0519473,
              19.1231526
            ],
            [
              73.0515718,
              19.1229093
            ],
            [
              73.0513895,
              19.1228941
            ],
            [
              73.0511802,
              19.1227826
            ],
            [
              73.0514753,
              19.1222757
            ],
            [
              73.0517971,
              19.1220527
            ],
            [
              73.0522692,
              19.1203497
            ],
            [
              73.0523336,
              19.1199747
            ],
            [
              73.0528754,
              19.1197922
            ],
            [
              73.052988,
              19.1194678
            ],
            [
              73.0528432,
              19.1194273
            ],
            [
              73.0531168,
              19.1191384
            ],
            [
              73.0534762,
              19.1192499
            ],
            [
              73.0537337,
              19.1185352
            ],
            [
              73.0532831,
              19.1181905
            ],
            [
              73.0533689,
              19.1179675
            ],
            [
              73.0533314,
              19.1176229
            ],
            [
              73.0536318,
              19.1176178
            ],
            [
              73.0541414,
              19.1178155
            ],
            [
              73.0544096,
              19.1178915
            ],
            [
              73.0546725,
              19.1178915
            ],
            [
              73.0549461,
              19.1178662
            ],
            [
              73.0559385,
              19.117851
            ],
            [
              73.0562496,
              19.1179726
            ],
            [
              73.0563784,
              19.1178003
            ],
            [
              73.0561745,
              19.1174455
            ],
            [
              73.0560779,
              19.1167055
            ],
            [
              73.0553484,
              19.1165331
            ],
            [
              73.0555737,
              19.1154789
            ],
            [
              73.0555844,
              19.1151443
            ],
            [
              73.0563033,
              19.1152153
            ],
            [
              73.0565071,
              19.1156613
            ],
            [
              73.0565393,
              19.1160668
            ],
            [
              73.057698,
              19.1165129
            ],
            [
              73.0581808,
              19.1168372
            ]
          ]
        ]
      },
      "id": "way/972067904"
    },
    {
      "type": "Feature",
      "properties": {
        "@id": "way/972067905",
        "landuse": "industrial"
      },
      "geometry": {
        "type": "Polygon",
        "coordinates": [
          [
            [
              73.0515557,
              19.1343584
            ],
            [
              73.0545974,
              19.1289304
            ],
            [
              73.0553913,
              19.1271971
            ],
            [
              73.0555415,
              19.1263963
            ],
            [
              73.0554128,
              19.124663
            ],
            [
              73.0554664,
              19.1234972
            ],
            [
              73.0556166,
              19.1227775
            ],
            [
              73.0563784,
              19.12074
            ],
            [
              73.0568182,
              19.1197466
            ],
            [
              73.0579448,
              19.1177293
            ],
            [
              73.0589318,
              19.1161378
            ],
            [
              73.059876,
              19.114678
            ],
            [
              73.0606806,
              19.1139076
            ],
            [
              73.0628586,
              19.1123971
            ],
            [
              73.063674,
              19.1116976
            ],
            [
              73.0642104,
              19.1110792
            ],
            [
              73.0647468,
              19.111211
            ],
            [
              73.065294,
              19.1114239
            ],
            [
              73.0657017,
              19.1117787
            ],
            [
              73.0661631,
              19.1122349
            ],
            [
              73.0657661,
              19.1123971
            ],
            [
              73.0651224,
              19.1127823
            ],
            [
              73.0651975,
              19.1131777
            ],
            [
              73.0642748,
              19.1133297
            ],
            [
              73.064307,
              19.1139684
            ],
            [
              73.0646503,
              19.1139988
            ],
            [
              73.0649507,
              19.114749
            ],
            [
              73.0650151,
              19.1153471
            ],
            [
              73.0648112,
              19.1166041
            ],
            [
              73.0655944,
              19.1167764
            ],
            [
              73.0658412,
              19.117334
            ],
            [
              73.0649614,
              19.1188545
            ],
            [
              73.0643177,
              19.1191181
            ],
            [
              73.063513,
              19.1189559
            ],
            [
              73.0631804,
              19.1179726
            ],
            [
              73.0625689,
              19.1174556
            ],
            [
              73.0614746,
              19.1177192
            ],
            [
              73.0605197,
              19.1178611
            ],
            [
              73.060627,
              19.1193208
            ],
            [
              73.0605197,
              19.1201926
            ],
            [
              73.0600047,
              19.1209123
            ],
            [
              73.0597794,
              19.1209123
            ],
            [
              73.059243,
              19.1219463
            ],
            [
              73.0584705,
              19.1218753
            ],
            [
              73.0582666,
              19.1226457
            ],
            [
              73.0586958,
              19.1229904
            ],
            [
              73.0584597,
              19.1233655
            ],
            [
              73.0593824,
              19.1235682
            ],
            [
              73.0595112,
              19.122889
            ],
            [
              73.0601764,
              19.1229803
            ],
            [
              73.060466,
              19.1227471
            ],
            [
              73.0610669,
              19.1227978
            ],
            [
              73.0612171,
              19.1232033
            ],
            [
              73.0615175,
              19.1233249
            ],
            [
              73.0616891,
              19.1230715
            ],
            [
              73.0627727,
              19.1235581
            ],
            [
              73.0627084,
              19.1253827
            ],
            [
              73.0619788,
              19.1255955
            ],
            [
              73.0601978,
              19.125707
            ],
            [
              73.0593181,
              19.1255144
            ],
            [
              73.0589747,
              19.1268119
            ],
            [
              73.0578375,
              19.1266193
            ],
            [
              73.0578482,
              19.127339
            ],
            [
              73.0583095,
              19.1274201
            ],
            [
              73.0582023,
              19.1284034
            ],
            [
              73.0600691,
              19.1288189
            ],
            [
              73.0602085,
              19.1288595
            ],
            [
              73.0605411,
              19.1290115
            ],
            [
              73.0607128,
              19.1292041
            ],
            [
              73.0611741,
              19.1292345
            ],
            [
              73.0611205,
              19.1304509
            ],
            [
              73.0603695,
              19.1306029
            ],
            [
              73.0588138,
              19.130309
            ],
            [
              73.05861,
              19.1311503
            ],
            [
              73.0582559,
              19.1317382
            ],
            [
              73.0568645,
              19.1318359
            ],
            [
              73.0560887,
              19.1318903
            ],
            [
              73.0555844,
              19.1328735
            ],
            [
              73.0566251,
              19.1330356
            ],
            [
              73.0577302,
              19.1331776
            ],
            [
              73.0584168,
              19.1333904
            ],
            [
              73.0586743,
              19.1336641
            ],
            [
              73.0590498,
              19.1340797
            ],
            [
              73.0594683,
              19.134252
            ],
            [
              73.0608415,
              19.1344446
            ],
            [
              73.0614853,
              19.1345257
            ],
            [
              73.06391,
              19.1349615
            ],
            [
              73.0640174,
              19.1349895
            ],
            [
              73.0642724,
              19.1350559
            ],
            [
              73.0652726,
              19.1353163
            ],
            [
              73.0662274,
              19.1354582
            ],
            [
              73.0661094,
              19.1359853
            ],
            [
              73.0657017,
              19.1360359
            ],
            [
              73.0652404,
              19.1359548
            ],
            [
              73.0650473,
              19.1365934
            ],
            [
              73.0640173,
              19.1367049
            ],
            [
              73.0639422,
              19.1362691
            ],
            [
              73.0641568,
              19.1360461
            ],
            [
              73.0639306,
              19.1357284
            ],
            [
              73.0637383,
              19.1354582
            ],
            [
              73.0620968,
              19.135073
            ],
            [
              73.0619788,
              19.1352453
            ],
            [
              73.0624831,
              19.1358636
            ],
            [
              73.0630731,
              19.1359954
            ],
            [
              73.0635238,
              19.137009
            ],
            [
              73.0631375,
              19.1371914
            ],
            [
              73.0624294,
              19.1383672
            ],
            [
              73.060627,
              19.1372725
            ],
            [
              73.0604231,
              19.1366644
            ],
            [
              73.0592644,
              19.1368063
            ],
            [
              73.0589747,
              19.1361373
            ],
            [
              73.0585992,
              19.1361373
            ],
            [
              73.0585778,
              19.1359751
            ],
            [
              73.0583525,
              19.1359751
            ],
            [
              73.0583095,
              19.1356913
            ],
            [
              73.0583846,
              19.1345358
            ],
            [
              73.0579662,
              19.1345257
            ],
            [
              73.0579233,
              19.1346777
            ],
            [
              73.0576122,
              19.1350021
            ],
            [
              73.0574405,
              19.1359143
            ],
            [
              73.0568612,
              19.1360663
            ],
            [
              73.0568182,
              19.1364211
            ],
            [
              73.0562711,
              19.1365427
            ],
            [
              73.0564749,
              19.1372522
            ],
            [
              73.0568182,
              19.1373029
            ],
            [
              73.0574942,
              19.1375665
            ],
            [
              73.0573976,
              19.1383773
            ],
            [
              73.056432,
              19.1382962
            ],
            [
              73.056196,
              19.1392085
            ],
            [
              73.055343,
              19.139249
            ],
            [
              73.0547476,
              19.1394568
            ],
            [
              73.054828,
              19.1398419
            ],
            [
              73.0545974,
              19.1408302
            ],
            [
              73.0539429,
              19.1408403
            ],
            [
              73.053782,
              19.1415194
            ],
            [
              73.05309,
              19.1416208
            ],
            [
              73.0525321,
              19.1416208
            ],
            [
              73.0510837,
              19.1416562
            ],
            [
              73.0511038,
              19.1418111
            ],
            [
              73.0511534,
              19.1421934
            ],
            [
              73.0508262,
              19.1423657
            ],
            [
              73.0502361,
              19.1418235
            ],
            [
              73.0496782,
              19.142234
            ],
            [
              73.0489165,
              19.1424468
            ],
            [
              73.0485034,
              19.141636
            ],
            [
              73.047983,
              19.1423455
            ],
            [
              73.047688,
              19.1421732
            ],
            [
              73.0486375,
              19.1409771
            ],
            [
              73.049072,
              19.1401359
            ],
            [
              73.0500376,
              19.1385547
            ],
            [
              73.0503809,
              19.137982
            ],
            [
              73.0506331,
              19.1374043
            ],
            [
              73.0508906,
              19.1361119
            ],
            [
              73.05125,
              19.1350679
            ],
            [
              73.0515557,
              19.1343584
            ]
          ]
        ]
      },
      "id": "way/972067905"
    },
    {
      "type": "Feature",
      "properties": {
        "@id": "way/972067906",
        "landuse": "industrial"
      },
      "geometry": {
        "type": "Polygon",
        "coordinates": [
          [
            [
              73.0755401,
              19.092709
            ],
            [
              73.0753255,
              19.0930031
            ],
            [
              73.0744242,
              19.0943413
            ],
            [
              73.0717206,
              19.0973018
            ],
            [
              73.0691886,
              19.1008907
            ],
            [
              73.0679011,
              19.1032225
            ],
            [
              73.0649185,
              19.1093254
            ],
            [
              73.0642533,
              19.1106028
            ],
            [
              73.0635667,
              19.1114746
            ],
            [
              73.061099,
              19.1132385
            ],
            [
              73.0597043,
              19.1143334
            ],
            [
              73.0584168,
              19.1162594
            ],
            [
              73.0581379,
              19.1160567
            ],
            [
              73.0580628,
              19.1147591
            ],
            [
              73.0573225,
              19.114678
            ],
            [
              73.0572903,
              19.1144753
            ],
            [
              73.0562174,
              19.1142117
            ],
            [
              73.0559707,
              19.1144955
            ],
            [
              73.0554128,
              19.1144753
            ],
            [
              73.055284,
              19.1136541
            ],
            [
              73.0551231,
              19.1124579
            ],
            [
              73.0552733,
              19.1113225
            ],
            [
              73.0549943,
              19.1104406
            ],
            [
              73.0546832,
              19.1097107
            ],
            [
              73.0543506,
              19.1088388
            ],
            [
              73.0543613,
              19.108413
            ],
            [
              73.0538034,
              19.1080582
            ],
            [
              73.0538356,
              19.1078149
            ],
            [
              73.0544364,
              19.1078757
            ],
            [
              73.0549085,
              19.107896
            ],
            [
              73.056314,
              19.1081697
            ],
            [
              73.0566037,
              19.1073182
            ],
            [
              73.056153,
              19.1069127
            ],
            [
              73.0561209,
              19.1066085
            ],
            [
              73.0563247,
              19.1065984
            ],
            [
              73.0570114,
              19.106568
            ],
            [
              73.0572045,
              19.1064362
            ],
            [
              73.0570972,
              19.1058583
            ],
            [
              73.0572045,
              19.1054224
            ],
            [
              73.0575049,
              19.1054021
            ],
            [
              73.0575371,
              19.1049561
            ],
            [
              73.0581272,
              19.1049358
            ],
            [
              73.0581593,
              19.1054427
            ],
            [
              73.0583632,
              19.1057569
            ],
            [
              73.0586743,
              19.1055846
            ],
            [
              73.0590498,
              19.1056252
            ],
            [
              73.0586314,
              19.1067606
            ],
            [
              73.0575371,
              19.1064565
            ],
            [
              73.0575156,
              19.1071458
            ],
            [
              73.0575074,
              19.1072701
            ],
            [
              73.0575042,
              19.1073185
            ],
            [
              73.0572903,
              19.1083928
            ],
            [
              73.0582237,
              19.1084333
            ],
            [
              73.0587172,
              19.1086057
            ],
            [
              73.0591142,
              19.1089301
            ],
            [
              73.0598116,
              19.1093254
            ],
            [
              73.0602407,
              19.1094471
            ],
            [
              73.0604124,
              19.1091734
            ],
            [
              73.0608094,
              19.1092342
            ],
            [
              73.0608201,
              19.1101162
            ],
            [
              73.061142,
              19.1110792
            ],
            [
              73.0615497,
              19.1110691
            ],
            [
              73.0621934,
              19.1112718
            ],
            [
              73.0623865,
              19.1107244
            ],
            [
              73.0633736,
              19.1108258
            ],
            [
              73.0634165,
              19.1104406
            ],
            [
              73.0630302,
              19.1101364
            ],
            [
              73.0620003,
              19.1089402
            ],
            [
              73.0615389,
              19.1091024
            ],
            [
              73.0607879,
              19.1081089
            ],
            [
              73.0610561,
              19.1068113
            ],
            [
              73.0602837,
              19.1066085
            ],
            [
              73.0603373,
              19.1051385
            ],
            [
              73.0596936,
              19.1048547
            ],
            [
              73.0595219,
              19.1046621
            ],
            [
              73.0597365,
              19.104581
            ],
            [
              73.0597687,
              19.1043782
            ],
            [
              73.0596399,
              19.1032732
            ],
            [
              73.059876,
              19.103263
            ],
            [
              73.0598223,
              19.1022796
            ],
            [
              73.0606592,
              19.1022594
            ],
            [
              73.0607772,
              19.1026852
            ],
            [
              73.061099,
              19.1026649
            ],
            [
              73.0618608,
              19.1028169
            ],
            [
              73.0619788,
              19.1037192
            ],
            [
              73.0624187,
              19.1038409
            ],
            [
              73.0631697,
              19.103851
            ],
            [
              73.0636096,
              19.1042058
            ],
            [
              73.0637276,
              19.105098
            ],
            [
              73.0646074,
              19.1055238
            ],
            [
              73.0646074,
              19.1051588
            ],
            [
              73.0651975,
              19.1050777
            ],
            [
              73.0655515,
              19.1052399
            ],
            [
              73.0659807,
              19.1049966
            ],
            [
              73.0658734,
              19.1047533
            ],
            [
              73.0651545,
              19.1046012
            ],
            [
              73.0650175,
              19.1042835
            ],
            [
              73.0648005,
              19.1037801
            ],
            [
              73.0654549,
              19.1036381
            ],
            [
              73.0653262,
              19.1029285
            ],
            [
              73.0660021,
              19.1028271
            ],
            [
              73.0659485,
              19.1023405
            ],
            [
              73.0666673,
              19.1023709
            ],
            [
              73.0668175,
              19.1019856
            ],
            [
              73.0664956,
              19.1019349
            ],
            [
              73.0664205,
              19.1013976
            ],
            [
              73.0663776,
              19.1005764
            ],
            [
              73.0657768,
              19.1002317
            ],
            [
              73.0661094,
              19.0991774
            ],
            [
              73.0668068,
              19.0993598
            ],
            [
              73.0675042,
              19.0992483
            ],
            [
              73.0682123,
              19.0996741
            ],
            [
              73.0685878,
              19.0997451
            ],
            [
              73.0694461,
              19.0995727
            ],
            [
              73.0693173,
              19.0988124
            ],
            [
              73.0685449,
              19.0987313
            ],
            [
              73.0685449,
              19.0984575
            ],
            [
              73.0690277,
              19.0983866
            ],
            [
              73.0690598,
              19.0978999
            ],
            [
              73.0683947,
              19.0978797
            ],
            [
              73.0682766,
              19.0973119
            ],
            [
              73.067987,
              19.0969165
            ],
            [
              73.0682015,
              19.096511
            ],
            [
              73.0690169,
              19.0963285
            ],
            [
              73.069371,
              19.0957709
            ],
            [
              73.0692637,
              19.0952944
            ],
            [
              73.0694246,
              19.0947874
            ],
            [
              73.0698967,
              19.0946252
            ],
            [
              73.0701542,
              19.094686
            ],
            [
              73.0707335,
              19.0953755
            ],
            [
              73.0706906,
              19.0957303
            ],
            [
              73.0708301,
              19.0959838
            ],
            [
              73.0719566,
              19.0958418
            ],
            [
              73.072257,
              19.0953755
            ],
            [
              73.072021,
              19.094899
            ],
            [
              73.0729544,
              19.0945745
            ],
            [
              73.0729222,
              19.0938445
            ],
            [
              73.0734479,
              19.0935404
            ],
            [
              73.0740058,
              19.0930842
            ],
            [
              73.0740595,
              19.0922933
            ],
            [
              73.0738556,
              19.0909854
            ],
            [
              73.0745208,
              19.09059
            ],
            [
              73.0753255,
              19.0905596
            ],
            [
              73.075186,
              19.0900223
            ],
            [
              73.0753791,
              19.0892314
            ],
            [
              73.0754395,
              19.0891115
            ],
            [
              73.0759048,
              19.0881871
            ],
            [
              73.0764791,
              19.0881352
            ],
            [
              73.0769133,
              19.0880959
            ],
            [
              73.0774712,
              19.0880553
            ],
            [
              73.0777007,
              19.0878576
            ],
            [
              73.077836,
              19.087741
            ],
            [
              73.0787909,
              19.0879539
            ],
            [
              73.0790162,
              19.0882885
            ],
            [
              73.0780184,
              19.089495
            ],
            [
              73.0755401,
              19.092709
            ]
          ]
        ]
      },
      "id": "way/972067906"
    },
    {
      "type": "Feature",
      "properties": {
        "@id": "way/972067907",
        "landuse": "industrial"
      },
      "geometry": {
        "type": "Polygon",
        "coordinates": [
          [
            [
              73.0729329,
              19.0964603
            ],
            [
              73.0732119,
              19.0967746
            ],
            [
              73.0740917,
              19.0969469
            ],
            [
              73.0741453,
              19.097829
            ],
            [
              73.075186,
              19.0980926
            ],
            [
              73.075186,
              19.0982345
            ],
            [
              73.0749285,
              19.0996032
            ],
            [
              73.0738556,
              19.0996032
            ],
            [
              73.0733514,
              19.0998059
            ],
            [
              73.073287,
              19.1003635
            ],
            [
              73.0727076,
              19.1003737
            ],
            [
              73.0722678,
              19.1011137
            ],
            [
              73.0723858,
              19.1012253
            ],
            [
              73.0721605,
              19.1017626
            ],
            [
              73.0719352,
              19.1024824
            ],
            [
              73.0721068,
              19.1028474
            ],
            [
              73.0720532,
              19.1034861
            ],
            [
              73.0727076,
              19.1036178
            ],
            [
              73.0723321,
              19.1047533
            ],
            [
              73.0720961,
              19.1047533
            ],
            [
              73.072139,
              19.1059293
            ],
            [
              73.0722248,
              19.1061929
            ],
            [
              73.073684,
              19.1067809
            ],
            [
              73.0732334,
              19.1086361
            ],
            [
              73.0716884,
              19.1084536
            ],
            [
              73.0707335,
              19.1081596
            ],
            [
              73.0691403,
              19.1074753
            ],
            [
              73.0689901,
              19.1085296
            ],
            [
              73.0692798,
              19.108707
            ],
            [
              73.0691349,
              19.1095282
            ],
            [
              73.0683303,
              19.1101466
            ],
            [
              73.0678475,
              19.1102733
            ],
            [
              73.0675524,
              19.1097157
            ],
            [
              73.0659109,
              19.1097208
            ],
            [
              73.0652082,
              19.1094167
            ],
            [
              73.0660343,
              19.1075006
            ],
            [
              73.0682659,
              19.1031312
            ],
            [
              73.0688882,
              19.1019552
            ],
            [
              73.0699825,
              19.1004142
            ],
            [
              73.070873,
              19.0991672
            ],
            [
              73.0729329,
              19.0964603
            ]
          ]
        ]
      },
      "id": "way/972067907"
    },
    {
      "type": "Feature",
      "properties": {
        "@id": "way/985588943",
        "landuse": "industrial",
        "name": "SITE"
      },
      "geometry": {
        "type": "Polygon",
        "coordinates": [
          [
            [
              72.8611116,
              19.0085803
            ],
            [
              72.8629388,
              19.0081152
            ],
            [
              72.8634344,
              19.0079962
            ],
            [
              72.8638829,
              19.0081747
            ],
            [
              72.8631882,
              19.0096204
            ],
            [
              72.8611116,
              19.0085803
            ]
          ]
        ]
      },
      "id": "way/985588943"
    },
    {
      "type": "Feature",
      "properties": {
        "@id": "way/988421635",
        "landuse": "industrial",
        "name": "Mumbai Central EMU Carshed",
        "note": "railway workshop"
      },
      "geometry": {
        "type": "Polygon",
        "coordinates": [
          [
            [
              72.8193539,
              18.9761957
            ],
            [
              72.819052,
              18.9749061
            ],
            [
              72.8191897,
              18.9746682
            ],
            [
              72.8193247,
              18.9743076
            ],
            [
              72.8193089,
              18.9740421
            ],
            [
              72.819526,
              18.973942
            ],
            [
              72.8200768,
              18.975318
            ],
            [
              72.8208289,
              18.9775643
            ],
            [
              72.8210943,
              18.9780457
            ],
            [
              72.8214118,
              18.978579
            ],
            [
              72.8216484,
              18.9789334
            ],
            [
              72.8224376,
              18.9800784
            ],
            [
              72.8223409,
              18.9801272
            ],
            [
              72.8221198,
              18.9800809
            ],
            [
              72.8217769,
              18.9799081
            ],
            [
              72.8217226,
              18.979714
            ],
            [
              72.8216895,
              18.9796114
            ],
            [
              72.8214538,
              18.9793935
            ],
            [
              72.8212631,
              18.9791857
            ],
            [
              72.8209811,
              18.9788626
            ],
            [
              72.8207852,
              18.9786573
            ],
            [
              72.8206859,
              18.9785215
            ],
            [
              72.8205303,
              18.9783509
            ],
            [
              72.8203396,
              18.9781415
            ],
            [
              72.8202221,
              18.9780291
            ],
            [
              72.8201245,
              18.9778904
            ],
            [
              72.8199848,
              18.9776895
            ],
            [
              72.8198067,
              18.9774027
            ],
            [
              72.8197478,
              18.9772813
            ],
            [
              72.8196597,
              18.9770997
            ],
            [
              72.8195968,
              18.9769125
            ],
            [
              72.8195028,
              18.9766033
            ],
            [
              72.8193916,
              18.9762596
            ],
            [
              72.8193539,
              18.9761957
            ]
          ]
        ]
      },
      "id": "way/988421635"
    },
    {
      "type": "Feature",
      "properties": {
        "@id": "way/1015830077",
        "addr:city": "bombay",
        "addr:housenumber": "123",
        "addr:postcode": "400001",
        "addr:street": "Lake Road",
        "industrial": "oil",
        "landuse": "industrial",
        "name": "falcon industrial sales"
      },
      "geometry": {
        "type": "Polygon",
        "coordinates": [
          [
            [
              72.9344563,
              19.1590414
            ],
            [
              72.9341018,
              19.158967
            ],
            [
              72.9340462,
              19.1589567
            ],
            [
              72.9342735,
              19.1582373
            ],
            [
              72.9346279,
              19.1583117
            ],
            [
              72.9345442,
              19.1586677
            ],
            [
              72.9344563,
              19.1590414
            ]
          ]
        ]
      },
      "id": "way/1015830077"
    },
    {
      "type": "Feature",
      "properties": {
        "@id": "way/1016600596",
        "landuse": "industrial",
        "operator": "Yogayatan Ports"
      },
      "geometry": {
        "type": "Polygon",
        "coordinates": [
          [
            [
              72.9593905,
              19.0573554
            ],
            [
              72.9595899,
              19.056878
            ],
            [
              72.9596445,
              19.0561475
            ],
            [
              72.9597153,
              19.0558737
            ],
            [
              72.9600227,
              19.0558687
            ],
            [
              72.9600968,
              19.0557604
            ],
            [
              72.9601997,
              19.0556025
            ],
            [
              72.9604184,
              19.0553398
            ],
            [
              72.9604599,
              19.0552197
            ],
            [
              72.9605672,
              19.0551081
            ],
            [
              72.9606327,
              19.054933
            ],
            [
              72.9606372,
              19.0548437
            ],
            [
              72.9607362,
              19.0547963
            ],
            [
              72.9608529,
              19.0548117
            ],
            [
              72.9609239,
              19.054885
            ],
            [
              72.9609293,
              19.0550371
            ],
            [
              72.9608383,
              19.0551881
            ],
            [
              72.9611989,
              19.0553488
            ],
            [
              72.9613128,
              19.055354
            ],
            [
              72.9617152,
              19.0555214
            ],
            [
              72.9616508,
              19.055638
            ],
            [
              72.961573,
              19.0560487
            ],
            [
              72.9614416,
              19.0562946
            ],
            [
              72.9612726,
              19.0564442
            ],
            [
              72.961176,
              19.0567636
            ],
            [
              72.9611438,
              19.0569664
            ],
            [
              72.9610205,
              19.0573302
            ],
            [
              72.9609561,
              19.0575647
            ],
            [
              72.9610607,
              19.057708
            ],
            [
              72.9609856,
              19.0577828
            ],
            [
              72.9593905,
              19.0573554
            ]
          ]
        ]
      },
      "id": "way/1016600596"
    },
    {
      "type": "Feature",
      "properties": {
        "@id": "way/1021026604",
        "landuse": "industrial"
      },
      "geometry": {
        "type": "Polygon",
        "coordinates": [
          [
            [
              73.07081,
              19.033348
            ],
            [
              73.0711386,
              19.0335838
            ],
            [
              73.0707617,
              19.034077
            ],
            [
              73.0707387,
              19.0340631
            ],
            [
              73.0707134,
              19.0340478
            ],
            [
              73.0705552,
              19.0336662
            ],
            [
              73.07081,
              19.033348
            ]
          ]
        ]
      },
      "id": "way/1021026604"
    },
    {
      "type": "Feature",
      "properties": {
        "@id": "way/1021062084",
        "landuse": "industrial",
        "name": "Kharghar Water Station"
      },
      "geometry": {
        "type": "Polygon",
        "coordinates": [
          [
            [
              73.0698363,
              19.0370993
            ],
            [
              73.0697089,
              19.0360953
            ],
            [
              73.0700603,
              19.0359216
            ],
            [
              73.0707937,
              19.0366735
            ],
            [
              73.0708207,
              19.0367013
            ],
            [
              73.0704291,
              19.0370524
            ],
            [
              73.0698363,
              19.0370993
            ]
          ]
        ]
      },
      "id": "way/1021062084"
    },
    {
      "type": "Feature",
      "properties": {
        "@id": "way/1062398000",
        "landuse": "industrial"
      },
      "geometry": {
        "type": "Polygon",
        "coordinates": [
          [
            [
              73.027832,
              19.0147614
            ],
            [
              73.0278595,
              19.0145901
            ],
            [
              73.0282208,
              19.0145471
            ],
            [
              73.0282228,
              19.0147308
            ],
            [
              73.027832,
              19.0147614
            ]
          ]
        ]
      },
      "id": "way/1062398000"
    },
    {
      "type": "Feature",
      "properties": {
        "@id": "way/1062398001",
        "landuse": "industrial"
      },
      "geometry": {
        "type": "Polygon",
        "coordinates": [
          [
            [
              73.0279226,
              19.0149094
            ],
            [
              73.0279199,
              19.0148237
            ],
            [
              73.0280984,
              19.0148289
            ],
            [
              73.0280984,
              19.0149146
            ],
            [
              73.0279226,
              19.0149094
            ]
          ]
        ]
      },
      "id": "way/1062398001"
    },
    {
      "type": "Feature",
      "properties": {
        "@id": "way/1062398002",
        "landuse": "industrial"
      },
      "geometry": {
        "type": "Polygon",
        "coordinates": [
          [
            [
              73.0281862,
              19.0151327
            ],
            [
              73.0282137,
              19.0153871
            ],
            [
              73.0279116,
              19.0153378
            ],
            [
              73.0279226,
              19.0152573
            ],
            [
              73.0280132,
              19.0151405
            ],
            [
              73.0281862,
              19.0151327
            ]
          ]
        ]
      },
      "id": "way/1062398002"
    },
    {
      "type": "Feature",
      "properties": {
        "@id": "way/1062398003",
        "landuse": "industrial"
      },
      "geometry": {
        "type": "Polygon",
        "coordinates": [
          [
            [
              73.0281533,
              19.0156286
            ],
            [
              73.028211,
              19.0157117
            ],
            [
              73.0280874,
              19.0157947
            ],
            [
              73.0280215,
              19.015722
            ],
            [
              73.0281533,
              19.0156286
            ]
          ]
        ]
      },
      "id": "way/1062398003"
    },
    {
      "type": "Feature",
      "properties": {
        "@id": "way/1062398006",
        "landuse": "industrial"
      },
      "geometry": {
        "type": "Polygon",
        "coordinates": [
          [
            [
              73.0272077,
              19.0145108
            ],
            [
              73.0272364,
              19.0144197
            ],
            [
              73.0273366,
              19.0144393
            ],
            [
              73.027887,
              19.0144782
            ],
            [
              73.0277904,
              19.0147423
            ],
            [
              73.0272077,
              19.0145108
            ]
          ]
        ]
      },
      "id": "way/1062398006"
    },
    {
      "type": "Feature",
      "properties": {
        "@id": "way/1088898802",
        "industrial": "warehouse",
        "landuse": "industrial",
        "name": "National Marble"
      },
      "geometry": {
        "type": "Polygon",
        "coordinates": [
          [
            [
              72.9212642,
              19.1267309
            ],
            [
              72.9209284,
              19.1267367
            ],
            [
              72.9209241,
              19.1265075
            ],
            [
              72.9208076,
              19.1265095
            ],
            [
              72.9208051,
              19.1263784
            ],
            [
              72.9209753,
              19.1263755
            ],
            [
              72.9209737,
              19.126293
            ],
            [
              72.9214376,
              19.1262849
            ],
            [
              72.9212642,
              19.1267309
            ]
          ]
        ]
      },
      "id": "way/1088898802"
    },
    {
      "type": "Feature",
      "properties": {
        "@id": "way/1089964840",
        "landuse": "industrial"
      },
      "geometry": {
        "type": "Polygon",
        "coordinates": [
          [
            [
              73.0275838,
              19.0159049
            ],
            [
              73.0276441,
              19.0156636
            ],
            [
              73.0278788,
              19.0158035
            ],
            [
              73.0277876,
              19.0159404
            ],
            [
              73.0275838,
              19.0159049
            ]
          ]
        ]
      },
      "id": "way/1089964840"
    },
    {
      "type": "Feature",
      "properties": {
        "@id": "way/1118590883",
        "landuse": "industrial"
      },
      "geometry": {
        "type": "Polygon",
        "coordinates": [
          [
            [
              72.9457904,
              19.174703
            ],
            [
              72.9457751,
              19.1756671
            ],
            [
              72.9454466,
              19.1756664
            ],
            [
              72.945462,
              19.1746973
            ],
            [
              72.9457904,
              19.174703
            ]
          ]
        ]
      },
      "id": "way/1118590883"
    },
    {
      "type": "Feature",
      "properties": {
        "@id": "way/1120031775",
        "industrial": "depot",
        "landuse": "industrial",
        "name": "Nahur Depot"
      },
      "geometry": {
        "type": "Polygon",
        "coordinates": [
          [
            [
              72.9438248,
              19.1708166
            ],
            [
              72.9433289,
              19.169944
            ],
            [
              72.9432705,
              19.169835
            ],
            [
              72.9436179,
              19.1696509
            ],
            [
              72.9436827,
              19.1697549
            ],
            [
              72.944136,
              19.1704922
            ],
            [
              72.9439066,
              19.1707421
            ],
            [
              72.9438248,
              19.1708166
            ]
          ]
        ]
      },
      "id": "way/1120031775"
    },
    {
      "type": "Feature",
      "properties": {
        "@id": "way/1120052245",
        "landuse": "industrial"
      },
      "geometry": {
        "type": "Polygon",
        "coordinates": [
          [
            [
              72.9565787,
              19.1678953
            ],
            [
              72.9555809,
              19.1677535
            ],
            [
              72.9556292,
              19.1673886
            ],
            [
              72.9558438,
              19.1672316
            ],
            [
              72.9561228,
              19.1667097
            ],
            [
              72.9571313,
              19.1671961
            ],
            [
              72.9571581,
              19.1672873
            ],
            [
              72.9569328,
              19.1679409
            ],
            [
              72.9565787,
              19.1678953
            ]
          ]
        ]
      },
      "id": "way/1120052245"
    },
    {
      "type": "Feature",
      "properties": {
        "@id": "way/1120175951",
        "landuse": "industrial",
        "name": "Raja Industrial Estate"
      },
      "geometry": {
        "type": "Polygon",
        "coordinates": [
          [
            [
              72.9430872,
              19.1664259
            ],
            [
              72.9424477,
              19.1667798
            ],
            [
              72.9419339,
              19.1659141
            ],
            [
              72.9428103,
              19.1654195
            ],
            [
              72.9430979,
              19.1659141
            ],
            [
              72.9429692,
              19.1663195
            ],
            [
              72.9430872,
              19.1664259
            ]
          ]
        ]
      },
      "id": "way/1120175951"
    },
    {
      "type": "Feature",
      "properties": {
        "@id": "way/1120175958",
        "landuse": "industrial"
      },
      "geometry": {
        "type": "Polygon",
        "coordinates": [
          [
            [
              72.9428512,
              19.1684805
            ],
            [
              72.943739,
              19.1679891
            ],
            [
              72.9440331,
              19.1684495
            ],
            [
              72.9431278,
              19.1689429
            ],
            [
              72.9428512,
              19.1684805
            ]
          ]
        ]
      },
      "id": "way/1120175958"
    },
    {
      "type": "Feature",
      "properties": {
        "@id": "way/1120175959",
        "landuse": "industrial",
        "name": "Minerva Industrial Estate"
      },
      "geometry": {
        "type": "Polygon",
        "coordinates": [
          [
            [
              72.9428512,
              19.1684805
            ],
            [
              72.942576,
              19.1680295
            ],
            [
              72.9426159,
              19.1680072
            ],
            [
              72.9431529,
              19.1677118
            ],
            [
              72.9437262,
              19.1673965
            ],
            [
              72.9437551,
              19.1673806
            ],
            [
              72.944026,
              19.1678295
            ],
            [
              72.943739,
              19.1679891
            ],
            [
              72.9428512,
              19.1684805
            ]
          ]
        ]
      },
      "id": "way/1120175959"
    },
    {
      "type": "Feature",
      "properties": {
        "@id": "way/1120175976",
        "landuse": "industrial",
        "name": "Anupam Industrial Estate"
      },
      "geometry": {
        "type": "Polygon",
        "coordinates": [
          [
            [
              72.9434896,
              19.1688692
            ],
            [
              72.9439675,
              19.1686049
            ],
            [
              72.9441751,
              19.1689282
            ],
            [
              72.9443682,
              19.1692614
            ],
            [
              72.9438108,
              19.1695508
            ],
            [
              72.9435688,
              19.1691439
            ],
            [
              72.9436026,
              19.1691238
            ],
            [
              72.9436303,
              19.1691092
            ],
            [
              72.94362,
              19.1690916
            ],
            [
              72.9434896,
              19.1688692
            ]
          ]
        ]
      },
      "id": "way/1120175976"
    },
    {
      "type": "Feature",
      "properties": {
        "@id": "way/1120175991",
        "landuse": "industrial"
      },
      "geometry": {
        "type": "Polygon",
        "coordinates": [
          [
            [
              72.940228,
              19.167476
            ],
            [
              72.9409495,
              19.167229
            ],
            [
              72.9410598,
              19.1675247
            ],
            [
              72.9412365,
              19.1680524
            ],
            [
              72.9408583,
              19.1680651
            ],
            [
              72.9407322,
              19.1680815
            ],
            [
              72.9404546,
              19.167604
            ],
            [
              72.940228,
              19.167476
            ]
          ]
        ]
      },
      "id": "way/1120175991"
    },
    {
      "type": "Feature",
      "properties": {
        "@id": "way/1120175994",
        "landuse": "industrial"
      },
      "geometry": {
        "type": "Polygon",
        "coordinates": [
          [
            [
              72.9439675,
              19.1686049
            ],
            [
              72.9445711,
              19.1683003
            ],
            [
              72.9448966,
              19.1681129
            ],
            [
              72.945054,
              19.1683802
            ],
            [
              72.9444753,
              19.1686896
            ],
            [
              72.9445502,
              19.1688158
            ],
            [
              72.9441751,
              19.1689282
            ],
            [
              72.9439675,
              19.1686049
            ]
          ]
        ]
      },
      "id": "way/1120175994"
    },
    {
      "type": "Feature",
      "properties": {
        "@id": "way/1120175995",
        "landuse": "industrial",
        "name": "Aroto Industrial Premises Co-operative Society Limited"
      },
      "geometry": {
        "type": "Polygon",
        "coordinates": [
          [
            [
              72.945054,
              19.1683802
            ],
            [
              72.9452149,
              19.1686534
            ],
            [
              72.9445502,
              19.1688158
            ],
            [
              72.9444753,
              19.1686896
            ],
            [
              72.945054,
              19.1683802
            ]
          ]
        ]
      },
      "id": "way/1120175995"
    },
    {
      "type": "Feature",
      "properties": {
        "@id": "way/1120186013",
        "landuse": "industrial",
        "name": "Malik Compound"
      },
      "geometry": {
        "type": "Polygon",
        "coordinates": [
          [
            [
              72.9340079,
              19.1691925
            ],
            [
              72.9343861,
              19.1689695
            ],
            [
              72.9344639,
              19.1686909
            ],
            [
              72.9345176,
              19.1686326
            ],
            [
              72.9347016,
              19.1685426
            ],
            [
              72.9350707,
              19.1695394
            ],
            [
              72.9348931,
              19.1695852
            ],
            [
              72.9341716,
              19.1695142
            ],
            [
              72.9341394,
              19.1694452
            ],
            [
              72.9341306,
              19.1694292
            ],
            [
              72.9340079,
              19.1691925
            ]
          ]
        ]
      },
      "id": "way/1120186013"
    },
    {
      "type": "Feature",
      "properties": {
        "@id": "way/1120599771",
        "landuse": "industrial",
        "name": "Madani Estate"
      },
      "geometry": {
        "type": "Polygon",
        "coordinates": [
          [
            [
              72.9357755,
              19.1644219
            ],
            [
              72.9356548,
              19.1638974
            ],
            [
              72.9359365,
              19.1637809
            ],
            [
              72.9359821,
              19.1639684
            ],
            [
              72.9359874,
              19.164318
            ],
            [
              72.9357755,
              19.1644219
            ]
          ]
        ]
      },
      "id": "way/1120599771"
    },
    {
      "type": "Feature",
      "properties": {
        "@id": "way/1120599772",
        "landuse": "industrial",
        "name": "Patel Compound"
      },
      "geometry": {
        "type": "Polygon",
        "coordinates": [
          [
            [
              72.9355609,
              19.1639278
            ],
            [
              72.9356521,
              19.1642217
            ],
            [
              72.9357095,
              19.1644464
            ],
            [
              72.9355096,
              19.164553
            ],
            [
              72.9351291,
              19.1647487
            ],
            [
              72.9349363,
              19.1641965
            ],
            [
              72.9355609,
              19.1639278
            ]
          ]
        ]
      },
      "id": "way/1120599772"
    },
    {
      "type": "Feature",
      "properties": {
        "@id": "way/1120627777",
        "landuse": "industrial"
      },
      "geometry": {
        "type": "Polygon",
        "coordinates": [
          [
            [
              72.9345149,
              19.1519005
            ],
            [
              72.9345553,
              19.1512418
            ],
            [
              72.9353625,
              19.1511784
            ],
            [
              72.9354134,
              19.1513938
            ],
            [
              72.936269,
              19.1514698
            ],
            [
              72.9362744,
              19.151561
            ],
            [
              72.9356173,
              19.1514926
            ],
            [
              72.935636,
              19.1520475
            ],
            [
              72.9358774,
              19.1522046
            ],
            [
              72.9354858,
              19.1529115
            ],
            [
              72.9352927,
              19.1535399
            ],
            [
              72.9349869,
              19.1546952
            ],
            [
              72.9341823,
              19.1545787
            ],
            [
              72.9332611,
              19.1548877
            ],
            [
              72.9331362,
              19.1546091
            ],
            [
              72.9331523,
              19.1541479
            ],
            [
              72.9335654,
              19.1540365
            ],
            [
              72.9335815,
              19.1539098
            ],
            [
              72.9341233,
              19.153479
            ],
            [
              72.9340267,
              19.1529368
            ],
            [
              72.93459,
              19.1528507
            ],
            [
              72.934531,
              19.1524098
            ],
            [
              72.9345778,
              19.1524052
            ],
            [
              72.9352015,
              19.1523439
            ],
            [
              72.9351747,
              19.1519537
            ],
            [
              72.9351693,
              19.1518473
            ],
            [
              72.9345149,
              19.1519005
            ]
          ]
        ]
      },
      "id": "way/1120627777"
    },
    {
      "type": "Feature",
      "properties": {
        "@id": "way/1120627778",
        "landuse": "industrial"
      },
      "geometry": {
        "type": "Polygon",
        "coordinates": [
          [
            [
              72.9331887,
              19.1517748
            ],
            [
              72.9334742,
              19.151599
            ],
            [
              72.934097,
              19.1512984
            ],
            [
              72.9341635,
              19.1519233
            ],
            [
              72.9335842,
              19.1519436
            ],
            [
              72.9333991,
              19.1519056
            ],
            [
              72.9332301,
              19.1518093
            ],
            [
              72.9331887,
              19.1517748
            ]
          ]
        ]
      },
      "id": "way/1120627778"
    },
    {
      "type": "Feature",
      "properties": {
        "@id": "way/1120627780",
        "landuse": "industrial"
      },
      "geometry": {
        "type": "Polygon",
        "coordinates": [
          [
            [
              72.9332611,
              19.1548877
            ],
            [
              72.932868,
              19.1550195
            ],
            [
              72.9324871,
              19.1558861
            ],
            [
              72.9346919,
              19.1559621
            ],
            [
              72.934413,
              19.1569147
            ],
            [
              72.9343539,
              19.1576901
            ],
            [
              72.934252,
              19.1577813
            ],
            [
              72.9339355,
              19.1578395
            ],
            [
              72.932455,
              19.1574595
            ],
            [
              72.9324335,
              19.1569097
            ],
            [
              72.9321733,
              19.1555035
            ],
            [
              72.9320633,
              19.1542898
            ],
            [
              72.9321277,
              19.1537983
            ],
            [
              72.932986,
              19.1519436
            ],
            [
              72.933104,
              19.151827
            ],
            [
              72.9332811,
              19.151974
            ],
            [
              72.9331469,
              19.1522375
            ],
            [
              72.9331416,
              19.1527443
            ],
            [
              72.9331899,
              19.1531294
            ],
            [
              72.9333937,
              19.153175
            ],
            [
              72.9332167,
              19.1535196
            ],
            [
              72.9330826,
              19.1537983
            ],
            [
              72.9327714,
              19.1539757
            ],
            [
              72.9324979,
              19.1539605
            ],
            [
              72.9324496,
              19.1548118
            ],
            [
              72.9327071,
              19.1548219
            ],
            [
              72.9327232,
              19.1544723
            ],
            [
              72.9331362,
              19.1546091
            ],
            [
              72.9332611,
              19.1548877
            ]
          ]
        ]
      },
      "id": "way/1120627780"
    },
    {
      "type": "Feature",
      "properties": {
        "@id": "way/1120627782",
        "landuse": "industrial"
      },
      "geometry": {
        "type": "Polygon",
        "coordinates": [
          [
            [
              72.9354388,
              19.1511481
            ],
            [
              72.9358721,
              19.1509706
            ],
            [
              72.9363388,
              19.1506919
            ],
            [
              72.9362288,
              19.1514318
            ],
            [
              72.9354831,
              19.1513532
            ],
            [
              72.9354388,
              19.1511481
            ]
          ]
        ]
      },
      "id": "way/1120627782"
    },
    {
      "type": "Feature",
      "properties": {
        "@id": "way/1121482273",
        "landuse": "industrial"
      },
      "geometry": {
        "type": "Polygon",
        "coordinates": [
          [
            [
              72.9353458,
              19.1712346
            ],
            [
              72.9358806,
              19.1708836
            ],
            [
              72.9360786,
              19.1711458
            ],
            [
              72.9363521,
              19.1715216
            ],
            [
              72.9358876,
              19.1717315
            ],
            [
              72.9359477,
              19.171906
            ],
            [
              72.9356246,
              19.1720654
            ],
            [
              72.9355174,
              19.1718584
            ],
            [
              72.9354939,
              19.1718146
            ],
            [
              72.9353941,
              19.1717927
            ],
            [
              72.9354241,
              19.1714321
            ],
            [
              72.9353458,
              19.1712346
            ]
          ]
        ]
      },
      "id": "way/1121482273"
    },
    {
      "type": "Feature",
      "properties": {
        "@id": "way/1121482283",
        "landuse": "industrial"
      },
      "geometry": {
        "type": "Polygon",
        "coordinates": [
          [
            [
              72.9330788,
              19.1704806
            ],
            [
              72.9330236,
              19.170325
            ],
            [
              72.9325126,
              19.1698284
            ],
            [
              72.9323852,
              19.1694788
            ],
            [
              72.9328948,
              19.1693014
            ],
            [
              72.9340079,
              19.1691925
            ],
            [
              72.9341306,
              19.1694292
            ],
            [
              72.9339972,
              19.1694484
            ],
            [
              72.9336941,
              19.169608
            ],
            [
              72.9335815,
              19.1696992
            ],
            [
              72.9335359,
              19.1698107
            ],
            [
              72.9335493,
              19.1700741
            ],
            [
              72.9335117,
              19.1701476
            ],
            [
              72.9330788,
              19.1704806
            ]
          ]
        ]
      },
      "id": "way/1121482283"
    },
    {
      "type": "Feature",
      "properties": {
        "@id": "way/1121494247",
        "industrial": "depot",
        "landuse": "industrial",
        "name": "Wadala Monorail Depot"
      },
      "geometry": {
        "type": "Polygon",
        "coordinates": [
          [
            [
              72.8755638,
              19.0367931
            ],
            [
              72.8755544,
              19.037973
            ],
            [
              72.8755305,
              19.0390165
            ],
            [
              72.8754452,
              19.0413558
            ],
            [
              72.8743755,
              19.0409256
            ],
            [
              72.8742747,
              19.0408671
            ],
            [
              72.8741924,
              19.0407919
            ],
            [
              72.8741453,
              19.0407165
            ],
            [
              72.8741311,
              19.040638
            ],
            [
              72.8741458,
              19.0392358
            ],
            [
              72.8741701,
              19.0370283
            ],
            [
              72.8741816,
              19.0369492
            ],
            [
              72.874222,
              19.0368906
            ],
            [
              72.8742767,
              19.0368487
            ],
            [
              72.8743487,
              19.0368335
            ],
            [
              72.8755638,
              19.0367931
            ]
          ]
        ]
      },
      "id": "way/1121494247"
    },
    {
      "type": "Feature",
      "properties": {
        "@id": "way/1121494249",
        "industrial": "depot",
        "landuse": "industrial",
        "name": "Kalakilla BEST Bus Depot",
        "operator": "BEST"
      },
      "geometry": {
        "type": "Polygon",
        "coordinates": [
          [
            [
              72.859791,
              19.0510287
            ],
            [
              72.8597263,
              19.051203
            ],
            [
              72.8599495,
              19.0512357
            ],
            [
              72.8599985,
              19.0511349
            ],
            [
              72.8603554,
              19.0512564
            ],
            [
              72.8601309,
              19.0518715
            ],
            [
              72.8597067,
              19.0517704
            ],
            [
              72.8587889,
              19.0515085
            ],
            [
              72.8586163,
              19.0514045
            ],
            [
              72.8592226,
              19.0505471
            ],
            [
              72.859791,
              19.0510287
            ]
          ]
        ]
      },
      "id": "way/1121494249"
    },
    {
      "type": "Feature",
      "properties": {
        "@id": "way/1121494250",
        "landuse": "industrial",
        "name": "Casting Yard"
      },
      "geometry": {
        "type": "Polygon",
        "coordinates": [
          [
            [
              72.8774522,
              19.039917
            ],
            [
              72.8787156,
              19.0400527
            ],
            [
              72.8795203,
              19.0401392
            ],
            [
              72.8792866,
              19.0414646
            ],
            [
              72.87817,
              19.0413367
            ],
            [
              72.8780496,
              19.0422775
            ],
            [
              72.8771957,
              19.0419753
            ],
            [
              72.8773409,
              19.0409634
            ],
            [
              72.8772712,
              19.0409583
            ],
            [
              72.8774522,
              19.039917
            ]
          ]
        ]
      },
      "id": "way/1121494250"
    },
    {
      "type": "Feature",
      "properties": {
        "@id": "way/1121664485",
        "landuse": "industrial"
      },
      "geometry": {
        "type": "Polygon",
        "coordinates": [
          [
            [
              72.8464848,
              18.9704974
            ],
            [
              72.8463507,
              18.9713456
            ],
            [
              72.8461066,
              18.9713621
            ],
            [
              72.8461624,
              18.9708974
            ],
            [
              72.8462085,
              18.9704996
            ],
            [
              72.8464848,
              18.9704974
            ]
          ]
        ]
      },
      "id": "way/1121664485"
    },
    {
      "type": "Feature",
      "properties": {
        "@id": "way/1121664486",
        "landuse": "industrial"
      },
      "geometry": {
        "type": "Polygon",
        "coordinates": [
          [
            [
              72.8458861,
              18.9728189
            ],
            [
              72.8463399,
              18.972345
            ],
            [
              72.846297,
              18.9735219
            ],
            [
              72.846252,
              18.9746982
            ],
            [
              72.8456667,
              18.9746836
            ],
            [
              72.8455839,
              18.9760564
            ],
            [
              72.8452523,
              18.9760888
            ],
            [
              72.8452469,
              18.9751402
            ],
            [
              72.8454508,
              18.9743031
            ],
            [
              72.8458585,
              18.9729842
            ],
            [
              72.8458861,
              18.9728189
            ]
          ]
        ]
      },
      "id": "way/1121664486"
    },
    {
      "type": "Feature",
      "properties": {
        "@id": "way/1121664487",
        "landuse": "industrial"
      },
      "geometry": {
        "type": "Polygon",
        "coordinates": [
          [
            [
              72.8558618,
              18.9756221
            ],
            [
              72.8513369,
              18.9765783
            ],
            [
              72.8512323,
              18.9760939
            ],
            [
              72.8495291,
              18.9764616
            ],
            [
              72.8498375,
              18.9778364
            ],
            [
              72.849808,
              18.9778896
            ],
            [
              72.8496122,
              18.9776106
            ],
            [
              72.849462,
              18.9767736
            ],
            [
              72.8492582,
              18.9758554
            ],
            [
              72.848711,
              18.9757235
            ],
            [
              72.8484803,
              18.974014
            ],
            [
              72.8483329,
              18.9724591
            ],
            [
              72.8489685,
              18.9723906
            ],
            [
              72.8490449,
              18.9727901
            ],
            [
              72.8489486,
              18.9729266
            ],
            [
              72.8491398,
              18.9733163
            ],
            [
              72.8495287,
              18.9730471
            ],
            [
              72.8501332,
              18.9731112
            ],
            [
              72.8505709,
              18.9728305
            ],
            [
              72.8509342,
              18.9726003
            ],
            [
              72.8520396,
              18.9721496
            ],
            [
              72.8529784,
              18.9721395
            ],
            [
              72.8534854,
              18.9722915
            ],
            [
              72.8536382,
              18.9723373
            ],
            [
              72.8540503,
              18.9726959
            ],
            [
              72.8540803,
              18.9731705
            ],
            [
              72.8541324,
              18.9737212
            ],
            [
              72.8496364,
              18.9745948
            ],
            [
              72.8497651,
              18.9752518
            ],
            [
              72.8508675,
              18.9750438
            ],
            [
              72.8510016,
              18.9754953
            ],
            [
              72.8553362,
              18.9745426
            ],
            [
              72.8555024,
              18.9747927
            ],
            [
              72.8557035,
              18.9750159
            ],
            [
              72.8558658,
              18.9753264
            ],
            [
              72.8558618,
              18.9756221
            ]
          ]
        ]
      },
      "id": "way/1121664487"
    },
    {
      "type": "Feature",
      "properties": {
        "@id": "way/1121664488",
        "landuse": "industrial"
      },
      "geometry": {
        "type": "Polygon",
        "coordinates": [
          [
            [
              72.8480974,
              18.9788867
            ],
            [
              72.8498762,
              18.978521
            ],
            [
              72.850137,
              18.9800174
            ],
            [
              72.8481692,
              18.9789448
            ],
            [
              72.8480974,
              18.9788867
            ]
          ]
        ]
      },
      "id": "way/1121664488"
    },
    {
      "type": "Feature",
      "properties": {
        "@id": "way/1121664489",
        "landuse": "industrial"
      },
      "geometry": {
        "type": "Polygon",
        "coordinates": [
          [
            [
              72.852568,
              18.9779277
            ],
            [
              72.855484,
              18.9772794
            ],
            [
              72.8556313,
              18.9777727
            ],
            [
              72.8526851,
              18.9784175
            ],
            [
              72.852568,
              18.9779277
            ]
          ]
        ]
      },
      "id": "way/1121664489"
    },
    {
      "type": "Feature",
      "properties": {
        "@id": "way/1121664491",
        "landuse": "industrial"
      },
      "geometry": {
        "type": "Polygon",
        "coordinates": [
          [
            [
              72.8498587,
              18.9784207
            ],
            [
              72.8480273,
              18.97883
            ],
            [
              72.8476864,
              18.9785542
            ],
            [
              72.8489068,
              18.9780241
            ],
            [
              72.8488129,
              18.9775193
            ],
            [
              72.8487647,
              18.9770983
            ],
            [
              72.8486528,
              18.975838
            ],
            [
              72.8492099,
              18.9759899
            ],
            [
              72.8495157,
              18.9776259
            ],
            [
              72.8497812,
              18.9779759
            ],
            [
              72.8498587,
              18.9784207
            ]
          ]
        ]
      },
      "id": "way/1121664491"
    },
    {
      "type": "Feature",
      "properties": {
        "@id": "way/1121664492",
        "landuse": "industrial"
      },
      "geometry": {
        "type": "Polygon",
        "coordinates": [
          [
            [
              72.8503096,
              18.9801115
            ],
            [
              72.8502868,
              18.9799546
            ],
            [
              72.857692,
              18.9783549
            ],
            [
              72.8594699,
              18.9800183
            ],
            [
              72.8591555,
              18.9804311
            ],
            [
              72.8535819,
              18.9816131
            ],
            [
              72.8531206,
              18.9815623
            ],
            [
              72.8524446,
              18.9813189
            ],
            [
              72.8503096,
              18.9801115
            ]
          ]
        ]
      },
      "id": "way/1121664492"
    },
    {
      "type": "Feature",
      "properties": {
        "@id": "way/1121664493",
        "landuse": "industrial"
      },
      "geometry": {
        "type": "Polygon",
        "coordinates": [
          [
            [
              72.8589681,
              18.9818126
            ],
            [
              72.8604305,
              18.9822921
            ],
            [
              72.8608277,
              18.9812654
            ],
            [
              72.8612014,
              18.981601
            ],
            [
              72.860197,
              18.9839269
            ],
            [
              72.8596678,
              18.9852324
            ],
            [
              72.8595391,
              18.9855976
            ],
            [
              72.8589115,
              18.9870712
            ],
            [
              72.8581497,
              18.9889049
            ],
            [
              72.8570331,
              18.9915975
            ],
            [
              72.856938,
              18.9915859
            ],
            [
              72.8568128,
              18.9918959
            ],
            [
              72.8564545,
              18.9927828
            ],
            [
              72.8563419,
              18.9929873
            ],
            [
              72.8548545,
              18.9924251
            ],
            [
              72.8556579,
              18.9905053
            ],
            [
              72.8570902,
              18.9873502
            ],
            [
              72.8589681,
              18.9818126
            ]
          ]
        ]
      },
      "id": "way/1121664493"
    },
    {
      "type": "Feature",
      "properties": {
        "@id": "way/1121664495",
        "landuse": "industrial"
      },
      "geometry": {
        "type": "Polygon",
        "coordinates": [
          [
            [
              72.8479047,
              18.976342
            ],
            [
              72.8485823,
              18.9762765
            ],
            [
              72.8486922,
              18.9776157
            ],
            [
              72.8484679,
              18.9776788
            ],
            [
              72.8479047,
              18.976342
            ]
          ]
        ]
      },
      "id": "way/1121664495"
    },
    {
      "type": "Feature",
      "properties": {
        "@id": "way/1121664497",
        "landuse": "industrial"
      },
      "geometry": {
        "type": "Polygon",
        "coordinates": [
          [
            [
              72.8468373,
              18.9765022
            ],
            [
              72.8468066,
              18.9760837
            ],
            [
              72.8485662,
              18.9758808
            ],
            [
              72.8485922,
              18.9761598
            ],
            [
              72.8475308,
              18.9763297
            ],
            [
              72.8468373,
              18.9765022
            ]
          ]
        ]
      },
      "id": "way/1121664497"
    },
    {
      "type": "Feature",
      "properties": {
        "@id": "way/1122124237",
        "landuse": "industrial",
        "name": "Mittal Industrial Estate"
      },
      "geometry": {
        "type": "Polygon",
        "coordinates": [
          [
            [
              72.8815681,
              19.1030856
            ],
            [
              72.88178,
              19.1031515
            ],
            [
              72.8821984,
              19.1034328
            ],
            [
              72.8828958,
              19.1037547
            ],
            [
              72.8833196,
              19.1042489
            ],
            [
              72.8835502,
              19.1047964
            ],
            [
              72.8834403,
              19.105539
            ],
            [
              72.8834295,
              19.1055922
            ],
            [
              72.8829387,
              19.1054351
            ],
            [
              72.8827145,
              19.1059741
            ],
            [
              72.8825927,
              19.1065882
            ],
            [
              72.8829575,
              19.1066541
            ],
            [
              72.8831881,
              19.1064717
            ],
            [
              72.8834295,
              19.1066643
            ],
            [
              72.8835583,
              19.1068721
            ],
            [
              72.8836226,
              19.1070698
            ],
            [
              72.8830111,
              19.1072573
            ],
            [
              72.8814769,
              19.1073182
            ],
            [
              72.8808117,
              19.1056049
            ],
            [
              72.8803986,
              19.1053565
            ],
            [
              72.8802162,
              19.1051892
            ],
            [
              72.880286,
              19.1047685
            ],
            [
              72.8801143,
              19.1043376
            ],
            [
              72.8814018,
              19.1040893
            ],
            [
              72.881391,
              19.103633
            ],
            [
              72.8815681,
              19.1030856
            ]
          ]
        ]
      },
      "id": "way/1122124237"
    },
    {
      "type": "Feature",
      "properties": {
        "@id": "way/1122421038",
        "landuse": "industrial"
      },
      "geometry": {
        "type": "Polygon",
        "coordinates": [
          [
            [
              72.8776333,
              19.0764103
            ],
            [
              72.8781375,
              19.0771125
            ],
            [
              72.8786337,
              19.0777513
            ],
            [
              72.878277,
              19.0778983
            ],
            [
              72.8781375,
              19.0775891
            ],
            [
              72.8781268,
              19.0774623
            ],
            [
              72.8776252,
              19.0774116
            ],
            [
              72.8776628,
              19.077077
            ],
            [
              72.8776655,
              19.0768387
            ],
            [
              72.8776386,
              19.0765979
            ],
            [
              72.8776091,
              19.0764281
            ],
            [
              72.8776333,
              19.0764103
            ]
          ]
        ]
      },
      "id": "way/1122421038"
    },
    {
      "type": "Feature",
      "properties": {
        "@id": "way/1122471446",
        "landuse": "industrial"
      },
      "geometry": {
        "type": "Polygon",
        "coordinates": [
          [
            [
              72.8853768,
              19.0936874
            ],
            [
              72.8857738,
              19.0955529
            ],
            [
              72.8850335,
              19.0954667
            ],
            [
              72.8848457,
              19.0945948
            ],
            [
              72.8845453,
              19.0937229
            ],
            [
              72.8848404,
              19.0936722
            ],
            [
              72.8853768,
              19.0936874
            ]
          ]
        ]
      },
      "id": "way/1122471446"
    },
    {
      "type": "Feature",
      "properties": {
        "@id": "way/1122471448",
        "landuse": "industrial",
        "name": "Bharath Coal Compound"
      },
      "geometry": {
        "type": "Polygon",
        "coordinates": [
          [
            [
              72.8841323,
              19.0878956
            ],
            [
              72.8839123,
              19.0879007
            ],
            [
              72.8838989,
              19.0878753
            ],
            [
              72.8836414,
              19.0878652
            ],
            [
              72.8834724,
              19.0878982
            ],
            [
              72.8832874,
              19.0878982
            ],
            [
              72.883282,
              19.0880401
            ],
            [
              72.8826061,
              19.0879894
            ],
            [
              72.8826074,
              19.0882125
            ],
            [
              72.8823687,
              19.0882809
            ],
            [
              72.8823121,
              19.0881781
            ],
            [
              72.8819516,
              19.0880626
            ],
            [
              72.8818658,
              19.0880727
            ],
            [
              72.8818514,
              19.0878457
            ],
            [
              72.8812974,
              19.0880347
            ],
            [
              72.8813052,
              19.0872898
            ],
            [
              72.8811872,
              19.0866359
            ],
            [
              72.8818953,
              19.086504
            ],
            [
              72.8818899,
              19.0863114
            ],
            [
              72.8818899,
              19.0856118
            ],
            [
              72.8827142,
              19.0855601
            ],
            [
              72.8835905,
              19.0854749
            ],
            [
              72.8841323,
              19.0878956
            ]
          ]
        ]
      },
      "id": "way/1122471448"
    },
    {
      "type": "Feature",
      "properties": {
        "@id": "way/1122471456",
        "landuse": "industrial",
        "name": "Sunder Baug Industrial Estate"
      },
      "geometry": {
        "type": "Polygon",
        "coordinates": [
          [
            [
              72.8872192,
              19.0876048
            ],
            [
              72.8870882,
              19.0889039
            ],
            [
              72.885631,
              19.0887521
            ],
            [
              72.8856905,
              19.0884179
            ],
            [
              72.8858608,
              19.0877036
            ],
            [
              72.8866965,
              19.0878931
            ],
            [
              72.8867742,
              19.0877055
            ],
            [
              72.8867152,
              19.0875712
            ],
            [
              72.8869725,
              19.0868548
            ],
            [
              72.8869234,
              19.0867417
            ],
            [
              72.8869835,
              19.0865484
            ],
            [
              72.8873241,
              19.0870059
            ],
            [
              72.8873858,
              19.0871935
            ],
            [
              72.8872192,
              19.0876048
            ]
          ]
        ]
      },
      "id": "way/1122471456"
    },
    {
      "type": "Feature",
      "properties": {
        "@id": "way/1122603578",
        "landuse": "industrial"
      },
      "geometry": {
        "type": "Polygon",
        "coordinates": [
          [
            [
              72.8737655,
              19.1084916
            ],
            [
              72.8735563,
              19.1080075
            ],
            [
              72.8732586,
              19.1081266
            ],
            [
              72.8729394,
              19.1073658
            ],
            [
              72.8730295,
              19.1073177
            ],
            [
              72.8747123,
              19.1066034
            ],
            [
              72.8748089,
              19.1066085
            ],
            [
              72.8753319,
              19.1078098
            ],
            [
              72.8752112,
              19.1079644
            ],
            [
              72.873846,
              19.1084891
            ],
            [
              72.8737655,
              19.1084916
            ]
          ]
        ]
      },
      "id": "way/1122603578"
    },
    {
      "type": "Feature",
      "properties": {
        "@id": "way/1122603579",
        "landuse": "industrial"
      },
      "geometry": {
        "type": "Polygon",
        "coordinates": [
          [
            [
              72.8732586,
              19.1081266
            ],
            [
              72.8735563,
              19.1080075
            ],
            [
              72.8737655,
              19.1084916
            ],
            [
              72.8735214,
              19.1085803
            ],
            [
              72.8734463,
              19.1085372
            ],
            [
              72.8732586,
              19.1081266
            ]
          ]
        ]
      },
      "id": "way/1122603579"
    },
    {
      "type": "Feature",
      "properties": {
        "@id": "way/1122603582",
        "landuse": "industrial"
      },
      "geometry": {
        "type": "Polygon",
        "coordinates": [
          [
            [
              72.8728214,
              19.1051385
            ],
            [
              72.8729072,
              19.1051132
            ],
            [
              72.8730145,
              19.1051588
            ],
            [
              72.8732049,
              19.105098
            ],
            [
              72.8732613,
              19.1051157
            ],
            [
              72.8734624,
              19.1051107
            ],
            [
              72.8735858,
              19.1051512
            ],
            [
              72.8735992,
              19.1050929
            ],
            [
              72.8736663,
              19.1050929
            ],
            [
              72.8736502,
              19.1052044
            ],
            [
              72.8738058,
              19.1060636
            ],
            [
              72.8733337,
              19.1062537
            ],
            [
              72.8728214,
              19.1051385
            ]
          ]
        ]
      },
      "id": "way/1122603582"
    },
    {
      "type": "Feature",
      "properties": {
        "@id": "way/1123726014",
        "landuse": "industrial"
      },
      "geometry": {
        "type": "Polygon",
        "coordinates": [
          [
            [
              72.926053,
              19.115006
            ],
            [
              72.9259747,
              19.1168094
            ],
            [
              72.9259694,
              19.1169031
            ],
            [
              72.9251106,
              19.1168793
            ],
            [
              72.9248307,
              19.1168745
            ],
            [
              72.9248276,
              19.1173483
            ],
            [
              72.9244479,
              19.117196
            ],
            [
              72.9252822,
              19.1150149
            ],
            [
              72.926053,
              19.115006
            ]
          ]
        ]
      },
      "id": "way/1123726014"
    },
    {
      "type": "Feature",
      "properties": {
        "@id": "way/1123730802",
        "landuse": "industrial",
        "name": "Hindustan Kohinoor Industrial Complex"
      },
      "geometry": {
        "type": "Polygon",
        "coordinates": [
          [
            [
              72.9267152,
              19.1175804
            ],
            [
              72.927745,
              19.1175925
            ],
            [
              72.9276726,
              19.1196934
            ],
            [
              72.9274768,
              19.1197086
            ],
            [
              72.927466,
              19.1196021
            ],
            [
              72.9259855,
              19.1195337
            ],
            [
              72.9261759,
              19.1184947
            ],
            [
              72.9262242,
              19.1178408
            ],
            [
              72.9267016,
              19.1178433
            ],
            [
              72.9267152,
              19.1175804
            ]
          ]
        ]
      },
      "id": "way/1123730802"
    },
    {
      "type": "Feature",
      "properties": {
        "@id": "way/1123730805",
        "landuse": "industrial"
      },
      "geometry": {
        "type": "Polygon",
        "coordinates": [
          [
            [
              72.927399,
              19.1219868
            ],
            [
              72.9276698,
              19.1219947
            ],
            [
              72.9276232,
              19.1229324
            ],
            [
              72.9269618,
              19.1229118
            ],
            [
              72.9261813,
              19.1229879
            ],
            [
              72.9254758,
              19.122927
            ],
            [
              72.9255697,
              19.121812
            ],
            [
              72.9265997,
              19.1219463
            ],
            [
              72.927399,
              19.1219868
            ]
          ]
        ]
      },
      "id": "way/1123730805"
    },
    {
      "type": "Feature",
      "properties": {
        "@id": "way/1123854971",
        "landuse": "industrial"
      },
      "geometry": {
        "type": "Polygon",
        "coordinates": [
          [
            [
              72.9142964,
              19.0952132
            ],
            [
              72.9166442,
              19.0935804
            ],
            [
              72.9168659,
              19.0934339
            ],
            [
              72.9174694,
              19.0940955
            ],
            [
              72.9174208,
              19.0941516
            ],
            [
              72.9167496,
              19.0946859
            ],
            [
              72.915042,
              19.0960345
            ],
            [
              72.9142964,
              19.0952132
            ]
          ]
        ]
      },
      "id": "way/1123854971"
    },
    {
      "type": "Feature",
      "properties": {
        "@id": "way/1123854973",
        "landuse": "industrial"
      },
      "geometry": {
        "type": "Polygon",
        "coordinates": [
          [
            [
              72.913996,
              19.0948356
            ],
            [
              72.9132035,
              19.0939019
            ],
            [
              72.9141524,
              19.0936321
            ],
            [
              72.9148707,
              19.0934274
            ],
            [
              72.914924,
              19.093586
            ],
            [
              72.9157823,
              19.0934796
            ],
            [
              72.9154873,
              19.0942045
            ],
            [
              72.9142213,
              19.0950662
            ],
            [
              72.9140764,
              19.0949344
            ],
            [
              72.9150528,
              19.0942552
            ],
            [
              72.9149401,
              19.0939763
            ],
            [
              72.9139262,
              19.094316
            ],
            [
              72.9141462,
              19.0947367
            ],
            [
              72.913996,
              19.0948356
            ]
          ]
        ]
      },
      "id": "way/1123854973"
    },
    {
      "type": "Feature",
      "properties": {
        "@id": "way/1123859441",
        "landuse": "industrial"
      },
      "geometry": {
        "type": "Polygon",
        "coordinates": [
          [
            [
              72.9112548,
              19.0898321
            ],
            [
              72.90975,
              19.0886129
            ],
            [
              72.9102845,
              19.0880208
            ],
            [
              72.9105976,
              19.0876802
            ],
            [
              72.912105,
              19.0888766
            ],
            [
              72.911877,
              19.0891275
            ],
            [
              72.9112548,
              19.0898321
            ]
          ]
        ]
      },
      "id": "way/1123859441"
    },
    {
      "type": "Feature",
      "properties": {
        "@id": "way/1125690133",
        "landuse": "industrial"
      },
      "geometry": {
        "type": "Polygon",
        "coordinates": [
          [
            [
              72.9511848,
              19.1794731
            ],
            [
              72.9514477,
              19.1794477
            ],
            [
              72.951512,
              19.1791589
            ],
            [
              72.9516193,
              19.1788904
            ],
            [
              72.9518554,
              19.1788828
            ],
            [
              72.9518393,
              19.1787384
            ],
            [
              72.9522067,
              19.1787764
            ],
            [
              72.9523408,
              19.1787713
            ],
            [
              72.9524213,
              19.1787283
            ],
            [
              72.9525527,
              19.1786599
            ],
            [
              72.9526788,
              19.1788473
            ],
            [
              72.9527673,
              19.1791539
            ],
            [
              72.9528263,
              19.1794351
            ],
            [
              72.9529014,
              19.1808613
            ],
            [
              72.9530624,
              19.182095
            ],
            [
              72.9533708,
              19.1821102
            ],
            [
              72.9533547,
              19.1823281
            ],
            [
              72.952255,
              19.1822445
            ],
            [
              72.9519868,
              19.1810336
            ],
            [
              72.9513109,
              19.1800912
            ],
            [
              72.9511848,
              19.1794731
            ]
          ]
        ]
      },
      "id": "way/1125690133"
    },
    {
      "type": "Feature",
      "properties": {
        "@id": "way/1125992213",
        "landuse": "industrial",
        "name": "Pippermintwala Estate"
      },
      "geometry": {
        "type": "Polygon",
        "coordinates": [
          [
            [
              72.9353511,
              19.1452214
            ],
            [
              72.9347621,
              19.1445166
            ],
            [
              72.9349393,
              19.1443521
            ],
            [
              72.9348801,
              19.1442439
            ],
            [
              72.9351081,
              19.1441205
            ],
            [
              72.935455,
              19.1439557
            ],
            [
              72.9358504,
              19.145029
            ],
            [
              72.9353511,
              19.1452214
            ]
          ]
        ]
      },
      "id": "way/1125992213"
    },
    {
      "type": "Feature",
      "properties": {
        "@id": "way/1126242023",
        "landuse": "industrial"
      },
      "geometry": {
        "type": "Polygon",
        "coordinates": [
          [
            [
              73.017422,
              19.1150607
            ],
            [
              73.0169994,
              19.1173986
            ],
            [
              73.016746,
              19.1188007
            ],
            [
              73.0166826,
              19.1189075
            ],
            [
              73.016262,
              19.1210984
            ],
            [
              73.0161179,
              19.1246375
            ],
            [
              73.0063646,
              19.1207714
            ],
            [
              73.0069828,
              19.1193056
            ],
            [
              73.0087791,
              19.1152748
            ],
            [
              73.0090104,
              19.1145462
            ],
            [
              73.0091617,
              19.1140698
            ],
            [
              73.0094215,
              19.1135172
            ],
            [
              73.010442,
              19.1137827
            ],
            [
              73.0109228,
              19.1139006
            ],
            [
              73.012848,
              19.1143725
            ],
            [
              73.0146351,
              19.1146653
            ],
            [
              73.0153656,
              19.1147689
            ],
            [
              73.017422,
              19.1150607
            ]
          ]
        ]
      },
      "id": "way/1126242023"
    },
    {
      "type": "Feature",
      "properties": {
        "@id": "way/1126494065",
        "landuse": "industrial"
      },
      "geometry": {
        "type": "Polygon",
        "coordinates": [
          [
            [
              72.9123384,
              19.1010783
            ],
            [
              72.9129824,
              19.100731
            ],
            [
              72.9144064,
              19.0999631
            ],
            [
              72.9153986,
              19.1017564
            ],
            [
              72.9140305,
              19.1024637
            ],
            [
              72.9133522,
              19.1028144
            ],
            [
              72.9123384,
              19.1010783
            ]
          ]
        ]
      },
      "id": "way/1126494065"
    },
    {
      "type": "Feature",
      "properties": {
        "@id": "way/1127321832",
        "landuse": "industrial"
      },
      "geometry": {
        "type": "Polygon",
        "coordinates": [
          [
            [
              72.9277263,
              19.0576317
            ],
            [
              72.9288661,
              19.0570476
            ],
            [
              72.9294938,
              19.0569005
            ],
            [
              72.9295957,
              19.0569766
            ],
            [
              72.9300367,
              19.0571114
            ],
            [
              72.9298586,
              19.0574583
            ],
            [
              72.9308563,
              19.0579754
            ],
            [
              72.930674,
              19.0584166
            ],
            [
              72.9315376,
              19.0588222
            ],
            [
              72.9311353,
              19.0593749
            ],
            [
              72.929526,
              19.0586143
            ],
            [
              72.9277664,
              19.0577016
            ],
            [
              72.9277263,
              19.0576317
            ]
          ]
        ]
      },
      "id": "way/1127321832"
    },
    {
      "type": "Feature",
      "properties": {
        "@id": "way/1127451348",
        "landuse": "industrial",
        "name": "Kantilal Maganlal Estate"
      },
      "geometry": {
        "type": "Polygon",
        "coordinates": [
          [
            [
              72.9366164,
              19.1553111
            ],
            [
              72.9366147,
              19.1545882
            ],
            [
              72.9373843,
              19.1543483
            ],
            [
              72.937365,
              19.1553153
            ],
            [
              72.9366164,
              19.1553111
            ]
          ]
        ]
      },
      "id": "way/1127451348"
    },
    {
      "type": "Feature",
      "properties": {
        "@id": "way/1127681390",
        "landuse": "industrial"
      },
      "geometry": {
        "type": "Polygon",
        "coordinates": [
          [
            [
              72.9433267,
              19.1720258
            ],
            [
              72.9433119,
              19.1723233
            ],
            [
              72.9430258,
              19.1723516
            ],
            [
              72.9430256,
              19.1720631
            ],
            [
              72.9432522,
              19.1720249
            ],
            [
              72.9433267,
              19.1720258
            ]
          ]
        ]
      },
      "id": "way/1127681390"
    },
    {
      "type": "Feature",
      "properties": {
        "@id": "way/1127716255",
        "landuse": "industrial",
        "name": "Ansa Industrial Estate"
      },
      "geometry": {
        "type": "Polygon",
        "coordinates": [
          [
            [
              72.8884178,
              19.1114477
            ],
            [
              72.8880988,
              19.1106032
            ],
            [
              72.8879656,
              19.1100558
            ],
            [
              72.8877977,
              19.1090276
            ],
            [
              72.8877535,
              19.1082127
            ],
            [
              72.8881273,
              19.1081678
            ],
            [
              72.888443,
              19.1075596
            ],
            [
              72.8888624,
              19.1077328
            ],
            [
              72.8891461,
              19.1083187
            ],
            [
              72.8895235,
              19.1111832
            ],
            [
              72.8884178,
              19.1114477
            ]
          ]
        ]
      },
      "id": "way/1127716255"
    },
    {
      "type": "Feature",
      "properties": {
        "@id": "way/1131759258",
        "landuse": "industrial"
      },
      "geometry": {
        "type": "Polygon",
        "coordinates": [
          [
            [
              72.8542712,
              19.1713485
            ],
            [
              72.8543919,
              19.1708266
            ],
            [
              72.8544053,
              19.1704998
            ],
            [
              72.8544402,
              19.169912
            ],
            [
              72.854864,
              19.1699247
            ],
            [
              72.8548425,
              19.1700437
            ],
            [
              72.8554058,
              19.1702363
            ],
            [
              72.8556633,
              19.1702059
            ],
            [
              72.8558269,
              19.1702363
            ],
            [
              72.8559047,
              19.1703756
            ],
            [
              72.8558511,
              19.1704339
            ],
            [
              72.8557304,
              19.1708646
            ],
            [
              72.8546467,
              19.1713865
            ],
            [
              72.8545341,
              19.1714093
            ],
            [
              72.8542712,
              19.1713485
            ]
          ]
        ]
      },
      "id": "way/1131759258"
    },
    {
      "type": "Feature",
      "properties": {
        "@id": "way/1131759259",
        "landuse": "industrial"
      },
      "geometry": {
        "type": "Polygon",
        "coordinates": [
          [
            [
              72.8542069,
              19.1714802
            ],
            [
              72.854518,
              19.1715816
            ],
            [
              72.8557277,
              19.1709583
            ],
            [
              72.8564009,
              19.1722301
            ],
            [
              72.8552261,
              19.1727723
            ],
            [
              72.8543141,
              19.1725493
            ],
            [
              72.854172,
              19.1725164
            ],
            [
              72.8540888,
              19.1720908
            ],
            [
              72.8541049,
              19.1717538
            ],
            [
              72.8542069,
              19.1714802
            ]
          ]
        ]
      },
      "id": "way/1131759259"
    },
    {
      "type": "Feature",
      "properties": {
        "@id": "way/1131759260",
        "addr:city": "Mumbai",
        "addr:postcode": "400063",
        "addr:street": "Western Express Highway, Opposite Oberoi Mall",
        "landuse": "industrial",
        "name": "Virwani Industrial Estate"
      },
      "geometry": {
        "type": "Polygon",
        "coordinates": [
          [
            [
              72.8559101,
              19.1709887
            ],
            [
              72.8573638,
              19.1708468
            ],
            [
              72.8586647,
              19.1711762
            ],
            [
              72.8586996,
              19.171579
            ],
            [
              72.8579754,
              19.1716525
            ],
            [
              72.8572002,
              19.1718374
            ],
            [
              72.857227,
              19.1723137
            ],
            [
              72.8566262,
              19.1723391
            ],
            [
              72.8559101,
              19.1709887
            ]
          ]
        ]
      },
      "id": "way/1131759260"
    },
    {
      "type": "Feature",
      "properties": {
        "@id": "way/1139292721",
        "landuse": "industrial"
      },
      "geometry": {
        "type": "Polygon",
        "coordinates": [
          [
            [
              73.0348048,
              19.0175389
            ],
            [
              73.0348264,
              19.0173752
            ],
            [
              73.0351207,
              19.0174489
            ],
            [
              73.0350774,
              19.017633
            ],
            [
              73.0348048,
              19.0175389
            ]
          ]
        ]
      },
      "id": "way/1139292721"
    },
    {
      "type": "Feature",
      "properties": {
        "@id": "way/1139292722",
        "landuse": "industrial"
      },
      "geometry": {
        "type": "Polygon",
        "coordinates": [
          [
            [
              73.0351121,
              19.0176248
            ],
            [
              73.0351554,
              19.0174775
            ],
            [
              73.0355427,
              19.0176105
            ],
            [
              73.035428,
              19.0179194
            ],
            [
              73.0351121,
              19.0176248
            ]
          ]
        ]
      },
      "id": "way/1139292722"
    },
    {
      "type": "Feature",
      "properties": {
        "@id": "way/1144507151",
        "landuse": "industrial"
      },
      "geometry": {
        "type": "Polygon",
        "coordinates": [
          [
            [
              73.0322069,
              19.0251327
            ],
            [
              73.0324148,
              19.0250704
            ],
            [
              73.032461,
              19.0252169
            ],
            [
              73.0322696,
              19.0252762
            ],
            [
              73.0322069,
              19.0251327
            ]
          ]
        ]
      },
      "id": "way/1144507151"
    },
    {
      "type": "Feature",
      "properties": {
        "@id": "way/1144511794",
        "landuse": "industrial"
      },
      "geometry": {
        "type": "Polygon",
        "coordinates": [
          [
            [
              73.0332991,
              19.0257047
            ],
            [
              73.033728,
              19.0259259
            ],
            [
              73.0336412,
              19.0263311
            ],
            [
              73.0332737,
              19.0261724
            ],
            [
              73.0332991,
              19.0257047
            ]
          ]
        ]
      },
      "id": "way/1144511794"
    },
    {
      "type": "Feature",
      "properties": {
        "@id": "way/1152267864",
        "landuse": "industrial"
      },
      "geometry": {
        "type": "Polygon",
        "coordinates": [
          [
            [
              73.0580907,
              19.0405772
            ],
            [
              73.0579509,
              19.0404734
            ],
            [
              73.0580408,
              19.0402249
            ],
            [
              73.0582304,
              19.0402815
            ],
            [
              73.0583424,
              19.0406063
            ],
            [
              73.0580907,
              19.0405772
            ]
          ]
        ]
      },
      "id": "way/1152267864"
    },
    {
      "type": "Feature",
      "properties": {
        "@id": "way/1152267871",
        "landuse": "industrial"
      },
      "geometry": {
        "type": "Polygon",
        "coordinates": [
          [
            [
              73.0584422,
              19.0378153
            ],
            [
              73.0583209,
              19.0373836
            ],
            [
              73.0587125,
              19.0373751
            ],
            [
              73.0586031,
              19.0375388
            ],
            [
              73.0586891,
              19.0375901
            ],
            [
              73.058699,
              19.0377275
            ],
            [
              73.0586194,
              19.0377932
            ],
            [
              73.0585715,
              19.0378344
            ],
            [
              73.0584422,
              19.0378153
            ]
          ]
        ]
      },
      "id": "way/1152267871"
    },
    {
      "type": "Feature",
      "properties": {
        "@id": "way/1152267919",
        "landuse": "industrial"
      },
      "geometry": {
        "type": "Polygon",
        "coordinates": [
          [
            [
              73.0598245,
              19.0426051
            ],
            [
              73.0595915,
              19.0411146
            ],
            [
              73.0605842,
              19.0409622
            ],
            [
              73.0607463,
              19.0424589
            ],
            [
              73.0598245,
              19.0426051
            ]
          ]
        ]
      },
      "id": "way/1152267919"
    },
    {
      "type": "Feature",
      "properties": {
        "@id": "way/1152283112",
        "landuse": "industrial"
      },
      "geometry": {
        "type": "Polygon",
        "coordinates": [
          [
            [
              73.0570599,
              19.0309276
            ],
            [
              73.0573335,
              19.0308997
            ],
            [
              73.0573684,
              19.0312902
            ],
            [
              73.0570975,
              19.0313028
            ],
            [
              73.0570599,
              19.0309276
            ]
          ]
        ]
      },
      "id": "way/1152283112"
    },
    {
      "type": "Feature",
      "properties": {
        "@id": "way/1152283126",
        "landuse": "industrial"
      },
      "geometry": {
        "type": "Polygon",
        "coordinates": [
          [
            [
              73.047582,
              19.0248775
            ],
            [
              73.0476035,
              19.0242892
            ],
            [
              73.0478288,
              19.0242892
            ],
            [
              73.0478288,
              19.0248927
            ],
            [
              73.047582,
              19.0248775
            ]
          ]
        ]
      },
      "id": "way/1152283126"
    },
    {
      "type": "Feature",
      "properties": {
        "@id": "way/1152286144",
        "landuse": "industrial"
      },
      "geometry": {
        "type": "Polygon",
        "coordinates": [
          [
            [
              73.0517238,
              19.0294032
            ],
            [
              73.0518494,
              19.0292357
            ],
            [
              73.0520684,
              19.0293484
            ],
            [
              73.0520105,
              19.0295311
            ],
            [
              73.0517238,
              19.0294032
            ]
          ]
        ]
      },
      "id": "way/1152286144"
    },
    {
      "type": "Feature",
      "properties": {
        "@id": "way/1154486219",
        "depot": "bus",
        "industrial": "depot",
        "landuse": "industrial",
        "name": "Kopri Electric Bus Depot",
        "operator": "Thane Municipal Transport"
      },
      "geometry": {
        "type": "Polygon",
        "coordinates": [
          [
            [
              72.9759863,
              19.1794103
            ],
            [
              72.975259,
              19.1795615
            ],
            [
              72.9751555,
              19.1793
            ],
            [
              72.9750546,
              19.1788946
            ],
            [
              72.975816,
              19.1787256
            ],
            [
              72.9759863,
              19.1794103
            ]
          ]
        ]
      },
      "id": "way/1154486219"
    },
    {
      "type": "Feature",
      "properties": {
        "@id": "way/1157854472",
        "landuse": "industrial",
        "name": "Haria Industrial Estate"
      },
      "geometry": {
        "type": "Polygon",
        "coordinates": [
          [
            [
              72.8880898,
              19.1113564
            ],
            [
              72.8883169,
              19.1119889
            ],
            [
              72.8884038,
              19.1122261
            ],
            [
              72.8883738,
              19.1125764
            ],
            [
              72.8877575,
              19.112627
            ],
            [
              72.8876491,
              19.1114366
            ],
            [
              72.8880898,
              19.1113564
            ]
          ]
        ]
      },
      "id": "way/1157854472"
    },
    {
      "type": "Feature",
      "properties": {
        "@id": "way/1157854473",
        "landuse": "industrial",
        "name": "Vaibhav Estate"
      },
      "geometry": {
        "type": "Polygon",
        "coordinates": [
          [
            [
              72.8902529,
              19.1192392
            ],
            [
              72.8899943,
              19.119292
            ],
            [
              72.8895965,
              19.1192215
            ],
            [
              72.8891968,
              19.1192337
            ],
            [
              72.8885809,
              19.1190567
            ],
            [
              72.8884947,
              19.1185502
            ],
            [
              72.8888112,
              19.1186121
            ],
            [
              72.8888391,
              19.118832
            ],
            [
              72.8893687,
              19.118978
            ],
            [
              72.8901412,
              19.1189914
            ],
            [
              72.8902529,
              19.1192392
            ]
          ]
        ]
      },
      "id": "way/1157854473"
    },
    {
      "type": "Feature",
      "properties": {
        "@id": "way/1161171287",
        "landuse": "industrial",
        "name": "Hindustan Times"
      },
      "geometry": {
        "type": "Polygon",
        "coordinates": [
          [
            [
              73.0010854,
              19.1753235
            ],
            [
              72.9983944,
              19.1748674
            ],
            [
              72.9988105,
              19.1738295
            ],
            [
              73.0012782,
              19.1742109
            ],
            [
              73.0010854,
              19.1753235
            ]
          ]
        ]
      },
      "id": "way/1161171287"
    },
    {
      "type": "Feature",
      "properties": {
        "@id": "way/1161171290",
        "landuse": "industrial"
      },
      "geometry": {
        "type": "Polygon",
        "coordinates": [
          [
            [
              73.0012782,
              19.1742109
            ],
            [
              73.0023133,
              19.1743709
            ],
            [
              73.002238,
              19.1749485
            ],
            [
              73.0020905,
              19.1749282
            ],
            [
              73.0019966,
              19.175478
            ],
            [
              73.0010854,
              19.1753235
            ],
            [
              73.0012782,
              19.1742109
            ]
          ]
        ]
      },
      "id": "way/1161171290"
    },
    {
      "type": "Feature",
      "properties": {
        "@id": "way/1161171291",
        "landuse": "industrial"
      },
      "geometry": {
        "type": "Polygon",
        "coordinates": [
          [
            [
              73.0018516,
              19.1766607
            ],
            [
              73.0015257,
              19.1793405
            ],
            [
              72.9994526,
              19.1791155
            ],
            [
              72.9969094,
              19.1788082
            ],
            [
              72.9978601,
              19.1762207
            ],
            [
              72.9997785,
              19.1764357
            ],
            [
              73.0018516,
              19.1766607
            ]
          ]
        ]
      },
      "id": "way/1161171291"
    },
    {
      "type": "Feature",
      "properties": {
        "@id": "way/1161171292",
        "landuse": "industrial"
      },
      "geometry": {
        "type": "Polygon",
        "coordinates": [
          [
            [
              73.0018598,
              19.1764786
            ],
            [
              72.9987565,
              19.1761037
            ],
            [
              72.9989094,
              19.1750726
            ],
            [
              73.0019939,
              19.1755996
            ],
            [
              73.0018598,
              19.1764786
            ]
          ]
        ]
      },
      "id": "way/1161171292"
    },
    {
      "type": "Feature",
      "properties": {
        "@id": "way/1161171294",
        "landuse": "industrial"
      },
      "geometry": {
        "type": "Polygon",
        "coordinates": [
          [
            [
              73.0029864,
              19.1736719
            ],
            [
              73.0047725,
              19.1739811
            ],
            [
              73.0046277,
              19.1766942
            ],
            [
              73.0045384,
              19.1783687
            ],
            [
              73.0023015,
              19.1780396
            ],
            [
              73.0029864,
              19.1736719
            ]
          ]
        ]
      },
      "id": "way/1161171294"
    },
    {
      "type": "Feature",
      "properties": {
        "@id": "way/1161171295",
        "landuse": "industrial"
      },
      "geometry": {
        "type": "Polygon",
        "coordinates": [
          [
            [
              73.0117498,
              19.1422184
            ],
            [
              73.0056632,
              19.138727
            ],
            [
              73.0050033,
              19.1385091
            ],
            [
              73.0032338,
              19.1382241
            ],
            [
              73.0033059,
              19.1375293
            ],
            [
              73.0034609,
              19.1370744
            ],
            [
              73.0041608,
              19.1357935
            ],
            [
              73.0043441,
              19.1352264
            ],
            [
              73.0047174,
              19.1354519
            ],
            [
              73.0117384,
              19.135739
            ],
            [
              73.015853,
              19.1357542
            ],
            [
              73.0129158,
              19.1403538
            ],
            [
              73.0117498,
              19.1422184
            ]
          ]
        ]
      },
      "id": "way/1161171295"
    },
    {
      "type": "Feature",
      "properties": {
        "@id": "way/1161171296",
        "landuse": "industrial",
        "name": "MIDC - Rabale"
      },
      "geometry": {
        "type": "Polygon",
        "coordinates": [
          [
            [
              73.0055951,
              19.1448175
            ],
            [
              73.0060279,
              19.1446158
            ],
            [
              73.0071706,
              19.1471699
            ],
            [
              73.0062198,
              19.1475919
            ],
            [
              73.0055951,
              19.1448175
            ]
          ]
        ]
      },
      "id": "way/1161171296"
    },
    {
      "type": "Feature",
      "properties": {
        "@id": "way/1161171297",
        "landuse": "industrial"
      },
      "geometry": {
        "type": "Polygon",
        "coordinates": [
          [
            [
              73.0027878,
              19.1419856
            ],
            [
              73.0044937,
              19.142386
            ],
            [
              73.0048048,
              19.1425076
            ],
            [
              73.004998,
              19.1426597
            ],
            [
              73.0054218,
              19.1433489
            ],
            [
              73.0046546,
              19.1432222
            ],
            [
              73.0046332,
              19.1433641
            ],
            [
              73.0045377,
              19.1436987
            ],
            [
              73.002414,
              19.1432921
            ],
            [
              73.0027878,
              19.1419856
            ]
          ]
        ]
      },
      "id": "way/1161171297"
    },
    {
      "type": "Feature",
      "properties": {
        "@id": "way/1161171298",
        "landuse": "industrial"
      },
      "geometry": {
        "type": "Polygon",
        "coordinates": [
          [
            [
              73.0032074,
              19.1384784
            ],
            [
              73.0049604,
              19.1387295
            ],
            [
              73.0055425,
              19.1389373
            ],
            [
              73.0065858,
              19.1395505
            ],
            [
              73.0116144,
              19.1424019
            ],
            [
              73.010813,
              19.1436631
            ],
            [
              73.0092305,
              19.1462628
            ],
            [
              73.0090213,
              19.1463794
            ],
            [
              73.007369,
              19.1470737
            ],
            [
              73.0054057,
              19.1428928
            ],
            [
              73.0052125,
              19.142538
            ],
            [
              73.0049658,
              19.1423049
            ],
            [
              73.0044401,
              19.1421174
            ],
            [
              73.0026377,
              19.1417195
            ],
            [
              73.0028617,
              19.1404976
            ],
            [
              73.0032074,
              19.1384784
            ]
          ]
        ]
      },
      "id": "way/1161171298"
    },
    {
      "type": "Feature",
      "properties": {
        "@id": "way/1161171314",
        "landuse": "industrial"
      },
      "geometry": {
        "type": "Polygon",
        "coordinates": [
          [
            [
              72.9953535,
              19.1882906
            ],
            [
              72.995224,
              19.1884003
            ],
            [
              72.9950497,
              19.1884763
            ],
            [
              72.9945695,
              19.1884535
            ],
            [
              72.9941645,
              19.1883699
            ],
            [
              72.9943407,
              19.1879355
            ],
            [
              72.9944232,
              19.1877255
            ],
            [
              72.99476,
              19.1877334
            ],
            [
              72.9953535,
              19.1882906
            ]
          ]
        ]
      },
      "id": "way/1161171314"
    },
    {
      "type": "Feature",
      "properties": {
        "@id": "way/1161340209",
        "landuse": "industrial"
      },
      "geometry": {
        "type": "Polygon",
        "coordinates": [
          [
            [
              73.0530551,
              19.0208966
            ],
            [
              73.052803,
              19.02096
            ],
            [
              73.0524409,
              19.0208459
            ],
            [
              73.051773,
              19.0205213
            ],
            [
              73.0518696,
              19.0203185
            ],
            [
              73.0512902,
              19.0200502
            ],
            [
              73.0508584,
              19.019857
            ],
            [
              73.0503523,
              19.019613
            ],
            [
              73.0500483,
              19.0194664
            ],
            [
              73.0495924,
              19.0192889
            ],
            [
              73.0489004,
              19.0192179
            ],
            [
              73.048439,
              19.0190049
            ],
            [
              73.0480152,
              19.0188376
            ],
            [
              73.047806,
              19.0188731
            ],
            [
              73.0476612,
              19.0188071
            ],
            [
              73.047334,
              19.0184673
            ],
            [
              73.0471945,
              19.0183761
            ],
            [
              73.0469209,
              19.0183101
            ],
            [
              73.0467278,
              19.0182746
            ],
            [
              73.0466071,
              19.0182112
            ],
            [
              73.0466258,
              19.0180058
            ],
            [
              73.0468512,
              19.0176102
            ],
            [
              73.0469719,
              19.0176026
            ],
            [
              73.0470014,
              19.0175468
            ],
            [
              73.0478952,
              19.0181669
            ],
            [
              73.0479864,
              19.0182024
            ],
            [
              73.0482405,
              19.0183355
            ],
            [
              73.0485436,
              19.0185003
            ],
            [
              73.0489379,
              19.0186525
            ],
            [
              73.0496782,
              19.0189491
            ],
            [
              73.0499545,
              19.0190506
            ],
            [
              73.0500805,
              19.0190227
            ],
            [
              73.0503919,
              19.019141
            ],
            [
              73.0506009,
              19.0192205
            ],
            [
              73.0509772,
              19.0193846
            ],
            [
              73.0512929,
              19.0195222
            ],
            [
              73.0514109,
              19.0195374
            ],
            [
              73.0516013,
              19.0196363
            ],
            [
              73.0517113,
              19.0197936
            ],
            [
              73.0517784,
              19.0199203
            ],
            [
              73.0519071,
              19.0199685
            ],
            [
              73.0519849,
              19.0198975
            ],
            [
              73.0524704,
              19.0200421
            ],
            [
              73.0525562,
              19.0200066
            ],
            [
              73.0527815,
              19.0200598
            ],
            [
              73.0531892,
              19.0202728
            ],
            [
              73.0530551,
              19.0208966
            ]
          ]
        ]
      },
      "id": "way/1161340209"
    },
    {
      "type": "Feature",
      "properties": {
        "@id": "way/1166288102",
        "landuse": "industrial",
        "name": "Kembros Industrial PCS"
      },
      "geometry": {
        "type": "Polygon",
        "coordinates": [
          [
            [
              72.9403193,
              19.1595142
            ],
            [
              72.9406173,
              19.1589869
            ],
            [
              72.9410306,
              19.1586146
            ],
            [
              72.9411432,
              19.158557
            ],
            [
              72.9416002,
              19.1594616
            ],
            [
              72.941258,
              19.1596149
            ],
            [
              72.9414009,
              19.1598708
            ],
            [
              72.9408647,
              19.1603027
            ],
            [
              72.9403193,
              19.1595142
            ]
          ]
        ]
      },
      "id": "way/1166288102"
    },
    {
      "type": "Feature",
      "properties": {
        "@id": "way/1166288104",
        "landuse": "industrial",
        "name": "Bhagtani Enclave"
      },
      "geometry": {
        "type": "Polygon",
        "coordinates": [
          [
            [
              72.9410744,
              19.1584566
            ],
            [
              72.9410607,
              19.1584212
            ],
            [
              72.9410461,
              19.1583133
            ],
            [
              72.9410327,
              19.1580067
            ],
            [
              72.9415051,
              19.1579564
            ],
            [
              72.9415718,
              19.1581664
            ],
            [
              72.9415935,
              19.1582902
            ],
            [
              72.9410744,
              19.1584566
            ]
          ]
        ]
      },
      "id": "way/1166288104"
    },
    {
      "type": "Feature",
      "properties": {
        "@id": "way/1166288108",
        "landuse": "industrial",
        "name": "Tirupati Industrial Estate"
      },
      "geometry": {
        "type": "Polygon",
        "coordinates": [
          [
            [
              72.9436651,
              19.1588499
            ],
            [
              72.943699,
              19.159065
            ],
            [
              72.9433832,
              19.1591227
            ],
            [
              72.9430035,
              19.159171
            ],
            [
              72.9429705,
              19.1589375
            ],
            [
              72.9436651,
              19.1588499
            ]
          ]
        ]
      },
      "id": "way/1166288108"
    },
    {
      "type": "Feature",
      "properties": {
        "@id": "way/1167095838",
        "landuse": "industrial",
        "name": "Dharamraj Industrial Estate"
      },
      "geometry": {
        "type": "Polygon",
        "coordinates": [
          [
            [
              72.9325132,
              19.1592903
            ],
            [
              72.9325691,
              19.1592745
            ],
            [
              72.9326671,
              19.1592288
            ],
            [
              72.9327388,
              19.1591948
            ],
            [
              72.9327801,
              19.1590792
            ],
            [
              72.9330622,
              19.1590789
            ],
            [
              72.9329697,
              19.1595613
            ],
            [
              72.9326037,
              19.1597021
            ],
            [
              72.9325132,
              19.1592903
            ]
          ]
        ]
      },
      "id": "way/1167095838"
    },
    {
      "type": "Feature",
      "properties": {
        "@id": "way/1167096101",
        "landuse": "industrial",
        "name": "Mhatre Brothers"
      },
      "geometry": {
        "type": "Polygon",
        "coordinates": [
          [
            [
              72.9330622,
              19.1590789
            ],
            [
              72.9332449,
              19.1590975
            ],
            [
              72.9333922,
              19.15908
            ],
            [
              72.9336252,
              19.1600544
            ],
            [
              72.9333347,
              19.1601756
            ],
            [
              72.9330319,
              19.1601432
            ],
            [
              72.9331122,
              19.1597581
            ],
            [
              72.9329697,
              19.1595613
            ],
            [
              72.9330622,
              19.1590789
            ]
          ]
        ]
      },
      "id": "way/1167096101"
    },
    {
      "type": "Feature",
      "properties": {
        "@id": "way/1167096102",
        "landuse": "industrial",
        "name": "CMS Computers Ltd"
      },
      "geometry": {
        "type": "Polygon",
        "coordinates": [
          [
            [
              72.9333922,
              19.15908
            ],
            [
              72.9335219,
              19.159048
            ],
            [
              72.9336075,
              19.1591884
            ],
            [
              72.9339476,
              19.1603479
            ],
            [
              72.9337156,
              19.1603934
            ],
            [
              72.9336252,
              19.1600544
            ],
            [
              72.9333922,
              19.15908
            ]
          ]
        ]
      },
      "id": "way/1167096102"
    },
    {
      "type": "Feature",
      "properties": {
        "@id": "way/1167123381",
        "landuse": "industrial"
      },
      "geometry": {
        "type": "Polygon",
        "coordinates": [
          [
            [
              72.9374713,
              19.1615425
            ],
            [
              72.9371944,
              19.1615893
            ],
            [
              72.9371676,
              19.1617033
            ],
            [
              72.9363589,
              19.161897
            ],
            [
              72.9362905,
              19.1616932
            ],
            [
              72.9360786,
              19.1617413
            ],
            [
              72.9360411,
              19.1616983
            ],
            [
              72.9359418,
              19.1613766
            ],
            [
              72.937462,
              19.1611495
            ],
            [
              72.9374713,
              19.1615425
            ]
          ]
        ]
      },
      "id": "way/1167123381"
    },
    {
      "type": "Feature",
      "properties": {
        "@id": "way/1167126327",
        "landuse": "industrial"
      },
      "geometry": {
        "type": "Polygon",
        "coordinates": [
          [
            [
              72.9343214,
              19.1601982
            ],
            [
              72.9343754,
              19.1605531
            ],
            [
              72.9340428,
              19.1606569
            ],
            [
              72.9337397,
              19.1607406
            ],
            [
              72.9335064,
              19.1607836
            ],
            [
              72.9333776,
              19.1602972
            ],
            [
              72.9330053,
              19.1602679
            ],
            [
              72.9330114,
              19.1602416
            ],
            [
              72.9330319,
              19.1601432
            ],
            [
              72.9333347,
              19.1601756
            ],
            [
              72.9336252,
              19.1600544
            ],
            [
              72.9337156,
              19.1603934
            ],
            [
              72.9339476,
              19.1603479
            ],
            [
              72.9343214,
              19.1601982
            ]
          ]
        ]
      },
      "id": "way/1167126327"
    },
    {
      "type": "Feature",
      "properties": {
        "@id": "way/1167126334",
        "landuse": "industrial"
      },
      "geometry": {
        "type": "Polygon",
        "coordinates": [
          [
            [
              72.9311272,
              19.1590025
            ],
            [
              72.9313499,
              19.1590202
            ],
            [
              72.9314357,
              19.1589873
            ],
            [
              72.9317576,
              19.158815
            ],
            [
              72.9319614,
              19.1586123
            ],
            [
              72.9320204,
              19.1586022
            ],
            [
              72.9325435,
              19.159043
            ],
            [
              72.9323274,
              19.159097
            ],
            [
              72.9319477,
              19.1591787
            ],
            [
              72.9314253,
              19.1593307
            ],
            [
              72.9314563,
              19.1594268
            ],
            [
              72.9312453,
              19.1594281
            ],
            [
              72.9311702,
              19.1593496
            ],
            [
              72.9311407,
              19.1592102
            ],
            [
              72.9311085,
              19.1590278
            ],
            [
              72.9311272,
              19.1590025
            ]
          ]
        ]
      },
      "id": "way/1167126334"
    },
    {
      "type": "Feature",
      "properties": {
        "@id": "way/1167126337",
        "landuse": "industrial"
      },
      "geometry": {
        "type": "Polygon",
        "coordinates": [
          [
            [
              72.9328144,
              19.1624771
            ],
            [
              72.9328144,
              19.1620504
            ],
            [
              72.9329219,
              19.1620489
            ],
            [
              72.9331711,
              19.1620454
            ],
            [
              72.9332569,
              19.1624888
            ],
            [
              72.9328144,
              19.1624771
            ]
          ]
        ]
      },
      "id": "way/1167126337"
    },
    {
      "type": "Feature",
      "properties": {
        "@id": "way/1167143944",
        "landuse": "industrial"
      },
      "geometry": {
        "type": "Polygon",
        "coordinates": [
          [
            [
              72.9388359,
              19.1611231
            ],
            [
              72.9391444,
              19.1608672
            ],
            [
              72.9391658,
              19.1612118
            ],
            [
              72.9392517,
              19.1613436
            ],
            [
              72.9387984,
              19.161944
            ],
            [
              72.9386616,
              19.1621948
            ],
            [
              72.9382995,
              19.162281
            ],
            [
              72.9381976,
              19.1620251
            ],
            [
              72.9380526,
              19.1620635
            ],
            [
              72.9380246,
              19.1610789
            ],
            [
              72.9382619,
              19.1611282
            ],
            [
              72.9383079,
              19.1611313
            ],
            [
              72.938329,
              19.16145
            ],
            [
              72.9385087,
              19.1614474
            ],
            [
              72.9388359,
              19.1611231
            ]
          ]
        ]
      },
      "id": "way/1167143944"
    },
    {
      "type": "Feature",
      "properties": {
        "@id": "way/1167143945",
        "landuse": "industrial"
      },
      "geometry": {
        "type": "Polygon",
        "coordinates": [
          [
            [
              72.9380526,
              19.1620635
            ],
            [
              72.9377831,
              19.1621328
            ],
            [
              72.9377621,
              19.1610131
            ],
            [
              72.9380246,
              19.1610789
            ],
            [
              72.9380526,
              19.1620635
            ]
          ]
        ]
      },
      "id": "way/1167143945"
    },
    {
      "type": "Feature",
      "properties": {
        "@id": "way/1169867087",
        "landuse": "industrial",
        "name": "Madani Estate"
      },
      "geometry": {
        "type": "Polygon",
        "coordinates": [
          [
            [
              72.9371361,
              19.1637426
            ],
            [
              72.9371005,
              19.1634692
            ],
            [
              72.9371059,
              19.1633274
            ],
            [
              72.9373339,
              19.1627472
            ],
            [
              72.9374331,
              19.1627092
            ],
            [
              72.9375024,
              19.162694
            ],
            [
              72.9375257,
              19.1635579
            ],
            [
              72.9374439,
              19.1636327
            ],
            [
              72.9371361,
              19.1637426
            ]
          ]
        ]
      },
      "id": "way/1169867087"
    },
    {
      "type": "Feature",
      "properties": {
        "@id": "way/1170351943",
        "landuse": "industrial"
      },
      "geometry": {
        "type": "Polygon",
        "coordinates": [
          [
            [
              72.8336477,
              19.1097487
            ],
            [
              72.833696,
              19.1097892
            ],
            [
              72.8337255,
              19.1101238
            ],
            [
              72.8301045,
              19.11206
            ],
            [
              72.8300723,
              19.1116545
            ],
            [
              72.8301206,
              19.1115684
            ],
            [
              72.8336477,
              19.1097487
            ]
          ]
        ]
      },
      "id": "way/1170351943"
    },
    {
      "type": "Feature",
      "properties": {
        "@id": "way/1170351965",
        "landuse": "industrial"
      },
      "geometry": {
        "type": "Polygon",
        "coordinates": [
          [
            [
              72.8379312,
              19.1041019
            ],
            [
              72.8379527,
              19.1040183
            ],
            [
              72.8384301,
              19.1040867
            ],
            [
              72.8393144,
              19.1041707
            ],
            [
              72.8393877,
              19.1048369
            ],
            [
              72.839224,
              19.1048749
            ],
            [
              72.8386901,
              19.1048661
            ],
            [
              72.838693,
              19.1050802
            ],
            [
              72.8392723,
              19.1051056
            ],
            [
              72.8392616,
              19.1056429
            ],
            [
              72.8387198,
              19.1056328
            ],
            [
              72.8387251,
              19.1060535
            ],
            [
              72.8380814,
              19.106127
            ],
            [
              72.8379017,
              19.1048471
            ],
            [
              72.8379017,
              19.1046342
            ],
            [
              72.8379312,
              19.1041019
            ]
          ]
        ]
      },
      "id": "way/1170351965"
    },
    {
      "type": "Feature",
      "properties": {
        "@id": "way/1186783925",
        "landuse": "industrial"
      },
      "geometry": {
        "type": "Polygon",
        "coordinates": [
          [
            [
              72.8549238,
              19.0492934
            ],
            [
              72.854786,
              19.0492254
            ],
            [
              72.854658,
              19.0491232
            ],
            [
              72.8546679,
              19.0489535
            ],
            [
              72.8546869,
              19.0485956
            ],
            [
              72.8551025,
              19.0485741
            ],
            [
              72.8551215,
              19.0490716
            ],
            [
              72.8550951,
              19.0492065
            ],
            [
              72.8549238,
              19.0492934
            ]
          ]
        ]
      },
      "id": "way/1186783925"
    },
    {
      "type": "Feature",
      "properties": {
        "@id": "way/1186783947",
        "landuse": "industrial"
      },
      "geometry": {
        "type": "Polygon",
        "coordinates": [
          [
            [
              72.8510527,
              19.0463483
            ],
            [
              72.850994,
              19.0463345
            ],
            [
              72.8508997,
              19.0458948
            ],
            [
              72.8509292,
              19.0458111
            ],
            [
              72.85083,
              19.0456615
            ],
            [
              72.8510553,
              19.0455272
            ],
            [
              72.8511438,
              19.045626
            ],
            [
              72.8518224,
              19.0453091
            ],
            [
              72.8518948,
              19.0454232
            ],
            [
              72.8521576,
              19.0452964
            ],
            [
              72.8525037,
              19.0449212
            ],
            [
              72.8527585,
              19.0451545
            ],
            [
              72.8530186,
              19.0453877
            ],
            [
              72.8527933,
              19.045512
            ],
            [
              72.8526565,
              19.0453649
            ],
            [
              72.8524232,
              19.045512
            ],
            [
              72.8523964,
              19.0456489
            ],
            [
              72.8522918,
              19.0456844
            ],
            [
              72.8521898,
              19.0455652
            ],
            [
              72.8518331,
              19.0457858
            ],
            [
              72.851707,
              19.045621
            ],
            [
              72.85142,
              19.0457959
            ],
            [
              72.8514569,
              19.0458512
            ],
            [
              72.8510928,
              19.0462041
            ],
            [
              72.8510527,
              19.0463483
            ]
          ]
        ]
      },
      "id": "way/1186783947"
    },
    {
      "type": "Feature",
      "properties": {
        "@id": "way/1186783955",
        "landuse": "industrial"
      },
      "geometry": {
        "type": "Polygon",
        "coordinates": [
          [
            [
              72.8552048,
              19.0374746
            ],
            [
              72.8555274,
              19.0373166
            ],
            [
              72.855733,
              19.0375405
            ],
            [
              72.8555024,
              19.0377357
            ],
            [
              72.8552048,
              19.0374746
            ]
          ]
        ]
      },
      "id": "way/1186783955"
    },
    {
      "type": "Feature",
      "properties": {
        "@id": "way/1186979530",
        "landuse": "industrial"
      },
      "geometry": {
        "type": "Polygon",
        "coordinates": [
          [
            [
              72.843765,
              19.0462472
            ],
            [
              72.8439742,
              19.0463207
            ],
            [
              72.8430086,
              19.048453
            ],
            [
              72.842778,
              19.0483566
            ],
            [
              72.843765,
              19.0462472
            ]
          ]
        ]
      },
      "id": "way/1186979530"
    },
    {
      "type": "Feature",
      "properties": {
        "@id": "way/1187354639",
        "landuse": "industrial"
      },
      "geometry": {
        "type": "Polygon",
        "coordinates": [
          [
            [
              72.8331258,
              18.9932693
            ],
            [
              72.833159,
              18.9919911
            ],
            [
              72.8333389,
              18.991986
            ],
            [
              72.8333983,
              18.9919864
            ],
            [
              72.8333929,
              18.9919332
            ],
            [
              72.8343207,
              18.9918839
            ],
            [
              72.8341453,
              18.993186
            ],
            [
              72.8341389,
              18.9932548
            ],
            [
              72.8340101,
              18.9932489
            ],
            [
              72.8331258,
              18.9932693
            ]
          ]
        ]
      },
      "id": "way/1187354639"
    },
    {
      "type": "Feature",
      "properties": {
        "@id": "way/1199412769",
        "landuse": "industrial"
      },
      "geometry": {
        "type": "Polygon",
        "coordinates": [
          [
            [
              72.8851579,
              19.1062915
            ],
            [
              72.8864733,
              19.1047977
            ],
            [
              72.8868652,
              19.1051485
            ],
            [
              72.8868032,
              19.1053523
            ],
            [
              72.8871202,
              19.1069016
            ],
            [
              72.8864142,
              19.1073129
            ],
            [
              72.8860637,
              19.1067513
            ],
            [
              72.8858711,
              19.1066472
            ],
            [
              72.8855957,
              19.1065672
            ],
            [
              72.8851579,
              19.1062915
            ]
          ]
        ]
      },
      "id": "way/1199412769"
    },
    {
      "type": "Feature",
      "properties": {
        "@id": "way/1227680058",
        "landuse": "industrial"
      },
      "geometry": {
        "type": "Polygon",
        "coordinates": [
          [
            [
              72.8367419,
              19.0054171
            ],
            [
              72.8363865,
              19.0055515
            ],
            [
              72.8361444,
              19.0048248
            ],
            [
              72.8369618,
              19.0046316
            ],
            [
              72.8370204,
              19.0049869
            ],
            [
              72.8366579,
              19.0051241
            ],
            [
              72.8367419,
              19.0054171
            ]
          ]
        ]
      },
      "id": "way/1227680058"
    },
    {
      "type": "Feature",
      "properties": {
        "@id": "way/1289053356",
        "landuse": "industrial"
      },
      "geometry": {
        "type": "Polygon",
        "coordinates": [
          [
            [
              72.8379044,
              18.9760178
            ],
            [
              72.8379178,
              18.9756069
            ],
            [
              72.8384757,
              18.975617
            ],
            [
              72.8384809,
              18.9752591
            ],
            [
              72.840305,
              18.9751858
            ],
            [
              72.8405138,
              18.9758132
            ],
            [
              72.8405249,
              18.9758884
            ],
            [
              72.8405169,
              18.9760127
            ],
            [
              72.8404632,
              18.9761218
            ],
            [
              72.8398279,
              18.9761527
            ],
            [
              72.8391527,
              18.9761806
            ],
            [
              72.8385696,
              18.976246
            ],
            [
              72.8383818,
              18.976241
            ],
            [
              72.8380868,
              18.9761497
            ],
            [
              72.8379044,
              18.9760178
            ]
          ]
        ]
      },
      "id": "way/1289053356"
    },
    {
      "type": "Feature",
      "properties": {
        "@id": "way/1289154817",
        "landuse": "industrial"
      },
      "geometry": {
        "type": "Polygon",
        "coordinates": [
          [
            [
              72.8427457,
              18.9854429
            ],
            [
              72.8448996,
              18.9851335
            ],
            [
              72.8452939,
              18.9850396
            ],
            [
              72.8464285,
              18.9845349
            ],
            [
              72.846863,
              18.9843574
            ],
            [
              72.8469837,
              18.9843827
            ],
            [
              72.8471312,
              18.9845349
            ],
            [
              72.8472599,
              18.9845019
            ],
            [
              72.8476328,
              18.9843193
            ],
            [
              72.8477578,
              18.9842467
            ],
            [
              72.8478722,
              18.9841895
            ],
            [
              72.8479707,
              18.9843726
            ],
            [
              72.8522144,
              18.9933783
            ],
            [
              72.8520985,
              18.9934361
            ],
            [
              72.8505081,
              18.9904292
            ],
            [
              72.8501004,
              18.9906118
            ],
            [
              72.8483999,
              18.9872082
            ],
            [
              72.8465384,
              18.9880147
            ],
            [
              72.8453314,
              18.9879691
            ],
            [
              72.8452779,
              18.9880497
            ],
            [
              72.8445688,
              18.9875495
            ],
            [
              72.8438638,
              18.9870094
            ],
            [
              72.8435098,
              18.9866767
            ],
            [
              72.8431739,
              18.9862591
            ],
            [
              72.8429966,
              18.9859603
            ],
            [
              72.8428356,
              18.9855342
            ],
            [
              72.8427843,
              18.9855466
            ],
            [
              72.8427457,
              18.9854429
            ]
          ]
        ]
      },
      "id": "way/1289154817"
    },
    {
      "type": "Feature",
      "properties": {
        "@id": "way/1289166121",
        "landuse": "industrial"
      },
      "geometry": {
        "type": "Polygon",
        "coordinates": [
          [
            [
              72.8982192,
              19.0215965
            ],
            [
              72.8983319,
              19.0215889
            ],
            [
              72.899555,
              19.0219261
            ],
            [
              72.8997615,
              19.0219895
            ],
            [
              72.900432,
              19.0222
            ],
            [
              72.9011402,
              19.022588
            ],
            [
              72.9014701,
              19.0227553
            ],
            [
              72.9018214,
              19.0228491
            ],
            [
              72.9027522,
              19.0228669
            ],
            [
              72.9026797,
              19.0238153
            ],
            [
              72.9031116,
              19.0240942
            ],
            [
              72.9031599,
              19.0242514
            ],
            [
              72.9032859,
              19.0247433
            ],
            [
              72.9035085,
              19.0249969
            ],
            [
              72.9045224,
              19.0251693
            ],
            [
              72.9046646,
              19.0250299
            ],
            [
              72.904847,
              19.0251211
            ],
            [
              72.9041389,
              19.026744
            ],
            [
              72.9024625,
              19.0265513
            ],
            [
              72.9019314,
              19.0265671
            ],
            [
              72.9017812,
              19.0265716
            ],
            [
              72.9017222,
              19.0263383
            ],
            [
              72.9010838,
              19.0256283
            ],
            [
              72.8979242,
              19.0256435
            ],
            [
              72.8980881,
              19.0224996
            ],
            [
              72.8980797,
              19.0219566
            ],
            [
              72.8982192,
              19.0215965
            ]
          ]
        ]
      },
      "id": "way/1289166121"
    },
    {
      "type": "Feature",
      "properties": {
        "@id": "way/1289173951",
        "landuse": "industrial"
      },
      "geometry": {
        "type": "Polygon",
        "coordinates": [
          [
            [
              72.8856397,
              19.0255979
            ],
            [
              72.8879785,
              19.0260036
            ],
            [
              72.8896469,
              19.0261456
            ],
            [
              72.8896469,
              19.0275757
            ],
            [
              72.8878015,
              19.0273221
            ],
            [
              72.8876996,
              19.0275402
            ],
            [
              72.8864121,
              19.0265259
            ],
            [
              72.8855485,
              19.025892
            ],
            [
              72.8856397,
              19.0255979
            ]
          ]
        ]
      },
      "id": "way/1289173951"
    },
    {
      "type": "Feature",
      "properties": {
        "@id": "way/1289185532",
        "landuse": "industrial"
      },
      "geometry": {
        "type": "Polygon",
        "coordinates": [
          [
            [
              72.8354831,
              19.0506939
            ],
            [
              72.8349701,
              19.0508539
            ],
            [
              72.8344685,
              19.0508742
            ],
            [
              72.8338408,
              19.0507703
            ],
            [
              72.8336686,
              19.0507043
            ],
            [
              72.8338596,
              19.0502835
            ],
            [
              72.8341547,
              19.050286
            ],
            [
              72.8345033,
              19.0502531
            ],
            [
              72.8347367,
              19.0501821
            ],
            [
              72.8353214,
              19.0501314
            ],
            [
              72.8353617,
              19.0502962
            ],
            [
              72.8354831,
              19.0506939
            ]
          ]
        ]
      },
      "id": "way/1289185532"
    },
    {
      "type": "Feature",
      "properties": {
        "@id": "way/1290746288",
        "landuse": "industrial"
      },
      "geometry": {
        "type": "Polygon",
        "coordinates": [
          [
            [
              72.9208758,
              19.1434604
            ],
            [
              72.9205513,
              19.1435516
            ],
            [
              72.9202697,
              19.1434806
            ],
            [
              72.9198325,
              19.1428953
            ],
            [
              72.9201195,
              19.1427002
            ],
            [
              72.9206237,
              19.1429587
            ],
            [
              72.9208758,
              19.1434604
            ]
          ]
        ]
      },
      "id": "way/1290746288"
    },
    {
      "type": "Feature",
      "properties": {
        "@id": "way/1290823373",
        "landuse": "industrial"
      },
      "geometry": {
        "type": "Polygon",
        "coordinates": [
          [
            [
              72.8886196,
              19.1057823
            ],
            [
              72.887933,
              19.1058026
            ],
            [
              72.887843,
              19.105597
            ],
            [
              72.8878283,
              19.1053894
            ],
            [
              72.8878149,
              19.1047305
            ],
            [
              72.887705,
              19.1039372
            ],
            [
              72.8880002,
              19.103748
            ],
            [
              72.8881825,
              19.1038505
            ],
            [
              72.8887909,
              19.1038474
            ],
            [
              72.8888733,
              19.1041243
            ],
            [
              72.888667,
              19.1042557
            ],
            [
              72.8889416,
              19.1048688
            ],
            [
              72.8885284,
              19.1050372
            ],
            [
              72.8888932,
              19.105359
            ],
            [
              72.8886196,
              19.1057823
            ]
          ]
        ]
      },
      "id": "way/1290823373"
    },
    {
      "type": "Feature",
      "properties": {
        "@id": "way/1291729685",
        "landuse": "industrial"
      },
      "geometry": {
        "type": "Polygon",
        "coordinates": [
          [
            [
              72.9069703,
              19.0914066
            ],
            [
              72.907379,
              19.0912795
            ],
            [
              72.907505,
              19.0912921
            ],
            [
              72.9076686,
              19.0915431
            ],
            [
              72.9078886,
              19.0920551
            ],
            [
              72.9079556,
              19.092524
            ],
            [
              72.9078162,
              19.0950257
            ],
            [
              72.9077357,
              19.0964451
            ],
            [
              72.9064161,
              19.0965997
            ],
            [
              72.9064563,
              19.0956517
            ],
            [
              72.9065314,
              19.0946176
            ],
            [
              72.9065046,
              19.0943971
            ],
            [
              72.9061452,
              19.0939662
            ],
            [
              72.9060915,
              19.0927901
            ],
            [
              72.9062498,
              19.0926076
            ],
            [
              72.9063141,
              19.0924251
            ],
            [
              72.9063651,
              19.0917104
            ],
            [
              72.9064804,
              19.0914544
            ],
            [
              72.9065797,
              19.0914265
            ],
            [
              72.9069703,
              19.0914066
            ]
          ]
        ]
      },
      "id": "way/1291729685"
    },
    {
      "type": "Feature",
      "properties": {
        "@id": "way/1291854633",
        "landuse": "industrial"
      },
      "geometry": {
        "type": "Polygon",
        "coordinates": [
          [
            [
              72.8714106,
              19.0469014
            ],
            [
              72.8716493,
              19.0486482
            ],
            [
              72.8716224,
              19.0487243
            ],
            [
              72.8711933,
              19.0484479
            ],
            [
              72.8707561,
              19.0482476
            ],
            [
              72.8705898,
              19.0480955
            ],
            [
              72.870504,
              19.0479104
            ],
            [
              72.8701392,
              19.0466909
            ],
            [
              72.870107,
              19.0465591
            ],
            [
              72.8714106,
              19.0469014
            ]
          ]
        ]
      },
      "id": "way/1291854633"
    },
    {
      "type": "Feature",
      "properties": {
        "@id": "way/1318753830",
        "landuse": "industrial"
      },
      "geometry": {
        "type": "Polygon",
        "coordinates": [
          [
            [
              72.8652454,
              19.11895
            ],
            [
              72.8650677,
              19.1179849
            ],
            [
              72.8667965,
              19.1180085
            ],
            [
              72.8669446,
              19.1189412
            ],
            [
              72.8652454,
              19.11895
            ]
          ]
        ]
      },
      "id": "way/1318753830"
    },
    {
      "type": "Feature",
      "properties": {
        "@id": "way/1329837028",
        "landuse": "industrial"
      },
      "geometry": {
        "type": "Polygon",
        "coordinates": [
          [
            [
              72.9412579,
              19.1627269
            ],
            [
              72.9411609,
              19.1624996
            ],
            [
              72.9413304,
              19.1624735
            ],
            [
              72.941089,
              19.1619136
            ],
            [
              72.9411614,
              19.1618857
            ],
            [
              72.9407108,
              19.1606417
            ],
            [
              72.940861,
              19.1605784
            ],
            [
              72.9410139,
              19.1609914
            ],
            [
              72.9413749,
              19.1618669
            ],
            [
              72.94173,
              19.1620682
            ],
            [
              72.9418721,
              19.1623824
            ],
            [
              72.9416066,
              19.1624989
            ],
            [
              72.9414859,
              19.1625926
            ],
            [
              72.9412579,
              19.1627269
            ]
          ]
        ]
      },
      "id": "way/1329837028"
    },
    {
      "type": "Feature",
      "properties": {
        "@id": "way/1329846719",
        "landuse": "industrial"
      },
      "geometry": {
        "type": "Polygon",
        "coordinates": [
          [
            [
              72.9587862,
              19.154414
            ],
            [
              72.9594031,
              19.1543152
            ],
            [
              72.959682,
              19.1542746
            ],
            [
              72.9597115,
              19.1543912
            ],
            [
              72.9594058,
              19.1544697
            ],
            [
              72.9591966,
              19.154604
            ],
            [
              72.9588479,
              19.1546674
            ],
            [
              72.9587862,
              19.154414
            ]
          ]
        ]
      },
      "id": "way/1329846719"
    },
    {
      "type": "Feature",
      "properties": {
        "@id": "way/1329846721",
        "landuse": "industrial"
      },
      "geometry": {
        "type": "Polygon",
        "coordinates": [
          [
            [
              72.9623026,
              19.1534537
            ],
            [
              72.9599905,
              19.1536007
            ],
            [
              72.9598939,
              19.1529976
            ],
            [
              72.9602802,
              19.1526936
            ],
            [
              72.9622382,
              19.1526125
            ],
            [
              72.9623026,
              19.1534537
            ]
          ]
        ]
      },
      "id": "way/1329846721"
    },
    {
      "type": "Feature",
      "properties": {
        "@id": "way/1329846724",
        "landuse": "industrial"
      },
      "geometry": {
        "type": "Polygon",
        "coordinates": [
          [
            [
              72.9559699,
              19.1509782
            ],
            [
              72.9558894,
              19.1505855
            ],
            [
              72.957209,
              19.1503448
            ],
            [
              72.9573163,
              19.1507401
            ],
            [
              72.9567396,
              19.1508519
            ],
            [
              72.9559699,
              19.1509782
            ]
          ]
        ]
      },
      "id": "way/1329846724"
    },
    {
      "type": "Feature",
      "properties": {
        "@id": "way/1360919008",
        "alt_name": "Mumbai Airport",
        "bus": "yes",
        "depot": "bus",
        "industrial": "bus_depot",
        "landuse": "industrial",
        "name": "Mumbai Airport Bus Depot",
        "name:en": "Mumbai Airport Bus Depot",
        "note": "Prospective editors are encouraged to contact the surveyors prior to editing.",
        "source": "Irasus Technologies Private Limited;JBM Green Energy Systems Private Limited"
      },
      "geometry": {
        "type": "Polygon",
        "coordinates": [
          [
            [
              72.8580869,
              19.0935492
            ],
            [
              72.8581417,
              19.0933346
            ],
            [
              72.8582221,
              19.0934574
            ],
            [
              72.8582291,
              19.0934841
            ],
            [
              72.85823,
              19.0935167
            ],
            [
              72.8582115,
              19.0936127
            ],
            [
              72.858177,
              19.0936077
            ],
            [
              72.8581805,
              19.0935851
            ],
            [
              72.858162,
              19.0935818
            ],
            [
              72.8581196,
              19.0935735
            ],
            [
              72.8581213,
              19.0935534
            ],
            [
              72.8580869,
              19.0935492
            ]
          ]
        ]
      },
      "id": "way/1360919008"
    },
    {
      "type": "Feature",
      "properties": {
        "@id": "way/1360920045",
        "bus": "yes",
        "depot": "bus",
        "industrial": "bus_depot",
        "landuse": "industrial",
        "note": "Prospective editors are encouraged to contact the surveyors prior to editing.",
        "source": "Irasus Technologies Private Limited;JBM Green Energy Systems Private Limited"
      },
      "geometry": {
        "type": "Polygon",
        "coordinates": [
          [
            [
              73.0729437,
              19.0691857
            ],
            [
              73.0728304,
              19.0683321
            ],
            [
              73.0737375,
              19.0683151
            ],
            [
              73.0738212,
              19.0687973
            ],
            [
              73.0738233,
              19.0691339
            ],
            [
              73.0729437,
              19.0691857
            ]
          ]
        ]
      },
      "id": "way/1360920045"
    },
    {
      "type": "Feature",
      "properties": {
        "@id": "way/1374942862",
        "addr:district": "Dharavi Koliwada",
        "landuse": "industrial"
      },
      "geometry": {
        "type": "Polygon",
        "coordinates": [
          [
            [
              72.852505,
              19.0466709
            ],
            [
              72.852762,
              19.0464811
            ],
            [
              72.8528754,
              19.0466562
            ],
            [
              72.8527914,
              19.0466979
            ],
            [
              72.8528797,
              19.0468263
            ],
            [
              72.8527663,
              19.0468762
            ],
            [
              72.8527335,
              19.046837
            ],
            [
              72.8526815,
              19.0468729
            ],
            [
              72.852711,
              19.0469163
            ],
            [
              72.8526486,
              19.0469515
            ],
            [
              72.8525638,
              19.0468803
            ],
            [
              72.852505,
              19.0469367
            ],
            [
              72.8523501,
              19.0467944
            ],
            [
              72.8523977,
              19.0467445
            ],
            [
              72.8524314,
              19.0467764
            ],
            [
              72.852518,
              19.0466979
            ],
            [
              72.852505,
              19.0466709
            ]
          ]
        ]
      },
      "id": "way/1374942862"
    },
    {
      "type": "Feature",
      "properties": {
        "@id": "way/1379011423",
        "landuse": "industrial",
        "name": "Central Public Works Department"
      },
      "geometry": {
        "type": "Polygon",
        "coordinates": [
          [
            [
              72.9429915,
              19.1867882
            ],
            [
              72.9430271,
              19.1851399
            ],
            [
              72.94366,
              19.1851287
            ],
            [
              72.9440002,
              19.1849632
            ],
            [
              72.9442198,
              19.1852701
            ],
            [
              72.9445738,
              19.1851598
            ],
            [
              72.9448948,
              19.1855408
            ],
            [
              72.9456687,
              19.1864594
            ],
            [
              72.9429915,
              19.1867882
            ]
          ]
        ]
      },
      "id": "way/1379011423"
    },
    {
      "type": "Feature",
      "properties": {
        "@id": "way/1386099084",
        "landuse": "industrial"
      },
      "geometry": {
        "type": "Polygon",
        "coordinates": [
          [
            [
              72.8464352,
              18.9724312
            ],
            [
              72.8472465,
              18.9725326
            ],
            [
              72.8481701,
              18.9724704
            ],
            [
              72.8483677,
              18.9740343
            ],
            [
              72.8484299,
              18.9747401
            ],
            [
              72.846369,
              18.9749049
            ],
            [
              72.8463721,
              18.974709
            ],
            [
              72.8464258,
              18.9741915
            ],
            [
              72.8463936,
              18.9736335
            ],
            [
              72.8464311,
              18.9725479
            ],
            [
              72.8464352,
              18.9724312
            ]
          ]
        ]
      },
      "id": "way/1386099084"
    },
    {
      "type": "Feature",
      "properties": {
        "@id": "way/1386099087",
        "landuse": "industrial"
      },
      "geometry": {
        "type": "Polygon",
        "coordinates": [
          [
            [
              72.8498644,
              18.9779252
            ],
            [
              72.8498644,
              18.9778541
            ],
            [
              72.8553307,
              18.9767026
            ],
            [
              72.8554044,
              18.9769254
            ],
            [
              72.8554594,
              18.9771972
            ],
            [
              72.8499609,
              18.9783817
            ],
            [
              72.8498644,
              18.9779252
            ]
          ]
        ]
      },
      "id": "way/1386099087"
    },
    {
      "type": "Feature",
      "properties": {
        "@id": "way/1390763361",
        "industrial": "mine",
        "landuse": "industrial"
      },
      "geometry": {
        "type": "Polygon",
        "coordinates": [
          [
            [
              73.0553591,
              19.0737892
            ],
            [
              73.0551445,
              19.07312
            ],
            [
              73.05493,
              19.0725217
            ],
            [
              73.0537712,
              19.0721263
            ],
            [
              73.0534601,
              19.0717004
            ],
            [
              73.0541897,
              19.0711427
            ],
            [
              73.054415,
              19.0697941
            ],
            [
              73.054533,
              19.0668332
            ],
            [
              73.0555951,
              19.0667216
            ],
            [
              73.0557561,
              19.0685469
            ],
            [
              73.0567968,
              19.069135
            ],
            [
              73.0571186,
              19.0704938
            ],
            [
              73.0573654,
              19.0713962
            ],
            [
              73.0567217,
              19.0721973
            ],
            [
              73.0560672,
              19.0732518
            ],
            [
              73.0553591,
              19.0737892
            ]
          ]
        ]
      },
      "id": "way/1390763361"
    },
    {
      "type": "Feature",
      "properties": {
        "@id": "way/1390772777",
        "landuse": "industrial"
      },
      "geometry": {
        "type": "Polygon",
        "coordinates": [
          [
            [
              73.0306723,
              19.0039122
            ],
            [
              73.0305675,
              19.0041724
            ],
            [
              73.0304575,
              19.0041724
            ],
            [
              73.0303341,
              19.0044768
            ],
            [
              73.0298084,
              19.0042308
            ],
            [
              73.0296662,
              19.004246
            ],
            [
              73.0293551,
              19.0040913
            ],
            [
              73.0291513,
              19.0040127
            ],
            [
              73.0287328,
              19.0035334
            ],
            [
              73.0286577,
              19.0028841
            ],
            [
              73.028816,
              19.0027675
            ],
            [
              73.028537,
              19.0024048
            ],
            [
              73.0283251,
              19.0022628
            ],
            [
              73.026976,
              19.0032392
            ],
            [
              73.0268204,
              19.003153
            ],
            [
              73.0266032,
              19.0032189
            ],
            [
              73.0264667,
              19.0028579
            ],
            [
              73.0263767,
              19.0025672
            ],
            [
              73.027,
              19.0023363
            ],
            [
              73.0274874,
              19.0020625
            ],
            [
              73.0277659,
              19.0019081
            ],
            [
              73.0279548,
              19.0018494
            ],
            [
              73.0281498,
              19.0018606
            ],
            [
              73.0283535,
              19.001953
            ],
            [
              73.0286147,
              19.0021442
            ],
            [
              73.0287037,
              19.0022354
            ],
            [
              73.0288115,
              19.0023866
            ],
            [
              73.02893,
              19.0025126
            ],
            [
              73.0292846,
              19.0029124
            ],
            [
              73.0294248,
              19.0030705
            ],
            [
              73.02974,
              19.0034649
            ],
            [
              73.0299069,
              19.003624
            ],
            [
              73.0301249,
              19.0037565
            ],
            [
              73.0303873,
              19.0038385
            ],
            [
              73.0306723,
              19.0039122
            ]
          ]
        ]
      },
      "id": "way/1390772777"
    },
    {
      "type": "Feature",
      "properties": {
        "@id": "way/1390780603",
        "landuse": "industrial"
      },
      "geometry": {
        "type": "Polygon",
        "coordinates": [
          [
            [
              73.0546832,
              19.021523
            ],
            [
              73.0538651,
              19.0211908
            ],
            [
              73.0539697,
              19.0209625
            ],
            [
              73.0540717,
              19.020998
            ],
            [
              73.0542272,
              19.020671
            ],
            [
              73.0548455,
              19.0209246
            ],
            [
              73.0546832,
              19.021523
            ]
          ]
        ]
      },
      "id": "way/1390780603"
    },
    {
      "type": "Feature",
      "properties": {
        "@id": "way/1390781828",
        "landuse": "industrial"
      },
      "geometry": {
        "type": "Polygon",
        "coordinates": [
          [
            [
              73.041712,
              19.0114887
            ],
            [
              73.0413043,
              19.012219
            ],
            [
              73.0411863,
              19.0121785
            ],
            [
              73.0407035,
              19.0129341
            ],
            [
              73.0404353,
              19.0128074
            ],
            [
              73.0409664,
              19.0113771
            ],
            [
              73.0415565,
              19.0100381
            ],
            [
              73.0416799,
              19.0100736
            ],
            [
              73.0415592,
              19.010525
            ],
            [
              73.041704,
              19.0105758
            ],
            [
              73.0416879,
              19.0106518
            ],
            [
              73.0415484,
              19.0106189
            ],
            [
              73.0415404,
              19.0108547
            ],
            [
              73.0414438,
              19.0108243
            ],
            [
              73.0413553,
              19.0112148
            ],
            [
              73.0417308,
              19.011301
            ],
            [
              73.041712,
              19.0114887
            ]
          ]
        ]
      },
      "id": "way/1390781828"
    },
    {
      "type": "Feature",
      "properties": {
        "@id": "way/1393500274",
        "landuse": "industrial"
      },
      "geometry": {
        "type": "Polygon",
        "coordinates": [
          [
            [
              73.0248359,
              19.0539818
            ],
            [
              73.0256246,
              19.0540029
            ],
            [
              73.0255759,
              19.0569056
            ],
            [
              73.0247712,
              19.0569005
            ],
            [
              73.0248359,
              19.0539818
            ]
          ]
        ]
      },
      "id": "way/1393500274"
    },
    {
      "type": "Feature",
      "properties": {
        "@id": "way/1411386650",
        "landuse": "industrial",
        "name": "Ansa Industrial Estate"
      },
      "geometry": {
        "type": "Polygon",
        "coordinates": [
          [
            [
              72.8883826,
              19.1114144
            ],
            [
              72.8881037,
              19.1105375
            ],
            [
              72.8879642,
              19.1098659
            ],
            [
              72.8878328,
              19.1090118
            ],
            [
              72.8878002,
              19.1088313
            ],
            [
              72.8877535,
              19.1082127
            ],
            [
              72.8881064,
              19.1081932
            ],
            [
              72.8882378,
              19.1080538
            ],
            [
              72.8889754,
              19.1079068
            ],
            [
              72.88908,
              19.1081399
            ],
            [
              72.889131,
              19.1084289
            ],
            [
              72.8892785,
              19.1095035
            ],
            [
              72.8893724,
              19.1102663
            ],
            [
              72.8895682,
              19.1110596
            ],
            [
              72.8883826,
              19.1114144
            ]
          ]
        ]
      },
      "id": "way/1411386650"
    },
    {
      "type": "Feature",
      "properties": {
        "@id": "way/1411456435",
        "landuse": "industrial",
        "name": "Majithia Industrial Estate"
      },
      "geometry": {
        "type": "Polygon",
        "coordinates": [
          [
            [
              72.9110129,
              19.0486505
            ],
            [
              72.9107747,
              19.0486922
            ],
            [
              72.9102559,
              19.0487846
            ],
            [
              72.9101488,
              19.0483067
            ],
            [
              72.9102305,
              19.0482987
            ],
            [
              72.9109104,
              19.0481531
            ],
            [
              72.9110129,
              19.0486505
            ]
          ]
        ]
      },
      "id": "way/1411456435"
    },
    {
      "type": "Feature",
      "properties": {
        "@id": "way/1411467101",
        "landuse": "industrial"
      },
      "geometry": {
        "type": "Polygon",
        "coordinates": [
          [
            [
              72.8880805,
              19.1002013
            ],
            [
              72.8882629,
              19.1002013
            ],
            [
              72.888515,
              19.1004117
            ],
            [
              72.8885981,
              19.1005739
            ],
            [
              72.8889227,
              19.1005232
            ],
            [
              72.8890273,
              19.1009743
            ],
            [
              72.889089,
              19.1012227
            ],
            [
              72.8891426,
              19.1013951
            ],
            [
              72.8894296,
              19.1016333
            ],
            [
              72.8896844,
              19.1017778
            ],
            [
              72.8898373,
              19.1019273
            ],
            [
              72.8890863,
              19.1023987
            ],
            [
              72.8887859,
              19.10194
            ],
            [
              72.8881878,
              19.1020262
            ],
            [
              72.8881583,
              19.1010707
            ],
            [
              72.8880805,
              19.1002013
            ]
          ]
        ]
      },
      "id": "way/1411467101"
    },
    {
      "type": "Feature",
      "properties": {
        "@id": "way/1411467104",
        "landuse": "industrial"
      },
      "geometry": {
        "type": "Polygon",
        "coordinates": [
          [
            [
              72.8912777,
              19.0924378
            ],
            [
              72.8918946,
              19.0922933
            ],
            [
              72.8921977,
              19.0923466
            ],
            [
              72.8921574,
              19.0931653
            ],
            [
              72.8914118,
              19.0932438
            ],
            [
              72.8912777,
              19.0928003
            ],
            [
              72.8912777,
              19.0924378
            ]
          ]
        ]
      },
      "id": "way/1411467104"
    },
    {
      "type": "Feature",
      "properties": {
        "@id": "way/1411467106",
        "landuse": "industrial"
      },
      "geometry": {
        "type": "Polygon",
        "coordinates": [
          [
            [
              72.8932972,
              19.0898519
            ],
            [
              72.8934959,
              19.0894824
            ],
            [
              72.8935549,
              19.0892999
            ],
            [
              72.8938231,
              19.0893506
            ],
            [
              72.8938124,
              19.0895331
            ],
            [
              72.8939036,
              19.0895331
            ],
            [
              72.8940403,
              19.0900907
            ],
            [
              72.8940492,
              19.0902667
            ],
            [
              72.8938823,
              19.0902488
            ],
            [
              72.8937553,
              19.090195
            ],
            [
              72.8935751,
              19.0901251
            ],
            [
              72.8932518,
              19.0900334
            ],
            [
              72.8932972,
              19.0898519
            ]
          ]
        ]
      },
      "id": "way/1411467106"
    },
    {
      "type": "Feature",
      "properties": {
        "@id": "way/1411467107",
        "landuse": "industrial"
      },
      "geometry": {
        "type": "Polygon",
        "coordinates": [
          [
            [
              72.8943649,
              19.0873092
            ],
            [
              72.8933054,
              19.0874926
            ],
            [
              72.8930774,
              19.0868944
            ],
            [
              72.8932732,
              19.0863317
            ],
            [
              72.8935146,
              19.086025
            ],
            [
              72.8940538,
              19.0864686
            ],
            [
              72.894233,
              19.0865603
            ],
            [
              72.894212,
              19.0867423
            ],
            [
              72.8942469,
              19.0869806
            ],
            [
              72.8943649,
              19.0873092
            ]
          ]
        ]
      },
      "id": "way/1411467107"
    },
    {
      "type": "Feature",
      "properties": {
        "@id": "way/1411783362",
        "landuse": "industrial",
        "name": "Ghatkopar Industrial Estate"
      },
      "geometry": {
        "type": "Polygon",
        "coordinates": [
          [
            [
              72.9140305,
              19.1024637
            ],
            [
              72.9129824,
              19.100731
            ],
            [
              72.9144064,
              19.0999631
            ],
            [
              72.9153986,
              19.1017564
            ],
            [
              72.9153031,
              19.1019325
            ],
            [
              72.9142605,
              19.1024758
            ],
            [
              72.9140305,
              19.1024637
            ]
          ]
        ]
      },
      "id": "way/1411783362"
    },
    {
      "type": "Feature",
      "properties": {
        "@id": "way/1442763226",
        "industrial": "warehouse",
        "landuse": "industrial"
      },
      "geometry": {
        "type": "Polygon",
        "coordinates": [
          [
            [
              72.8359015,
              19.1346939
            ],
            [
              72.8352763,
              19.1347339
            ],
            [
              72.835259,
              19.1343374
            ],
            [
              72.8355028,
              19.1343242
            ],
            [
              72.8358779,
              19.134304
            ],
            [
              72.8358882,
              19.1344745
            ],
            [
              72.8359015,
              19.1346939
            ]
          ]
        ]
      },
      "id": "way/1442763226"
    },
    {
      "type": "Feature",
      "properties": {
        "@id": "way/1472415855",
        "industrial": "port",
        "landuse": "industrial",
        "name": "Cleveland Bunder"
      },
      "geometry": {
        "type": "Polygon",
        "coordinates": [
          [
            [
              72.8174995,
              19.0158238
            ],
            [
              72.8177851,
              19.0161065
            ],
            [
              72.8176644,
              19.0162447
            ],
            [
              72.8175911,
              19.0164265
            ],
            [
              72.8175759,
              19.0164641
            ],
            [
              72.8171709,
              19.0163043
            ],
            [
              72.8171414,
              19.0163322
            ],
            [
              72.8170221,
              19.0162739
            ],
            [
              72.8170181,
              19.0162293
            ],
            [
              72.816267,
              19.0158606
            ],
            [
              72.8163072,
              19.0156069
            ],
            [
              72.8172004,
              19.0161699
            ],
            [
              72.8174995,
              19.0158238
            ]
          ]
        ]
      },
      "id": "way/1472415855"
    },
    {
      "type": "Feature",
      "properties": {
        "@id": "way/1473959617",
        "landuse": "industrial"
      },
      "geometry": {
        "type": "Polygon",
        "coordinates": [
          [
            [
              72.8437623,
              18.9697019
            ],
            [
              72.8442465,
              18.9695358
            ],
            [
              72.8442773,
              18.9696283
            ],
            [
              72.8443176,
              18.9696169
            ],
            [
              72.8443869,
              18.9696169
            ],
            [
              72.8443897,
              18.9699418
            ],
            [
              72.8443981,
              18.9702976
            ],
            [
              72.8441727,
              18.970298
            ],
            [
              72.8442371,
              18.9707317
            ],
            [
              72.8433681,
              18.9708611
            ],
            [
              72.8432956,
              18.9708788
            ],
            [
              72.8431159,
              18.9703233
            ],
            [
              72.8435156,
              18.9701965
            ],
            [
              72.8435102,
              18.9701179
            ],
            [
              72.8436604,
              18.9699048
            ],
            [
              72.8438133,
              18.9698693
            ],
            [
              72.8437623,
              18.9697019
            ]
          ]
        ]
      },
      "id": "way/1473959617"
    },
    {
      "type": "Feature",
      "properties": {
        "@id": "way/1485906630",
        "landuse": "industrial",
        "name": "Raj Industrial Estate"
      },
      "geometry": {
        "type": "Polygon",
        "coordinates": [
          [
            [
              72.8849228,
              19.1162144
            ],
            [
              72.8847958,
              19.1157901
            ],
            [
              72.8860192,
              19.1155549
            ],
            [
              72.8861601,
              19.1152077
            ],
            [
              72.8864081,
              19.1152285
            ],
            [
              72.8861546,
              19.1156867
            ],
            [
              72.8860259,
              19.1159553
            ],
            [
              72.8858435,
              19.1169436
            ],
            [
              72.8857528,
              19.1169257
            ],
            [
              72.8849982,
              19.1167274
            ],
            [
              72.884683,
              19.1177052
            ],
            [
              72.8846316,
              19.1176827
            ],
            [
              72.8845668,
              19.1176381
            ],
            [
              72.8848174,
              19.1170033
            ],
            [
              72.8849228,
              19.1162144
            ]
          ]
        ]
      },
      "id": "way/1485906630"
    },
    {
      "type": "Feature",
      "properties": {
        "@id": "way/1517590759",
        "landuse": "industrial"
      },
      "geometry": {
        "type": "Polygon",
        "coordinates": [
          [
            [
              73.0331797,
              19.107095
            ],
            [
              73.0332222,
              19.105894
            ],
            [
              73.0331087,
              19.1056822
            ],
            [
              73.0331711,
              19.1043499
            ],
            [
              73.0332988,
              19.1042293
            ],
            [
              73.0350237,
              19.1041971
            ],
            [
              73.0350635,
              19.1044813
            ],
            [
              73.0351174,
              19.1045402
            ],
            [
              73.0352479,
              19.1047252
            ],
            [
              73.0355997,
              19.1046957
            ],
            [
              73.0356394,
              19.1045751
            ],
            [
              73.0357869,
              19.1045965
            ],
            [
              73.0358323,
              19.1046743
            ],
            [
              73.036028,
              19.1048298
            ],
            [
              73.0364309,
              19.1049343
            ],
            [
              73.0365898,
              19.1050925
            ],
            [
              73.0368281,
              19.1056903
            ],
            [
              73.0369841,
              19.1058458
            ],
            [
              73.0372395,
              19.1060281
            ],
            [
              73.0373586,
              19.1061755
            ],
            [
              73.0373501,
              19.1065213
            ],
            [
              73.0367515,
              19.1065347
            ],
            [
              73.0354039,
              19.106843
            ],
            [
              73.0343769,
              19.1070065
            ],
            [
              73.0338464,
              19.1075722
            ],
            [
              73.033174,
              19.1073926
            ],
            [
              73.0331797,
              19.107095
            ]
          ]
        ]
      },
      "id": "way/1517590759"
    },
    {
      "type": "Feature",
      "properties": {
        "@id": "way/1531594091",
        "landuse": "industrial",
        "name": "Souza Chawl Compound"
      },
      "geometry": {
        "type": "Polygon",
        "coordinates": [
          [
            [
              72.893879,
              19.1149634
            ],
            [
              72.8939459,
              19.1155963
            ],
            [
              72.8930693,
              19.1158027
            ],
            [
              72.8930528,
              19.1153785
            ],
            [
              72.893117,
              19.1149576
            ],
            [
              72.893879,
              19.1149634
            ]
          ]
        ]
      },
      "id": "way/1531594091"
    },
    {
      "type": "Feature",
      "properties": {
        "@id": "node/6801919194",
        "industrial": "scrap_yard",
        "landuse": "industrial",
        "name": "Scrap store (Raddi)"
      },
      "geometry": {
        "type": "Point",
        "coordinates": [
          72.9194808,
          19.1254283
        ]
      },
      "id": "node/6801919194"
    },
    {
      "type": "Feature",
      "properties": {
        "@id": "node/6804290504",
        "description": "fast food restaurant",
        "industrial": "slaughterhouse",
        "landuse": "industrial",
        "name": "chicken wala"
      },
      "geometry": {
        "type": "Point",
        "coordinates": [
          72.9187415,
          19.1267577
        ]
      },
      "id": "node/6804290504"
    },
    {
      "type": "Feature",
      "properties": {
        "@id": "node/6804290536",
        "description": "meat shop- chicken, mutton",
        "industrial": "slaughterhouse",
        "landuse": "industrial",
        "name": "N K traders"
      },
      "geometry": {
        "type": "Point",
        "coordinates": [
          72.9192135,
          19.1272804
        ]
      },
      "id": "node/6804290536"
    }
  ]
}