{
  "type": "FeatureCollection",
  "generator": "overpass-turbo",
  "copyright": "The data included in this document is from www.openstreetmap.org. The data is made available under ODbL.",
  "timestamp": "2026-07-21T09:34:36Z",
  "features": [
    {
      "type": "Feature",
      "properties": {
        "@id": "relation/2025893",
        "addr:district": "Bengaluru Urban",
        "addr:postcode": "560002",
        "addr:state": "Karnataka",
        "amenity": "hospital",
        "building": "yes",
        "emergency": "yes",
        "healthcare": "hospital",
        "heritage": "2",
        "heritage:operator": "nmma",
        "heritage:website": "https://nmma.nic.in/nmma/exploreBuiltState.do?state=29",
        "name": "Vanivilas Women and Children Hospital",
        "name:kn": "ವಾಣಿ ವಿಲಾಸ ಮಹಿಳೆ ಮತ್ತು ಮಕ್ಕಳ ಆಸ್ಪತ್ರೆ",
        "ref:nmma": "KR20010691",
        "source": "OpenGovernmentData",
        "type": "multipolygon"
      },
      "geometry": {
        "type": "Polygon",
        "coordinates": [
          [
            [
              77.5735952,
              12.9616998
            ],
            [
              77.573562,
              12.9617111
            ],
            [
              77.5735918,
              12.9617947
            ],
            [
              77.5735443,
              12.9618108
            ],
            [
              77.5735821,
              12.9619168
            ],
            [
              77.5734219,
              12.9619709
            ],
            [
              77.5734103,
              12.9619383
            ],
            [
              77.5733195,
              12.961969
            ],
            [
              77.5731822,
              12.9615834
            ],
            [
              77.5732549,
              12.9615588
            ],
            [
              77.5732328,
              12.9614968
            ],
            [
              77.573406,
              12.9614382
            ],
            [
              77.5734447,
              12.9615515
            ],
            [
              77.5734966,
              12.9615343
            ],
            [
              77.5735225,
              12.9616069
            ],
            [
              77.5735579,
              12.9615949
            ],
            [
              77.573484,
              12.9613956
            ],
            [
              77.5734345,
              12.9614134
            ],
            [
              77.5733848,
              12.9612827
            ],
            [
              77.5734695,
              12.9612522
            ],
            [
              77.5733989,
              12.9610663
            ],
            [
              77.5737673,
              12.9609333
            ],
            [
              77.573802,
              12.9610247
            ],
            [
              77.5735103,
              12.9611299
            ],
            [
              77.5735601,
              12.9612609
            ],
            [
              77.5739135,
              12.9611334
            ],
            [
              77.573937,
              12.9611249
            ],
            [
              77.5740498,
              12.9614219
            ],
            [
              77.5741417,
              12.9613888
            ],
            [
              77.5741635,
              12.9614463
            ],
            [
              77.5740678,
              12.9614809
            ],
            [
              77.5741956,
              12.9618173
            ],
            [
              77.5736748,
              12.9620052
            ],
            [
              77.573637,
              12.9619056
            ],
            [
              77.573673,
              12.9618927
            ],
            [
              77.5735952,
              12.9616998
            ]
          ],
          [
            [
              77.5733164,
              12.961672
            ],
            [
              77.5734424,
              12.9616277
            ],
            [
              77.5734148,
              12.9615532
            ],
            [
              77.5732888,
              12.9615975
            ],
            [
              77.5733164,
              12.961672
            ]
          ],
          [
            [
              77.5734058,
              12.9618872
            ],
            [
              77.573529,
              12.9618438
            ],
            [
              77.5735024,
              12.9617719
            ],
            [
              77.5733792,
              12.9618153
            ],
            [
              77.5734058,
              12.9618872
            ]
          ],
          [
            [
              77.5738403,
              12.961258
            ],
            [
              77.5735723,
              12.9613585
            ],
            [
              77.5737696,
              12.9618579
            ],
            [
              77.5740375,
              12.9617574
            ],
            [
              77.5738403,
              12.961258
            ]
          ]
        ]
      },
      "id": "relation/2025893"
    },
    {
      "type": "Feature",
      "properties": {
        "@id": "relation/2025895",
        "alt_name": "Minto Opthalmic Hospital",
        "amenity": "hospital",
        "building": "yes",
        "emergency": "yes",
        "heritage": "2",
        "heritage:operator": "nmma",
        "heritage:website": "https://nmma.nic.in/nmma/exploreBuiltState.do?state=29",
        "name": "Minto Eye Hospital",
        "name:kn": "ಮಿಂಟೋ ಕಣ್ಣಿನ ಆಸ್ಪತ್ರೆ",
        "ref:nmma": "KR20010694",
        "type": "multipolygon",
        "wikidata": "Q6869655"
      },
      "geometry": {
        "type": "Polygon",
        "coordinates": [
          [
            [
              77.5719575,
              12.9611323
            ],
            [
              77.5720585,
              12.9609988
            ],
            [
              77.5720251,
              12.9609748
            ],
            [
              77.5720543,
              12.9609362
            ],
            [
              77.5720128,
              12.9609064
            ],
            [
              77.5720489,
              12.9608586
            ],
            [
              77.5720917,
              12.9608893
            ],
            [
              77.572111,
              12.9608638
            ],
            [
              77.5721517,
              12.960893
            ],
            [
              77.5722602,
              12.9607496
            ],
            [
              77.5726205,
              12.9610084
            ],
            [
              77.572327,
              12.9613965
            ],
            [
              77.5722069,
              12.9613103
            ],
            [
              77.5719724,
              12.9611431
            ],
            [
              77.5719575,
              12.9611323
            ]
          ],
          [
            [
              77.5721183,
              12.9611219
            ],
            [
              77.5722834,
              12.9612431
            ],
            [
              77.5724621,
              12.961012
            ],
            [
              77.572297,
              12.9608908
            ],
            [
              77.5721183,
              12.9611219
            ]
          ]
        ]
      },
      "id": "relation/2025895"
    },
    {
      "type": "Feature",
      "properties": {
        "@id": "relation/2032168",
        "addr:street": "2nd Main Road",
        "amenity": "school",
        "building": "school",
        "name": "Corporation School",
        "name:kn": "ಕಾರ್ಪೊರೇಶನ್ ಶಾಲೆ",
        "type": "multipolygon"
      },
      "geometry": {
        "type": "Polygon",
        "coordinates": [
          [
            [
              77.5797373,
              12.9789504
            ],
            [
              77.5797137,
              12.9786522
            ],
            [
              77.5799597,
              12.9786337
            ],
            [
              77.5799833,
              12.9789318
            ],
            [
              77.5797373,
              12.9789504
            ]
          ],
          [
            [
              77.5797879,
              12.9788758
            ],
            [
              77.5799065,
              12.9788666
            ],
            [
              77.5798936,
              12.9787078
            ],
            [
              77.5797749,
              12.978717
            ],
            [
              77.5797879,
              12.9788758
            ]
          ]
        ]
      },
      "id": "relation/2032168"
    },
    {
      "type": "Feature",
      "properties": {
        "@id": "relation/2187206",
        "alt_name": "M S Ramaiah Teaching Hospital",
        "amenity": "hospital",
        "building": "yes",
        "emergency": "yes",
        "name": "M S Ramaiah Hospital",
        "name:etymology:wikidata": "Q6713104",
        "name:kn": "ರಾಮಯ್ಯ ಆಸ್ಪತ್ರೆ",
        "type": "multipolygon"
      },
      "geometry": {
        "type": "Polygon",
        "coordinates": [
          [
            [
              77.5687968,
              13.0289491
            ],
            [
              77.5688754,
              13.0295004
            ],
            [
              77.5689197,
              13.0298117
            ],
            [
              77.5685782,
              13.0298578
            ],
            [
              77.5685852,
              13.0299069
            ],
            [
              77.5688086,
              13.0298767
            ],
            [
              77.5688577,
              13.0302213
            ],
            [
              77.5690093,
              13.0302009
            ],
            [
              77.56904,
              13.0304165
            ],
            [
              77.5683519,
              13.0305095
            ],
            [
              77.5681424,
              13.0290376
            ],
            [
              77.5687968,
              13.0289491
            ]
          ],
          [
            [
              77.5685548,
              13.0295257
            ],
            [
              77.5687954,
              13.0294885
            ],
            [
              77.5687857,
              13.0294291
            ],
            [
              77.5686102,
              13.0294562
            ],
            [
              77.5685651,
              13.0291797
            ],
            [
              77.5687203,
              13.0291557
            ],
            [
              77.5687109,
              13.0290979
            ],
            [
              77.5685295,
              13.029126
            ],
            [
              77.5685426,
              13.0292065
            ],
            [
              77.5685037,
              13.0292125
            ],
            [
              77.5685548,
              13.0295257
            ]
          ]
        ]
      },
      "id": "relation/2187206"
    },
    {
      "type": "Feature",
      "properties": {
        "@id": "relation/2215604",
        "amenity": "hospital",
        "building": "yes",
        "emergency": "yes",
        "name": "Faculty Of Dental Sciences",
        "type": "multipolygon"
      },
      "geometry": {
        "type": "Polygon",
        "coordinates": [
          [
            [
              77.5691375,
              13.0294324
            ],
            [
              77.569084,
              13.0290905
            ],
            [
              77.5696127,
              13.0290119
            ],
            [
              77.5696662,
              13.0293538
            ],
            [
              77.5691375,
              13.0294324
            ]
          ]
        ]
      },
      "id": "relation/2215604"
    },
    {
      "type": "Feature",
      "properties": {
        "@id": "relation/5160222",
        "addr:city": "Bengaluru",
        "addr:country": "IN",
        "addr:housenumber": "2",
        "addr:postcode": "560086",
        "addr:street": "3rd Main Road",
        "amenity": "school",
        "building": "yes",
        "name": "Ambedkar Memorial Higher and Primary School",
        "name:etymology:wikidata": "Q231690",
        "type": "multipolygon"
      },
      "geometry": {
        "type": "Polygon",
        "coordinates": [
          [
            [
              77.5475377,
              13.0006444
            ],
            [
              77.5477016,
              13.0003103
            ],
            [
              77.5478277,
              13.000369
            ],
            [
              77.5478044,
              13.0004165
            ],
            [
              77.5479653,
              13.0004914
            ],
            [
              77.5478246,
              13.0007781
            ],
            [
              77.5475377,
              13.0006444
            ]
          ],
          [
            [
              77.5476711,
              13.0006046
            ],
            [
              77.5477989,
              13.0006666
            ],
            [
              77.5478588,
              13.0005494
            ],
            [
              77.547731,
              13.0004874
            ],
            [
              77.5476711,
              13.0006046
            ]
          ]
        ]
      },
      "id": "relation/5160222"
    },
    {
      "type": "Feature",
      "properties": {
        "@id": "relation/5243934",
        "amenity": "school",
        "building": "yes",
        "name": "National Public School",
        "type": "multipolygon"
      },
      "geometry": {
        "type": "Polygon",
        "coordinates": [
          [
            [
              77.5491688,
              13.0395901
            ],
            [
              77.5491354,
              13.0394371
            ],
            [
              77.5493445,
              13.0393938
            ],
            [
              77.5493765,
              13.0395405
            ],
            [
              77.5492965,
              13.0395571
            ],
            [
              77.5492993,
              13.0395697
            ],
            [
              77.549241,
              13.0395818
            ],
            [
              77.5492396,
              13.0395754
            ],
            [
              77.5491688,
              13.0395901
            ]
          ],
          [
            [
              77.5492291,
              13.0395507
            ],
            [
              77.5492907,
              13.0395406
            ],
            [
              77.5492832,
              13.0394977
            ],
            [
              77.5492216,
              13.0395078
            ],
            [
              77.5492291,
              13.0395507
            ]
          ]
        ]
      },
      "id": "relation/5243934"
    },
    {
      "type": "Feature",
      "properties": {
        "@id": "relation/17390867",
        "addr:housenumber": "63",
        "addr:postcode": "560113",
        "addr:street": "Horamavu Agara Village, K.R. Puram, Uttarahalli Hobli",
        "amenity": "school",
        "email": "communications.oishm@orchids.edu.in",
        "name": "Orchids The International School - Horamavu",
        "opening_hours": "Mo-Su 09:00-18:30",
        "operator": "Orchids International School",
        "phone": "+919513922803",
        "type": "multipolygon",
        "website": "https://www.orchidsinternationalschool.com/bangalore-branches/horamavu/"
      },
      "geometry": {
        "type": "MultiPolygon",
        "coordinates": [
          [
            [
              [
                77.6608756,
                13.0386566
              ],
              [
                77.6612324,
                13.0386683
              ],
              [
                77.6613007,
                13.0396534
              ],
              [
                77.6608971,
                13.0400284
              ],
              [
                77.6609022,
                13.0393813
              ],
              [
                77.6609084,
                13.0390295
              ],
              [
                77.6608885,
                13.0389458
              ],
              [
                77.6608756,
                13.0386566
              ]
            ]
          ],
          [
            [
              [
                77.6604652,
                13.0382411
              ],
              [
                77.6604062,
                13.0377864
              ],
              [
                77.6612069,
                13.0377472
              ],
              [
                77.6612391,
                13.0385324
              ],
              [
                77.661109,
                13.0385351
              ],
              [
                77.6610862,
                13.038292
              ],
              [
                77.6604652,
                13.0382411
              ]
            ]
          ]
        ]
      },
      "id": "relation/17390867"
    },
    {
      "type": "Feature",
      "properties": {
        "@id": "relation/17900574",
        "amenity": "school",
        "name": "Methodist Mission High School",
        "start_date": "1822",
        "type": "multipolygon"
      },
      "geometry": {
        "type": "MultiPolygon",
        "coordinates": [
          [
            [
              [
                77.6094295,
                12.9848015
              ],
              [
                77.6096823,
                12.9847597
              ],
              [
                77.6097142,
                12.984989
              ],
              [
                77.6095807,
                12.9850207
              ],
              [
                77.6094778,
                12.9850302
              ],
              [
                77.6094295,
                12.9848015
              ]
            ]
          ],
          [
            [
              [
                77.6094938,
                12.9847326
              ],
              [
                77.6094758,
                12.984629
              ],
              [
                77.6095588,
                12.9846154
              ],
              [
                77.6095481,
                12.9845536
              ],
              [
                77.6096472,
                12.9845372
              ],
              [
                77.6096582,
                12.9846008
              ],
              [
                77.6097672,
                12.9845828
              ],
              [
                77.6097849,
                12.9846846
              ],
              [
                77.6094938,
                12.9847326
              ]
            ]
          ]
        ]
      },
      "id": "relation/17900574"
    },
    {
      "type": "Feature",
      "properties": {
        "@id": "relation/18765506",
        "amenity": "school",
        "brand": "Kendriya Vidyalaya",
        "brand:wikidata": "Q1156653",
        "building": "school",
        "name": "Kendriya Vidyalaya IISc",
        "name:kn": "ಕೇಂದ್ರಿಯ ವಿದ್ಯಾಲಯ",
        "operator:type": "government_non_profit",
        "type": "multipolygon"
      },
      "geometry": {
        "type": "Polygon",
        "coordinates": [
          [
            [
              77.5594123,
              13.0183517
            ],
            [
              77.5594444,
              13.0182982
            ],
            [
              77.5594565,
              13.0183026
            ],
            [
              77.5594736,
              13.0182686
            ],
            [
              77.5594819,
              13.0182707
            ],
            [
              77.5595284,
              13.0181634
            ],
            [
              77.5594141,
              13.0181048
            ],
            [
              77.5594261,
              13.0180826
            ],
            [
              77.559444,
              13.0180912
            ],
            [
              77.5594764,
              13.018036
            ],
            [
              77.5595127,
              13.0180533
            ],
            [
              77.5594978,
              13.0180822
            ],
            [
              77.559527,
              13.0180984
            ],
            [
              77.5595778,
              13.0180131
            ],
            [
              77.5595639,
              13.0180043
            ],
            [
              77.559584,
              13.0179659
            ],
            [
              77.5596282,
              13.0179876
            ],
            [
              77.5596134,
              13.0180106
            ],
            [
              77.559648,
              13.018031
            ],
            [
              77.5596355,
              13.0180485
            ],
            [
              77.5597225,
              13.018096
            ],
            [
              77.5599618,
              13.0180742
            ],
            [
              77.5600206,
              13.0181079
            ],
            [
              77.5600339,
              13.0180919
            ],
            [
              77.5603363,
              13.0182593
            ],
            [
              77.5603021,
              13.0183129
            ],
            [
              77.5603244,
              13.0183255
            ],
            [
              77.5603331,
              13.018313
            ],
            [
              77.5603962,
              13.0183468
            ],
            [
              77.5603744,
              13.0183815
            ],
            [
              77.5603924,
              13.0183919
            ],
            [
              77.560367,
              13.0184352
            ],
            [
              77.5603544,
              13.0184288
            ],
            [
              77.5602557,
              13.0185795
            ],
            [
              77.5601972,
              13.018548
            ],
            [
              77.560127,
              13.0186432
            ],
            [
              77.5599612,
              13.0185526
            ],
            [
              77.5599391,
              13.0185884
            ],
            [
              77.55991,
              13.018575
            ],
            [
              77.5598887,
              13.0185963
            ],
            [
              77.5598416,
              13.0185709
            ],
            [
              77.5598541,
              13.0185427
            ],
            [
              77.5598278,
              13.018531
            ],
            [
              77.5598554,
              13.0184714
            ],
            [
              77.5597857,
              13.0184085
            ],
            [
              77.5597927,
              13.0183978
            ],
            [
              77.5597618,
              13.0183846
            ],
            [
              77.5597362,
              13.0184328
            ],
            [
              77.5597642,
              13.0184469
            ],
            [
              77.5597287,
              13.0185095
            ],
            [
              77.5595373,
              13.0184146
            ],
            [
              77.5595261,
              13.0184297
            ],
            [
              77.5594653,
              13.0183967
            ],
            [
              77.5594737,
              13.0183834
            ],
            [
              77.5594123,
              13.0183517
            ]
          ],
          [
            [
              77.5601257,
              13.0185089
            ],
            [
              77.5601743,
              13.0184258
            ],
            [
              77.5602066,
              13.0184434
            ],
            [
              77.5602352,
              13.0183847
            ],
            [
              77.56005,
              13.0181994
            ],
            [
              77.5599143,
              13.0181663
            ],
            [
              77.5598183,
              13.0183741
            ],
            [
              77.5598481,
              13.0183973
            ],
            [
              77.5599746,
              13.0184672
            ],
            [
              77.5601257,
              13.0185089
            ]
          ]
        ]
      },
      "id": "relation/18765506"
    },
    {
      "type": "Feature",
      "properties": {
        "@id": "way/23030047",
        "amenity": "school",
        "name": "Baldwin Girls' High School"
      },
      "geometry": {
        "type": "Polygon",
        "coordinates": [
          [
            [
              77.6008935,
              12.9652894
            ],
            [
              77.6008488,
              12.9647831
            ],
            [
              77.6004625,
              12.964649
            ],
            [
              77.599944,
              12.9648331
            ],
            [
              77.5998455,
              12.9645424
            ],
            [
              77.5997094,
              12.964141
            ],
            [
              77.5996602,
              12.9639959
            ],
            [
              77.600018,
              12.9639237
            ],
            [
              77.5998554,
              12.9634852
            ],
            [
              77.60017,
              12.9632055
            ],
            [
              77.6003138,
              12.9632911
            ],
            [
              77.6009792,
              12.9636988
            ],
            [
              77.600833,
              12.9639119
            ],
            [
              77.6008328,
              12.9642746
            ],
            [
              77.6009549,
              12.9642754
            ],
            [
              77.600947,
              12.9645627
            ],
            [
              77.601001,
              12.9653054
            ],
            [
              77.6008935,
              12.9652894
            ]
          ]
        ]
      },
      "id": "way/23030047"
    },
    {
      "type": "Feature",
      "properties": {
        "@id": "way/31231510",
        "amenity": "school",
        "name": "Government PU College,Domlur",
        "name:kn": "ಸರ್ಕಾರಿ ಪದವಿಪೂರ್ವ ಕಾಲೇಜು"
      },
      "geometry": {
        "type": "Polygon",
        "coordinates": [
          [
            [
              77.6405899,
              12.9589919
            ],
            [
              77.6407182,
              12.9599223
            ],
            [
              77.6399184,
              12.9600271
            ],
            [
              77.63979,
              12.9590967
            ],
            [
              77.6405899,
              12.9589919
            ]
          ]
        ]
      },
      "id": "way/31231510"
    },
    {
      "type": "Feature",
      "properties": {
        "@id": "way/32291138",
        "amenity": "school",
        "name": "Bethany High School",
        "name:kn": "ಬೆತಾನಿ ಪ್ರೌಡಶಾಲೆ"
      },
      "geometry": {
        "type": "Polygon",
        "coordinates": [
          [
            [
              77.6204303,
              12.9404576
            ],
            [
              77.6207791,
              12.9400997
            ],
            [
              77.6214759,
              12.940811
            ],
            [
              77.621124,
              12.9411707
            ],
            [
              77.6206691,
              12.9407859
            ],
            [
              77.6204303,
              12.9404576
            ]
          ]
        ]
      },
      "id": "way/32291138"
    },
    {
      "type": "Feature",
      "properties": {
        "@id": "way/35133587",
        "amenity": "hospital",
        "emergency": "yes",
        "healthcare": "hospital",
        "name": "Chinmaya Mission Hospital",
        "name:kn": "ಚಿನ್ಮಯ ಮಿಷನ್ ಆಸ್ಪತ್ರೆ",
        "phone": "+91 80 2502 6100",
        "toilets:wheelchair": "yes",
        "website": "https://www.chinmayamission.com/what-we-do/institutes/chinmaya-mission-hospital-chinmaya-mission-of-nursing/",
        "wheelchair": "yes"
      },
      "geometry": {
        "type": "Polygon",
        "coordinates": [
          [
            [
              77.6458029,
              12.9784387
            ],
            [
              77.6458059,
              12.9783793
            ],
            [
              77.645857,
              12.9773938
            ],
            [
              77.6465741,
              12.9774333
            ],
            [
              77.6465242,
              12.9784737
            ],
            [
              77.6458029,
              12.9784387
            ]
          ]
        ]
      },
      "id": "way/35133587"
    },
    {
      "type": "Feature",
      "properties": {
        "@id": "way/36676436",
        "amenity": "hospital",
        "name": "KLE Dental College"
      },
      "geometry": {
        "type": "Polygon",
        "coordinates": [
          [
            [
              77.5351509,
              13.0302527
            ],
            [
              77.5355304,
              13.0300328
            ],
            [
              77.5357131,
              13.0299324
            ],
            [
              77.5359102,
              13.0302607
            ],
            [
              77.5361831,
              13.0307421
            ],
            [
              77.536061,
              13.030834
            ],
            [
              77.5356447,
              13.0310683
            ],
            [
              77.5356185,
              13.0310833
            ],
            [
              77.5351509,
              13.0302527
            ]
          ]
        ]
      },
      "id": "way/36676436"
    },
    {
      "type": "Feature",
      "properties": {
        "@id": "way/37107603",
        "addr:city": "Bengaluru",
        "addr:housename": "KV Hebbal",
        "addr:postcode": "560 080",
        "addr:street": "Dr. CV Raman Road",
        "amenity": "school",
        "brand": "Kendriya Vidyalaya",
        "brand:wikidata": "Q1156653",
        "name": "Kendriya Vidyalaya Hebbal",
        "name:kn": "ಕೇಂದ್ರೀಯ ವಿದ್ಯಾಲಯ ಹೆಬ್ಬಾಳ",
        "operator:type": "government_non_profit",
        "wheelchair": "limited"
      },
      "geometry": {
        "type": "Polygon",
        "coordinates": [
          [
            [
              77.5754416,
              13.0169228
            ],
            [
              77.5749939,
              13.0169279
            ],
            [
              77.574868,
              13.0169293
            ],
            [
              77.5744381,
              13.0169342
            ],
            [
              77.5745329,
              13.0148776
            ],
            [
              77.5757616,
              13.0149052
            ],
            [
              77.5767719,
              13.014928
            ],
            [
              77.5768175,
              13.0166868
            ],
            [
              77.5762868,
              13.0166882
            ],
            [
              77.5762854,
              13.0161998
            ],
            [
              77.5754396,
              13.016202
            ],
            [
              77.575441,
              13.0166942
            ],
            [
              77.5754416,
              13.0169228
            ]
          ]
        ]
      },
      "id": "way/37107603"
    },
    {
      "type": "Feature",
      "properties": {
        "@id": "way/37136671",
        "amenity": "school",
        "name": "Kendriya Vidhyalaya, MEG Centre",
        "name:kn": "ಕೇಂದ್ರಿಯ ವಿದ್ಯಾಲಯ",
        "short_name": "KV MEG"
      },
      "geometry": {
        "type": "Polygon",
        "coordinates": [
          [
            [
              77.6171145,
              12.9885959
            ],
            [
              77.6169215,
              12.9887391
            ],
            [
              77.6140081,
              12.9904233
            ],
            [
              77.6138661,
              12.9903933
            ],
            [
              77.613199,
              12.9890255
            ],
            [
              77.6127519,
              12.9875563
            ],
            [
              77.6130976,
              12.9872829
            ],
            [
              77.6124282,
              12.9860701
            ],
            [
              77.6145896,
              12.9849269
            ],
            [
              77.6171145,
              12.9885959
            ]
          ]
        ]
      },
      "id": "way/37136671"
    },
    {
      "type": "Feature",
      "properties": {
        "@id": "way/37763936",
        "amenity": "school",
        "brand": "Kendriya Vidyalaya",
        "brand:wikidata": "Q1156653",
        "name": "Kendriya Vidyalaya - ASC",
        "name:kn": "ಕೇಂದ್ರಿಯ ವಿದ್ಯಾಲಯ",
        "operator:type": "government_non_profit"
      },
      "geometry": {
        "type": "Polygon",
        "coordinates": [
          [
            [
              77.6137615,
              12.9666166
            ],
            [
              77.6137666,
              12.9667714
            ],
            [
              77.6140054,
              12.9681789
            ],
            [
              77.6139411,
              12.9683151
            ],
            [
              77.6125712,
              12.9681974
            ],
            [
              77.6119917,
              12.9679952
            ],
            [
              77.6118414,
              12.9678697
            ],
            [
              77.6114551,
              12.9673442
            ],
            [
              77.6114479,
              12.9672929
            ],
            [
              77.6114827,
              12.9671844
            ],
            [
              77.6115235,
              12.9671425
            ],
            [
              77.6118863,
              12.9670596
            ],
            [
              77.6123637,
              12.9669467
            ],
            [
              77.6124514,
              12.9672845
            ],
            [
              77.6129112,
              12.9671711
            ],
            [
              77.6130827,
              12.9671287
            ],
            [
              77.612995,
              12.9667909
            ],
            [
              77.6137615,
              12.9666166
            ]
          ]
        ]
      },
      "id": "way/37763936"
    },
    {
      "type": "Feature",
      "properties": {
        "@id": "way/37827925",
        "addr:city": "Kalyan Nagar, Bangalore",
        "addr:postcode": "560043",
        "addr:street": "6th B Main (HRBR Layout)",
        "amenity": "school",
        "check_date": "2025-11-16",
        "email": "info@rcis.in",
        "name": "Royale Concorde International School",
        "phone": "+91 80 2543 5455",
        "school:gender": "mixed",
        "website": "https://www.rcis.in/"
      },
      "geometry": {
        "type": "Polygon",
        "coordinates": [
          [
            [
              77.6427797,
              13.0249482
            ],
            [
              77.6429459,
              13.0257376
            ],
            [
              77.6422273,
              13.0257791
            ],
            [
              77.6422021,
              13.025374
            ],
            [
              77.6421082,
              13.0253818
            ],
            [
              77.6420958,
              13.0252422
            ],
            [
              77.6427797,
              13.0249482
            ]
          ]
        ]
      },
      "id": "way/37827925"
    },
    {
      "type": "Feature",
      "properties": {
        "@id": "way/37828583",
        "amenity": "school",
        "check_date": "2025-11-16",
        "name": "Royale Concorde High School"
      },
      "geometry": {
        "type": "Polygon",
        "coordinates": [
          [
            [
              77.6407753,
              13.0279195
            ],
            [
              77.6405414,
              13.0279558
            ],
            [
              77.6405176,
              13.0278107
            ],
            [
              77.6407515,
              13.0277743
            ],
            [
              77.6407753,
              13.0279195
            ]
          ]
        ]
      },
      "id": "way/37828583"
    },
    {
      "type": "Feature",
      "properties": {
        "@id": "way/37976777",
        "amenity": "hospital",
        "building": "university",
        "name": "Health Centre",
        "name:kn": "ಆರೋಗ್ಯ ಕೇಂದ್ರ"
      },
      "geometry": {
        "type": "Polygon",
        "coordinates": [
          [
            [
              77.563702,
              13.015694
            ],
            [
              77.5639031,
              13.015691
            ],
            [
              77.5639056,
              13.0158506
            ],
            [
              77.563794,
              13.0158522
            ],
            [
              77.5637044,
              13.0158535
            ],
            [
              77.563702,
              13.015694
            ]
          ]
        ]
      },
      "id": "way/37976777"
    },
    {
      "type": "Feature",
      "properties": {
        "@id": "way/38416322",
        "amenity": "school",
        "landuse": "education",
        "name": "L.M. English School"
      },
      "geometry": {
        "type": "Polygon",
        "coordinates": [
          [
            [
              77.6328278,
              13.0265292
            ],
            [
              77.6328794,
              13.0266499
            ],
            [
              77.6326049,
              13.0267416
            ],
            [
              77.6323814,
              13.0268162
            ],
            [
              77.6323414,
              13.0266849
            ],
            [
              77.6328278,
              13.0265292
            ]
          ]
        ]
      },
      "id": "way/38416322"
    },
    {
      "type": "Feature",
      "properties": {
        "@id": "way/38421704",
        "amenity": "school",
        "name": "Saint Charles High School"
      },
      "geometry": {
        "type": "Polygon",
        "coordinates": [
          [
            [
              77.6363744,
              13.0172538
            ],
            [
              77.636836,
              13.0171984
            ],
            [
              77.6370409,
              13.0174762
            ],
            [
              77.6372737,
              13.0174209
            ],
            [
              77.6375897,
              13.0185538
            ],
            [
              77.6369215,
              13.0186519
            ],
            [
              77.6367483,
              13.0186773
            ],
            [
              77.6363744,
              13.0172538
            ]
          ]
        ]
      },
      "id": "way/38421704"
    },
    {
      "type": "Feature",
      "properties": {
        "@id": "way/38536360",
        "addr:district": "Bengaluru Urban",
        "addr:full": "Malleswaran",
        "addr:postcode": "560003",
        "addr:state": "Karnataka",
        "amenity": "hospital",
        "healthcare": "hospital",
        "name": "K C General Hospital",
        "name:kn": "ಕೆ ಸಿ ಜನರಲ್ ಆಸ್ಪತ್ರೆ",
        "source": "OpenGovernmentData",
        "wheelchair": "limited"
      },
      "geometry": {
        "type": "Polygon",
        "coordinates": [
          [
            [
              77.5708719,
              12.9934872
            ],
            [
              77.5708417,
              12.9956702
            ],
            [
              77.5699876,
              12.995708
            ],
            [
              77.569993,
              12.9965279
            ],
            [
              77.5695464,
              12.9965383
            ],
            [
              77.5695477,
              12.9966756
            ],
            [
              77.5689107,
              12.9966873
            ],
            [
              77.5689121,
              12.9965462
            ],
            [
              77.5686143,
              12.9965469
            ],
            [
              77.5696323,
              12.993419
            ],
            [
              77.5708719,
              12.9934872
            ]
          ]
        ]
      },
      "id": "way/38536360"
    },
    {
      "type": "Feature",
      "properties": {
        "@id": "way/38542913",
        "addr:district": "Bengaluru Urban",
        "addr:full": "Office No-05, Nrupathunga Road",
        "addr:postcode": "560001",
        "addr:state": "Karnataka",
        "amenity": "hospital",
        "email": "info.sm@nhhospitals.org",
        "emergency": "yes",
        "healthcare": "hospital",
        "name": "St Marthas Hospital",
        "name:kn": "ಸೆಂಟ್ ಮಾರ್ಥ ಆಸ್ಪತ್ರೆ",
        "operator:type": "private",
        "source": "OpenGovernmentData",
        "website": "https://www.narayanahealth.org/",
        "wheelchair": "yes"
      },
      "geometry": {
        "type": "Polygon",
        "coordinates": [
          [
            [
              77.5844827,
              12.9704823
            ],
            [
              77.5850201,
              12.9700244
            ],
            [
              77.585217,
              12.9698589
            ],
            [
              77.5860213,
              12.9691487
            ],
            [
              77.5861597,
              12.969032
            ],
            [
              77.5870036,
              12.9698959
            ],
            [
              77.5869643,
              12.9701892
            ],
            [
              77.5867497,
              12.9716341
            ],
            [
              77.5858792,
              12.9723578
            ],
            [
              77.5856406,
              12.9725562
            ],
            [
              77.5855842,
              12.9726031
            ],
            [
              77.5849896,
              12.9715663
            ],
            [
              77.5852082,
              12.9713608
            ],
            [
              77.5844827,
              12.9704823
            ]
          ]
        ]
      },
      "id": "way/38542913"
    },
    {
      "type": "Feature",
      "properties": {
        "@id": "way/38750705",
        "addr:city": "Bengaluru",
        "addr:district": "Bengaluru Urban",
        "addr:full": "No.2 Vittal Mallya Road",
        "addr:housenumber": "2",
        "addr:postcode": "560001",
        "addr:state": "Karnataka",
        "addr:street": "Vittal Mallya Road",
        "amenity": "hospital",
        "check_date": "2024-08-18",
        "email": "info@vsshospital.com",
        "healthcare": "hospital",
        "healthcare:speciality": "multi speciality",
        "name": "Vydehi Superspeciality Hospital",
        "name:kn": "ವೈದೇಹಿ ಆಸ್ಪತ್ರೆ",
        "note": "Changed from Mallya Hospital to Vydehi Superspeciality Hospital in Q2 2022",
        "old_name": "Mallya Hospital",
        "operator:type": "private",
        "phone": "+9180 2227 7979",
        "source": "OpenGovernmentData",
        "website": "http://www.vsshospital.com/"
      },
      "geometry": {
        "type": "Polygon",
        "coordinates": [
          [
            [
              77.5952352,
              12.9677564
            ],
            [
              77.5952645,
              12.9682031
            ],
            [
              77.5952876,
              12.9685278
            ],
            [
              77.5952952,
              12.9686018
            ],
            [
              77.5947891,
              12.9685229
            ],
            [
              77.594954,
              12.9677088
            ],
            [
              77.5952352,
              12.9677564
            ]
          ]
        ]
      },
      "id": "way/38750705"
    },
    {
      "type": "Feature",
      "properties": {
        "@id": "way/38752413",
        "amenity": "school",
        "heritage": "2",
        "heritage:operator": "nmma",
        "heritage:website": "https://nmma.nic.in/nmma/exploreBuiltState.do?state=29",
        "name": "Fort High School",
        "name:kn": "ಫೊರ್ಟ್ ಪ್ರೌಡ ಶಾಲೆ",
        "ref:nmma": "KR20010986"
      },
      "geometry": {
        "type": "Polygon",
        "coordinates": [
          [
            [
              77.5733202,
              12.9592109
            ],
            [
              77.5730125,
              12.9579913
            ],
            [
              77.5728594,
              12.9573848
            ],
            [
              77.5733299,
              12.9573936
            ],
            [
              77.5734178,
              12.9575372
            ],
            [
              77.5735248,
              12.9575928
            ],
            [
              77.5736598,
              12.9576086
            ],
            [
              77.574138,
              12.9589679
            ],
            [
              77.5733202,
              12.9592109
            ]
          ]
        ]
      },
      "id": "way/38752413"
    },
    {
      "type": "Feature",
      "properties": {
        "@id": "way/38752414",
        "amenity": "school",
        "name": "National College and School",
        "name:kn": "ನ್ಯಾಶನಲ್ ಕಾಲೇಜು",
        "wheelchair": "limited"
      },
      "geometry": {
        "type": "Polygon",
        "coordinates": [
          [
            [
              77.5723518,
              12.9492485
            ],
            [
              77.5723615,
              12.9483949
            ],
            [
              77.5732656,
              12.9484041
            ],
            [
              77.5736012,
              12.9486714
            ],
            [
              77.5736046,
              12.9492546
            ],
            [
              77.5723518,
              12.9492485
            ]
          ]
        ]
      },
      "id": "way/38752414"
    },
    {
      "type": "Feature",
      "properties": {
        "@id": "way/38758707",
        "addr:city": "Bangalore",
        "addr:postcode": "560002",
        "addr:street": "Sampangi Rama Nagar",
        "amenity": "school",
        "name": "Mitralaya Girls College",
        "name:bn": "মিত্রালয়া মহিলা কলেজ"
      },
      "geometry": {
        "type": "Polygon",
        "coordinates": [
          [
            [
              77.5882598,
              12.9643966
            ],
            [
              77.5891414,
              12.9636023
            ],
            [
              77.589558,
              12.9649183
            ],
            [
              77.589239,
              12.965015
            ],
            [
              77.5892837,
              12.9651312
            ],
            [
              77.5893507,
              12.9656592
            ],
            [
              77.5890808,
              12.9657582
            ],
            [
              77.5888081,
              12.9650712
            ],
            [
              77.5882598,
              12.9643966
            ]
          ]
        ]
      },
      "id": "way/38758707"
    },
    {
      "type": "Feature",
      "properties": {
        "@id": "way/38772821",
        "amenity": "school",
        "name": "Cathedral High School & College",
        "name:kn": "ಕ್ಯಾತಡ್ರೆಲ್ ಪ್ರೌಡ ಶಾಲೆ ಮತ್ತು ಕಾಲೇಜು"
      },
      "geometry": {
        "type": "Polygon",
        "coordinates": [
          [
            [
              77.6078009,
              12.9663632
            ],
            [
              77.6079785,
              12.965397
            ],
            [
              77.6081007,
              12.9647328
            ],
            [
              77.6097747,
              12.9651009
            ],
            [
              77.6086978,
              12.9665461
            ],
            [
              77.6086231,
              12.9665341
            ],
            [
              77.6078009,
              12.9663632
            ]
          ]
        ]
      },
      "id": "way/38772821"
    },
    {
      "type": "Feature",
      "properties": {
        "@id": "way/38772823",
        "amenity": "school"
      },
      "geometry": {
        "type": "Polygon",
        "coordinates": [
          [
            [
              77.6055312,
              12.968171
            ],
            [
              77.6059502,
              12.9683578
            ],
            [
              77.6053888,
              12.9694492
            ],
            [
              77.6052993,
              12.9696847
            ],
            [
              77.6051594,
              12.9699674
            ],
            [
              77.6049892,
              12.9703302
            ],
            [
              77.6049392,
              12.9704386
            ],
            [
              77.6048808,
              12.9705516
            ],
            [
              77.6048288,
              12.9706467
            ],
            [
              77.6047948,
              12.9706884
            ],
            [
              77.6047265,
              12.970731
            ],
            [
              77.6046704,
              12.9707323
            ],
            [
              77.6043372,
              12.9705644
            ],
            [
              77.6041353,
              12.9704719
            ],
            [
              77.6037558,
              12.970287
            ],
            [
              77.6036848,
              12.9702399
            ],
            [
              77.6034711,
              12.9700495
            ],
            [
              77.6037258,
              12.9695629
            ],
            [
              77.6037218,
              12.9694296
            ],
            [
              77.6038747,
              12.9691617
            ],
            [
              77.6031953,
              12.9688179
            ],
            [
              77.6033583,
              12.9685645
            ],
            [
              77.6034428,
              12.9683541
            ],
            [
              77.6035313,
              12.9683854
            ],
            [
              77.6035869,
              12.9680784
            ],
            [
              77.6035757,
              12.968075
            ],
            [
              77.603152,
              12.9679463
            ],
            [
              77.6031207,
              12.9679368
            ],
            [
              77.6031324,
              12.9679104
            ],
            [
              77.6033583,
              12.9673989
            ],
            [
              77.6033932,
              12.9673199
            ],
            [
              77.6034603,
              12.967134
            ],
            [
              77.6035298,
              12.9669415
            ],
            [
              77.6040208,
              12.9670628
            ],
            [
              77.603984,
              12.9672295
            ],
            [
              77.6039492,
              12.9673874
            ],
            [
              77.6045027,
              12.9674884
            ],
            [
              77.6045264,
              12.9674927
            ],
            [
              77.6043797,
              12.9684235
            ],
            [
              77.6044276,
              12.968441
            ],
            [
              77.6049037,
              12.9686151
            ],
            [
              77.6050226,
              12.9686586
            ],
            [
              77.6051098,
              12.9681031
            ],
            [
              77.6054967,
              12.9682881
            ],
            [
              77.6055312,
              12.968171
            ]
          ]
        ]
      },
      "id": "way/38772823"
    },
    {
      "type": "Feature",
      "properties": {
        "@id": "way/38773283",
        "alt_name": "Bishop Cottons Boys",
        "amenity": "school",
        "email": "bcbhsblr@gmail.com",
        "name": "Bishop Cotton Boys School",
        "name:kn": "ಬಿಷಪ್ ಕಾಟನ್ ಬಾಲಕರ ಪ್ರೌಡ ಶಾಲೆ",
        "phone": "+91 80 4052 7888",
        "school:gender": "male",
        "start_date": "1865",
        "website": "https://bishopcottonboysschool.edu.in/",
        "wikidata": "Q4917523",
        "wikimedia_commons": "Category:Bishop Cotton Boys' School",
        "wikipedia": "en:Bishop Cotton Boys' School"
      },
      "geometry": {
        "type": "Polygon",
        "coordinates": [
          [
            [
              77.5999986,
              12.9679397
            ],
            [
              77.6000281,
              12.9680264
            ],
            [
              77.60006,
              12.9681199
            ],
            [
              77.6002821,
              12.9686809
            ],
            [
              77.5995755,
              12.9689236
            ],
            [
              77.5995945,
              12.9691872
            ],
            [
              77.5996518,
              12.9699835
            ],
            [
              77.5992361,
              12.9700247
            ],
            [
              77.5991234,
              12.9700359
            ],
            [
              77.5986372,
              12.9700841
            ],
            [
              77.5985972,
              12.9695392
            ],
            [
              77.5982978,
              12.9695926
            ],
            [
              77.5982093,
              12.9685846
            ],
            [
              77.5982053,
              12.9685345
            ],
            [
              77.5981902,
              12.9683242
            ],
            [
              77.5982874,
              12.9667553
            ],
            [
              77.5988383,
              12.9672379
            ],
            [
              77.5989782,
              12.9670942
            ],
            [
              77.5999986,
              12.9679397
            ]
          ]
        ]
      },
      "id": "way/38773283"
    },
    {
      "type": "Feature",
      "properties": {
        "@id": "way/38773287",
        "alt_name": "SJIHS",
        "amenity": "school",
        "check_date": "2024-08-18",
        "name": "St. Joseph's Indian High School",
        "start_date": "1904",
        "wikidata": "Q7589194",
        "wikipedia": "en:St. Joseph's Indian High School"
      },
      "geometry": {
        "type": "Polygon",
        "coordinates": [
          [
            [
              77.5947891,
              12.9685229
            ],
            [
              77.5952952,
              12.9686018
            ],
            [
              77.5955478,
              12.9695588
            ],
            [
              77.5956517,
              12.9699602
            ],
            [
              77.5959077,
              12.9709511
            ],
            [
              77.595981,
              12.9712348
            ],
            [
              77.5950181,
              12.9716523
            ],
            [
              77.5946687,
              12.9717834
            ],
            [
              77.5944834,
              12.9710274
            ],
            [
              77.5944089,
              12.9710102
            ],
            [
              77.5942778,
              12.97098
            ],
            [
              77.5943443,
              12.9707112
            ],
            [
              77.5945731,
              12.9695649
            ],
            [
              77.5946859,
              12.9689995
            ],
            [
              77.5947891,
              12.9685229
            ]
          ]
        ]
      },
      "id": "way/38773287"
    },
    {
      "type": "Feature",
      "properties": {
        "@id": "way/38832006",
        "addr:city": "Bangalore",
        "addr:postcode": "560055",
        "addr:street": "18th Cross",
        "amenity": "school",
        "brand": "Kendriya Vidyalaya",
        "brand:wikidata": "Q1156653",
        "name": "Kendriya Vidyalaya Malleswaram",
        "name:kn": "ಕೇಂದ್ರೀಯ ವಿದ್ಯಾಲಯ, ಮಲ್ಲೇಶ್ವರಂ",
        "operator:type": "government_non_profit"
      },
      "geometry": {
        "type": "Polygon",
        "coordinates": [
          [
            [
              77.5686183,
              13.008728
            ],
            [
              77.5690492,
              13.0089896
            ],
            [
              77.5690508,
              13.0098403
            ],
            [
              77.5689428,
              13.0098339
            ],
            [
              77.5683178,
              13.0097968
            ],
            [
              77.5679511,
              13.009775
            ],
            [
              77.568354,
              13.0091326
            ],
            [
              77.5686183,
              13.008728
            ]
          ]
        ]
      },
      "id": "way/38832006"
    },
    {
      "type": "Feature",
      "properties": {
        "@id": "way/38858223",
        "addr:street": "15th Cross Road",
        "amenity": "school",
        "check_date": "2024-07-17",
        "name": "Poorna Pragna School",
        "name:kn": "ಪೂರ್ಣ ಪ್ರಜ್ಞ ಶಾಲೆ",
        "wheelchair": "yes"
      },
      "geometry": {
        "type": "Polygon",
        "coordinates": [
          [
            [
              77.5813305,
              13.0068115
            ],
            [
              77.5807156,
              13.0071501
            ],
            [
              77.5803615,
              13.0065551
            ],
            [
              77.5809828,
              13.0062131
            ],
            [
              77.5813305,
              13.0068115
            ]
          ]
        ]
      },
      "id": "way/38858223"
    },
    {
      "type": "Feature",
      "properties": {
        "@id": "way/38858241",
        "addr:city": "Bengaluru",
        "addr:housenumber": "HKES, 14 A",
        "addr:postcode": "560080",
        "addr:street": "13th Main Road",
        "alt_name": "HKES National Public School",
        "amenity": "school",
        "loc_name": "HKES NPS",
        "name": "National Public School Sadashivanagar",
        "name:kn": "ರಾಷ್ಟ್ರೀಯ ಸಾರ್ವಜನಿಕ ಶಾಲೆ",
        "office": "educational_institution",
        "official_name": "HKES NPS National Public School",
        "phone": "08029906571",
        "short_name": "NPS Sadashivanagar",
        "website": "https://npssadashivanagar.com/"
      },
      "geometry": {
        "type": "Polygon",
        "coordinates": [
          [
            [
              77.5749135,
              13.0129781
            ],
            [
              77.575903,
              13.0132917
            ],
            [
              77.5758511,
              13.0140712
            ],
            [
              77.5748434,
              13.0140417
            ],
            [
              77.574881,
              13.0134725
            ],
            [
              77.5749135,
              13.0129781
            ]
          ]
        ]
      },
      "id": "way/38858241"
    },
    {
      "type": "Feature",
      "properties": {
        "@id": "way/38870603",
        "addr:city": "Bengaluru",
        "addr:country": "IN",
        "addr:housenumber": "70",
        "addr:postcode": "560001",
        "addr:street": "Palace Road",
        "alt_name": "Sophia Girls High School",
        "amenity": "school",
        "landuse": "education",
        "name": "Sophia High School",
        "name:kn": "ಸೋಫಿಯ ಪ್ರೌಡಶಾಲೆ",
        "old_name": "Convent of the Sacred Heart",
        "school:gender": "female",
        "start_date": "1949"
      },
      "geometry": {
        "type": "Polygon",
        "coordinates": [
          [
            [
              77.5853586,
              12.9873001
            ],
            [
              77.5852778,
              12.9864443
            ],
            [
              77.5854902,
              12.9864149
            ],
            [
              77.5866495,
              12.9862546
            ],
            [
              77.5872171,
              12.9862429
            ],
            [
              77.5877511,
              12.9862319
            ],
            [
              77.5881948,
              12.9860249
            ],
            [
              77.5885054,
              12.9858844
            ],
            [
              77.5885185,
              12.9859189
            ],
            [
              77.5885402,
              12.9859756
            ],
            [
              77.5875641,
              12.9866806
            ],
            [
              77.5871028,
              12.9869662
            ],
            [
              77.5866098,
              12.9871849
            ],
            [
              77.5853586,
              12.9873001
            ]
          ]
        ]
      },
      "id": "way/38870603"
    },
    {
      "type": "Feature",
      "properties": {
        "@id": "way/40629057",
        "amenity": "school",
        "name": "Mahila Seva Samaja School",
        "name:kn": "ಮಹಿಳಾ ಸೇವಾ ಸಮಾಜ ಶಾಲೆ",
        "wheelchair": "no"
      },
      "geometry": {
        "type": "Polygon",
        "coordinates": [
          [
            [
              77.5723143,
              12.9519979
            ],
            [
              77.5723677,
              12.952
            ],
            [
              77.5734039,
              12.9520403
            ],
            [
              77.573392,
              12.9523995
            ],
            [
              77.5733803,
              12.9527532
            ],
            [
              77.5733686,
              12.9531068
            ],
            [
              77.5723053,
              12.9531386
            ],
            [
              77.5723143,
              12.9519979
            ]
          ]
        ]
      },
      "id": "way/40629057"
    },
    {
      "type": "Feature",
      "properties": {
        "@id": "way/40629064",
        "alt_name": "Government School",
        "amenity": "school",
        "name": "Karnataka Public School",
        "name:kn": "ಸರ್ಕಾರಿ ಶಾಲೆ"
      },
      "geometry": {
        "type": "Polygon",
        "coordinates": [
          [
            [
              77.5748108,
              12.9426463
            ],
            [
              77.5748119,
              12.943607
            ],
            [
              77.5740984,
              12.9436157
            ],
            [
              77.573998,
              12.9435623
            ],
            [
              77.5739618,
              12.9434755
            ],
            [
              77.5739642,
              12.9426579
            ],
            [
              77.5748108,
              12.9426463
            ]
          ]
        ]
      },
      "id": "way/40629064"
    },
    {
      "type": "Feature",
      "properties": {
        "@id": "way/40629075",
        "addr:postcode": "560011",
        "addr:street": "Jayanagar 1st Block",
        "amenity": "school",
        "name": "Rani Sarla Devi School",
        "name:kn": "ರಾಣಿ ಸರಳಾದೇವಿ ಶಾಲೆ"
      },
      "geometry": {
        "type": "Polygon",
        "coordinates": [
          [
            [
              77.585243,
              12.9392969
            ],
            [
              77.5852185,
              12.9380995
            ],
            [
              77.5853714,
              12.9381524
            ],
            [
              77.5861707,
              12.9388556
            ],
            [
              77.5865816,
              12.9393006
            ],
            [
              77.585243,
              12.9392969
            ]
          ]
        ]
      },
      "id": "way/40629075"
    },
    {
      "type": "Feature",
      "properties": {
        "@id": "way/40631657",
        "amenity": "hospital",
        "comment": "land reserved for building hospitals",
        "healthcare": "hospital",
        "name": "Hospital Complex"
      },
      "geometry": {
        "type": "Polygon",
        "coordinates": [
          [
            [
              77.5924922,
              12.9387662
            ],
            [
              77.5923334,
              12.9387276
            ],
            [
              77.5922685,
              12.9389728
            ],
            [
              77.5924876,
              12.9390167
            ],
            [
              77.5924597,
              12.9405242
            ],
            [
              77.5925329,
              12.9406607
            ],
            [
              77.592661,
              12.9408169
            ],
            [
              77.592126,
              12.9409395
            ],
            [
              77.5911668,
              12.9410122
            ],
            [
              77.5909079,
              12.9402375
            ],
            [
              77.5899973,
              12.9405311
            ],
            [
              77.5899032,
              12.9405614
            ],
            [
              77.5900358,
              12.9408397
            ],
            [
              77.5895257,
              12.9411746
            ],
            [
              77.5887555,
              12.9401185
            ],
            [
              77.5884474,
              12.9402148
            ],
            [
              77.5884066,
              12.9401325
            ],
            [
              77.588217,
              12.9397567
            ],
            [
              77.5880671,
              12.9391547
            ],
            [
              77.5882017,
              12.9390354
            ],
            [
              77.5880107,
              12.9387741
            ],
            [
              77.5881681,
              12.9386347
            ],
            [
              77.587907,
              12.9381828
            ],
            [
              77.5873956,
              12.9375871
            ],
            [
              77.5871527,
              12.9374
            ],
            [
              77.5872788,
              12.937314
            ],
            [
              77.5883359,
              12.9377907
            ],
            [
              77.5883535,
              12.937384
            ],
            [
              77.588732,
              12.9373909
            ],
            [
              77.5888911,
              12.937477
            ],
            [
              77.5891387,
              12.9374874
            ],
            [
              77.5891528,
              12.9369876
            ],
            [
              77.5895595,
              12.9363913
            ],
            [
              77.5896621,
              12.9361328
            ],
            [
              77.589596,
              12.9356233
            ],
            [
              77.5897045,
              12.9356054
            ],
            [
              77.5900109,
              12.935562
            ],
            [
              77.5901535,
              12.9363409
            ],
            [
              77.5906341,
              12.9361363
            ],
            [
              77.5911016,
              12.936693
            ],
            [
              77.5914554,
              12.9364859
            ],
            [
              77.5918227,
              12.9363336
            ],
            [
              77.5926361,
              12.93618
            ],
            [
              77.5924953,
              12.9385991
            ],
            [
              77.5924922,
              12.9387662
            ]
          ]
        ]
      },
      "id": "way/40631657"
    },
    {
      "type": "Feature",
      "properties": {
        "@id": "way/41499025",
        "addr:city": "Indira Nagar, Bangalore",
        "addr:street": "100 Feet Road",
        "amenity": "school",
        "name": "Spastics Society of Karnataka"
      },
      "geometry": {
        "type": "Polygon",
        "coordinates": [
          [
            [
              77.6429641,
              12.980351
            ],
            [
              77.6438739,
              12.9806855
            ],
            [
              77.6438519,
              12.9809027
            ],
            [
              77.6426688,
              12.9811794
            ],
            [
              77.6426291,
              12.9812466
            ],
            [
              77.6418851,
              12.9813062
            ],
            [
              77.6415233,
              12.9813586
            ],
            [
              77.6414222,
              12.9813762
            ],
            [
              77.641446,
              12.9803685
            ],
            [
              77.6429249,
              12.9803519
            ],
            [
              77.6429641,
              12.980351
            ]
          ]
        ]
      },
      "id": "way/41499025"
    },
    {
      "type": "Feature",
      "properties": {
        "@id": "way/42013556",
        "amenity": "school",
        "name": "HMT School",
        "name:kn": "ಎಚ್ ಎಂ ಟಿ ಶಾಲೆ"
      },
      "geometry": {
        "type": "Polygon",
        "coordinates": [
          [
            [
              77.5377299,
              13.0434744
            ],
            [
              77.5384556,
              13.0432724
            ],
            [
              77.5388258,
              13.0444123
            ],
            [
              77.5384926,
              13.0449605
            ],
            [
              77.5372559,
              13.0443257
            ],
            [
              77.5377299,
              13.0434744
            ]
          ]
        ]
      },
      "id": "way/42013556"
    },
    {
      "type": "Feature",
      "properties": {
        "@id": "way/42397792",
        "amenity": "school",
        "name": "Daffodils English School",
        "start_date": "1978",
        "website": "https://daffodils.school/",
        "wikidata": "Q30589677",
        "wikipedia": "en:Daffodils English School, Sanjaynagar"
      },
      "geometry": {
        "type": "Polygon",
        "coordinates": [
          [
            [
              77.5799645,
              13.0346346
            ],
            [
              77.5798971,
              13.035011
            ],
            [
              77.5789734,
              13.0349136
            ],
            [
              77.5788138,
              13.0348967
            ],
            [
              77.5782714,
              13.0348395
            ],
            [
              77.5783507,
              13.034441
            ],
            [
              77.5785746,
              13.0344679
            ],
            [
              77.5791101,
              13.0345321
            ],
            [
              77.5799645,
              13.0346346
            ]
          ]
        ]
      },
      "id": "way/42397792"
    },
    {
      "type": "Feature",
      "properties": {
        "@id": "way/45185764",
        "amenity": "hospital",
        "emergency": "yes",
        "healthcare": "hospital",
        "name": "Bhagwan Mahaveer Jain Hospital",
        "name:etymology:wikidata": "Q9422",
        "name:kn": "ಭಗವಾನ್ ಮಹಾವೀರ ಜೈನ ಆಸ್ಪತ್ರೆ",
        "toilets:wheelchair": "yes",
        "wheelchair": "yes"
      },
      "geometry": {
        "type": "Polygon",
        "coordinates": [
          [
            [
              77.5949902,
              12.9925629
            ],
            [
              77.5944482,
              12.9919307
            ],
            [
              77.5948223,
              12.9914487
            ],
            [
              77.5953034,
              12.9907036
            ],
            [
              77.5954506,
              12.9904139
            ],
            [
              77.5960736,
              12.9906665
            ],
            [
              77.5961504,
              12.9906983
            ],
            [
              77.5955229,
              12.9918553
            ],
            [
              77.5951738,
              12.9923661
            ],
            [
              77.5949902,
              12.9925629
            ]
          ]
        ]
      },
      "id": "way/45185764"
    },
    {
      "type": "Feature",
      "properties": {
        "@id": "way/45375850",
        "amenity": "school",
        "name": "Government Girls High School",
        "name:kn": "ಸರ್ಕಾರಿ ಬಾಲಕಿಯರ ಪ್ರೌಡಶಾಲೆ"
      },
      "geometry": {
        "type": "Polygon",
        "coordinates": [
          [
            [
              77.5739829,
              12.992204
            ],
            [
              77.5742324,
              12.9916813
            ],
            [
              77.5747768,
              12.9922772
            ],
            [
              77.574294,
              12.9926013
            ],
            [
              77.5739829,
              12.992204
            ]
          ]
        ]
      },
      "id": "way/45375850"
    },
    {
      "type": "Feature",
      "properties": {
        "@id": "way/45444044",
        "addr:city": "Shivaji Nagar, Bangalore",
        "addr:district": "Bengaluru Urban",
        "addr:full": "Lady Curzon Road, Shivaji Nagar",
        "addr:postcode": "560001",
        "addr:state": "Karnataka",
        "addr:street": "Lady Curzon Road",
        "amenity": "hospital",
        "fax": "+91-80-25591325",
        "healthcare": "hospital",
        "healthcare:speciality": "Bio-Chemistry; Cardiology; Cardiothoracic Surgery; Dermatology; ENT; General Medicine; General Surgery; Micro-Biology; Neurology; Ophthalmology; Orthopedics Pathology; Pediatric Surgery; Plastic Surgery; Psychiatry; Pulmonology; Radio-Diagnosis;",
        "name": "Bowring and Lady Curzon Hospitals",
        "name:kn": "ಬೌರಿಂಗ್ ಆಸ್ಪತ್ರೆ",
        "official_name": "Shri Atal Bihari Vajpayee Medical College and Research Institution",
        "operator:type": "government",
        "phone": "+91-80-25591325",
        "source": "OpenGovernmentData",
        "website": "https://sabvmcri.karnataka.gov.in/"
      },
      "geometry": {
        "type": "Polygon",
        "coordinates": [
          [
            [
              77.60362,
              12.9837207
            ],
            [
              77.6033731,
              12.9829684
            ],
            [
              77.603376,
              12.9827887
            ],
            [
              77.6034267,
              12.982755
            ],
            [
              77.6034543,
              12.9826988
            ],
            [
              77.6034871,
              12.9826309
            ],
            [
              77.603472,
              12.9825652
            ],
            [
              77.6035481,
              12.9823736
            ],
            [
              77.6035776,
              12.9822078
            ],
            [
              77.6043112,
              12.9819805
            ],
            [
              77.6043621,
              12.9821434
            ],
            [
              77.6047429,
              12.9820285
            ],
            [
              77.6050474,
              12.9819447
            ],
            [
              77.6050937,
              12.9820807
            ],
            [
              77.6055304,
              12.981955
            ],
            [
              77.6056163,
              12.9821131
            ],
            [
              77.6058903,
              12.9823029
            ],
            [
              77.6056758,
              12.9823675
            ],
            [
              77.6057117,
              12.9824951
            ],
            [
              77.6056,
              12.982526
            ],
            [
              77.6060501,
              12.9838504
            ],
            [
              77.6053016,
              12.9840109
            ],
            [
              77.6045075,
              12.9840783
            ],
            [
              77.6038967,
              12.9840698
            ],
            [
              77.6038183,
              12.9840546
            ],
            [
              77.603692,
              12.9839399
            ],
            [
              77.6037969,
              12.9838266
            ],
            [
              77.6037794,
              12.9837907
            ],
            [
              77.6037304,
              12.9837515
            ],
            [
              77.6036742,
              12.9837175
            ],
            [
              77.60362,
              12.9837207
            ]
          ]
        ]
      },
      "id": "way/45444044"
    },
    {
      "type": "Feature",
      "properties": {
        "@id": "way/45739922",
        "amenity": "school"
      },
      "geometry": {
        "type": "Polygon",
        "coordinates": [
          [
            [
              77.5956458,
              13.0189402
            ],
            [
              77.595371,
              13.0181073
            ],
            [
              77.5957068,
              13.0179585
            ],
            [
              77.595945,
              13.018845
            ],
            [
              77.5956458,
              13.0189402
            ]
          ]
        ]
      },
      "id": "way/45739922"
    },
    {
      "type": "Feature",
      "properties": {
        "@id": "way/46918812",
        "amenity": "school"
      },
      "geometry": {
        "type": "Polygon",
        "coordinates": [
          [
            [
              77.5582767,
              13.0291816
            ],
            [
              77.558619,
              13.0290705
            ],
            [
              77.5591787,
              13.0303886
            ],
            [
              77.5588092,
              13.0309339
            ],
            [
              77.5582767,
              13.0291816
            ]
          ]
        ]
      },
      "id": "way/46918812"
    },
    {
      "type": "Feature",
      "properties": {
        "@id": "way/46950393",
        "addr:street": "Sankey Tank Road",
        "amenity": "school",
        "landuse": "education",
        "name": "Stella Maris Convent",
        "name:kn": "ಸ್ಟೆಲ್ಲಾ ಮಾರಿಸ್ ಕಾನ್ವೆಂಟ್"
      },
      "geometry": {
        "type": "Polygon",
        "coordinates": [
          [
            [
              77.5768735,
              13.0070636
            ],
            [
              77.5768604,
              13.0062956
            ],
            [
              77.5785373,
              13.0062182
            ],
            [
              77.5785526,
              13.0064244
            ],
            [
              77.5784946,
              13.006519
            ],
            [
              77.5778462,
              13.0068477
            ],
            [
              77.5768735,
              13.0070636
            ]
          ]
        ]
      },
      "id": "way/46950393"
    },
    {
      "type": "Feature",
      "properties": {
        "@id": "way/46953029",
        "amenity": "school",
        "name": "Mariam Nilaya High School"
      },
      "geometry": {
        "type": "Polygon",
        "coordinates": [
          [
            [
              77.650428,
              13.0127677
            ],
            [
              77.6503222,
              13.0124514
            ],
            [
              77.6501488,
              13.0118895
            ],
            [
              77.6501273,
              13.0118013
            ],
            [
              77.6500386,
              13.011348
            ],
            [
              77.6499309,
              13.0108186
            ],
            [
              77.6498809,
              13.0105732
            ],
            [
              77.6507912,
              13.0102875
            ],
            [
              77.6510159,
              13.0105064
            ],
            [
              77.6508276,
              13.0106544
            ],
            [
              77.6510949,
              13.0119386
            ],
            [
              77.6507263,
              13.0121589
            ],
            [
              77.6506871,
              13.0122029
            ],
            [
              77.6508187,
              13.0125729
            ],
            [
              77.650428,
              13.0127677
            ]
          ]
        ]
      },
      "id": "way/46953029"
    },
    {
      "type": "Feature",
      "properties": {
        "@id": "way/49712539",
        "amenity": "school",
        "name": "Frank Anthony Public School",
        "name:etymology:wikidata": "Q5485043"
      },
      "geometry": {
        "type": "Polygon",
        "coordinates": [
          [
            [
              77.6281639,
              12.9707119
            ],
            [
              77.6286264,
              12.9709858
            ],
            [
              77.629017,
              12.9712172
            ],
            [
              77.6290346,
              12.9712276
            ],
            [
              77.6291842,
              12.9713162
            ],
            [
              77.6292497,
              12.9713515
            ],
            [
              77.6295286,
              12.971502
            ],
            [
              77.6293181,
              12.9716238
            ],
            [
              77.6287282,
              12.9719652
            ],
            [
              77.6286093,
              12.9718974
            ],
            [
              77.628486,
              12.971827
            ],
            [
              77.6283036,
              12.971723
            ],
            [
              77.6277386,
              12.9713754
            ],
            [
              77.6281639,
              12.9707119
            ]
          ]
        ]
      },
      "id": "way/49712539"
    },
    {
      "type": "Feature",
      "properties": {
        "@id": "way/51130921",
        "amenity": "school"
      },
      "geometry": {
        "type": "Polygon",
        "coordinates": [
          [
            [
              77.6527288,
              13.027716
            ],
            [
              77.6526763,
              13.0274038
            ],
            [
              77.6524912,
              13.0274391
            ],
            [
              77.6523851,
              13.0269994
            ],
            [
              77.6529269,
              13.0269017
            ],
            [
              77.6530811,
              13.0276397
            ],
            [
              77.652816,
              13.0276925
            ],
            [
              77.6527288,
              13.027716
            ]
          ]
        ]
      },
      "id": "way/51130921"
    },
    {
      "type": "Feature",
      "properties": {
        "@id": "way/51132139",
        "amenity": "school",
        "name": "St Vincent Palloti School"
      },
      "geometry": {
        "type": "Polygon",
        "coordinates": [
          [
            [
              77.65102,
              13.0319376
            ],
            [
              77.6516718,
              13.0317965
            ],
            [
              77.6516947,
              13.0319558
            ],
            [
              77.6519119,
              13.0341196
            ],
            [
              77.6517025,
              13.0343449
            ],
            [
              77.6516414,
              13.0337705
            ],
            [
              77.6512676,
              13.0338448
            ],
            [
              77.6510506,
              13.0321502
            ],
            [
              77.6510328,
              13.0320115
            ],
            [
              77.65102,
              13.0319376
            ]
          ]
        ]
      },
      "id": "way/51132139"
    },
    {
      "type": "Feature",
      "properties": {
        "@id": "way/51140711",
        "amenity": "school",
        "name": "VES School"
      },
      "geometry": {
        "type": "Polygon",
        "coordinates": [
          [
            [
              77.574597,
              13.0066307
            ],
            [
              77.5746025,
              13.0071102
            ],
            [
              77.5739331,
              13.007121
            ],
            [
              77.573926,
              13.0066401
            ],
            [
              77.574597,
              13.0066307
            ]
          ]
        ]
      },
      "id": "way/51140711"
    },
    {
      "type": "Feature",
      "properties": {
        "@id": "way/52063534",
        "addr:city": "Shivaji Nagar, Bangalore",
        "addr:street": "Venkataswamy Naidu Road",
        "amenity": "hospital",
        "healthcare": "hospital",
        "heritage": "2",
        "heritage:operator": "nmma",
        "heritage:website": "https://nmma.nic.in/nmma/exploreBuiltState.do?state=29",
        "name": "Sir Haji Ismail Gosha Sait Hospital",
        "name:etymology:wikidata": "Q6084847",
        "name:kn": "ಸರ್ ಹಾಜಿ ಇಸ್ಮೈಲ್ ಗೊಶ ಸೈಟ್ ಆಸ್ಪತ್ರೆ",
        "ref:nmma": "KR20010684"
      },
      "geometry": {
        "type": "Polygon",
        "coordinates": [
          [
            [
              77.6002539,
              12.9840951
            ],
            [
              77.5999264,
              12.9842193
            ],
            [
              77.599777,
              12.9842446
            ],
            [
              77.5993902,
              12.9841666
            ],
            [
              77.599398,
              12.9841004
            ],
            [
              77.5992254,
              12.983533
            ],
            [
              77.6002669,
              12.9831904
            ],
            [
              77.6003587,
              12.9834433
            ],
            [
              77.6000109,
              12.9835548
            ],
            [
              77.6001491,
              12.9839828
            ],
            [
              77.6002539,
              12.9840951
            ]
          ]
        ]
      },
      "id": "way/52063534"
    },
    {
      "type": "Feature",
      "properties": {
        "@id": "way/53849356",
        "amenity": "school",
        "name": "St. Joseph's School",
        "name:kn": "ಸೆಂಟ್ ಜೋಸೆಫ್ ಶಾಲೆ",
        "wheelchair": "no"
      },
      "geometry": {
        "type": "Polygon",
        "coordinates": [
          [
            [
              77.5704474,
              12.9632468
            ],
            [
              77.5697672,
              12.9631426
            ],
            [
              77.5698175,
              12.9633728
            ],
            [
              77.569618,
              12.9634303
            ],
            [
              77.5692496,
              12.9623283
            ],
            [
              77.5702253,
              12.9622657
            ],
            [
              77.5705353,
              12.9622884
            ],
            [
              77.5704474,
              12.9632468
            ]
          ]
        ]
      },
      "id": "way/53849356"
    },
    {
      "type": "Feature",
      "properties": {
        "@id": "way/53849361",
        "amenity": "hospital",
        "healthcare": "hospital",
        "name": "Government Veterinary Hospital",
        "name:kn": "ಸರ್ಕಾರಿ ಪಶುವೈದ್ಯ ಆಸ್ಪತ್ರೆ"
      },
      "geometry": {
        "type": "Polygon",
        "coordinates": [
          [
            [
              77.5672137,
              12.9647552
            ],
            [
              77.5673169,
              12.963623
            ],
            [
              77.5673373,
              12.9633987
            ],
            [
              77.5674932,
              12.9635035
            ],
            [
              77.5680521,
              12.9637968
            ],
            [
              77.5681757,
              12.9639958
            ],
            [
              77.5681542,
              12.9649071
            ],
            [
              77.5672137,
              12.9647552
            ]
          ]
        ]
      },
      "id": "way/53849361"
    },
    {
      "type": "Feature",
      "properties": {
        "@id": "way/53859295",
        "amenity": "hospital",
        "healthcare": "hospital",
        "name": "Divisional Railway Hospital",
        "name:kn": "ರೈಲ್ವೇ ಆಸ್ಪತ್ರೆ"
      },
      "geometry": {
        "type": "Polygon",
        "coordinates": [
          [
            [
              77.56574,
              12.9802166
            ],
            [
              77.5647761,
              12.980308
            ],
            [
              77.5645109,
              12.9802981
            ],
            [
              77.564481,
              12.9794404
            ],
            [
              77.5656525,
              12.9793627
            ],
            [
              77.56574,
              12.9802166
            ]
          ]
        ]
      },
      "id": "way/53859295"
    },
    {
      "type": "Feature",
      "properties": {
        "@id": "way/53859310",
        "amenity": "school",
        "brand": "Kendriya Vidyalaya",
        "brand:wikidata": "Q1156653",
        "name": "Kendriya Vidyalaya",
        "name:kn": "ಕೇಂದ್ರಿಯ ವಿದ್ಯಾಲಯ",
        "operator:type": "government_non_profit"
      },
      "geometry": {
        "type": "Polygon",
        "coordinates": [
          [
            [
              77.5672861,
              12.9815783
            ],
            [
              77.5671737,
              12.9806563
            ],
            [
              77.5678376,
              12.9805967
            ],
            [
              77.5681309,
              12.9815242
            ],
            [
              77.5672861,
              12.9815783
            ]
          ]
        ]
      },
      "id": "way/53859310"
    },
    {
      "type": "Feature",
      "properties": {
        "@id": "way/54147274",
        "amenity": "school"
      },
      "geometry": {
        "type": "Polygon",
        "coordinates": [
          [
            [
              77.5428662,
              12.9727176
            ],
            [
              77.5427559,
              12.9724111
            ],
            [
              77.5439138,
              12.9720156
            ],
            [
              77.5440241,
              12.9723221
            ],
            [
              77.5428662,
              12.9727176
            ]
          ]
        ]
      },
      "id": "way/54147274"
    },
    {
      "type": "Feature",
      "properties": {
        "@id": "way/54147278",
        "amenity": "school",
        "name": "Government School",
        "name:kn": "ಸರ್ಕಾರಿ ಶಾಲೆ"
      },
      "geometry": {
        "type": "Polygon",
        "coordinates": [
          [
            [
              77.5445819,
              12.9698153
            ],
            [
              77.5438111,
              12.9700594
            ],
            [
              77.5437004,
              12.9696853
            ],
            [
              77.5444356,
              12.9693857
            ],
            [
              77.5445819,
              12.9698153
            ]
          ]
        ]
      },
      "id": "way/54147278"
    },
    {
      "type": "Feature",
      "properties": {
        "@id": "way/54147983",
        "amenity": "school"
      },
      "geometry": {
        "type": "Polygon",
        "coordinates": [
          [
            [
              77.5411786,
              12.9650472
            ],
            [
              77.5419265,
              12.9648938
            ],
            [
              77.5421907,
              12.9657651
            ],
            [
              77.5411561,
              12.9661486
            ],
            [
              77.5412054,
              12.9656594
            ],
            [
              77.5411786,
              12.9650472
            ]
          ]
        ]
      },
      "id": "way/54147983"
    },
    {
      "type": "Feature",
      "properties": {
        "@id": "way/54148030",
        "amenity": "school",
        "landuse": "education"
      },
      "geometry": {
        "type": "Polygon",
        "coordinates": [
          [
            [
              77.5415778,
              12.9648555
            ],
            [
              77.5416459,
              12.9642694
            ],
            [
              77.5419827,
              12.9642691
            ],
            [
              77.5419377,
              12.9648171
            ],
            [
              77.5415778,
              12.9648555
            ]
          ]
        ]
      },
      "id": "way/54148030"
    },
    {
      "type": "Feature",
      "properties": {
        "@id": "way/54148039",
        "amenity": "school",
        "name": "Prameelabhai BBMP High School"
      },
      "geometry": {
        "type": "Polygon",
        "coordinates": [
          [
            [
              77.5480445,
              12.9732632
            ],
            [
              77.5483126,
              12.9733179
            ],
            [
              77.5484012,
              12.9732836
            ],
            [
              77.5486068,
              12.973593
            ],
            [
              77.5481885,
              12.9738583
            ],
            [
              77.5479881,
              12.9734696
            ],
            [
              77.5480445,
              12.9732632
            ]
          ]
        ]
      },
      "id": "way/54148039"
    },
    {
      "type": "Feature",
      "properties": {
        "@id": "way/54963084",
        "addr:city": "Bangalore",
        "addr:district": "Bengaluru Urban",
        "addr:full": "138/1, Srinivasa Nagar, Devara Jeevanahalli, Bengaluru, Karnataka",
        "addr:postcode": "560024",
        "addr:state": "Karnataka",
        "addr:street": "Bellary Road",
        "amenity": "hospital",
        "emergency": "yes",
        "healthcare": "hospital",
        "name": "Baptist Hospital",
        "name:kn": "ಬೆಂಗಳೂರು ಬಾಪ್ಟಿಸ್ಟ್ ಆಸ್ಪತ್ರೆ",
        "phone": "08022024700",
        "source": "OpenGovernmentData",
        "website": "https://www.bbh.org.in/",
        "wheelchair": "limited"
      },
      "geometry": {
        "type": "Polygon",
        "coordinates": [
          [
            [
              77.5914295,
              13.0357041
            ],
            [
              77.5913977,
              13.0358269
            ],
            [
              77.5913844,
              13.0358545
            ],
            [
              77.591314,
              13.0360009
            ],
            [
              77.5909979,
              13.0360872
            ],
            [
              77.5909121,
              13.035916
            ],
            [
              77.5903508,
              13.0359943
            ],
            [
              77.5903404,
              13.0359762
            ],
            [
              77.5894914,
              13.0361691
            ],
            [
              77.5893675,
              13.0359821
            ],
            [
              77.5891111,
              13.035415
            ],
            [
              77.589468,
              13.035307
            ],
            [
              77.5906325,
              13.0349534
            ],
            [
              77.5897063,
              13.0337216
            ],
            [
              77.5895838,
              13.033789
            ],
            [
              77.5887662,
              13.0339976
            ],
            [
              77.5885545,
              13.0340516
            ],
            [
              77.5885358,
              13.0339066
            ],
            [
              77.5885297,
              13.0337551
            ],
            [
              77.5885512,
              13.0336028
            ],
            [
              77.5901341,
              13.0333372
            ],
            [
              77.5902222,
              13.0333219
            ],
            [
              77.5902697,
              13.0333788
            ],
            [
              77.5908086,
              13.0332807
            ],
            [
              77.5909684,
              13.033581
            ],
            [
              77.5911247,
              13.0337469
            ],
            [
              77.5913548,
              13.0339482
            ],
            [
              77.591812,
              13.0344318
            ],
            [
              77.5917112,
              13.0345955
            ],
            [
              77.5916083,
              13.0347627
            ],
            [
              77.5915867,
              13.0347977
            ],
            [
              77.591477,
              13.034849
            ],
            [
              77.5914525,
              13.0350156
            ],
            [
              77.5915409,
              13.0350538
            ],
            [
              77.5914295,
              13.0357041
            ]
          ]
        ]
      },
      "id": "way/54963084"
    },
    {
      "type": "Feature",
      "properties": {
        "@id": "way/55135907",
        "amenity": "school",
        "name": "Cluny Convent"
      },
      "geometry": {
        "type": "Polygon",
        "coordinates": [
          [
            [
              77.5613437,
              13.0049322
            ],
            [
              77.5613952,
              13.0048176
            ],
            [
              77.5616211,
              13.0043777
            ],
            [
              77.5616692,
              13.0042841
            ],
            [
              77.5617975,
              13.004285
            ],
            [
              77.5623927,
              13.0042893
            ],
            [
              77.5623639,
              13.0049469
            ],
            [
              77.5616375,
              13.0049364
            ],
            [
              77.5613437,
              13.0049322
            ]
          ]
        ]
      },
      "id": "way/55135907"
    },
    {
      "type": "Feature",
      "properties": {
        "@id": "way/59358741",
        "amenity": "hospital",
        "healthcare": "hospital",
        "name": "ESI Hospital",
        "name:kn": "ಇಎಸ್ಐ ಆಸ್ಪತ್ರೆ",
        "operator": "Employees' State Insurance",
        "operator:short": "ESI",
        "operator:wikidata": "Q3595726"
      },
      "geometry": {
        "type": "Polygon",
        "coordinates": [
          [
            [
              77.6373247,
              12.9722022
            ],
            [
              77.6360033,
              12.9716165
            ],
            [
              77.6360017,
              12.9715538
            ],
            [
              77.6360041,
              12.9704936
            ],
            [
              77.6374468,
              12.9705802
            ],
            [
              77.6374164,
              12.9710627
            ],
            [
              77.6373865,
              12.9715408
            ],
            [
              77.6373247,
              12.9722022
            ]
          ]
        ]
      },
      "id": "way/59358741"
    },
    {
      "type": "Feature",
      "properties": {
        "@id": "way/59358843",
        "amenity": "school",
        "name": "Government Kannada Higher Primary School",
        "name:kn": "ಸರ್ಕಾರಿ ಕನ್ನಡ ಹಿರಿಯ ಪ್ರಾಥಮಿಕ ಶಾಲೆ"
      },
      "geometry": {
        "type": "Polygon",
        "coordinates": [
          [
            [
              77.6283204,
              12.9795652
            ],
            [
              77.6288954,
              12.9794079
            ],
            [
              77.6287722,
              12.979919
            ],
            [
              77.628255,
              12.9800522
            ],
            [
              77.6283204,
              12.9795652
            ]
          ]
        ]
      },
      "id": "way/59358843"
    },
    {
      "type": "Feature",
      "properties": {
        "@id": "way/114786334",
        "addr:housename": "Brahmi",
        "addr:postcode": "560055",
        "addr:street": "10th Main",
        "amenity": "school",
        "landuse": "education",
        "name": "MES Kishore Kendra"
      },
      "geometry": {
        "type": "Polygon",
        "coordinates": [
          [
            [
              77.5638376,
              13.0049877
            ],
            [
              77.563851,
              13.0045165
            ],
            [
              77.5645399,
              13.0045183
            ],
            [
              77.5645386,
              13.0049918
            ],
            [
              77.5638376,
              13.0049877
            ]
          ]
        ]
      },
      "id": "way/114786334"
    },
    {
      "type": "Feature",
      "properties": {
        "@id": "way/124760551",
        "addr:city": "Bangalore",
        "addr:district": "Bengaluru Urban",
        "addr:full": "# 146, Infantry Road, Prestige Opal Building, Opp Police Commissioners Office",
        "addr:postcode": "560001",
        "addr:state": "Karnataka",
        "addr:street": "Infantry Road",
        "amenity": "hospital",
        "name": "Sparsh Hospital For Advanced Surgeries, Bengaluru Urban",
        "name:kn": "ಸ್ಪರ್ಶ್ ಆಸ್ಪತ್ರೆ",
        "source": "OpenGovernmentData",
        "website": "https://www.sparshhospital.com/",
        "wheelchair": "yes"
      },
      "geometry": {
        "type": "Polygon",
        "coordinates": [
          [
            [
              77.5941561,
              12.9836942
            ],
            [
              77.5940109,
              12.9832706
            ],
            [
              77.5949195,
              12.9829748
            ],
            [
              77.5950608,
              12.9833885
            ],
            [
              77.5941561,
              12.9836942
            ]
          ]
        ]
      },
      "id": "way/124760551"
    },
    {
      "type": "Feature",
      "properties": {
        "@id": "way/128510776",
        "addr:city": "Bangalore",
        "addr:street": "Indiranagar",
        "amenity": "school",
        "education": "school",
        "email": "info@npsinr.com",
        "grades": "1-12",
        "name": "National Public School Indiranagar",
        "name:kn": "ರಾಷ್ಟ್ರೀಯ ಸಾರ್ವಜನಿಕ ಶಾಲೆ",
        "operator": "National Public School",
        "operator:type": "private",
        "phone": "+91 80 2528 0611",
        "school:gender": "mixed",
        "short_name": "NPS Indiranagar",
        "website": "https://www.npsinr.com/",
        "wikidata": "Q6975124",
        "wikimedia_commons": "Category:National Public School, Indiranagar",
        "wikipedia": "en:National Public School, Indiranagar"
      },
      "geometry": {
        "type": "Polygon",
        "coordinates": [
          [
            [
              77.6471052,
              12.9688739
            ],
            [
              77.6470702,
              12.9697329
            ],
            [
              77.6467496,
              12.9697253
            ],
            [
              77.6466647,
              12.9697246
            ],
            [
              77.6464313,
              12.9697154
            ],
            [
              77.6464403,
              12.9695039
            ],
            [
              77.6466329,
              12.9695103
            ],
            [
              77.6466365,
              12.9693272
            ],
            [
              77.646169,
              12.9693424
            ],
            [
              77.6461741,
              12.9691016
            ],
            [
              77.6461753,
              12.9690467
            ],
            [
              77.6465211,
              12.9690545
            ],
            [
              77.646673,
              12.9690587
            ],
            [
              77.6466779,
              12.9688488
            ],
            [
              77.6467054,
              12.9688504
            ],
            [
              77.6471052,
              12.9688739
            ]
          ]
        ]
      },
      "id": "way/128510776"
    },
    {
      "type": "Feature",
      "properties": {
        "@id": "way/130989412",
        "amenity": "school",
        "name": "PTA School",
        "name:kn": "ಪಿಟಿಎ ಶಾಲೆ"
      },
      "geometry": {
        "type": "Polygon",
        "coordinates": [
          [
            [
              77.5861581,
              12.9446653
            ],
            [
              77.5861529,
              12.9438479
            ],
            [
              77.5870076,
              12.9438428
            ],
            [
              77.5870128,
              12.9446601
            ],
            [
              77.5861581,
              12.9446653
            ]
          ]
        ]
      },
      "id": "way/130989412"
    },
    {
      "type": "Feature",
      "properties": {
        "@id": "way/133020179",
        "amenity": "school",
        "name": "BEL CBSE Vidyalaya",
        "wheelchair": "limited"
      },
      "geometry": {
        "type": "Polygon",
        "coordinates": [
          [
            [
              77.5544213,
              13.0442551
            ],
            [
              77.5547673,
              13.0444563
            ],
            [
              77.5546948,
              13.0445914
            ],
            [
              77.5547779,
              13.0446463
            ],
            [
              77.5547216,
              13.0447403
            ],
            [
              77.5542817,
              13.0444921
            ],
            [
              77.5544213,
              13.0442551
            ]
          ]
        ]
      },
      "id": "way/133020179"
    },
    {
      "type": "Feature",
      "properties": {
        "@id": "way/133020314",
        "amenity": "school",
        "name": "ತಾಯಿ ತೆರೇಸಾ ಶಾಲೆ",
        "wheelchair": "no"
      },
      "geometry": {
        "type": "Polygon",
        "coordinates": [
          [
            [
              77.5513835,
              13.0431921
            ],
            [
              77.5513663,
              13.0435757
            ],
            [
              77.5507653,
              13.043716
            ],
            [
              77.5507842,
              13.0431994
            ],
            [
              77.5513835,
              13.0431921
            ]
          ]
        ]
      },
      "id": "way/133020314"
    },
    {
      "type": "Feature",
      "properties": {
        "@id": "way/133061664",
        "addr:district": "Bengaluru Urban",
        "addr:full": "No. 98, Rusthom Bhag, Airport Road",
        "addr:postcode": "560017",
        "addr:state": "Karnataka",
        "amenity": "hospital",
        "building": "hospital",
        "emergency": "yes",
        "healthcare": "hospital",
        "name": "Manipal Hospital, Bengaluru Urban",
        "name:kn": "ಮಣಿಪಾಲ ಆಸ್ಪತ್ರೆ ಬೆಂಗಳೂರು",
        "source": "OpenGovernmentData",
        "wheelchair": "yes"
      },
      "geometry": {
        "type": "Polygon",
        "coordinates": [
          [
            [
              77.6488918,
              12.9591365
            ],
            [
              77.6487905,
              12.9589148
            ],
            [
              77.6487922,
              12.958894
            ],
            [
              77.6488167,
              12.9588647
            ],
            [
              77.6487711,
              12.9587679
            ],
            [
              77.648704,
              12.9587679
            ],
            [
              77.6485994,
              12.9585405
            ],
            [
              77.6486021,
              12.9584909
            ],
            [
              77.6486289,
              12.9584412
            ],
            [
              77.6486665,
              12.9584098
            ],
            [
              77.6490634,
              12.9582373
            ],
            [
              77.6491519,
              12.9582661
            ],
            [
              77.6491764,
              12.9582823
            ],
            [
              77.6492311,
              12.9582817
            ],
            [
              77.6493062,
              12.9584692
            ],
            [
              77.6493923,
              12.9586636
            ],
            [
              77.6493531,
              12.9586791
            ],
            [
              77.6494599,
              12.9589467
            ],
            [
              77.6494456,
              12.9589902
            ],
            [
              77.6494162,
              12.9590181
            ],
            [
              77.6492153,
              12.9591193
            ],
            [
              77.6492201,
              12.959134
            ],
            [
              77.6490983,
              12.959172
            ],
            [
              77.6490803,
              12.9591467
            ],
            [
              77.6489904,
              12.9591735
            ],
            [
              77.6489772,
              12.9591776
            ],
            [
              77.6489201,
              12.9591558
            ],
            [
              77.6489231,
              12.9591483
            ],
            [
              77.6488918,
              12.9591365
            ]
          ]
        ]
      },
      "id": "way/133061664"
    },
    {
      "type": "Feature",
      "properties": {
        "@id": "way/133115272",
        "amenity": "school",
        "check_date": "2024-04-08",
        "name": "Vasavi Vidya Nikethan School",
        "name:kn": "ವಾಸವಿ ವಿದ್ಯಾನಿಕೇತನ ಶಾಲೆ"
      },
      "geometry": {
        "type": "Polygon",
        "coordinates": [
          [
            [
              77.5752792,
              12.9489508
            ],
            [
              77.5752769,
              12.9484306
            ],
            [
              77.5760565,
              12.9484273
            ],
            [
              77.5760589,
              12.9489474
            ],
            [
              77.5752792,
              12.9489508
            ]
          ]
        ]
      },
      "id": "way/133115272"
    },
    {
      "type": "Feature",
      "properties": {
        "@id": "way/133116295",
        "amenity": "school",
        "name": "Jnanodaya School",
        "name:kn": "ಜ್ಞಾನೋದಯ ಶಾಲೆ",
        "wheelchair": "no"
      },
      "geometry": {
        "type": "Polygon",
        "coordinates": [
          [
            [
              77.5675543,
              12.9550491
            ],
            [
              77.567601,
              12.9540761
            ],
            [
              77.5682845,
              12.9541167
            ],
            [
              77.5682141,
              12.9550832
            ],
            [
              77.5675543,
              12.9550491
            ]
          ]
        ]
      },
      "id": "way/133116295"
    },
    {
      "type": "Feature",
      "properties": {
        "@id": "way/133257538",
        "addr:housenumber": "132",
        "addr:postcode": "560005",
        "addr:street": "St. John's Church Road",
        "alt_name": "St. , John's, SJHS",
        "amenity": "school",
        "name": "St. John's High School",
        "name:kn": "ಸಂತ ಜಾನ್ ಪ್ರೌಢಶಾಲೆ"
      },
      "geometry": {
        "type": "Polygon",
        "coordinates": [
          [
            [
              77.6132941,
              12.991485
            ],
            [
              77.6131256,
              12.9911381
            ],
            [
              77.6131363,
              12.9911084
            ],
            [
              77.6136379,
              12.9908478
            ],
            [
              77.6137704,
              12.991083
            ],
            [
              77.6141707,
              12.9917881
            ],
            [
              77.6123087,
              12.9928757
            ],
            [
              77.6118615,
              12.9921235
            ],
            [
              77.612247,
              12.9919291
            ],
            [
              77.6120234,
              12.991526
            ],
            [
              77.6123112,
              12.9914678
            ],
            [
              77.6124477,
              12.9914257
            ],
            [
              77.6126126,
              12.991355
            ],
            [
              77.612797,
              12.9917386
            ],
            [
              77.6126924,
              12.9917948
            ],
            [
              77.6128775,
              12.9921424
            ],
            [
              77.6134825,
              12.9918166
            ],
            [
              77.6132941,
              12.991485
            ]
          ]
        ]
      },
      "id": "way/133257538"
    },
    {
      "type": "Feature",
      "properties": {
        "@id": "way/133297837",
        "amenity": "school",
        "name": "Sandeepani English High School"
      },
      "geometry": {
        "type": "Polygon",
        "coordinates": [
          [
            [
              77.5758957,
              13.0321821
            ],
            [
              77.5758581,
              13.031642
            ],
            [
              77.5761009,
              13.0316379
            ],
            [
              77.5761183,
              13.0321325
            ],
            [
              77.5758957,
              13.0321821
            ]
          ]
        ]
      },
      "id": "way/133297837"
    },
    {
      "type": "Feature",
      "properties": {
        "@id": "way/133379520",
        "addr:city": "bangalore",
        "addr:district": "Bengaluru Urban",
        "addr:full": "3/4, Sunrise Tower, J.P. Road, Girinagar",
        "addr:housenumber": "3-4",
        "addr:postcode": "560085",
        "addr:state": "Karnataka",
        "addr:street": "Sunrise Towers, 30th crs JP Rd. Girinagar.,opp Canara Bank",
        "amenity": "hospital",
        "emergency": "yes",
        "name": "Radhakrishna Multispeciality Hospital",
        "name:kn": "ರಾಧಾಕೃಷ್ಣ ಆಸ್ಪತ್ರೆ",
        "phone": "080 2642 2977",
        "source": "OpenGovernmentData"
      },
      "geometry": {
        "type": "Polygon",
        "coordinates": [
          [
            [
              77.5457012,
              12.9410249
            ],
            [
              77.545551,
              12.9410197
            ],
            [
              77.5454222,
              12.9410014
            ],
            [
              77.5454222,
              12.9409341
            ],
            [
              77.5455644,
              12.9409184
            ],
            [
              77.5456958,
              12.9408975
            ],
            [
              77.5457012,
              12.9410249
            ]
          ]
        ]
      },
      "id": "way/133379520"
    },
    {
      "type": "Feature",
      "properties": {
        "@id": "way/133486238",
        "amenity": "school",
        "name": "St. Germain's High School",
        "name:kn": "ಸಂತ ಜೆರ್ಮೇನ್ಸ್ ಪ್ರೌಡ ಶಾಲೆ",
        "wikidata": "Q7588249",
        "wikipedia": "en:St. Germain High School"
      },
      "geometry": {
        "type": "Polygon",
        "coordinates": [
          [
            [
              77.6113097,
              12.9935244
            ],
            [
              77.6104588,
              12.9941261
            ],
            [
              77.6104353,
              12.994049
            ],
            [
              77.610205,
              12.9941079
            ],
            [
              77.6100317,
              12.9935903
            ],
            [
              77.6097978,
              12.9928253
            ],
            [
              77.6097851,
              12.9927836
            ],
            [
              77.6098298,
              12.9927507
            ],
            [
              77.6104832,
              12.9922692
            ],
            [
              77.6113097,
              12.9935244
            ]
          ]
        ]
      },
      "id": "way/133486238"
    },
    {
      "type": "Feature",
      "properties": {
        "@id": "way/133596134",
        "addr:housename": "East West Public School",
        "addr:postcode": "560086",
        "addr:street": "13th Cross, Mahalakshmi Layout",
        "amenity": "school",
        "name": "East West Public School"
      },
      "geometry": {
        "type": "Polygon",
        "coordinates": [
          [
            [
              77.5451101,
              13.0079857
            ],
            [
              77.5450984,
              13.0078777
            ],
            [
              77.5452873,
              13.007846
            ],
            [
              77.5453071,
              13.0079516
            ],
            [
              77.5451101,
              13.0079857
            ]
          ]
        ]
      },
      "id": "way/133596134"
    },
    {
      "type": "Feature",
      "properties": {
        "@id": "way/135262255",
        "amenity": "hospital",
        "healthcare": "hospital",
        "name": "Manipal Hospital",
        "name:kn": "ಮಣಿಪಾಲ ಆಸ್ಪತ್ರೆ",
        "start_date": "1991",
        "wheelchair": "yes"
      },
      "geometry": {
        "type": "Polygon",
        "coordinates": [
          [
            [
              77.6493383,
              12.9580486
            ],
            [
              77.6495339,
              12.958722
            ],
            [
              77.649742,
              12.9595613
            ],
            [
              77.6490229,
              12.9596344
            ],
            [
              77.648591,
              12.9585862
            ],
            [
              77.6485249,
              12.9584173
            ],
            [
              77.6484841,
              12.958313
            ],
            [
              77.6478809,
              12.9584405
            ],
            [
              77.6476282,
              12.9584826
            ],
            [
              77.6473993,
              12.9585438
            ],
            [
              77.6472385,
              12.9585868
            ],
            [
              77.6466131,
              12.958754
            ],
            [
              77.6465399,
              12.9585405
            ],
            [
              77.6473087,
              12.9582358
            ],
            [
              77.6474152,
              12.9581936
            ],
            [
              77.6473166,
              12.957821
            ],
            [
              77.6473284,
              12.9578157
            ],
            [
              77.6479828,
              12.9575211
            ],
            [
              77.6481906,
              12.9578852
            ],
            [
              77.649134,
              12.9575576
            ],
            [
              77.6493383,
              12.9580486
            ]
          ]
        ]
      },
      "id": "way/135262255"
    },
    {
      "type": "Feature",
      "properties": {
        "@id": "way/135266042",
        "amenity": "hospital",
        "healthcare": "hospital",
        "name": "Indiranagar Government Hospital",
        "name:kn": "ಇಂದಿರಾನಗರ ಸರ್ಕಾರಿ ಆಸ್ಪತ್ರೆ"
      },
      "geometry": {
        "type": "Polygon",
        "coordinates": [
          [
            [
              77.6440655,
              12.9822064
            ],
            [
              77.64431,
              12.982237
            ],
            [
              77.6446957,
              12.9822852
            ],
            [
              77.6456581,
              12.9824052
            ],
            [
              77.645609,
              12.9826492
            ],
            [
              77.6455771,
              12.982774
            ],
            [
              77.6455745,
              12.9827879
            ],
            [
              77.6454557,
              12.9833761
            ],
            [
              77.6454337,
              12.9835195
            ],
            [
              77.6454092,
              12.9836412
            ],
            [
              77.6437362,
              12.9833981
            ],
            [
              77.6438936,
              12.9826807
            ],
            [
              77.6441762,
              12.9826425
            ],
            [
              77.6440655,
              12.9822064
            ]
          ]
        ]
      },
      "id": "way/135266042"
    },
    {
      "type": "Feature",
      "properties": {
        "@id": "way/135266054",
        "amenity": "school",
        "name": "Fusco's School",
        "name:kn": "ಫೊಸ್ಕೊಸ್ ಶಾಲೆ"
      },
      "geometry": {
        "type": "Polygon",
        "coordinates": [
          [
            [
              77.6474097,
              12.9851379
            ],
            [
              77.6475197,
              12.9849544
            ],
            [
              77.6481485,
              12.9849328
            ],
            [
              77.6483059,
              12.985201
            ],
            [
              77.6480707,
              12.9857203
            ],
            [
              77.6479675,
              12.9861299
            ],
            [
              77.6478727,
              12.9867391
            ],
            [
              77.6474154,
              12.9865505
            ],
            [
              77.6470638,
              12.9864055
            ],
            [
              77.6468066,
              12.9862969
            ],
            [
              77.6474097,
              12.9851379
            ]
          ]
        ]
      },
      "id": "way/135266054"
    },
    {
      "type": "Feature",
      "properties": {
        "@id": "way/135266057",
        "amenity": "hospital",
        "healthcare": "hospital",
        "name": "Isolation Hospital",
        "name:kn": "ಐಸೊಲೇಶನ್ ಆಸ್ಪತ್ರೆ"
      },
      "geometry": {
        "type": "Polygon",
        "coordinates": [
          [
            [
              77.641998,
              12.9842602
            ],
            [
              77.6419704,
              12.9842543
            ],
            [
              77.6420013,
              12.9839735
            ],
            [
              77.6419962,
              12.9839061
            ],
            [
              77.6419639,
              12.9839127
            ],
            [
              77.641829,
              12.9831269
            ],
            [
              77.6419867,
              12.9829217
            ],
            [
              77.6420066,
              12.9828156
            ],
            [
              77.642648,
              12.9829976
            ],
            [
              77.6434148,
              12.9828025
            ],
            [
              77.6438936,
              12.9826807
            ],
            [
              77.6437362,
              12.9833981
            ],
            [
              77.6454092,
              12.9836412
            ],
            [
              77.6452734,
              12.9842688
            ],
            [
              77.645179,
              12.984705
            ],
            [
              77.6446461,
              12.9845925
            ],
            [
              77.6445972,
              12.9847004
            ],
            [
              77.6442614,
              12.9846356
            ],
            [
              77.6441519,
              12.9851716
            ],
            [
              77.6440742,
              12.9851468
            ],
            [
              77.6439901,
              12.9851186
            ],
            [
              77.6428867,
              12.9847486
            ],
            [
              77.6419615,
              12.9843933
            ],
            [
              77.641998,
              12.9842602
            ]
          ]
        ]
      },
      "id": "way/135266057"
    },
    {
      "type": "Feature",
      "properties": {
        "@id": "way/135270813",
        "addr:district": "Bengaluru Urban",
        "addr:full": "Old Madras Road",
        "addr:postcode": "560002",
        "addr:state": "Karnataka",
        "amenity": "hospital",
        "name": "Epidemic Disesase Hospital",
        "source": "OpenGovernmentData"
      },
      "geometry": {
        "type": "Polygon",
        "coordinates": [
          [
            [
              77.6443497,
              12.9858301
            ],
            [
              77.6443183,
              12.985892
            ],
            [
              77.6445436,
              12.9860123
            ],
            [
              77.6445894,
              12.9862526
            ],
            [
              77.6446008,
              12.9863124
            ],
            [
              77.6446969,
              12.9868174
            ],
            [
              77.6447288,
              12.9869846
            ],
            [
              77.6432251,
              12.9873903
            ],
            [
              77.6429799,
              12.9874525
            ],
            [
              77.6427884,
              12.986594
            ],
            [
              77.6433883,
              12.9865587
            ],
            [
              77.6433274,
              12.9853784
            ],
            [
              77.6440375,
              12.9856768
            ],
            [
              77.6441427,
              12.985721
            ],
            [
              77.6443455,
              12.9858063
            ],
            [
              77.6443497,
              12.9858301
            ]
          ]
        ]
      },
      "id": "way/135270813"
    },
    {
      "type": "Feature",
      "properties": {
        "@id": "way/138223945",
        "amenity": "school",
        "name": "Baldwin Boys High School",
        "name:kn": "ಬಾಲ್ಡವಿನ್ ಬಾಲಕರ ಪ್ರೌಡ ಶಾಲೆ",
        "wikidata": "Q4850530",
        "wikipedia": "en:Baldwin Boys' High School"
      },
      "geometry": {
        "type": "Polygon",
        "coordinates": [
          [
            [
              77.6059004,
              12.9636566
            ],
            [
              77.6058991,
              12.9634158
            ],
            [
              77.6058555,
              12.9629879
            ],
            [
              77.6058776,
              12.9627729
            ],
            [
              77.6058661,
              12.9627228
            ],
            [
              77.6055884,
              12.9620311
            ],
            [
              77.6054423,
              12.9615871
            ],
            [
              77.6056446,
              12.9615336
            ],
            [
              77.6058838,
              12.9614691
            ],
            [
              77.6059586,
              12.9614453
            ],
            [
              77.6061849,
              12.9613733
            ],
            [
              77.6062295,
              12.9615554
            ],
            [
              77.6060687,
              12.9615928
            ],
            [
              77.6061176,
              12.9617926
            ],
            [
              77.6065565,
              12.9616906
            ],
            [
              77.6065852,
              12.9619269
            ],
            [
              77.6066097,
              12.9621321
            ],
            [
              77.6066704,
              12.9626124
            ],
            [
              77.6066299,
              12.9635272
            ],
            [
              77.6062681,
              12.9635814
            ],
            [
              77.6059004,
              12.9636566
            ]
          ]
        ]
      },
      "id": "way/138223945"
    },
    {
      "type": "Feature",
      "properties": {
        "@id": "way/138697265",
        "alt_name": "ESI Hospital",
        "amenity": "hospital",
        "emergency": "yes",
        "healthcare": "hospital",
        "int_name": "ESICMH",
        "name": "Employees' State Insurance Corporation Model Hospital",
        "operator": "Employees' State Insurance",
        "operator:short": "ESI",
        "operator:wikidata": "Q3595726",
        "wheelchair": "yes"
      },
      "geometry": {
        "type": "Polygon",
        "coordinates": [
          [
            [
              77.5540454,
              12.9918362
            ],
            [
              77.5526093,
              12.9918867
            ],
            [
              77.5525369,
              12.9900817
            ],
            [
              77.5537173,
              12.9900436
            ],
            [
              77.5543434,
              12.990019
            ],
            [
              77.5543788,
              12.9914862
            ],
            [
              77.5540356,
              12.9914957
            ],
            [
              77.5540454,
              12.9918362
            ]
          ]
        ]
      },
      "id": "way/138697265"
    },
    {
      "type": "Feature",
      "properties": {
        "@id": "way/141500473",
        "addr:city": "Bengaluru",
        "addr:country": "IN",
        "addr:housenumber": "27",
        "addr:postcode": "560025",
        "addr:street": "Museum Road",
        "amenity": "school",
        "heritage": "2",
        "heritage:operator": "nmma",
        "heritage:website": "https://nmma.nic.in/nmma/exploreBuiltState.do?state=29",
        "name": "St. Joseph's Boys High School",
        "name:kn": "ಸಂತ ಜೋಸೆಫರ ಬಾಲಕರ ಪ್ರೌಢಶಾಲೆ",
        "old_name": "St. Joseph's European High School",
        "ref:nmma": "KR20010393",
        "school:gender": "male",
        "short_name": "SJBHS",
        "start_date": "1858",
        "website": "https://sjbhs.edu.in/",
        "wikidata": "Q7589061",
        "wikipedia": "en:St Joseph's Boys' High School, Bangalore"
      },
      "geometry": {
        "type": "Polygon",
        "coordinates": [
          [
            [
              77.603981,
              12.9714482
            ],
            [
              77.6040047,
              12.9717552
            ],
            [
              77.6043654,
              12.9717091
            ],
            [
              77.6042929,
              12.9719145
            ],
            [
              77.6041537,
              12.9722086
            ],
            [
              77.6041347,
              12.9722487
            ],
            [
              77.6040327,
              12.9723411
            ],
            [
              77.6038164,
              12.9724613
            ],
            [
              77.6037065,
              12.9725223
            ],
            [
              77.6036278,
              12.972566
            ],
            [
              77.6036073,
              12.9725774
            ],
            [
              77.6034898,
              12.9726427
            ],
            [
              77.6032931,
              12.972752
            ],
            [
              77.6032486,
              12.9727767
            ],
            [
              77.6030346,
              12.9715392
            ],
            [
              77.6029083,
              12.9708093
            ],
            [
              77.6031925,
              12.9708567
            ],
            [
              77.6032871,
              12.9706569
            ],
            [
              77.6036896,
              12.9707365
            ],
            [
              77.6037663,
              12.9714618
            ],
            [
              77.603981,
              12.9714482
            ]
          ]
        ]
      },
      "id": "way/141500473"
    },
    {
      "type": "Feature",
      "properties": {
        "@id": "way/141791769",
        "addr:district": "Bengaluru Urban",
        "addr:full": "#1,2nd Cross, 2nd Main,7Th Block, Banashankari 3Road Stage, Hosakerehalli",
        "addr:postcode": "560085",
        "addr:state": "Karnataka",
        "amenity": "hospital",
        "emergency": "yes",
        "name": "Vittala International Institute Of Ophthalmology, Hosakerehalli",
        "source": "OpenGovernmentData"
      },
      "geometry": {
        "type": "Polygon",
        "coordinates": [
          [
            [
              77.5408805,
              12.9308423
            ],
            [
              77.5414278,
              12.93049
            ],
            [
              77.5415644,
              12.9307467
            ],
            [
              77.5410146,
              12.9311353
            ],
            [
              77.5408805,
              12.9308423
            ]
          ]
        ]
      },
      "id": "way/141791769"
    },
    {
      "type": "Feature",
      "properties": {
        "@id": "way/141816745",
        "addr:postcode": "560085",
        "addr:street": "Hosakerehalli",
        "amenity": "school",
        "name": "Little Flower School"
      },
      "geometry": {
        "type": "Polygon",
        "coordinates": [
          [
            [
              77.5413238,
              12.9316919
            ],
            [
              77.5414995,
              12.9316177
            ],
            [
              77.5416031,
              12.9318507
            ],
            [
              77.5414273,
              12.9319249
            ],
            [
              77.5413238,
              12.9316919
            ]
          ]
        ]
      },
      "id": "way/141816745"
    },
    {
      "type": "Feature",
      "properties": {
        "@id": "way/142374812",
        "amenity": "school",
        "name": "Lourde's Boys High School"
      },
      "geometry": {
        "type": "Polygon",
        "coordinates": [
          [
            [
              77.6281639,
              12.9707119
            ],
            [
              77.6288073,
              12.9696241
            ],
            [
              77.6298703,
              12.9704821
            ],
            [
              77.6291842,
              12.9713162
            ],
            [
              77.6290346,
              12.9712276
            ],
            [
              77.629017,
              12.9712172
            ],
            [
              77.6286264,
              12.9709858
            ],
            [
              77.6281639,
              12.9707119
            ]
          ]
        ]
      },
      "id": "way/142374812"
    },
    {
      "type": "Feature",
      "properties": {
        "@id": "way/146204781",
        "amenity": "hospital",
        "name": "ISRO Employees Hospital",
        "name:kn": "ಇಸ್ರೋ ಆಸ್ಪತ್ರೆ"
      },
      "geometry": {
        "type": "Polygon",
        "coordinates": [
          [
            [
              77.6565204,
              12.9658941
            ],
            [
              77.6565661,
              12.966207
            ],
            [
              77.6563494,
              12.9662374
            ],
            [
              77.6561137,
              12.9662699
            ],
            [
              77.6560679,
              12.965957
            ],
            [
              77.6560885,
              12.9659541
            ],
            [
              77.6565204,
              12.9658941
            ]
          ]
        ]
      },
      "id": "way/146204781"
    },
    {
      "type": "Feature",
      "properties": {
        "@id": "way/148032600",
        "addr:district": "Bengaluru Urban",
        "addr:full": "M S R I T Nagar, New Bel Road",
        "addr:postcode": "560054",
        "addr:state": "Karnataka",
        "amenity": "hospital",
        "building": "yes",
        "building:levels": "2",
        "email": "contact@msrmh.com",
        "emergency": "yes",
        "healthcare": "hospital",
        "name": "Ramaiah Memorial Hospital",
        "name:etymology:wikidata": "Q6713104",
        "name:kn": "ರಾಮಯ್ಯ ಆಸ್ಪತ್ರೆ",
        "operator": "GEF",
        "operator:type": "private",
        "source": "OpenGovernmentData",
        "website": "https://msrmh.com/"
      },
      "geometry": {
        "type": "Polygon",
        "coordinates": [
          [
            [
              77.5691904,
              13.0285524
            ],
            [
              77.5691862,
              13.0285247
            ],
            [
              77.5690279,
              13.0285579
            ],
            [
              77.5690112,
              13.0284521
            ],
            [
              77.5689751,
              13.0284598
            ],
            [
              77.5689561,
              13.0283663
            ],
            [
              77.568989,
              13.0283574
            ],
            [
              77.5689437,
              13.0281696
            ],
            [
              77.5691405,
              13.0281305
            ],
            [
              77.5691462,
              13.0281707
            ],
            [
              77.5692836,
              13.0281436
            ],
            [
              77.5692766,
              13.0280998
            ],
            [
              77.5700061,
              13.0279607
            ],
            [
              77.5703194,
              13.0278855
            ],
            [
              77.5704144,
              13.0278773
            ],
            [
              77.570419,
              13.0279062
            ],
            [
              77.5705707,
              13.0278866
            ],
            [
              77.5706063,
              13.0280427
            ],
            [
              77.5704832,
              13.0280699
            ],
            [
              77.5705159,
              13.0282696
            ],
            [
              77.5704324,
              13.0282967
            ],
            [
              77.5702697,
              13.0283281
            ],
            [
              77.5700885,
              13.0283669
            ],
            [
              77.5700861,
              13.0283531
            ],
            [
              77.5699441,
              13.0283832
            ],
            [
              77.569951,
              13.028418
            ],
            [
              77.5698092,
              13.0284411
            ],
            [
              77.5698073,
              13.028412
            ],
            [
              77.5696556,
              13.0284401
            ],
            [
              77.5695595,
              13.0284594
            ],
            [
              77.5693828,
              13.0284921
            ],
            [
              77.5693768,
              13.028512
            ],
            [
              77.5691904,
              13.0285524
            ]
          ]
        ]
      },
      "id": "way/148032600"
    },
    {
      "type": "Feature",
      "properties": {
        "@id": "way/148065730",
        "addr:district": "Bengaluru Urban",
        "addr:full": "45 Magrath Road, Off Richmond Road",
        "addr:postcode": "560025",
        "addr:state": "Karnataka",
        "amenity": "hospital",
        "emergency": "yes",
        "healthcare": "hospital",
        "name": "Hosmat Hospital",
        "name:kn": "ಹೊಸ್ಮತ್ ಆಸ್ಪತ್ರೆ",
        "source": "OpenGovernmentData",
        "wheelchair": "yes",
        "wikidata": "Q5635474",
        "wikipedia": "en:HOSMAT"
      },
      "geometry": {
        "type": "Polygon",
        "coordinates": [
          [
            [
              77.6135166,
              12.9694639
            ],
            [
              77.6134784,
              12.9694382
            ],
            [
              77.6129024,
              12.9690222
            ],
            [
              77.6129898,
              12.9689889
            ],
            [
              77.6133781,
              12.9688555
            ],
            [
              77.6134645,
              12.9687863
            ],
            [
              77.613631,
              12.9692291
            ],
            [
              77.6137432,
              12.9692022
            ],
            [
              77.6135166,
              12.9694639
            ]
          ]
        ]
      },
      "id": "way/148065730"
    },
    {
      "type": "Feature",
      "properties": {
        "@id": "way/149418909",
        "amenity": "school",
        "name": "The Brigade School"
      },
      "geometry": {
        "type": "Polygon",
        "coordinates": [
          [
            [
              77.558088,
              13.0123982
            ],
            [
              77.5571149,
              13.0123614
            ],
            [
              77.5573528,
              13.0117307
            ],
            [
              77.558375,
              13.0122125
            ],
            [
              77.5582391,
              13.0124446
            ],
            [
              77.558088,
              13.0123982
            ]
          ]
        ]
      },
      "id": "way/149418909"
    },
    {
      "type": "Feature",
      "properties": {
        "@id": "way/150350476",
        "amenity": "hospital",
        "building": "hospital",
        "emergency": "yes",
        "healthcare": "hospital",
        "heritage": "2",
        "heritage:operator": "nmma",
        "heritage:website": "https://nmma.nic.in/nmma/exploreBuiltState.do?state=29",
        "name": "Victoria Hospital",
        "name:etymology:wikidata": "Q9439",
        "name:kn": "ವಿಕ್ಟೋರಿಯಾ ಆಸ್ಪತ್ರೆ",
        "ref:nmma": "KR20011022",
        "wheelchair": "yes",
        "wikidata": "Q7926782",
        "wikimedia_commons": "Category:Victoria Hospital, Bangalore",
        "wikipedia": "en:Victoria Hospital (Bangalore Medical College)"
      },
      "geometry": {
        "type": "Polygon",
        "coordinates": [
          [
            [
              77.5736931,
              12.9637216
            ],
            [
              77.5737248,
              12.9637386
            ],
            [
              77.5736696,
              12.9638365
            ],
            [
              77.5734212,
              12.9637036
            ],
            [
              77.573467,
              12.9636224
            ],
            [
              77.5735268,
              12.9636543
            ],
            [
              77.5735617,
              12.9635923
            ],
            [
              77.5734767,
              12.9635468
            ],
            [
              77.5735144,
              12.9634798
            ],
            [
              77.5735802,
              12.9635149
            ],
            [
              77.5735951,
              12.9634884
            ],
            [
              77.573582,
              12.9634811
            ],
            [
              77.57357,
              12.9634706
            ],
            [
              77.5735624,
              12.9634567
            ],
            [
              77.5735601,
              12.9634411
            ],
            [
              77.5735635,
              12.9634257
            ],
            [
              77.5735675,
              12.9634181
            ],
            [
              77.5735785,
              12.9634065
            ],
            [
              77.5735928,
              12.9633993
            ],
            [
              77.5736089,
              12.9633974
            ],
            [
              77.5736268,
              12.9634018
            ],
            [
              77.5736406,
              12.9634077
            ],
            [
              77.5736603,
              12.9633727
            ],
            [
              77.5736104,
              12.963346
            ],
            [
              77.5736392,
              12.9632948
            ],
            [
              77.5737318,
              12.9633443
            ],
            [
              77.573775,
              12.9632677
            ],
            [
              77.5736995,
              12.9632273
            ],
            [
              77.5737306,
              12.9631721
            ],
            [
              77.5737886,
              12.9632032
            ],
            [
              77.5738158,
              12.9631549
            ],
            [
              77.5739593,
              12.9632317
            ],
            [
              77.5739403,
              12.9632654
            ],
            [
              77.5739684,
              12.9632805
            ],
            [
              77.5739231,
              12.9633609
            ],
            [
              77.5738968,
              12.9633469
            ],
            [
              77.5738149,
              12.9634922
            ],
            [
              77.5738818,
              12.963528
            ],
            [
              77.5738279,
              12.9636238
            ],
            [
              77.5737667,
              12.963591
            ],
            [
              77.5736931,
              12.9637216
            ]
          ]
        ]
      },
      "id": "way/150350476"
    },
    {
      "type": "Feature",
      "properties": {
        "@id": "way/161984945",
        "addr:district": "Bengaluru Urban",
        "addr:full": "Near Town Hall, Sjp Road , South",
        "addr:postcode": "560002",
        "addr:state": "Karnataka",
        "amenity": "hospital",
        "emergency": "yes",
        "healthcare": "hospital",
        "name": "Dasappa Maternity Hospital",
        "name:kn": "ದಾಸಪ್ಪ ತಿರುಮಲಮ್ಮ ಆಸ್ಪತ್ರೆ",
        "source": "OpenGovernmentData"
      },
      "geometry": {
        "type": "Polygon",
        "coordinates": [
          [
            [
              77.5842044,
              12.9646929
            ],
            [
              77.5842,
              12.9645699
            ],
            [
              77.5841174,
              12.9645671
            ],
            [
              77.5840472,
              12.9639833
            ],
            [
              77.5842459,
              12.963954
            ],
            [
              77.5846015,
              12.9639533
            ],
            [
              77.5849664,
              12.9639525
            ],
            [
              77.585004,
              12.9643655
            ],
            [
              77.5849845,
              12.9644672
            ],
            [
              77.5849317,
              12.9647429
            ],
            [
              77.5842044,
              12.9646929
            ]
          ]
        ]
      },
      "id": "way/161984945"
    },
    {
      "type": "Feature",
      "properties": {
        "@id": "way/164048206",
        "amenity": "hospital",
        "check_date": "2025-12-10",
        "emergency": "no",
        "name": "Isolation Hospital",
        "name:kn": "ಐಸೊಲೇಶನ್ ಆಸ್ಪತ್ರೆ"
      },
      "geometry": {
        "type": "Polygon",
        "coordinates": [
          [
            [
              77.6427884,
              12.986594
            ],
            [
              77.6425415,
              12.9850617
            ],
            [
              77.6433274,
              12.9853784
            ],
            [
              77.6433883,
              12.9865587
            ],
            [
              77.6427884,
              12.986594
            ]
          ]
        ]
      },
      "id": "way/164048206"
    },
    {
      "type": "Feature",
      "properties": {
        "@id": "way/165326625",
        "amenity": "school",
        "name": "Kairalee Nikethan Education Trust - Indiranagar Campus",
        "name:kn": "ಕೈರಳಿ ನಿಕೇತನ ಶಿಕ್ಷಣ ಇಂದಿರಾನಗರ",
        "website": "https://knetrustinstitutions.com/indira-hs.html"
      },
      "geometry": {
        "type": "Polygon",
        "coordinates": [
          [
            [
              77.6388394,
              12.9792821
            ],
            [
              77.6392204,
              12.9792899
            ],
            [
              77.6391962,
              12.9799234
            ],
            [
              77.6388158,
              12.9799211
            ],
            [
              77.6388394,
              12.9792821
            ]
          ]
        ]
      },
      "id": "way/165326625"
    },
    {
      "type": "Feature",
      "properties": {
        "@id": "way/166612475",
        "amenity": "school"
      },
      "geometry": {
        "type": "Polygon",
        "coordinates": [
          [
            [
              77.5617021,
              12.9751464
            ],
            [
              77.5616543,
              12.9742955
            ],
            [
              77.5626486,
              12.9742424
            ],
            [
              77.5626965,
              12.9750933
            ],
            [
              77.5622823,
              12.9751154
            ],
            [
              77.5617021,
              12.9751464
            ]
          ]
        ]
      },
      "id": "way/166612475"
    },
    {
      "type": "Feature",
      "properties": {
        "@id": "way/166612476",
        "amenity": "school"
      },
      "geometry": {
        "type": "Polygon",
        "coordinates": [
          [
            [
              77.5561415,
              12.9849295
            ],
            [
              77.5558496,
              12.9849295
            ],
            [
              77.5558343,
              12.9843082
            ],
            [
              77.556081,
              12.9843088
            ],
            [
              77.5561415,
              12.9843082
            ],
            [
              77.5561415,
              12.9849295
            ]
          ]
        ]
      },
      "id": "way/166612476"
    },
    {
      "type": "Feature",
      "properties": {
        "@id": "way/169722382",
        "alt_name": "National Junior School",
        "amenity": "school",
        "landuse": "education",
        "name": "CMR National Public School",
        "short_name": "CMR NPS"
      },
      "geometry": {
        "type": "Polygon",
        "coordinates": [
          [
            [
              77.6325105,
              13.0230887
            ],
            [
              77.6324366,
              13.0225891
            ],
            [
              77.6337434,
              13.0225714
            ],
            [
              77.6337533,
              13.0228113
            ],
            [
              77.632972,
              13.0229857
            ],
            [
              77.6325105,
              13.0230887
            ]
          ]
        ]
      },
      "id": "way/169722382"
    },
    {
      "type": "Feature",
      "properties": {
        "@id": "way/169801514",
        "addr:district": "Bengaluru Urban",
        "addr:full": "#11/2, Magadi Main Road ,Agrahara , Dasarahalli,Next To Raheja Park",
        "addr:postcode": "560079",
        "addr:state": "Karnataka",
        "amenity": "hospital",
        "emergency": "yes",
        "name": "Sarvodaya Hospital",
        "name:kn": "ಸರ್ವೋದಯ ಆಸ್ಪತ್ರೆ",
        "source": "OpenGovernmentData"
      },
      "geometry": {
        "type": "Polygon",
        "coordinates": [
          [
            [
              77.5390417,
              12.9808268
            ],
            [
              77.5387148,
              12.9800265
            ],
            [
              77.5389254,
              12.9799069
            ],
            [
              77.539317,
              12.9807207
            ],
            [
              77.5390417,
              12.9808268
            ]
          ]
        ]
      },
      "id": "way/169801514"
    },
    {
      "type": "Feature",
      "properties": {
        "@id": "way/169801520",
        "addr:district": "Bengaluru Urban",
        "addr:full": "5th Main Road, 7th Cross Road, MC Layout, Vijaynagar",
        "addr:postcode": "560040",
        "addr:state": "Karnataka",
        "amenity": "hospital",
        "name": "Dasarahalli Referral Hospital",
        "name:kn": "ಸರ್ಕಾರಿ ಆಸ್ಪತ್ರೆ",
        "source": "OpenGovernmentData"
      },
      "geometry": {
        "type": "Polygon",
        "coordinates": [
          [
            [
              77.5425472,
              12.9777715
            ],
            [
              77.5424279,
              12.9770135
            ],
            [
              77.543187,
              12.9769482
            ],
            [
              77.5432125,
              12.9771899
            ],
            [
              77.5430381,
              12.9772225
            ],
            [
              77.5430998,
              12.9776656
            ],
            [
              77.5425472,
              12.9777715
            ]
          ]
        ]
      },
      "id": "way/169801520"
    },
    {
      "type": "Feature",
      "properties": {
        "@id": "way/169806840",
        "amenity": "school",
        "name": "Government High School and PU College",
        "name:kn": "ಪದವಿ ಪೂರ್ವ ಕಾಲೇಜು"
      },
      "geometry": {
        "type": "Polygon",
        "coordinates": [
          [
            [
              77.5321056,
              12.9553737
            ],
            [
              77.5320361,
              12.9548633
            ],
            [
              77.5325615,
              12.954796
            ],
            [
              77.5326154,
              12.9552946
            ],
            [
              77.5321056,
              12.9553737
            ]
          ]
        ]
      },
      "id": "way/169806840"
    },
    {
      "type": "Feature",
      "properties": {
        "@id": "way/172899266",
        "amenity": "school",
        "name": "Outreach School"
      },
      "geometry": {
        "type": "Polygon",
        "coordinates": [
          [
            [
              77.5937103,
              12.9542261
            ],
            [
              77.5933263,
              12.9538146
            ],
            [
              77.5936046,
              12.9535728
            ],
            [
              77.5939667,
              12.9532581
            ],
            [
              77.5942953,
              12.953643
            ],
            [
              77.5937103,
              12.9542261
            ]
          ]
        ]
      },
      "id": "way/172899266"
    },
    {
      "type": "Feature",
      "properties": {
        "@id": "way/172899341",
        "amenity": "school"
      },
      "geometry": {
        "type": "Polygon",
        "coordinates": [
          [
            [
              77.5951125,
              12.9531283
            ],
            [
              77.5954235,
              12.9534766
            ],
            [
              77.5946121,
              12.9541058
            ],
            [
              77.5943303,
              12.9537863
            ],
            [
              77.5951125,
              12.9531283
            ]
          ]
        ]
      },
      "id": "way/172899341"
    },
    {
      "type": "Feature",
      "properties": {
        "@id": "way/172937189",
        "amenity": "school",
        "name": "Sajjan Rao School",
        "name:etymology:wikidata": "Q55418995",
        "name:kn": "ಸಜ್ಜನ ರಾವ ಶಾಲೆ"
      },
      "geometry": {
        "type": "Polygon",
        "coordinates": [
          [
            [
              77.5752318,
              12.9524275
            ],
            [
              77.5745202,
              12.9524275
            ],
            [
              77.5745138,
              12.9518832
            ],
            [
              77.5752158,
              12.9518801
            ],
            [
              77.5752318,
              12.9524275
            ]
          ]
        ]
      },
      "id": "way/172937189"
    },
    {
      "type": "Feature",
      "properties": {
        "@id": "way/172947365",
        "amenity": "school",
        "name": "GHS Adugodi",
        "name:kn": "ಸರ್ಕಾರಿ ಪ್ರೌಡ ಶಾಲೆ"
      },
      "geometry": {
        "type": "Polygon",
        "coordinates": [
          [
            [
              77.6062086,
              12.944058
            ],
            [
              77.6071409,
              12.9441026
            ],
            [
              77.6073424,
              12.9441216
            ],
            [
              77.6073879,
              12.9441882
            ],
            [
              77.6072462,
              12.9448342
            ],
            [
              77.6064227,
              12.9449663
            ],
            [
              77.6062086,
              12.944058
            ]
          ]
        ]
      },
      "id": "way/172947365"
    },
    {
      "type": "Feature",
      "properties": {
        "@id": "way/172952766",
        "addr:city": "Bangalore",
        "addr:postcode": "560005",
        "addr:street": "Pottery Road",
        "amenity": "school",
        "name": "Clarence High School",
        "old_name": "Fraser Town European Day School",
        "phone": "+91 80 25470868",
        "start_date": "1914",
        "website": "http://www.clarencehighschool.net/",
        "wikipedia": "en:Clarence High School (Bangalore, India)"
      },
      "geometry": {
        "type": "Polygon",
        "coordinates": [
          [
            [
              77.6165067,
              13.0032623
            ],
            [
              77.6162651,
              13.0033497
            ],
            [
              77.616138,
              13.0030425
            ],
            [
              77.6154251,
              13.0033146
            ],
            [
              77.615096,
              13.0024659
            ],
            [
              77.6161588,
              13.0024324
            ],
            [
              77.6165067,
              13.0032623
            ]
          ]
        ]
      },
      "id": "way/172952766"
    },
    {
      "type": "Feature",
      "properties": {
        "@id": "way/173006692",
        "amenity": "school",
        "name": "St. Xavier's Boys School"
      },
      "geometry": {
        "type": "Polygon",
        "coordinates": [
          [
            [
              77.6002076,
              12.9864851
            ],
            [
              77.6008511,
              12.9862852
            ],
            [
              77.6011013,
              12.9870478
            ],
            [
              77.6012614,
              12.9871278
            ],
            [
              77.601296,
              12.9874544
            ],
            [
              77.6012113,
              12.9875423
            ],
            [
              77.6010321,
              12.9875981
            ],
            [
              77.6006855,
              12.9872027
            ],
            [
              77.6003771,
              12.9867728
            ],
            [
              77.6002076,
              12.9864851
            ]
          ]
        ]
      },
      "id": "way/173006692"
    },
    {
      "type": "Feature",
      "properties": {
        "@id": "way/173039120",
        "amenity": "school"
      },
      "geometry": {
        "type": "Polygon",
        "coordinates": [
          [
            [
              77.6143845,
              13.006206
            ],
            [
              77.6151849,
              13.0058925
            ],
            [
              77.6153528,
              13.0062675
            ],
            [
              77.6153779,
              13.0063236
            ],
            [
              77.6146044,
              13.0067481
            ],
            [
              77.6143845,
              13.006206
            ]
          ]
        ]
      },
      "id": "way/173039120"
    },
    {
      "type": "Feature",
      "properties": {
        "@id": "way/173579771",
        "amenity": "school",
        "landuse": "education",
        "name": "Sarvodaya School",
        "name:kn": "ಸರ್ವೋದಯ ಶಾಲೆ"
      },
      "geometry": {
        "type": "Polygon",
        "coordinates": [
          [
            [
              77.5308054,
              12.9742751
            ],
            [
              77.5307673,
              12.9739966
            ],
            [
              77.5313335,
              12.9738844
            ],
            [
              77.5313988,
              12.9741743
            ],
            [
              77.5308054,
              12.9742751
            ]
          ]
        ]
      },
      "id": "way/173579771"
    },
    {
      "type": "Feature",
      "properties": {
        "@id": "way/175063893",
        "amenity": "school"
      },
      "geometry": {
        "type": "Polygon",
        "coordinates": [
          [
            [
              77.640522,
              13.0100106
            ],
            [
              77.6400119,
              13.0099874
            ],
            [
              77.6400183,
              13.0099175
            ],
            [
              77.6399258,
              13.0099086
            ],
            [
              77.6400046,
              13.0095146
            ],
            [
              77.6405285,
              13.0095196
            ],
            [
              77.640522,
              13.0100106
            ]
          ]
        ]
      },
      "id": "way/175063893"
    },
    {
      "type": "Feature",
      "properties": {
        "@id": "way/175068138",
        "addr:postcode": "540045",
        "addr:street": "Hennur Main Rd, Saint Thomas Town, Kacharakana Halli",
        "amenity": "school",
        "name": "Jyothi High School",
        "name:kn": "ಜ್ಯೋತಿ ಪ್ರೌಡಶಾಲೆ"
      },
      "geometry": {
        "type": "Polygon",
        "coordinates": [
          [
            [
              77.6315281,
              13.015273
            ],
            [
              77.6326641,
              13.015169
            ],
            [
              77.6326824,
              13.0158454
            ],
            [
              77.6302257,
              13.0164692
            ],
            [
              77.6301778,
              13.0161677
            ],
            [
              77.6294655,
              13.0162977
            ],
            [
              77.6294084,
              13.016107
            ],
            [
              77.6303867,
              13.0155788
            ],
            [
              77.6304152,
              13.0156701
            ],
            [
              77.6313569,
              13.0156741
            ],
            [
              77.6315281,
              13.015273
            ]
          ]
        ]
      },
      "id": "way/175068138"
    },
    {
      "type": "Feature",
      "properties": {
        "@id": "way/175880547",
        "addr:district": "Bengaluru Urban",
        "addr:full": "8, Poojary Layout, 80Ft. Road, Rmv Iind Stage,Sanjaynagar",
        "addr:postcode": "560094",
        "addr:state": "Karnataka",
        "amenity": "hospital",
        "building": "yes",
        "name": "Nethra Eye Hospital",
        "source": "OpenGovernmentData",
        "wheelchair": "no"
      },
      "geometry": {
        "type": "Polygon",
        "coordinates": [
          [
            [
              77.5767989,
              13.0273025
            ],
            [
              77.5767971,
              13.0271791
            ],
            [
              77.5767945,
              13.0269999
            ],
            [
              77.5769255,
              13.026998
            ],
            [
              77.57693,
              13.0273007
            ],
            [
              77.5767989,
              13.0273025
            ]
          ]
        ]
      },
      "id": "way/175880547"
    },
    {
      "type": "Feature",
      "properties": {
        "@id": "way/182826338",
        "amenity": "school",
        "name": "St. Mary's High School",
        "name:kn": "ಸೇಂಟ್ ಮೇರಿ ಪ್ರೌಡಶಾಲೆ"
      },
      "geometry": {
        "type": "Polygon",
        "coordinates": [
          [
            [
              77.5906326,
              12.9893485
            ],
            [
              77.5904933,
              12.9894925
            ],
            [
              77.5900782,
              12.9890027
            ],
            [
              77.5906072,
              12.9887552
            ],
            [
              77.5907814,
              12.9884037
            ],
            [
              77.5909504,
              12.9885226
            ],
            [
              77.5912558,
              12.9882202
            ],
            [
              77.5913715,
              12.9881057
            ],
            [
              77.5916011,
              12.9883503
            ],
            [
              77.5914946,
              12.988461
            ],
            [
              77.5912296,
              12.9887363
            ],
            [
              77.5906326,
              12.9893485
            ]
          ]
        ]
      },
      "id": "way/182826338"
    },
    {
      "type": "Feature",
      "properties": {
        "@id": "way/191035698",
        "amenity": "school",
        "name": "SJR School",
        "wheelchair": "limited"
      },
      "geometry": {
        "type": "Polygon",
        "coordinates": [
          [
            [
              77.5587705,
              12.9816739
            ],
            [
              77.55876,
              12.9810979
            ],
            [
              77.5598913,
              12.9815474
            ],
            [
              77.5587705,
              12.9816739
            ]
          ]
        ]
      },
      "id": "way/191035698"
    },
    {
      "type": "Feature",
      "properties": {
        "@id": "way/191035701",
        "amenity": "school",
        "name": "Venkat International School",
        "wheelchair": "limited"
      },
      "geometry": {
        "type": "Polygon",
        "coordinates": [
          [
            [
              77.559161,
              12.980602
            ],
            [
              77.5593025,
              12.9801173
            ],
            [
              77.560399,
              12.980374
            ],
            [
              77.5602229,
              12.9808833
            ],
            [
              77.559161,
              12.980602
            ]
          ]
        ]
      },
      "id": "way/191035701"
    },
    {
      "type": "Feature",
      "properties": {
        "@id": "way/202799608",
        "amenity": "school",
        "name": "Bangalore Higher Secondary School (BHSS)",
        "name:kn": "ಬೆಂಗಳೂರು ಪ್ರೌಡ ಶಾಲೆ"
      },
      "geometry": {
        "type": "Polygon",
        "coordinates": [
          [
            [
              77.5801872,
              12.9413514
            ],
            [
              77.5801946,
              12.9408927
            ],
            [
              77.5815351,
              12.940894
            ],
            [
              77.5815156,
              12.9413719
            ],
            [
              77.5812952,
              12.9413685
            ],
            [
              77.5801872,
              12.9413514
            ]
          ]
        ]
      },
      "id": "way/202799608"
    },
    {
      "type": "Feature",
      "properties": {
        "@id": "way/207854064",
        "addr:housename": "MARUTHI SCHOOL",
        "amenity": "school",
        "name": "Maruthi School",
        "name:kn": "ಮಾರುತಿ ಶಾಲೆ"
      },
      "geometry": {
        "type": "Polygon",
        "coordinates": [
          [
            [
              77.65278,
              13.0287123
            ],
            [
              77.6532296,
              13.0286215
            ],
            [
              77.6532587,
              13.0286156
            ],
            [
              77.6533708,
              13.0289129
            ],
            [
              77.6528524,
              13.0289971
            ],
            [
              77.65278,
              13.0287123
            ]
          ]
        ]
      },
      "id": "way/207854064"
    },
    {
      "type": "Feature",
      "properties": {
        "@id": "way/208698152",
        "alt_name": "Bishop Cottons Girls",
        "amenity": "school",
        "email": "bcbhsblr@gmail.com",
        "name": "Bishop Cotton Girls School",
        "name:kn": "ಬಿಶಪ್ ಕಾಟನ್ಸ್ ಬಾಲಕಿಯರ ಪ್ರೌಡ ಶಾಲೆ",
        "phone": "+91 80 4052 7888",
        "school:gender": "female",
        "start_date": "1865",
        "website": "https://www.bishopcottongirls.com/",
        "wikidata": "Q4917524",
        "wikipedia": "en:Bishop Cotton Girls' School"
      },
      "geometry": {
        "type": "Polygon",
        "coordinates": [
          [
            [
              77.6011467,
              12.9687208
            ],
            [
              77.6018299,
              12.9691791
            ],
            [
              77.6018694,
              12.969129
            ],
            [
              77.6024213,
              12.9695658
            ],
            [
              77.6028311,
              12.9698601
            ],
            [
              77.6026261,
              12.9704791
            ],
            [
              77.6026298,
              12.9708499
            ],
            [
              77.6017112,
              12.9710093
            ],
            [
              77.6016123,
              12.9706589
            ],
            [
              77.60153,
              12.9703675
            ],
            [
              77.6008563,
              12.9705237
            ],
            [
              77.6008244,
              12.9703872
            ],
            [
              77.6006689,
              12.9697204
            ],
            [
              77.6006509,
              12.9696339
            ],
            [
              77.60132,
              12.9694695
            ],
            [
              77.601238,
              12.9691189
            ],
            [
              77.6011869,
              12.968901
            ],
            [
              77.6011467,
              12.9687208
            ]
          ]
        ]
      },
      "id": "way/208698152"
    },
    {
      "type": "Feature",
      "properties": {
        "@id": "way/211067633",
        "amenity": "school",
        "name": "Vivekananda centre",
        "name:kn": "ವಿವೇಕನಂದ ಕೇಂದ್ರ"
      },
      "geometry": {
        "type": "Polygon",
        "coordinates": [
          [
            [
              77.5999632,
              13.0272854
            ],
            [
              77.6001316,
              13.0267973
            ],
            [
              77.6002888,
              13.0267313
            ],
            [
              77.6005476,
              13.0266082
            ],
            [
              77.6007201,
              13.0265632
            ],
            [
              77.600868,
              13.0273737
            ],
            [
              77.5999632,
              13.0272854
            ]
          ]
        ]
      },
      "id": "way/211067633"
    },
    {
      "type": "Feature",
      "properties": {
        "@id": "way/217558963",
        "amenity": "school",
        "name": "St. Aloysius High School"
      },
      "geometry": {
        "type": "Polygon",
        "coordinates": [
          [
            [
              77.6188647,
              12.9930306
            ],
            [
              77.6190398,
              12.9930347
            ],
            [
              77.6197432,
              12.9929701
            ],
            [
              77.6205442,
              12.9928966
            ],
            [
              77.6205442,
              12.9929575
            ],
            [
              77.62011,
              12.9932327
            ],
            [
              77.6197774,
              12.9940052
            ],
            [
              77.6197117,
              12.9948161
            ],
            [
              77.6195005,
              12.9946855
            ],
            [
              77.6183759,
              12.9940202
            ],
            [
              77.6184503,
              12.9938695
            ],
            [
              77.6188647,
              12.9930306
            ]
          ]
        ]
      },
      "id": "way/217558963"
    },
    {
      "type": "Feature",
      "properties": {
        "@id": "way/217558973",
        "amenity": "school",
        "landuse": "education",
        "name": "Maria Niketana School",
        "name:kn": "ಮರೀಯ ನಿಕೇತನ ಶಾಲೆ"
      },
      "geometry": {
        "type": "Polygon",
        "coordinates": [
          [
            [
              77.626021,
              13.0031637
            ],
            [
              77.6259607,
              13.0030127
            ],
            [
              77.6260336,
              13.0027508
            ],
            [
              77.6258395,
              13.002198
            ],
            [
              77.6272222,
              13.0016783
            ],
            [
              77.627293,
              13.0018692
            ],
            [
              77.6275061,
              13.0017893
            ],
            [
              77.6277356,
              13.0020371
            ],
            [
              77.6278574,
              13.002458
            ],
            [
              77.6273564,
              13.0025825
            ],
            [
              77.6268071,
              13.0027732
            ],
            [
              77.6266744,
              13.0030025
            ],
            [
              77.626021,
              13.0031637
            ]
          ]
        ]
      },
      "id": "way/217558973"
    },
    {
      "type": "Feature",
      "properties": {
        "@id": "way/219381382",
        "amenity": "school",
        "name": "Sri Sarvagna School",
        "name:kn": "ಶ್ರೀ ಸರ್ವಜ್ಞ ಶಾಲೆ"
      },
      "geometry": {
        "type": "Polygon",
        "coordinates": [
          [
            [
              77.5395109,
              12.9757512
            ],
            [
              77.5396074,
              12.9765443
            ],
            [
              77.5391649,
              12.9765955
            ],
            [
              77.5390684,
              12.9758023
            ],
            [
              77.5395109,
              12.9757512
            ]
          ]
        ]
      },
      "id": "way/219381382"
    },
    {
      "type": "Feature",
      "properties": {
        "@id": "way/220553492",
        "amenity": "school",
        "building": "yes",
        "name": "Hamsalekha Music school"
      },
      "geometry": {
        "type": "Polygon",
        "coordinates": [
          [
            [
              77.5420993,
              12.9999206
            ],
            [
              77.542185,
              12.9999135
            ],
            [
              77.5421964,
              13.0000444
            ],
            [
              77.5421107,
              13.0000515
            ],
            [
              77.5420993,
              12.9999206
            ]
          ]
        ]
      },
      "id": "way/220553492"
    },
    {
      "type": "Feature",
      "properties": {
        "@id": "way/222278954",
        "amenity": "school",
        "name": "Max Muller School",
        "name:kn": "ಮಾಕ್ಸ್ ಮುಲ್ಲರ್ ಶಾಲೆ"
      },
      "geometry": {
        "type": "Polygon",
        "coordinates": [
          [
            [
              77.5317058,
              12.9936804
            ],
            [
              77.532033,
              12.9936412
            ],
            [
              77.532202,
              12.9942528
            ],
            [
              77.5319096,
              12.9943861
            ],
            [
              77.5317058,
              12.9936804
            ]
          ]
        ]
      },
      "id": "way/222278954"
    },
    {
      "type": "Feature",
      "properties": {
        "@id": "way/224632095",
        "amenity": "school"
      },
      "geometry": {
        "type": "Polygon",
        "coordinates": [
          [
            [
              77.6044828,
              12.9884728
            ],
            [
              77.6044739,
              12.9882679
            ],
            [
              77.6042651,
              12.9882765
            ],
            [
              77.6039933,
              12.9882895
            ],
            [
              77.604001,
              12.9879333
            ],
            [
              77.6044291,
              12.9879148
            ],
            [
              77.6044365,
              12.9880111
            ],
            [
              77.6049679,
              12.988012
            ],
            [
              77.6049244,
              12.9884478
            ],
            [
              77.6044828,
              12.9884728
            ]
          ]
        ]
      },
      "id": "way/224632095"
    },
    {
      "type": "Feature",
      "properties": {
        "@id": "way/239548076",
        "addr:street": "Channasandra Main Road, Gurijiya Gutta, Bennigana Halli",
        "amenity": "school",
        "name": "Sri Chaithanya PU college Banasawadi"
      },
      "geometry": {
        "type": "Polygon",
        "coordinates": [
          [
            [
              77.6547467,
              13.0074717
            ],
            [
              77.6555245,
              13.0071215
            ],
            [
              77.6555506,
              13.0071888
            ],
            [
              77.6556915,
              13.0074945
            ],
            [
              77.655027,
              13.0077971
            ],
            [
              77.6547467,
              13.0074717
            ]
          ]
        ]
      },
      "id": "way/239548076"
    },
    {
      "type": "Feature",
      "properties": {
        "@id": "way/239716193",
        "addr:city": "KALKERE",
        "addr:street": "Kalkere Main Road;Horamavu Main Road",
        "amenity": "school",
        "name": "Sunshine School",
        "wheelchair": "limited"
      },
      "geometry": {
        "type": "Polygon",
        "coordinates": [
          [
            [
              77.6682764,
              13.0317168
            ],
            [
              77.6681924,
              13.0310174
            ],
            [
              77.6688507,
              13.0311422
            ],
            [
              77.6689457,
              13.0316113
            ],
            [
              77.6682764,
              13.0317168
            ]
          ]
        ]
      },
      "id": "way/239716193"
    },
    {
      "type": "Feature",
      "properties": {
        "@id": "way/239738408",
        "addr:district": "Bengaluru Urban",
        "addr:full": "Dr.M.H Marigowda Road",
        "addr:postcode": "560 029",
        "addr:state": "Karnataka",
        "amenity": "hospital",
        "check_date": "2026-04-08",
        "emergency": "yes",
        "healthcare": "hospital",
        "healthcare:speciality": "oncology",
        "name": "Kidwai Memorial Institute of Oncology",
        "name:etymology:wikidata": "Q7282619",
        "operator:type": "private",
        "source": "OpenGovernmentData",
        "website": "https://www.kidwai.kar.nic.in/",
        "wikidata": "Q6405058",
        "wikipedia": "en:Kidwai Memorial Institute of Oncology"
      },
      "geometry": {
        "type": "Polygon",
        "coordinates": [
          [
            [
              77.5996754,
              12.9373526
            ],
            [
              77.5989421,
              12.9377453
            ],
            [
              77.5989042,
              12.9378865
            ],
            [
              77.5983896,
              12.9384822
            ],
            [
              77.5983603,
              12.9384644
            ],
            [
              77.5973517,
              12.9378533
            ],
            [
              77.5966023,
              12.9351044
            ],
            [
              77.5968001,
              12.9350783
            ],
            [
              77.5988815,
              12.9345698
            ],
            [
              77.5992302,
              12.9361642
            ],
            [
              77.5995082,
              12.9366861
            ],
            [
              77.5996754,
              12.9373526
            ]
          ]
        ]
      },
      "id": "way/239738408"
    },
    {
      "type": "Feature",
      "properties": {
        "@id": "way/245016872",
        "addr:city": "Bengaluru",
        "addr:street": "Raghavendra Rao Road",
        "addr:suburb": "Yeshwantpura",
        "amenity": "school",
        "name": "National Public School Yeshwantpur",
        "name:kn": "ರಾಷ್ಟ್ರೀಯ ಸಾರ್ವಜನಿಕ ಶಾಲೆ",
        "operator": "National Public School"
      },
      "geometry": {
        "type": "Polygon",
        "coordinates": [
          [
            [
              77.5440659,
              13.0309137
            ],
            [
              77.5437187,
              13.0304383
            ],
            [
              77.5447372,
              13.0297107
            ],
            [
              77.5451328,
              13.0302723
            ],
            [
              77.5440659,
              13.0309137
            ]
          ]
        ]
      },
      "id": "way/245016872"
    },
    {
      "type": "Feature",
      "properties": {
        "@id": "way/249906110",
        "amenity": "school",
        "name": "Government School",
        "name:kn": "ಸರ್ಕಾರಿ ಶಾಲೆ"
      },
      "geometry": {
        "type": "Polygon",
        "coordinates": [
          [
            [
              77.5542229,
              13.0207135
            ],
            [
              77.5540337,
              13.0204208
            ],
            [
              77.5540869,
              13.0203355
            ],
            [
              77.5542014,
              13.0200976
            ],
            [
              77.5542738,
              13.0199473
            ],
            [
              77.5545947,
              13.0205028
            ],
            [
              77.5542229,
              13.0207135
            ]
          ]
        ]
      },
      "id": "way/249906110"
    },
    {
      "type": "Feature",
      "properties": {
        "@id": "way/256703169",
        "addr:district": "Bengaluru Urban",
        "addr:full": "1215 A Cross Sindhi Hospital Road, Sampangiramnagar",
        "addr:postcode": "560027",
        "addr:state": "Karnataka",
        "amenity": "hospital",
        "emergency": "yes",
        "name": "P.D. Hinduja Sindhi Hospital",
        "name:kn": "ಸಿಂಧಿ ಆಸ್ಪತ್ರೆ",
        "operator:type": "private",
        "source": "OpenGovernmentData",
        "website": "https://www.hindujasindhihospital.com/"
      },
      "geometry": {
        "type": "Polygon",
        "coordinates": [
          [
            [
              77.5925254,
              12.9645015
            ],
            [
              77.5925222,
              12.964388
            ],
            [
              77.5928236,
              12.9643799
            ],
            [
              77.5928269,
              12.9644934
            ],
            [
              77.5925254,
              12.9645015
            ]
          ]
        ]
      },
      "id": "way/256703169"
    },
    {
      "type": "Feature",
      "properties": {
        "@id": "way/256940540",
        "addr:district": "Bengaluru Urban",
        "addr:full": "No. 66, 9Th Main , Horamavu Post Horamavu Main Road Banaswadi",
        "addr:postcode": "560043",
        "addr:state": "Karnataka",
        "amenity": "hospital",
        "building": "yes",
        "emergency": "yes",
        "name": "Nmpc Hospital",
        "source": "OpenGovernmentData"
      },
      "geometry": {
        "type": "Polygon",
        "coordinates": [
          [
            [
              77.6580052,
              13.0224904
            ],
            [
              77.6579566,
              13.0224052
            ],
            [
              77.658075,
              13.0223411
            ],
            [
              77.6581236,
              13.0224263
            ],
            [
              77.6580052,
              13.0224904
            ]
          ]
        ]
      },
      "id": "way/256940540"
    },
    {
      "type": "Feature",
      "properties": {
        "@id": "way/271785644",
        "amenity": "school",
        "name": "Government Kannada High School",
        "name:kn": "ಸರ್ಕಾರಿ ಕನ್ನಡ ಪ್ರೌಡಶಾಲೆ"
      },
      "geometry": {
        "type": "Polygon",
        "coordinates": [
          [
            [
              77.5646576,
              12.9905188
            ],
            [
              77.5646484,
              12.9902295
            ],
            [
              77.5650636,
              12.990217
            ],
            [
              77.5650672,
              12.9903319
            ],
            [
              77.5650728,
              12.9905063
            ],
            [
              77.5646576,
              12.9905188
            ]
          ]
        ]
      },
      "id": "way/271785644"
    },
    {
      "type": "Feature",
      "properties": {
        "@id": "way/271786067",
        "addr:district": "Bengaluru Urban",
        "addr:full": "Bhashyam Circle,Rajajinagar 5Th Block",
        "addr:postcode": "560010",
        "addr:state": "Karnataka",
        "amenity": "hospital",
        "healthcare": "hospital",
        "name": "Sreerampura Referal Hospital",
        "name:kn": "ಶ್ರೀರಂಪುರ ರೆಫರಲ್ ಆಸ್ಪತ್ರೆ",
        "source": "OpenGovernmentData"
      },
      "geometry": {
        "type": "Polygon",
        "coordinates": [
          [
            [
              77.5647289,
              12.9905166
            ],
            [
              77.5649713,
              12.9905093
            ],
            [
              77.5650728,
              12.9905063
            ],
            [
              77.5650875,
              12.9909697
            ],
            [
              77.5647436,
              12.99098
            ],
            [
              77.5647289,
              12.9905166
            ]
          ]
        ]
      },
      "id": "way/271786067"
    },
    {
      "type": "Feature",
      "properties": {
        "@id": "way/290187542",
        "alt_name": "Hindustan Aeronautics Limited Hospital",
        "amenity": "hospital",
        "emergency": "yes",
        "name": "HAL Hospital",
        "name:kn": "ಎಚ್ಎಎಲ್ ಆಸ್ಪತ್ರೆ",
        "wheelchair": "yes"
      },
      "geometry": {
        "type": "Polygon",
        "coordinates": [
          [
            [
              77.6657975,
              12.9610773
            ],
            [
              77.6662637,
              12.9608637
            ],
            [
              77.6665641,
              12.960801
            ],
            [
              77.6669509,
              12.9607845
            ],
            [
              77.6673634,
              12.9608219
            ],
            [
              77.6676965,
              12.9608786
            ],
            [
              77.6681225,
              12.9610153
            ],
            [
              77.6682539,
              12.9617263
            ],
            [
              77.6672454,
              12.9625209
            ],
            [
              77.6655829,
              12.96378
            ],
            [
              77.6653415,
              12.9639525
            ],
            [
              77.6647822,
              12.9632004
            ],
            [
              77.664553,
              12.9630324
            ],
            [
              77.665157,
              12.9620988
            ],
            [
              77.6652831,
              12.9619103
            ],
            [
              77.6651962,
              12.9617786
            ],
            [
              77.665341,
              12.9615851
            ],
            [
              77.6657975,
              12.9610773
            ]
          ]
        ]
      },
      "id": "way/290187542"
    },
    {
      "type": "Feature",
      "properties": {
        "@id": "way/306861065",
        "addr:district": "Bengaluru Urban",
        "addr:full": "21/2, 14th Cross, 3rd Block, Jayanagar",
        "addr:postcode": "560011",
        "addr:state": "Karnataka",
        "amenity": "hospital",
        "building": "yes",
        "building:levels": "6",
        "email": "customercarebengaluru@apollohospitals.com",
        "healthcare": "hospital",
        "healthcare:speciality": "Cardiac surgery; General and Gastro-intestinal surgery; Gynecology; Pediatric surgery; Thoracic surgery; Urology; Colorectal surgery; Cancer surgery; Orthopedics; Neurosurgery and Ear; Nose and Throat surgery",
        "name": "Apollo Speciality Hospital",
        "name:kn": "ಅಪೋಲೋ ಆಸ್ಪತ್ರೆ",
        "operator:type": "private",
        "source": "OpenGovernmentData",
        "website": "https://www.apollohospitals.com/"
      },
      "geometry": {
        "type": "Polygon",
        "coordinates": [
          [
            [
              77.5841345,
              12.9364674
            ],
            [
              77.5841318,
              12.9361197
            ],
            [
              77.5845073,
              12.9360962
            ],
            [
              77.5845529,
              12.9362321
            ],
            [
              77.5845503,
              12.9364595
            ],
            [
              77.5841345,
              12.9364674
            ]
          ]
        ]
      },
      "id": "way/306861065"
    },
    {
      "type": "Feature",
      "properties": {
        "@id": "way/307146077",
        "addr:city": "Mathikere",
        "addr:postcode": "560054",
        "addr:street": "MS Ramaiah Road",
        "amenity": "school",
        "name": "Iyer High School",
        "name:kn": "ಅಯ್ಯರ್ ಪ್ರೌಡಶಾಲೆ",
        "wheelchair": "limited"
      },
      "geometry": {
        "type": "Polygon",
        "coordinates": [
          [
            [
              77.5572864,
              13.0349486
            ],
            [
              77.5573491,
              13.035332
            ],
            [
              77.5567432,
              13.0353262
            ],
            [
              77.5567445,
              13.0349393
            ],
            [
              77.5572864,
              13.0349486
            ]
          ]
        ]
      },
      "id": "way/307146077"
    },
    {
      "type": "Feature",
      "properties": {
        "@id": "way/312368010",
        "addr:city": "Mathikere",
        "addr:district": "Bengaluru Urban",
        "addr:full": "No. 31, M. S. Ramaiah Road, Mathikere",
        "addr:postcode": "560054",
        "addr:state": "Karnataka",
        "addr:street": "MS Ramaiah Road",
        "amenity": "hospital",
        "emergency": "yes",
        "name": "Subbaiah Hospital",
        "name:kn": "ಸುಬ್ಬಯ್ಯ ಆಸ್ಪತ್ರೆ",
        "operator": "Subbaiah hospital",
        "source": "OpenGovernmentData",
        "wheelchair": "limited"
      },
      "geometry": {
        "type": "Polygon",
        "coordinates": [
          [
            [
              77.5607936,
              13.0302545
            ],
            [
              77.5606943,
              13.0303059
            ],
            [
              77.5606143,
              13.0301591
            ],
            [
              77.5607136,
              13.0301078
            ],
            [
              77.5607936,
              13.0302545
            ]
          ]
        ]
      },
      "id": "way/312368010"
    },
    {
      "type": "Feature",
      "properties": {
        "@id": "way/314079480",
        "amenity": "school",
        "name": "Basaweshwara School",
        "name:kn": "ಬಸವೇಶ್ವರ ಶಾಲೆ"
      },
      "geometry": {
        "type": "Polygon",
        "coordinates": [
          [
            [
              77.5528303,
              12.9950144
            ],
            [
              77.552792,
              12.9936445
            ],
            [
              77.5536665,
              12.9936171
            ],
            [
              77.5536927,
              12.9944441
            ],
            [
              77.5537397,
              12.9944431
            ],
            [
              77.5537648,
              12.9949787
            ],
            [
              77.5528303,
              12.9950144
            ]
          ]
        ]
      },
      "id": "way/314079480"
    },
    {
      "type": "Feature",
      "properties": {
        "@id": "way/323037303",
        "amenity": "school",
        "name": "Shishya BEML Public School"
      },
      "geometry": {
        "type": "Polygon",
        "coordinates": [
          [
            [
              77.6695693,
              12.973276
            ],
            [
              77.6692012,
              12.9735887
            ],
            [
              77.6684861,
              12.9727944
            ],
            [
              77.6688582,
              12.9724797
            ],
            [
              77.6695693,
              12.973276
            ]
          ]
        ]
      },
      "id": "way/323037303"
    },
    {
      "type": "Feature",
      "properties": {
        "@id": "way/323120232",
        "amenity": "school",
        "name": "Seventh Day Adventist School",
        "name:kn": "ಸೆವೆಂತ್ ಡೇ ಅಡ್ವೆನ್ಟಿಸ್ಟ್ ಪ್ರೌಡ ಶಾಲೆ"
      },
      "geometry": {
        "type": "Polygon",
        "coordinates": [
          [
            [
              77.6504144,
              12.9594991
            ],
            [
              77.6498249,
              12.9595663
            ],
            [
              77.6496071,
              12.9586992
            ],
            [
              77.6501052,
              12.9585638
            ],
            [
              77.6504144,
              12.9594991
            ]
          ]
        ]
      },
      "id": "way/323120232"
    },
    {
      "type": "Feature",
      "properties": {
        "@id": "way/323120612",
        "amenity": "school",
        "email": "secretary.deafaidsociety@gmail.com",
        "landuse": "education",
        "name": "Sheila Kothavala Institute for the Deaf",
        "phone": "+91 080 2526 2274",
        "short_name": "SKID",
        "start_date": "1966",
        "website": "https://deafaidsociety.in/"
      },
      "geometry": {
        "type": "Polygon",
        "coordinates": [
          [
            [
              77.6479828,
              12.9575211
            ],
            [
              77.6479308,
              12.9574242
            ],
            [
              77.6479963,
              12.9573955
            ],
            [
              77.6479688,
              12.9573447
            ],
            [
              77.6482552,
              12.9572048
            ],
            [
              77.6487091,
              12.956992
            ],
            [
              77.649134,
              12.9575576
            ],
            [
              77.6481906,
              12.9578852
            ],
            [
              77.6479828,
              12.9575211
            ]
          ]
        ]
      },
      "id": "way/323120612"
    },
    {
      "type": "Feature",
      "properties": {
        "@id": "way/323217256",
        "amenity": "school",
        "name": "Sophia School",
        "name:kn": "ಸೋಫಿಯ ಶಾಲೆ"
      },
      "geometry": {
        "type": "Polygon",
        "coordinates": [
          [
            [
              77.6535036,
              12.9555336
            ],
            [
              77.6535301,
              12.9556592
            ],
            [
              77.6534327,
              12.9556787
            ],
            [
              77.6534062,
              12.9555531
            ],
            [
              77.6535036,
              12.9555336
            ]
          ]
        ]
      },
      "id": "way/323217256"
    },
    {
      "type": "Feature",
      "properties": {
        "@id": "way/323458337",
        "amenity": "school",
        "name": "Hombegowda Boys School",
        "name:kn": "ಹೊಂಬೆಗೌಡ ಬಾಲಕರ ಶಾಲೆ"
      },
      "geometry": {
        "type": "Polygon",
        "coordinates": [
          [
            [
              77.5966209,
              12.9474577
            ],
            [
              77.5969395,
              12.9478738
            ],
            [
              77.5965067,
              12.9483474
            ],
            [
              77.59612,
              12.9479724
            ],
            [
              77.5966209,
              12.9474577
            ]
          ]
        ]
      },
      "id": "way/323458337"
    },
    {
      "type": "Feature",
      "properties": {
        "@id": "way/323458338",
        "addr:city": "Bangalore",
        "addr:postcode": "560030",
        "addr:street": "12th Main, 15th Cross, Wilson Garden",
        "amenity": "school",
        "name": "Mary Immaculate School",
        "website": "https://www.maryimmaculateschool.in/index.php"
      },
      "geometry": {
        "type": "Polygon",
        "coordinates": [
          [
            [
              77.5999649,
              12.9446792
            ],
            [
              77.5998017,
              12.9447373
            ],
            [
              77.5997119,
              12.9445001
            ],
            [
              77.5999194,
              12.9444345
            ],
            [
              77.599893,
              12.9443326
            ],
            [
              77.6000212,
              12.9442996
            ],
            [
              77.6000136,
              12.9442713
            ],
            [
              77.6004865,
              12.9441426
            ],
            [
              77.6009214,
              12.9451598
            ],
            [
              77.600977,
              12.9453139
            ],
            [
              77.6003077,
              12.9455374
            ],
            [
              77.5999649,
              12.9446792
            ]
          ]
        ]
      },
      "id": "way/323458338"
    },
    {
      "type": "Feature",
      "properties": {
        "@id": "way/325436710",
        "addr:city": "Bengaluru",
        "addr:district": "Bengaluru Urban",
        "addr:full": "14, Cunningham Road",
        "addr:postcode": "560052",
        "addr:state": "Karnataka",
        "addr:street": "Cunningham Road",
        "amenity": "hospital",
        "emergency": "yes",
        "healthcare": "hospital",
        "name": "Fortis Hospitals Limited, Bengaluru Urban",
        "name:kn": "ಫೋರ್ಟಿಸ್ ಆಸ್ಪತ್ರೆ",
        "operator": "Fortis",
        "operator:type": "private",
        "source": "OpenGovernmentData",
        "website": "https://www.fortishealthcare.com/"
      },
      "geometry": {
        "type": "Polygon",
        "coordinates": [
          [
            [
              77.5949331,
              12.9887431
            ],
            [
              77.5947264,
              12.9889265
            ],
            [
              77.5941546,
              12.988252
            ],
            [
              77.5941759,
              12.988225
            ],
            [
              77.594289,
              12.9880817
            ],
            [
              77.5943063,
              12.9880598
            ],
            [
              77.5945864,
              12.9883723
            ],
            [
              77.5945907,
              12.9883688
            ],
            [
              77.5946788,
              12.9884672
            ],
            [
              77.5946741,
              12.988471
            ],
            [
              77.5948153,
              12.988631
            ],
            [
              77.5948203,
              12.9886266
            ],
            [
              77.5949119,
              12.9887296
            ],
            [
              77.5949291,
              12.9887147
            ],
            [
              77.5949463,
              12.9887325
            ],
            [
              77.5949331,
              12.9887431
            ]
          ]
        ]
      },
      "id": "way/325436710"
    },
    {
      "type": "Feature",
      "properties": {
        "@id": "way/328758432",
        "amenity": "hospital",
        "name": "ESI Hospital",
        "name:kn": "ಇಎಸ್ಐ ಆಸ್ಪತ್ರೆ"
      },
      "geometry": {
        "type": "Polygon",
        "coordinates": [
          [
            [
              77.6522346,
              12.9951949
            ],
            [
              77.6531788,
              12.9951285
            ],
            [
              77.6531929,
              12.9953179
            ],
            [
              77.6522486,
              12.9953843
            ],
            [
              77.6522346,
              12.9951949
            ]
          ]
        ]
      },
      "id": "way/328758432"
    },
    {
      "type": "Feature",
      "properties": {
        "@id": "way/329411701",
        "amenity": "school"
      },
      "geometry": {
        "type": "Polygon",
        "coordinates": [
          [
            [
              77.656962,
              13.0098681
            ],
            [
              77.6570955,
              13.0099665
            ],
            [
              77.6569669,
              13.0101537
            ],
            [
              77.6568936,
              13.0101981
            ],
            [
              77.6568545,
              13.0100839
            ],
            [
              77.6568285,
              13.0100998
            ],
            [
              77.6568057,
              13.0100458
            ],
            [
              77.6568366,
              13.0100363
            ],
            [
              77.6568301,
              13.0100077
            ],
            [
              77.656962,
              13.0098681
            ]
          ]
        ]
      },
      "id": "way/329411701"
    },
    {
      "type": "Feature",
      "properties": {
        "@id": "way/330031500",
        "amenity": "school",
        "name": "Sri Cauvery School"
      },
      "geometry": {
        "type": "Polygon",
        "coordinates": [
          [
            [
              77.63645,
              12.9764945
            ],
            [
              77.636343,
              12.9760078
            ],
            [
              77.6369701,
              12.9760226
            ],
            [
              77.6369448,
              12.9764983
            ],
            [
              77.6366969,
              12.9764918
            ],
            [
              77.6366853,
              12.9764486
            ],
            [
              77.6364923,
              12.976486
            ],
            [
              77.63645,
              12.9764945
            ]
          ]
        ]
      },
      "id": "way/330031500"
    },
    {
      "type": "Feature",
      "properties": {
        "@id": "way/330038220",
        "amenity": "school",
        "name": "Ashraya's Children's Home"
      },
      "geometry": {
        "type": "Polygon",
        "coordinates": [
          [
            [
              77.6373169,
              12.9807206
            ],
            [
              77.6372598,
              12.980499
            ],
            [
              77.6377751,
              12.9803616
            ],
            [
              77.6377703,
              12.9806127
            ],
            [
              77.6377306,
              12.9806143
            ],
            [
              77.6373169,
              12.9807206
            ]
          ]
        ]
      },
      "id": "way/330038220"
    },
    {
      "type": "Feature",
      "properties": {
        "@id": "way/331330194",
        "addr:housenumber": "278",
        "amenity": "school",
        "building": "yes",
        "name": "Rhythms Institute of Fine Arts"
      },
      "geometry": {
        "type": "Polygon",
        "coordinates": [
          [
            [
              77.6403649,
              12.9800616
            ],
            [
              77.6403643,
              12.9801315
            ],
            [
              77.6402408,
              12.9801304
            ],
            [
              77.6402416,
              12.9800479
            ],
            [
              77.640365,
              12.980049
            ],
            [
              77.6403649,
              12.9800616
            ]
          ]
        ]
      },
      "id": "way/331330194"
    },
    {
      "type": "Feature",
      "properties": {
        "@id": "way/331365081",
        "addr:housenumber": "4",
        "addr:street": "12th Cross",
        "amenity": "hospital",
        "building": "yes",
        "healthcare": "hospital",
        "name": "Milann Fertility Center"
      },
      "geometry": {
        "type": "Polygon",
        "coordinates": [
          [
            [
              77.6380101,
              12.9788544
            ],
            [
              77.6380105,
              12.9787478
            ],
            [
              77.6381597,
              12.9787483
            ],
            [
              77.6381593,
              12.9788549
            ],
            [
              77.6380101,
              12.9788544
            ]
          ]
        ]
      },
      "id": "way/331365081"
    },
    {
      "type": "Feature",
      "properties": {
        "@id": "way/331367431",
        "amenity": "school",
        "name": "Government School",
        "name:kn": "ಸರ್ಕಾರಿ ಶಾಲೆ"
      },
      "geometry": {
        "type": "Polygon",
        "coordinates": [
          [
            [
              77.654744,
              12.9677477
            ],
            [
              77.6556583,
              12.9676181
            ],
            [
              77.6557494,
              12.9682836
            ],
            [
              77.654833,
              12.9684031
            ],
            [
              77.654744,
              12.9677477
            ]
          ]
        ]
      },
      "id": "way/331367431"
    },
    {
      "type": "Feature",
      "properties": {
        "@id": "way/331683238",
        "amenity": "school",
        "name": "Resurrection School"
      },
      "geometry": {
        "type": "Polygon",
        "coordinates": [
          [
            [
              77.6446957,
              12.9822852
            ],
            [
              77.64431,
              12.982237
            ],
            [
              77.6443171,
              12.9816795
            ],
            [
              77.6447635,
              12.9816503
            ],
            [
              77.6446957,
              12.9822852
            ]
          ]
        ]
      },
      "id": "way/331683238"
    },
    {
      "type": "Feature",
      "properties": {
        "@id": "way/332071569",
        "addr:district": "Bengaluru Urban",
        "addr:full": "#761, 7th Main, Last Bus Stop, Near Swimming pool, Mahalakshmi Layout",
        "addr:postcode": "560086",
        "addr:state": "Karnataka",
        "amenity": "hospital",
        "building": "yes",
        "healthcare": "hospital",
        "name": "Sanjeevani Hospital",
        "name:kn": "ಸಂಜೀವನಿ ಆಸ್ಪತ್ರೆ",
        "operator:type": "private",
        "source": "OpenGovernmentData",
        "website": "https://www.sanjeevinihospital.com/"
      },
      "geometry": {
        "type": "Polygon",
        "coordinates": [
          [
            [
              77.5437623,
              13.0116947
            ],
            [
              77.5439225,
              13.0115386
            ],
            [
              77.5439838,
              13.0116195
            ],
            [
              77.5439284,
              13.0116773
            ],
            [
              77.5439502,
              13.0117024
            ],
            [
              77.5439225,
              13.0117236
            ],
            [
              77.5439493,
              13.0117815
            ],
            [
              77.543884,
              13.0118449
            ],
            [
              77.5437623,
              13.0116947
            ]
          ]
        ]
      },
      "id": "way/332071569"
    },
    {
      "type": "Feature",
      "properties": {
        "@id": "way/334493050",
        "amenity": "hospital",
        "emergency": "yes",
        "healthcare": "hospital",
        "name": "Sanjay Gandhi Accident and Trauma Hospital",
        "name:etymology:wikidata": "Q730045",
        "name:kn": "ಸಂಜಯ ಗಾಂಧಿ ಆಸ್ಪತ್ರೆ"
      },
      "geometry": {
        "type": "Polygon",
        "coordinates": [
          [
            [
              77.5932473,
              12.9349533
            ],
            [
              77.5940938,
              12.9349386
            ],
            [
              77.5944231,
              12.9361689
            ],
            [
              77.5940101,
              12.9362768
            ],
            [
              77.5937713,
              12.9363392
            ],
            [
              77.5936678,
              12.936183
            ],
            [
              77.5929949,
              12.9362011
            ],
            [
              77.5927708,
              12.9362071
            ],
            [
              77.5927708,
              12.936087
            ],
            [
              77.5927659,
              12.9359789
            ],
            [
              77.5933598,
              12.9359477
            ],
            [
              77.5933622,
              12.9357868
            ],
            [
              77.5934435,
              12.935758
            ],
            [
              77.5932473,
              12.9349533
            ]
          ]
        ]
      },
      "id": "way/334493050"
    },
    {
      "type": "Feature",
      "properties": {
        "@id": "way/334493056",
        "amenity": "hospital",
        "building": "yes",
        "emergency": "yes",
        "healthcare": "hospital",
        "name": "Sanjay Gandhi Accident and Trauma Hospital",
        "name:etymology:wikidata": "Q730045",
        "name:kn": "ಸಂಜಯ ಗಾಂಧಿ ಆಸ್ಪತ್ರೆ"
      },
      "geometry": {
        "type": "Polygon",
        "coordinates": [
          [
            [
              77.5936333,
              12.935489
            ],
            [
              77.5942138,
              12.9354528
            ],
            [
              77.5942533,
              12.9360532
            ],
            [
              77.5936727,
              12.9360894
            ],
            [
              77.5936333,
              12.935489
            ]
          ]
        ]
      },
      "id": "way/334493056"
    },
    {
      "type": "Feature",
      "properties": {
        "@id": "way/335169247",
        "amenity": "school",
        "name": "BBMP Vidya Mandir School"
      },
      "geometry": {
        "type": "Polygon",
        "coordinates": [
          [
            [
              77.5722435,
              13.0030532
            ],
            [
              77.5728577,
              13.0030569
            ],
            [
              77.5728583,
              13.0032262
            ],
            [
              77.5728391,
              13.0032251
            ],
            [
              77.5728156,
              13.0032409
            ],
            [
              77.5727446,
              13.003255
            ],
            [
              77.5722395,
              13.0032664
            ],
            [
              77.5722435,
              13.0030532
            ]
          ]
        ]
      },
      "id": "way/335169247"
    },
    {
      "type": "Feature",
      "properties": {
        "@id": "way/335172719",
        "amenity": "school",
        "name": "Gandhi Nagar High School",
        "name:kn": "ಗಾಂಧಿನಗರ ಪೌಡಶಾಲೆ"
      },
      "geometry": {
        "type": "Polygon",
        "coordinates": [
          [
            [
              77.5791234,
              12.9911697
            ],
            [
              77.5787164,
              12.9912955
            ],
            [
              77.5784793,
              12.9905579
            ],
            [
              77.5786918,
              12.990499
            ],
            [
              77.5791234,
              12.9911697
            ]
          ]
        ]
      },
      "id": "way/335172719"
    },
    {
      "type": "Feature",
      "properties": {
        "@id": "way/337987686",
        "amenity": "hospital",
        "healthcare": "hospital",
        "name": "Leprosy Hospital"
      },
      "geometry": {
        "type": "Polygon",
        "coordinates": [
          [
            [
              77.5650884,
              12.975074
            ],
            [
              77.5648577,
              12.9754308
            ],
            [
              77.5643777,
              12.9756047
            ],
            [
              77.5642512,
              12.9755907
            ],
            [
              77.5629561,
              12.9754479
            ],
            [
              77.5630258,
              12.9747892
            ],
            [
              77.5631586,
              12.9733045
            ],
            [
              77.5638984,
              12.9734141
            ],
            [
              77.5647794,
              12.9736183
            ],
            [
              77.5648704,
              12.9743718
            ],
            [
              77.5650884,
              12.975074
            ]
          ]
        ]
      },
      "id": "way/337987686"
    },
    {
      "type": "Feature",
      "properties": {
        "@id": "way/338104350",
        "amenity": "school",
        "name": "Government Kannada Primary School",
        "name:kn": "ಸರ್ಕಾರಿ ಕನ್ನಡ ಪ್ರಾಥಮಿಕ ಶಾಲೆ",
        "operator": "government"
      },
      "geometry": {
        "type": "Polygon",
        "coordinates": [
          [
            [
              77.6635223,
              12.9903059
            ],
            [
              77.6635227,
              12.9901653
            ],
            [
              77.6636361,
              12.9901656
            ],
            [
              77.6636357,
              12.9903062
            ],
            [
              77.6635223,
              12.9903059
            ]
          ]
        ]
      },
      "id": "way/338104350"
    },
    {
      "type": "Feature",
      "properties": {
        "@id": "way/338317081",
        "addr:city": "Bangalore",
        "addr:street": "Ashoka Pilla Circle",
        "amenity": "school",
        "name": "Parikrama",
        "name:kn": "ಪ್ರದಕ್ಷಿಣೆ",
        "website": "https://www.parikrmafoundation.org/"
      },
      "geometry": {
        "type": "Polygon",
        "coordinates": [
          [
            [
              77.585349,
              12.9424904
            ],
            [
              77.5853469,
              12.9423289
            ],
            [
              77.5857299,
              12.9423242
            ],
            [
              77.585732,
              12.9424856
            ],
            [
              77.585349,
              12.9424904
            ]
          ]
        ]
      },
      "id": "way/338317081"
    },
    {
      "type": "Feature",
      "properties": {
        "@id": "way/339095607",
        "addr:district": "Bengaluru Urban",
        "addr:full": "19, 2nd Main Road, 1st Phase Peenya Industrial Area",
        "addr:postcode": "560058",
        "addr:state": "Karnataka",
        "amenity": "hospital",
        "building": "hospital",
        "emergency": "yes",
        "healthcare": "hospital",
        "name": "Ravi Kirloskar Memorial Hospital",
        "name:kn": "ರವಿ ಕಿರ್ಲೊಸ್ಕರ್ ಆಸ್ಪತ್ರೆ",
        "source": "OpenGovernmentData"
      },
      "geometry": {
        "type": "Polygon",
        "coordinates": [
          [
            [
              77.5276267,
              13.0384418
            ],
            [
              77.5275774,
              13.0383495
            ],
            [
              77.5281848,
              13.0380418
            ],
            [
              77.5282644,
              13.038191
            ],
            [
              77.5278102,
              13.0384211
            ],
            [
              77.5278845,
              13.0385605
            ],
            [
              77.5277282,
              13.0386396
            ],
            [
              77.5276465,
              13.0384866
            ],
            [
              77.5275069,
              13.0385573
            ],
            [
              77.5276472,
              13.0388203
            ],
            [
              77.5275031,
              13.0388933
            ],
            [
              77.527358,
              13.0386215
            ],
            [
              77.5273397,
              13.0385872
            ],
            [
              77.5276267,
              13.0384418
            ]
          ]
        ]
      },
      "id": "way/339095607"
    },
    {
      "type": "Feature",
      "properties": {
        "@id": "way/340255765",
        "amenity": "school",
        "brand": "Kendriya Vidyalaya",
        "brand:wikidata": "Q1156653",
        "name": "Kendriya Vidyalaya NAL",
        "name:kn": "ಕೇಂದ್ರಿಯ ವಿದ್ಯಾಲಯ",
        "operator:type": "government_non_profit"
      },
      "geometry": {
        "type": "Polygon",
        "coordinates": [
          [
            [
              77.6559696,
              12.9648762
            ],
            [
              77.6560639,
              12.9653567
            ],
            [
              77.6560446,
              12.965553
            ],
            [
              77.6559745,
              12.9659337
            ],
            [
              77.6560519,
              12.9662784
            ],
            [
              77.6560767,
              12.9663889
            ],
            [
              77.655209,
              12.9664842
            ],
            [
              77.6550949,
              12.9660917
            ],
            [
              77.6548092,
              12.9650586
            ],
            [
              77.6559696,
              12.9648762
            ]
          ]
        ]
      },
      "id": "way/340255765"
    },
    {
      "type": "Feature",
      "properties": {
        "@id": "way/340255766",
        "amenity": "school",
        "name": "Poorna Prajna Education Centre"
      },
      "geometry": {
        "type": "Polygon",
        "coordinates": [
          [
            [
              77.6562295,
              12.9721779
            ],
            [
              77.656942,
              12.9720964
            ],
            [
              77.6570176,
              12.9721432
            ],
            [
              77.6562889,
              12.9730706
            ],
            [
              77.6562295,
              12.9721779
            ]
          ]
        ]
      },
      "id": "way/340255766"
    },
    {
      "type": "Feature",
      "properties": {
        "@id": "way/345917371",
        "addr:city": "Ejipura",
        "addr:postcode": "560047",
        "addr:street": "Sri Rama Temple Road",
        "addr:suburb": "Ejipura",
        "alt_name": "GHS Ejipura",
        "amenity": "school",
        "building": "school",
        "building:levels": "4",
        "capacity": "120",
        "max_age": "16",
        "min_age": "13",
        "name": "Government High School",
        "name:kn": "ಸರ್ಕಾರಿ ಪ್ರೌಢಶಾಲೆ",
        "operator": "Government",
        "wheelchair": "yes"
      },
      "geometry": {
        "type": "Polygon",
        "coordinates": [
          [
            [
              77.6287695,
              12.9448194
            ],
            [
              77.6287629,
              12.9446627
            ],
            [
              77.6288814,
              12.9446579
            ],
            [
              77.628888,
              12.9448146
            ],
            [
              77.6287695,
              12.9448194
            ]
          ]
        ]
      },
      "id": "way/345917371"
    },
    {
      "type": "Feature",
      "properties": {
        "@id": "way/345954862",
        "addr:district": "Bengaluru Urban",
        "addr:full": "No 1 Moore Market Square, Bourdillon Road, Fraser Town",
        "addr:postcode": "560005",
        "addr:state": "Karnataka",
        "amenity": "hospital",
        "building": "yes",
        "name": "Annasawmy Mudaliar General Hospital",
        "name:kn": "ಅಣ್ಣಸ್ವಾಮಿ ಮೊದಲಿಯಾರ್",
        "source": "OpenGovernmentData"
      },
      "geometry": {
        "type": "Polygon",
        "coordinates": [
          [
            [
              77.6143285,
              12.9998648
            ],
            [
              77.614639,
              12.9998316
            ],
            [
              77.6146687,
              13.0000958
            ],
            [
              77.6143583,
              13.000129
            ],
            [
              77.6143285,
              12.9998648
            ]
          ]
        ]
      },
      "id": "way/345954862"
    },
    {
      "type": "Feature",
      "properties": {
        "@id": "way/345964025",
        "addr:city": "Bangalore",
        "addr:district": "Bengaluru Urban",
        "addr:housenumber": "3367/A",
        "addr:neighborhood": "HAL 2nd Stage",
        "addr:postcode": "560008",
        "addr:street": "13th Main Road",
        "amenity": "hospital",
        "building": "yes",
        "building:levels": "3",
        "healthcare": "alternative",
        "healthcare:speciality": "ayurveda",
        "image": "https://arthayurvedaworld.com/cdn/shop/files/Arth_Ayurveda.jpg?v=1679538247&width=750",
        "name": "Arth Ayurveda World",
        "operator": "Private"
      },
      "geometry": {
        "type": "Polygon",
        "coordinates": [
          [
            [
              77.6457104,
              12.9686181
            ],
            [
              77.6457171,
              12.9684341
            ],
            [
              77.6458392,
              12.9684384
            ],
            [
              77.6458324,
              12.9686223
            ],
            [
              77.6457104,
              12.9686181
            ]
          ]
        ]
      },
      "id": "way/345964025"
    },
    {
      "type": "Feature",
      "properties": {
        "@id": "way/346508060",
        "amenity": "school",
        "name": "Lourdes High School"
      },
      "geometry": {
        "type": "Polygon",
        "coordinates": [
          [
            [
              77.5850287,
              12.9663009
            ],
            [
              77.5850172,
              12.966264
            ],
            [
              77.5850021,
              12.9662159
            ],
            [
              77.5849792,
              12.9661422
            ],
            [
              77.5851888,
              12.9660803
            ],
            [
              77.5852382,
              12.966239
            ],
            [
              77.5850287,
              12.9663009
            ]
          ]
        ]
      },
      "id": "way/346508060"
    },
    {
      "type": "Feature",
      "properties": {
        "@id": "way/346521829",
        "addr:postcode": "560043",
        "addr:street": "2nd Cross Road",
        "amenity": "hospital",
        "building:levels": "2",
        "healthcare": "hospital",
        "name": "Indicus"
      },
      "geometry": {
        "type": "Polygon",
        "coordinates": [
          [
            [
              77.6464084,
              13.014689
            ],
            [
              77.6463883,
              13.0145451
            ],
            [
              77.6465043,
              13.0145298
            ],
            [
              77.6465243,
              13.0146737
            ],
            [
              77.6464084,
              13.014689
            ]
          ]
        ]
      },
      "id": "way/346521829"
    },
    {
      "type": "Feature",
      "properties": {
        "@id": "way/346537092",
        "addr:district": "Bengaluru Urban",
        "addr:full": "Richmond Town, Bengaluru",
        "addr:postcode": "560025",
        "addr:state": "Karnataka",
        "amenity": "hospital",
        "building": "hospital",
        "name": "Fortis La Femme Hospital",
        "source": "Local Knowledge"
      },
      "geometry": {
        "type": "Polygon",
        "coordinates": [
          [
            [
              77.6094872,
              12.9658525
            ],
            [
              77.6097999,
              12.9655116
            ],
            [
              77.6099449,
              12.9656379
            ],
            [
              77.6096322,
              12.9659788
            ],
            [
              77.6094872,
              12.9658525
            ]
          ]
        ]
      },
      "id": "way/346537092"
    },
    {
      "type": "Feature",
      "properties": {
        "@id": "way/346545251",
        "addr:city": "Basaveshwara Nagar, Bangalore",
        "amenity": "school",
        "building": "school",
        "building:levels": "2",
        "check_date": "2025-12-20",
        "name": "St Charles High School",
        "wheelchair": "yes"
      },
      "geometry": {
        "type": "Polygon",
        "coordinates": [
          [
            [
              77.5422402,
              12.9966821
            ],
            [
              77.5422354,
              12.9965228
            ],
            [
              77.5423559,
              12.9965194
            ],
            [
              77.5423547,
              12.9964798
            ],
            [
              77.5424789,
              12.9964763
            ],
            [
              77.5424795,
              12.9964977
            ],
            [
              77.5424991,
              12.9964971
            ],
            [
              77.5425004,
              12.9965384
            ],
            [
              77.5424782,
              12.996539
            ],
            [
              77.5422402,
              12.9966821
            ]
          ]
        ]
      },
      "id": "way/346545251"
    },
    {
      "type": "Feature",
      "properties": {
        "@id": "way/346554916",
        "amenity": "school",
        "name": "SSB International School"
      },
      "geometry": {
        "type": "Polygon",
        "coordinates": [
          [
            [
              77.6398324,
              12.97366
            ],
            [
              77.6398317,
              12.9734572
            ],
            [
              77.6402327,
              12.9734587
            ],
            [
              77.6402317,
              12.9738532
            ],
            [
              77.6399129,
              12.9738525
            ],
            [
              77.6398412,
              12.973852
            ],
            [
              77.6398324,
              12.97366
            ]
          ]
        ]
      },
      "id": "way/346554916"
    },
    {
      "type": "Feature",
      "properties": {
        "@id": "way/346711854",
        "addr:city": "Bangalore",
        "addr:district": "Bengaluru Urban",
        "addr:full": "17/4, Cambridge Road, Ulsoor",
        "addr:housenumber": "17/4",
        "addr:postcode": "560008",
        "addr:state": "Karnataka",
        "addr:street": "Cambridge Road",
        "amenity": "hospital",
        "emergency": "no",
        "healthcare": "hospital",
        "name": "Shyamala Hospital",
        "name:kn": "ಶ್ಯಾಮಲಾ ಆಸ್ಪತ್ರೆ",
        "source": "OpenGovernmentData"
      },
      "geometry": {
        "type": "Polygon",
        "coordinates": [
          [
            [
              77.6273949,
              12.9714615
            ],
            [
              77.6274874,
              12.9713248
            ],
            [
              77.6275932,
              12.9713928
            ],
            [
              77.6275007,
              12.9715295
            ],
            [
              77.6273949,
              12.9714615
            ]
          ]
        ]
      },
      "id": "way/346711854"
    },
    {
      "type": "Feature",
      "properties": {
        "@id": "way/346876264",
        "amenity": "school",
        "building": "yes",
        "name": "Nirmala Rani High School",
        "name:kn": "ನಿರ್ಮಲ ರಾಣಿ ಪ್ರೌಢಶಾಲೆ"
      },
      "geometry": {
        "type": "Polygon",
        "coordinates": [
          [
            [
              77.5613482,
              13.0090815
            ],
            [
              77.5614697,
              13.0090763
            ],
            [
              77.5614779,
              13.0092569
            ],
            [
              77.5618022,
              13.0092429
            ],
            [
              77.5618578,
              13.0091031
            ],
            [
              77.5619879,
              13.0091005
            ],
            [
              77.561884,
              13.0093503
            ],
            [
              77.5613543,
              13.0093612
            ],
            [
              77.5613482,
              13.0090815
            ]
          ]
        ]
      },
      "id": "way/346876264"
    },
    {
      "type": "Feature",
      "properties": {
        "@id": "way/347071790",
        "amenity": "hospital",
        "healthcare": "hospital",
        "name": "Medicare Diagnostics"
      },
      "geometry": {
        "type": "Polygon",
        "coordinates": [
          [
            [
              77.5586356,
              13.0285299
            ],
            [
              77.5588023,
              13.0284631
            ],
            [
              77.5588245,
              13.0285156
            ],
            [
              77.5586578,
              13.0285824
            ],
            [
              77.5586356,
              13.0285299
            ]
          ]
        ]
      },
      "id": "way/347071790"
    },
    {
      "type": "Feature",
      "properties": {
        "@id": "way/347074890",
        "addr:district": "Bengaluru Urban",
        "addr:full": "17, Dr.M.H.Mari Gowda Road, Opp Wilson Garden",
        "addr:postcode": "560027",
        "addr:state": "Karnataka",
        "amenity": "hospital",
        "healthcare": "hospital",
        "healthcare:speciality": "Neuro Psychiatry; Neuro Surgery; Oncology; Orthopaedics; Joint Replacements; General Surgery",
        "name": "Abhaya Hospital",
        "name:kn": "ಅಭಯ ಆಸ್ಪತ್ರೆ",
        "operator:type": "private",
        "source": "OpenGovernmentData",
        "website": "https://www.abhayahospital.org/",
        "wheelchair": "yes"
      },
      "geometry": {
        "type": "Polygon",
        "coordinates": [
          [
            [
              77.5947615,
              12.9464982
            ],
            [
              77.594594,
              12.946203
            ],
            [
              77.5948157,
              12.9460615
            ],
            [
              77.5949738,
              12.9463265
            ],
            [
              77.5947615,
              12.9464982
            ]
          ]
        ]
      },
      "id": "way/347074890"
    },
    {
      "type": "Feature",
      "properties": {
        "@id": "way/347117994",
        "addr:housenumber": "24",
        "amenity": "school",
        "name": "Sarkari Hiriya Prarthmik Shale",
        "name:kn": "ಸರ್ಕಾರಿ ಹಿರಿಯ ಪ್ರಾಥಮಿಕ ಶಾಲೆ"
      },
      "geometry": {
        "type": "Polygon",
        "coordinates": [
          [
            [
              77.6431257,
              12.9817551
            ],
            [
              77.6430734,
              12.9816367
            ],
            [
              77.6430294,
              12.9815338
            ],
            [
              77.6431637,
              12.9814789
            ],
            [
              77.6432399,
              12.9817028
            ],
            [
              77.6431257,
              12.9817551
            ]
          ]
        ]
      },
      "id": "way/347117994"
    },
    {
      "type": "Feature",
      "properties": {
        "@id": "way/347120731",
        "amenity": "hospital",
        "building": "yes",
        "healthcare": "hospital",
        "name": "MS Diabetes Speciality Center"
      },
      "geometry": {
        "type": "Polygon",
        "coordinates": [
          [
            [
              77.6459589,
              12.9807729
            ],
            [
              77.6459745,
              12.9806426
            ],
            [
              77.6460631,
              12.9806472
            ],
            [
              77.6460518,
              12.9807786
            ],
            [
              77.6459589,
              12.9807729
            ]
          ]
        ]
      },
      "id": "way/347120731"
    },
    {
      "type": "Feature",
      "properties": {
        "@id": "way/347120887",
        "amenity": "school",
        "building": "yes",
        "name": "Vatican High School"
      },
      "geometry": {
        "type": "Polygon",
        "coordinates": [
          [
            [
              77.598624,
              13.0268967
            ],
            [
              77.5986587,
              13.0267496
            ],
            [
              77.5985812,
              13.0267322
            ],
            [
              77.5985929,
              13.0266826
            ],
            [
              77.5986361,
              13.0266923
            ],
            [
              77.5986519,
              13.0266255
            ],
            [
              77.598823,
              13.0266638
            ],
            [
              77.5987987,
              13.0267671
            ],
            [
              77.5987813,
              13.0267632
            ],
            [
              77.5987435,
              13.0269234
            ],
            [
              77.598624,
              13.0268967
            ]
          ]
        ]
      },
      "id": "way/347120887"
    },
    {
      "type": "Feature",
      "properties": {
        "@id": "way/347167749",
        "amenity": "hospital",
        "healthcare": "hospital",
        "name": "BBMP Maternity Hospital",
        "name:kn": "ಸರಕಾರಿ ಹೆರಿಗೆ ಆಸ್ಪತ್ರೆ"
      },
      "geometry": {
        "type": "Polygon",
        "coordinates": [
          [
            [
              77.5969043,
              12.9496434
            ],
            [
              77.5963574,
              12.9493822
            ],
            [
              77.5967521,
              12.9487525
            ],
            [
              77.5972587,
              12.9493222
            ],
            [
              77.5969043,
              12.9496434
            ]
          ]
        ]
      },
      "id": "way/347167749"
    },
    {
      "type": "Feature",
      "properties": {
        "@id": "way/347175871",
        "addr:city": "Gandhi Nagar, Bangalore",
        "addr:housename": "Near Gandhrava Uapahara",
        "addr:street": "4th Cross",
        "amenity": "hospital",
        "building": "yes",
        "emergency": "no",
        "healthcare": "hospital",
        "name": "Ramakrishna Clinic"
      },
      "geometry": {
        "type": "Polygon",
        "coordinates": [
          [
            [
              77.5744059,
              12.978747
            ],
            [
              77.5744195,
              12.9786302
            ],
            [
              77.5745168,
              12.978641
            ],
            [
              77.5745031,
              12.9787577
            ],
            [
              77.5744059,
              12.978747
            ]
          ]
        ]
      },
      "id": "way/347175871"
    },
    {
      "type": "Feature",
      "properties": {
        "@id": "way/347236390",
        "amenity": "hospital",
        "healthcare": "hospital"
      },
      "geometry": {
        "type": "Polygon",
        "coordinates": [
          [
            [
              77.6288015,
              12.9347551
            ],
            [
              77.6286952,
              12.9346713
            ],
            [
              77.6287616,
              12.9345912
            ],
            [
              77.6288679,
              12.9346749
            ],
            [
              77.6288015,
              12.9347551
            ]
          ]
        ]
      },
      "id": "way/347236390"
    },
    {
      "type": "Feature",
      "properties": {
        "@id": "way/347236718",
        "addr:city": "Bangalore",
        "addr:district": "Bengaluru Urban",
        "addr:housenumber": "224",
        "addr:postcode": "560034",
        "addr:street": "5th Cross Road, 4th block",
        "amenity": "hospital",
        "building:levels": "2",
        "healthcare": "hospital",
        "healthcare:speciality": "dentistry;prosthodontist;pediatric_dentist",
        "name": "Proteeth Dental"
      },
      "geometry": {
        "type": "Polygon",
        "coordinates": [
          [
            [
              77.6284811,
              12.934677
            ],
            [
              77.6284131,
              12.934633
            ],
            [
              77.6284534,
              12.9345739
            ],
            [
              77.6285213,
              12.9346178
            ],
            [
              77.6284811,
              12.934677
            ]
          ]
        ]
      },
      "id": "way/347236718"
    },
    {
      "type": "Feature",
      "properties": {
        "@id": "way/347485349",
        "amenity": "hospital",
        "building": "commercial",
        "building:levels": "5",
        "name": "Apollo Hospital",
        "name:kn": "ಅಪೋಲೋ ಆಸ್ಪತ್ರೆ"
      },
      "geometry": {
        "type": "Polygon",
        "coordinates": [
          [
            [
              77.5724041,
              12.9884441
            ],
            [
              77.5723935,
              12.9882678
            ],
            [
              77.5724584,
              12.9882641
            ],
            [
              77.5724573,
              12.9882448
            ],
            [
              77.5726625,
              12.9882331
            ],
            [
              77.5726635,
              12.9882507
            ],
            [
              77.5727421,
              12.9882462
            ],
            [
              77.572853,
              12.9883063
            ],
            [
              77.5729959,
              12.9882981
            ],
            [
              77.5730017,
              12.9883951
            ],
            [
              77.5726759,
              12.9884137
            ],
            [
              77.5726774,
              12.9884392
            ],
            [
              77.5724773,
              12.9884507
            ],
            [
              77.5724766,
              12.9884399
            ],
            [
              77.5724041,
              12.9884441
            ]
          ]
        ]
      },
      "id": "way/347485349"
    },
    {
      "type": "Feature",
      "properties": {
        "@id": "way/347485414",
        "amenity": "school",
        "name": "Government Girls High School",
        "name:kn": "ಸರ್ಕಾರಿ ಬಾಲಕಿಯರ ಪ್ರೌಡಶಾಲೆ"
      },
      "geometry": {
        "type": "Polygon",
        "coordinates": [
          [
            [
              77.566879,
              13.0030588
            ],
            [
              77.5668818,
              13.0025437
            ],
            [
              77.567449,
              13.0025467
            ],
            [
              77.5674461,
              13.0030618
            ],
            [
              77.5672045,
              13.0030605
            ],
            [
              77.566879,
              13.0030588
            ]
          ]
        ]
      },
      "id": "way/347485414"
    },
    {
      "type": "Feature",
      "properties": {
        "@id": "way/347497660",
        "addr:district": "Bengaluru Urban",
        "addr:full": "334, 3rd Stage, 4th Block, Basaveshwaranagar",
        "addr:postcode": "560079",
        "addr:state": "Karnataka",
        "amenity": "hospital",
        "building": "hospital",
        "healthcare": "hospital",
        "name": "Supra Hospital",
        "operator:type": "private",
        "website": "http://www.panaceahospital.com/"
      },
      "geometry": {
        "type": "Polygon",
        "coordinates": [
          [
            [
              77.5385401,
              12.9927873
            ],
            [
              77.5387084,
              12.9927273
            ],
            [
              77.5387508,
              12.9928401
            ],
            [
              77.5385824,
              12.9929001
            ],
            [
              77.5385401,
              12.9927873
            ]
          ]
        ]
      },
      "id": "way/347497660"
    },
    {
      "type": "Feature",
      "properties": {
        "@id": "way/347497848",
        "addr:city": "Basaveshwara Nagar, Bangalore",
        "addr:housenumber": "334",
        "addr:postcode": "560079",
        "addr:street": "8th Main, 3rd Stage",
        "amenity": "hospital",
        "building": "yes",
        "emergency": "yes",
        "healthcare": "hospital",
        "name": "GM Hospital",
        "wheelchair": "yes"
      },
      "geometry": {
        "type": "Polygon",
        "coordinates": [
          [
            [
              77.5385897,
              12.9929167
            ],
            [
              77.5387518,
              12.9928589
            ],
            [
              77.5387957,
              12.9929758
            ],
            [
              77.5386336,
              12.9930336
            ],
            [
              77.5385897,
              12.9929167
            ]
          ]
        ]
      },
      "id": "way/347497848"
    },
    {
      "type": "Feature",
      "properties": {
        "@id": "way/347505016",
        "amenity": "school",
        "building": "yes",
        "name": "Magadi Karanikara Vaidika Dharma Pathashala Trust",
        "name:kn": "ಮಾಗಡಿ ಕರಣಿಕರ ವೈಧಿಕ ಧರ್ಮ ಪಾಠಶಾಲೆ"
      },
      "geometry": {
        "type": "Polygon",
        "coordinates": [
          [
            [
              77.5705804,
              12.9480889
            ],
            [
              77.570588,
              12.9477482
            ],
            [
              77.5708454,
              12.9477536
            ],
            [
              77.5708378,
              12.9480943
            ],
            [
              77.5705804,
              12.9480889
            ]
          ]
        ]
      },
      "id": "way/347505016"
    },
    {
      "type": "Feature",
      "properties": {
        "@id": "way/347528875",
        "amenity": "school",
        "building": "school",
        "name": "Sree Saraswathi Vidya Mandira",
        "name:kn": "ಶ್ರೀ ಸರಸ್ವತಿ ವಿದ್ಯಾ ಮಂದಿರ"
      },
      "geometry": {
        "type": "Polygon",
        "coordinates": [
          [
            [
              77.5777478,
              12.9507296
            ],
            [
              77.5777478,
              12.9505987
            ],
            [
              77.5779168,
              12.9505987
            ],
            [
              77.5779168,
              12.9507296
            ],
            [
              77.5777478,
              12.9507296
            ]
          ]
        ]
      },
      "id": "way/347528875"
    },
    {
      "type": "Feature",
      "properties": {
        "@id": "way/348134936",
        "amenity": "school",
        "building": "yes",
        "name": "Government School",
        "name:kn": "ಸರ್ಕಾರಿ ಶಾಲೆ"
      },
      "geometry": {
        "type": "Polygon",
        "coordinates": [
          [
            [
              77.6614362,
              12.9588364
            ],
            [
              77.6614303,
              12.958718
            ],
            [
              77.6614965,
              12.9587148
            ],
            [
              77.6615024,
              12.9588333
            ],
            [
              77.6614362,
              12.9588364
            ]
          ]
        ]
      },
      "id": "way/348134936"
    },
    {
      "type": "Feature",
      "properties": {
        "@id": "way/348272691",
        "amenity": "school",
        "building": "yes",
        "name": "Martin Luther School",
        "name:kn": "ಮಾರ್ಟಿನ್ ಲೂಥರ್ ಶಾಲೆ"
      },
      "geometry": {
        "type": "Polygon",
        "coordinates": [
          [
            [
              77.5483341,
              12.9400287
            ],
            [
              77.5486157,
              12.9399539
            ],
            [
              77.5487146,
              12.9403074
            ],
            [
              77.5486299,
              12.9403299
            ],
            [
              77.5485996,
              12.9402217
            ],
            [
              77.5484027,
              12.940274
            ],
            [
              77.5483341,
              12.9400287
            ]
          ]
        ]
      },
      "id": "way/348272691"
    },
    {
      "type": "Feature",
      "properties": {
        "@id": "way/348273191",
        "amenity": "school",
        "building": "yes",
        "name": "Martin Luther School",
        "name:kn": "ಮಾರ್ಟಿನ್ ಲೂಥರ್ ಶಾಲೆ"
      },
      "geometry": {
        "type": "Polygon",
        "coordinates": [
          [
            [
              77.5487098,
              12.9400304
            ],
            [
              77.5486702,
              12.9399012
            ],
            [
              77.5489031,
              12.9398335
            ],
            [
              77.5489426,
              12.9399627
            ],
            [
              77.5487098,
              12.9400304
            ]
          ]
        ]
      },
      "id": "way/348273191"
    },
    {
      "type": "Feature",
      "properties": {
        "@id": "way/348287598",
        "addr:district": "Bengaluru Urban",
        "addr:full": "SBM Colony, Banashankari, Bengaluru",
        "addr:state": "Karnataka",
        "amenity": "hospital",
        "building": "yes",
        "name": "Prashanth Hospitals",
        "name:kn": "ಪಿಇಎಸ್ ವಿಶ್ವವಿದ್ಯಾಲಯ ಕ್ರಿಕೆಟ್ ಮೈದಾನ",
        "source": "Local Knowledge"
      },
      "geometry": {
        "type": "Polygon",
        "coordinates": [
          [
            [
              77.5512468,
              12.9391198
            ],
            [
              77.5514089,
              12.9391862
            ],
            [
              77.5513785,
              12.9392567
            ],
            [
              77.5512164,
              12.9391903
            ],
            [
              77.5512468,
              12.9391198
            ]
          ]
        ]
      },
      "id": "way/348287598"
    },
    {
      "type": "Feature",
      "properties": {
        "@id": "way/348459990",
        "amenity": "school",
        "name:en": "Vivekananda School",
        "name:kn": "ವಿವೇಕಾನಂದ ಶಾಲೆ"
      },
      "geometry": {
        "type": "Polygon",
        "coordinates": [
          [
            [
              77.5542521,
              12.9412145
            ],
            [
              77.5542457,
              12.9409192
            ],
            [
              77.5545453,
              12.940913
            ],
            [
              77.5545517,
              12.9412084
            ],
            [
              77.5542521,
              12.9412145
            ]
          ]
        ]
      },
      "id": "way/348459990"
    },
    {
      "type": "Feature",
      "properties": {
        "@id": "way/348460058",
        "amenity": "school",
        "building": "yes",
        "name": "Holy Saint High School"
      },
      "geometry": {
        "type": "Polygon",
        "coordinates": [
          [
            [
              77.5504091,
              12.9355162
            ],
            [
              77.550725,
              12.935379
            ],
            [
              77.5507649,
              12.9354662
            ],
            [
              77.550449,
              12.9356034
            ],
            [
              77.5504091,
              12.9355162
            ]
          ]
        ]
      },
      "id": "way/348460058"
    },
    {
      "type": "Feature",
      "properties": {
        "@id": "way/348460459",
        "amenity": "school",
        "building": "yes",
        "name": "JHS school"
      },
      "geometry": {
        "type": "Polygon",
        "coordinates": [
          [
            [
              77.5503081,
              12.9374359
            ],
            [
              77.5502445,
              12.9373519
            ],
            [
              77.5504702,
              12.9371895
            ],
            [
              77.5505338,
              12.9372735
            ],
            [
              77.5503081,
              12.9374359
            ]
          ]
        ]
      },
      "id": "way/348460459"
    },
    {
      "type": "Feature",
      "properties": {
        "@id": "way/348478873",
        "amenity": "school",
        "building": "yes",
        "name": "Vidyashankari English School",
        "name:kn": "ವಿದ್ಯಾಶಂಕರಿ ಇಂಗ್ಲಿಷ್ ಶಾಲೆ"
      },
      "geometry": {
        "type": "Polygon",
        "coordinates": [
          [
            [
              77.5522685,
              12.9380869
            ],
            [
              77.5522434,
              12.938007
            ],
            [
              77.5523581,
              12.9379728
            ],
            [
              77.5523832,
              12.9380527
            ],
            [
              77.5522685,
              12.9380869
            ]
          ]
        ]
      },
      "id": "way/348478873"
    },
    {
      "type": "Feature",
      "properties": {
        "@id": "way/348478886",
        "amenity": "school",
        "building": "yes",
        "name": "VSS Public School"
      },
      "geometry": {
        "type": "Polygon",
        "coordinates": [
          [
            [
              77.5515062,
              12.9381737
            ],
            [
              77.5514581,
              12.9380206
            ],
            [
              77.5516882,
              12.937952
            ],
            [
              77.5517362,
              12.9381052
            ],
            [
              77.5515062,
              12.9381737
            ]
          ]
        ]
      },
      "id": "way/348478886"
    },
    {
      "type": "Feature",
      "properties": {
        "@id": "way/348827364",
        "addr:city": "Bengaluru",
        "addr:district": "Bengaluru Urban",
        "addr:full": "6/7/8, 4th Main, 18th Cross, Chitrashilpi Venkatappa Road, Malleshwaram",
        "addr:housenumber": "6,7,8",
        "addr:postcode": "560003",
        "addr:state": "Karnataka",
        "addr:street": "18th Cross Road",
        "addr:unit": "Chitrashilpi Venkatappa Road",
        "amenity": "hospital",
        "building": "hospital",
        "email": "info@vagushospital.com",
        "healthcare": "hospital",
        "healthcare:speciality": "multi speciality",
        "name": "Vagus Super Speciality Hospital",
        "operator:type": "private",
        "phone": "080-23569970",
        "source": "OpenGovernmentData",
        "website": "https://www.vagushospital.com/"
      },
      "geometry": {
        "type": "Polygon",
        "coordinates": [
          [
            [
              77.5682529,
              13.0085588
            ],
            [
              77.5682498,
              13.0084024
            ],
            [
              77.5685903,
              13.0083958
            ],
            [
              77.5685935,
              13.0085522
            ],
            [
              77.5682529,
              13.0085588
            ]
          ]
        ]
      },
      "id": "way/348827364"
    },
    {
      "type": "Feature",
      "properties": {
        "@id": "way/350750824",
        "addr:postcode": "560043,",
        "addr:street": "8th Main Road (west)",
        "amenity": "hospital",
        "check_date": "2024-09-18",
        "name": "Ovum Hospitals"
      },
      "geometry": {
        "type": "Polygon",
        "coordinates": [
          [
            [
              77.6431868,
              13.0171877
            ],
            [
              77.6431868,
              13.0170766
            ],
            [
              77.6434018,
              13.017072
            ],
            [
              77.6434021,
              13.0171847
            ],
            [
              77.6432248,
              13.0171877
            ],
            [
              77.6431868,
              13.0171877
            ]
          ]
        ]
      },
      "id": "way/350750824"
    },
    {
      "type": "Feature",
      "properties": {
        "@id": "way/353374337",
        "amenity": "school",
        "name": "Florence School"
      },
      "geometry": {
        "type": "Polygon",
        "coordinates": [
          [
            [
              77.5926382,
              13.0222832
            ],
            [
              77.5926116,
              13.0218823
            ],
            [
              77.5930414,
              13.0217705
            ],
            [
              77.5931405,
              13.0221271
            ],
            [
              77.5926382,
              13.0222832
            ]
          ]
        ]
      },
      "id": "way/353374337"
    },
    {
      "type": "Feature",
      "properties": {
        "@id": "way/354497944",
        "amenity": "hospital",
        "healthcare": "hospital",
        "name": "ChanRe Rheumatology And Immunology Center And Research"
      },
      "geometry": {
        "type": "Polygon",
        "coordinates": [
          [
            [
              77.5353788,
              12.9956509
            ],
            [
              77.5353546,
              12.9954992
            ],
            [
              77.535466,
              12.9954824
            ],
            [
              77.5354901,
              12.995634
            ],
            [
              77.5353788,
              12.9956509
            ]
          ]
        ]
      },
      "id": "way/354497944"
    },
    {
      "type": "Feature",
      "properties": {
        "@id": "way/354557129",
        "addr:city": "Bangalore",
        "addr:postcode": "560079",
        "addr:street": "6 main Basaveshwarnagar",
        "amenity": "school",
        "building": "school",
        "name": "VLS International School"
      },
      "geometry": {
        "type": "Polygon",
        "coordinates": [
          [
            [
              77.5356049,
              12.9915463
            ],
            [
              77.5355205,
              12.9912189
            ],
            [
              77.5357337,
              12.9911888
            ],
            [
              77.5358101,
              12.9915155
            ],
            [
              77.5356049,
              12.9915463
            ]
          ]
        ]
      },
      "id": "way/354557129"
    },
    {
      "type": "Feature",
      "properties": {
        "@id": "way/354557914",
        "amenity": "hospital",
        "building": "yes",
        "name": "Gopala Eye Care Centre"
      },
      "geometry": {
        "type": "Polygon",
        "coordinates": [
          [
            [
              77.5342914,
              12.9884273
            ],
            [
              77.534258,
              12.988331
            ],
            [
              77.5343608,
              12.9882971
            ],
            [
              77.5343943,
              12.9883934
            ],
            [
              77.5342914,
              12.9884273
            ]
          ]
        ]
      },
      "id": "way/354557914"
    },
    {
      "type": "Feature",
      "properties": {
        "@id": "way/362702160",
        "amenity": "school",
        "heritage": "2",
        "heritage:operator": "nmma",
        "heritage:website": "https://nmma.nic.in/nmma/exploreBuiltState.do?state=29",
        "name": "Smt. Kamalabai Educational Institution",
        "name:kn": "ಕಮಲಾ ಭಾಯಿ ಪ್ರೌಢಶಾಲೆ",
        "ref:nmma": "KR20010763",
        "short_name": "SKEI"
      },
      "geometry": {
        "type": "Polygon",
        "coordinates": [
          [
            [
              77.5970032,
              12.9870592
            ],
            [
              77.5970495,
              12.987109
            ],
            [
              77.5978005,
              12.9879802
            ],
            [
              77.5971629,
              12.9885823
            ],
            [
              77.5967654,
              12.9880996
            ],
            [
              77.5964852,
              12.9878024
            ],
            [
              77.5961328,
              12.9874287
            ],
            [
              77.5962754,
              12.9872947
            ],
            [
              77.5964918,
              12.9870862
            ],
            [
              77.5965582,
              12.9870269
            ],
            [
              77.5963313,
              12.9867856
            ],
            [
              77.596236,
              12.9868708
            ],
            [
              77.5961246,
              12.9867523
            ],
            [
              77.5963372,
              12.9865398
            ],
            [
              77.5965644,
              12.9862978
            ],
            [
              77.5968538,
              12.9865877
            ],
            [
              77.5967942,
              12.9866441
            ],
            [
              77.5970872,
              12.9869731
            ],
            [
              77.5970032,
              12.9870592
            ]
          ]
        ]
      },
      "id": "way/362702160"
    },
    {
      "type": "Feature",
      "properties": {
        "@id": "way/363458703",
        "amenity": "school",
        "landuse": "education"
      },
      "geometry": {
        "type": "Polygon",
        "coordinates": [
          [
            [
              77.6125837,
              12.9929298
            ],
            [
              77.6143906,
              12.9918375
            ],
            [
              77.6144565,
              12.9918632
            ],
            [
              77.6152524,
              12.993516
            ],
            [
              77.6137048,
              12.9945748
            ],
            [
              77.6125837,
              12.9929855
            ],
            [
              77.6125837,
              12.9929298
            ]
          ]
        ]
      },
      "id": "way/363458703"
    },
    {
      "type": "Feature",
      "properties": {
        "@id": "way/363870191",
        "addr:postcode": "560043",
        "addr:street": "8th E Main Road",
        "amenity": "hospital",
        "healthcare": "hospital",
        "healthcare:speciality": "general",
        "name": "Sharada Medicals"
      },
      "geometry": {
        "type": "Polygon",
        "coordinates": [
          [
            [
              77.6466592,
              13.0153101
            ],
            [
              77.646654,
              13.0152231
            ],
            [
              77.6467618,
              13.0152169
            ],
            [
              77.646767,
              13.015304
            ],
            [
              77.6466592,
              13.0153101
            ]
          ]
        ]
      },
      "id": "way/363870191"
    },
    {
      "type": "Feature",
      "properties": {
        "@id": "way/365255370",
        "amenity": "school"
      },
      "geometry": {
        "type": "Polygon",
        "coordinates": [
          [
            [
              77.6572291,
              12.9681096
            ],
            [
              77.6573169,
              12.968656
            ],
            [
              77.6568171,
              12.9687346
            ],
            [
              77.6567436,
              12.9681882
            ],
            [
              77.6572291,
              12.9681096
            ]
          ]
        ]
      },
      "id": "way/365255370"
    },
    {
      "type": "Feature",
      "properties": {
        "@id": "way/368769671",
        "amenity": "school"
      },
      "geometry": {
        "type": "Polygon",
        "coordinates": [
          [
            [
              77.6418851,
              12.9813062
            ],
            [
              77.6426291,
              12.9812466
            ],
            [
              77.6426013,
              12.9813275
            ],
            [
              77.6419202,
              12.9816144
            ],
            [
              77.6418851,
              12.9813062
            ]
          ]
        ]
      },
      "id": "way/368769671"
    },
    {
      "type": "Feature",
      "properties": {
        "@id": "way/368769672",
        "amenity": "school",
        "name": "Silicon City Public School"
      },
      "geometry": {
        "type": "Polygon",
        "coordinates": [
          [
            [
              77.6414222,
              12.9813762
            ],
            [
              77.6415233,
              12.9813586
            ],
            [
              77.6415214,
              12.9817779
            ],
            [
              77.6414252,
              12.9818173
            ],
            [
              77.6414222,
              12.9813762
            ]
          ]
        ]
      },
      "id": "way/368769672"
    },
    {
      "type": "Feature",
      "properties": {
        "@id": "way/369295552",
        "addr:district": "Bengaluru Urban",
        "addr:full": "Kembridge Road, Near Police Station",
        "addr:postcode": "560008",
        "addr:state": "Karnataka",
        "amenity": "hospital",
        "healthcare": "hospital",
        "name": "Halasuru Referal Hospital",
        "operator": "BBMP",
        "source": "OpenGovernmentData"
      },
      "geometry": {
        "type": "Polygon",
        "coordinates": [
          [
            [
              77.6262396,
              12.9737623
            ],
            [
              77.6262778,
              12.9736924
            ],
            [
              77.6265439,
              12.9732733
            ],
            [
              77.6271149,
              12.973608
            ],
            [
              77.6268338,
              12.9741106
            ],
            [
              77.6266357,
              12.973992
            ],
            [
              77.6262396,
              12.9737623
            ]
          ]
        ]
      },
      "id": "way/369295552"
    },
    {
      "type": "Feature",
      "properties": {
        "@id": "way/370588618",
        "amenity": "school",
        "check_date": "2024-11-23",
        "landuse": "education",
        "name": "National Centre for Excellence School"
      },
      "geometry": {
        "type": "Polygon",
        "coordinates": [
          [
            [
              77.6550178,
              12.9697404
            ],
            [
              77.6556837,
              12.9696513
            ],
            [
              77.6557204,
              12.9699765
            ],
            [
              77.6550583,
              12.9701158
            ],
            [
              77.6550178,
              12.9697404
            ]
          ]
        ]
      },
      "id": "way/370588618"
    },
    {
      "type": "Feature",
      "properties": {
        "@id": "way/371602983",
        "addr:district": "Bengaluru Urban",
        "addr:full": "No.71/1, Millers Road, Opp. St. Anne's College, Bengaluru",
        "addr:postcode": "560052",
        "addr:state": "Karnataka",
        "amenity": "hospital",
        "healthcare": "hospital",
        "name": "Manipal Hospital",
        "name:kn": "ಮಣಿಪಾಲ ಆಸ್ಪತ್ರೆ",
        "old_name": "Vikram Hospital",
        "old_name:kn": "ವಿಕ್ರಮ್ ಆಸ್ಪತ್ರೆ",
        "source": "OpenGovernmentData",
        "website": "https://www.vikramhospital.com/"
      },
      "geometry": {
        "type": "Polygon",
        "coordinates": [
          [
            [
              77.5920009,
              12.9885534
            ],
            [
              77.5917773,
              12.9883192
            ],
            [
              77.5923413,
              12.9878634
            ],
            [
              77.5925371,
              12.9881065
            ],
            [
              77.5920009,
              12.9885534
            ]
          ]
        ]
      },
      "id": "way/371602983"
    },
    {
      "type": "Feature",
      "properties": {
        "@id": "way/372545827",
        "amenity": "hospital",
        "name": "BBMP Primary Health Center",
        "name:kn": "ಪ್ರಾಥಮಿಕ ಆರೋಗ್ಯ ಕೇಂದ್ರ"
      },
      "geometry": {
        "type": "Polygon",
        "coordinates": [
          [
            [
              77.6464111,
              12.9593123
            ],
            [
              77.6463,
              12.9590802
            ],
            [
              77.6464842,
              12.9589964
            ],
            [
              77.6465953,
              12.9592285
            ],
            [
              77.6464111,
              12.9593123
            ]
          ]
        ]
      },
      "id": "way/372545827"
    },
    {
      "type": "Feature",
      "properties": {
        "@id": "way/387461395",
        "amenity": "school",
        "email": "admissions@nalapadacademy.in",
        "name": "Nalapad Academy",
        "phone": "+91 91208 88888",
        "school:gender": "mixed",
        "website": "https://nalapadacademy.in/"
      },
      "geometry": {
        "type": "Polygon",
        "coordinates": [
          [
            [
              77.6527844,
              12.9444372
            ],
            [
              77.6528615,
              12.9447167
            ],
            [
              77.6516517,
              12.9450573
            ],
            [
              77.6510922,
              12.9457178
            ],
            [
              77.6509762,
              12.9452758
            ],
            [
              77.6511665,
              12.9452024
            ],
            [
              77.6511572,
              12.9451619
            ],
            [
              77.6510991,
              12.9449087
            ],
            [
              77.6527844,
              12.9444372
            ]
          ]
        ]
      },
      "id": "way/387461395"
    },
    {
      "type": "Feature",
      "properties": {
        "@id": "way/388813861",
        "amenity": "school"
      },
      "geometry": {
        "type": "Polygon",
        "coordinates": [
          [
            [
              77.5703754,
              12.9970141
            ],
            [
              77.5709439,
              12.9970144
            ],
            [
              77.5709436,
              12.9975815
            ],
            [
              77.570375,
              12.9975812
            ],
            [
              77.570375,
              12.9975474
            ],
            [
              77.5703754,
              12.9970141
            ]
          ]
        ]
      },
      "id": "way/388813861"
    },
    {
      "type": "Feature",
      "properties": {
        "@id": "way/389877536",
        "amenity": "school",
        "name": "Vidya Bharathi School",
        "name:kn": "ವಿದ್ಯಾಭಾರತಿ"
      },
      "geometry": {
        "type": "Polygon",
        "coordinates": [
          [
            [
              77.5465034,
              13.0028216
            ],
            [
              77.546598,
              13.0026741
            ],
            [
              77.546793,
              13.0027927
            ],
            [
              77.5468273,
              13.0028135
            ],
            [
              77.5467386,
              13.0029633
            ],
            [
              77.5465034,
              13.0028216
            ]
          ]
        ]
      },
      "id": "way/389877536"
    },
    {
      "type": "Feature",
      "properties": {
        "@id": "way/397737944",
        "amenity": "school",
        "name": "Bangalore Public School",
        "name:kn": "ಬೆಂಗಳೂರು ಸಾರ್ವಜನಿಕ ಶಾಲೆ"
      },
      "geometry": {
        "type": "Polygon",
        "coordinates": [
          [
            [
              77.645041,
              12.9633339
            ],
            [
              77.6452881,
              12.9632751
            ],
            [
              77.6453119,
              12.9633656
            ],
            [
              77.6450634,
              12.9634244
            ],
            [
              77.645041,
              12.9633339
            ]
          ]
        ]
      },
      "id": "way/397737944"
    },
    {
      "type": "Feature",
      "properties": {
        "@id": "way/398113412",
        "amenity": "hospital",
        "name": "The Fracture and Orthopaedic Clinic"
      },
      "geometry": {
        "type": "Polygon",
        "coordinates": [
          [
            [
              77.5633515,
              13.0082293
            ],
            [
              77.5633492,
              13.0081174
            ],
            [
              77.5635795,
              13.008116
            ],
            [
              77.563504,
              13.0082315
            ],
            [
              77.5633515,
              13.0082293
            ]
          ]
        ]
      },
      "id": "way/398113412"
    },
    {
      "type": "Feature",
      "properties": {
        "@id": "way/400480962",
        "addr:district": "Bengaluru Urban",
        "addr:full": "Post Bag No.4, No.2, Hazarat Kambal Posh Road",
        "addr:postcode": "560051",
        "addr:state": "Karnataka",
        "amenity": "hospital",
        "contact:email": "info@csihospitalblr.org",
        "contact:phone": "080 22861103",
        "healthcare": "hospital",
        "name": "CSI Hospital",
        "name:kn": "ಸಿ ಎಸ್ ಐ ಆಸ್ಪತ್ರೆ",
        "source": "OpenGovernmentData",
        "website": "http://csihospitalblr.org"
      },
      "geometry": {
        "type": "Polygon",
        "coordinates": [
          [
            [
              77.60031,
              12.991437
            ],
            [
              77.6006119,
              12.990971
            ],
            [
              77.6008526,
              12.9906768
            ],
            [
              77.6009547,
              12.9906494
            ],
            [
              77.6019441,
              12.9906194
            ],
            [
              77.6019512,
              12.9912446
            ],
            [
              77.6019527,
              12.9917597
            ],
            [
              77.6015374,
              12.9918111
            ],
            [
              77.6010779,
              12.9918951
            ],
            [
              77.600918,
              12.9919243
            ],
            [
              77.6006729,
              12.9919906
            ],
            [
              77.60031,
              12.991437
            ]
          ]
        ]
      },
      "id": "way/400480962"
    },
    {
      "type": "Feature",
      "properties": {
        "@id": "way/401993917",
        "amenity": "hospital",
        "name": "Government Hospital",
        "name:kn": "ಸರ್ಕಾರಿ ಆಸ್ಪತ್ರೆ",
        "ups_hospital": "general hospital"
      },
      "geometry": {
        "type": "Polygon",
        "coordinates": [
          [
            [
              77.6200427,
              12.9490317
            ],
            [
              77.6198715,
              12.9491266
            ],
            [
              77.6198067,
              12.9490186
            ],
            [
              77.6199783,
              12.9489193
            ],
            [
              77.6200427,
              12.9490317
            ]
          ]
        ]
      },
      "id": "way/401993917"
    },
    {
      "type": "Feature",
      "properties": {
        "@id": "way/402869173",
        "addr:city": "Bengaluru",
        "addr:street": "Ejipura Main Road",
        "addr:suburb": "Ejipura",
        "alt_name": "GHPS Ejipura",
        "amenity": "school",
        "max_age": "13",
        "min_age": "6",
        "name": "Government Higher Primary School",
        "name:kn": "ಸರ್ಕಾರಿ ಹಿರಿಯ ಪ್ರಾಥಮಿಕ ಶಾಲೆ",
        "operator": "Government",
        "wheelchair": "yes"
      },
      "geometry": {
        "type": "Polygon",
        "coordinates": [
          [
            [
              77.6295753,
              12.9450108
            ],
            [
              77.6295256,
              12.9446829
            ],
            [
              77.6295213,
              12.9445877
            ],
            [
              77.6298682,
              12.94459
            ],
            [
              77.6297645,
              12.9448284
            ],
            [
              77.6296987,
              12.9449918
            ],
            [
              77.6295753,
              12.9450108
            ]
          ]
        ]
      },
      "id": "way/402869173"
    },
    {
      "type": "Feature",
      "properties": {
        "@id": "way/405079334",
        "amenity": "school",
        "leisure": "pitch",
        "name": "VLS International School grounds"
      },
      "geometry": {
        "type": "Polygon",
        "coordinates": [
          [
            [
              77.5355059,
              12.991158
            ],
            [
              77.5354772,
              12.9910435
            ],
            [
              77.5356399,
              12.9910048
            ],
            [
              77.5356686,
              12.9911194
            ],
            [
              77.5355059,
              12.991158
            ]
          ]
        ]
      },
      "id": "way/405079334"
    },
    {
      "type": "Feature",
      "properties": {
        "@id": "way/411052127",
        "amenity": "school",
        "name": "Annaswamy Mudaliar High School",
        "name:kn": "ಅಣ್ಣಾಸ್ವಾಮಿ ಮುದಲಿಯಾರ್ ಪ್ರೌಢಶಾಲೆ"
      },
      "geometry": {
        "type": "Polygon",
        "coordinates": [
          [
            [
              77.6149777,
              12.9981313
            ],
            [
              77.61549,
              12.998816
            ],
            [
              77.6151467,
              12.9989911
            ],
            [
              77.615152,
              12.9991401
            ],
            [
              77.6146653,
              12.9992034
            ],
            [
              77.6147027,
              12.9994916
            ],
            [
              77.6144814,
              12.9995138
            ],
            [
              77.6144922,
              12.9996706
            ],
            [
              77.6137144,
              12.9997621
            ],
            [
              77.6133013,
              12.9992629
            ],
            [
              77.6149777,
              12.9981313
            ]
          ]
        ]
      },
      "id": "way/411052127"
    },
    {
      "type": "Feature",
      "properties": {
        "@id": "way/411052968",
        "amenity": "school"
      },
      "geometry": {
        "type": "Polygon",
        "coordinates": [
          [
            [
              77.5647672,
              12.9482687
            ],
            [
              77.5647741,
              12.9473586
            ],
            [
              77.5660377,
              12.9473677
            ],
            [
              77.5660325,
              12.9480571
            ],
            [
              77.5660308,
              12.9482778
            ],
            [
              77.5655218,
              12.9482742
            ],
            [
              77.5647672,
              12.9482687
            ]
          ]
        ]
      },
      "id": "way/411052968"
    },
    {
      "type": "Feature",
      "properties": {
        "@id": "way/411067255",
        "addr:postcode": "560018",
        "addr:street": "Pampa Mahakavi Road",
        "amenity": "school",
        "name": "Government Sanskrit College",
        "name:kn": "ಸರ್ಕಾರಿ ಸಂಸ್ಕೃತ ಕಾಲೇಜು"
      },
      "geometry": {
        "type": "Polygon",
        "coordinates": [
          [
            [
              77.5725466,
              12.9594574
            ],
            [
              77.5718908,
              12.959383
            ],
            [
              77.5720316,
              12.9585896
            ],
            [
              77.572619,
              12.9586628
            ],
            [
              77.5725466,
              12.9594574
            ]
          ]
        ]
      },
      "id": "way/411067255"
    },
    {
      "type": "Feature",
      "properties": {
        "@id": "way/411067257",
        "addr:housename": "Sharada Stree Samaj Building",
        "addr:postcode": "560018",
        "addr:street": "Albert Victor Road",
        "amenity": "school",
        "name": "Sharada Stree Samaja School",
        "name:kn": "ಶಾರದಾ ಸ್ತ್ರೀ ಸಮಾಜ ಶಾಲೆ"
      },
      "geometry": {
        "type": "Polygon",
        "coordinates": [
          [
            [
              77.5701134,
              12.9604409
            ],
            [
              77.5694882,
              12.9604188
            ],
            [
              77.5695085,
              12.9598731
            ],
            [
              77.5701337,
              12.9598951
            ],
            [
              77.5701134,
              12.9604409
            ]
          ]
        ]
      },
      "id": "way/411067257"
    },
    {
      "type": "Feature",
      "properties": {
        "@id": "way/437871416",
        "amenity": "school",
        "name": "Saibaba Womens School",
        "wheelchair": "no"
      },
      "geometry": {
        "type": "Polygon",
        "coordinates": [
          [
            [
              77.5554675,
              12.9979078
            ],
            [
              77.5548693,
              12.9977262
            ],
            [
              77.5549638,
              12.9968297
            ],
            [
              77.555623,
              12.9969774
            ],
            [
              77.5554675,
              12.9979078
            ]
          ]
        ]
      },
      "id": "way/437871416"
    },
    {
      "type": "Feature",
      "properties": {
        "@id": "way/441572865",
        "amenity": "school",
        "email": "info@npskrm.com",
        "isced:level": "3",
        "landuse": "education",
        "name": "National Public School Kormangala",
        "name:kn": "ನ್ಯಾಷನಲ್ ಪಬ್ಲಿಕ್ ಶಾಲೆ ಕೋರಮಂಗಲ, ಈಜಿಪುರ",
        "operator": "Private Un-Aided",
        "phone": "+91 80 2570 5171",
        "religion": "none",
        "school": "Higher Secondary",
        "school:gender": "mixed",
        "website": "https://npskrm.com",
        "wikidata": "Q6975123",
        "wikipedia": "en:National Public School, Koramangala"
      },
      "geometry": {
        "type": "Polygon",
        "coordinates": [
          [
            [
              77.6208939,
              12.9500209
            ],
            [
              77.6208163,
              12.9498671
            ],
            [
              77.6208001,
              12.9498324
            ],
            [
              77.6211522,
              12.9496764
            ],
            [
              77.6209815,
              12.9493803
            ],
            [
              77.6206625,
              12.9495598
            ],
            [
              77.6204916,
              12.9492795
            ],
            [
              77.6204818,
              12.9492501
            ],
            [
              77.6204777,
              12.9492175
            ],
            [
              77.620557,
              12.9490676
            ],
            [
              77.6206794,
              12.9488744
            ],
            [
              77.6208784,
              12.9485856
            ],
            [
              77.6209166,
              12.9485302
            ],
            [
              77.6210112,
              12.9486431
            ],
            [
              77.6215469,
              12.9492827
            ],
            [
              77.6218553,
              12.948965
            ],
            [
              77.6220101,
              12.949112
            ],
            [
              77.6218656,
              12.9492674
            ],
            [
              77.6217427,
              12.9493161
            ],
            [
              77.6216753,
              12.9493429
            ],
            [
              77.6215491,
              12.9493929
            ],
            [
              77.6215137,
              12.9494157
            ],
            [
              77.6213828,
              12.9495
            ],
            [
              77.6213719,
              12.9495159
            ],
            [
              77.6213642,
              12.949551
            ],
            [
              77.6213754,
              12.9496003
            ],
            [
              77.621384,
              12.9496266
            ],
            [
              77.6214379,
              12.9497584
            ],
            [
              77.6213619,
              12.9497921
            ],
            [
              77.6212507,
              12.9498453
            ],
            [
              77.6209569,
              12.9499861
            ],
            [
              77.6208939,
              12.9500209
            ]
          ]
        ]
      },
      "id": "way/441572865"
    },
    {
      "type": "Feature",
      "properties": {
        "@id": "way/442786620",
        "amenity": "school",
        "name": "National Public School, Rajajinagar",
        "name:kn": "ರಾಷ್ಟ್ರೀಯ ಸಾರ್ವಜನಿಕ ಶಾಲೆ ರಾಜಾಜಿನಗರ",
        "official_name": "National Public School",
        "wikidata": "Q6975125",
        "wikipedia": "en:National Public School, Rajajinagar"
      },
      "geometry": {
        "type": "Polygon",
        "coordinates": [
          [
            [
              77.5493204,
              12.9848898
            ],
            [
              77.5492883,
              12.9847166
            ],
            [
              77.5492641,
              12.984335
            ],
            [
              77.5495471,
              12.9843252
            ],
            [
              77.549537,
              12.9842177
            ],
            [
              77.5494963,
              12.9838518
            ],
            [
              77.5494467,
              12.9834214
            ],
            [
              77.5495579,
              12.983416
            ],
            [
              77.5497637,
              12.9833994
            ],
            [
              77.5497871,
              12.9835529
            ],
            [
              77.549818,
              12.9835516
            ],
            [
              77.5498381,
              12.9837829
            ],
            [
              77.5499902,
              12.9837767
            ],
            [
              77.5499933,
              12.9838421
            ],
            [
              77.5499938,
              12.9838533
            ],
            [
              77.5499979,
              12.9839141
            ],
            [
              77.5500725,
              12.9847646
            ],
            [
              77.5493204,
              12.9848898
            ]
          ]
        ]
      },
      "id": "way/442786620"
    },
    {
      "type": "Feature",
      "properties": {
        "@id": "way/452680882",
        "amenity": "school",
        "building": "yes",
        "name": "Government Higher Primary School",
        "name:kn": "ಸರ್ಕಾರಿ ಹಿರಿಯ ಪ್ರಾಥಮಿಕ ಶಾಲೆ ನಾಗಶೆಟ್ಟಿಹಳ್ಳಿ"
      },
      "geometry": {
        "type": "Polygon",
        "coordinates": [
          [
            [
              77.5699975,
              13.0439901
            ],
            [
              77.5698984,
              13.0436322
            ],
            [
              77.56998,
              13.0436107
            ],
            [
              77.5700792,
              13.0439686
            ],
            [
              77.5699975,
              13.0439901
            ]
          ]
        ]
      },
      "id": "way/452680882"
    },
    {
      "type": "Feature",
      "properties": {
        "@id": "way/454700249",
        "addr:street": "Kodihalli Main Road",
        "amenity": "school",
        "name": "Kodihalli Public School",
        "name:kn": "ಕೋಡಿಹಳ್ಳಿ ಪಬ್ಲಿಕ್ ಶಾಲೆ"
      },
      "geometry": {
        "type": "Polygon",
        "coordinates": [
          [
            [
              77.6473553,
              12.9644144
            ],
            [
              77.6470175,
              12.9645376
            ],
            [
              77.6469396,
              12.964566
            ],
            [
              77.6468302,
              12.9642895
            ],
            [
              77.6468118,
              12.9642424
            ],
            [
              77.6469402,
              12.9641889
            ],
            [
              77.6469224,
              12.9641403
            ],
            [
              77.6472467,
              12.9640511
            ],
            [
              77.6473553,
              12.9644144
            ]
          ]
        ]
      },
      "id": "way/454700249"
    },
    {
      "type": "Feature",
      "properties": {
        "@id": "way/454707669",
        "amenity": "school",
        "name": "Sishu Griha Senior School"
      },
      "geometry": {
        "type": "Polygon",
        "coordinates": [
          [
            [
              77.655404,
              12.9732532
            ],
            [
              77.6560834,
              12.9733572
            ],
            [
              77.6558653,
              12.9736998
            ],
            [
              77.6554361,
              12.9736384
            ],
            [
              77.655404,
              12.9732532
            ]
          ]
        ]
      },
      "id": "way/454707669"
    },
    {
      "type": "Feature",
      "properties": {
        "@id": "way/478206073",
        "addr:district": "Bengaluru Urban",
        "addr:full": "Air Force",
        "addr:postcode": "560007",
        "addr:state": "Karnataka",
        "amenity": "hospital",
        "healthcare": "hospital",
        "name": "Command Hospital (Air Force)",
        "source": "OpenGovernmentData"
      },
      "geometry": {
        "type": "Polygon",
        "coordinates": [
          [
            [
              77.6278454,
              12.9647624
            ],
            [
              77.6277723,
              12.964756
            ],
            [
              77.627325,
              12.964838
            ],
            [
              77.6270105,
              12.9649451
            ],
            [
              77.6268329,
              12.9650305
            ],
            [
              77.6260765,
              12.9655634
            ],
            [
              77.6255534,
              12.965868
            ],
            [
              77.62541,
              12.9658709
            ],
            [
              77.6253665,
              12.9658007
            ],
            [
              77.6259714,
              12.9646062
            ],
            [
              77.6261951,
              12.9641859
            ],
            [
              77.6264367,
              12.9637015
            ],
            [
              77.6265687,
              12.963519
            ],
            [
              77.6272478,
              12.9631109
            ],
            [
              77.6281957,
              12.9625664
            ],
            [
              77.6283411,
              12.9624762
            ],
            [
              77.6286905,
              12.9623543
            ],
            [
              77.629201,
              12.9622635
            ],
            [
              77.6293828,
              12.9622144
            ],
            [
              77.6304214,
              12.9618829
            ],
            [
              77.6305036,
              12.9621188
            ],
            [
              77.6304964,
              12.9621933
            ],
            [
              77.630285,
              12.9622848
            ],
            [
              77.6301624,
              12.9626054
            ],
            [
              77.628492,
              12.9645027
            ],
            [
              77.6281922,
              12.9646692
            ],
            [
              77.6278454,
              12.9647624
            ]
          ]
        ]
      },
      "id": "way/478206073"
    },
    {
      "type": "Feature",
      "properties": {
        "@id": "way/487956085",
        "amenity": "school",
        "name": "St. Henriettas English Primary School"
      },
      "geometry": {
        "type": "Polygon",
        "coordinates": [
          [
            [
              77.6109463,
              12.9662303
            ],
            [
              77.6116447,
              12.9657936
            ],
            [
              77.6116799,
              12.9657716
            ],
            [
              77.6117241,
              12.9658474
            ],
            [
              77.6118546,
              12.9659662
            ],
            [
              77.6121198,
              12.9661807
            ],
            [
              77.6118868,
              12.9663362
            ],
            [
              77.6112883,
              12.9667034
            ],
            [
              77.6109463,
              12.9662303
            ]
          ]
        ]
      },
      "id": "way/487956085"
    },
    {
      "type": "Feature",
      "properties": {
        "@id": "way/487956103",
        "addr:city": "bangalore",
        "addr:district": "Bengaluru Urban",
        "addr:full": "No. 4, Mother Theresa Road, Campbell Road",
        "addr:housenumber": "4",
        "addr:postcode": "560047",
        "addr:state": "Karnataka",
        "addr:street": "Mother Theresa Rd, Vivek Nagar Post, Near Life Style, Xavier Layout, Victoria Layout",
        "amenity": "hospital",
        "name": "St. Philomena's Hospital",
        "name:kn": "ಸೇಂಟ್ ಫಿಲೋಮೇನ ಆಸ್ಪತ್ರೆ",
        "phone": "080 4016 4433",
        "source": "OpenGovernmentData",
        "website": "stphilomenashospital.org",
        "wheelchair": "yes"
      },
      "geometry": {
        "type": "Polygon",
        "coordinates": [
          [
            [
              77.6104432,
              12.9648041
            ],
            [
              77.6102945,
              12.9646699
            ],
            [
              77.6106258,
              12.9642281
            ],
            [
              77.6111783,
              12.9640621
            ],
            [
              77.6112815,
              12.9642243
            ],
            [
              77.6117628,
              12.9640585
            ],
            [
              77.6119414,
              12.9640021
            ],
            [
              77.6119414,
              12.9641864
            ],
            [
              77.6119871,
              12.9643497
            ],
            [
              77.611518,
              12.9646722
            ],
            [
              77.6118542,
              12.9651064
            ],
            [
              77.6113286,
              12.9654425
            ],
            [
              77.610607,
              12.9659115
            ],
            [
              77.6104893,
              12.9657438
            ],
            [
              77.6104055,
              12.9656244
            ],
            [
              77.6102878,
              12.9654566
            ],
            [
              77.6106902,
              12.9652005
            ],
            [
              77.6106524,
              12.9651399
            ],
            [
              77.6104432,
              12.9648041
            ]
          ]
        ]
      },
      "id": "way/487956103"
    },
    {
      "type": "Feature",
      "properties": {
        "@id": "way/487959492",
        "amenity": "school",
        "operator": "BBMP Girls High School"
      },
      "geometry": {
        "type": "Polygon",
        "coordinates": [
          [
            [
              77.6165156,
              12.9609399
            ],
            [
              77.61723,
              12.9611013
            ],
            [
              77.6171603,
              12.9616868
            ],
            [
              77.6169994,
              12.9617051
            ],
            [
              77.6169623,
              12.9617768
            ],
            [
              77.6168981,
              12.9617564
            ],
            [
              77.6164964,
              12.9616242
            ],
            [
              77.6163816,
              12.9615862
            ],
            [
              77.6164877,
              12.9610738
            ],
            [
              77.6165156,
              12.9609399
            ]
          ]
        ]
      },
      "id": "way/487959492"
    },
    {
      "type": "Feature",
      "properties": {
        "@id": "way/496821816",
        "amenity": "hospital",
        "building": "yes",
        "healthcare": "hospital",
        "name": "Government Maternity Hospital",
        "name:kn": "ಸರಕಾರಿ ಹೆರಿಗೆ ಆಸ್ಪತ್ರೆ"
      },
      "geometry": {
        "type": "Polygon",
        "coordinates": [
          [
            [
              77.5695964,
              12.9374959
            ],
            [
              77.5700872,
              12.93776
            ],
            [
              77.5699754,
              12.9379575
            ],
            [
              77.5694845,
              12.9376934
            ],
            [
              77.5695964,
              12.9374959
            ]
          ]
        ]
      },
      "id": "way/496821816"
    },
    {
      "type": "Feature",
      "properties": {
        "@id": "way/509638758",
        "addr:city": "Bengaluru",
        "addr:country": "IN",
        "addr:district": "Bengaluru Urban",
        "addr:full": "No 8, HCG Towers, P. Kalinga Rao Road, Sampangi Ram Nagar, Bengaluru",
        "addr:hamlet": "Sampangi Ram Nagar",
        "addr:housenumber": "8",
        "addr:postcode": "560027",
        "addr:state": "Karnataka",
        "addr:street": "P. Kalinga Rao Road",
        "amenity": "hospital",
        "fax": "+918022485962",
        "name": "HCG Cancer Hospital",
        "name:bn": "এইচসিজি ক্যান্সার হাসপাতাল",
        "name:en": "HealthCare Global Enterprises Ltd",
        "operator:type": "private",
        "phone": "+918040206000",
        "source": "OpenGovernmentData",
        "website": "https://www.hcgoncology.com/"
      },
      "geometry": {
        "type": "Polygon",
        "coordinates": [
          [
            [
              77.5896245,
              12.9645264
            ],
            [
              77.5893521,
              12.9633509
            ],
            [
              77.5896489,
              12.963021
            ],
            [
              77.5897012,
              12.9631597
            ],
            [
              77.5898252,
              12.9638262
            ],
            [
              77.5898514,
              12.9638243
            ],
            [
              77.5900071,
              12.9644784
            ],
            [
              77.5896245,
              12.9645264
            ]
          ]
        ]
      },
      "id": "way/509638758"
    },
    {
      "type": "Feature",
      "properties": {
        "@id": "way/512626192",
        "addr:district": "Bengaluru Urban",
        "addr:full": "Cunnigham Road, 2nd Cross No:3",
        "addr:postcode": "560001",
        "addr:state": "Karnataka",
        "amenity": "hospital",
        "name": "Al-Ameen Hospital",
        "name:kn": "ಆಲ್-ಆಮೀನ್ ಆಸ್ಪತ್ರೆ",
        "source": "OpenGovernmentData"
      },
      "geometry": {
        "type": "Polygon",
        "coordinates": [
          [
            [
              77.5946566,
              12.9899223
            ],
            [
              77.5943446,
              12.9903301
            ],
            [
              77.5938637,
              12.9898005
            ],
            [
              77.5942259,
              12.9894437
            ],
            [
              77.594369,
              12.9895972
            ],
            [
              77.5946566,
              12.9899223
            ]
          ]
        ]
      },
      "id": "way/512626192"
    },
    {
      "type": "Feature",
      "properties": {
        "@id": "way/513532062",
        "addr:district": "Bengaluru Urban",
        "addr:full": "#1, Dr. Rajkumar Road, I Block,Rajajinagar,Near Vivekananda College",
        "addr:postcode": "560010",
        "addr:state": "Karnataka",
        "addr:street": "Dr Rajkumar Road",
        "alt_name": "Gudde Hospital",
        "amenity": "hospital",
        "healthcare": "hospital",
        "name": "St. Theresa's Hospital",
        "name:kn": "ಸೈಂಟ್ ತೆರೇಸ ಆಸ್ಪತ್ರೆ",
        "old_name": "St Theresa's Tuberculosis Sanatorium",
        "source": "OpenGovernmentData"
      },
      "geometry": {
        "type": "Polygon",
        "coordinates": [
          [
            [
              77.5542457,
              13.0073485
            ],
            [
              77.5537683,
              13.0073476
            ],
            [
              77.553767,
              13.0078782
            ],
            [
              77.5536997,
              13.0078784
            ],
            [
              77.5536993,
              13.0082479
            ],
            [
              77.5522093,
              13.0075958
            ],
            [
              77.552047,
              13.0070307
            ],
            [
              77.5517618,
              13.0062583
            ],
            [
              77.551624,
              13.0058201
            ],
            [
              77.5518302,
              13.0057269
            ],
            [
              77.5518793,
              13.0057054
            ],
            [
              77.5524929,
              13.0054254
            ],
            [
              77.5527906,
              13.0052529
            ],
            [
              77.5531299,
              13.005837
            ],
            [
              77.5531943,
              13.0061323
            ],
            [
              77.5532703,
              13.0061165
            ],
            [
              77.5535075,
              13.006067
            ],
            [
              77.553492,
              13.0059605
            ],
            [
              77.554048,
              13.0058786
            ],
            [
              77.5541096,
              13.0061199
            ],
            [
              77.5541897,
              13.0064214
            ],
            [
              77.5542378,
              13.0066206
            ],
            [
              77.5542539,
              13.0068862
            ],
            [
              77.5542484,
              13.0071966
            ],
            [
              77.5542457,
              13.0073485
            ]
          ]
        ]
      },
      "id": "way/513532062"
    },
    {
      "type": "Feature",
      "properties": {
        "@id": "way/514073933",
        "addr:place": "Suddagunte Palya",
        "alt_name": "Christha Vidyalaya Suddagunte Palya",
        "amenity": "school",
        "isced:level": "2",
        "name": "Christ School CBSE",
        "name:kn": "ಕ್ರಿಸ್ತ ವಿದ್ಯಾಲಯ ಸುದ್ದಗುಂಟೆ ಪಾಳ್ಯ",
        "operator": "Department of Education",
        "school": "primary",
        "wheelchair": "no"
      },
      "geometry": {
        "type": "Polygon",
        "coordinates": [
          [
            [
              77.6035488,
              12.9308328
            ],
            [
              77.6040273,
              12.9308219
            ],
            [
              77.604516,
              12.9308106
            ],
            [
              77.6045439,
              12.9316257
            ],
            [
              77.6037434,
              12.9316408
            ],
            [
              77.6036891,
              12.9314991
            ],
            [
              77.6035488,
              12.9308328
            ]
          ]
        ]
      },
      "id": "way/514073933"
    },
    {
      "type": "Feature",
      "properties": {
        "@id": "way/525512526",
        "amenity": "school",
        "name": "Presidency School"
      },
      "geometry": {
        "type": "Polygon",
        "coordinates": [
          [
            [
              77.6606086,
              13.005172
            ],
            [
              77.6607455,
              13.0048944
            ],
            [
              77.661692,
              13.0054072
            ],
            [
              77.661428,
              13.0055941
            ],
            [
              77.6613038,
              13.0055248
            ],
            [
              77.6606086,
              13.005172
            ]
          ]
        ]
      },
      "id": "way/525512526"
    },
    {
      "type": "Feature",
      "properties": {
        "@id": "way/525518302",
        "amenity": "school",
        "name": "Devamata Central School",
        "name:kn": "ದೇವಮಾತ ಕೇಂದ್ರ ಶಾಲೆ"
      },
      "geometry": {
        "type": "Polygon",
        "coordinates": [
          [
            [
              77.6561818,
              13.02681
            ],
            [
              77.6558813,
              13.0268779
            ],
            [
              77.6556104,
              13.0259137
            ],
            [
              77.656053,
              13.0257778
            ],
            [
              77.6563749,
              13.0267656
            ],
            [
              77.6561818,
              13.02681
            ]
          ]
        ]
      },
      "id": "way/525518302"
    },
    {
      "type": "Feature",
      "properties": {
        "@id": "way/535587224",
        "amenity": "hospital",
        "building": "yes",
        "building:levels": "6",
        "healthcare": "hospital",
        "name": "Life Hospital"
      },
      "geometry": {
        "type": "Polygon",
        "coordinates": [
          [
            [
              77.6469603,
              12.9756772
            ],
            [
              77.6469648,
              12.9755515
            ],
            [
              77.6471625,
              12.9755582
            ],
            [
              77.647158,
              12.9756839
            ],
            [
              77.6469603,
              12.9756772
            ]
          ]
        ]
      },
      "id": "way/535587224"
    },
    {
      "type": "Feature",
      "properties": {
        "@id": "way/545806417",
        "alt_name": "Vidya Vardhaka Sangha",
        "amenity": "school",
        "name": "VVS Sardar Patel High School",
        "name:kn": "ಸರ್ದಾರ್ ಪಟೇಲ್ ಪ್ರೌಡಶಾಲೆ"
      },
      "geometry": {
        "type": "Polygon",
        "coordinates": [
          [
            [
              77.5522844,
              13.0041699
            ],
            [
              77.5523429,
              13.0037068
            ],
            [
              77.5527627,
              13.0037763
            ],
            [
              77.5528748,
              13.0042312
            ],
            [
              77.5522844,
              13.0041699
            ]
          ]
        ]
      },
      "id": "way/545806417"
    },
    {
      "type": "Feature",
      "properties": {
        "@id": "way/549373054",
        "amenity": "hospital",
        "building": "yes",
        "healthcare": "hospital",
        "name": "South City Hospital"
      },
      "geometry": {
        "type": "Polygon",
        "coordinates": [
          [
            [
              77.5802149,
              12.9497089
            ],
            [
              77.5802119,
              12.9495993
            ],
            [
              77.5803999,
              12.9495944
            ],
            [
              77.5804029,
              12.949704
            ],
            [
              77.5802149,
              12.9497089
            ]
          ]
        ]
      },
      "id": "way/549373054"
    },
    {
      "type": "Feature",
      "properties": {
        "@id": "way/553065507",
        "amenity": "school",
        "name": "Sacred Heart Girls High School"
      },
      "geometry": {
        "type": "Polygon",
        "coordinates": [
          [
            [
              77.6621214,
              12.9658609
            ],
            [
              77.6617663,
              12.9654989
            ],
            [
              77.6617663,
              12.9653875
            ],
            [
              77.6616805,
              12.9652641
            ],
            [
              77.6615458,
              12.964922
            ],
            [
              77.6619316,
              12.9645613
            ],
            [
              77.6622643,
              12.9650573
            ],
            [
              77.6625011,
              12.9652999
            ],
            [
              77.6621214,
              12.9658609
            ]
          ]
        ]
      },
      "id": "way/553065507"
    },
    {
      "type": "Feature",
      "properties": {
        "@id": "way/553065516",
        "amenity": "school",
        "name": "HAL West Primary School"
      },
      "geometry": {
        "type": "Polygon",
        "coordinates": [
          [
            [
              77.6652296,
              12.960905
            ],
            [
              77.6642047,
              12.9609546
            ],
            [
              77.6641777,
              12.9602742
            ],
            [
              77.6651996,
              12.9602274
            ],
            [
              77.6652296,
              12.960905
            ]
          ]
        ]
      },
      "id": "way/553065516"
    },
    {
      "type": "Feature",
      "properties": {
        "@id": "way/603115732",
        "amenity": "school",
        "name": "Auro Mirra International School"
      },
      "geometry": {
        "type": "Polygon",
        "coordinates": [
          [
            [
              77.6165927,
              12.9794959
            ],
            [
              77.6164283,
              12.9790886
            ],
            [
              77.6162347,
              12.9786088
            ],
            [
              77.6169398,
              12.9783386
            ],
            [
              77.6172978,
              12.9792256
            ],
            [
              77.6165927,
              12.9794959
            ]
          ]
        ]
      },
      "id": "way/603115732"
    },
    {
      "type": "Feature",
      "properties": {
        "@id": "way/616276010",
        "amenity": "school",
        "name": "BBMP College",
        "name:kn": "ಬೃ.ಬೆಂ.ಮ.ಪಾ. ಕಾಲೇಜು"
      },
      "geometry": {
        "type": "Polygon",
        "coordinates": [
          [
            [
              77.6300205,
              12.9742881
            ],
            [
              77.6297652,
              12.9738976
            ],
            [
              77.6304903,
              12.9734561
            ],
            [
              77.6306142,
              12.973423
            ],
            [
              77.63081,
              12.9737959
            ],
            [
              77.630544,
              12.9740173
            ],
            [
              77.6300205,
              12.9742881
            ]
          ]
        ]
      },
      "id": "way/616276010"
    },
    {
      "type": "Feature",
      "properties": {
        "@id": "way/616276012",
        "amenity": "school",
        "name": "Sri Ramakrishna High School",
        "name:kn": "ಶ್ರೀ ರಾಮಕೃಷ್ಣ ಪ್ರೌಡಶಾಲೆ"
      },
      "geometry": {
        "type": "Polygon",
        "coordinates": [
          [
            [
              77.6307355,
              12.9747652
            ],
            [
              77.6305816,
              12.9748306
            ],
            [
              77.6304357,
              12.9744888
            ],
            [
              77.630592,
              12.9744176
            ],
            [
              77.6307355,
              12.9747652
            ]
          ]
        ]
      },
      "id": "way/616276012"
    },
    {
      "type": "Feature",
      "properties": {
        "@id": "way/639010019",
        "addr:district": "Bengaluru Urban",
        "addr:full": "35, Siddiah Road, Wilson Garden",
        "addr:postcode": "560027",
        "addr:state": "Karnataka",
        "amenity": "hospital",
        "building": "hospital",
        "healthcare": "hospital",
        "name": "Agadi Hospital",
        "name:kn": "ಅಗಡಿ ಆಸ್ಪತ್ರೆ",
        "source": "OpenGovernmentData"
      },
      "geometry": {
        "type": "Polygon",
        "coordinates": [
          [
            [
              77.5976958,
              12.9493031
            ],
            [
              77.597655,
              12.9492568
            ],
            [
              77.5978413,
              12.9491008
            ],
            [
              77.5979323,
              12.9492041
            ],
            [
              77.5978183,
              12.9492994
            ],
            [
              77.5977682,
              12.9492425
            ],
            [
              77.5976958,
              12.9493031
            ]
          ]
        ]
      },
      "id": "way/639010019"
    },
    {
      "type": "Feature",
      "properties": {
        "@id": "way/674362377",
        "addr:city": "Bengaluru",
        "addr:postcode": "560022",
        "addr:street": "Tumkur Road",
        "amenity": "hospital",
        "name": "Sparsh Hospital",
        "name:kn": "ಸ್ಪರ್ಶ್ ಆಸ್ಪತ್ರೆ",
        "phone": "00919019108108",
        "website": "https://www.sparshhospital.com/"
      },
      "geometry": {
        "type": "Polygon",
        "coordinates": [
          [
            [
              77.5425773,
              13.0276535
            ],
            [
              77.5431326,
              13.0273318
            ],
            [
              77.5434075,
              13.0278734
            ],
            [
              77.5429966,
              13.0281077
            ],
            [
              77.542883,
              13.02817
            ],
            [
              77.5425773,
              13.0276535
            ]
          ]
        ]
      },
      "id": "way/674362377"
    },
    {
      "type": "Feature",
      "properties": {
        "@id": "way/687216867",
        "amenity": "school",
        "name": "SJR Public School",
        "wheelchair": "yes"
      },
      "geometry": {
        "type": "Polygon",
        "coordinates": [
          [
            [
              77.6272675,
              13.0287829
            ],
            [
              77.6271468,
              13.0282316
            ],
            [
              77.6281956,
              13.0280016
            ],
            [
              77.6283243,
              13.0285347
            ],
            [
              77.6272675,
              13.0287829
            ]
          ]
        ]
      },
      "id": "way/687216867"
    },
    {
      "type": "Feature",
      "properties": {
        "@id": "way/687319732",
        "addr:district": "Bengaluru Urban",
        "addr:full": "618, Sri Mallikarjuna Swamy Temple St, N.R. Colony",
        "addr:postcode": "560019",
        "addr:state": "Karnataka",
        "amenity": "hospital",
        "name": "BMS Hospital",
        "source": "OpenGovernmentData"
      },
      "geometry": {
        "type": "Polygon",
        "coordinates": [
          [
            [
              77.5678462,
              12.9406537
            ],
            [
              77.5678339,
              12.9414736
            ],
            [
              77.5678464,
              12.9416008
            ],
            [
              77.5676447,
              12.9417609
            ],
            [
              77.5673974,
              12.941992
            ],
            [
              77.567355,
              12.9420317
            ],
            [
              77.5670895,
              12.9417076
            ],
            [
              77.5673389,
              12.9415246
            ],
            [
              77.5673336,
              12.940641
            ],
            [
              77.5678462,
              12.9406537
            ]
          ]
        ]
      },
      "id": "way/687319732"
    },
    {
      "type": "Feature",
      "properties": {
        "@id": "way/687319737",
        "addr:street": "Bull Temple Road",
        "amenity": "school",
        "name": "APS Public School",
        "name:kn": "ಎಪಿಎಸ್ ಪಬ್ಲಿಕ್ ಶಾಲೆ"
      },
      "geometry": {
        "type": "Polygon",
        "coordinates": [
          [
            [
              77.5673094,
              12.939449
            ],
            [
              77.5682214,
              12.9394882
            ],
            [
              77.5681865,
              12.9405705
            ],
            [
              77.5673121,
              12.9405522
            ],
            [
              77.5673094,
              12.939449
            ]
          ]
        ]
      },
      "id": "way/687319737"
    },
    {
      "type": "Feature",
      "properties": {
        "@id": "way/688356350",
        "amenity": "school",
        "name": "Government Girls Tamil School",
        "name:kn": "ಸರ್ಕಾರಿ ಬಾಲಕಿಯರ ತಮಿಳು ಶಾಲೆ"
      },
      "geometry": {
        "type": "Polygon",
        "coordinates": [
          [
            [
              77.626377,
              12.9801629
            ],
            [
              77.6264575,
              12.9805419
            ],
            [
              77.6264414,
              12.9807144
            ],
            [
              77.6261705,
              12.9807693
            ],
            [
              77.6255724,
              12.9807641
            ],
            [
              77.6255375,
              12.9803171
            ],
            [
              77.626031,
              12.9802492
            ],
            [
              77.626377,
              12.9801629
            ]
          ]
        ]
      },
      "id": "way/688356350"
    },
    {
      "type": "Feature",
      "properties": {
        "@id": "way/689141921",
        "amenity": "school",
        "name": "Shree Dhanraj Phoolchand Hindi High School",
        "survey:date": "2023-09-26"
      },
      "geometry": {
        "type": "Polygon",
        "coordinates": [
          [
            [
              77.6121225,
              12.9668812
            ],
            [
              77.6118868,
              12.9663362
            ],
            [
              77.6121198,
              12.9661807
            ],
            [
              77.6125268,
              12.9664693
            ],
            [
              77.6128681,
              12.9667113
            ],
            [
              77.612295,
              12.9668419
            ],
            [
              77.6121225,
              12.9668812
            ]
          ]
        ]
      },
      "id": "way/689141921"
    },
    {
      "type": "Feature",
      "properties": {
        "@id": "way/697081723",
        "addr:district": "Bengaluru Urban",
        "addr:full": "Modi Hospital Road, Mahalakshmipuram",
        "addr:postcode": "560086",
        "addr:state": "Karnataka",
        "amenity": "hospital",
        "email": "modihospital@hotmail.com",
        "healthcare": "hospital",
        "name": "M C Modi Eye Hospital",
        "name:etymology:wikidata": "Q1880759",
        "name:kn": "ಮೋದಿ ಕಣ್ಣಿನ ಆಸ್ಪತ್ರೆ",
        "operator:type": "private",
        "source": "OpenGovernmentData",
        "website": "http://www.modieyehospital.com/",
        "wheelchair": "yes"
      },
      "geometry": {
        "type": "Polygon",
        "coordinates": [
          [
            [
              77.5454543,
              12.9983899
            ],
            [
              77.5456096,
              12.9975999
            ],
            [
              77.546189,
              12.9975687
            ],
            [
              77.5462056,
              12.9980298
            ],
            [
              77.5463388,
              12.9980263
            ],
            [
              77.5463413,
              12.9980688
            ],
            [
              77.5463468,
              12.998445
            ],
            [
              77.5458615,
              12.9984165
            ],
            [
              77.5454543,
              12.9983899
            ]
          ]
        ]
      },
      "id": "way/697081723"
    },
    {
      "type": "Feature",
      "properties": {
        "@id": "way/712430111",
        "alt_name": "St. Patrick's Composite Pre-University College",
        "amenity": "school",
        "isced:level": "2",
        "landuse": "education",
        "name": "St. Patrick's High School",
        "name:kn": "ಸೆಂಟ್‌ ಪ್ಯಾಟ್ರಿಕ್ ಹಿರಿಯ ಪ್ರಾಥಮಿಕ ಶಾಲೆ ಬ್ರಿಗೇಡ್ ರೋಡ್",
        "official_name": "St Patrick HPS Brigade Road",
        "school": "primary"
      },
      "geometry": {
        "type": "Polygon",
        "coordinates": [
          [
            [
              77.6066125,
              12.9706628
            ],
            [
              77.6062929,
              12.9707491
            ],
            [
              77.6063724,
              12.9711229
            ],
            [
              77.6064281,
              12.9713129
            ],
            [
              77.6060822,
              12.971336
            ],
            [
              77.6060229,
              12.9707214
            ],
            [
              77.6060463,
              12.9702453
            ],
            [
              77.6061368,
              12.9702126
            ],
            [
              77.6063637,
              12.9701308
            ],
            [
              77.6065348,
              12.9700677
            ],
            [
              77.6065443,
              12.9700973
            ],
            [
              77.6065678,
              12.9701685
            ],
            [
              77.606444,
              12.9702016
            ],
            [
              77.6066125,
              12.9706628
            ]
          ]
        ]
      },
      "id": "way/712430111"
    },
    {
      "type": "Feature",
      "properties": {
        "@id": "way/726095464",
        "amenity": "hospital",
        "healthcare": "hospital"
      },
      "geometry": {
        "type": "Polygon",
        "coordinates": [
          [
            [
              77.5416911,
              13.0178339
            ],
            [
              77.5416428,
              13.0177215
            ],
            [
              77.5417153,
              13.0177006
            ],
            [
              77.5417689,
              13.0178156
            ],
            [
              77.5416911,
              13.0178339
            ]
          ]
        ]
      },
      "id": "way/726095464"
    },
    {
      "type": "Feature",
      "properties": {
        "@id": "way/766245127",
        "addr:city": "Bangalore",
        "addr:country": "IN",
        "addr:hamlet": "2nd Block Rajajinagar",
        "addr:postcode": "560010",
        "addr:street": "12th Main Road",
        "amenity": "school",
        "name": "Assumption English High School",
        "phone": "+91 80 2332 5723",
        "school:gender": "mixed",
        "website": "https://www.assumptionschoolabe.co.in/"
      },
      "geometry": {
        "type": "Polygon",
        "coordinates": [
          [
            [
              77.5548291,
              12.9923685
            ],
            [
              77.5550155,
              12.9923868
            ],
            [
              77.5550021,
              12.9925148
            ],
            [
              77.5549646,
              12.9925723
            ],
            [
              77.5549565,
              12.9926481
            ],
            [
              77.5548224,
              12.9926429
            ],
            [
              77.5548238,
              12.9925527
            ],
            [
              77.5549015,
              12.9925553
            ],
            [
              77.5549109,
              12.9924495
            ],
            [
              77.5548264,
              12.9924403
            ],
            [
              77.5548291,
              12.9923685
            ]
          ]
        ]
      },
      "id": "way/766245127"
    },
    {
      "type": "Feature",
      "properties": {
        "@id": "way/771371488",
        "alt_name": "Vidya Vardhaka Sangha",
        "amenity": "school",
        "name": "VVS School and College"
      },
      "geometry": {
        "type": "Polygon",
        "coordinates": [
          [
            [
              77.5504357,
              13.0050203
            ],
            [
              77.5500876,
              13.0041207
            ],
            [
              77.5501232,
              13.0040945
            ],
            [
              77.5506013,
              13.0041429
            ],
            [
              77.5505698,
              13.0045456
            ],
            [
              77.550496,
              13.0049693
            ],
            [
              77.5504357,
              13.0050203
            ]
          ]
        ]
      },
      "id": "way/771371488"
    },
    {
      "type": "Feature",
      "properties": {
        "@id": "way/771371489",
        "amenity": "school",
        "name": "PVP School"
      },
      "geometry": {
        "type": "Polygon",
        "coordinates": [
          [
            [
              77.5498576,
              13.0050857
            ],
            [
              77.5499716,
              13.0043003
            ],
            [
              77.5500803,
              13.0043121
            ],
            [
              77.5504129,
              13.0051601
            ],
            [
              77.5498576,
              13.0050857
            ]
          ]
        ]
      },
      "id": "way/771371489"
    },
    {
      "type": "Feature",
      "properties": {
        "@id": "way/772203209",
        "addr:city": "Bangalore",
        "addr:country": "IN",
        "addr:hamlet": "Grace Town",
        "addr:housenumber": "1",
        "addr:postcode": "560043",
        "addr:street": "Hennur Main Road",
        "addr:suburb": "Kalyan Nagar",
        "alt_name": "People Tree Hospitals@chris",
        "amenity": "hospital",
        "building": "hospital",
        "email": "info@chrishospital.com",
        "healthcare": "hospital",
        "name": "HOSMAT Hospital, Kalyan Nagar",
        "old_name": "Hosmat Hospital",
        "website": "https://hosmathospitals.com",
        "wheelchair": "yes"
      },
      "geometry": {
        "type": "Polygon",
        "coordinates": [
          [
            [
              77.6327015,
              13.0286212
            ],
            [
              77.6325478,
              13.0286825
            ],
            [
              77.6324109,
              13.0283567
            ],
            [
              77.6325646,
              13.0282954
            ],
            [
              77.6327015,
              13.0286212
            ]
          ]
        ]
      },
      "id": "way/772203209"
    },
    {
      "type": "Feature",
      "properties": {
        "@id": "way/772934839",
        "amenity": "school",
        "check_date": "2025-06-14",
        "name": "The Indian Public School"
      },
      "geometry": {
        "type": "Polygon",
        "coordinates": [
          [
            [
              77.6189688,
              13.0394235
            ],
            [
              77.6184337,
              13.0395398
            ],
            [
              77.6178315,
              13.0395986
            ],
            [
              77.6176465,
              13.0388277
            ],
            [
              77.6187609,
              13.0387089
            ],
            [
              77.6189688,
              13.0394235
            ]
          ]
        ]
      },
      "id": "way/772934839"
    },
    {
      "type": "Feature",
      "properties": {
        "@id": "way/773258621",
        "addr:city": "Bengaluru",
        "addr:country": "IN",
        "addr:housenumber": "6, 7",
        "addr:postcode": "560086",
        "addr:street": "Pipeline Road",
        "addr:suburb": "Mahalakshmipuram",
        "amenity": "school",
        "email": "principalbgswsml@gmail.com",
        "name": "BGS World School",
        "phone": "+91 80 2349 6765",
        "school:gender": "mixed",
        "website": "https://www.bgsworldschoolml.com/"
      },
      "geometry": {
        "type": "Polygon",
        "coordinates": [
          [
            [
              77.5443524,
              13.0053666
            ],
            [
              77.5440962,
              13.0046728
            ],
            [
              77.5445308,
              13.0043095
            ],
            [
              77.5457807,
              13.004887
            ],
            [
              77.5453985,
              13.0056292
            ],
            [
              77.5443524,
              13.0053666
            ]
          ]
        ]
      },
      "id": "way/773258621"
    },
    {
      "type": "Feature",
      "properties": {
        "@id": "way/774947265",
        "amenity": "hospital",
        "name": "Natus Woman and Children Hospital"
      },
      "geometry": {
        "type": "Polygon",
        "coordinates": [
          [
            [
              77.5255233,
              12.9426291
            ],
            [
              77.5256266,
              12.9427937
            ],
            [
              77.5254495,
              12.9428107
            ],
            [
              77.5254013,
              12.9426696
            ],
            [
              77.5255233,
              12.9426291
            ]
          ]
        ]
      },
      "id": "way/774947265"
    },
    {
      "type": "Feature",
      "properties": {
        "@id": "way/775442577",
        "amenity": "school"
      },
      "geometry": {
        "type": "Polygon",
        "coordinates": [
          [
            [
              77.6136929,
              13.0388186
            ],
            [
              77.6130921,
              13.0390577
            ],
            [
              77.6127675,
              13.0381078
            ],
            [
              77.6129687,
              13.0380425
            ],
            [
              77.6130009,
              13.0381653
            ],
            [
              77.6131738,
              13.0381026
            ],
            [
              77.613261,
              13.0384148
            ],
            [
              77.6134753,
              13.0383759
            ],
            [
              77.6136567,
              13.038343
            ],
            [
              77.6136929,
              13.0388186
            ]
          ]
        ]
      },
      "id": "way/775442577"
    },
    {
      "type": "Feature",
      "properties": {
        "@id": "way/775444098",
        "addr:housename": "Seventh Day Adventist High School",
        "addr:housenumber": "98",
        "addr:postcode": "560005",
        "addr:street": "Spencer Road, Fraser Town, Bangalore",
        "amenity": "school",
        "name": "Seventh Day Adventist School",
        "name:kn": "ಸೆವೆಂತ್ ಡೇ ಅಡ್ವೆನ್ಟಿಸ್ಟ್ ಪ್ರೌಡ ಶಾಲೆ"
      },
      "geometry": {
        "type": "Polygon",
        "coordinates": [
          [
            [
              77.6117774,
              12.9942412
            ],
            [
              77.6121858,
              12.9939836
            ],
            [
              77.6125578,
              12.9946033
            ],
            [
              77.6121506,
              12.994828
            ],
            [
              77.6117774,
              12.9942412
            ]
          ]
        ]
      },
      "id": "way/775444098"
    },
    {
      "type": "Feature",
      "properties": {
        "@id": "way/775448741",
        "amenity": "school",
        "barrier": "wall",
        "landuse": "education",
        "name": "St. Charles Girls High School",
        "name:en": "St. Charles Girls High School"
      },
      "geometry": {
        "type": "Polygon",
        "coordinates": [
          [
            [
              77.6214551,
              13.0067644
            ],
            [
              77.6209548,
              13.0060605
            ],
            [
              77.6204923,
              13.0054098
            ],
            [
              77.6221403,
              13.0050913
            ],
            [
              77.6223651,
              13.0055907
            ],
            [
              77.6223777,
              13.0056187
            ],
            [
              77.6228388,
              13.0066756
            ],
            [
              77.6217505,
              13.0071886
            ],
            [
              77.6215518,
              13.006898
            ],
            [
              77.6214811,
              13.0068003
            ],
            [
              77.6214551,
              13.0067644
            ]
          ]
        ]
      },
      "id": "way/775448741"
    },
    {
      "type": "Feature",
      "properties": {
        "@id": "way/781182572",
        "amenity": "school",
        "isced:level": "2",
        "landuse": "education",
        "name": "GTHPS Puduparacheri",
        "name:kn": "ಸರ್ಕಾರಿ ತೆಲುಗು ಹಿರಿಯ ಪ್ರಾಥಮಿಕ ಶಾಲೆ ಪುದುಪರಾಚೇರಿ",
        "operator": "Department of Education",
        "school": "primary"
      },
      "geometry": {
        "type": "Polygon",
        "coordinates": [
          [
            [
              77.6009324,
              12.9593704
            ],
            [
              77.6008373,
              12.9590009
            ],
            [
              77.6012466,
              12.9589009
            ],
            [
              77.6013416,
              12.9592704
            ],
            [
              77.6009324,
              12.9593704
            ]
          ]
        ]
      },
      "id": "way/781182572"
    },
    {
      "type": "Feature",
      "properties": {
        "@id": "way/781182573",
        "amenity": "school",
        "isced:level": "2",
        "landuse": "education",
        "name": "GMPS AkkithimmanaHalli",
        "name:kn": "ಸರ್ಕಾರಿ ಮಾದರಿ ಪ್ರಾಥಮಿಕ ಶಾಲೆ ಅಕ್ಕಿತಿಮ್ಮನಹಳ್ಳಿ",
        "operator": "Department of Education",
        "school": "primary"
      },
      "geometry": {
        "type": "Polygon",
        "coordinates": [
          [
            [
              77.6013416,
              12.9592704
            ],
            [
              77.601452,
              12.9596995
            ],
            [
              77.6010428,
              12.9597995
            ],
            [
              77.6009324,
              12.9593704
            ],
            [
              77.6013416,
              12.9592704
            ]
          ]
        ]
      },
      "id": "way/781182573"
    },
    {
      "type": "Feature",
      "properties": {
        "@id": "way/781588917",
        "amenity": "school",
        "name": "Venkat International School",
        "wheelchair": "limited"
      },
      "geometry": {
        "type": "Polygon",
        "coordinates": [
          [
            [
              77.5528659,
              12.9825949
            ],
            [
              77.5528215,
              12.981959
            ],
            [
              77.5532323,
              12.9819317
            ],
            [
              77.5532768,
              12.9825677
            ],
            [
              77.5528659,
              12.9825949
            ]
          ]
        ]
      },
      "id": "way/781588917"
    },
    {
      "type": "Feature",
      "properties": {
        "@id": "way/792799065",
        "amenity": "school",
        "name": "Sri Aurobindo Vidya Mandir",
        "name:etymology:wikidata": "Q192207",
        "wheelchair": "yes"
      },
      "geometry": {
        "type": "Polygon",
        "coordinates": [
          [
            [
              77.5453365,
              12.9988792
            ],
            [
              77.5454543,
              12.9983899
            ],
            [
              77.5458615,
              12.9984165
            ],
            [
              77.545832,
              12.9989078
            ],
            [
              77.5453365,
              12.9988792
            ]
          ]
        ]
      },
      "id": "way/792799065"
    },
    {
      "type": "Feature",
      "properties": {
        "@id": "way/796374051",
        "addr:district": "Bengaluru",
        "addr:full": "Munireddypalya, J.C.Nagar, Bengaluru",
        "addr:postcode": "560006",
        "addr:state": "Karnataka",
        "amenity": "hospital",
        "name": "JC Nagar Municipal Hospital",
        "source": "OpenGovernmentData"
      },
      "geometry": {
        "type": "Polygon",
        "coordinates": [
          [
            [
              77.5945352,
              13.0095859
            ],
            [
              77.5947007,
              13.0100512
            ],
            [
              77.5940703,
              13.0102759
            ],
            [
              77.5935768,
              13.0099493
            ],
            [
              77.5935437,
              13.0098978
            ],
            [
              77.5945352,
              13.0095859
            ]
          ]
        ]
      },
      "id": "way/796374051"
    },
    {
      "type": "Feature",
      "properties": {
        "@id": "way/796458046",
        "addr:city": "Bengaluru",
        "addr:postcode": "560025",
        "addr:street": "Hosur Road",
        "alt_name": "Bangalore Military School",
        "alt_name_1": "Rashtriya Military School, Bengaluru",
        "amenity": "school",
        "email": "rmsbengaluru@gmail.com",
        "fax": "+91 080- 25308191",
        "landuse": "military",
        "name": "Rashtriya Military School",
        "old_name": "King George Royal Indian Military College",
        "operator": "Ministry of Defence, Government of India",
        "phone": "+91 080-29602555;+91 080- 25554972",
        "short_name": "CMP",
        "start_date": "1946-01-01",
        "website": "https://www.rashtriyamilitaryschools.edu.in/rmsbengaluru/",
        "wikidata": "Q4855064",
        "wikipedia": "en:Bangalore Military School"
      },
      "geometry": {
        "type": "Polygon",
        "coordinates": [
          [
            [
              77.606881,
              12.9634648
            ],
            [
              77.6068741,
              12.9626992
            ],
            [
              77.6067491,
              12.9614845
            ],
            [
              77.6105279,
              12.9612915
            ],
            [
              77.6105386,
              12.9603191
            ],
            [
              77.6122865,
              12.9602097
            ],
            [
              77.612413,
              12.9616146
            ],
            [
              77.6107961,
              12.9637466
            ],
            [
              77.6106808,
              12.9637485
            ],
            [
              77.6106759,
              12.9638652
            ],
            [
              77.61043,
              12.9641864
            ],
            [
              77.6098452,
              12.9649758
            ],
            [
              77.6071772,
              12.9644059
            ],
            [
              77.6071656,
              12.9634204
            ],
            [
              77.606881,
              12.9634648
            ]
          ]
        ]
      },
      "id": "way/796458046"
    },
    {
      "type": "Feature",
      "properties": {
        "@id": "way/796463148",
        "addr:city": "Bangalore",
        "addr:housenumber": "52",
        "addr:postcode": "Bengaluru",
        "addr:street": "Saint Marks Road, Saint Marks Road, Shanthala Nagar, Ashok Nagar",
        "amenity": "school",
        "name": "Stracey Memorial High School",
        "phone": "+91 80 2559 2558",
        "website": "https://stracey50.com/"
      },
      "geometry": {
        "type": "Polygon",
        "coordinates": [
          [
            [
              77.6016191,
              12.9747586
            ],
            [
              77.601989,
              12.9747599
            ],
            [
              77.6022982,
              12.9747904
            ],
            [
              77.6022935,
              12.9751391
            ],
            [
              77.6016658,
              12.9751406
            ],
            [
              77.6016625,
              12.9751079
            ],
            [
              77.6016483,
              12.9749679
            ],
            [
              77.6016191,
              12.9747586
            ]
          ]
        ]
      },
      "id": "way/796463148"
    },
    {
      "type": "Feature",
      "properties": {
        "@id": "way/851795159",
        "addr:city": "Banglore",
        "addr:housenumber": "1",
        "addr:postcode": "560079",
        "addr:street": "Shamavana, 4th B Main, III Block, Basaveshwaranagar",
        "amenity": "school",
        "email": "bsnr@srivani.org",
        "landuse": "education",
        "name": "Sri Vani Education Centre",
        "phone": "+91 80 2323 8608",
        "school:gender": "mixed",
        "website": "https://srivani.edu.in/shamavana/"
      },
      "geometry": {
        "type": "Polygon",
        "coordinates": [
          [
            [
              77.5416179,
              12.9883148
            ],
            [
              77.5412719,
              12.9883593
            ],
            [
              77.5412129,
              12.9879411
            ],
            [
              77.5415482,
              12.9877817
            ],
            [
              77.5416179,
              12.9883148
            ]
          ]
        ]
      },
      "id": "way/851795159"
    },
    {
      "type": "Feature",
      "properties": {
        "@id": "way/851795162",
        "addr:city": "Bengaluru",
        "addr:postcode": "560079",
        "addr:street": "3rd Cross",
        "amenity": "school",
        "email": "naflblr@gmail.com",
        "landuse": "education",
        "name": "National Academy for Learning",
        "phone": "+91-80-23239281",
        "phone_1": "+91-80-23231567",
        "wikidata": "Q6970108"
      },
      "geometry": {
        "type": "Polygon",
        "coordinates": [
          [
            [
              77.5416179,
              12.9883148
            ],
            [
              77.5415482,
              12.9877817
            ],
            [
              77.5422429,
              12.9874419
            ],
            [
              77.542349,
              12.9881081
            ],
            [
              77.5423649,
              12.9882077
            ],
            [
              77.5416179,
              12.9883148
            ]
          ]
        ]
      },
      "id": "way/851795162"
    },
    {
      "type": "Feature",
      "properties": {
        "@id": "way/865277256",
        "amenity": "school",
        "landuse": "education"
      },
      "geometry": {
        "type": "Polygon",
        "coordinates": [
          [
            [
              77.6248716,
              13.0011237
            ],
            [
              77.6252484,
              13.000997
            ],
            [
              77.6253879,
              13.0013315
            ],
            [
              77.6250124,
              13.0014753
            ],
            [
              77.6248716,
              13.0011237
            ]
          ]
        ]
      },
      "id": "way/865277256"
    },
    {
      "type": "Feature",
      "properties": {
        "@id": "way/886246933",
        "addr:housenumber": "10",
        "addr:street": "Promenade Road",
        "amenity": "school",
        "check_date": "2024-12-29",
        "email": "goodwillpucollege@yahoo.in",
        "name": "Goodwill Girls’ High School & Composite Pre-university College",
        "name:kn": "ಗುಡ್ ವಿಲ್ಸ್ ಕನ್ಯಾ ಪ್ರೌಡ ಶಾಲೆ",
        "phone": "+91 80 4371 8738",
        "start_date": "1821",
        "website": "https://csigghspuc.edu.in/",
        "wikidata": "Q19891605",
        "wikipedia": "en:Goodwill's Girls' School, Bengaluru"
      },
      "geometry": {
        "type": "Polygon",
        "coordinates": [
          [
            [
              77.6096904,
              12.9962358
            ],
            [
              77.6091138,
              12.9965724
            ],
            [
              77.6085003,
              12.9956131
            ],
            [
              77.6093996,
              12.9949968
            ],
            [
              77.6097343,
              12.9954993
            ],
            [
              77.609383,
              12.9957309
            ],
            [
              77.6096904,
              12.9962358
            ]
          ]
        ]
      },
      "id": "way/886246933"
    },
    {
      "type": "Feature",
      "properties": {
        "@id": "way/891226347",
        "amenity": "school",
        "isced:level": "2",
        "name": "GTHPS Austintown",
        "name:kn": "ಸರ್ಕಾರಿ ತೆಲುಗು ಹಿರಿಯ ಪ್ರಾಥಮಿಕ ಶಾಲೆ ಆಸ್ಟಿನ್‌ಟೌನ್‌",
        "operator": "BBMP",
        "school": "primary"
      },
      "geometry": {
        "type": "Polygon",
        "coordinates": [
          [
            [
              77.615738,
              12.9614261
            ],
            [
              77.6157381,
              12.9609792
            ],
            [
              77.6163402,
              12.960889
            ],
            [
              77.6163201,
              12.9612196
            ],
            [
              77.6162893,
              12.9614078
            ],
            [
              77.615738,
              12.9614261
            ]
          ]
        ]
      },
      "id": "way/891226347"
    },
    {
      "type": "Feature",
      "properties": {
        "@id": "way/891226349",
        "amenity": "school",
        "isced:level": "2",
        "name": "Mahanagar Palike HPS Austin Town",
        "name:kn": "ಮಹಾನಗರ್ ಪಾಲಿಕೆ ಹಿರಿಯ ಪ್ರಾಥಮಿಕ ಶಾಲೆ ಆಸ್ಟಿನ್‌ಟೌನ್‌",
        "operator": "Department of Education",
        "school": "primary"
      },
      "geometry": {
        "type": "Polygon",
        "coordinates": [
          [
            [
              77.6185254,
              12.9597459
            ],
            [
              77.618611,
              12.9591283
            ],
            [
              77.6186406,
              12.9589152
            ],
            [
              77.6195383,
              12.9590182
            ],
            [
              77.6194999,
              12.9592239
            ],
            [
              77.6194489,
              12.9596369
            ],
            [
              77.6189554,
              12.9595768
            ],
            [
              77.6189339,
              12.9597911
            ],
            [
              77.6185254,
              12.9597459
            ]
          ]
        ]
      },
      "id": "way/891226349"
    },
    {
      "type": "Feature",
      "properties": {
        "@id": "way/917882290",
        "amenity": "school",
        "name": "St. Jude's English High School"
      },
      "geometry": {
        "type": "Polygon",
        "coordinates": [
          [
            [
              77.638757,
              13.0004139
            ],
            [
              77.6390894,
              13.0005904
            ],
            [
              77.6394556,
              13.0007848
            ],
            [
              77.6395635,
              13.0008421
            ],
            [
              77.6393616,
              13.0011603
            ],
            [
              77.639204,
              13.0013608
            ],
            [
              77.6390129,
              13.0013275
            ],
            [
              77.6387891,
              13.0013228
            ],
            [
              77.638757,
              13.0004139
            ]
          ]
        ]
      },
      "id": "way/917882290"
    },
    {
      "type": "Feature",
      "properties": {
        "@id": "way/991531036",
        "addr:full": "Stage 1, KHB Colony, Basaveshwar Nagar, Bengaluru, Karnataka",
        "addr:state": "Karnataka",
        "amenity": "hospital",
        "healthcare": "hospital",
        "name": "Government Homeopathic Hospital"
      },
      "geometry": {
        "type": "Polygon",
        "coordinates": [
          [
            [
              77.5369361,
              12.9834169
            ],
            [
              77.5364761,
              12.9834875
            ],
            [
              77.5363889,
              12.9834966
            ],
            [
              77.5359946,
              12.9835489
            ],
            [
              77.5358551,
              12.9830406
            ],
            [
              77.5363675,
              12.982889
            ],
            [
              77.5363407,
              12.9828027
            ],
            [
              77.5371675,
              12.9825603
            ],
            [
              77.5371808,
              12.9826903
            ],
            [
              77.537095,
              12.9829636
            ],
            [
              77.5369361,
              12.9834169
            ]
          ]
        ]
      },
      "id": "way/991531036"
    },
    {
      "type": "Feature",
      "properties": {
        "@id": "way/991531037",
        "addr:city": "Basaveshwara Nagar, Bangalore",
        "addr:postcode": "560079",
        "addr:street": "10th Main, 3rd Stage, West Of Chord Road",
        "amenity": "school",
        "name": "S Cadambi Vidya Kendra English Secondary School",
        "phone": "+91 80 23232831"
      },
      "geometry": {
        "type": "Polygon",
        "coordinates": [
          [
            [
              77.5392065,
              12.9933857
            ],
            [
              77.5395781,
              12.9933342
            ],
            [
              77.5397155,
              12.9937386
            ],
            [
              77.5393668,
              12.9938726
            ],
            [
              77.5392065,
              12.9933857
            ]
          ]
        ]
      },
      "id": "way/991531037"
    },
    {
      "type": "Feature",
      "properties": {
        "@id": "way/997923996",
        "addr:district": "Bengaluru Urban",
        "addr:full": "6/6 Kumarakrupa Road OppositeShivananda Circle , High Grounds",
        "addr:postcode": "560001",
        "addr:state": "Karnataka",
        "amenity": "hospital",
        "name": "Dr. P.R. Desai Hospital Pvt Ltd",
        "source": "OpenGovernmentData"
      },
      "geometry": {
        "type": "Polygon",
        "coordinates": [
          [
            [
              77.5791557,
              12.9866991
            ],
            [
              77.5788564,
              12.9863154
            ],
            [
              77.5792829,
              12.9860175
            ],
            [
              77.5795658,
              12.9863918
            ],
            [
              77.5791557,
              12.9866991
            ]
          ]
        ]
      },
      "id": "way/997923996"
    },
    {
      "type": "Feature",
      "properties": {
        "@id": "way/1013443903",
        "addr:city": "Bengaluru",
        "addr:district": "Bengaluru Urban",
        "addr:full": "26/4, Brigade Gateway, Beside Metro Cash and Carry, Malleshwaram",
        "addr:housenumber": "26/4",
        "addr:postcode": "560020",
        "addr:state": "Karnataka",
        "addr:street": "Brigade Gateway, Beside Metro Cash and Carry West, Malleshwaram",
        "amenity": "hospital",
        "emergency": "yes",
        "name": "Manipal Hospital Yeshwantpur",
        "name:kn": "ಮಣಿಪಾಲ ಆಸ್ಪತ್ರೆ ಯಶ್ವಾಂತಪುರ",
        "old_name": "Columbia Asia Referral Hospital",
        "old_name:kn": "ಕೊಲಂಬಿಯ ಏಷ್ಯಾ ಆಸ್ಪತ್ರೆ",
        "phone": "080 3989 8969",
        "source": "OpenGovernmentData",
        "website": "https://www.columbiaasia.com/"
      },
      "geometry": {
        "type": "Polygon",
        "coordinates": [
          [
            [
              77.5556607,
              13.0138207
            ],
            [
              77.556496,
              13.013826
            ],
            [
              77.5564812,
              13.0146362
            ],
            [
              77.5563618,
              13.0147677
            ],
            [
              77.5563553,
              13.0145788
            ],
            [
              77.5557049,
              13.0145736
            ],
            [
              77.5556655,
              13.0145733
            ],
            [
              77.5556633,
              13.0142308
            ],
            [
              77.555662,
              13.0140314
            ],
            [
              77.5556607,
              13.0138207
            ]
          ]
        ]
      },
      "id": "way/1013443903"
    },
    {
      "type": "Feature",
      "properties": {
        "@id": "way/1023657481",
        "amenity": "school"
      },
      "geometry": {
        "type": "Polygon",
        "coordinates": [
          [
            [
              77.5939974,
              13.0127376
            ],
            [
              77.5937507,
              13.0126069
            ],
            [
              77.5941986,
              13.0119536
            ],
            [
              77.5954646,
              13.011951
            ],
            [
              77.595588,
              13.0123691
            ],
            [
              77.5947699,
              13.0124841
            ],
            [
              77.5947109,
              13.0124292
            ],
            [
              77.5939974,
              13.0127376
            ]
          ]
        ]
      },
      "id": "way/1023657481"
    },
    {
      "type": "Feature",
      "properties": {
        "@id": "way/1036043470",
        "addr:street": "100 Feet Road",
        "amenity": "school",
        "check_date": "2024-09-18",
        "fee": "yes",
        "name": "New Horizon Public School",
        "operator:type": "private",
        "source": "survey",
        "website": "https://nhps.in/",
        "wikidata": "Q17079133",
        "wikipedia": "en:New Horizon Public School"
      },
      "geometry": {
        "type": "Polygon",
        "coordinates": [
          [
            [
              77.6415711,
              12.9679254
            ],
            [
              77.6415819,
              12.9675221
            ],
            [
              77.6424395,
              12.9675439
            ],
            [
              77.6424356,
              12.9678366
            ],
            [
              77.642432,
              12.9679474
            ],
            [
              77.6421062,
              12.9679389
            ],
            [
              77.6415711,
              12.9679254
            ]
          ]
        ]
      },
      "id": "way/1036043470"
    },
    {
      "type": "Feature",
      "properties": {
        "@id": "way/1039668732",
        "addr:district": "Bengaluru Urban",
        "addr:full": "Queens Road",
        "addr:state": "Karnataka",
        "addr:street": "Queen's Road",
        "amenity": "hospital",
        "name": "Shifa Hospital, Bengaluru Urban",
        "name:kn": "ಶಿಫಾ ಆಸ್ಪತ್ರೆ",
        "operator:type": "private",
        "source": "OpenGovernmentData",
        "website": "http://dpal.kar.nic.in/Kanunu%20padakosha%20PDF%20Files/Recognised%20Hospitals.pdf"
      },
      "geometry": {
        "type": "Polygon",
        "coordinates": [
          [
            [
              77.5991001,
              12.9896448
            ],
            [
              77.5993397,
              12.9902995
            ],
            [
              77.5990625,
              12.9903642
            ],
            [
              77.5990326,
              12.9902785
            ],
            [
              77.5987889,
              12.9903488
            ],
            [
              77.5986505,
              12.9900245
            ],
            [
              77.5985954,
              12.9898133
            ],
            [
              77.5991001,
              12.9896448
            ]
          ]
        ]
      },
      "id": "way/1039668732"
    },
    {
      "type": "Feature",
      "properties": {
        "@id": "way/1039760096",
        "addr:district": "Bengaluru Urban",
        "addr:full": "359 / 360, 19Th Main 1 St Block Rajajinagar Near Indian Bank",
        "addr:postcode": "560010",
        "addr:state": "Karnataka",
        "amenity": "hospital",
        "healthcare": "hospital",
        "name": "Diacon Hospital",
        "source": "OpenGovernmentData",
        "wheelchair": "yes"
      },
      "geometry": {
        "type": "Polygon",
        "coordinates": [
          [
            [
              77.5496602,
              13.0038682
            ],
            [
              77.5496998,
              13.0035917
            ],
            [
              77.5500007,
              13.0036303
            ],
            [
              77.5499484,
              13.003897
            ],
            [
              77.5496602,
              13.0038682
            ]
          ]
        ]
      },
      "id": "way/1039760096"
    },
    {
      "type": "Feature",
      "properties": {
        "@id": "way/1039760097",
        "addr:city": "mumbai",
        "addr:district": "mumbai city",
        "addr:full": "111, West Of Chord Road, Mahalakshmipuram, Rajajinagar I Block",
        "addr:housenumber": "123",
        "addr:postcode": "400080",
        "alt_name": "Fortis Hospitals Limited, Rajajinagar",
        "amenity": "hospital",
        "emergency": "yes",
        "healthcare": "hospital",
        "healthcare:speciality": "emergency",
        "name": "Fortis Hospital",
        "name:kn": "ಫೋರ್ಟಿಸ್ ಆಸ್ಪತ್ರೆ",
        "source": "OpenGovernmentData"
      },
      "geometry": {
        "type": "Polygon",
        "coordinates": [
          [
            [
              77.5492168,
              13.0023382
            ],
            [
              77.5489437,
              13.0023092
            ],
            [
              77.5489828,
              13.0020643
            ],
            [
              77.5492586,
              13.0021052
            ],
            [
              77.5492168,
              13.0023382
            ]
          ]
        ]
      },
      "id": "way/1039760097"
    },
    {
      "type": "Feature",
      "properties": {
        "@id": "way/1040899000",
        "addr:street": "CV Raman Avenue",
        "amenity": "school",
        "name": "Nagasena Vidyalaya",
        "name:kn": "ನಾಗಸೇನ ವಿದ್ಯಾಲಯ"
      },
      "geometry": {
        "type": "Polygon",
        "coordinates": [
          [
            [
              77.5763089,
              13.0141108
            ],
            [
              77.575946,
              13.0141149
            ],
            [
              77.5759408,
              13.0136805
            ],
            [
              77.5763037,
              13.0136764
            ],
            [
              77.5763089,
              13.0141108
            ]
          ]
        ]
      },
      "id": "way/1040899000"
    },
    {
      "type": "Feature",
      "properties": {
        "@id": "way/1050589708",
        "amenity": "school",
        "name": "Army Public School"
      },
      "geometry": {
        "type": "Polygon",
        "coordinates": [
          [
            [
              77.6119637,
              12.9773222
            ],
            [
              77.6125196,
              12.9788948
            ],
            [
              77.6114187,
              12.9792644
            ],
            [
              77.6111826,
              12.9785965
            ],
            [
              77.6096498,
              12.979111
            ],
            [
              77.6093371,
              12.9782047
            ],
            [
              77.6119637,
              12.9773222
            ]
          ]
        ]
      },
      "id": "way/1050589708"
    },
    {
      "type": "Feature",
      "properties": {
        "@id": "way/1050589709",
        "amenity": "school",
        "name": "Army Public School ASC C&C"
      },
      "geometry": {
        "type": "Polygon",
        "coordinates": [
          [
            [
              77.6185813,
              12.9634827
            ],
            [
              77.6202053,
              12.9642347
            ],
            [
              77.6199424,
              12.9648071
            ],
            [
              77.6196635,
              12.9646581
            ],
            [
              77.6193738,
              12.9646817
            ],
            [
              77.617907,
              12.9652033
            ],
            [
              77.6178916,
              12.965142
            ],
            [
              77.6181348,
              12.9645245
            ],
            [
              77.6185813,
              12.9634827
            ]
          ]
        ]
      },
      "id": "way/1050589709"
    },
    {
      "type": "Feature",
      "properties": {
        "@id": "way/1050589711",
        "amenity": "school",
        "full_name": "Government Urdu Model Primary School, Yellagondanapalya",
        "isced:level": "2",
        "name": "GUMPS Yalagondana Palya",
        "name:kn": "ಸರ್ಕಾರಿ ಉರ್ದು ಪ್ರಾಥಮಿಕ ಮಾದರಿ ಶಾಲೆ ಯಳಗೊಂಡನ ಪಾಳ್ಯ",
        "operator": "Department of Education",
        "school": "primary"
      },
      "geometry": {
        "type": "Polygon",
        "coordinates": [
          [
            [
              77.6132999,
              12.9634492
            ],
            [
              77.6128037,
              12.9634049
            ],
            [
              77.6128547,
              12.9629813
            ],
            [
              77.61332,
              12.9630245
            ],
            [
              77.6132999,
              12.9634492
            ]
          ]
        ]
      },
      "id": "way/1050589711"
    },
    {
      "type": "Feature",
      "properties": {
        "@id": "way/1051886138",
        "amenity": "school",
        "name": "St. Anthony's School",
        "name:kn": "ಸೇಂಟ್ ಆಂಟೊನಿ ಶಾಲೆ"
      },
      "geometry": {
        "type": "Polygon",
        "coordinates": [
          [
            [
              77.6119035,
              12.9924266
            ],
            [
              77.6122246,
              12.9929106
            ],
            [
              77.6119232,
              12.993116
            ],
            [
              77.6116687,
              12.9927696
            ],
            [
              77.6115816,
              12.992651
            ],
            [
              77.6119035,
              12.9924266
            ]
          ]
        ]
      },
      "id": "way/1051886138"
    },
    {
      "type": "Feature",
      "properties": {
        "@id": "way/1052004253",
        "amenity": "school"
      },
      "geometry": {
        "type": "Polygon",
        "coordinates": [
          [
            [
              77.5637782,
              12.9600293
            ],
            [
              77.5637828,
              12.9595862
            ],
            [
              77.5644083,
              12.9595925
            ],
            [
              77.5644036,
              12.9600355
            ],
            [
              77.5637782,
              12.9600293
            ]
          ]
        ]
      },
      "id": "way/1052004253"
    },
    {
      "type": "Feature",
      "properties": {
        "@id": "way/1052004254",
        "amenity": "school"
      },
      "geometry": {
        "type": "Polygon",
        "coordinates": [
          [
            [
              77.5633349,
              12.9600248
            ],
            [
              77.5633396,
              12.9595818
            ],
            [
              77.5637828,
              12.9595862
            ],
            [
              77.5637782,
              12.9600293
            ],
            [
              77.5633349,
              12.9600248
            ]
          ]
        ]
      },
      "id": "way/1052004254"
    },
    {
      "type": "Feature",
      "properties": {
        "@id": "way/1053086130",
        "addr:street": "Naganarapalaya Main Road",
        "amenity": "school",
        "name": "Kendriya Vidhyalaya DRDO",
        "name:kn": "ಕೆಂದ್ರೀಯ ವಿದ್ಯಾಲಯ"
      },
      "geometry": {
        "type": "Polygon",
        "coordinates": [
          [
            [
              77.663918,
              12.9878665
            ],
            [
              77.6639151,
              12.9858186
            ],
            [
              77.6645299,
              12.9858178
            ],
            [
              77.6645317,
              12.9871167
            ],
            [
              77.6647965,
              12.9871163
            ],
            [
              77.6647975,
              12.9878653
            ],
            [
              77.663918,
              12.9878665
            ]
          ]
        ]
      },
      "id": "way/1053086130"
    },
    {
      "type": "Feature",
      "properties": {
        "@id": "way/1062372957",
        "amenity": "school"
      },
      "geometry": {
        "type": "Polygon",
        "coordinates": [
          [
            [
              77.5695588,
              12.9970633
            ],
            [
              77.5696197,
              12.9970388
            ],
            [
              77.5703754,
              12.9970141
            ],
            [
              77.570375,
              12.9975474
            ],
            [
              77.5695575,
              12.997553
            ],
            [
              77.5695565,
              12.9973223
            ],
            [
              77.5695588,
              12.9970633
            ]
          ]
        ]
      },
      "id": "way/1062372957"
    },
    {
      "type": "Feature",
      "properties": {
        "@id": "way/1064890977",
        "amenity": "school",
        "name": "Mount Carmel Central School"
      },
      "geometry": {
        "type": "Polygon",
        "coordinates": [
          [
            [
              77.5877404,
              12.9941694
            ],
            [
              77.5866102,
              12.9944553
            ],
            [
              77.5866643,
              12.993935
            ],
            [
              77.587359,
              12.9938242
            ],
            [
              77.5873777,
              12.9937158
            ],
            [
              77.5874825,
              12.9936996
            ],
            [
              77.5875293,
              12.9936923
            ],
            [
              77.5875977,
              12.9936818
            ],
            [
              77.5877404,
              12.9941694
            ]
          ]
        ]
      },
      "id": "way/1064890977"
    },
    {
      "type": "Feature",
      "properties": {
        "@id": "way/1066854627",
        "amenity": "school",
        "name": "RBANMS Middle School",
        "name:etymology:wikidata": "Q4787468"
      },
      "geometry": {
        "type": "Polygon",
        "coordinates": [
          [
            [
              77.6127896,
              12.980798
            ],
            [
              77.6129968,
              12.981034
            ],
            [
              77.6126943,
              12.9811709
            ],
            [
              77.6126653,
              12.9811099
            ],
            [
              77.6123653,
              12.9812331
            ],
            [
              77.6119961,
              12.9813849
            ],
            [
              77.6118324,
              12.9809486
            ],
            [
              77.612302,
              12.9807572
            ],
            [
              77.6121439,
              12.9803661
            ],
            [
              77.6125322,
              12.9802296
            ],
            [
              77.612578,
              12.9803537
            ],
            [
              77.6127896,
              12.980798
            ]
          ]
        ]
      },
      "id": "way/1066854627"
    },
    {
      "type": "Feature",
      "properties": {
        "@id": "way/1066854631",
        "amenity": "school",
        "name": "RBANMS High School",
        "name:etymology:wikidata": "Q4787468"
      },
      "geometry": {
        "type": "Polygon",
        "coordinates": [
          [
            [
              77.6126943,
              12.9811709
            ],
            [
              77.6129968,
              12.981034
            ],
            [
              77.6133418,
              12.9813508
            ],
            [
              77.6129252,
              12.981535
            ],
            [
              77.612877,
              12.9815543
            ],
            [
              77.6126943,
              12.9811709
            ]
          ]
        ]
      },
      "id": "way/1066854631"
    },
    {
      "type": "Feature",
      "properties": {
        "@id": "way/1066902650",
        "amenity": "school",
        "email": "tunbridgehs@gmail.com",
        "name": "Tunbridge High School",
        "phone": "+91 80 2950 1011",
        "school:gender": "mixed",
        "website": "https://www.tunbridgehs.com/"
      },
      "geometry": {
        "type": "Polygon",
        "coordinates": [
          [
            [
              77.6065273,
              12.9790985
            ],
            [
              77.6064753,
              12.9789573
            ],
            [
              77.6064431,
              12.9788717
            ],
            [
              77.6068118,
              12.9787402
            ],
            [
              77.6068886,
              12.9789455
            ],
            [
              77.6067788,
              12.9789822
            ],
            [
              77.6067969,
              12.9790371
            ],
            [
              77.6065273,
              12.9790985
            ]
          ]
        ]
      },
      "id": "way/1066902650"
    },
    {
      "type": "Feature",
      "properties": {
        "@id": "way/1067951549",
        "amenity": "school",
        "name": "Seva Bhat Telugu High School"
      },
      "geometry": {
        "type": "Polygon",
        "coordinates": [
          [
            [
              77.6208061,
              12.9548596
            ],
            [
              77.6211736,
              12.954792
            ],
            [
              77.6213439,
              12.9557402
            ],
            [
              77.6210019,
              12.9558729
            ],
            [
              77.6208061,
              12.9548596
            ]
          ]
        ]
      },
      "id": "way/1067951549"
    },
    {
      "type": "Feature",
      "properties": {
        "@id": "way/1067951550",
        "amenity": "school"
      },
      "geometry": {
        "type": "Polygon",
        "coordinates": [
          [
            [
              77.6125371,
              12.957436
            ],
            [
              77.6125503,
              12.9575406
            ],
            [
              77.6124081,
              12.9578072
            ],
            [
              77.6124188,
              12.957998
            ],
            [
              77.6121506,
              12.9580267
            ],
            [
              77.6120916,
              12.9574752
            ],
            [
              77.6125371,
              12.957436
            ]
          ]
        ]
      },
      "id": "way/1067951550"
    },
    {
      "type": "Feature",
      "properties": {
        "@id": "way/1069218265",
        "amenity": "school",
        "name": "Bangalore Education Society",
        "wikidata": "Q4855045",
        "wikipedia": "en:Bangalore Education Society, Malleswaram"
      },
      "geometry": {
        "type": "Polygon",
        "coordinates": [
          [
            [
              77.5689087,
              12.9987755
            ],
            [
              77.5689021,
              12.9992047
            ],
            [
              77.5684127,
              12.9991976
            ],
            [
              77.5684193,
              12.9987684
            ],
            [
              77.5689087,
              12.9987755
            ]
          ]
        ]
      },
      "id": "way/1069218265"
    },
    {
      "type": "Feature",
      "properties": {
        "@id": "way/1069253451",
        "amenity": "school",
        "landuse": "education",
        "name": "Carmel High School",
        "name:kn": "ಕಾರ್ಮೆಲ್ ಪ್ರೌಡಶಾಲೆ",
        "wheelchair": "limited"
      },
      "geometry": {
        "type": "Polygon",
        "coordinates": [
          [
            [
              77.5441726,
              12.988762
            ],
            [
              77.5441211,
              12.9883464
            ],
            [
              77.5444876,
              12.9883095
            ],
            [
              77.5445434,
              12.9887348
            ],
            [
              77.5441726,
              12.988762
            ]
          ]
        ]
      },
      "id": "way/1069253451"
    },
    {
      "type": "Feature",
      "properties": {
        "@id": "way/1076618915",
        "amenity": "hospital"
      },
      "geometry": {
        "type": "Polygon",
        "coordinates": [
          [
            [
              77.5569447,
              12.9850791
            ],
            [
              77.5568087,
              12.9848995
            ],
            [
              77.5569034,
              12.9848314
            ],
            [
              77.5570394,
              12.9850109
            ],
            [
              77.5569447,
              12.9850791
            ]
          ]
        ]
      },
      "id": "way/1076618915"
    },
    {
      "type": "Feature",
      "properties": {
        "@id": "way/1077744677",
        "amenity": "school",
        "name": "Nirmala Rani High School",
        "name:kn": "ನಿರ್ಮಲ ರಾಣಿ ಪ್ರೌಢಶಾಲೆ"
      },
      "geometry": {
        "type": "Polygon",
        "coordinates": [
          [
            [
              77.560805,
              13.009084
            ],
            [
              77.5627127,
              13.0090368
            ],
            [
              77.562493,
              13.0094769
            ],
            [
              77.5621398,
              13.0100956
            ],
            [
              77.5606415,
              13.0094696
            ],
            [
              77.560805,
              13.009084
            ]
          ]
        ]
      },
      "id": "way/1077744677"
    },
    {
      "type": "Feature",
      "properties": {
        "@id": "way/1077744680",
        "amenity": "hospital"
      },
      "geometry": {
        "type": "Polygon",
        "coordinates": [
          [
            [
              77.56371,
              13.0012737
            ],
            [
              77.5638843,
              13.0009266
            ],
            [
              77.5641845,
              13.0009295
            ],
            [
              77.5641833,
              13.0010485
            ],
            [
              77.5641808,
              13.001292
            ],
            [
              77.56371,
              13.0012737
            ]
          ]
        ]
      },
      "id": "way/1077744680"
    },
    {
      "type": "Feature",
      "properties": {
        "@id": "way/1081463156",
        "addr:city": "bangalore",
        "addr:district": "Bengaluru Urban",
        "addr:full": "# 2, Tumkur Road, Goreguntepalya",
        "addr:housenumber": "2",
        "addr:postcode": "560022",
        "addr:state": "Karnataka",
        "addr:street": "Tumkur Road, Opp. Taj Vivanta, Goraguntepalya",
        "amenity": "hospital",
        "email": "appointments@peopletreehospitals.com",
        "name": "People Tree Hospitals",
        "operator:type": "private",
        "phone": "+9180 4959 9999",
        "source": "OpenGovernmentData",
        "website": "https://www.peopletreehospitals.com/"
      },
      "geometry": {
        "type": "Polygon",
        "coordinates": [
          [
            [
              77.5396669,
              13.0288068
            ],
            [
              77.5393264,
              13.0289969
            ],
            [
              77.5389775,
              13.0283815
            ],
            [
              77.5386259,
              13.0277795
            ],
            [
              77.5389827,
              13.0275805
            ],
            [
              77.5393241,
              13.0281925
            ],
            [
              77.5396669,
              13.0288068
            ]
          ]
        ]
      },
      "id": "way/1081463156"
    },
    {
      "type": "Feature",
      "properties": {
        "@id": "way/1083566593",
        "amenity": "school",
        "name": "The Colonel Hill High School"
      },
      "geometry": {
        "type": "Polygon",
        "coordinates": [
          [
            [
              77.6019441,
              12.9906194
            ],
            [
              77.6027159,
              12.990611
            ],
            [
              77.602719,
              12.9908855
            ],
            [
              77.602174,
              12.9908914
            ],
            [
              77.602178,
              12.9912421
            ],
            [
              77.6019512,
              12.9912446
            ],
            [
              77.6019441,
              12.9906194
            ]
          ]
        ]
      },
      "id": "way/1083566593"
    },
    {
      "type": "Feature",
      "properties": {
        "@id": "way/1083566594",
        "amenity": "school",
        "name": "Al-Ameen Kambal Posh"
      },
      "geometry": {
        "type": "Polygon",
        "coordinates": [
          [
            [
              77.6014099,
              12.9903374
            ],
            [
              77.6017438,
              12.9903313
            ],
            [
              77.6017475,
              12.990523
            ],
            [
              77.6014136,
              12.9905291
            ],
            [
              77.6014099,
              12.9903374
            ]
          ]
        ]
      },
      "id": "way/1083566594"
    },
    {
      "type": "Feature",
      "properties": {
        "@id": "way/1083566604",
        "amenity": "school",
        "full_name": "Church of England Zeenan Mission",
        "name": "CEZM High School",
        "start_date": "1900"
      },
      "geometry": {
        "type": "Polygon",
        "coordinates": [
          [
            [
              77.5997447,
              12.9906584
            ],
            [
              77.5997052,
              12.9905102
            ],
            [
              77.600935,
              12.9901587
            ],
            [
              77.6009725,
              12.9902959
            ],
            [
              77.6005596,
              12.9908328
            ],
            [
              77.6003408,
              12.9906501
            ],
            [
              77.6002945,
              12.9905322
            ],
            [
              77.6000276,
              12.990614
            ],
            [
              77.6000203,
              12.990586
            ],
            [
              77.5997447,
              12.9906584
            ]
          ]
        ]
      },
      "id": "way/1083566604"
    },
    {
      "type": "Feature",
      "properties": {
        "@id": "way/1083566607",
        "amenity": "hospital",
        "healthcare": "hospital",
        "name": "Charaka Super Speciality Hospital",
        "official_name": "Sri Atal Bihari Vajpayee Medical College and Research Institute",
        "official_name:etymology:wikidata": "Q233289"
      },
      "geometry": {
        "type": "Polygon",
        "coordinates": [
          [
            [
              77.6017436,
              12.9898051
            ],
            [
              77.6021245,
              12.9893367
            ],
            [
              77.6023713,
              12.9895824
            ],
            [
              77.6027387,
              12.9895903
            ],
            [
              77.6027763,
              12.9899405
            ],
            [
              77.6018344,
              12.9899037
            ],
            [
              77.6018019,
              12.9898901
            ],
            [
              77.6017623,
              12.9898389
            ],
            [
              77.6017436,
              12.9898051
            ]
          ]
        ]
      },
      "id": "way/1083566607"
    },
    {
      "type": "Feature",
      "properties": {
        "@id": "way/1084220444",
        "amenity": "school",
        "name": "Hymamshu Jyoti Kala Peetha"
      },
      "geometry": {
        "type": "Polygon",
        "coordinates": [
          [
            [
              77.569145,
              13.0062445
            ],
            [
              77.5691445,
              13.0065577
            ],
            [
              77.5690367,
              13.0065575
            ],
            [
              77.5690366,
              13.0065985
            ],
            [
              77.5684623,
              13.0065976
            ],
            [
              77.5684629,
              13.0062434
            ],
            [
              77.569145,
              13.0062445
            ]
          ]
        ]
      },
      "id": "way/1084220444"
    },
    {
      "type": "Feature",
      "properties": {
        "@id": "way/1084220447",
        "amenity": "hospital",
        "check_date": "2024-05-12",
        "healthcare": "hospital"
      },
      "geometry": {
        "type": "Polygon",
        "coordinates": [
          [
            [
              77.5692895,
              13.0057099
            ],
            [
              77.5693823,
              13.0057101
            ],
            [
              77.5695887,
              13.0057107
            ],
            [
              77.5695882,
              13.0059087
            ],
            [
              77.569289,
              13.0059079
            ],
            [
              77.5692895,
              13.0057099
            ]
          ]
        ]
      },
      "id": "way/1084220447"
    },
    {
      "type": "Feature",
      "properties": {
        "@id": "way/1084363612",
        "amenity": "school"
      },
      "geometry": {
        "type": "Polygon",
        "coordinates": [
          [
            [
              77.527881,
              12.9517141
            ],
            [
              77.5278495,
              12.9513984
            ],
            [
              77.5282821,
              12.9513525
            ],
            [
              77.5286052,
              12.9513233
            ],
            [
              77.5286427,
              12.951684
            ],
            [
              77.5281747,
              12.9517716
            ],
            [
              77.5281706,
              12.9516892
            ],
            [
              77.527881,
              12.9517141
            ]
          ]
        ]
      },
      "id": "way/1084363612"
    },
    {
      "type": "Feature",
      "properties": {
        "@id": "way/1086134448",
        "amenity": "school"
      },
      "geometry": {
        "type": "Polygon",
        "coordinates": [
          [
            [
              77.6140123,
              12.9573778
            ],
            [
              77.6139736,
              12.9569105
            ],
            [
              77.6143073,
              12.9568843
            ],
            [
              77.6143459,
              12.9573517
            ],
            [
              77.6140123,
              12.9573778
            ]
          ]
        ]
      },
      "id": "way/1086134448"
    },
    {
      "type": "Feature",
      "properties": {
        "@id": "way/1086134450",
        "amenity": "school"
      },
      "geometry": {
        "type": "Polygon",
        "coordinates": [
          [
            [
              77.6166916,
              12.9590828
            ],
            [
              77.6167077,
              12.9588593
            ],
            [
              77.6170081,
              12.9588691
            ],
            [
              77.617,
              12.9590043
            ],
            [
              77.6166916,
              12.9590828
            ]
          ]
        ]
      },
      "id": "way/1086134450"
    },
    {
      "type": "Feature",
      "properties": {
        "@id": "way/1087820282",
        "amenity": "school",
        "brand": "Kendriya Vidyalaya",
        "brand:wikidata": "Q1156653",
        "name": "Kendriya Vidyalaya",
        "name:kn": "ಕೇಂದ್ರಿಯ ವಿದ್ಯಾಲಯ",
        "operator:type": "government_non_profit"
      },
      "geometry": {
        "type": "Polygon",
        "coordinates": [
          [
            [
              77.5512594,
              13.0278434
            ],
            [
              77.5512926,
              13.0269239
            ],
            [
              77.5521501,
              13.0269533
            ],
            [
              77.5521169,
              13.0278728
            ],
            [
              77.5512594,
              13.0278434
            ]
          ]
        ]
      },
      "id": "way/1087820282"
    },
    {
      "type": "Feature",
      "properties": {
        "@id": "way/1092672115",
        "amenity": "school"
      },
      "geometry": {
        "type": "Polygon",
        "coordinates": [
          [
            [
              77.5478165,
              12.9924227
            ],
            [
              77.5477776,
              12.99223
            ],
            [
              77.5477745,
              12.991814
            ],
            [
              77.5482705,
              12.9918769
            ],
            [
              77.5481723,
              12.992424
            ],
            [
              77.5478165,
              12.9924227
            ]
          ]
        ]
      },
      "id": "way/1092672115"
    },
    {
      "type": "Feature",
      "properties": {
        "@id": "way/1092672118",
        "amenity": "school",
        "landuse": "education",
        "name": "Gangamma Thimmaiah Govt School",
        "name:kn": "ಗಂಗಮ್ಮ ತಿಮ್ಮಯ್ಯ ಸರ್ಕಾರಿ ಶಾಲೆ"
      },
      "geometry": {
        "type": "Polygon",
        "coordinates": [
          [
            [
              77.5463991,
              12.9909147
            ],
            [
              77.5462711,
              12.9905831
            ],
            [
              77.5462058,
              12.990201
            ],
            [
              77.546806,
              12.9901244
            ],
            [
              77.5469267,
              12.9906427
            ],
            [
              77.5466412,
              12.9907798
            ],
            [
              77.5465729,
              12.9908179
            ],
            [
              77.5463991,
              12.9909147
            ]
          ]
        ]
      },
      "id": "way/1092672118"
    },
    {
      "type": "Feature",
      "properties": {
        "@id": "way/1093290443",
        "amenity": "school"
      },
      "geometry": {
        "type": "Polygon",
        "coordinates": [
          [
            [
              77.6162053,
              12.964191
            ],
            [
              77.6159662,
              12.9640777
            ],
            [
              77.6160854,
              12.963839
            ],
            [
              77.6161013,
              12.9638072
            ],
            [
              77.6163404,
              12.9639205
            ],
            [
              77.6163239,
              12.9639535
            ],
            [
              77.6162053,
              12.964191
            ]
          ]
        ]
      },
      "id": "way/1093290443"
    },
    {
      "type": "Feature",
      "properties": {
        "@id": "way/1093292147",
        "amenity": "school",
        "name": "St. Euphrasias Girls' High School"
      },
      "geometry": {
        "type": "Polygon",
        "coordinates": [
          [
            [
              77.6045937,
              12.9675021
            ],
            [
              77.6051529,
              12.9675872
            ],
            [
              77.6056744,
              12.9676666
            ],
            [
              77.6056327,
              12.967827
            ],
            [
              77.6055312,
              12.968171
            ],
            [
              77.6054967,
              12.9682881
            ],
            [
              77.6051098,
              12.9681031
            ],
            [
              77.6050226,
              12.9686586
            ],
            [
              77.6049037,
              12.9686151
            ],
            [
              77.6044276,
              12.968441
            ],
            [
              77.6043797,
              12.9684235
            ],
            [
              77.6045264,
              12.9674927
            ],
            [
              77.6045937,
              12.9675021
            ]
          ]
        ]
      },
      "id": "way/1093292147"
    },
    {
      "type": "Feature",
      "properties": {
        "@id": "way/1093292155",
        "addr:city": "Bengaluru",
        "addr:country": "IN",
        "addr:postcode": "560025",
        "addr:street": "Museum Road",
        "amenity": "school",
        "name": "Sacred Heart Girls' High School",
        "school:gender": "female",
        "start_date": "1854",
        "website": "https://shghs.edu.in/"
      },
      "geometry": {
        "type": "Polygon",
        "coordinates": [
          [
            [
              77.6029236,
              12.9683829
            ],
            [
              77.6033583,
              12.9685645
            ],
            [
              77.6031953,
              12.9688179
            ],
            [
              77.6038747,
              12.9691617
            ],
            [
              77.6037218,
              12.9694296
            ],
            [
              77.6037258,
              12.9695629
            ],
            [
              77.6034711,
              12.9700495
            ],
            [
              77.6030061,
              12.9697233
            ],
            [
              77.6027361,
              12.9695183
            ],
            [
              77.6025409,
              12.96937
            ],
            [
              77.6029236,
              12.9683829
            ]
          ]
        ]
      },
      "id": "way/1093292155"
    },
    {
      "type": "Feature",
      "properties": {
        "@id": "way/1093292156",
        "amenity": "school",
        "name": "Sacred Heart Boys School"
      },
      "geometry": {
        "type": "Polygon",
        "coordinates": [
          [
            [
              77.6092126,
              12.9666524
            ],
            [
              77.6089007,
              12.9665938
            ],
            [
              77.6088796,
              12.9665472
            ],
            [
              77.6093623,
              12.9659267
            ],
            [
              77.6095784,
              12.966101
            ],
            [
              77.61004,
              12.9655606
            ],
            [
              77.6102281,
              12.9658685
            ],
            [
              77.6105654,
              12.9662021
            ],
            [
              77.6103195,
              12.9665202
            ],
            [
              77.6101548,
              12.9668287
            ],
            [
              77.6101293,
              12.9668235
            ],
            [
              77.6097241,
              12.9667415
            ],
            [
              77.6095324,
              12.9667005
            ],
            [
              77.6092126,
              12.9666524
            ]
          ]
        ]
      },
      "id": "way/1093292156"
    },
    {
      "type": "Feature",
      "properties": {
        "@id": "way/1095561501",
        "amenity": "hospital",
        "healthcare": "hospital",
        "name": "ESI Hospital Malleshwaram Branch",
        "operator": "Employees' State Insurance",
        "operator:short": "ESI",
        "operator:wikidata": "Q3595726"
      },
      "geometry": {
        "type": "Polygon",
        "coordinates": [
          [
            [
              77.5597986,
              13.015112
            ],
            [
              77.5598985,
              13.0149494
            ],
            [
              77.560204,
              13.0151277
            ],
            [
              77.5601041,
              13.0152903
            ],
            [
              77.5597986,
              13.015112
            ]
          ]
        ]
      },
      "id": "way/1095561501"
    },
    {
      "type": "Feature",
      "properties": {
        "@id": "way/1098069722",
        "amenity": "school",
        "name": "Frank Anthony Junior School"
      },
      "geometry": {
        "type": "Polygon",
        "coordinates": [
          [
            [
              77.6040698,
              12.9631277
            ],
            [
              77.6039176,
              12.9626481
            ],
            [
              77.604053,
              12.9624351
            ],
            [
              77.6042193,
              12.9623893
            ],
            [
              77.6043461,
              12.9630558
            ],
            [
              77.6040698,
              12.9631277
            ]
          ]
        ]
      },
      "id": "way/1098069722"
    },
    {
      "type": "Feature",
      "properties": {
        "@id": "way/1100674381",
        "amenity": "school",
        "name": "St. Michael's School",
        "name:kn": "ಸೈಂಟ್ ಮೈಕಲ್ ಶಾಲೆ"
      },
      "geometry": {
        "type": "Polygon",
        "coordinates": [
          [
            [
              77.5984986,
              12.9550327
            ],
            [
              77.5987896,
              12.9556832
            ],
            [
              77.5981527,
              12.9559157
            ],
            [
              77.5975315,
              12.9561424
            ],
            [
              77.5974964,
              12.9561552
            ],
            [
              77.5974803,
              12.9558193
            ],
            [
              77.5973825,
              12.9555817
            ],
            [
              77.5975497,
              12.9554995
            ],
            [
              77.5976106,
              12.9554695
            ],
            [
              77.5984986,
              12.9550327
            ]
          ]
        ]
      },
      "id": "way/1100674381"
    },
    {
      "type": "Feature",
      "properties": {
        "@id": "way/1101219244",
        "amenity": "school",
        "landuse": "education",
        "name": "St. Mary's Public School",
        "name:kn": "ಸೇಂಟ್ ಮೇರಿ ಸಾರ್ವಜನಿಕ ಶಾಲೆ"
      },
      "geometry": {
        "type": "Polygon",
        "coordinates": [
          [
            [
              77.5989494,
              12.9891019
            ],
            [
              77.5990088,
              12.9892487
            ],
            [
              77.5986437,
              12.9893988
            ],
            [
              77.5985849,
              12.9892816
            ],
            [
              77.5989494,
              12.9891019
            ]
          ]
        ]
      },
      "id": "way/1101219244"
    },
    {
      "type": "Feature",
      "properties": {
        "@id": "way/1106630234",
        "amenity": "school",
        "name": "BBMP Junior College and Girls High School",
        "name:kn": "ಸರ್ಕಾರಿ ಬಾಲಕಿಯರ ಪ್ರೌಡಶಾಲೆ ಗೋಗಿ"
      },
      "geometry": {
        "type": "Polygon",
        "coordinates": [
          [
            [
              77.5641999,
              12.998363
            ],
            [
              77.5641525,
              12.9980457
            ],
            [
              77.5648747,
              12.997949
            ],
            [
              77.5649075,
              12.9980698
            ],
            [
              77.5647003,
              12.9983127
            ],
            [
              77.5641999,
              12.998363
            ]
          ]
        ]
      },
      "id": "way/1106630234"
    },
    {
      "type": "Feature",
      "properties": {
        "@id": "way/1107016496",
        "amenity": "school",
        "name": "Haji Sir Ismail Sait Government Urdu and English Higher Primary School",
        "name:etymology:wikidata": "Q6084847"
      },
      "geometry": {
        "type": "Polygon",
        "coordinates": [
          [
            [
              77.6164984,
              13.0004416
            ],
            [
              77.6161438,
              13.0004775
            ],
            [
              77.6161076,
              13.0000462
            ],
            [
              77.6164636,
              13.0000175
            ],
            [
              77.6164984,
              13.0004416
            ]
          ]
        ]
      },
      "id": "way/1107016496"
    },
    {
      "type": "Feature",
      "properties": {
        "@id": "way/1111845884",
        "amenity": "school",
        "name": "Vidyasagar Preschool"
      },
      "geometry": {
        "type": "Polygon",
        "coordinates": [
          [
            [
              77.5815895,
              13.0411047
            ],
            [
              77.5818953,
              13.0417295
            ],
            [
              77.5813133,
              13.0418928
            ],
            [
              77.5810812,
              13.0412897
            ],
            [
              77.5815895,
              13.0411047
            ]
          ]
        ]
      },
      "id": "way/1111845884"
    },
    {
      "type": "Feature",
      "properties": {
        "@id": "way/1111845891",
        "amenity": "school",
        "name": "Young Scholars Academy",
        "wheelchair": "yes"
      },
      "geometry": {
        "type": "Polygon",
        "coordinates": [
          [
            [
              77.6046874,
              13.0384867
            ],
            [
              77.6044213,
              13.0385242
            ],
            [
              77.6037607,
              13.0386174
            ],
            [
              77.6037258,
              13.0384384
            ],
            [
              77.6034643,
              13.0384593
            ],
            [
              77.6032618,
              13.0373781
            ],
            [
              77.6042468,
              13.037141
            ],
            [
              77.6043309,
              13.0374932
            ],
            [
              77.6045023,
              13.0374663
            ],
            [
              77.6045731,
              13.0378566
            ],
            [
              77.6046874,
              13.0384867
            ]
          ]
        ]
      },
      "id": "way/1111845891"
    },
    {
      "type": "Feature",
      "properties": {
        "@id": "way/1113050873",
        "amenity": "school",
        "name": "Allamandas School"
      },
      "geometry": {
        "type": "Polygon",
        "coordinates": [
          [
            [
              77.5730266,
              12.9967651
            ],
            [
              77.5730321,
              12.9963783
            ],
            [
              77.5732239,
              12.9963809
            ],
            [
              77.5732183,
              12.9967677
            ],
            [
              77.5730266,
              12.9967651
            ]
          ]
        ]
      },
      "id": "way/1113050873"
    },
    {
      "type": "Feature",
      "properties": {
        "@id": "way/1115399973",
        "amenity": "school",
        "landuse": "religious",
        "name": "Shree Jain Shiksha Samiti",
        "religion": "jain"
      },
      "geometry": {
        "type": "Polygon",
        "coordinates": [
          [
            [
              77.6117696,
              12.9720902
            ],
            [
              77.6116434,
              12.9715434
            ],
            [
              77.611798,
              12.9715213
            ],
            [
              77.6120545,
              12.9714847
            ],
            [
              77.6122068,
              12.9714638
            ],
            [
              77.612383,
              12.9714397
            ],
            [
              77.6125168,
              12.971989
            ],
            [
              77.6117696,
              12.9720902
            ]
          ]
        ]
      },
      "id": "way/1115399973"
    },
    {
      "type": "Feature",
      "properties": {
        "@id": "way/1119315456",
        "amenity": "school"
      },
      "geometry": {
        "type": "Polygon",
        "coordinates": [
          [
            [
              77.6137546,
              13.007899
            ],
            [
              77.6141596,
              13.0076729
            ],
            [
              77.6143353,
              13.0079617
            ],
            [
              77.6139531,
              13.0081799
            ],
            [
              77.6137546,
              13.007899
            ]
          ]
        ]
      },
      "id": "way/1119315456"
    },
    {
      "type": "Feature",
      "properties": {
        "@id": "way/1124838108",
        "amenity": "school",
        "name": "Baldwin Opportunity School"
      },
      "geometry": {
        "type": "Polygon",
        "coordinates": [
          [
            [
              77.6010451,
              12.9646015
            ],
            [
              77.6012219,
              12.9645444
            ],
            [
              77.601285,
              12.9647964
            ],
            [
              77.6010625,
              12.9648139
            ],
            [
              77.6010451,
              12.9646015
            ]
          ]
        ]
      },
      "id": "way/1124838108"
    },
    {
      "type": "Feature",
      "properties": {
        "@id": "way/1124838493",
        "amenity": "school",
        "name": "Bharat Seva Dal",
        "name:kn": "ಭಾರತ ಸೇವಾದಳ",
        "wheelchair": "no"
      },
      "geometry": {
        "type": "Polygon",
        "coordinates": [
          [
            [
              77.5806722,
              12.9877398
            ],
            [
              77.5805591,
              12.9877646
            ],
            [
              77.580286,
              12.9872968
            ],
            [
              77.580524,
              12.9869512
            ],
            [
              77.5806996,
              12.9870823
            ],
            [
              77.5807353,
              12.9873138
            ],
            [
              77.5806722,
              12.9877398
            ]
          ]
        ]
      },
      "id": "way/1124838493"
    },
    {
      "type": "Feature",
      "properties": {
        "@id": "way/1125698046",
        "amenity": "school"
      },
      "geometry": {
        "type": "Polygon",
        "coordinates": [
          [
            [
              77.594618,
              13.0261105
            ],
            [
              77.5945072,
              13.025617
            ],
            [
              77.5948347,
              13.0255472
            ],
            [
              77.5949456,
              13.0260407
            ],
            [
              77.594618,
              13.0261105
            ]
          ]
        ]
      },
      "id": "way/1125698046"
    },
    {
      "type": "Feature",
      "properties": {
        "@id": "way/1125999710",
        "addr:city": "Bangalore",
        "addr:housenumber": "51",
        "addr:street": "Railway Parallel Road",
        "amenity": "school",
        "name": "Bethesda High School"
      },
      "geometry": {
        "type": "Polygon",
        "coordinates": [
          [
            [
              77.5832208,
              12.9963943
            ],
            [
              77.5833788,
              12.9960236
            ],
            [
              77.583553,
              12.9960953
            ],
            [
              77.5834208,
              12.9964073
            ],
            [
              77.5832208,
              12.9963943
            ]
          ]
        ]
      },
      "id": "way/1125999710"
    },
    {
      "type": "Feature",
      "properties": {
        "@id": "way/1137660892",
        "amenity": "school"
      },
      "geometry": {
        "type": "Polygon",
        "coordinates": [
          [
            [
              77.5674288,
              13.0431693
            ],
            [
              77.5675381,
              13.0434352
            ],
            [
              77.5676434,
              13.043797
            ],
            [
              77.5676306,
              13.0439878
            ],
            [
              77.5672665,
              13.0436853
            ],
            [
              77.5669969,
              13.0433996
            ],
            [
              77.5674288,
              13.0431693
            ]
          ]
        ]
      },
      "id": "way/1137660892"
    },
    {
      "type": "Feature",
      "properties": {
        "@id": "way/1140754015",
        "amenity": "school",
        "landuse": "education",
        "name": "Miranda Group Of Institutions"
      },
      "geometry": {
        "type": "Polygon",
        "coordinates": [
          [
            [
              77.6504162,
              12.9685072
            ],
            [
              77.6506365,
              12.9692176
            ],
            [
              77.650368,
              12.9692834
            ],
            [
              77.6501794,
              12.9685662
            ],
            [
              77.6504162,
              12.9685072
            ]
          ]
        ]
      },
      "id": "way/1140754015"
    },
    {
      "type": "Feature",
      "properties": {
        "@id": "way/1141353122",
        "addr:district": "Bengaluru Urban",
        "addr:full": "1A/87, Dr Rajkumar Road, 4th Block, Rajajinagar",
        "addr:postcode": "560010",
        "addr:state": "Karnataka",
        "addr:street": "Dr Rajkumar Road",
        "amenity": "hospital",
        "emergency": "yes",
        "name": "Suguna Hospital",
        "name:kn": "ಸುಗುಣ ಆಸ್ಪತ್ರೆ",
        "source": "OpenGovernmentData"
      },
      "geometry": {
        "type": "Polygon",
        "coordinates": [
          [
            [
              77.5596746,
              12.9883175
            ],
            [
              77.5598239,
              12.9880423
            ],
            [
              77.5598488,
              12.9880155
            ],
            [
              77.560404,
              12.9880077
            ],
            [
              77.560398,
              12.9884527
            ],
            [
              77.5596746,
              12.9883175
            ]
          ]
        ]
      },
      "id": "way/1141353122"
    },
    {
      "type": "Feature",
      "properties": {
        "@id": "way/1148876100",
        "amenity": "hospital",
        "building": "hospital",
        "building:levels": "7",
        "building:levels:underground": "3",
        "height": "29.85",
        "name": "Sparsh Hospital, Hennur",
        "operator": "Sparsh Hospital"
      },
      "geometry": {
        "type": "Polygon",
        "coordinates": [
          [
            [
              77.6408529,
              13.0404721
            ],
            [
              77.6405016,
              13.0404638
            ],
            [
              77.6405164,
              13.0398699
            ],
            [
              77.6408677,
              13.0398782
            ],
            [
              77.6408529,
              13.0404721
            ]
          ]
        ]
      },
      "id": "way/1148876100"
    },
    {
      "type": "Feature",
      "properties": {
        "@id": "way/1149213001",
        "addr:district": "Bengaluru Urban",
        "addr:full": "15, Eagle Street Langford Town Shanti Nagar",
        "addr:postcode": "560025",
        "addr:state": "Karnataka",
        "amenity": "hospital",
        "emergency": "no",
        "name": "Dr Agarwal's Eye Hospital",
        "source": "OpenGovernmentData"
      },
      "geometry": {
        "type": "Polygon",
        "coordinates": [
          [
            [
              77.6049713,
              12.9570024
            ],
            [
              77.6046301,
              12.9570886
            ],
            [
              77.6045496,
              12.9567986
            ],
            [
              77.6048938,
              12.9567115
            ],
            [
              77.6049713,
              12.9570024
            ]
          ]
        ]
      },
      "id": "way/1149213001"
    },
    {
      "type": "Feature",
      "properties": {
        "@id": "way/1157119896",
        "addr:place": "Ejipura",
        "amenity": "school",
        "isced:level": "3",
        "name": "Everest High School",
        "name:kn": "ಎವರೆಸ್ಟ್, ನೀಲಸಂದ್ರ",
        "operator": "Private Un-Aided",
        "school": "Higher Secondary"
      },
      "geometry": {
        "type": "Polygon",
        "coordinates": [
          [
            [
              77.6276846,
              12.9407704
            ],
            [
              77.6273867,
              12.9406897
            ],
            [
              77.6274222,
              12.9405851
            ],
            [
              77.6272996,
              12.9405071
            ],
            [
              77.6274768,
              12.9402568
            ],
            [
              77.6275232,
              12.9401746
            ],
            [
              77.6275443,
              12.9401868
            ],
            [
              77.6277465,
              12.9403045
            ],
            [
              77.6276846,
              12.9407704
            ]
          ]
        ]
      },
      "id": "way/1157119896"
    },
    {
      "type": "Feature",
      "properties": {
        "@id": "way/1160807141",
        "amenity": "school"
      },
      "geometry": {
        "type": "Polygon",
        "coordinates": [
          [
            [
              77.6100333,
              12.9898295
            ],
            [
              77.6099616,
              12.9894588
            ],
            [
              77.610272,
              12.9894049
            ],
            [
              77.610319,
              12.9896516
            ],
            [
              77.6102952,
              12.9896559
            ],
            [
              77.6103187,
              12.9897774
            ],
            [
              77.6100333,
              12.9898295
            ]
          ]
        ]
      },
      "id": "way/1160807141"
    },
    {
      "type": "Feature",
      "properties": {
        "@id": "way/1160807142",
        "amenity": "school",
        "name": "BBMP Girls School",
        "operator": "BBMP"
      },
      "geometry": {
        "type": "Polygon",
        "coordinates": [
          [
            [
              77.6100947,
              12.9902214
            ],
            [
              77.6100247,
              12.9898994
            ],
            [
              77.6105831,
              12.9897841
            ],
            [
              77.6106145,
              12.9899286
            ],
            [
              77.6104103,
              12.9899707
            ],
            [
              77.6104489,
              12.9901483
            ],
            [
              77.6100947,
              12.9902214
            ]
          ]
        ]
      },
      "id": "way/1160807142"
    },
    {
      "type": "Feature",
      "properties": {
        "@id": "way/1160846995",
        "amenity": "school",
        "name": "Holy Shepherd English High School"
      },
      "geometry": {
        "type": "Polygon",
        "coordinates": [
          [
            [
              77.6388465,
              12.9791078
            ],
            [
              77.6388551,
              12.9789105
            ],
            [
              77.6392338,
              12.9789185
            ],
            [
              77.6392256,
              12.9791153
            ],
            [
              77.6388465,
              12.9791078
            ]
          ]
        ]
      },
      "id": "way/1160846995"
    },
    {
      "type": "Feature",
      "properties": {
        "@id": "way/1160859607",
        "addr:place": "Koramangala",
        "alt_name": "Padmanayaka Sangam",
        "amenity": "school",
        "isced:level": "3",
        "name": "PNS School",
        "name:kn": "ಪಿ.ಎನ್.ಎಸ್ ಶಾಲೆ, ಕೋರಮಂಗಲ",
        "operator": "Private Un-Aided",
        "school": "Higher Secondary"
      },
      "geometry": {
        "type": "Polygon",
        "coordinates": [
          [
            [
              77.6192049,
              12.9381838
            ],
            [
              77.6189672,
              12.9383071
            ],
            [
              77.6188521,
              12.9380818
            ],
            [
              77.6193121,
              12.9378257
            ],
            [
              77.619452,
              12.9380541
            ],
            [
              77.6192049,
              12.9381838
            ]
          ]
        ]
      },
      "id": "way/1160859607"
    },
    {
      "type": "Feature",
      "properties": {
        "@id": "way/1177319348",
        "addr:place": "Shanthinagar",
        "amenity": "school",
        "isced:level": "2",
        "name": "GHPS Ksrtc Shanthinagar",
        "name:kn": "ಸರ್ಕಾರಿ ಹಿರಿಯ ಪ್ರಾಥಮಿಕ ಶಾಲೆ ಕೆ.ಎಸ್‌.ಆರ್‌.ಟಿ.ಸಿ ಶಾಂತಿನಗರ",
        "operator": "Department of Education",
        "school": "primary"
      },
      "geometry": {
        "type": "Polygon",
        "coordinates": [
          [
            [
              77.600153,
              12.9539152
            ],
            [
              77.6005382,
              12.9537684
            ],
            [
              77.6006459,
              12.9541372
            ],
            [
              77.6003043,
              12.9542526
            ],
            [
              77.600153,
              12.9539152
            ]
          ]
        ]
      },
      "id": "way/1177319348"
    },
    {
      "type": "Feature",
      "properties": {
        "@id": "way/1195571028",
        "amenity": "school"
      },
      "geometry": {
        "type": "Polygon",
        "coordinates": [
          [
            [
              77.5644838,
              12.9965614
            ],
            [
              77.5644584,
              12.9964416
            ],
            [
              77.5644532,
              12.9964172
            ],
            [
              77.5645936,
              12.996389
            ],
            [
              77.5646241,
              12.9965332
            ],
            [
              77.5644838,
              12.9965614
            ]
          ]
        ]
      },
      "id": "way/1195571028"
    },
    {
      "type": "Feature",
      "properties": {
        "@id": "way/1195581196",
        "amenity": "hospital",
        "name": "BBMP Hospital",
        "name:kn": "ಬೃ. ಬೆಂ. ಮ. ಪಾ. ಆಸ್ಪತ್ರೆ"
      },
      "geometry": {
        "type": "Polygon",
        "coordinates": [
          [
            [
              77.5937207,
              12.9952768
            ],
            [
              77.5935079,
              12.9948082
            ],
            [
              77.5937641,
              12.9946841
            ],
            [
              77.5940646,
              12.9952928
            ],
            [
              77.5937207,
              12.9952768
            ]
          ]
        ]
      },
      "id": "way/1195581196"
    },
    {
      "type": "Feature",
      "properties": {
        "@id": "way/1196481565",
        "alt_name": "St. Agnes Higher Primary School",
        "amenity": "school",
        "name": "Good Shepherd School"
      },
      "geometry": {
        "type": "Polygon",
        "coordinates": [
          [
            [
              77.6049892,
              12.9703302
            ],
            [
              77.6043856,
              12.9700439
            ],
            [
              77.6048134,
              12.9691526
            ],
            [
              77.6053888,
              12.9694492
            ],
            [
              77.6052993,
              12.9696847
            ],
            [
              77.6051594,
              12.9699674
            ],
            [
              77.6049892,
              12.9703302
            ]
          ]
        ]
      },
      "id": "way/1196481565"
    },
    {
      "type": "Feature",
      "properties": {
        "@id": "way/1202598185",
        "amenity": "school"
      },
      "geometry": {
        "type": "Polygon",
        "coordinates": [
          [
            [
              77.6082332,
              13.0376074
            ],
            [
              77.6081783,
              13.0371893
            ],
            [
              77.6093484,
              13.0370632
            ],
            [
              77.609392,
              13.0374519
            ],
            [
              77.6082332,
              13.0376074
            ]
          ]
        ]
      },
      "id": "way/1202598185"
    },
    {
      "type": "Feature",
      "properties": {
        "@id": "way/1203069049",
        "amenity": "school"
      },
      "geometry": {
        "type": "Polygon",
        "coordinates": [
          [
            [
              77.5662708,
              12.9452398
            ],
            [
              77.5662842,
              12.9448085
            ],
            [
              77.5669634,
              12.9447027
            ],
            [
              77.5670184,
              12.9448562
            ],
            [
              77.567056,
              12.9451791
            ],
            [
              77.5669339,
              12.9452222
            ],
            [
              77.5662708,
              12.9452398
            ]
          ]
        ]
      },
      "id": "way/1203069049"
    },
    {
      "type": "Feature",
      "properties": {
        "@id": "way/1203069053",
        "amenity": "school"
      },
      "geometry": {
        "type": "Polygon",
        "coordinates": [
          [
            [
              77.5622199,
              12.953357
            ],
            [
              77.5617412,
              12.9533021
            ],
            [
              77.5617774,
              12.9526277
            ],
            [
              77.5623822,
              12.9527936
            ],
            [
              77.5622199,
              12.953357
            ]
          ]
        ]
      },
      "id": "way/1203069053"
    },
    {
      "type": "Feature",
      "properties": {
        "@id": "way/1205832108",
        "amenity": "school"
      },
      "geometry": {
        "type": "Polygon",
        "coordinates": [
          [
            [
              77.5765818,
              12.9627592
            ],
            [
              77.5764444,
              12.9624814
            ],
            [
              77.5763525,
              12.9625193
            ],
            [
              77.5762439,
              12.9622671
            ],
            [
              77.5765027,
              12.9621103
            ],
            [
              77.5769191,
              12.9619515
            ],
            [
              77.5770566,
              12.9622795
            ],
            [
              77.5773932,
              12.9622743
            ],
            [
              77.5772926,
              12.9626298
            ],
            [
              77.576783,
              12.9626402
            ],
            [
              77.5765818,
              12.9627592
            ]
          ]
        ]
      },
      "id": "way/1205832108"
    },
    {
      "type": "Feature",
      "properties": {
        "@id": "way/1205832177",
        "amenity": "school"
      },
      "geometry": {
        "type": "Polygon",
        "coordinates": [
          [
            [
              77.5637753,
              12.960302
            ],
            [
              77.5637782,
              12.9600293
            ],
            [
              77.5644036,
              12.9600355
            ],
            [
              77.5643912,
              12.9603165
            ],
            [
              77.5637753,
              12.960302
            ]
          ]
        ]
      },
      "id": "way/1205832177"
    },
    {
      "type": "Feature",
      "properties": {
        "@id": "way/1205832181",
        "amenity": "hospital"
      },
      "geometry": {
        "type": "Polygon",
        "coordinates": [
          [
            [
              77.5615398,
              12.9610829
            ],
            [
              77.5608032,
              12.961076
            ],
            [
              77.5608063,
              12.9607666
            ],
            [
              77.5615429,
              12.9607734
            ],
            [
              77.5615398,
              12.9610829
            ]
          ]
        ]
      },
      "id": "way/1205832181"
    },
    {
      "type": "Feature",
      "properties": {
        "@id": "way/1206377083",
        "amenity": "school",
        "name": "Sri Chaitanya Techno School"
      },
      "geometry": {
        "type": "Polygon",
        "coordinates": [
          [
            [
              77.5743025,
              12.944199
            ],
            [
              77.574297,
              12.9437994
            ],
            [
              77.5744948,
              12.9437928
            ],
            [
              77.5747278,
              12.9437864
            ],
            [
              77.574738,
              12.9441948
            ],
            [
              77.5743025,
              12.944199
            ]
          ]
        ]
      },
      "id": "way/1206377083"
    },
    {
      "type": "Feature",
      "properties": {
        "@id": "way/1206697239",
        "amenity": "school"
      },
      "geometry": {
        "type": "Polygon",
        "coordinates": [
          [
            [
              77.5700963,
              12.9476676
            ],
            [
              77.569655,
              12.9476755
            ],
            [
              77.5696497,
              12.9473095
            ],
            [
              77.570115,
              12.9469814
            ],
            [
              77.5700963,
              12.9476676
            ]
          ]
        ]
      },
      "id": "way/1206697239"
    },
    {
      "type": "Feature",
      "properties": {
        "@id": "way/1210572427",
        "amenity": "school",
        "name": "NET School"
      },
      "geometry": {
        "type": "Polygon",
        "coordinates": [
          [
            [
              77.5673718,
              12.9434623
            ],
            [
              77.5672243,
              12.943197
            ],
            [
              77.5677674,
              12.9431839
            ],
            [
              77.5677641,
              12.943295
            ],
            [
              77.5673718,
              12.9434623
            ]
          ]
        ]
      },
      "id": "way/1210572427"
    },
    {
      "type": "Feature",
      "properties": {
        "@id": "way/1213188974",
        "addr:full": "Khata no:152, CV Raman Nagar, Survey no 136/3B, 7th Cross Road,, Vibhutipura Village, Jagadish Nagar, New Tippasandra, Bengaluru, Karnataka 560075",
        "amenity": "school",
        "email": "communications.oiscvr@orchids.edu.in",
        "name": "Orchids The International School - C V Raman Nagar",
        "opening_hours": "Mo-Su 09:00-18:30",
        "operator": "Orchids International School",
        "phone": "9513922803",
        "website": "https://www.orchidsinternationalschool.com/bangalore-branches/cv-raman-nagar/"
      },
      "geometry": {
        "type": "Polygon",
        "coordinates": [
          [
            [
              77.6675857,
              12.9696887
            ],
            [
              77.6675706,
              12.9692804
            ],
            [
              77.6678433,
              12.9692698
            ],
            [
              77.6684745,
              12.9692552
            ],
            [
              77.6685958,
              12.9692545
            ],
            [
              77.6687107,
              12.9692466
            ],
            [
              77.668658,
              12.9696626
            ],
            [
              77.66786,
              12.9696813
            ],
            [
              77.6675857,
              12.9696887
            ]
          ]
        ]
      },
      "id": "way/1213188974"
    },
    {
      "type": "Feature",
      "properties": {
        "@id": "way/1216159268",
        "alt_name": "Vani Vilas Institute",
        "amenity": "school",
        "heritage": "2",
        "heritage:operator": "nmma",
        "heritage:website": "https://nmma.nic.in/nmma/exploreBuiltState.do?state=29",
        "name": "Vani Villas College",
        "name:kn": "ವಾಣಿ ವಿಲಾಸ ಕಾಲೇಜು",
        "ref:nmma": "KR20010953",
        "start_date": "1868"
      },
      "geometry": {
        "type": "Polygon",
        "coordinates": [
          [
            [
              77.5759126,
              12.9621671
            ],
            [
              77.5758798,
              12.9621613
            ],
            [
              77.5758497,
              12.9621208
            ],
            [
              77.5757694,
              12.9620128
            ],
            [
              77.5757367,
              12.9620356
            ],
            [
              77.5756504,
              12.9619175
            ],
            [
              77.5757483,
              12.9618495
            ],
            [
              77.575735,
              12.9618322
            ],
            [
              77.5755894,
              12.9615973
            ],
            [
              77.5754794,
              12.9614692
            ],
            [
              77.5760829,
              12.9612157
            ],
            [
              77.5763686,
              12.9619907
            ],
            [
              77.5759126,
              12.9621671
            ]
          ]
        ]
      },
      "id": "way/1216159268"
    },
    {
      "type": "Feature",
      "properties": {
        "@id": "way/1217530866",
        "amenity": "school"
      },
      "geometry": {
        "type": "Polygon",
        "coordinates": [
          [
            [
              77.6702835,
              12.9870459
            ],
            [
              77.6702285,
              12.9876797
            ],
            [
              77.6702786,
              12.9880185
            ],
            [
              77.6696449,
              12.9880214
            ],
            [
              77.6696357,
              12.9870303
            ],
            [
              77.6702835,
              12.9870459
            ]
          ]
        ]
      },
      "id": "way/1217530866"
    },
    {
      "type": "Feature",
      "properties": {
        "@id": "way/1217671311",
        "amenity": "school",
        "name": "Government First Grade College",
        "name:kn": "ಸರಕಾರಿ ಪ್ರಥಮ ದರ್ಜೆ ಕಾಲೇಜು"
      },
      "geometry": {
        "type": "Polygon",
        "coordinates": [
          [
            [
              77.6209833,
              12.9974637
            ],
            [
              77.6211974,
              12.9969924
            ],
            [
              77.621575,
              12.9971553
            ],
            [
              77.6213609,
              12.9976266
            ],
            [
              77.6209833,
              12.9974637
            ]
          ]
        ]
      },
      "id": "way/1217671311"
    },
    {
      "type": "Feature",
      "properties": {
        "@id": "way/1220011788",
        "amenity": "school",
        "name": "Dr. Abdul Kalam School",
        "name:etymology:wikidata": "Q9513",
        "name:kn": "ಅಬ್ದುಲ್ ಕಲಾಂ ಶಾಲೆ"
      },
      "geometry": {
        "type": "Polygon",
        "coordinates": [
          [
            [
              77.5749755,
              12.957649
            ],
            [
              77.5749555,
              12.9575608
            ],
            [
              77.5747016,
              12.9576283
            ],
            [
              77.5745755,
              12.957146
            ],
            [
              77.5754486,
              12.9569211
            ],
            [
              77.5755961,
              12.9574844
            ],
            [
              77.5749755,
              12.957649
            ]
          ]
        ]
      },
      "id": "way/1220011788"
    },
    {
      "type": "Feature",
      "properties": {
        "@id": "way/1231379314",
        "amenity": "school"
      },
      "geometry": {
        "type": "Polygon",
        "coordinates": [
          [
            [
              77.5830379,
              12.9715363
            ],
            [
              77.5828904,
              12.9712815
            ],
            [
              77.5835904,
              12.9706411
            ],
            [
              77.5836468,
              12.9709718
            ],
            [
              77.5830379,
              12.9715363
            ]
          ]
        ]
      },
      "id": "way/1231379314"
    },
    {
      "type": "Feature",
      "properties": {
        "@id": "way/1250240877",
        "amenity": "school",
        "name": "JSS Public School",
        "wheelchair": "yes"
      },
      "geometry": {
        "type": "Polygon",
        "coordinates": [
          [
            [
              77.6280347,
              13.0248357
            ],
            [
              77.6285805,
              13.0247991
            ],
            [
              77.6287213,
              13.0256393
            ],
            [
              77.628319,
              13.0257007
            ],
            [
              77.6280347,
              13.0248357
            ]
          ]
        ]
      },
      "id": "way/1250240877"
    },
    {
      "type": "Feature",
      "properties": {
        "@id": "way/1254353739",
        "amenity": "school",
        "name": "Rotary"
      },
      "geometry": {
        "type": "Polygon",
        "coordinates": [
          [
            [
              77.5926892,
              12.9922313
            ],
            [
              77.5926328,
              12.9920699
            ],
            [
              77.5929661,
              12.9919242
            ],
            [
              77.5930365,
              12.9921137
            ],
            [
              77.5926892,
              12.9922313
            ]
          ]
        ]
      },
      "id": "way/1254353739"
    },
    {
      "type": "Feature",
      "properties": {
        "@id": "way/1256004261",
        "amenity": "school",
        "name": "RJ Public School"
      },
      "geometry": {
        "type": "Polygon",
        "coordinates": [
          [
            [
              77.5942758,
              12.9892894
            ],
            [
              77.5947264,
              12.9889265
            ],
            [
              77.5949331,
              12.9887431
            ],
            [
              77.5949558,
              12.988768
            ],
            [
              77.5951816,
              12.9890375
            ],
            [
              77.5950625,
              12.9891329
            ],
            [
              77.5947726,
              12.9893742
            ],
            [
              77.5946149,
              12.9891792
            ],
            [
              77.5945812,
              12.9891446
            ],
            [
              77.594326,
              12.9893446
            ],
            [
              77.5942758,
              12.9892894
            ]
          ]
        ]
      },
      "id": "way/1256004261"
    },
    {
      "type": "Feature",
      "properties": {
        "@id": "way/1257327546",
        "alt_name": "Truelife Maha Bodhi Hospital",
        "amenity": "hospital",
        "name": "Brains Super Speciality Hospital",
        "official_name": "Maha Bodhi Mallige Hospital",
        "old_name": "Mallige Hospital",
        "old_name:kn": "ಮಲ್ಲಿಗೆ ಆಸ್ಪತ್ರೆ"
      },
      "geometry": {
        "type": "Polygon",
        "coordinates": [
          [
            [
              77.5924324,
              12.9474781
            ],
            [
              77.5927462,
              12.9476872
            ],
            [
              77.5928052,
              12.9480113
            ],
            [
              77.5928025,
              12.9481303
            ],
            [
              77.5927945,
              12.9481892
            ],
            [
              77.5921561,
              12.9478257
            ],
            [
              77.5922567,
              12.947665
            ],
            [
              77.5923861,
              12.9474657
            ],
            [
              77.5924324,
              12.9474781
            ]
          ]
        ]
      },
      "id": "way/1257327546"
    },
    {
      "type": "Feature",
      "properties": {
        "@id": "way/1258134509",
        "amenity": "school",
        "name": "St. Paul's Public School"
      },
      "geometry": {
        "type": "Polygon",
        "coordinates": [
          [
            [
              77.6078077,
              13.0409691
            ],
            [
              77.6076566,
              13.0409809
            ],
            [
              77.6076351,
              13.0408842
            ],
            [
              77.6078202,
              13.0408541
            ],
            [
              77.6085202,
              13.0405131
            ],
            [
              77.6098064,
              13.0402518
            ],
            [
              77.6107686,
              13.0400624
            ],
            [
              77.6107277,
              13.0398638
            ],
            [
              77.6108189,
              13.0398507
            ],
            [
              77.6109155,
              13.0404295
            ],
            [
              77.610378,
              13.040543
            ],
            [
              77.6088781,
              13.0408402
            ],
            [
              77.6078077,
              13.0409691
            ]
          ]
        ]
      },
      "id": "way/1258134509"
    },
    {
      "type": "Feature",
      "properties": {
        "@id": "way/1266019411",
        "amenity": "school"
      },
      "geometry": {
        "type": "Polygon",
        "coordinates": [
          [
            [
              77.6489277,
              13.0178936
            ],
            [
              77.6489425,
              13.0176558
            ],
            [
              77.6494929,
              13.0177108
            ],
            [
              77.6495273,
              13.0177142
            ],
            [
              77.6495835,
              13.0177199
            ],
            [
              77.6495621,
              13.017989
            ],
            [
              77.6489277,
              13.0178936
            ]
          ]
        ]
      },
      "id": "way/1266019411"
    },
    {
      "type": "Feature",
      "properties": {
        "@id": "way/1266460872",
        "amenity": "school"
      },
      "geometry": {
        "type": "Polygon",
        "coordinates": [
          [
            [
              77.6694962,
              13.0358122
            ],
            [
              77.6700689,
              13.0357142
            ],
            [
              77.6702768,
              13.0359782
            ],
            [
              77.6704296,
              13.0363584
            ],
            [
              77.6695995,
              13.0365293
            ],
            [
              77.6694962,
              13.0358122
            ]
          ]
        ]
      },
      "id": "way/1266460872"
    },
    {
      "type": "Feature",
      "properties": {
        "@id": "way/1266461051",
        "amenity": "school",
        "name": "Innovative School of Excellence"
      },
      "geometry": {
        "type": "Polygon",
        "coordinates": [
          [
            [
              77.6584746,
              13.0393355
            ],
            [
              77.6585256,
              13.0389339
            ],
            [
              77.6591768,
              13.0390123
            ],
            [
              77.6591259,
              13.039414
            ],
            [
              77.6584746,
              13.0393355
            ]
          ]
        ]
      },
      "id": "way/1266461051"
    },
    {
      "type": "Feature",
      "properties": {
        "@id": "way/1266461058",
        "amenity": "school",
        "name": "Chrysalis High Horamavu"
      },
      "geometry": {
        "type": "Polygon",
        "coordinates": [
          [
            [
              77.6603284,
              13.0404243
            ],
            [
              77.6598108,
              13.0403054
            ],
            [
              77.6596458,
              13.0394823
            ],
            [
              77.6602882,
              13.0394026
            ],
            [
              77.6602949,
              13.0394888
            ],
            [
              77.6603284,
              13.0400023
            ],
            [
              77.6603284,
              13.0404243
            ]
          ]
        ]
      },
      "id": "way/1266461058"
    },
    {
      "type": "Feature",
      "properties": {
        "@id": "way/1272455789",
        "amenity": "school",
        "name": "The Kenmore English School"
      },
      "geometry": {
        "type": "Polygon",
        "coordinates": [
          [
            [
              77.5769955,
              12.9426121
            ],
            [
              77.5769958,
              12.9421758
            ],
            [
              77.5774056,
              12.942178
            ],
            [
              77.5774058,
              12.9426119
            ],
            [
              77.5769955,
              12.9426121
            ]
          ]
        ]
      },
      "id": "way/1272455789"
    },
    {
      "type": "Feature",
      "properties": {
        "@id": "way/1275460866",
        "amenity": "school",
        "landuse": "education",
        "name": "Government School",
        "name:kn": "ಸರ್ಕಾರಿ ಶಾಲೆ"
      },
      "geometry": {
        "type": "Polygon",
        "coordinates": [
          [
            [
              77.6124953,
              13.0001607
            ],
            [
              77.6123806,
              13.0002706
            ],
            [
              77.6118537,
              12.9996294
            ],
            [
              77.6124006,
              12.9992035
            ],
            [
              77.6125868,
              12.9994305
            ],
            [
              77.6127505,
              12.999303
            ],
            [
              77.6128883,
              12.999471
            ],
            [
              77.6127193,
              12.999621
            ],
            [
              77.6126817,
              12.9998562
            ],
            [
              77.6126549,
              12.999966
            ],
            [
              77.6124953,
              13.0001607
            ]
          ]
        ]
      },
      "id": "way/1275460866"
    },
    {
      "type": "Feature",
      "properties": {
        "@id": "way/1280619026",
        "amenity": "hospital",
        "healthcare": "hospital",
        "name": "ESI Hospital Peenya",
        "operator": "Employees' State Insurance",
        "operator:short": "ESI",
        "operator:wikidata": "Q3595726"
      },
      "geometry": {
        "type": "Polygon",
        "coordinates": [
          [
            [
              77.5308311,
              13.0260112
            ],
            [
              77.5300549,
              13.0242754
            ],
            [
              77.5308877,
              13.0239616
            ],
            [
              77.5318171,
              13.0253074
            ],
            [
              77.5308311,
              13.0260112
            ]
          ]
        ]
      },
      "id": "way/1280619026"
    },
    {
      "type": "Feature",
      "properties": {
        "@id": "way/1284657004",
        "amenity": "school"
      },
      "geometry": {
        "type": "Polygon",
        "coordinates": [
          [
            [
              77.5770666,
              13.0447292
            ],
            [
              77.5770264,
              13.0443477
            ],
            [
              77.5774757,
              13.0443033
            ],
            [
              77.5776024,
              13.0446783
            ],
            [
              77.5770666,
              13.0447292
            ]
          ]
        ]
      },
      "id": "way/1284657004"
    },
    {
      "type": "Feature",
      "properties": {
        "@id": "way/1292999612",
        "amenity": "school",
        "name": "Sri Chaitanya Techno School",
        "name:kn": "ಶ್ರೀ ಚೈತನ್ಯ ಟೆಕ್ನೋ ಶಾಲೆ"
      },
      "geometry": {
        "type": "Polygon",
        "coordinates": [
          [
            [
              77.576952,
              12.9940712
            ],
            [
              77.5771344,
              12.9937262
            ],
            [
              77.5773744,
              12.9939327
            ],
            [
              77.5771196,
              12.9942058
            ],
            [
              77.576952,
              12.9940712
            ]
          ]
        ]
      },
      "id": "way/1292999612"
    },
    {
      "type": "Feature",
      "properties": {
        "@id": "way/1296053203",
        "amenity": "school",
        "name": "RV Public School",
        "wikidata": "Q22032304"
      },
      "geometry": {
        "type": "Polygon",
        "coordinates": [
          [
            [
              77.5800962,
              12.9494608
            ],
            [
              77.5800915,
              12.9487145
            ],
            [
              77.5802732,
              12.9487178
            ],
            [
              77.5803946,
              12.9488446
            ],
            [
              77.5804492,
              12.9488708
            ],
            [
              77.5808483,
              12.9490628
            ],
            [
              77.581328,
              12.9492935
            ],
            [
              77.5808475,
              12.9493588
            ],
            [
              77.5805805,
              12.949395
            ],
            [
              77.5800962,
              12.9494608
            ]
          ]
        ]
      },
      "id": "way/1296053203"
    },
    {
      "type": "Feature",
      "properties": {
        "@id": "way/1298074067",
        "amenity": "hospital",
        "name": "Safa Medicure Hospital"
      },
      "geometry": {
        "type": "Polygon",
        "coordinates": [
          [
            [
              77.5966367,
              12.944717
            ],
            [
              77.5964382,
              12.9449539
            ],
            [
              77.5961961,
              12.9447582
            ],
            [
              77.59621,
              12.9447416
            ],
            [
              77.5963906,
              12.9445249
            ],
            [
              77.5966367,
              12.944717
            ]
          ]
        ]
      },
      "id": "way/1298074067"
    },
    {
      "type": "Feature",
      "properties": {
        "@id": "way/1302996851",
        "amenity": "school",
        "landuse": "education",
        "name": "RBANMS Primary School"
      },
      "geometry": {
        "type": "Polygon",
        "coordinates": [
          [
            [
              77.6113646,
              12.9812445
            ],
            [
              77.6113292,
              12.9812737
            ],
            [
              77.610829,
              12.9814645
            ],
            [
              77.610772,
              12.9813325
            ],
            [
              77.6110281,
              12.9812345
            ],
            [
              77.6112383,
              12.9811061
            ],
            [
              77.6113646,
              12.9812445
            ]
          ]
        ]
      },
      "id": "way/1302996851"
    },
    {
      "type": "Feature",
      "properties": {
        "@id": "way/1307054909",
        "addr:place": "Dommaluru",
        "amenity": "school",
        "isced:level": "2",
        "name": "Government Moedl Primary School, Domlut",
        "name:kn": "ಸರ್ಕಾರಿ ಮಾದರಿ ಪ್ರಾ.ಶಾಲೆ ದೊಮ್ಮಲೂರು",
        "official_name": "Karnataka Public School",
        "operator": "Department of Education",
        "school": "primary"
      },
      "geometry": {
        "type": "Polygon",
        "coordinates": [
          [
            [
              77.6342809,
              12.9618231
            ],
            [
              77.634602,
              12.9617907
            ],
            [
              77.6346302,
              12.9622939
            ],
            [
              77.6343027,
              12.9623136
            ],
            [
              77.6342809,
              12.9618231
            ]
          ]
        ]
      },
      "id": "way/1307054909"
    },
    {
      "type": "Feature",
      "properties": {
        "@id": "way/1307949928",
        "addr:district": "Bengaluru Urban",
        "addr:full": "1st Cross, Shankarapuram, Basavanagudi",
        "addr:postcode": "560004",
        "addr:state": "Karnataka",
        "addr:street": "DV Gundappa Road",
        "amenity": "hospital",
        "emergency": "yes",
        "healthcare": "hospital",
        "name": "Rangadore Memorial Hospital",
        "source": "OpenGovernmentData",
        "wheelchair": "yes"
      },
      "geometry": {
        "type": "Polygon",
        "coordinates": [
          [
            [
              77.5705989,
              12.9532968
            ],
            [
              77.5706279,
              12.9532977
            ],
            [
              77.5711327,
              12.9533132
            ],
            [
              77.5715353,
              12.9533256
            ],
            [
              77.5715192,
              12.9537451
            ],
            [
              77.5721884,
              12.9537726
            ],
            [
              77.5721861,
              12.954204
            ],
            [
              77.5721858,
              12.9542655
            ],
            [
              77.5721857,
              12.9542849
            ],
            [
              77.5714995,
              12.9543778
            ],
            [
              77.5715125,
              12.9544849
            ],
            [
              77.5714193,
              12.9544853
            ],
            [
              77.5701039,
              12.9544568
            ],
            [
              77.5701234,
              12.9536023
            ],
            [
              77.5702191,
              12.9536043
            ],
            [
              77.5702228,
              12.9534424
            ],
            [
              77.5705954,
              12.9534505
            ],
            [
              77.5705989,
              12.9532968
            ]
          ]
        ]
      },
      "id": "way/1307949928"
    },
    {
      "type": "Feature",
      "properties": {
        "@id": "way/1311064558",
        "addr:district": "Bengaluru Urban",
        "addr:full": "Chandrika Tower, JC Road, Bengaluru",
        "addr:postcode": "560002",
        "addr:state": "Karnataka",
        "addr:street": "Jayachamaraja Wodeyar Road",
        "amenity": "hospital",
        "healthcare": "hospital",
        "name": "Trustwell Hospitals",
        "source": "Local Knowledge",
        "website": "https://trustwellhospitals.com/"
      },
      "geometry": {
        "type": "Polygon",
        "coordinates": [
          [
            [
              77.5840357,
              12.9611542
            ],
            [
              77.5836597,
              12.9604331
            ],
            [
              77.583911,
              12.9602284
            ],
            [
              77.5840184,
              12.9601534
            ],
            [
              77.5840398,
              12.960193
            ],
            [
              77.5842262,
              12.9605387
            ],
            [
              77.5844209,
              12.9609956
            ],
            [
              77.5840357,
              12.9611542
            ]
          ]
        ]
      },
      "id": "way/1311064558"
    },
    {
      "type": "Feature",
      "properties": {
        "@id": "way/1320013891",
        "amenity": "hospital",
        "name": "BEML Hospital"
      },
      "geometry": {
        "type": "Polygon",
        "coordinates": [
          [
            [
              77.6654303,
              12.9705528
            ],
            [
              77.6655111,
              12.9707637
            ],
            [
              77.665585,
              12.9709567
            ],
            [
              77.6656532,
              12.9710909
            ],
            [
              77.6656978,
              12.9711268
            ],
            [
              77.6659387,
              12.9710777
            ],
            [
              77.6659955,
              12.9714295
            ],
            [
              77.6656693,
              12.9715064
            ],
            [
              77.6655519,
              12.9715891
            ],
            [
              77.6652651,
              12.9717912
            ],
            [
              77.6645116,
              12.9717043
            ],
            [
              77.6643626,
              12.9708431
            ],
            [
              77.6650922,
              12.9706789
            ],
            [
              77.6654303,
              12.9705528
            ]
          ]
        ]
      },
      "id": "way/1320013891"
    },
    {
      "type": "Feature",
      "properties": {
        "@id": "way/1328289204",
        "amenity": "school"
      },
      "geometry": {
        "type": "Polygon",
        "coordinates": [
          [
            [
              77.5634538,
              13.035466
            ],
            [
              77.5636603,
              13.035257
            ],
            [
              77.5637703,
              13.0354523
            ],
            [
              77.5638682,
              13.0354477
            ],
            [
              77.5639524,
              13.0357909
            ],
            [
              77.5635865,
              13.0358471
            ],
            [
              77.5634538,
              13.035466
            ]
          ]
        ]
      },
      "id": "way/1328289204"
    },
    {
      "type": "Feature",
      "properties": {
        "@id": "way/1332565025",
        "amenity": "school",
        "landuse": "education"
      },
      "geometry": {
        "type": "Polygon",
        "coordinates": [
          [
            [
              77.650368,
              12.9692834
            ],
            [
              77.6506365,
              12.9692176
            ],
            [
              77.6508656,
              12.9699883
            ],
            [
              77.6505364,
              12.9699838
            ],
            [
              77.650368,
              12.9692834
            ]
          ]
        ]
      },
      "id": "way/1332565025"
    },
    {
      "type": "Feature",
      "properties": {
        "@id": "way/1342034576",
        "amenity": "school",
        "landuse": "education"
      },
      "geometry": {
        "type": "Polygon",
        "coordinates": [
          [
            [
              77.5355655,
              12.9704059
            ],
            [
              77.5354696,
              12.9701234
            ],
            [
              77.5363125,
              12.9698518
            ],
            [
              77.5364084,
              12.9701343
            ],
            [
              77.5355655,
              12.9704059
            ]
          ]
        ]
      },
      "id": "way/1342034576"
    },
    {
      "type": "Feature",
      "properties": {
        "@id": "way/1342953354",
        "amenity": "school",
        "name": "Little Flower English high School"
      },
      "geometry": {
        "type": "Polygon",
        "coordinates": [
          [
            [
              77.6430017,
              12.9648732
            ],
            [
              77.6434984,
              12.9648187
            ],
            [
              77.6435578,
              12.9651418
            ],
            [
              77.6431638,
              12.9651824
            ],
            [
              77.6431661,
              12.965373
            ],
            [
              77.6430477,
              12.9653781
            ],
            [
              77.6430017,
              12.9648732
            ]
          ]
        ]
      },
      "id": "way/1342953354"
    },
    {
      "type": "Feature",
      "properties": {
        "@id": "way/1342953366",
        "amenity": "school",
        "name": "Neev"
      },
      "geometry": {
        "type": "Polygon",
        "coordinates": [
          [
            [
              77.6475216,
              12.9687665
            ],
            [
              77.6471684,
              12.9687472
            ],
            [
              77.6471819,
              12.9685115
            ],
            [
              77.6475352,
              12.9685308
            ],
            [
              77.6475216,
              12.9687665
            ]
          ]
        ]
      },
      "id": "way/1342953366"
    },
    {
      "type": "Feature",
      "properties": {
        "@id": "way/1342976490",
        "amenity": "school",
        "name": "Sindhi High School",
        "website": "http://sindhihighschool.org/",
        "wheelchair": "no"
      },
      "geometry": {
        "type": "Polygon",
        "coordinates": [
          [
            [
              77.5808217,
              12.9881907
            ],
            [
              77.5806387,
              12.9878705
            ],
            [
              77.5810772,
              12.9878682
            ],
            [
              77.5813505,
              12.987765
            ],
            [
              77.5814219,
              12.9879764
            ],
            [
              77.5811365,
              12.9880783
            ],
            [
              77.5808217,
              12.9881907
            ]
          ]
        ]
      },
      "id": "way/1342976490"
    },
    {
      "type": "Feature",
      "properties": {
        "@id": "way/1343018999",
        "amenity": "school",
        "building": "yes",
        "name": "Vidya Mandir School",
        "name:kn": "ವಿದ್ಯಾ ಮಂದಿರ ಶಾಲೆ"
      },
      "geometry": {
        "type": "Polygon",
        "coordinates": [
          [
            [
              77.5700788,
              13.0022638
            ],
            [
              77.5700769,
              13.0019757
            ],
            [
              77.5705026,
              13.0019731
            ],
            [
              77.5705045,
              13.0022611
            ],
            [
              77.5700788,
              13.0022638
            ]
          ]
        ]
      },
      "id": "way/1343018999"
    },
    {
      "type": "Feature",
      "properties": {
        "@id": "way/1343672646",
        "amenity": "school"
      },
      "geometry": {
        "type": "Polygon",
        "coordinates": [
          [
            [
              77.5396589,
              12.9765326
            ],
            [
              77.5395676,
              12.9757511
            ],
            [
              77.5399465,
              12.9757091
            ],
            [
              77.5400379,
              12.9764905
            ],
            [
              77.5396589,
              12.9765326
            ]
          ]
        ]
      },
      "id": "way/1343672646"
    },
    {
      "type": "Feature",
      "properties": {
        "@id": "way/1346910005",
        "amenity": "school",
        "name": "Sri Chaitanya School",
        "name:kn": "ಶ್ರೀ ಚೈತನ್ಯ ಶಾಲೆ"
      },
      "geometry": {
        "type": "Polygon",
        "coordinates": [
          [
            [
              77.6560765,
              13.0256412
            ],
            [
              77.6564708,
              13.0255419
            ],
            [
              77.6568529,
              13.0267033
            ],
            [
              77.6565962,
              13.0267839
            ],
            [
              77.6563534,
              13.0261162
            ],
            [
              77.6562354,
              13.0261541
            ],
            [
              77.6560765,
              13.0256412
            ]
          ]
        ]
      },
      "id": "way/1346910005"
    },
    {
      "type": "Feature",
      "properties": {
        "@id": "way/1347101181",
        "addr:place": "Ashok Nagar",
        "amenity": "school",
        "isced:level": "2",
        "name": "GUHPS Ashok Nagar",
        "name:kn": "ಸರ್ಕಾರಿ ಉರ್ದು ಹಿರಿಯ ಪ್ರಾಥಮಿಕ ಶಾಲೆ ಅಶೋಕ್ ನಗರ",
        "operator": "Department of Education",
        "school": "primary"
      },
      "geometry": {
        "type": "Polygon",
        "coordinates": [
          [
            [
              77.6103348,
              12.9685318
            ],
            [
              77.6103937,
              12.9688076
            ],
            [
              77.6100467,
              12.9689148
            ],
            [
              77.6099224,
              12.9686514
            ],
            [
              77.6103348,
              12.9685318
            ]
          ]
        ]
      },
      "id": "way/1347101181"
    },
    {
      "type": "Feature",
      "properties": {
        "@id": "way/1348168112",
        "amenity": "school",
        "name": "Gulabi School"
      },
      "geometry": {
        "type": "Polygon",
        "coordinates": [
          [
            [
              77.5988911,
              13.0011694
            ],
            [
              77.5991674,
              13.0012707
            ],
            [
              77.5990138,
              13.0015902
            ],
            [
              77.5986732,
              13.001811
            ],
            [
              77.598529,
              13.0015778
            ],
            [
              77.5987972,
              13.0013824
            ],
            [
              77.5988911,
              13.0011694
            ]
          ]
        ]
      },
      "id": "way/1348168112"
    },
    {
      "type": "Feature",
      "properties": {
        "@id": "way/1348168191",
        "amenity": "school",
        "name": "St. JG Margaret School"
      },
      "geometry": {
        "type": "Polygon",
        "coordinates": [
          [
            [
              77.5979214,
              13.0063355
            ],
            [
              77.5977479,
              13.0060272
            ],
            [
              77.5982305,
              13.0057693
            ],
            [
              77.5984041,
              13.0060775
            ],
            [
              77.5979214,
              13.0063355
            ]
          ]
        ]
      },
      "id": "way/1348168191"
    },
    {
      "type": "Feature",
      "properties": {
        "@id": "way/1350390235",
        "amenity": "school"
      },
      "geometry": {
        "type": "Polygon",
        "coordinates": [
          [
            [
              77.5813226,
              12.9376048
            ],
            [
              77.5813065,
              12.9368748
            ],
            [
              77.5815021,
              12.9368707
            ],
            [
              77.5815183,
              12.9376007
            ],
            [
              77.5813226,
              12.9376048
            ]
          ]
        ]
      },
      "id": "way/1350390235"
    },
    {
      "type": "Feature",
      "properties": {
        "@id": "way/1350961413",
        "amenity": "school",
        "name": "BBMP Girls' School"
      },
      "geometry": {
        "type": "Polygon",
        "coordinates": [
          [
            [
              77.6071578,
              12.9819943
            ],
            [
              77.6065106,
              12.9822305
            ],
            [
              77.6063731,
              12.9817599
            ],
            [
              77.6068036,
              12.9816298
            ],
            [
              77.6068707,
              12.9818226
            ],
            [
              77.6070786,
              12.9817481
            ],
            [
              77.6071578,
              12.9819943
            ]
          ]
        ]
      },
      "id": "way/1350961413"
    },
    {
      "type": "Feature",
      "properties": {
        "@id": "way/1352267564",
        "amenity": "hospital",
        "building": "yes",
        "healthcare": "hospital",
        "name": "Government Maternity Hospital",
        "name:kn": "ಸರ್ಕಾರಿ ಹೆರಿಗೆ ಆಸ್ಪತ್ರೆ",
        "wheelchair": "limited"
      },
      "geometry": {
        "type": "Polygon",
        "coordinates": [
          [
            [
              77.5535057,
              13.0216631
            ],
            [
              77.553443,
              13.0215521
            ],
            [
              77.5535015,
              13.0215208
            ],
            [
              77.5534837,
              13.0214893
            ],
            [
              77.5535387,
              13.0214598
            ],
            [
              77.5535139,
              13.0214158
            ],
            [
              77.5535838,
              13.0213783
            ],
            [
              77.5535636,
              13.0213425
            ],
            [
              77.5536514,
              13.0212955
            ],
            [
              77.5537769,
              13.0215178
            ],
            [
              77.5535057,
              13.0216631
            ]
          ]
        ]
      },
      "id": "way/1352267564"
    },
    {
      "type": "Feature",
      "properties": {
        "@id": "way/1353661380",
        "amenity": "school"
      },
      "geometry": {
        "type": "Polygon",
        "coordinates": [
          [
            [
              77.5640465,
              12.9992381
            ],
            [
              77.5639238,
              12.9995262
            ],
            [
              77.5637897,
              12.9995484
            ],
            [
              77.5637528,
              12.9992845
            ],
            [
              77.5640465,
              12.9992381
            ]
          ]
        ]
      },
      "id": "way/1353661380"
    },
    {
      "type": "Feature",
      "properties": {
        "@id": "way/1363963979",
        "amenity": "school",
        "name": "Maulana Azad Model School"
      },
      "geometry": {
        "type": "Polygon",
        "coordinates": [
          [
            [
              77.6011692,
              12.9831275
            ],
            [
              77.601107,
              12.9829292
            ],
            [
              77.6013642,
              12.9828488
            ],
            [
              77.6014245,
              12.9830575
            ],
            [
              77.6011692,
              12.9831275
            ]
          ]
        ]
      },
      "id": "way/1363963979"
    },
    {
      "type": "Feature",
      "properties": {
        "@id": "way/1364046490",
        "amenity": "school",
        "name": "Seventh Day Adventist Higher Secondary School"
      },
      "geometry": {
        "type": "Polygon",
        "coordinates": [
          [
            [
              77.611463,
              12.9953639
            ],
            [
              77.6115057,
              12.9953405
            ],
            [
              77.6116015,
              12.9955069
            ],
            [
              77.6117615,
              12.9954195
            ],
            [
              77.612021,
              12.9958503
            ],
            [
              77.6116969,
              12.9960182
            ],
            [
              77.6116112,
              12.9958708
            ],
            [
              77.6114748,
              12.9956339
            ],
            [
              77.611584,
              12.9955742
            ],
            [
              77.611463,
              12.9953639
            ]
          ]
        ]
      },
      "id": "way/1364046490"
    },
    {
      "type": "Feature",
      "properties": {
        "@id": "way/1365459517",
        "amenity": "school"
      },
      "geometry": {
        "type": "Polygon",
        "coordinates": [
          [
            [
              77.6302611,
              12.9722537
            ],
            [
              77.6306119,
              12.9721546
            ],
            [
              77.6306993,
              12.9724067
            ],
            [
              77.630399,
              12.9725426
            ],
            [
              77.6302611,
              12.9722537
            ]
          ]
        ]
      },
      "id": "way/1365459517"
    },
    {
      "type": "Feature",
      "properties": {
        "@id": "way/1366023291",
        "amenity": "school",
        "education": "school",
        "name": "Maruthi Vidyalaya",
        "name:kn": "ಮಾರುತಿ ವಿದ್ಯಾಲಯ"
      },
      "geometry": {
        "type": "Polygon",
        "coordinates": [
          [
            [
              77.6444716,
              13.008554
            ],
            [
              77.6446432,
              13.0088395
            ],
            [
              77.6444377,
              13.0089463
            ],
            [
              77.6442674,
              13.0086248
            ],
            [
              77.6444716,
              13.008554
            ]
          ]
        ]
      },
      "id": "way/1366023291"
    },
    {
      "type": "Feature",
      "properties": {
        "@id": "way/1366533813",
        "addr:street": "Banaswadi Main Rd, Banasawadi",
        "amenity": "school",
        "name": "New Baldwins School"
      },
      "geometry": {
        "type": "Polygon",
        "coordinates": [
          [
            [
              77.6571487,
              13.0154849
            ],
            [
              77.657032,
              13.0151419
            ],
            [
              77.6571909,
              13.0150987
            ],
            [
              77.6571111,
              13.0148361
            ],
            [
              77.6578394,
              13.0146159
            ],
            [
              77.6578896,
              13.0148603
            ],
            [
              77.6579983,
              13.0148256
            ],
            [
              77.6580486,
              13.0151569
            ],
            [
              77.6571487,
              13.0154849
            ]
          ]
        ]
      },
      "id": "way/1366533813"
    },
    {
      "type": "Feature",
      "properties": {
        "@id": "way/1366625033",
        "amenity": "school",
        "landuse": "education",
        "name": "Ekya School"
      },
      "geometry": {
        "type": "Polygon",
        "coordinates": [
          [
            [
              77.6321418,
              13.0225263
            ],
            [
              77.6323637,
              13.0225165
            ],
            [
              77.6324663,
              13.0232835
            ],
            [
              77.6323517,
              13.0232874
            ],
            [
              77.632245,
              13.0228836
            ],
            [
              77.6321465,
              13.022751
            ],
            [
              77.6321418,
              13.0225263
            ]
          ]
        ]
      },
      "id": "way/1366625033"
    },
    {
      "type": "Feature",
      "properties": {
        "@id": "way/1366625049",
        "amenity": "school",
        "landuse": "education",
        "name": "The Princeton School"
      },
      "geometry": {
        "type": "Polygon",
        "coordinates": [
          [
            [
              77.638333,
              13.0248972
            ],
            [
              77.6382753,
              13.0241838
            ],
            [
              77.638673,
              13.0241354
            ],
            [
              77.6387018,
              13.0248475
            ],
            [
              77.638333,
              13.0248972
            ]
          ]
        ]
      },
      "id": "way/1366625049"
    },
    {
      "type": "Feature",
      "properties": {
        "@id": "way/1366656563",
        "amenity": "school",
        "name": "Narayana e-Techno School"
      },
      "geometry": {
        "type": "Polygon",
        "coordinates": [
          [
            [
              77.6426969,
              13.0267714
            ],
            [
              77.6426849,
              13.0265049
            ],
            [
              77.6435693,
              13.0264311
            ],
            [
              77.6435653,
              13.0267146
            ],
            [
              77.6434514,
              13.0267221
            ],
            [
              77.6426969,
              13.0267714
            ]
          ]
        ]
      },
      "id": "way/1366656563"
    },
    {
      "type": "Feature",
      "properties": {
        "@id": "way/1369206475",
        "addr:place": "Ulsoor",
        "amenity": "school",
        "isced:level": "1",
        "name": "Corporation HPS Ulsoor",
        "name:kn": "ಕಾರ್ಪೋರೇಶನ್ ಹಿರಿಯ ಪ್ರಾಥಮಿಕ ಶಾಲೆ ಹಲಸೂರು",
        "operator": "Department of Education",
        "school": "primary"
      },
      "geometry": {
        "type": "Polygon",
        "coordinates": [
          [
            [
              77.6302649,
              12.9726929
            ],
            [
              77.6308617,
              12.9724459
            ],
            [
              77.6309355,
              12.9729595
            ],
            [
              77.6303856,
              12.9730837
            ],
            [
              77.6302649,
              12.9726929
            ]
          ]
        ]
      },
      "id": "way/1369206475"
    },
    {
      "type": "Feature",
      "properties": {
        "@id": "way/1371961870",
        "amenity": "school"
      },
      "geometry": {
        "type": "Polygon",
        "coordinates": [
          [
            [
              77.6619894,
              13.0084119
            ],
            [
              77.6621,
              13.0087222
            ],
            [
              77.6618224,
              13.008815
            ],
            [
              77.6618922,
              13.0090253
            ],
            [
              77.6616588,
              13.0090946
            ],
            [
              77.6614724,
              13.0085432
            ],
            [
              77.6619894,
              13.0084119
            ]
          ]
        ]
      },
      "id": "way/1371961870"
    },
    {
      "type": "Feature",
      "properties": {
        "@id": "way/1371961980",
        "addr:postcode": "560043",
        "addr:street": "B Channasandra Main Road",
        "amenity": "school",
        "name": "St. George College of Management, Science & Nursing",
        "website": "http://www.stgeorgecollege.org"
      },
      "geometry": {
        "type": "Polygon",
        "coordinates": [
          [
            [
              77.6508657,
              13.0088006
            ],
            [
              77.6507169,
              13.0085136
            ],
            [
              77.6510845,
              13.0083328
            ],
            [
              77.6512332,
              13.0086198
            ],
            [
              77.6508657,
              13.0088006
            ]
          ]
        ]
      },
      "id": "way/1371961980"
    },
    {
      "type": "Feature",
      "properties": {
        "@id": "way/1373341020",
        "amenity": "school"
      },
      "geometry": {
        "type": "Polygon",
        "coordinates": [
          [
            [
              77.6329592,
              13.0339458
            ],
            [
              77.6330692,
              13.0342254
            ],
            [
              77.6327057,
              13.0343652
            ],
            [
              77.6324851,
              13.0341301
            ],
            [
              77.6329592,
              13.0339458
            ]
          ]
        ]
      },
      "id": "way/1373341020"
    },
    {
      "type": "Feature",
      "properties": {
        "@id": "way/1373341028",
        "amenity": "school",
        "name": "HMR International School",
        "name:en": "HMR International School"
      },
      "geometry": {
        "type": "Polygon",
        "coordinates": [
          [
            [
              77.6340213,
              13.0330312
            ],
            [
              77.6342802,
              13.0329894
            ],
            [
              77.6342507,
              13.0326739
            ],
            [
              77.6343814,
              13.0326334
            ],
            [
              77.6344384,
              13.0328869
            ],
            [
              77.6346336,
              13.0328555
            ],
            [
              77.6346979,
              13.0332129
            ],
            [
              77.6340884,
              13.0333507
            ],
            [
              77.6340213,
              13.0330312
            ]
          ]
        ]
      },
      "id": "way/1373341028"
    },
    {
      "type": "Feature",
      "properties": {
        "@id": "way/1373341035",
        "amenity": "school",
        "name": "Heritage International School"
      },
      "geometry": {
        "type": "Polygon",
        "coordinates": [
          [
            [
              77.6306585,
              13.032523
            ],
            [
              77.6309904,
              13.0328065
            ],
            [
              77.6308396,
              13.0330156
            ],
            [
              77.6303367,
              13.0331906
            ],
            [
              77.6306585,
              13.032523
            ]
          ]
        ]
      },
      "id": "way/1373341035"
    },
    {
      "type": "Feature",
      "properties": {
        "@id": "way/1378923032",
        "amenity": "school",
        "name": "Rajamahal High School"
      },
      "geometry": {
        "type": "Polygon",
        "coordinates": [
          [
            [
              77.5726742,
              13.0379915
            ],
            [
              77.5729076,
              13.0379737
            ],
            [
              77.572932,
              13.0382777
            ],
            [
              77.5726986,
              13.0382955
            ],
            [
              77.5726742,
              13.0379915
            ]
          ]
        ]
      },
      "id": "way/1378923032"
    },
    {
      "type": "Feature",
      "properties": {
        "@id": "way/1378923054",
        "amenity": "school",
        "name": "Akal Public School"
      },
      "geometry": {
        "type": "Polygon",
        "coordinates": [
          [
            [
              77.5732321,
              13.0394366
            ],
            [
              77.5732985,
              13.040015
            ],
            [
              77.573094,
              13.0400712
            ],
            [
              77.5730259,
              13.0394555
            ],
            [
              77.5732321,
              13.0394366
            ]
          ]
        ]
      },
      "id": "way/1378923054"
    },
    {
      "type": "Feature",
      "properties": {
        "@id": "way/1378926273",
        "amenity": "school"
      },
      "geometry": {
        "type": "Polygon",
        "coordinates": [
          [
            [
              77.5773691,
              13.0348271
            ],
            [
              77.5773646,
              13.0349733
            ],
            [
              77.5770298,
              13.0349636
            ],
            [
              77.5770342,
              13.0348174
            ],
            [
              77.5773691,
              13.0348271
            ]
          ]
        ]
      },
      "id": "way/1378926273"
    },
    {
      "type": "Feature",
      "properties": {
        "@id": "way/1380176392",
        "amenity": "school",
        "name": "Orchids The International School"
      },
      "geometry": {
        "type": "Polygon",
        "coordinates": [
          [
            [
              77.5551892,
              12.9955661
            ],
            [
              77.5557739,
              12.9957334
            ],
            [
              77.5557612,
              12.9959993
            ],
            [
              77.5554373,
              12.9960137
            ],
            [
              77.5554205,
              12.995885
            ],
            [
              77.5550836,
              12.9958807
            ],
            [
              77.5551892,
              12.9955661
            ]
          ]
        ]
      },
      "id": "way/1380176392"
    },
    {
      "type": "Feature",
      "properties": {
        "@id": "way/1385496251",
        "amenity": "school"
      },
      "geometry": {
        "type": "Polygon",
        "coordinates": [
          [
            [
              77.6105165,
              13.028144
            ],
            [
              77.6105775,
              13.0282917
            ],
            [
              77.6104327,
              13.0283734
            ],
            [
              77.6101479,
              13.0285051
            ],
            [
              77.6100705,
              13.0285153
            ],
            [
              77.6100015,
              13.028289
            ],
            [
              77.6105165,
              13.028144
            ]
          ]
        ]
      },
      "id": "way/1385496251"
    },
    {
      "type": "Feature",
      "properties": {
        "@id": "way/1386060475",
        "amenity": "school"
      },
      "geometry": {
        "type": "Polygon",
        "coordinates": [
          [
            [
              77.5978806,
              13.0365726
            ],
            [
              77.598128,
              13.0364577
            ],
            [
              77.5981736,
              13.0365713
            ],
            [
              77.5981676,
              13.0375676
            ],
            [
              77.5977907,
              13.0376251
            ],
            [
              77.5976888,
              13.0369522
            ],
            [
              77.5979678,
              13.0369058
            ],
            [
              77.5979389,
              13.0367458
            ],
            [
              77.5978806,
              13.0365726
            ]
          ]
        ]
      },
      "id": "way/1386060475"
    },
    {
      "type": "Feature",
      "properties": {
        "@id": "way/1388143634",
        "amenity": "school",
        "landuse": "education",
        "name": "Sri Chaitanya Techno School, Kalyan Nagar",
        "name:kn": "ಶ್ರೀ ಚೈತನ್ಯ ಟೆಕ್ನೋ ಶಾಲೆ"
      },
      "geometry": {
        "type": "Polygon",
        "coordinates": [
          [
            [
              77.643275,
              13.0345605
            ],
            [
              77.6433166,
              13.0342182
            ],
            [
              77.6433849,
              13.0340013
            ],
            [
              77.6437846,
              13.0340341
            ],
            [
              77.6437431,
              13.0345815
            ],
            [
              77.643275,
              13.0345605
            ]
          ]
        ]
      },
      "id": "way/1388143634"
    },
    {
      "type": "Feature",
      "properties": {
        "@id": "way/1388296336",
        "amenity": "school"
      },
      "geometry": {
        "type": "Polygon",
        "coordinates": [
          [
            [
              77.6052265,
              13.0352769
            ],
            [
              77.6059607,
              13.0352321
            ],
            [
              77.6060197,
              13.0355156
            ],
            [
              77.6052587,
              13.0357521
            ],
            [
              77.6052265,
              13.0352769
            ]
          ]
        ]
      },
      "id": "way/1388296336"
    },
    {
      "type": "Feature",
      "properties": {
        "@id": "way/1390722993",
        "amenity": "school"
      },
      "geometry": {
        "type": "Polygon",
        "coordinates": [
          [
            [
              77.5353875,
              12.9593261
            ],
            [
              77.5357698,
              12.9589697
            ],
            [
              77.5359614,
              12.9591567
            ],
            [
              77.5355803,
              12.9595128
            ],
            [
              77.5353875,
              12.9593261
            ]
          ]
        ]
      },
      "id": "way/1390722993"
    },
    {
      "type": "Feature",
      "properties": {
        "@id": "way/1391861761",
        "amenity": "school"
      },
      "geometry": {
        "type": "Polygon",
        "coordinates": [
          [
            [
              77.5598764,
              13.0195361
            ],
            [
              77.5603162,
              13.0197928
            ],
            [
              77.559759,
              13.0200058
            ],
            [
              77.5596155,
              13.0196792
            ],
            [
              77.5598764,
              13.0195361
            ]
          ]
        ]
      },
      "id": "way/1391861761"
    },
    {
      "type": "Feature",
      "properties": {
        "@id": "way/1395462368",
        "amenity": "school",
        "name": "Government Kannada Primary School, Yediyur"
      },
      "geometry": {
        "type": "Polygon",
        "coordinates": [
          [
            [
              77.5760615,
              12.9304126
            ],
            [
              77.5760534,
              12.9304733
            ],
            [
              77.5761815,
              12.930508
            ],
            [
              77.5760689,
              12.9308671
            ],
            [
              77.5756913,
              12.9307583
            ],
            [
              77.5756504,
              12.9309021
            ],
            [
              77.5755418,
              12.9308779
            ],
            [
              77.5755901,
              12.9303361
            ],
            [
              77.5760615,
              12.9304126
            ]
          ]
        ]
      },
      "id": "way/1395462368"
    },
    {
      "type": "Feature",
      "properties": {
        "@id": "way/1395880704",
        "addr:city": "Bengaluru",
        "addr:postcode": "560016",
        "addr:street": "Main road, Ramamurthy Nagar",
        "amenity": "school",
        "name": "Jaigopal Garodia Rashtrotthana Vidya Kendra",
        "website": "https://rvkcbse.in/rm-nagar/index.html"
      },
      "geometry": {
        "type": "Polygon",
        "coordinates": [
          [
            [
              77.6692615,
              13.0109057
            ],
            [
              77.66922,
              13.0105842
            ],
            [
              77.6691548,
              13.0101847
            ],
            [
              77.6701617,
              13.0100083
            ],
            [
              77.6701576,
              13.0106252
            ],
            [
              77.6698253,
              13.0106682
            ],
            [
              77.6698476,
              13.0108116
            ],
            [
              77.6692615,
              13.0109057
            ]
          ]
        ]
      },
      "id": "way/1395880704"
    },
    {
      "type": "Feature",
      "properties": {
        "@id": "way/1396547228",
        "amenity": "school",
        "name": "Karnataka Public School"
      },
      "geometry": {
        "type": "Polygon",
        "coordinates": [
          [
            [
              77.5799118,
              12.9543
            ],
            [
              77.5799178,
              12.95499
            ],
            [
              77.5797495,
              12.9550305
            ],
            [
              77.5793211,
              12.954711
            ],
            [
              77.5793223,
              12.9543011
            ],
            [
              77.5799118,
              12.9543
            ]
          ]
        ]
      },
      "id": "way/1396547228"
    },
    {
      "type": "Feature",
      "properties": {
        "@id": "way/1411165790",
        "amenity": "school",
        "landuse": "education",
        "name": "Divya Shanthi School",
        "website": "https://divyashanthischool.org/",
        "wheelchair": "yes"
      },
      "geometry": {
        "type": "Polygon",
        "coordinates": [
          [
            [
              77.6256233,
              13.0110977
            ],
            [
              77.6254745,
              13.0107567
            ],
            [
              77.6257467,
              13.010596
            ],
            [
              77.6259492,
              13.0105202
            ],
            [
              77.6260237,
              13.0109364
            ],
            [
              77.6256233,
              13.0110977
            ]
          ]
        ]
      },
      "id": "way/1411165790"
    },
    {
      "type": "Feature",
      "properties": {
        "@id": "way/1415079193",
        "amenity": "school",
        "check_date": "2025-07-07",
        "name": "Sri Chaitanya Techno School",
        "name:en": "Sri Chaitanya Techno School",
        "name:kn": "ಶ್ರೀ ಚೈತನ್ಯ ಟೆಕ್ನೋ ಶಾಲೆ",
        "operator:type": "private"
      },
      "geometry": {
        "type": "Polygon",
        "coordinates": [
          [
            [
              77.6688901,
              13.024466
            ],
            [
              77.6699643,
              13.0254276
            ],
            [
              77.6698184,
              13.0256334
            ],
            [
              77.6695959,
              13.0259476
            ],
            [
              77.6686111,
              13.0247848
            ],
            [
              77.6688901,
              13.024466
            ]
          ]
        ]
      },
      "id": "way/1415079193"
    },
    {
      "type": "Feature",
      "properties": {
        "@id": "way/1415079194",
        "amenity": "school"
      },
      "geometry": {
        "type": "Polygon",
        "coordinates": [
          [
            [
              77.6692508,
              13.0240348
            ],
            [
              77.6703478,
              13.0248945
            ],
            [
              77.6699643,
              13.0254276
            ],
            [
              77.6688901,
              13.024466
            ],
            [
              77.6692508,
              13.0240348
            ]
          ]
        ]
      },
      "id": "way/1415079194"
    },
    {
      "type": "Feature",
      "properties": {
        "@id": "way/1416028274",
        "amenity": "school",
        "name": "Government School",
        "name:kn": "ಸರ್ಕಾರಿ ಶಾಲೆ"
      },
      "geometry": {
        "type": "Polygon",
        "coordinates": [
          [
            [
              77.6347764,
              12.9611391
            ],
            [
              77.6348527,
              12.9608684
            ],
            [
              77.6350839,
              12.9608397
            ],
            [
              77.6351175,
              12.9610967
            ],
            [
              77.6347764,
              12.9611391
            ]
          ]
        ]
      },
      "id": "way/1416028274"
    },
    {
      "type": "Feature",
      "properties": {
        "@id": "way/1423481473",
        "amenity": "school",
        "name": "New Millenium School"
      },
      "geometry": {
        "type": "Polygon",
        "coordinates": [
          [
            [
              77.6525413,
              13.0359638
            ],
            [
              77.6536314,
              13.0358821
            ],
            [
              77.6536541,
              13.0362708
            ],
            [
              77.652641,
              13.0362928
            ],
            [
              77.6526274,
              13.036114
            ],
            [
              77.6525549,
              13.0361206
            ],
            [
              77.6525413,
              13.0359638
            ]
          ]
        ]
      },
      "id": "way/1423481473"
    },
    {
      "type": "Feature",
      "properties": {
        "@id": "way/1423887067",
        "amenity": "school"
      },
      "geometry": {
        "type": "Polygon",
        "coordinates": [
          [
            [
              77.6661112,
              13.0201891
            ],
            [
              77.6661492,
              13.0203832
            ],
            [
              77.665163,
              13.0205661
            ],
            [
              77.665125,
              13.020372
            ],
            [
              77.6661112,
              13.0201891
            ]
          ]
        ]
      },
      "id": "way/1423887067"
    },
    {
      "type": "Feature",
      "properties": {
        "@id": "way/1424040539",
        "amenity": "school",
        "landuse": "education"
      },
      "geometry": {
        "type": "Polygon",
        "coordinates": [
          [
            [
              77.6698348,
              13.0179393
            ],
            [
              77.6700212,
              13.0182283
            ],
            [
              77.6693503,
              13.0184527
            ],
            [
              77.669263,
              13.018112
            ],
            [
              77.6698348,
              13.0179393
            ]
          ]
        ]
      },
      "id": "way/1424040539"
    },
    {
      "type": "Feature",
      "properties": {
        "@id": "way/1431908648",
        "addr:place": "Lakkasandra",
        "amenity": "school",
        "isced:level": "2",
        "name": "Corporation LPS Lakkasandra",
        "name:kn": "ಕಾರ್ಪೋರೇಶನ್ ಕಿರಿಯ ಪ್ರಾಥಮಿಕ ಶಾಲೆ ಲಕ್ಕಸಂದ್ರ",
        "operator": "Department of Education",
        "school": "primary"
      },
      "geometry": {
        "type": "Polygon",
        "coordinates": [
          [
            [
              77.6010788,
              12.9428248
            ],
            [
              77.6010158,
              12.9425274
            ],
            [
              77.6012497,
              12.9424803
            ],
            [
              77.6013127,
              12.9427778
            ],
            [
              77.6010788,
              12.9428248
            ]
          ]
        ]
      },
      "id": "way/1431908648"
    },
    {
      "type": "Feature",
      "properties": {
        "@id": "way/1432018658",
        "amenity": "hospital",
        "healthcare": "hospital",
        "name": "Vignan Hospital",
        "website": "https://bidsinstitution.com/"
      },
      "geometry": {
        "type": "Polygon",
        "coordinates": [
          [
            [
              77.5968499,
              12.9434204
            ],
            [
              77.5971222,
              12.9434673
            ],
            [
              77.5969633,
              12.9443066
            ],
            [
              77.5967219,
              12.9442628
            ],
            [
              77.5967327,
              12.9441916
            ],
            [
              77.5968499,
              12.9434204
            ]
          ]
        ]
      },
      "id": "way/1432018658"
    },
    {
      "type": "Feature",
      "properties": {
        "@id": "way/1442146195",
        "addr:place": "Lakkasandra",
        "amenity": "school",
        "isced:level": "3",
        "name": "Franciska N HS, Lakkasandra",
        "name:kn": "ಫ್ರಾನ್ಸಿಸ್ಕಾ ಎನ್ ಪ್ರೌಢಶಾಲೆ, ಲಕ್ಕಸಂದ್ರ",
        "operator": "Pvt. Unaided",
        "school": "Higher Secondary"
      },
      "geometry": {
        "type": "Polygon",
        "coordinates": [
          [
            [
              77.6097916,
              12.9330941
            ],
            [
              77.6097581,
              12.93363
            ],
            [
              77.6094654,
              12.9336362
            ],
            [
              77.6093896,
              12.9336513
            ],
            [
              77.6093718,
              12.933281
            ],
            [
              77.6097916,
              12.9330941
            ]
          ]
        ]
      },
      "id": "way/1442146195"
    },
    {
      "type": "Feature",
      "properties": {
        "@id": "way/1442752362",
        "amenity": "school",
        "name": "Government Higher Primary School",
        "name:en": "Government Higher Primary School",
        "name:kn": "ಪಣತೂರು ಸರ್ಕಾರಿ ಹಿರಿಯ ಪ್ರಾಥಮಿಕ ಶಾಲೆ"
      },
      "geometry": {
        "type": "Polygon",
        "coordinates": [
          [
            [
              77.656637,
              12.9626753
            ],
            [
              77.6568124,
              12.962635
            ],
            [
              77.6568329,
              12.9627448
            ],
            [
              77.656677,
              12.9627788
            ],
            [
              77.656637,
              12.9626753
            ]
          ]
        ]
      },
      "id": "way/1442752362"
    },
    {
      "type": "Feature",
      "properties": {
        "@id": "way/1442765455",
        "amenity": "school",
        "name": "Government Tamil Higher Primary School",
        "name:kn": "ಸರ್ಕಾರಿ ತಮಿಳು ಹಿರಿಯ ಪ್ರಾಥಮಿಕ ಶಾಲೆ"
      },
      "geometry": {
        "type": "Polygon",
        "coordinates": [
          [
            [
              77.658176,
              12.9643876
            ],
            [
              77.6582953,
              12.9647744
            ],
            [
              77.658007,
              12.9648659
            ],
            [
              77.6578755,
              12.9645229
            ],
            [
              77.658176,
              12.9643876
            ]
          ]
        ]
      },
      "id": "way/1442765455"
    },
    {
      "type": "Feature",
      "properties": {
        "@id": "way/1442772360",
        "amenity": "school"
      },
      "geometry": {
        "type": "Polygon",
        "coordinates": [
          [
            [
              77.6575674,
              12.9661601
            ],
            [
              77.6575968,
              12.9663855
            ],
            [
              77.6572942,
              12.966423
            ],
            [
              77.6573458,
              12.966819
            ],
            [
              77.6567207,
              12.9668963
            ],
            [
              77.6566397,
              12.9662749
            ],
            [
              77.6575674,
              12.9661601
            ]
          ]
        ]
      },
      "id": "way/1442772360"
    },
    {
      "type": "Feature",
      "properties": {
        "@id": "way/1443516585",
        "amenity": "school",
        "name": "Sophie Nursery Primary and High School",
        "wheelchair": "limited"
      },
      "geometry": {
        "type": "Polygon",
        "coordinates": [
          [
            [
              77.6617125,
              12.9537931
            ],
            [
              77.6618039,
              12.9537881
            ],
            [
              77.6619538,
              12.953784
            ],
            [
              77.6623198,
              12.9538186
            ],
            [
              77.6623639,
              12.9542213
            ],
            [
              77.6617535,
              12.9542807
            ],
            [
              77.6617125,
              12.9537931
            ]
          ]
        ]
      },
      "id": "way/1443516585"
    },
    {
      "type": "Feature",
      "properties": {
        "@id": "way/1457945485",
        "amenity": "school",
        "landuse": "education",
        "name": "Shree Bharathi Vidhyalaya"
      },
      "geometry": {
        "type": "Polygon",
        "coordinates": [
          [
            [
              77.5415589,
              12.9635059
            ],
            [
              77.5414529,
              12.962899
            ],
            [
              77.5419012,
              12.9629225
            ],
            [
              77.5419371,
              12.9634877
            ],
            [
              77.5415589,
              12.9635059
            ]
          ]
        ]
      },
      "id": "way/1457945485"
    },
    {
      "type": "Feature",
      "properties": {
        "@id": "way/1458669660",
        "addr:housenumber": "16",
        "addr:street": "Saint John's Church Cross Road",
        "amenity": "school",
        "landuse": "education",
        "name": "Chinmaya Vidhyalaya",
        "name:kn": "ಚಿನ್ಮಯ ವಿದ್ಯಾಲಯ"
      },
      "geometry": {
        "type": "Polygon",
        "coordinates": [
          [
            [
              77.6149316,
              12.9844017
            ],
            [
              77.6149254,
              12.9841095
            ],
            [
              77.6149368,
              12.9840808
            ],
            [
              77.6149468,
              12.9840403
            ],
            [
              77.6154196,
              12.9839911
            ],
            [
              77.6154509,
              12.9842964
            ],
            [
              77.6152459,
              12.9842964
            ],
            [
              77.6149316,
              12.9844017
            ]
          ]
        ]
      },
      "id": "way/1458669660"
    },
    {
      "type": "Feature",
      "properties": {
        "@id": "way/1492289344",
        "addr:housenumber": "29-105-415/1",
        "addr:postcode": "560053",
        "addr:street": "Old Taluk Cutchery Rd, Majestic",
        "amenity": "school",
        "email": "communications.oismj@orchids.edu.in",
        "name": "Orchids The International School - Majestic",
        "opening_hours": "Mo-Su 09:00-18:30",
        "operator": "Orchids International School",
        "phone": "9513731352",
        "website": "https://www.orchidsinternationalschool.com/bangalore-branches/majestic/"
      },
      "geometry": {
        "type": "Polygon",
        "coordinates": [
          [
            [
              77.5715896,
              12.9729282
            ],
            [
              77.5715614,
              12.9727491
            ],
            [
              77.5715084,
              12.9724335
            ],
            [
              77.5718578,
              12.9723793
            ],
            [
              77.5719436,
              12.9727923
            ],
            [
              77.5717156,
              12.9728929
            ],
            [
              77.5715896,
              12.9729282
            ]
          ]
        ]
      },
      "id": "way/1492289344"
    },
    {
      "type": "Feature",
      "properties": {
        "@id": "way/1509719841",
        "amenity": "school",
        "name": "Government Telugu High School"
      },
      "geometry": {
        "type": "Polygon",
        "coordinates": [
          [
            [
              77.6013142,
              12.9838726
            ],
            [
              77.6016606,
              12.9837487
            ],
            [
              77.6017235,
              12.9837959
            ],
            [
              77.6018742,
              12.9841474
            ],
            [
              77.6019175,
              12.9842496
            ],
            [
              77.6019274,
              12.9842729
            ],
            [
              77.6016685,
              12.9843683
            ],
            [
              77.6015948,
              12.9842115
            ],
            [
              77.6012756,
              12.9839109
            ],
            [
              77.6013142,
              12.9838726
            ]
          ]
        ]
      },
      "id": "way/1509719841"
    },
    {
      "type": "Feature",
      "properties": {
        "@id": "way/1510601096",
        "amenity": "school",
        "name": "VJR High School"
      },
      "geometry": {
        "type": "Polygon",
        "coordinates": [
          [
            [
              77.6439227,
              13.0313954
            ],
            [
              77.6439135,
              13.0311149
            ],
            [
              77.6443881,
              13.0311001
            ],
            [
              77.6443973,
              13.0313807
            ],
            [
              77.6439227,
              13.0313954
            ]
          ]
        ]
      },
      "id": "way/1510601096"
    },
    {
      "type": "Feature",
      "properties": {
        "@id": "way/1510874126",
        "amenity": "school",
        "name": "St. Paul High School"
      },
      "geometry": {
        "type": "Polygon",
        "coordinates": [
          [
            [
              77.6424445,
              13.0312602
            ],
            [
              77.6425085,
              13.0312652
            ],
            [
              77.6425044,
              13.0315139
            ],
            [
              77.6425039,
              13.0315516
            ],
            [
              77.6423418,
              13.0315529
            ],
            [
              77.6423416,
              13.0315241
            ],
            [
              77.6418494,
              13.031528
            ],
            [
              77.6418427,
              13.0316587
            ],
            [
              77.641671,
              13.0316548
            ],
            [
              77.6417106,
              13.0311615
            ],
            [
              77.6418691,
              13.0311805
            ],
            [
              77.6424445,
              13.0312602
            ]
          ]
        ]
      },
      "id": "way/1510874126"
    },
    {
      "type": "Feature",
      "properties": {
        "@id": "way/1513979476",
        "amenity": "school"
      },
      "geometry": {
        "type": "Polygon",
        "coordinates": [
          [
            [
              77.5359169,
              12.984414
            ],
            [
              77.5358525,
              12.9841409
            ],
            [
              77.536511,
              12.9840037
            ],
            [
              77.5365297,
              12.984269
            ],
            [
              77.5359169,
              12.984414
            ]
          ]
        ]
      },
      "id": "way/1513979476"
    },
    {
      "type": "Feature",
      "properties": {
        "@id": "way/1517117856",
        "amenity": "school",
        "name": "Government Deaf and Dumb School",
        "old_name": "Hamsadhwani School for Hearing Impaired",
        "old_name:kn": "ಹಂಸಧ್ವನಿ ಶಾಲೆ"
      },
      "geometry": {
        "type": "Polygon",
        "coordinates": [
          [
            [
              77.6424512,
              12.9799446
            ],
            [
              77.6427908,
              12.9799604
            ],
            [
              77.6428284,
              12.9799996
            ],
            [
              77.6429249,
              12.9803519
            ],
            [
              77.641446,
              12.9803685
            ],
            [
              77.6414478,
              12.980037
            ],
            [
              77.6420168,
              12.9800393
            ],
            [
              77.6420185,
              12.9799934
            ],
            [
              77.6420219,
              12.9799272
            ],
            [
              77.6424512,
              12.9799446
            ]
          ]
        ]
      },
      "id": "way/1517117856"
    },
    {
      "type": "Feature",
      "properties": {
        "@id": "way/1521683522",
        "amenity": "school",
        "name": "Little Angels Modern High School"
      },
      "geometry": {
        "type": "Polygon",
        "coordinates": [
          [
            [
              77.6606181,
              12.9985805
            ],
            [
              77.6614764,
              12.9983805
            ],
            [
              77.6612696,
              12.9987289
            ],
            [
              77.6612565,
              12.9987219
            ],
            [
              77.6608086,
              12.9987951
            ],
            [
              77.6606396,
              12.9987786
            ],
            [
              77.6606181,
              12.9985805
            ]
          ]
        ]
      },
      "id": "way/1521683522"
    },
    {
      "type": "Feature",
      "properties": {
        "@id": "way/1522085189",
        "amenity": "school",
        "name": "Yuvalok School",
        "name:kn": "ಯುವಲೊಕ್ ಸ್ಕೂಲ್"
      },
      "geometry": {
        "type": "Polygon",
        "coordinates": [
          [
            [
              77.6426582,
              13.0372405
            ],
            [
              77.6426393,
              13.0370847
            ],
            [
              77.6426592,
              13.0370116
            ],
            [
              77.6428201,
              13.0369818
            ],
            [
              77.6428029,
              13.0372481
            ],
            [
              77.6426582,
              13.0372405
            ]
          ]
        ]
      },
      "id": "way/1522085189"
    },
    {
      "type": "Feature",
      "properties": {
        "@id": "way/1522774558",
        "amenity": "school",
        "name": "CMA English Nursery and HR Primary School"
      },
      "geometry": {
        "type": "Polygon",
        "coordinates": [
          [
            [
              77.553643,
              12.9602327
            ],
            [
              77.5537394,
              12.9602396
            ],
            [
              77.5538582,
              12.960604
            ],
            [
              77.5538555,
              12.9607975
            ],
            [
              77.5535946,
              12.9608876
            ],
            [
              77.5535191,
              12.9609042
            ],
            [
              77.5535122,
              12.960476
            ],
            [
              77.553643,
              12.9602327
            ]
          ]
        ]
      },
      "id": "way/1522774558"
    },
    {
      "type": "Feature",
      "properties": {
        "@id": "way/1523947386",
        "amenity": "school"
      },
      "geometry": {
        "type": "Polygon",
        "coordinates": [
          [
            [
              77.5482489,
              13.0063783
            ],
            [
              77.5483126,
              13.0067155
            ],
            [
              77.5479808,
              13.0067857
            ],
            [
              77.5479083,
              13.0064554
            ],
            [
              77.5481519,
              13.0064003
            ],
            [
              77.5482489,
              13.0063783
            ]
          ]
        ]
      },
      "id": "way/1523947386"
    },
    {
      "type": "Feature",
      "properties": {
        "@id": "node/417894271",
        "amenity": "school",
        "name": "United Public School",
        "name:kn": "ಯುನೈಟೆಡ್ ಪಬ್ಲಿಕ್ ಸ್ಕೂಲ್"
      },
      "geometry": {
        "type": "Point",
        "coordinates": [
          77.6387738,
          13.0384174
        ]
      },
      "id": "node/417894271"
    },
    {
      "type": "Feature",
      "properties": {
        "@id": "node/443612463",
        "amenity": "hospital",
        "name": "Sri Vijayalakshmi Pragathi Hospital",
        "name:kn": "ಶ್ರೀ ವಿಜಯಲಕ್ಷ್ಮೀ ಪ್ರಗತಿ ಆಸ್ಪತ್ರೆ"
      },
      "geometry": {
        "type": "Point",
        "coordinates": [
          77.6409543,
          13.0371728
        ]
      },
      "id": "node/443612463"
    },
    {
      "type": "Feature",
      "properties": {
        "@id": "node/443615521",
        "amenity": "school",
        "name": "Sinclairs High School",
        "name:kn": "ಸಿಂಕ್ಲೇರ್ಸ್ ಪ್ರೌಡಶಾಲೆ"
      },
      "geometry": {
        "type": "Point",
        "coordinates": [
          77.6437784,
          13.0317498
        ]
      },
      "id": "node/443615521"
    },
    {
      "type": "Feature",
      "properties": {
        "@id": "node/454142398",
        "amenity": "hospital",
        "name": "Sathya Hospital",
        "name:kn": "ಸತ್ಯ ಆಸ್ಪತ್ರೆ"
      },
      "geometry": {
        "type": "Point",
        "coordinates": [
          77.6364728,
          13.0185503
        ]
      },
      "id": "node/454142398"
    },
    {
      "type": "Feature",
      "properties": {
        "@id": "node/459811954",
        "amenity": "school",
        "isced:level": "2",
        "name": "Sacred Hearts Girls School",
        "name:kn": "ಸೇಕ್ರಡ್ ಹಾರ್ಟ್ಸ್ ಬಾಲಕಿಯರ ಶಾಲೆ",
        "operator": "Department of Education",
        "school": "primary"
      },
      "geometry": {
        "type": "Point",
        "coordinates": [
          77.6033897,
          12.9694218
        ]
      },
      "id": "node/459811954"
    },
    {
      "type": "Feature",
      "properties": {
        "@id": "node/519549595",
        "addr:city": "Basaveshwara Nagar, Bangalore",
        "addr:district": "Bengaluru Urban",
        "addr:full": "#100/101, Lic Colony West Of Chord, Basaveshwaranagar",
        "addr:housenumber": "100",
        "addr:postcode": "560079",
        "addr:state": "Karnataka",
        "addr:street": "West of Chord Road (LIC Colony)",
        "amenity": "hospital",
        "email": "chordroadhospital100@yahoo.co.in",
        "healthcare:speciality": "multi speciality",
        "name": "Chord Road Hospital Pvt Ltd",
        "name:kn": "ಕೊರ್ಡ್ ರಸ್ತೆ ಆಸ್ಪತ್ರೆ",
        "operator:type": "private",
        "phone": "+91-80-23225858;+91-80-23225868;+91-80-23225878",
        "source": "OpenGovernmentData",
        "website": "http://www.chordroadhospitalent.com/",
        "wheelchair": "yes"
      },
      "geometry": {
        "type": "Point",
        "coordinates": [
          77.5404836,
          12.9981215
        ]
      },
      "id": "node/519549595"
    },
    {
      "type": "Feature",
      "properties": {
        "@id": "node/529780984",
        "amenity": "school",
        "name": "Carmel High School",
        "name:kn": "ಕಾರ್ಮೆಲ್ ಪ್ರೌಡಶಾಲೆ",
        "wheelchair": "limited"
      },
      "geometry": {
        "type": "Point",
        "coordinates": [
          77.5442935,
          12.9885908
        ]
      },
      "id": "node/529780984"
    },
    {
      "type": "Feature",
      "properties": {
        "@id": "node/530353033",
        "addr:city": "Basaveshwara Nagar, Bangalore",
        "addr:housenumber": "877",
        "addr:postcode": "560079",
        "addr:street": "Modi Hospital Road (West of Chord Road)",
        "amenity": "hospital",
        "email": "pristinehospitals@pristinehospitals.com",
        "fax": "+91-80-41354455",
        "healthcare": "hospital",
        "name": "Pristline Hospital",
        "name:kn": "ಪ್ರಿಸ್ಟೀನ್ ಆಸ್ಪತ್ರೆ",
        "phone": "+91-80-41354444;+91-80-51270776",
        "website": "http://www.pristinehospitals.com/"
      },
      "geometry": {
        "type": "Point",
        "coordinates": [
          77.5436127,
          12.9978931
        ]
      },
      "id": "node/530353033"
    },
    {
      "type": "Feature",
      "properties": {
        "@id": "node/573333532",
        "addr:street": "Sankey Tank Road",
        "amenity": "school",
        "name": "Stella Maris School",
        "name:kn": "ಸ್ಟೆಲ್ಲಾ ಮಾರಿಸ್ ಶಾಲೆ"
      },
      "geometry": {
        "type": "Point",
        "coordinates": [
          77.5780313,
          13.0064539
        ]
      },
      "id": "node/573333532"
    },
    {
      "type": "Feature",
      "properties": {
        "@id": "node/579371985",
        "amenity": "school",
        "name": "Madrasa-e Arabiya",
        "name:kn": "ಮದ್ರಸ ಎ ಅರಬಿಯ"
      },
      "geometry": {
        "type": "Point",
        "coordinates": [
          77.5994637,
          12.9430867
        ]
      },
      "id": "node/579371985"
    },
    {
      "type": "Feature",
      "properties": {
        "@id": "node/582384953",
        "addr:district": "Bengaluru Urban",
        "addr:full": "202, R.V.Road",
        "addr:postcode": "560001",
        "addr:state": "Karnataka",
        "addr:street": "Rashtriya Vidyalaya Road",
        "amenity": "hospital",
        "email": "info@Bengaluruhospital.co.in",
        "healthcare": "hospital",
        "name": "Bengaluru Hospital, Susruta Medical Aid AndResearch Home Limited",
        "name:kn": "ಬೆಂಗಳೂರು ಆಸ್ಪತ್ರೆ",
        "operator:type": "private",
        "source": "OpenGovernmentData",
        "website": "http://dpal.kar.nic.in/Kanunu%20padakosha%20PDF%20Files/Recognised%20Hospitals.pdf"
      },
      "geometry": {
        "type": "Point",
        "coordinates": [
          77.5802836,
          12.9376734
        ]
      },
      "id": "node/582384953"
    },
    {
      "type": "Feature",
      "properties": {
        "@id": "node/598212615",
        "amenity": "school",
        "name": "B. P. Indian"
      },
      "geometry": {
        "type": "Point",
        "coordinates": [
          77.5683395,
          13.0011737
        ]
      },
      "id": "node/598212615"
    },
    {
      "type": "Feature",
      "properties": {
        "@id": "node/608492745",
        "amenity": "school",
        "name": "Vani Vilas",
        "name:kn": "ವಾಣಿ ವಿಲಾಸ"
      },
      "geometry": {
        "type": "Point",
        "coordinates": [
          77.5621798,
          13.0092653
        ]
      },
      "id": "node/608492745"
    },
    {
      "type": "Feature",
      "properties": {
        "@id": "node/625856709",
        "addr:city": "bangalore",
        "addr:district": "Bengaluru Urban",
        "addr:full": "71, 11Th Main Road, Opposite Malleshwaram Railway Station, Malleshwaram",
        "addr:housenumber": "71",
        "addr:postcode": "560003",
        "addr:state": "Karnataka",
        "addr:street": "11th Main Road, Opp Railway Station, Malleswaram",
        "amenity": "hospital",
        "name": "Manipal Northside Hospital",
        "phone": "080 2222 1111",
        "source": "OpenGovernmentData",
        "wheelchair": "yes"
      },
      "geometry": {
        "type": "Point",
        "coordinates": [
          77.5639285,
          13.0011275
        ]
      },
      "id": "node/625856709"
    },
    {
      "type": "Feature",
      "properties": {
        "@id": "node/662761071",
        "amenity": "school",
        "name": "St. Sara's School"
      },
      "geometry": {
        "type": "Point",
        "coordinates": [
          77.6175314,
          12.946945
        ]
      },
      "id": "node/662761071"
    },
    {
      "type": "Feature",
      "properties": {
        "@id": "node/663604695",
        "amenity": "school",
        "name": "Deccan school",
        "ups_school": "school",
        "wheelchair": "no"
      },
      "geometry": {
        "type": "Point",
        "coordinates": [
          77.5683888,
          12.9921674
        ]
      },
      "id": "node/663604695"
    },
    {
      "type": "Feature",
      "properties": {
        "@id": "node/663604698",
        "amenity": "school",
        "name": "Anganavadi",
        "name:kn": "ಅಂಗನವಾಡಿ",
        "ups_school": "school",
        "wheelchair": "no"
      },
      "geometry": {
        "type": "Point",
        "coordinates": [
          77.5684205,
          12.991587
        ]
      },
      "id": "node/663604698"
    },
    {
      "type": "Feature",
      "properties": {
        "@id": "node/663604709",
        "amenity": "school",
        "name": "Government School",
        "name:kn": "ಸರ್ಕಾರಿ ಶಾಲೆ",
        "ups_school": "school"
      },
      "geometry": {
        "type": "Point",
        "coordinates": [
          77.6139658,
          12.9496275
        ]
      },
      "id": "node/663604709"
    },
    {
      "type": "Feature",
      "properties": {
        "@id": "node/663604710",
        "amenity": "school",
        "name": "Methodist church school",
        "ups_school": "school"
      },
      "geometry": {
        "type": "Point",
        "coordinates": [
          77.6143357,
          12.9497624
        ]
      },
      "id": "node/663604710"
    },
    {
      "type": "Feature",
      "properties": {
        "@id": "node/663604714",
        "amenity": "school",
        "name": "Adithya public school",
        "ups_school": "school"
      },
      "geometry": {
        "type": "Point",
        "coordinates": [
          77.6151518,
          12.9499206
        ]
      },
      "id": "node/663604714"
    },
    {
      "type": "Feature",
      "properties": {
        "@id": "node/663604723",
        "amenity": "hospital",
        "healthcare": "hospital",
        "name": "Government Primary Health Centre",
        "name:kn": "ಸರ್ಕಾರಿ ಪ್ರಾಥಮಿಕ ಆರೋಗ್ಯ ಕೇಂದ್ರ",
        "ups_hospital": "hospital"
      },
      "geometry": {
        "type": "Point",
        "coordinates": [
          77.6162619,
          12.9503234
        ]
      },
      "id": "node/663604723"
    },
    {
      "type": "Feature",
      "properties": {
        "@id": "node/663920339",
        "addr:street": "CV Raman Avenue",
        "amenity": "school",
        "name": "Nagasena Vidyalaya",
        "name:kn": "ನಾಗಸೇನ ವಿದ್ಯಾಲಯ"
      },
      "geometry": {
        "type": "Point",
        "coordinates": [
          77.5760778,
          13.0140892
        ]
      },
      "id": "node/663920339"
    },
    {
      "type": "Feature",
      "properties": {
        "@id": "node/664332022",
        "amenity": "school",
        "name": "Advanced Animation Academy"
      },
      "geometry": {
        "type": "Point",
        "coordinates": [
          77.580665,
          13.0089647
        ]
      },
      "id": "node/664332022"
    },
    {
      "type": "Feature",
      "properties": {
        "@id": "node/769216417",
        "amenity": "hospital",
        "healthcare": "hospital",
        "name": "Ramakrishna Nursing Home and Hospital"
      },
      "geometry": {
        "type": "Point",
        "coordinates": [
          77.583477,
          12.9364329
        ]
      },
      "id": "node/769216417"
    },
    {
      "type": "Feature",
      "properties": {
        "@id": "node/859809191",
        "amenity": "school",
        "name": "Naasih Montessori Public School"
      },
      "geometry": {
        "type": "Point",
        "coordinates": [
          77.6138117,
          13.0016772
        ]
      },
      "id": "node/859809191"
    },
    {
      "type": "Feature",
      "properties": {
        "@id": "node/953435253",
        "amenity": "school",
        "name": "Auden Public School"
      },
      "geometry": {
        "type": "Point",
        "coordinates": [
          77.543378,
          12.9381024
        ]
      },
      "id": "node/953435253"
    },
    {
      "type": "Feature",
      "properties": {
        "@id": "node/953685844",
        "amenity": "school",
        "name": "Auden School"
      },
      "geometry": {
        "type": "Point",
        "coordinates": [
          77.5437984,
          12.9323436
        ]
      },
      "id": "node/953685844"
    },
    {
      "type": "Feature",
      "properties": {
        "@id": "node/954623054",
        "addr:city": "bangalore",
        "addr:housenumber": "8/45",
        "addr:postcode": "560050",
        "addr:street": "80 Feet Road, SBM Colony, Near-Bank Colony Bus Stop, Banashankari 1st Stage",
        "amenity": "hospital",
        "name": "Sri Vinayaka Poly Clinic",
        "phone": "080 2672 8455",
        "source": "justdial"
      },
      "geometry": {
        "type": "Point",
        "coordinates": [
          77.5510802,
          12.939058
        ]
      },
      "id": "node/954623054"
    },
    {
      "type": "Feature",
      "properties": {
        "@id": "node/966863252",
        "amenity": "hospital",
        "emergency": "yes",
        "healthcare": "hospital",
        "name": "RMV Hospital"
      },
      "geometry": {
        "type": "Point",
        "coordinates": [
          77.576876,
          13.0322788
        ]
      },
      "id": "node/966863252"
    },
    {
      "type": "Feature",
      "properties": {
        "@id": "node/1005544881",
        "addr:city": "Bangalore",
        "addr:housenumber": "55",
        "addr:postcode": "560001",
        "addr:street": "Infantry Road",
        "amenity": "hospital",
        "email": "bengaluru@medinovaindia.com",
        "fax": "+918022867244",
        "name": "Mallya Audikesh Diagnostics Center",
        "phone": "+918022868423",
        "website": "https://www.medinovaindia.com/"
      },
      "geometry": {
        "type": "Point",
        "coordinates": [
          77.6011944,
          12.9815051
        ]
      },
      "id": "node/1005544881"
    },
    {
      "type": "Feature",
      "properties": {
        "@id": "node/1006462338",
        "addr:city": "Bangalore",
        "addr:housenumber": "31/32",
        "addr:postcode": "560001",
        "addr:street": "Crescent Rd,Nehru Nagar,Gandhi Nagar",
        "amenity": "hospital",
        "name": "Mallige Medical Centre",
        "phone": "080 2220 3333",
        "website": "https://www.mallige.com/"
      },
      "geometry": {
        "type": "Point",
        "coordinates": [
          77.5803846,
          12.985247
        ]
      },
      "id": "node/1006462338"
    },
    {
      "type": "Feature",
      "properties": {
        "@id": "node/1015924266",
        "amenity": "school",
        "name": "Saraswati Vidya Mandir",
        "name:kn": "ಸರಸ್ವತಿ ವಿದ್ಯ ಮಂದಿರ"
      },
      "geometry": {
        "type": "Point",
        "coordinates": [
          77.5874849,
          12.9340338
        ]
      },
      "id": "node/1015924266"
    },
    {
      "type": "Feature",
      "properties": {
        "@id": "node/1015924313",
        "amenity": "school",
        "name": "Community English High School"
      },
      "geometry": {
        "type": "Point",
        "coordinates": [
          77.5841184,
          12.9387689
        ]
      },
      "id": "node/1015924313"
    },
    {
      "type": "Feature",
      "properties": {
        "@id": "node/1067181192",
        "addr:district": "Bengaluru Urban",
        "addr:full": "110,6Th Main Iti Layout Benson Town Post",
        "addr:postcode": "560046",
        "addr:state": "Karnataka",
        "amenity": "hospital",
        "name": "Devine Hospital",
        "name:kn": "ಡಿವೈನ್ ಆಸ್ಪತ್ರೆ",
        "source": "OpenGovernmentData"
      },
      "geometry": {
        "type": "Point",
        "coordinates": [
          77.6039313,
          13.0038999
        ]
      },
      "id": "node/1067181192"
    },
    {
      "type": "Feature",
      "properties": {
        "@id": "node/1085786951",
        "addr:street": "Siddapura Road",
        "amenity": "hospital",
        "name": "Lalbagh Nursing Home",
        "name:kn": "ಲಾಲ್ಬಾಗ್ ನರ್ಸಿಂಗ್ ಹೋಂ"
      },
      "geometry": {
        "type": "Point",
        "coordinates": [
          77.5861734,
          12.9452313
        ]
      },
      "id": "node/1085786951"
    },
    {
      "type": "Feature",
      "properties": {
        "@id": "node/1101617173",
        "amenity": "school",
        "name": "Gandhi Nagar High School",
        "name:kn": "ಗಾಂಧಿನಗರ ಪೌಡಶಾಲೆ"
      },
      "geometry": {
        "type": "Point",
        "coordinates": [
          77.5789046,
          12.9910826
        ]
      },
      "id": "node/1101617173"
    },
    {
      "type": "Feature",
      "properties": {
        "@id": "node/1101622501",
        "amenity": "hospital",
        "name": "Government Maternity Hospital",
        "name:kn": "ಸರಕಾರಿ ಹೆರಿಗೆ ಆಸ್ಪತ್ರೆ"
      },
      "geometry": {
        "type": "Point",
        "coordinates": [
          77.5817424,
          12.9988604
        ]
      },
      "id": "node/1101622501"
    },
    {
      "type": "Feature",
      "properties": {
        "@id": "node/1108003748",
        "amenity": "school",
        "name": "The New Cambridge High School"
      },
      "geometry": {
        "type": "Point",
        "coordinates": [
          77.5417627,
          12.9655564
        ]
      },
      "id": "node/1108003748"
    },
    {
      "type": "Feature",
      "properties": {
        "@id": "node/1108014134",
        "amenity": "hospital",
        "emergency": "no",
        "name": "Soujanya Clinic"
      },
      "geometry": {
        "type": "Point",
        "coordinates": [
          77.54325,
          12.9681189
        ]
      },
      "id": "node/1108014134"
    },
    {
      "type": "Feature",
      "properties": {
        "@id": "node/1108040901",
        "amenity": "hospital",
        "name": "Kanva Diagnostics Collection Centre"
      },
      "geometry": {
        "type": "Point",
        "coordinates": [
          77.5429164,
          12.967291
        ]
      },
      "id": "node/1108040901"
    },
    {
      "type": "Feature",
      "properties": {
        "@id": "node/1176722324",
        "amenity": "school",
        "building": "yes",
        "name": "Ubhaya Vedanta Pravarthana Sabha",
        "name:kn": "ಉಭಯ ವೇದಾಂತ ಪ್ರವರ್ತನ ಸಭ"
      },
      "geometry": {
        "type": "Point",
        "coordinates": [
          77.5701799,
          13.0008128
        ]
      },
      "id": "node/1176722324"
    },
    {
      "type": "Feature",
      "properties": {
        "@id": "node/1290107608",
        "amenity": "school",
        "name": "Nirmala Rani High School",
        "name:kn": "ನಿರ್ಮಲ ರಾಣಿ ಪ್ರೌಢಶಾಲೆ"
      },
      "geometry": {
        "type": "Point",
        "coordinates": [
          77.5614979,
          13.0092904
        ]
      },
      "id": "node/1290107608"
    },
    {
      "type": "Feature",
      "properties": {
        "@id": "node/1290125198",
        "amenity": "hospital"
      },
      "geometry": {
        "type": "Point",
        "coordinates": [
          77.5652959,
          13.0043642
        ]
      },
      "id": "node/1290125198"
    },
    {
      "type": "Feature",
      "properties": {
        "@id": "node/1370783363",
        "amenity": "school",
        "wheelchair": "yes"
      },
      "geometry": {
        "type": "Point",
        "coordinates": [
          77.6064886,
          13.0365701
        ]
      },
      "id": "node/1370783363"
    },
    {
      "type": "Feature",
      "properties": {
        "@id": "node/1436177631",
        "amenity": "hospital",
        "name": "ESI Hospital",
        "name:kn": "ಇಎಸ್ಐ ಆಸ್ಪತ್ರೆ"
      },
      "geometry": {
        "type": "Point",
        "coordinates": [
          77.6523255,
          12.995242
        ]
      },
      "id": "node/1436177631"
    },
    {
      "type": "Feature",
      "properties": {
        "@id": "node/1438212033",
        "amenity": "hospital",
        "designation": "Sanatorium",
        "emergency": "no",
        "name": "SDS Tuberculosis Research Centre and Rajiv Gandhi Institute of Chest diseases",
        "research": "medical"
      },
      "geometry": {
        "type": "Point",
        "coordinates": [
          77.5907094,
          12.9367955
        ]
      },
      "id": "node/1438212033"
    },
    {
      "type": "Feature",
      "properties": {
        "@id": "node/1440343668",
        "addr:district": "Bengaluru Urban",
        "addr:full": "34, 10Th Main 1st Block, Jayanagar",
        "addr:postcode": "560011",
        "addr:state": "Karnataka",
        "amenity": "hospital",
        "name": "Maiya Multispecialty Hospital",
        "source": "OpenGovernmentData",
        "wheelchair": "yes"
      },
      "geometry": {
        "type": "Point",
        "coordinates": [
          77.5854533,
          12.942614
        ]
      },
      "id": "node/1440343668"
    },
    {
      "type": "Feature",
      "properties": {
        "@id": "node/1445333653",
        "amenity": "school",
        "description": "Behind BHEL Township vijaynagar",
        "name": "Global Chess Academy India",
        "phone": "+919845872499"
      },
      "geometry": {
        "type": "Point",
        "coordinates": [
          77.530001,
          12.962267
        ]
      },
      "id": "node/1445333653"
    },
    {
      "type": "Feature",
      "properties": {
        "@id": "node/1454651986",
        "addr:district": "Bengaluru Urban",
        "addr:full": "#37, Castle Street, Opp Sacred Heart Church, Ashok Nagar, B.E",
        "addr:housenumber": "37",
        "addr:postcode": "560025",
        "addr:state": "Karnataka",
        "addr:street": "Castle Street",
        "amenity": "hospital",
        "name": "Narayana Netralaya",
        "name:kn": "ನಾರಾಯಣ ನೇತ್ರಾಲಯ",
        "source": "OpenGovernmentData"
      },
      "geometry": {
        "type": "Point",
        "coordinates": [
          77.6094485,
          12.9671401
        ]
      },
      "id": "node/1454651986"
    },
    {
      "type": "Feature",
      "properties": {
        "@id": "node/1462247631",
        "amenity": "school",
        "name": "St. Claret PU College"
      },
      "geometry": {
        "type": "Point",
        "coordinates": [
          77.5439669,
          13.0441027
        ]
      },
      "id": "node/1462247631"
    },
    {
      "type": "Feature",
      "properties": {
        "@id": "node/1462248328",
        "amenity": "school",
        "name": "Saint Claret School"
      },
      "geometry": {
        "type": "Point",
        "coordinates": [
          77.5451578,
          13.043392
        ]
      },
      "id": "node/1462248328"
    },
    {
      "type": "Feature",
      "properties": {
        "@id": "node/1463492236",
        "amenity": "school",
        "name": "Mount Senora School"
      },
      "geometry": {
        "type": "Point",
        "coordinates": [
          77.5254587,
          13.0055371
        ]
      },
      "id": "node/1463492236"
    },
    {
      "type": "Feature",
      "properties": {
        "@id": "node/1464772262",
        "amenity": "hospital",
        "name": "Guru Kripa Clinic"
      },
      "geometry": {
        "type": "Point",
        "coordinates": [
          77.5676844,
          13.0349833
        ]
      },
      "id": "node/1464772262"
    },
    {
      "type": "Feature",
      "properties": {
        "@id": "node/1464792933",
        "addr:place": "Koramangala",
        "amenity": "school",
        "isced:level": "3",
        "name": "Bethany High School Koramangala",
        "name:kn": "ಬೆಥನಿ ಪ್ರೌಢಶಾಲೆ ,ಕೋರಮಂಗಲ",
        "operator": "Private Un-Aided",
        "school": "Higher Secondary"
      },
      "geometry": {
        "type": "Point",
        "coordinates": [
          77.6207624,
          12.9404971
        ]
      },
      "id": "node/1464792933"
    },
    {
      "type": "Feature",
      "properties": {
        "@id": "node/1465007911",
        "addr:postcode": "560085",
        "amenity": "school",
        "name": "SSM Public School",
        "operator": "PES Group"
      },
      "geometry": {
        "type": "Point",
        "coordinates": [
          77.5638317,
          12.9328395
        ]
      },
      "id": "node/1465007911"
    },
    {
      "type": "Feature",
      "properties": {
        "@id": "node/1466638204",
        "amenity": "hospital",
        "healthcare": "hospital",
        "name": "Srinivasa Nursing Home"
      },
      "geometry": {
        "type": "Point",
        "coordinates": [
          77.6174893,
          12.9423039
        ]
      },
      "id": "node/1466638204"
    },
    {
      "type": "Feature",
      "properties": {
        "@id": "node/1467778589",
        "amenity": "school",
        "designation": "Kamala Nehru Patashala",
        "name": "Kamala Nehru Patashala (Emmanual English School)"
      },
      "geometry": {
        "type": "Point",
        "coordinates": [
          77.5664867,
          12.9339482
        ]
      },
      "id": "node/1467778589"
    },
    {
      "type": "Feature",
      "properties": {
        "@id": "node/1467778591",
        "amenity": "hospital",
        "emergency": "yes",
        "name": "Kangila Clinic"
      },
      "geometry": {
        "type": "Point",
        "coordinates": [
          77.5660602,
          12.9336501
        ]
      },
      "id": "node/1467778591"
    },
    {
      "type": "Feature",
      "properties": {
        "@id": "node/1468540733",
        "addr:district": "Bengaluru Urban",
        "addr:full": "No.897/C, 80 Feet Road, 6th Block, Koramangala",
        "addr:postcode": "560095",
        "addr:state": "Karnataka",
        "addr:subdistrict": "Koramangala",
        "amenity": "hospital",
        "emergency": "yes",
        "healthcare": "hospital",
        "name": "Vasan Eye Care Hospital, Koramangala",
        "operator:type": "private",
        "source": "OpenGovernmentData",
        "website": "http://www.vasaneye.in/"
      },
      "geometry": {
        "type": "Point",
        "coordinates": [
          77.6253403,
          12.9402371
        ]
      },
      "id": "node/1468540733"
    },
    {
      "type": "Feature",
      "properties": {
        "@id": "node/1469035492",
        "amenity": "hospital",
        "name": "Amma's ENT Clinic"
      },
      "geometry": {
        "type": "Point",
        "coordinates": [
          77.5793947,
          13.0281613
        ]
      },
      "id": "node/1469035492"
    },
    {
      "type": "Feature",
      "properties": {
        "@id": "node/1469036754",
        "alt_name": "Saraswathi Aithal Clinic",
        "amenity": "hospital",
        "name": "Krishna Specialty Clinic"
      },
      "geometry": {
        "type": "Point",
        "coordinates": [
          77.5789272,
          13.026721
        ]
      },
      "id": "node/1469036754"
    },
    {
      "type": "Feature",
      "properties": {
        "@id": "node/1469181813",
        "addr:city": "Bengaluru",
        "addr:country": "IN",
        "addr:hamlet": "Frazer Town",
        "addr:postcode": "560005",
        "addr:street": "Saunders Road",
        "amenity": "hospital",
        "name": "Seventh Day Adventist Hospital",
        "name:kn": "ಸೆವೆಂತ್ ಡೇ ಅಡ್ವೆನ್ಟಿಸ್ಟ್ ಆಸ್ಪತ್ರೆ"
      },
      "geometry": {
        "type": "Point",
        "coordinates": [
          77.6113272,
          12.995625
        ]
      },
      "id": "node/1469181813"
    },
    {
      "type": "Feature",
      "properties": {
        "@id": "node/1469190367",
        "amenity": "school",
        "name": "Fathima's Girls High School",
        "name:kn": "ಫಾತೀಮಾಸ್ ಹೆಣ್ಣು ಮಕ್ಕಳ ಪ್ರೌಡ ಶಾಲೆ"
      },
      "geometry": {
        "type": "Point",
        "coordinates": [
          77.6109656,
          12.9968818
        ]
      },
      "id": "node/1469190367"
    },
    {
      "type": "Feature",
      "properties": {
        "@id": "node/1469249201",
        "amenity": "school",
        "check_date": "2024-08-11",
        "name": "Santosh Institute of Nursing & Research"
      },
      "geometry": {
        "type": "Point",
        "coordinates": [
          77.6024335,
          12.9916626
        ]
      },
      "id": "node/1469249201"
    },
    {
      "type": "Feature",
      "properties": {
        "@id": "node/1469266907",
        "amenity": "school",
        "name": "St. Francis Xavier's High School",
        "name:kn": "ಸಂತ ಫ್ರಾನ್ಸೀಸ್ ಕ್ಷೇವಿಯರ್ಸ್ ಪ್ರೌಡ ಶಾಲೆ"
      },
      "geometry": {
        "type": "Point",
        "coordinates": [
          77.6131994,
          12.9933042
        ]
      },
      "id": "node/1469266907"
    },
    {
      "type": "Feature",
      "properties": {
        "@id": "node/1469266908",
        "amenity": "school",
        "check_date": "2024-12-14",
        "name": "St. Joseph's Convent Girls High School"
      },
      "geometry": {
        "type": "Point",
        "coordinates": [
          77.6135802,
          12.992426
        ]
      },
      "id": "node/1469266908"
    },
    {
      "type": "Feature",
      "properties": {
        "@id": "node/1469267174",
        "amenity": "school",
        "name": "Holy Angel's High School",
        "name:kn": "ಹೋಲಿ ಎಂಜೆಲ್ಸ್ ಪ್ರೌಢಶಾಲೆ"
      },
      "geometry": {
        "type": "Point",
        "coordinates": [
          77.6144766,
          12.9938162
        ]
      },
      "id": "node/1469267174"
    },
    {
      "type": "Feature",
      "properties": {
        "@id": "node/1469267177",
        "amenity": "school",
        "name": "RTC Girls High School"
      },
      "geometry": {
        "type": "Point",
        "coordinates": [
          77.6141548,
          12.9926871
        ]
      },
      "id": "node/1469267177"
    },
    {
      "type": "Feature",
      "properties": {
        "@id": "node/1469314053",
        "amenity": "hospital",
        "name": "Srinivasa Nursing Home"
      },
      "geometry": {
        "type": "Point",
        "coordinates": [
          77.6220456,
          12.9965077
        ]
      },
      "id": "node/1469314053"
    },
    {
      "type": "Feature",
      "properties": {
        "@id": "node/1470553312",
        "amenity": "school",
        "name": "Sri Kumaran Children's Home"
      },
      "geometry": {
        "type": "Point",
        "coordinates": [
          77.5726226,
          12.9333166
        ]
      },
      "id": "node/1470553312"
    },
    {
      "type": "Feature",
      "properties": {
        "@id": "node/1470553332",
        "alt_name": "Samaja Seva Mandali Kannada Primary School",
        "amenity": "school",
        "name": "SSM Primary School"
      },
      "geometry": {
        "type": "Point",
        "coordinates": [
          77.5699296,
          12.9356689
        ]
      },
      "id": "node/1470553332"
    },
    {
      "type": "Feature",
      "properties": {
        "@id": "node/1470553357",
        "amenity": "school",
        "name": "Kumaran Children's High School"
      },
      "geometry": {
        "type": "Point",
        "coordinates": [
          77.5717482,
          12.9329402
        ]
      },
      "id": "node/1470553357"
    },
    {
      "type": "Feature",
      "properties": {
        "@id": "node/1471128628",
        "amenity": "hospital",
        "emergency": "yes",
        "healthcare": "hospital",
        "name": "Pristine Health care"
      },
      "geometry": {
        "type": "Point",
        "coordinates": [
          77.6186753,
          12.9382768
        ]
      },
      "id": "node/1471128628"
    },
    {
      "type": "Feature",
      "properties": {
        "@id": "node/1471737564",
        "amenity": "hospital",
        "name": "Suprabha Hospital",
        "wheelchair": "yes"
      },
      "geometry": {
        "type": "Point",
        "coordinates": [
          77.5469059,
          13.0079383
        ]
      },
      "id": "node/1471737564"
    },
    {
      "type": "Feature",
      "properties": {
        "@id": "node/1471738635",
        "amenity": "hospital",
        "name": "Sangolli Nursing Home"
      },
      "geometry": {
        "type": "Point",
        "coordinates": [
          77.5469273,
          13.0083564
        ]
      },
      "id": "node/1471738635"
    },
    {
      "type": "Feature",
      "properties": {
        "@id": "node/1471781028",
        "addr:district": "Bengaluru Urban",
        "addr:full": "359 / 360, 19Th Main 1 St Block Rajajinagar Near Indian Bank",
        "addr:postcode": "560010",
        "addr:state": "Karnataka",
        "amenity": "hospital",
        "healthcare": "hospital",
        "name": "Diacon Hospital",
        "source": "OpenGovernmentData",
        "wheelchair": "yes"
      },
      "geometry": {
        "type": "Point",
        "coordinates": [
          77.5498337,
          13.0037682
        ]
      },
      "id": "node/1471781028"
    },
    {
      "type": "Feature",
      "properties": {
        "@id": "node/1472808787",
        "amenity": "school",
        "name": "Little Lilly's English School"
      },
      "geometry": {
        "type": "Point",
        "coordinates": [
          77.5478152,
          13.0092391
        ]
      },
      "id": "node/1472808787"
    },
    {
      "type": "Feature",
      "properties": {
        "@id": "node/1472808792",
        "amenity": "hospital",
        "name": "Namratha Hospital",
        "name:kn": "ನಮ್ರತ ಆಸ್ಪತ್ರೆ"
      },
      "geometry": {
        "type": "Point",
        "coordinates": [
          77.543073,
          13.0047859
        ]
      },
      "id": "node/1472808792"
    },
    {
      "type": "Feature",
      "properties": {
        "@id": "node/1472858834",
        "amenity": "school",
        "name": "Sri Vani Education Society"
      },
      "geometry": {
        "type": "Point",
        "coordinates": [
          77.5547591,
          13.0037708
        ]
      },
      "id": "node/1472858834"
    },
    {
      "type": "Feature",
      "properties": {
        "@id": "node/1472981138",
        "amenity": "school",
        "name": "Holy Child Convent School"
      },
      "geometry": {
        "type": "Point",
        "coordinates": [
          77.56002,
          12.9373897
        ]
      },
      "id": "node/1472981138"
    },
    {
      "type": "Feature",
      "properties": {
        "@id": "node/1473023593",
        "addr:district": "Bengaluru Urban",
        "addr:full": "No. 35/6, Industrial Suburb, Goragunte Palya, Yashwantpur",
        "addr:postcode": "560022",
        "addr:state": "Karnataka",
        "amenity": "hospital",
        "name": "Mysore Hospital",
        "name:kn": "ಮೈಸೂರು ಆಸ್ಪತ್ರೆ",
        "source": "OpenGovernmentData"
      },
      "geometry": {
        "type": "Point",
        "coordinates": [
          77.5397051,
          13.0275337
        ]
      },
      "id": "node/1473023593"
    },
    {
      "type": "Feature",
      "properties": {
        "@id": "node/1473896401",
        "amenity": "school",
        "name": "Niveditha school"
      },
      "geometry": {
        "type": "Point",
        "coordinates": [
          77.5672085,
          12.9453673
        ]
      },
      "id": "node/1473896401"
    },
    {
      "type": "Feature",
      "properties": {
        "@id": "node/1473897177",
        "amenity": "school",
        "name": "SSVM GP Branch",
        "wheelchair": "no"
      },
      "geometry": {
        "type": "Point",
        "coordinates": [
          77.5651593,
          12.9444263
        ]
      },
      "id": "node/1473897177"
    },
    {
      "type": "Feature",
      "properties": {
        "@id": "node/1473921774",
        "addr:district": "Bengaluru Urban",
        "addr:full": "No.81,Bulltemple Road,Near Ramakrishna Ashram",
        "addr:postcode": "560019",
        "addr:state": "Karnataka",
        "addr:street": "Shyamaraja Iyengar Road",
        "amenity": "hospital",
        "emergency": "no",
        "name": "Shekar Hospital",
        "name:en": "Shekhar Hospital",
        "name:hi": "शेखर हॉस्पिटल",
        "name:kn": "ಶೇಖರ್ ಹಾಸ್ಪಿಟಲ್",
        "source": "OpenGovernmentData"
      },
      "geometry": {
        "type": "Point",
        "coordinates": [
          77.5675192,
          12.9458714
        ]
      },
      "id": "node/1473921774"
    },
    {
      "type": "Feature",
      "properties": {
        "@id": "node/1473921785",
        "amenity": "school",
        "name": "BASE"
      },
      "geometry": {
        "type": "Point",
        "coordinates": [
          77.5679644,
          12.9455787
        ]
      },
      "id": "node/1473921785"
    },
    {
      "type": "Feature",
      "properties": {
        "@id": "node/1473930474",
        "amenity": "school"
      },
      "geometry": {
        "type": "Point",
        "coordinates": [
          77.5346306,
          13.0004716
        ]
      },
      "id": "node/1473930474"
    },
    {
      "type": "Feature",
      "properties": {
        "@id": "node/1474001855",
        "amenity": "hospital",
        "emergency": "yes",
        "healthcare": "hospital",
        "name": "Punya Hospital"
      },
      "geometry": {
        "type": "Point",
        "coordinates": [
          77.5359798,
          13.0011459
        ]
      },
      "id": "node/1474001855"
    },
    {
      "type": "Feature",
      "properties": {
        "@id": "node/1474058074",
        "amenity": "school",
        "name": "Gautham College of Nursing"
      },
      "geometry": {
        "type": "Point",
        "coordinates": [
          77.5411129,
          13.001119
        ]
      },
      "id": "node/1474058074"
    },
    {
      "type": "Feature",
      "properties": {
        "@id": "node/1474058087",
        "amenity": "school",
        "name": "Anupama English School"
      },
      "geometry": {
        "type": "Point",
        "coordinates": [
          77.5409358,
          13.0000789
        ]
      },
      "id": "node/1474058087"
    },
    {
      "type": "Feature",
      "properties": {
        "@id": "node/1474458358",
        "amenity": "hospital",
        "healthcare": "hospital",
        "name": "Prasad Eye Hospital"
      },
      "geometry": {
        "type": "Point",
        "coordinates": [
          77.6086817,
          12.9351929
        ]
      },
      "id": "node/1474458358"
    },
    {
      "type": "Feature",
      "properties": {
        "@id": "node/1474472488",
        "amenity": "hospital",
        "description": "Patients initally should come here to scrrened to refer to the appropriate department for their disorder",
        "emergency": "no",
        "healthcare": "hospital",
        "name": "NIMHANS Screening block"
      },
      "geometry": {
        "type": "Point",
        "coordinates": [
          77.5937737,
          12.9387115
        ]
      },
      "id": "node/1474472488"
    },
    {
      "type": "Feature",
      "properties": {
        "@id": "node/1474472859",
        "amenity": "hospital",
        "healthcare": "hospital",
        "name": "NIMHANS OPD"
      },
      "geometry": {
        "type": "Point",
        "coordinates": [
          77.5942994,
          12.9388056
        ]
      },
      "id": "node/1474472859"
    },
    {
      "type": "Feature",
      "properties": {
        "@id": "node/1474511948",
        "addr:district": "Bengaluru Urban",
        "addr:full": "87/2, 8Th Cross,Wilson Garden",
        "addr:postcode": "560027",
        "addr:state": "Karnataka",
        "amenity": "hospital",
        "healthcare": "hospital",
        "name": "Manjunath Hospital",
        "name:kn": "ಮಂಜುನಾಥ ಆಸ್ಪತ್ರೆ",
        "source": "OpenGovernmentData"
      },
      "geometry": {
        "type": "Point",
        "coordinates": [
          77.5940621,
          12.9483598
        ]
      },
      "id": "node/1474511948"
    },
    {
      "type": "Feature",
      "properties": {
        "@id": "node/1474512442",
        "addr:street": "8th Cross",
        "amenity": "hospital",
        "healthcare": "hospital",
        "name": "Karthik Hospital",
        "name:kn": "ಕಾರ್ತಿಕ್ ಆಸ್ಪತ್ರೆ"
      },
      "geometry": {
        "type": "Point",
        "coordinates": [
          77.5942592,
          12.9484356
        ]
      },
      "id": "node/1474512442"
    },
    {
      "type": "Feature",
      "properties": {
        "@id": "node/1474819111",
        "amenity": "hospital",
        "name": "TSR heart care"
      },
      "geometry": {
        "type": "Point",
        "coordinates": [
          77.5933686,
          13.0264438
        ]
      },
      "id": "node/1474819111"
    },
    {
      "type": "Feature",
      "properties": {
        "@id": "node/1474819886",
        "addr:district": "Bengaluru Urban",
        "addr:full": "111, West Of Chord Road, Mahalakshmipuram, Rajajinagar I Block",
        "addr:postcode": "560086",
        "addr:state": "Karnataka",
        "alt_name": "Fortis Hospitals Limited, Rajajinagar",
        "amenity": "hospital",
        "healthcare": "hospital",
        "name": "Fortis Hospital",
        "name:kn": "ಫೋರ್ಟಿಸ್ ಆಸ್ಪತ್ರೆ",
        "source": "OpenGovernmentData"
      },
      "geometry": {
        "type": "Point",
        "coordinates": [
          77.5490879,
          13.0022409
        ]
      },
      "id": "node/1474819886"
    },
    {
      "type": "Feature",
      "properties": {
        "@id": "node/1474819896",
        "addr:city": "Bangalore",
        "addr:district": "Bengaluru Urban",
        "addr:full": "25/91, Chord Road, Iind Block, Rajajinagar",
        "addr:housenumber": "25/91",
        "addr:postcode": "560010",
        "addr:state": "Karnataka",
        "addr:street": "Chord Road",
        "amenity": "hospital",
        "name": "Citi Hospital",
        "opening_hours": "24/7",
        "phone": "+(91)-80-23131778",
        "phone_1": "23131777",
        "phone_2": "23526910",
        "source": "OpenGovernmentData"
      },
      "geometry": {
        "type": "Point",
        "coordinates": [
          77.5510696,
          12.9956506
        ]
      },
      "id": "node/1474819896"
    },
    {
      "type": "Feature",
      "properties": {
        "@id": "node/1474819897",
        "addr:city": "Bengaluru",
        "addr:country": "IN",
        "addr:district": "Bengaluru Urban",
        "addr:full": "Old 389, New 46, 19th Main, 1st Block, Rajaji Nagar",
        "addr:hamlet": "Rajajinagar 1st Block",
        "addr:housenumber": "46",
        "addr:postcode": "560010",
        "addr:state": "Karnataka",
        "addr:street": "19th Cross Road",
        "amenity": "hospital",
        "healthcare": "hospital",
        "name": "Vasan Eye Care Hospital, Rajaji Nagar",
        "source": "OpenGovernmentData",
        "wheelchair": "no"
      },
      "geometry": {
        "type": "Point",
        "coordinates": [
          77.5505328,
          12.9995223
        ]
      },
      "id": "node/1474819897"
    },
    {
      "type": "Feature",
      "properties": {
        "@id": "node/1474819898",
        "addr:district": "Bengaluru Urban",
        "addr:full": "No.389/44, 19th Main, 1st Block, Rajajinagar",
        "addr:postcode": "560010",
        "addr:state": "Karnataka",
        "amenity": "hospital",
        "contact:email": "enquiries@ananyahospital.org",
        "emergency_telephone_code": "080 23527411;09980783835",
        "healthcare": "hospital",
        "healthcare:speciality": "Cardiology;Cosmetology;Dermatology;Diabetology;Emergency Medicine;ENT;Gastroenterology;General Medicine;General Surgery;Internal Medicine;Laparoscopic Surgery;Medical Oncology;Nephrology;Obesity;Obstetricsand Gynaecology",
        "medical_system": "Allopathic",
        "name": "Ananya Hospital",
        "name:kn": "ಅನನ್ಯ ಆಸ್ಪತ್ರೆ",
        "operator:type": "private",
        "source": "https://data.gov.in",
        "website": "https://www.ananyahospital.org/"
      },
      "geometry": {
        "type": "Point",
        "coordinates": [
          77.55045,
          12.9998205
        ]
      },
      "id": "node/1474819898"
    },
    {
      "type": "Feature",
      "properties": {
        "@id": "node/1474820321",
        "amenity": "hospital",
        "healthcare": "hospital",
        "name": "Baptist"
      },
      "geometry": {
        "type": "Point",
        "coordinates": [
          77.5719766,
          12.9970915
        ]
      },
      "id": "node/1474820321"
    },
    {
      "type": "Feature",
      "properties": {
        "@id": "node/1474827898",
        "amenity": "hospital",
        "name": "Shivakrupa Hospital",
        "name:kn": "ಶಿವಕೃಪ ಆಸ್ಪತ್ರೆ"
      },
      "geometry": {
        "type": "Point",
        "coordinates": [
          77.5479135,
          12.973967
        ]
      },
      "id": "node/1474827898"
    },
    {
      "type": "Feature",
      "properties": {
        "@id": "node/1474827899",
        "amenity": "school",
        "name": "Vasavi Polytechnic College"
      },
      "geometry": {
        "type": "Point",
        "coordinates": [
          77.5442442,
          12.9737683
        ]
      },
      "id": "node/1474827899"
    },
    {
      "type": "Feature",
      "properties": {
        "@id": "node/1474854776",
        "amenity": "school",
        "check_date": "2024-03-27",
        "name": "RNS Vidyaniketan School"
      },
      "geometry": {
        "type": "Point",
        "coordinates": [
          77.5327333,
          12.9619713
        ]
      },
      "id": "node/1474854776"
    },
    {
      "type": "Feature",
      "properties": {
        "@id": "node/1474854792",
        "amenity": "school",
        "name": "KVV High School"
      },
      "geometry": {
        "type": "Point",
        "coordinates": [
          77.5330893,
          12.9646688
        ]
      },
      "id": "node/1474854792"
    },
    {
      "type": "Feature",
      "properties": {
        "@id": "node/1474872713",
        "amenity": "school",
        "name": "Indo-German School"
      },
      "geometry": {
        "type": "Point",
        "coordinates": [
          77.6580406,
          13.0042548
        ]
      },
      "id": "node/1474872713"
    },
    {
      "type": "Feature",
      "properties": {
        "@id": "node/1474875685",
        "amenity": "hospital",
        "emergency": "yes",
        "name": "Dr. Ambedkar Medical College Hospital",
        "name:kn": "ಅಂಬೇಡ್ಕರ್ ವೈದ್ಯಕೀಯ ಕಾಲೇಜು ಆಸ್ಪತ್ರೆ"
      },
      "geometry": {
        "type": "Point",
        "coordinates": [
          77.6139585,
          13.0248621
        ]
      },
      "id": "node/1474875685"
    },
    {
      "type": "Feature",
      "properties": {
        "@id": "node/1543969345",
        "addr:housename": "Ankur Nursery School",
        "addr:housenumber": "123, C/o Ankur Nursery School,",
        "addr:postcode": "560008",
        "addr:street": "Udani Layout, Cambridge Road",
        "amenity": "school",
        "designation": "Pre-School and Playhome",
        "name": "Ankur Nursery School",
        "source": "Bhavin"
      },
      "geometry": {
        "type": "Point",
        "coordinates": [
          77.6278036,
          12.9719967
        ]
      },
      "id": "node/1543969345"
    },
    {
      "type": "Feature",
      "properties": {
        "@id": "node/1568765286",
        "amenity": "school",
        "name": "St. Johns High School",
        "wheelchair": "limited"
      },
      "geometry": {
        "type": "Point",
        "coordinates": [
          77.541311,
          12.9655182
        ]
      },
      "id": "node/1568765286"
    },
    {
      "type": "Feature",
      "properties": {
        "@id": "node/1614268180",
        "amenity": "school",
        "name": "Bharat Seva Dal",
        "name:kn": "ಭಾರತ ಸೇವಾದಳ",
        "wheelchair": "no"
      },
      "geometry": {
        "type": "Point",
        "coordinates": [
          77.5805314,
          12.9873383
        ]
      },
      "id": "node/1614268180"
    },
    {
      "type": "Feature",
      "properties": {
        "@id": "node/1617398469",
        "addr:city": "bangalore",
        "addr:district": "Bengaluru Urban",
        "addr:full": "No.67,Link Road,Sheshadripuram",
        "addr:housenumber": "67",
        "addr:postcode": "560020",
        "addr:state": "Karnataka",
        "addr:street": "Link Rd, Malleswaram, Jai Bheema Nagar, Seshadripuram",
        "amenity": "hospital",
        "healthcare": "hospital",
        "name": "Sri Maruthi hospital, Sheshadripuram",
        "phone": "080 2344 9632",
        "source": "OpenGovernmentData"
      },
      "geometry": {
        "type": "Point",
        "coordinates": [
          77.5742046,
          12.9926441
        ]
      },
      "id": "node/1617398469"
    },
    {
      "type": "Feature",
      "properties": {
        "@id": "node/1619884915",
        "amenity": "school",
        "name": "Shiksha Sagar High School"
      },
      "geometry": {
        "type": "Point",
        "coordinates": [
          77.5807282,
          13.0323102
        ]
      },
      "id": "node/1619884915"
    },
    {
      "type": "Feature",
      "properties": {
        "@id": "node/1719371357",
        "addr:postcode": "560011",
        "addr:street": "9th Main",
        "amenity": "school",
        "name": "Sree Rama Vidyalaya",
        "name:kn": "ಶ್ರೀ ರಾಮ ವಿದ್ಯಾಲಯ"
      },
      "geometry": {
        "type": "Point",
        "coordinates": [
          77.5843066,
          12.938312
        ]
      },
      "id": "node/1719371357"
    },
    {
      "type": "Feature",
      "properties": {
        "@id": "node/1722802205",
        "amenity": "hospital",
        "emergency": "no",
        "name": "Karunya Homoeopathy Centre"
      },
      "geometry": {
        "type": "Point",
        "coordinates": [
          77.653594,
          13.0307899
        ]
      },
      "id": "node/1722802205"
    },
    {
      "type": "Feature",
      "properties": {
        "@id": "node/1724416882",
        "amenity": "hospital",
        "name": "Ayur Seva Hospital",
        "name:en": "Ayur Vaid Hospital"
      },
      "geometry": {
        "type": "Point",
        "coordinates": [
          77.6653699,
          13.0148188
        ]
      },
      "id": "node/1724416882"
    },
    {
      "type": "Feature",
      "properties": {
        "@id": "node/1724997151",
        "amenity": "school",
        "check_date": "2025-06-17",
        "name": "Narayana PU College",
        "name:en": "Narayana PU College"
      },
      "geometry": {
        "type": "Point",
        "coordinates": [
          77.6673677,
          13.0128343
        ]
      },
      "id": "node/1724997151"
    },
    {
      "type": "Feature",
      "properties": {
        "@id": "node/1742670069",
        "amenity": "school",
        "check_date": "2024-07-06",
        "name": "Patel Public School",
        "wheelchair": "yes"
      },
      "geometry": {
        "type": "Point",
        "coordinates": [
          77.6423518,
          13.0143184
        ]
      },
      "id": "node/1742670069"
    },
    {
      "type": "Feature",
      "properties": {
        "@id": "node/1778854020",
        "addr:district": "Bengaluru Urban",
        "addr:full": "No. 1558, Opposite Chandra Layout Bus Stand, Chandra Layout, Vijaynagar",
        "addr:postcode": "560048",
        "addr:state": "Karnataka",
        "amenity": "hospital",
        "designation": "Gurushree Multi speciality Hospital",
        "emergency": "yes",
        "name": "Gurushree Hitech Multispeciality Hospital",
        "source": "OpenGovernmentData"
      },
      "geometry": {
        "type": "Point",
        "coordinates": [
          77.5265054,
          12.9593144
        ]
      },
      "id": "node/1778854020"
    },
    {
      "type": "Feature",
      "properties": {
        "@id": "node/1778897704",
        "addr:district": "Bengaluru Urban",
        "addr:full": "29 And 30, Nagarbhavi Road, Opp To Prashanthnagar Bus Stop, Vijaynagar",
        "addr:postcode": "560040",
        "addr:state": "Karnataka",
        "amenity": "hospital",
        "emergency": "no",
        "name": "Shobha Hospital, Bengaluru Urban",
        "name:kn": "ಶೋಭಾ ಆಸ್ಪತ್ರೆ",
        "source": "OpenGovernmentData"
      },
      "geometry": {
        "type": "Point",
        "coordinates": [
          77.5313495,
          12.9755854
        ]
      },
      "id": "node/1778897704"
    },
    {
      "type": "Feature",
      "properties": {
        "@id": "node/1778953072",
        "addr:district": "Bengaluru Urban",
        "addr:full": "# 91, Magadi Chord Road",
        "addr:postcode": "560040",
        "addr:state": "Karnataka",
        "amenity": "hospital",
        "designation": "Gayathri Nursing Home",
        "emergency": "yes",
        "name": "Gayathri Hospital, Bengaluru Urban",
        "operator:type": "private",
        "source": "OpenGovernmentData",
        "website": "http://dpal.kar.nic.in/Kanunu%20padakosha%20PDF%20Files/Recognised%20Hospitals.pdf",
        "wheelchair": "no"
      },
      "geometry": {
        "type": "Point",
        "coordinates": [
          77.5426819,
          12.9744053
        ]
      },
      "id": "node/1778953072"
    },
    {
      "type": "Feature",
      "properties": {
        "@id": "node/1789727639",
        "amenity": "school"
      },
      "geometry": {
        "type": "Point",
        "coordinates": [
          77.5640252,
          12.9598806
        ]
      },
      "id": "node/1789727639"
    },
    {
      "type": "Feature",
      "properties": {
        "@id": "node/1791576981",
        "amenity": "school",
        "name": "BBUL Jain Vidyalaya",
        "wheelchair": "no"
      },
      "geometry": {
        "type": "Point",
        "coordinates": [
          77.5724909,
          12.9540088
        ]
      },
      "id": "node/1791576981"
    },
    {
      "type": "Feature",
      "properties": {
        "@id": "node/1809734261",
        "addr:district": "Bengaluru Urban",
        "addr:full": "No.4, Nagarabhavi Main Road,Prashanth Nagar,Near Shopper City Shop",
        "addr:postcode": "560079",
        "addr:state": "Karnataka",
        "amenity": "hospital",
        "name": "Bharathy Hospital",
        "name:kn": "ಭಾರತಿ ಆಸ್ಪತ್ರೆ",
        "source": "OpenGovernmentData"
      },
      "geometry": {
        "type": "Point",
        "coordinates": [
          77.5326369,
          12.9761294
        ]
      },
      "id": "node/1809734261"
    },
    {
      "type": "Feature",
      "properties": {
        "@id": "node/1871539757",
        "addr:district": "Bengaluru Urban",
        "addr:full": "No 519 2nd Nain Netravathystreet, Devasandra, New Bel Road",
        "addr:postcode": "560054",
        "addr:state": "Karnataka",
        "amenity": "hospital",
        "emergency": "yes",
        "name": "Shirdi Sai Hospital",
        "name:kn": "ಶಿರಡಿ ಸಾಯಿ ಆಸ್ಪತ್ರೆ",
        "operator:type": "private",
        "source": "OpenGovernmentData",
        "website": "http://shirdisaihospital.in/"
      },
      "geometry": {
        "type": "Point",
        "coordinates": [
          77.5648754,
          13.0372438
        ]
      },
      "id": "node/1871539757"
    },
    {
      "type": "Feature",
      "properties": {
        "@id": "node/1884945635",
        "amenity": "school",
        "name": "Hennur Government School",
        "name:kn": "ಹೆಣ್ಣೂರು ಸರ್ಕಾರಿ ಶಾಲೆ"
      },
      "geometry": {
        "type": "Point",
        "coordinates": [
          77.6344642,
          13.0347257
        ]
      },
      "id": "node/1884945635"
    },
    {
      "type": "Feature",
      "properties": {
        "@id": "node/1905152108",
        "amenity": "hospital",
        "emergency": "no",
        "name": "Kottakkal Arya Vaidya Sala",
        "source": "survey"
      },
      "geometry": {
        "type": "Point",
        "coordinates": [
          77.5850591,
          12.9411061
        ]
      },
      "id": "node/1905152108"
    },
    {
      "type": "Feature",
      "properties": {
        "@id": "node/1958294905",
        "amenity": "hospital",
        "name": "Charan Homeopathy, Ramamurthy Nagar"
      },
      "geometry": {
        "type": "Point",
        "coordinates": [
          77.6674667,
          13.0100409
        ]
      },
      "id": "node/1958294905"
    },
    {
      "type": "Feature",
      "properties": {
        "@id": "node/2003935536",
        "amenity": "school",
        "name": "St Aloysius Pre Unniversity College"
      },
      "geometry": {
        "type": "Point",
        "coordinates": [
          77.6196026,
          12.994291
        ]
      },
      "id": "node/2003935536"
    },
    {
      "type": "Feature",
      "properties": {
        "@id": "node/2019362244",
        "addr:city": "Bangalore",
        "addr:street": "11th Main Road,17th Cross",
        "amenity": "hospital",
        "dispensing": "yes",
        "name": "Cloud Nine Hospital",
        "note": "Only for pregnency",
        "phone": "9972999729"
      },
      "geometry": {
        "type": "Point",
        "coordinates": [
          77.5625316,
          13.0078742
        ]
      },
      "id": "node/2019362244"
    },
    {
      "type": "Feature",
      "properties": {
        "@id": "node/2026076836",
        "addr:district": "Bengaluru Urban",
        "addr:full": "No 3367,5Th Cross, Gayathri Nagar",
        "addr:postcode": "560021",
        "addr:state": "Karnataka",
        "amenity": "hospital",
        "emergency": "yes",
        "name": "Nayak Hospital, Gayathri Nagar",
        "source": "OpenGovernmentData"
      },
      "geometry": {
        "type": "Point",
        "coordinates": [
          77.5606403,
          12.9993857
        ]
      },
      "id": "node/2026076836"
    },
    {
      "type": "Feature",
      "properties": {
        "@id": "node/2079415303",
        "amenity": "school",
        "name": "St. Joseph's Indian Composite PU College"
      },
      "geometry": {
        "type": "Point",
        "coordinates": [
          77.5950441,
          12.9689388
        ]
      },
      "id": "node/2079415303"
    },
    {
      "type": "Feature",
      "properties": {
        "@id": "node/2234361363",
        "addr:city": "Bangalore",
        "addr:housename": "Near BDA PArk",
        "addr:housenumber": "56",
        "addr:postcode": "560085",
        "addr:street": "6th Main Road",
        "amenity": "school",
        "cmt": "Genauigkeit: 35.0m",
        "ele": "784.9001029906099",
        "hdop": "8.75",
        "name": "Jnana Deepthi English Primary and High School",
        "sat": "7",
        "time": "2013-02-26T10:03:51Z"
      },
      "geometry": {
        "type": "Point",
        "coordinates": [
          77.542,
          12.9438068
        ]
      },
      "id": "node/2234361363"
    },
    {
      "type": "Feature",
      "properties": {
        "@id": "node/2245734445",
        "amenity": "school",
        "name": "BSVP School"
      },
      "geometry": {
        "type": "Point",
        "coordinates": [
          77.5410962,
          12.9731634
        ]
      },
      "id": "node/2245734445"
    },
    {
      "type": "Feature",
      "properties": {
        "@id": "node/2249055949",
        "amenity": "school",
        "name": "St Ann's School",
        "name:kn": "ಸೆಂಟ್ ಆನ್ಸ್ ಶಾಲೆ",
        "wheelchair": "no"
      },
      "geometry": {
        "type": "Point",
        "coordinates": [
          77.5566101,
          12.9800113
        ]
      },
      "id": "node/2249055949"
    },
    {
      "type": "Feature",
      "properties": {
        "@id": "node/2249058820",
        "amenity": "school",
        "name": "St Mira's School"
      },
      "geometry": {
        "type": "Point",
        "coordinates": [
          77.5553656,
          12.9776695
        ]
      },
      "id": "node/2249058820"
    },
    {
      "type": "Feature",
      "properties": {
        "@id": "node/2249069522",
        "addr:district": "Bengaluru Urban",
        "addr:full": "#6, Thimmaiah Layout, 1st Main 3rd D Cross, 3rd Stage, 2nd Block",
        "addr:postcode": "560079",
        "addr:state": "Karnataka",
        "addr:subdistrict": "Basaveshwaranagar",
        "amenity": "hospital",
        "name": "Shanbhag Hospital",
        "operator:type": "private",
        "source": "OpenGovernmentData",
        "website": "http://snsvo7.seekandsource.com/shanbhag/",
        "wheelchair": "yes"
      },
      "geometry": {
        "type": "Point",
        "coordinates": [
          77.5435424,
          12.9856882
        ]
      },
      "id": "node/2249069522"
    },
    {
      "type": "Feature",
      "properties": {
        "@id": "node/2268407035",
        "addr:district": "Bengaluru Urban",
        "addr:full": "No. 463, 1st Block, 3Road Stage, Dr.Siddaiah Puranika Road, Basaveshwaranagear",
        "addr:postcode": "560079",
        "addr:state": "Karnataka",
        "amenity": "hospital",
        "healthcare": "hospital",
        "name": "Trupti Nursing Home",
        "source": "OpenGovernmentData"
      },
      "geometry": {
        "type": "Point",
        "coordinates": [
          77.5397544,
          12.9946566
        ]
      },
      "id": "node/2268407035"
    },
    {
      "type": "Feature",
      "properties": {
        "@id": "node/2272446785",
        "amenity": "school",
        "name": "New Baldwins School"
      },
      "geometry": {
        "type": "Point",
        "coordinates": [
          77.6575124,
          13.0141643
        ]
      },
      "id": "node/2272446785"
    },
    {
      "type": "Feature",
      "properties": {
        "@id": "node/2272455276",
        "addr:district": "Bengaluru Urban",
        "addr:full": "No. 699, 3Road Main Road,Bhuvanagiri Layout,(O.M.B.R),Doddabanasawadi",
        "addr:postcode": "560043",
        "addr:state": "Karnataka",
        "amenity": "hospital",
        "name": "Srivijaya Speciality Hospital",
        "source": "OpenGovernmentData"
      },
      "geometry": {
        "type": "Point",
        "coordinates": [
          77.6580271,
          13.0124345
        ]
      },
      "id": "node/2272455276"
    },
    {
      "type": "Feature",
      "properties": {
        "@id": "node/2285453337",
        "amenity": "hospital",
        "emergency": "no",
        "healthcare": "hospital",
        "name": "Magnus Diagnostic Lab"
      },
      "geometry": {
        "type": "Point",
        "coordinates": [
          77.6305022,
          12.9349187
        ]
      },
      "id": "node/2285453337"
    },
    {
      "type": "Feature",
      "properties": {
        "@id": "node/2296638505",
        "amenity": "hospital",
        "emergency": "no",
        "healthcare": "hospital",
        "name": "Krupa Medical center"
      },
      "geometry": {
        "type": "Point",
        "coordinates": [
          77.5411664,
          13.000431
        ]
      },
      "id": "node/2296638505"
    },
    {
      "type": "Feature",
      "properties": {
        "@id": "node/2332679567",
        "addr:city": "Bangalore",
        "addr:housename": "Vinayaka Vidya Samsthe",
        "addr:postcode": "560050",
        "addr:street": "1st Main Road, Srinivasa Nagar",
        "amenity": "school",
        "name": "Vinayaka Vidya Samsthe",
        "name:kn": "ವಿನಾಯಕ ವಿದ್ಯಾ ಸಂಸ್ಥೆ"
      },
      "geometry": {
        "type": "Point",
        "coordinates": [
          77.5577545,
          12.9369041
        ]
      },
      "id": "node/2332679567"
    },
    {
      "type": "Feature",
      "properties": {
        "@id": "node/2473242531",
        "amenity": "school",
        "name": "Mother Mary English School"
      },
      "geometry": {
        "type": "Point",
        "coordinates": [
          77.6482717,
          13.0054674
        ]
      },
      "id": "node/2473242531"
    },
    {
      "type": "Feature",
      "properties": {
        "@id": "node/2480870848",
        "addr:city": "Bangalore",
        "addr:postcode": "560040",
        "addr:street": "Vijayanagar Water Tank Road",
        "amenity": "hospital",
        "emergency": "no",
        "name": "Happy Tooth"
      },
      "geometry": {
        "type": "Point",
        "coordinates": [
          77.5336479,
          12.9744193
        ]
      },
      "id": "node/2480870848"
    },
    {
      "type": "Feature",
      "properties": {
        "@id": "node/2480884735",
        "addr:city": "Bangalore",
        "addr:housename": "Next to Shobha Hospital, Vijayanagar",
        "addr:postcode": "560040",
        "addr:street": "Nagarabhavi Road",
        "amenity": "school",
        "name": "Pinewood High School"
      },
      "geometry": {
        "type": "Point",
        "coordinates": [
          77.5311252,
          12.9751013
        ]
      },
      "id": "node/2480884735"
    },
    {
      "type": "Feature",
      "properties": {
        "@id": "node/2480884762",
        "addr:city": "Bangalore",
        "addr:housename": "Vijayanagar",
        "addr:postcode": "560040",
        "addr:street": "11th Cross",
        "amenity": "school",
        "name": "Cordial High School"
      },
      "geometry": {
        "type": "Point",
        "coordinates": [
          77.5324927,
          12.9754931
        ]
      },
      "id": "node/2480884762"
    },
    {
      "type": "Feature",
      "properties": {
        "@id": "node/2480884777",
        "addr:city": "Bangalore",
        "addr:housename": "Vijayanagar",
        "addr:postcode": "560040",
        "addr:street": "Vijayanagar Water Tank Road",
        "amenity": "hospital",
        "name": "Rishi Women and Child Clinic"
      },
      "geometry": {
        "type": "Point",
        "coordinates": [
          77.532699,
          12.9745812
        ]
      },
      "id": "node/2480884777"
    },
    {
      "type": "Feature",
      "properties": {
        "@id": "node/2483779679",
        "addr:city": "Bangalore",
        "addr:housename": "Near Ganapathi Temple",
        "addr:postcode": "560040",
        "addr:street": "Vijayanagar Water Tank Road",
        "amenity": "hospital",
        "name": "Penta Care Ayurvedic Hospital"
      },
      "geometry": {
        "type": "Point",
        "coordinates": [
          77.5369482,
          12.9736894
        ]
      },
      "id": "node/2483779679"
    },
    {
      "type": "Feature",
      "properties": {
        "@id": "node/2484900084",
        "addr:city": "Bangalore",
        "addr:housename": "Near BDA Park",
        "addr:housenumber": "63",
        "addr:postcode": "560085",
        "addr:street": "6th Main Road",
        "amenity": "hospital",
        "name": "Shalini Nursing & MAternity Home"
      },
      "geometry": {
        "type": "Point",
        "coordinates": [
          77.5419997,
          12.9436624
        ]
      },
      "id": "node/2484900084"
    },
    {
      "type": "Feature",
      "properties": {
        "@id": "node/2487658338",
        "addr:city": "Bangalore",
        "addr:housename": "Service Road, Near Park View, Vijayanagar",
        "addr:postcode": "560040",
        "addr:street": "6th Main",
        "amenity": "hospital",
        "name": "Shreya Poly Clinic"
      },
      "geometry": {
        "type": "Point",
        "coordinates": [
          77.5394723,
          12.9729127
        ]
      },
      "id": "node/2487658338"
    },
    {
      "type": "Feature",
      "properties": {
        "@id": "node/2514705828",
        "addr:city": "Bangalore",
        "addr:housename": "Below Food World, Chandra Layout",
        "addr:street": "4th Main Road",
        "amenity": "hospital",
        "emergency": "no",
        "healthcare": "hospital",
        "name": "Anurag Medical Center"
      },
      "geometry": {
        "type": "Point",
        "coordinates": [
          77.5271683,
          12.9612829
        ]
      },
      "id": "node/2514705828"
    },
    {
      "type": "Feature",
      "properties": {
        "@id": "node/2523956870",
        "addr:city": "Bengaluru",
        "addr:postcode": "560041",
        "amenity": "school",
        "name": "New Baldwin School",
        "name:kn": "ನ್ಯೂ ಬಾಲ್ಡ್ ವಿನ್ ಶಾಲೆ"
      },
      "geometry": {
        "type": "Point",
        "coordinates": [
          77.5981308,
          12.9322822
        ]
      },
      "id": "node/2523956870"
    },
    {
      "type": "Feature",
      "properties": {
        "@id": "node/2533566686",
        "amenity": "hospital",
        "name": "United Medical lab",
        "name:kn": "ಯುನೈಟೆಡ್ ಮೆಡಿಕಲ್ ಲ್ಯಾಬ್"
      },
      "geometry": {
        "type": "Point",
        "coordinates": [
          77.6132902,
          13.0007683
        ]
      },
      "id": "node/2533566686"
    },
    {
      "type": "Feature",
      "properties": {
        "@id": "node/2554302512",
        "amenity": "hospital",
        "name": "Pragathi Ayurvedic Center",
        "wheelchair": "no"
      },
      "geometry": {
        "type": "Point",
        "coordinates": [
          77.555666,
          12.9843701
        ]
      },
      "id": "node/2554302512"
    },
    {
      "type": "Feature",
      "properties": {
        "@id": "node/2577218151",
        "amenity": "school",
        "name": "Government School",
        "name:kn": "ಸರ್ಕಾರಿ ಶಾಲೆ"
      },
      "geometry": {
        "type": "Point",
        "coordinates": [
          77.591066,
          12.9669946
        ]
      },
      "id": "node/2577218151"
    },
    {
      "type": "Feature",
      "properties": {
        "@id": "node/2665993754",
        "amenity": "school",
        "name": "UAS School"
      },
      "geometry": {
        "type": "Point",
        "coordinates": [
          77.5829489,
          13.0292523
        ]
      },
      "id": "node/2665993754"
    },
    {
      "type": "Feature",
      "properties": {
        "@id": "node/2914260121",
        "addr:district": "Bengaluru Urban",
        "addr:full": "No.1133/F,30 Ft.Service Road, R.P.C. Layout,Vijaynagar",
        "addr:postcode": "560040",
        "addr:state": "Karnataka",
        "amenity": "hospital",
        "healthcare": "hospital",
        "name": "Sharavathi Hospitals (P) Ltd.",
        "source": "OpenGovernmentData"
      },
      "geometry": {
        "type": "Point",
        "coordinates": [
          77.5342853,
          12.9623406
        ]
      },
      "id": "node/2914260121"
    },
    {
      "type": "Feature",
      "properties": {
        "@id": "node/2975331590",
        "amenity": "school",
        "name": "Udaya School",
        "name:kn": "ಉದಯ ಶಾಲೆ"
      },
      "geometry": {
        "type": "Point",
        "coordinates": [
          77.5361839,
          12.9700741
        ]
      },
      "id": "node/2975331590"
    },
    {
      "type": "Feature",
      "properties": {
        "@id": "node/3057166709",
        "amenity": "school",
        "level": "2",
        "name": "KKN coaching classes"
      },
      "geometry": {
        "type": "Point",
        "coordinates": [
          77.5511668,
          12.9387638
        ]
      },
      "id": "node/3057166709"
    },
    {
      "type": "Feature",
      "properties": {
        "@id": "node/3370028968",
        "addr:district": "Bengaluru Urban",
        "addr:full": "No. 324, Cmh Road Indiranagar 1st Stage Next To Vijaya Bank Building",
        "addr:postcode": "560038",
        "addr:state": "Karnataka",
        "amenity": "hospital",
        "healthcare": "hospital",
        "name": "Motherhood Hospital(Unit Of Rhea Healthcare Pvt Ltd)",
        "name:kn": "ಮದರ್‌ಹುಡ್",
        "source": "OpenGovernmentData"
      },
      "geometry": {
        "type": "Point",
        "coordinates": [
          77.6375845,
          12.9784409
        ]
      },
      "id": "node/3370028968"
    },
    {
      "type": "Feature",
      "properties": {
        "@id": "node/3370094147",
        "amenity": "school",
        "name": "Casa de Bambeino Montessori"
      },
      "geometry": {
        "type": "Point",
        "coordinates": [
          77.6431739,
          12.9780057
        ]
      },
      "id": "node/3370094147"
    },
    {
      "type": "Feature",
      "properties": {
        "@id": "node/3370167135",
        "amenity": "school",
        "name": "DQ Labs"
      },
      "geometry": {
        "type": "Point",
        "coordinates": [
          77.6415863,
          12.9737451
        ]
      },
      "id": "node/3370167135"
    },
    {
      "type": "Feature",
      "properties": {
        "@id": "node/3370244392",
        "amenity": "hospital",
        "healthcare": "hospital",
        "name": "Respiratory and womens health clinic."
      },
      "geometry": {
        "type": "Point",
        "coordinates": [
          77.6376528,
          12.9762645
        ]
      },
      "id": "node/3370244392"
    },
    {
      "type": "Feature",
      "properties": {
        "@id": "node/3370279041",
        "addr:street": "Indiranagar Double Road (Paramahansa Yogananda road)",
        "amenity": "school",
        "name": "CNK Reddy College of Business Management."
      },
      "geometry": {
        "type": "Point",
        "coordinates": [
          77.6362533,
          12.9770253
        ]
      },
      "id": "node/3370279041"
    },
    {
      "type": "Feature",
      "properties": {
        "@id": "node/3370279044",
        "addr:street": "Indiranagar Double Road (Paramahansa Yogananda road)",
        "amenity": "hospital",
        "healthcare": "hospital",
        "name": "Rashmi Hospital",
        "name:kn": "ರಶ್ಮಿ ಆಸ್ಪತ್ರೆ"
      },
      "geometry": {
        "type": "Point",
        "coordinates": [
          77.6362278,
          12.9766951
        ]
      },
      "id": "node/3370279044"
    },
    {
      "type": "Feature",
      "properties": {
        "@id": "node/3370453173",
        "amenity": "hospital",
        "healthcare": "hospital",
        "name": "Netradama Eye Hospital",
        "name:kn": "ನೇತ್ರಧಾಮ ಕಣ್ಣಿನ ಆಸ್ಪತ್ರೆ"
      },
      "geometry": {
        "type": "Point",
        "coordinates": [
          77.6357281,
          12.9734836
        ]
      },
      "id": "node/3370453173"
    },
    {
      "type": "Feature",
      "properties": {
        "@id": "node/3394753831",
        "addr:district": "Bengaluru Urban",
        "addr:full": "1, 1st Cross, Gupta Layout,Lakksandra, Near Dairy Circle",
        "addr:housenumber": "#1",
        "addr:postcode": "560030",
        "addr:state": "Karnataka",
        "addr:street": "Bannerghatta Road",
        "amenity": "hospital",
        "name": "Sree Venkateshwara Speciality Hospital",
        "name:kn": "ಶ್ರೀ ವೆಂಕಟೆಶ್ವರ ಆಸ್ಪತ್ರೆ"
      },
      "geometry": {
        "type": "Point",
        "coordinates": [
          77.6025303,
          12.9425246
        ]
      },
      "id": "node/3394753831"
    },
    {
      "type": "Feature",
      "properties": {
        "@id": "node/3400223539",
        "addr:district": "Bengaluru Urban",
        "addr:full": "# 133, Margosa Road,10Th Cross, Malleshwaram",
        "addr:postcode": "560003",
        "addr:state": "Karnataka",
        "amenity": "hospital",
        "healthcare": "hospital",
        "name": "Leela Hospital and Diagnostic Center",
        "source": "OpenGovernmentData"
      },
      "geometry": {
        "type": "Point",
        "coordinates": [
          77.5694894,
          13.0002667
        ]
      },
      "id": "node/3400223539"
    },
    {
      "type": "Feature",
      "properties": {
        "@id": "node/3400223541",
        "amenity": "hospital",
        "name": "Dr. Rajkumar Blood Bank"
      },
      "geometry": {
        "type": "Point",
        "coordinates": [
          77.5878222,
          12.968031
        ]
      },
      "id": "node/3400223541"
    },
    {
      "type": "Feature",
      "properties": {
        "@id": "node/3451676381",
        "amenity": "school",
        "name": "Kannada Government School",
        "name:kn": "ಕನ್ನಡ ಪ್ರಾಥಮಿಕ ಶಾಲೆ"
      },
      "geometry": {
        "type": "Point",
        "coordinates": [
          77.6635028,
          12.9949932
        ]
      },
      "id": "node/3451676381"
    },
    {
      "type": "Feature",
      "properties": {
        "@id": "node/3453556782",
        "amenity": "school",
        "name": "Bangalore Montessori High School"
      },
      "geometry": {
        "type": "Point",
        "coordinates": [
          77.6376138,
          12.9561948
        ]
      },
      "id": "node/3453556782"
    },
    {
      "type": "Feature",
      "properties": {
        "@id": "node/3453556790",
        "amenity": "school",
        "name": "K.R.L.S. Patel Rama Reddy English High School"
      },
      "geometry": {
        "type": "Point",
        "coordinates": [
          77.6374003,
          12.9552332
        ]
      },
      "id": "node/3453556790"
    },
    {
      "type": "Feature",
      "properties": {
        "@id": "node/3463769188",
        "amenity": "school",
        "name": "Eye Level Learning Center"
      },
      "geometry": {
        "type": "Point",
        "coordinates": [
          77.6227858,
          12.9419581
        ]
      },
      "id": "node/3463769188"
    },
    {
      "type": "Feature",
      "properties": {
        "@id": "node/3541202424",
        "amenity": "school",
        "name": "Nammura Government Model Primary School"
      },
      "geometry": {
        "type": "Point",
        "coordinates": [
          77.5263173,
          13.0353468
        ]
      },
      "id": "node/3541202424"
    },
    {
      "type": "Feature",
      "properties": {
        "@id": "node/3555393844",
        "addr:district": "Bengaluru Urban",
        "addr:full": "No. 19/A, Opposite Lic , Mathikere Main Road",
        "addr:postcode": "560021",
        "addr:state": "Karnataka",
        "amenity": "hospital",
        "healthcare": "hospital",
        "healthcare:speciality": "general",
        "name": "Sri Sai Krupa Hospital, Bengaluru Urban",
        "name:kn": "ಸಾಯಿ ಕೃಪ ಆಸ್ಪತ್ರೆ",
        "source": "OpenGovernmentData"
      },
      "geometry": {
        "type": "Point",
        "coordinates": [
          77.5593857,
          13.0294181
        ]
      },
      "id": "node/3555393844"
    },
    {
      "type": "Feature",
      "properties": {
        "@id": "node/3556103531",
        "amenity": "hospital",
        "name": "ALDOS Medical Service Pvt LTD"
      },
      "geometry": {
        "type": "Point",
        "coordinates": [
          77.6381036,
          12.9826672
        ]
      },
      "id": "node/3556103531"
    },
    {
      "type": "Feature",
      "properties": {
        "@id": "node/3556214255",
        "amenity": "school",
        "name": "Info Era - Software training institute",
        "name:kn": "ಇನ್ಫೊ ಎರಾ - ತಂತ್ರಾಂಶ ತರಬೇತಿ ಸಂಸ್ಥೆ"
      },
      "geometry": {
        "type": "Point",
        "coordinates": [
          77.6372856,
          12.9801741
        ]
      },
      "id": "node/3556214255"
    },
    {
      "type": "Feature",
      "properties": {
        "@id": "node/3710210170",
        "amenity": "hospital",
        "healthcare": "hospital",
        "name": "Krishna Nursing Home"
      },
      "geometry": {
        "type": "Point",
        "coordinates": [
          77.5986921,
          12.9474222
        ]
      },
      "id": "node/3710210170"
    },
    {
      "type": "Feature",
      "properties": {
        "@id": "node/3714125744",
        "addr:district": "Bengaluru Urban",
        "addr:full": "Queens Road",
        "addr:state": "Karnataka",
        "addr:street": "Queen's Road",
        "amenity": "hospital",
        "name": "Shifa Hospital, Bengaluru Urban",
        "name:kn": "ಶಿಫಾ ಆಸ್ಪತ್ರೆ",
        "operator:type": "private",
        "source": "OpenGovernmentData",
        "website": "http://dpal.kar.nic.in/Kanunu%20padakosha%20PDF%20Files/Recognised%20Hospitals.pdf"
      },
      "geometry": {
        "type": "Point",
        "coordinates": [
          77.5988107,
          12.9900105
        ]
      },
      "id": "node/3714125744"
    },
    {
      "type": "Feature",
      "properties": {
        "@id": "node/3725710400",
        "amenity": "hospital",
        "name": "Gift IVF center"
      },
      "geometry": {
        "type": "Point",
        "coordinates": [
          77.6418711,
          12.962951
        ]
      },
      "id": "node/3725710400"
    },
    {
      "type": "Feature",
      "properties": {
        "@id": "node/3773028057",
        "addr:city": "Bengaluru",
        "addr:district": "Bengaluru Urban",
        "addr:full": "44-45/2, 2nd Cross Raja Rammohan Roy Extn Off Lalbagh Double Road",
        "addr:postcode": "560027",
        "addr:state": "Karnataka",
        "amenity": "hospital",
        "building": "hospital",
        "name": "HCG Cancer Hospital",
        "source": "OpenGovernmentData",
        "website": "https://www.hcgoncology.com/"
      },
      "geometry": {
        "type": "Point",
        "coordinates": [
          77.5930493,
          12.9603157
        ]
      },
      "id": "node/3773028057"
    },
    {
      "type": "Feature",
      "properties": {
        "@id": "node/3922280181",
        "amenity": "hospital",
        "name": "Health Care Global"
      },
      "geometry": {
        "type": "Point",
        "coordinates": [
          77.5919279,
          12.9584755
        ]
      },
      "id": "node/3922280181"
    },
    {
      "type": "Feature",
      "properties": {
        "@id": "node/4062014291",
        "amenity": "school",
        "name": "Srs English Nursery School"
      },
      "geometry": {
        "type": "Point",
        "coordinates": [
          77.5990903,
          12.9482223
        ]
      },
      "id": "node/4062014291"
    },
    {
      "type": "Feature",
      "properties": {
        "@id": "node/4101616565",
        "amenity": "school",
        "name": "Rose of Sharon Nursery School"
      },
      "geometry": {
        "type": "Point",
        "coordinates": [
          77.6439187,
          12.9790633
        ]
      },
      "id": "node/4101616565"
    },
    {
      "type": "Feature",
      "properties": {
        "@id": "node/4101957726",
        "amenity": "school",
        "name": "Rakum school for blind"
      },
      "geometry": {
        "type": "Point",
        "coordinates": [
          77.6433912,
          12.9792948
        ]
      },
      "id": "node/4101957726"
    },
    {
      "type": "Feature",
      "properties": {
        "@id": "node/4130960995",
        "amenity": "school",
        "name": "Government School",
        "name:kn": "ಸರ್ಕಾರಿ ಶಾಲೆ"
      },
      "geometry": {
        "type": "Point",
        "coordinates": [
          77.5804526,
          12.9615699
        ]
      },
      "id": "node/4130960995"
    },
    {
      "type": "Feature",
      "properties": {
        "@id": "node/4171032289",
        "addr:street": "8th cross",
        "amenity": "hospital"
      },
      "geometry": {
        "type": "Point",
        "coordinates": [
          77.5424167,
          12.9767055
        ]
      },
      "id": "node/4171032289"
    },
    {
      "type": "Feature",
      "properties": {
        "@id": "node/4171468392",
        "amenity": "school",
        "name": "Government Primary School",
        "name:kn": "ಸರ್ಕಾರಿ ಪ್ರಾಥಮಿಕ ಶಾಲೆ"
      },
      "geometry": {
        "type": "Point",
        "coordinates": [
          77.6659562,
          12.9814182
        ]
      },
      "id": "node/4171468392"
    },
    {
      "type": "Feature",
      "properties": {
        "@id": "node/4189843307",
        "addr:city": "Bangalore",
        "addr:postcode": "560043",
        "addr:street": "4th B cross, 7th C Main",
        "amenity": "hospital",
        "emergency": "no",
        "name": "Rajbal Skin Clinic",
        "operator": "Skin Specialist"
      },
      "geometry": {
        "type": "Point",
        "coordinates": [
          77.6445361,
          13.0206063
        ]
      },
      "id": "node/4189843307"
    },
    {
      "type": "Feature",
      "properties": {
        "@id": "node/4194065600",
        "amenity": "school",
        "name": "Godwin English School",
        "opening_hours": "Mo-Sa 08:00-16:00"
      },
      "geometry": {
        "type": "Point",
        "coordinates": [
          77.5670902,
          12.9665259
        ]
      },
      "id": "node/4194065600"
    },
    {
      "type": "Feature",
      "properties": {
        "@id": "node/4263313808",
        "amenity": "hospital",
        "name": "Dianova Diabetes Center and Hospital"
      },
      "geometry": {
        "type": "Point",
        "coordinates": [
          77.6335463,
          13.0147612
        ]
      },
      "id": "node/4263313808"
    },
    {
      "type": "Feature",
      "properties": {
        "@id": "node/4286285517",
        "addr:housenumber": "111(3/1)",
        "addr:street": "18th Cross Road",
        "amenity": "hospital",
        "description": "hospital",
        "healthcare": "hospital",
        "name": "Ameena Medical centre"
      },
      "geometry": {
        "type": "Point",
        "coordinates": [
          77.6323407,
          12.9777082
        ]
      },
      "id": "node/4286285517"
    },
    {
      "type": "Feature",
      "properties": {
        "@id": "node/4292885994",
        "amenity": "school",
        "name": "Reliance",
        "name:kn": "ರಿಲಾಯನ್ಸ್"
      },
      "geometry": {
        "type": "Point",
        "coordinates": [
          77.6169398,
          12.9581905
        ]
      },
      "id": "node/4292885994"
    },
    {
      "type": "Feature",
      "properties": {
        "@id": "node/4322812542",
        "amenity": "hospital",
        "healthcare": "hospital",
        "name": "Dr.Agarwal Eye & Dental Hospital"
      },
      "geometry": {
        "type": "Point",
        "coordinates": [
          77.6362439,
          12.9700356
        ]
      },
      "id": "node/4322812542"
    },
    {
      "type": "Feature",
      "properties": {
        "@id": "node/4343881190",
        "addr:district": "Bengaluru Urban",
        "addr:full": "No 370.371,I Stage West Of Cord Road",
        "addr:postcode": "560079",
        "addr:state": "Karnataka",
        "amenity": "hospital",
        "name": "Dr Raos Maternity Hospital",
        "source": "OpenGovernmentData"
      },
      "geometry": {
        "type": "Point",
        "coordinates": [
          77.5460481,
          12.9850421
        ]
      },
      "id": "node/4343881190"
    },
    {
      "type": "Feature",
      "properties": {
        "@id": "node/4349307192",
        "amenity": "hospital",
        "check_date": "2024-03-09",
        "healthcare:speciality": "gynaecology",
        "name": "Sagar Chandramma Hospitals",
        "name:en": "Sagar Chandramma Hospitals"
      },
      "geometry": {
        "type": "Point",
        "coordinates": [
          77.5748248,
          12.9485535
        ]
      },
      "id": "node/4349307192"
    },
    {
      "type": "Feature",
      "properties": {
        "@id": "node/4349443891",
        "addr:district": "Bengaluru Urban",
        "addr:full": "Kalyan Nagar, Bengaluru",
        "addr:postcode": "560043",
        "addr:state": "Karnataka",
        "amenity": "hospital",
        "name": "Trilife Hospital",
        "source": "Local Knowledge"
      },
      "geometry": {
        "type": "Point",
        "coordinates": [
          77.6432959,
          13.0169826
        ]
      },
      "id": "node/4349443891"
    },
    {
      "type": "Feature",
      "properties": {
        "@id": "node/4386500114",
        "amenity": "school",
        "name": "Marian Kids"
      },
      "geometry": {
        "type": "Point",
        "coordinates": [
          77.6041637,
          13.026938
        ]
      },
      "id": "node/4386500114"
    },
    {
      "type": "Feature",
      "properties": {
        "@id": "node/4386500119",
        "amenity": "school",
        "name": "Mona Nursery, Primary and High School"
      },
      "geometry": {
        "type": "Point",
        "coordinates": [
          77.6043712,
          13.0276254
        ]
      },
      "id": "node/4386500119"
    },
    {
      "type": "Feature",
      "properties": {
        "@id": "node/4386507095",
        "amenity": "hospital",
        "name": "Vignesh Lab and Diagnostics"
      },
      "geometry": {
        "type": "Point",
        "coordinates": [
          77.6041132,
          13.0267226
        ]
      },
      "id": "node/4386507095"
    },
    {
      "type": "Feature",
      "properties": {
        "@id": "node/4392383890",
        "addr:district": "Bengaluru Urban",
        "addr:full": "No.58, 5th Cross, 18th Main Dhanlakshmi Bank Building",
        "addr:postcode": "560095",
        "addr:state": "Karnataka",
        "addr:subdistrict": "Koramangala",
        "amenity": "hospital",
        "email": "contactus@apollocradle.com",
        "healthcare:speciality": "Maternity Services; Birthing Fertility and IVF; Woman's Health; Women Health Checks; Procedures; Cancer Evaluation; Children's Health; New Born Screening; Vaccination",
        "name": "Apollo Cradle",
        "name:en": "Apollo Cradle",
        "operator:type": "private",
        "source": "OpenGovernmentData",
        "website": "https://www.apollocradle.com/"
      },
      "geometry": {
        "type": "Point",
        "coordinates": [
          77.6206345,
          12.9368104
        ]
      },
      "id": "node/4392383890"
    },
    {
      "type": "Feature",
      "properties": {
        "@id": "node/4406333893",
        "amenity": "hospital",
        "name": "Shiva Kumaraswamy Building",
        "name:en": "shiva kumaraswamy building"
      },
      "geometry": {
        "type": "Point",
        "coordinates": [
          77.5493718,
          12.9717049
        ]
      },
      "id": "node/4406333893"
    },
    {
      "type": "Feature",
      "properties": {
        "@id": "node/4444989840",
        "addr:city": "bangalore",
        "addr:housenumber": "11/2",
        "addr:postcode": "560079",
        "addr:street": "Magadi Main Road",
        "amenity": "hospital",
        "name": "Sarvodaya Hospital",
        "name:kn": "ಸರ್ವೋದಯ ಆಸ್ಪತ್ರೆ",
        "phone": "098440 74946"
      },
      "geometry": {
        "type": "Point",
        "coordinates": [
          77.5619057,
          12.9390944
        ]
      },
      "id": "node/4444989840"
    },
    {
      "type": "Feature",
      "properties": {
        "@id": "node/4445139977",
        "addr:city": "Bangalore",
        "addr:housenumber": "58/1",
        "addr:postcode": "560008",
        "addr:street": "3rd main shridi sai baba mandir road, Cambridge layout halasuru",
        "amenity": "hospital",
        "name": "Indianova Healthcare Pvt Ltd",
        "phone": "+9197390 07505",
        "website": "https://indianovahealthcare.com/"
      },
      "geometry": {
        "type": "Point",
        "coordinates": [
          77.63022,
          12.9703581
        ]
      },
      "id": "node/4445139977"
    },
    {
      "type": "Feature",
      "properties": {
        "@id": "node/4445356902",
        "addr:city": "Bangalore",
        "addr:postcode": "560040",
        "addr:street": "17th Cross Rd, Service Road, Opp. Maruthi Mandir, TTMC Bus Stop, Govindaraja Nagar Ward, PF Layout, Vijayanagar",
        "amenity": "hospital",
        "healthcare": "hospital",
        "name": "Employees State Insurance Dispensary",
        "operator": "Employees' State Insurance",
        "operator:short": "ESI",
        "operator:type": "private",
        "operator:wikidata": "Q3595726",
        "phone": "080 2845 2785",
        "website": "globalhospitalsindia.com"
      },
      "geometry": {
        "type": "Point",
        "coordinates": [
          77.5349228,
          12.966771
        ]
      },
      "id": "node/4445356902"
    },
    {
      "type": "Feature",
      "properties": {
        "@id": "node/4445397516",
        "addr:city": "Bangalore",
        "addr:district": "Bengaluru Urban",
        "addr:full": "No: 2, Sirur Park Road (Behind Natraja Theatre) Seshadripuram",
        "addr:housenumber": "191/1",
        "addr:postcode": "560020",
        "addr:state": "Karnataka",
        "addr:street": ", 2nd cross, Link Road, Malleswaram",
        "amenity": "hospital",
        "name": "Dr Solankis Eye Hospital",
        "phone": "080 2356 2211",
        "source": "OpenGovernmentData"
      },
      "geometry": {
        "type": "Point",
        "coordinates": [
          77.5738144,
          12.9951627
        ]
      },
      "id": "node/4445397516"
    },
    {
      "type": "Feature",
      "properties": {
        "@id": "node/4445430292",
        "addr:city": "bangalore",
        "addr:housenumber": "316",
        "addr:postcode": "560003",
        "addr:street": "3rd Flr, Srikrupa, Nxt To Adiga Hotel, 15th Crs, Sampige Mn Rd, Malleswaram",
        "amenity": "hospital",
        "healthcare": "hospital",
        "name": "Sri Sanjeevini Cold Laser Therapy",
        "phone": "080663 79862"
      },
      "geometry": {
        "type": "Point",
        "coordinates": [
          77.5713352,
          13.0053923
        ]
      },
      "id": "node/4445430292"
    },
    {
      "type": "Feature",
      "properties": {
        "@id": "node/4445578787",
        "addr:city": "bangalore",
        "addr:postcode": "560075",
        "addr:street": "Indiranagar 80ft Road, New Thippasandra, Hal 3rd Stage, Via Indira Nagar 80ft Road",
        "amenity": "hospital",
        "healthcare": "hospital",
        "name": "Dr. Bhargavi Reddy Women & Children Hospital",
        "phone": "080 2525 6666",
        "website": "https://drbhargavireddyhospital.com"
      },
      "geometry": {
        "type": "Point",
        "coordinates": [
          77.6470594,
          12.975403
        ]
      },
      "id": "node/4445578787"
    },
    {
      "type": "Feature",
      "properties": {
        "@id": "node/4445586944",
        "addr:city": "BENGALURU",
        "addr:housenumber": "321",
        "addr:postcode": "560038",
        "addr:street": "6th Main Road, HAL 2nd Stage, Indira Nagar",
        "amenity": "hospital",
        "healthcare": "hospital",
        "name": "Axon Speciality Hospital",
        "phone": "080 4334 6333"
      },
      "geometry": {
        "type": "Point",
        "coordinates": [
          77.6460904,
          12.973892
        ]
      },
      "id": "node/4445586944"
    },
    {
      "type": "Feature",
      "properties": {
        "@id": "node/4445860418",
        "addr:city": "Bangalore",
        "addr:housenumber": "3",
        "addr:postcode": "560010",
        "addr:street": "Near Bhashyam Circle Beauty Spot Park, 63rd & 64th Cross, 5th Block, Rajajinagar",
        "amenity": "school",
        "name": "East West Academy",
        "phone": "+91080 2315 7577",
        "website": "eastwestacademy.in"
      },
      "geometry": {
        "type": "Point",
        "coordinates": [
          77.5515572,
          12.9834865
        ]
      },
      "id": "node/4445860418"
    },
    {
      "type": "Feature",
      "properties": {
        "@id": "node/4445886952",
        "addr:city": "Bangalore",
        "addr:postcode": "560032",
        "addr:street": "Sultanpalya Main Road, Near-Bus Stand, R T Nagar",
        "amenity": "hospital",
        "name": "Sanjeevini Children & Women Clinic",
        "phone": "080 2292 4422"
      },
      "geometry": {
        "type": "Point",
        "coordinates": [
          77.6023154,
          13.0316481
        ]
      },
      "id": "node/4445886952"
    },
    {
      "type": "Feature",
      "properties": {
        "@id": "node/4445955282",
        "addr:city": "BANGALORE",
        "addr:housenumber": "914, 5th A Cross Road",
        "addr:postcode": "560043",
        "addr:street": "Outer Ring Road",
        "amenity": "hospital",
        "emergency": "yes",
        "name": "Procare Hospital",
        "phone": "080 4162 0620",
        "website": "080 4162 0620"
      },
      "geometry": {
        "type": "Point",
        "coordinates": [
          77.6512682,
          13.0203944
        ]
      },
      "id": "node/4445955282"
    },
    {
      "type": "Feature",
      "properties": {
        "@id": "node/4446268170",
        "addr:city": "Bangalore",
        "addr:housenumber": "2989/1A",
        "addr:postcode": "560038",
        "addr:street": "12th Main, HAL II Stage, Indiranagar",
        "amenity": "hospital",
        "healthcare": "hospital",
        "phone": "080 4530 0300",
        "website": "https://www.nightingales.in/"
      },
      "geometry": {
        "type": "Point",
        "coordinates": [
          77.6468603,
          12.9702741
        ]
      },
      "id": "node/4446268170"
    },
    {
      "type": "Feature",
      "properties": {
        "@id": "node/4446285519",
        "addr:city": "bangalore",
        "addr:district": "Bengaluru Urban",
        "addr:full": "17-1, Sepings Road Cross,Arunachala Mudaliar Road, Shivajinagar,Cole's Park- Taj Hotel",
        "addr:postcode": "560001",
        "addr:state": "Karnataka",
        "addr:street": "AM Road, Bharati Nagar, Shivaji Nagar",
        "amenity": "hospital",
        "name": "Medic Star Hospital",
        "phone": "080 2554 1337",
        "source": "OpenGovernmentData"
      },
      "geometry": {
        "type": "Point",
        "coordinates": [
          77.6093097,
          12.9876871
        ]
      },
      "id": "node/4446285519"
    },
    {
      "type": "Feature",
      "properties": {
        "@id": "node/4446289881",
        "addr:city": "bangalore",
        "addr:postcode": "560051",
        "addr:street": "Tasker Town, Near-KSPCB Limited, Shivaji Nagar, Sulthangunta, Shivaji Nagar",
        "amenity": "hospital",
        "name": "Hsis Gosha Hospital",
        "phone": "\"080 2286 6529"
      },
      "geometry": {
        "type": "Point",
        "coordinates": [
          77.6058578,
          12.9856985
        ]
      },
      "id": "node/4446289881"
    },
    {
      "type": "Feature",
      "properties": {
        "@id": "node/4446300155",
        "addr:city": "bangalore",
        "addr:district": "Bengaluru Urban",
        "addr:full": "No. 6 / 1, Promenade Road, Behind Coles Park, Near Goodwill School",
        "addr:housenumber": "6/1",
        "addr:postcode": "560005",
        "addr:state": "Karnataka",
        "addr:street": "Promenade Road, Near Coles Park, Frazer Town",
        "amenity": "hospital",
        "check_date": "2024-12-29",
        "name": "Santosh Hospital",
        "name:kn": "ಸಂತೋಷ ಆಸ್ಪತ್ರೆ",
        "phone": "080 2536 7706",
        "source": "OpenGovernmentData",
        "website": "https://santoshhealthcare.com/"
      },
      "geometry": {
        "type": "Point",
        "coordinates": [
          77.6082575,
          12.9959413
        ]
      },
      "id": "node/4446300155"
    },
    {
      "type": "Feature",
      "properties": {
        "@id": "node/4446312027",
        "addr:city": "bangalore",
        "addr:postcode": "560001",
        "addr:street": "St Johns Church Rd, Bharati Nagar, Shivaji Nagar",
        "amenity": "hospital",
        "name": "Hospital",
        "phone": "+9193411 44150",
        "website": "https://www.mirlayeyecare.com/"
      },
      "geometry": {
        "type": "Point",
        "coordinates": [
          77.6117329,
          12.9914123
        ]
      },
      "id": "node/4446312027"
    },
    {
      "type": "Feature",
      "properties": {
        "@id": "node/4446329807",
        "addr:city": "Bengaluru",
        "addr:district": "Bengaluru Urban",
        "addr:full": "230, Amarjyothi Layout, Off.Intermediate Ring Road, Domlur Extension",
        "addr:housenumber": "230",
        "addr:postcode": "560071",
        "addr:state": "Karnataka",
        "addr:street": "Amarjyothi Layout, Off Intermediate Ring Road, Near Dell India/Millennium Motors, Domlur Extension, Amarjyoti Layout, Domlur, Karnataka",
        "amenity": "hospital",
        "email": "info@ayurvaid.com",
        "name": "Ayurvaid Hospital",
        "operator:type": "private",
        "phone": "080 4092 5555",
        "source": "OpenGovernmentData",
        "website": "https://ayurvaid.com/"
      },
      "geometry": {
        "type": "Point",
        "coordinates": [
          77.6428508,
          12.9552696
        ]
      },
      "id": "node/4446329807"
    },
    {
      "type": "Feature",
      "properties": {
        "@id": "node/4446341278",
        "addr:city": "bangalore",
        "addr:postcode": "560051",
        "addr:street": "Sultan Gunta,, Cock Burn Rd, Sulthangunta, Shivaji Nagar",
        "amenity": "hospital",
        "name": "H B S Hospital",
        "phone": "080 2554 1321"
      },
      "geometry": {
        "type": "Point",
        "coordinates": [
          77.6037864,
          12.9891941
        ]
      },
      "id": "node/4446341278"
    },
    {
      "type": "Feature",
      "properties": {
        "@id": "node/4446346449",
        "addr:city": "Bangalore",
        "addr:housenumber": "5",
        "addr:postcode": "560001",
        "addr:street": "Nrupathunga Rd, RBI Colony, Sampangi Rama Nagar",
        "amenity": "hospital",
        "name": "St. Martha's Heart Centre",
        "phone": "+9195380 43453",
        "website": "locations.narayanahealth.org"
      },
      "geometry": {
        "type": "Point",
        "coordinates": [
          77.5834769,
          12.9705436
        ]
      },
      "id": "node/4446346449"
    },
    {
      "type": "Feature",
      "properties": {
        "@id": "node/4446502570",
        "addr:city": "bangalore",
        "addr:district": "Bengaluru Urban",
        "addr:postcode": "560054",
        "addr:state": "Karnataka",
        "addr:street": "#426/12, 2 Cross,Mathikere Layout,Behind Canara Bank",
        "amenity": "hospital",
        "name": "Sumathi Nursing and Maternity Home",
        "phone": "+9180 2337 2762"
      },
      "geometry": {
        "type": "Point",
        "coordinates": [
          77.5582602,
          13.0325717
        ]
      },
      "id": "node/4446502570"
    },
    {
      "type": "Feature",
      "properties": {
        "@id": "node/4446518811",
        "addr:city": "Bangalore",
        "addr:housenumber": "6/6",
        "addr:postcode": "560001",
        "addr:street": "Kumarakrupa Road, High Grounds, Madhava Nagar, Gandhi Nagar",
        "amenity": "hospital",
        "name": "Desai Nursing Home",
        "phone": "+9180 2226 0307"
      },
      "geometry": {
        "type": "Point",
        "coordinates": [
          77.5793154,
          12.9863736
        ]
      },
      "id": "node/4446518811"
    },
    {
      "type": "Feature",
      "properties": {
        "@id": "node/4446664412",
        "addr:city": "bangalore",
        "addr:housenumber": "111",
        "addr:postcode": "560010",
        "addr:street": "West of Chord Road,, Opp Rajajinagar 1st Block Junction",
        "amenity": "hospital",
        "name": "Fortis Hospital",
        "name:kn": "ಫೋರ್ಟಿಸ್ ಆಸ್ಪತ್ರೆ",
        "phone": "080-2300-4444",
        "website": "fortisbangalore.com"
      },
      "geometry": {
        "type": "Point",
        "coordinates": [
          77.5548179,
          12.9881648
        ]
      },
      "id": "node/4446664412"
    },
    {
      "type": "Feature",
      "properties": {
        "@id": "node/4446849884",
        "addr:city": "Bengaluru",
        "addr:housenumber": "101",
        "addr:postcode": "560034",
        "addr:street": "KAY ARR CORNER STONE 2nd Floor 80 Feet Road 4th Block, Koramangala,Karnataka",
        "amenity": "hospital",
        "healthcare": "hospital",
        "name": "Fj Merrit Hydrotherapy And Wellness",
        "phone": "080 4095 1282"
      },
      "geometry": {
        "type": "Point",
        "coordinates": [
          77.6299785,
          12.9344224
        ]
      },
      "id": "node/4446849884"
    },
    {
      "type": "Feature",
      "properties": {
        "@id": "node/4446857201",
        "addr:city": "Bengaluru",
        "addr:housenumber": "3718",
        "addr:postcode": "560008",
        "addr:street": "10th Cross Rd, Doopanahalli, Indiranagar, Karnataka",
        "amenity": "hospital",
        "name": "Ayur jagruti",
        "phone": "+9196633 81398",
        "website": "facebook.com"
      },
      "geometry": {
        "type": "Point",
        "coordinates": [
          77.6378289,
          12.9667253
        ]
      },
      "id": "node/4446857201"
    },
    {
      "type": "Feature",
      "properties": {
        "@id": "node/4446876066",
        "addr:city": "Bangalore",
        "addr:housenumber": "714",
        "addr:postcode": "560043",
        "addr:street": "4th B Cross, 7th A Main, 1st Block, HRBR Layout, Kalyan Nagar",
        "amenity": "hospital",
        "name": "Herbocare Hospital Pvt",
        "phone": "+9174064 30003",
        "website": "herbocare.info"
      },
      "geometry": {
        "type": "Point",
        "coordinates": [
          77.6440607,
          13.0204424
        ]
      },
      "id": "node/4446876066"
    },
    {
      "type": "Feature",
      "properties": {
        "@id": "node/4446881168",
        "addr:city": "Bangalore",
        "addr:housenumber": "5",
        "addr:postcode": "560050",
        "addr:street": "80 Feet Road, 1st Stage, Srinivasa Nagar, Banashankari",
        "amenity": "hospital",
        "name": "\" NRS Medical & Dental Specialists Centre\"",
        "phone": "080-26696054"
      },
      "geometry": {
        "type": "Point",
        "coordinates": [
          77.5573329,
          12.9378359
        ]
      },
      "id": "node/4446881168"
    },
    {
      "type": "Feature",
      "properties": {
        "@id": "node/4446891375",
        "addr:city": "bangalore",
        "addr:district": "Bengaluru Urban",
        "addr:housenumber": "60",
        "addr:postcode": "560050",
        "addr:state": "Karnataka",
        "addr:street": "2nd Main, Bsk 1st Stage, 80 Feet Road, Srinivasa Nagar,Sree Manjunatha Temple Street",
        "amenity": "hospital",
        "name": "Chiranjeevi Hospital & Maternity Home",
        "phone": "080 2691 7676",
        "source": "OpenGovernmentData"
      },
      "geometry": {
        "type": "Point",
        "coordinates": [
          77.5518394,
          12.9386994
        ]
      },
      "id": "node/4446891375"
    },
    {
      "type": "Feature",
      "properties": {
        "@id": "node/4446893667",
        "addr:city": "bangalore",
        "addr:district": "Bengaluru Urban",
        "addr:full": "110, 1st Main, Sbm Colony, Bsk 1st Stage Hanumantha Nagar",
        "addr:housenumber": "110",
        "addr:postcode": "560050",
        "addr:state": "Karnataka",
        "addr:street": "State Bank Of Mysore Colony, 1st Stage,80 Feet Road,, Banashankari",
        "amenity": "hospital",
        "name": "Vinayaka Hospital, Hanumantha Nagar",
        "operator:type": "private",
        "phone": "080 2679 6167",
        "source": "OpenGovernmentData",
        "website": "http://dpal.kar.nic.in/Kanunu%20padakosha%20PDF%20Files/Recognised%20Hospitals.pdf"
      },
      "geometry": {
        "type": "Point",
        "coordinates": [
          77.5494778,
          12.9373748
        ]
      },
      "id": "node/4446893667"
    },
    {
      "type": "Feature",
      "properties": {
        "@id": "node/4446894388",
        "addr:city": "Banglore",
        "addr:housenumber": "788",
        "addr:postcode": "560050",
        "addr:street": "11th Cross, 2nd Main, 80ft Main Road, SBM Colony, Giri Nagar 4th Phase",
        "amenity": "hospital",
        "name": "Diavista Diabetes & Multispeciality Hospital",
        "phone": "080 4096 9392",
        "source": "justdail",
        "website": "diavista.co.in"
      },
      "geometry": {
        "type": "Point",
        "coordinates": [
          77.5477956,
          12.9354293
        ]
      },
      "id": "node/4446894388"
    },
    {
      "type": "Feature",
      "properties": {
        "@id": "node/4446897063",
        "addr:city": "Bengaluru",
        "addr:housenumber": "979/A",
        "addr:postcode": "560085",
        "addr:street": "50 Feet Road",
        "amenity": "hospital",
        "name": "Meenakshi Hospital",
        "name:kn": "ಮೀನಾಕ್ಷಿ ಆಸ್ಪತ್ರೆ",
        "phone": "+918026755800"
      },
      "geometry": {
        "type": "Point",
        "coordinates": [
          77.553698,
          12.9420715
        ]
      },
      "id": "node/4446897063"
    },
    {
      "type": "Feature",
      "properties": {
        "@id": "node/4446899253",
        "addr:city": "bangalore",
        "addr:district": "Bengaluru Urban",
        "addr:full": "#795/1, 9Th Main ,Bsk 1st, Stage,2nd Block,Hanumantha Nagar",
        "addr:housenumber": "795/1",
        "addr:postcode": "560050",
        "addr:state": "Karnataka",
        "addr:street": "9th Main, 2nd Block, Hanumantha Nagar, Near-Shaneshwara Temple Road, Banashankari 1st Stage",
        "amenity": "hospital",
        "name": "Medi-Tech Multi Speciality Hospital",
        "phone": "080 2660 2910",
        "source": "OpenGovernmentData"
      },
      "geometry": {
        "type": "Point",
        "coordinates": [
          77.5603657,
          12.9408667
        ]
      },
      "id": "node/4446899253"
    },
    {
      "type": "Feature",
      "properties": {
        "@id": "node/4446900247",
        "addr:city": "bangalore",
        "addr:housenumber": "237/37",
        "addr:postcode": "560050",
        "addr:street": "Nagendra Block, 50ft Road, 10th Main Rd, Srinagar, Banashankari",
        "amenity": "hospital",
        "name": "Kusuma Hospital",
        "phone": "080 2642 1177",
        "source": "justdail"
      },
      "geometry": {
        "type": "Point",
        "coordinates": [
          77.5506918,
          12.9420124
        ]
      },
      "id": "node/4446900247"
    },
    {
      "type": "Feature",
      "properties": {
        "@id": "node/4446907712",
        "addr:city": "bangalore",
        "addr:housenumber": "5/8/1",
        "addr:postcode": "560085",
        "addr:street": "20th Main Road, Muneshwara Block, Girinagar, 1st phase Girinagar, Kadavanthra, Banashankari",
        "amenity": "hospital",
        "name": "Pulse Multispecialty Hospital",
        "phone": "080 2672 4466",
        "source": "just dial"
      },
      "geometry": {
        "type": "Point",
        "coordinates": [
          77.5438808,
          12.9389007
        ]
      },
      "id": "node/4446907712"
    },
    {
      "type": "Feature",
      "properties": {
        "@id": "node/4446909294",
        "addr:city": "bangalore",
        "addr:housenumber": "103,994",
        "addr:postcode": "560085",
        "addr:street": ",2nd Main,1st Block,4th Phase,Kathriguppe,BSK 3rd Stage, Water Tank Road, Banashankari",
        "amenity": "hospital",
        "name": "Surya Galaxy Hospital",
        "phone": "080 2642 1051",
        "source": "just dial"
      },
      "geometry": {
        "type": "Point",
        "coordinates": [
          77.5450887,
          12.9316792
        ]
      },
      "id": "node/4446909294"
    },
    {
      "type": "Feature",
      "properties": {
        "@id": "node/4447003711",
        "addr:city": "bangalore",
        "addr:housenumber": "62",
        "addr:street": "Millers Rd, Cantonment Railway Quarters",
        "amenity": "hospital",
        "name": "Ayushman Ayurvedic therapy centre",
        "phone": "+91 95356 68668",
        "source": "www.justdial.com",
        "website": "ayushmanayurvedic.com"
      },
      "geometry": {
        "type": "Point",
        "coordinates": [
          77.6023871,
          12.9946163
        ]
      },
      "id": "node/4447003711"
    },
    {
      "type": "Feature",
      "properties": {
        "@id": "node/4447009524",
        "addr:city": "Bangalore",
        "addr:housenumber": "877",
        "addr:postcode": "560010",
        "addr:street": "Dr. Modi Hospital Road, 2nd stage extension",
        "amenity": "hospital",
        "name": "Pristine Hospital",
        "name:kn": "ಪ್ರಿಸ್ಟೀನ್ ಆಸ್ಪತ್ರೆ",
        "phone": "+9180 4135 4444",
        "source": "www.justdial.com",
        "website": "pristinehospitals.com"
      },
      "geometry": {
        "type": "Point",
        "coordinates": [
          77.5403887,
          12.9984229
        ]
      },
      "id": "node/4447009524"
    },
    {
      "type": "Feature",
      "properties": {
        "@id": "node/4447013195",
        "addr:city": "Bangalore",
        "addr:district": "Bengaluru Urban",
        "addr:full": "#1222, 80, Feet Road, Chandra Layout",
        "addr:housenumber": "1222",
        "addr:postcode": "560040",
        "addr:state": "Karnataka",
        "addr:street": "14th Main Road",
        "amenity": "hospital",
        "healthcare": "hospital",
        "name": "Sri Vinayaka Hospital",
        "phone": "080 2339 8062",
        "source": "OpenGovernmentData"
      },
      "geometry": {
        "type": "Point",
        "coordinates": [
          77.5276466,
          12.9575029
        ]
      },
      "id": "node/4447013195"
    },
    {
      "type": "Feature",
      "properties": {
        "@id": "node/4447015118",
        "addr:city": "Bangalore",
        "addr:postcode": "560040",
        "addr:street": "14th Main Road",
        "amenity": "hospital",
        "healthcare": "hospital",
        "name": "Shathayu Ayurveda Wellness Centre",
        "phone": "+91 8040999110"
      },
      "geometry": {
        "type": "Point",
        "coordinates": [
          77.5276882,
          12.9573897
        ]
      },
      "id": "node/4447015118"
    },
    {
      "type": "Feature",
      "properties": {
        "@id": "node/4447072265",
        "addr:city": "Bangalore",
        "addr:housenumber": "1133/f",
        "addr:postcode": "560040",
        "addr:street": "30 Service Road Rpc Layout Vijaynagar, Chandra Layout",
        "amenity": "hospital",
        "name": "Hospital Sharavathi",
        "phone": "+918023300222"
      },
      "geometry": {
        "type": "Point",
        "coordinates": [
          77.5275515,
          12.9594984
        ]
      },
      "id": "node/4447072265"
    },
    {
      "type": "Feature",
      "properties": {
        "@id": "node/4447072624",
        "addr:city": "Bangalore",
        "addr:postcode": "560040",
        "addr:street": "Adichunchangiri Shopping Complex Adichunchangirishpgcplx Vjyngrb40 Vijaynagar, Attiguppe",
        "amenity": "hospital",
        "name": "Arogya Kendra",
        "name:kn": "ಆರೋಗ್ಯ ಕೇಂದ್ರ",
        "phone": "+918023400463"
      },
      "geometry": {
        "type": "Point",
        "coordinates": [
          77.5443283,
          12.9735891
        ]
      },
      "id": "node/4447072624"
    },
    {
      "type": "Feature",
      "properties": {
        "@id": "node/4447073029",
        "addr:city": "bangalore",
        "addr:postcode": "560010",
        "addr:street": "10A Crossroad",
        "amenity": "hospital",
        "healthcare": "hospital",
        "name": "The Family Doctor Malleswaram",
        "phone": "+9180 2337 6262",
        "source": "www.yellowpages.co.in",
        "website": "https://thefamilydoctor.co.in/"
      },
      "geometry": {
        "type": "Point",
        "coordinates": [
          77.5526666,
          13.0029689
        ]
      },
      "id": "node/4447073029"
    },
    {
      "type": "Feature",
      "properties": {
        "@id": "node/4447075424",
        "addr:city": "Bangalore",
        "addr:housenumber": "3437",
        "addr:postcode": "560040",
        "addr:street": "7 Subbanna Garden Vijaynagar, Attiguppe",
        "amenity": "hospital",
        "healthcare": "hospital",
        "name": "Venkat Charmalaya",
        "phone": "+918023392788"
      },
      "geometry": {
        "type": "Point",
        "coordinates": [
          77.5333324,
          12.9644231
        ]
      },
      "id": "node/4447075424"
    },
    {
      "type": "Feature",
      "properties": {
        "@id": "node/4447076167",
        "addr:housenumber": "30/2",
        "addr:street": "S V Complex Magadi Main Vijaynagar, Magadi Road",
        "amenity": "hospital",
        "name": "V Care Medical Systems P Ltd",
        "phone": "+918023110651"
      },
      "geometry": {
        "type": "Point",
        "coordinates": [
          77.5403581,
          12.9787049
        ]
      },
      "id": "node/4447076167"
    },
    {
      "type": "Feature",
      "properties": {
        "@id": "node/4447079172",
        "addr:city": "Bangalore",
        "addr:district": "Vijayapura",
        "addr:full": "20th B Cross, Marenahalli Main Road, Vijayanagar",
        "addr:housenumber": "51/88",
        "addr:postcode": "560040",
        "addr:state": "Karnataka",
        "addr:street": "20th B Cross, Marenahalli Main Road, Govindaraja Nagar Ward, Vijayanagar",
        "amenity": "hospital",
        "name": "Saikrupa Hospital For Women's and Surgical Centre",
        "operator:type": "private",
        "phone": "+91080 2311 9592",
        "source": "OpenGovernmentData",
        "website": "http://dpal.kar.nic.in/Kanunu%20padakosha%20PDF%20Files/Recognised%20Hospitals.pdf"
      },
      "geometry": {
        "type": "Point",
        "coordinates": [
          77.5351921,
          12.9691657
        ]
      },
      "id": "node/4447079172"
    },
    {
      "type": "Feature",
      "properties": {
        "@id": "node/4447082866",
        "addr:city": "Bangalore",
        "addr:housenumber": "5/1",
        "addr:postcode": "560040",
        "addr:street": "4th Main, MRCR Layout, Vijayanagar, Behind Godrej Interio, Near Veeresh Theatre, Govindaraja Nagar Ward, MC Layout, Vijayanagar",
        "amenity": "hospital",
        "healthcare": "hospital",
        "name": "Cutis Academy of Cutaneous Sciences",
        "phone": "080 4115 9049"
      },
      "geometry": {
        "type": "Point",
        "coordinates": [
          77.5449094,
          12.9768117
        ]
      },
      "id": "node/4447082866"
    },
    {
      "type": "Feature",
      "properties": {
        "@id": "node/4447083784",
        "addr:city": "Bangalore",
        "addr:postcode": "560040",
        "addr:street": "Chord Road",
        "amenity": "hospital",
        "healthcare": "hospital",
        "name": "Shreya Hearing Clinic",
        "phone": "\" 080 2318 0012\""
      },
      "geometry": {
        "type": "Point",
        "coordinates": [
          77.533401,
          12.9621516
        ]
      },
      "id": "node/4447083784"
    },
    {
      "type": "Feature",
      "properties": {
        "@id": "node/4447087999",
        "addr:city": "Bangalore",
        "addr:district": "Bengaluru Urban",
        "addr:full": "435, Acura Hospital, 18th Main, 6th Block, Koramangala",
        "addr:housenumber": "105",
        "addr:postcode": "560095",
        "addr:state": "Karnataka",
        "addr:street": "5th Block, 17th C Main Road, KHB Colony , Koramangala",
        "amenity": "hospital",
        "name": "Acura Speciality Hospital",
        "operator:type": "private",
        "phone": "+9180 4110 5151",
        "source": "OpenGovernmentData",
        "website": "https://www.seekandsource.com/acurahospital"
      },
      "geometry": {
        "type": "Point",
        "coordinates": [
          77.6205504,
          12.9353208
        ]
      },
      "id": "node/4447087999"
    },
    {
      "type": "Feature",
      "properties": {
        "@id": "node/4447088630",
        "addr:city": "Bangalore",
        "addr:housenumber": "NO.105",
        "addr:postcode": "560040",
        "addr:street": "Widia Layout, Chandra Layout Main Road, Govindaraja Nagar Ward, Widia Layout, Vijayanagar",
        "amenity": "hospital",
        "name": "Prasad Nethralaya",
        "phone": "080 2339 2807"
      },
      "geometry": {
        "type": "Point",
        "coordinates": [
          77.5300796,
          12.9603312
        ]
      },
      "id": "node/4447088630"
    },
    {
      "type": "Feature",
      "properties": {
        "@id": "node/4447097087",
        "addr:city": "Bangalore",
        "addr:housenumber": "46",
        "addr:postcode": "560040",
        "addr:street": "17th Cross, Near Main Bus Stand, M.C. Road, Vijayanagar",
        "amenity": "hospital",
        "name": "Vijayanagar Global Hospital",
        "phone": "080 4240 8200"
      },
      "geometry": {
        "type": "Point",
        "coordinates": [
          77.5372864,
          12.9717905
        ]
      },
      "id": "node/4447097087"
    },
    {
      "type": "Feature",
      "properties": {
        "@id": "node/4447100075",
        "addr:city": "Bangalore",
        "addr:housenumber": "221",
        "addr:postcode": "560040",
        "addr:street": "1st Floor, Next to Sai Prasadam Hotel, 5th Main Rd, Hampi Nagar 2nd Stage, RPC Layout",
        "amenity": "hospital",
        "healthcare": "hospital",
        "name": "Blossom Infertility Center",
        "phone": "+91 99009 99116"
      },
      "geometry": {
        "type": "Point",
        "coordinates": [
          77.5389842,
          12.9649703
        ]
      },
      "id": "node/4447100075"
    },
    {
      "type": "Feature",
      "properties": {
        "@id": "node/4447105332",
        "addr:city": "Bangalore",
        "addr:housenumber": "30",
        "addr:postcode": "560040",
        "addr:street": "1108/30 10Th Main 4Th Cross, Rpc Layout, Vijayanagar",
        "amenity": "hospital",
        "name": "Padmashree Nursing Home and Maternity Home",
        "phone": "080 2311 8372"
      },
      "geometry": {
        "type": "Point",
        "coordinates": [
          77.5350434,
          12.958321
        ]
      },
      "id": "node/4447105332"
    },
    {
      "type": "Feature",
      "properties": {
        "@id": "node/4447119911",
        "addr:city": "Bangalore",
        "addr:housenumber": "17",
        "addr:postcode": "560040p",
        "addr:street": "1st Main Rd, Kaveri Layout, Govindaraja Nagar Ward, Anubhav Nagar, Vijayanagar",
        "amenity": "hospital",
        "healthcare": "hospital",
        "phone": "080 2335 2200"
      },
      "geometry": {
        "type": "Point",
        "coordinates": [
          77.5302683,
          12.9639998
        ]
      },
      "id": "node/4447119911"
    },
    {
      "type": "Feature",
      "properties": {
        "@id": "node/4447171840",
        "addr:city": "Bangalore",
        "addr:housenumber": "1",
        "addr:postcode": "560003",
        "addr:street": "2nd Cross Rd, Malleshwaram",
        "amenity": "hospital",
        "name": "The Homoeo World",
        "phone": "080 2346 1995"
      },
      "geometry": {
        "type": "Point",
        "coordinates": [
          77.5715879,
          12.9947201
        ]
      },
      "id": "node/4447171840"
    },
    {
      "type": "Feature",
      "properties": {
        "@id": "node/4447213952",
        "addr:city": "Bangalore",
        "addr:housenumber": "17",
        "addr:postcode": "560040",
        "addr:street": "1st Main Rd, Kaveri Layout, Govindaraja Nagar Ward, Anubhav Nagar, Vijayanagar,",
        "amenity": "hospital",
        "name": "Modern Family Doctor Pvt Ltd",
        "phone": "080 2335 2200"
      },
      "geometry": {
        "type": "Point",
        "coordinates": [
          77.5327211,
          12.9698405
        ]
      },
      "id": "node/4447213952"
    },
    {
      "type": "Feature",
      "properties": {
        "@id": "node/4447273084",
        "addr:city": "Bangalore",
        "addr:postcode": "560078",
        "addr:street": "Mnr Arcade, Saraki Gate, Kanakapura Road, Saraki Gate",
        "amenity": "hospital",
        "healthcare": "hospital",
        "name": "Oxford Hospital",
        "phone": "080 2245 2500",
        "source": "justdial"
      },
      "geometry": {
        "type": "Point",
        "coordinates": [
          77.5756907,
          12.9312101
        ]
      },
      "id": "node/4447273084"
    },
    {
      "type": "Feature",
      "properties": {
        "@id": "node/4447535055",
        "addr:city": "Banglore",
        "addr:postcode": "560079",
        "addr:street": "4th Main Rd, KHB Colony, Basaveshwar Nagar,",
        "amenity": "school",
        "name": "Traffic Police Station Kamakshipalya",
        "name:kn": "ಕಾಮಾಕ್ಷಿಪಾಳ್ಯ ಸಂಚಾರ ಪೊಲೀಸ್ ಠಾಣೆ",
        "phone": "NA",
        "website": "NA"
      },
      "geometry": {
        "type": "Point",
        "coordinates": [
          77.5402233,
          12.9879713
        ]
      },
      "id": "node/4447535055"
    },
    {
      "type": "Feature",
      "properties": {
        "@id": "node/4448075597",
        "addr:city": "bangalore",
        "addr:housenumber": "58,59",
        "addr:postcode": "560029",
        "addr:street": "3rd Main,KEB Layout, BTM Layout  1",
        "amenity": "hospital",
        "emergency": "yes",
        "name": "Vijay Diagnostic Centre",
        "phone": "080 2668 4260",
        "source": "http://www.bangalorean.co.in/"
      },
      "geometry": {
        "type": "Point",
        "coordinates": [
          77.5877756,
          12.9458746
        ]
      },
      "id": "node/4448075597"
    },
    {
      "type": "Feature",
      "properties": {
        "@id": "node/4472371591",
        "amenity": "school",
        "name": "Sri Ravishankar Vidya Mandir",
        "name:en": "Sri Ravishankar Vidya Mandir"
      },
      "geometry": {
        "type": "Point",
        "coordinates": [
          77.6522753,
          12.9703809
        ]
      },
      "id": "node/4472371591"
    },
    {
      "type": "Feature",
      "properties": {
        "@id": "node/4477057221",
        "amenity": "school",
        "name": "Indian High School"
      },
      "geometry": {
        "type": "Point",
        "coordinates": [
          77.5458656,
          12.9938105
        ]
      },
      "id": "node/4477057221"
    },
    {
      "type": "Feature",
      "properties": {
        "@id": "node/4484938764",
        "addr:city": "bangalore",
        "addr:housenumber": "34/3",
        "addr:postcode": "560010",
        "addr:street": "Vidhya Vardhaka Sangha Road",
        "amenity": "hospital",
        "healthcare": "hospital",
        "name": "Tamara Hospital & IVF Centre",
        "phone": "+91 80 2337 0780",
        "website": "https://tamarahealthcare.com/"
      },
      "geometry": {
        "type": "Point",
        "coordinates": [
          77.5530755,
          13.0044499
        ]
      },
      "id": "node/4484938764"
    },
    {
      "type": "Feature",
      "properties": {
        "@id": "node/4509817152",
        "amenity": "hospital",
        "healthcare": "hospital",
        "name": "ChanRe Rheumatology and Immunology Center and Research",
        "name_1": "Chan re hospital",
        "name_2": "Chanre hospital"
      },
      "geometry": {
        "type": "Point",
        "coordinates": [
          77.5354215,
          12.995573
        ]
      },
      "id": "node/4509817152"
    },
    {
      "type": "Feature",
      "properties": {
        "@id": "node/4512052990",
        "amenity": "school",
        "name": "Dr Ambedkar Nursery Primary & High School",
        "name:en": "Dr Ambedkar Nursery Primary & High School"
      },
      "geometry": {
        "type": "Point",
        "coordinates": [
          77.6481803,
          12.9624108
        ]
      },
      "id": "node/4512052990"
    },
    {
      "type": "Feature",
      "properties": {
        "@id": "node/4512115990",
        "amenity": "school",
        "name": "Mother Mary English School",
        "name:en": "Mother Mary English School"
      },
      "geometry": {
        "type": "Point",
        "coordinates": [
          77.652898,
          12.9761276
        ]
      },
      "id": "node/4512115990"
    },
    {
      "type": "Feature",
      "properties": {
        "@id": "node/4512140989",
        "amenity": "school",
        "name": "St. Thomas Public School",
        "name:en": "St. Thomas Public School"
      },
      "geometry": {
        "type": "Point",
        "coordinates": [
          77.6526652,
          12.9759235
        ]
      },
      "id": "node/4512140989"
    },
    {
      "type": "Feature",
      "properties": {
        "@id": "node/4533735695",
        "addr:district": "Bengaluru Urban",
        "addr:full": "No. 318, 6Th Main,2nd Cross,Vijayanagar",
        "addr:postcode": "560040",
        "addr:state": "Karnataka",
        "amenity": "hospital",
        "name": "Manasa Hospital, Vijayanagar",
        "source": "OpenGovernmentData"
      },
      "geometry": {
        "type": "Point",
        "coordinates": [
          77.5451059,
          12.9709463
        ]
      },
      "id": "node/4533735695"
    },
    {
      "type": "Feature",
      "properties": {
        "@id": "node/4552286367",
        "amenity": "hospital",
        "name": "Ramana Rao's clinic"
      },
      "geometry": {
        "type": "Point",
        "coordinates": [
          77.5761449,
          13.0130826
        ]
      },
      "id": "node/4552286367"
    },
    {
      "type": "Feature",
      "properties": {
        "@id": "node/4577045761",
        "amenity": "hospital",
        "name": "Government Maternity Home",
        "name:kn": "ಸರ್ಕಾರಿ ಮಾತೃತ್ವ ಮನೆ"
      },
      "geometry": {
        "type": "Point",
        "coordinates": [
          77.6200927,
          12.9983402
        ]
      },
      "id": "node/4577045761"
    },
    {
      "type": "Feature",
      "properties": {
        "@id": "node/4597833389",
        "addr:district": "Bengaluru Urban",
        "addr:full": "No. 408, 20Th Main, 1st Block,Opp Swathi Hotel, Woc Road, Rajajinagar",
        "addr:postcode": "560010",
        "addr:state": "Karnataka",
        "amenity": "hospital",
        "healthcare": "hospital",
        "healthcare:speciality": "orthopaedics",
        "name": "Cauvery Orthopaedic Centre",
        "source": "OpenGovernmentData"
      },
      "geometry": {
        "type": "Point",
        "coordinates": [
          77.5504219,
          12.9984887
        ]
      },
      "id": "node/4597833389"
    },
    {
      "type": "Feature",
      "properties": {
        "@id": "node/4602997690",
        "addr:street": "Rama Temple Road",
        "amenity": "school",
        "check_date": "2024-11-23",
        "name": "Government Primary School",
        "name:en": "Government Primary School",
        "name:kn": "ಸರ್ಕಾರಿ ಪ್ರಾಥಮಿಕ ಶಾಲೆ"
      },
      "geometry": {
        "type": "Point",
        "coordinates": [
          77.6513232,
          12.9741482
        ]
      },
      "id": "node/4602997690"
    },
    {
      "type": "Feature",
      "properties": {
        "@id": "node/4607641672",
        "amenity": "school",
        "name": "Kumon Education Center"
      },
      "geometry": {
        "type": "Point",
        "coordinates": [
          77.5488857,
          13.0042862
        ]
      },
      "id": "node/4607641672"
    },
    {
      "type": "Feature",
      "properties": {
        "@id": "node/4623723101",
        "addr:district": "Bengaluru Urban",
        "addr:full": "No.607/77, 1st Main, Dr.Rajkumar Road, Rajajinagar 2nd Block",
        "addr:postcode": "560021",
        "addr:state": "Karnataka",
        "amenity": "hospital",
        "healthcare": "hospital",
        "name": "Nethradhama Superspeciality Eye Hospital, Rajajinagar",
        "name:en": "Nethradhama",
        "name:kn": "ನೇತ್ರಧಾಮ",
        "source": "OpenGovernmentData"
      },
      "geometry": {
        "type": "Point",
        "coordinates": [
          77.5509423,
          12.997613
        ]
      },
      "id": "node/4623723101"
    },
    {
      "type": "Feature",
      "properties": {
        "@id": "node/4680014207",
        "amenity": "hospital",
        "healthcare": "yes",
        "name": "NIMHANS - Ashwini Block"
      },
      "geometry": {
        "type": "Point",
        "coordinates": [
          77.59445,
          12.9397588
        ]
      },
      "id": "node/4680014207"
    },
    {
      "type": "Feature",
      "properties": {
        "@id": "node/4697854891",
        "amenity": "school",
        "name": "Kingston school",
        "name:en": "Kingston school"
      },
      "geometry": {
        "type": "Point",
        "coordinates": [
          77.599251,
          13.0264736
        ]
      },
      "id": "node/4697854891"
    },
    {
      "type": "Feature",
      "properties": {
        "@id": "node/4701113489",
        "addr:postcode": "560085",
        "amenity": "school",
        "name": "ಶ್ರೀ ಕೃಷ್ಣ ಪಿ ಯು ಕಾಲೇಜು",
        "name:en": "Sri Krishna PU College",
        "name:kn": "ಶ್ರೀ ಕೃಷ್ಣ ಪಿ ಯು ಕಾಲೇಜು"
      },
      "geometry": {
        "type": "Point",
        "coordinates": [
          77.5577461,
          12.9314007
        ]
      },
      "id": "node/4701113489"
    },
    {
      "type": "Feature",
      "properties": {
        "@id": "node/4729472422",
        "addr:district": "Bangalore",
        "addr:full": "Lakkasandra, Wilson Garden, Bangalore, Karnataka, India",
        "addr:postcode": "560029",
        "addr:state": "Karnataka",
        "addr:subdistrict": "Bangalore East",
        "amenity": "hospital",
        "contact:phone": "08026995201;08026995000;08026995202",
        "description": "Medical Colleges Hospital",
        "healthcare": "hospital",
        "name": "National Institute of Mental Health and Neuro Sciences",
        "short_name": "NIMHANS",
        "source": "OpenGovernmentData"
      },
      "geometry": {
        "type": "Point",
        "coordinates": [
          77.5931597,
          12.9400669
        ]
      },
      "id": "node/4729472422"
    },
    {
      "type": "Feature",
      "properties": {
        "@id": "node/4729478014",
        "amenity": "hospital",
        "name": "NBRC(National Brain Research Center)"
      },
      "geometry": {
        "type": "Point",
        "coordinates": [
          77.5988406,
          12.9404277
        ]
      },
      "id": "node/4729478014"
    },
    {
      "type": "Feature",
      "properties": {
        "@id": "node/4840185928",
        "addr:district": "Bengaluru Urban",
        "addr:full": "No 18/17, Cambridge Road, Ulsoor",
        "addr:postcode": "560008",
        "addr:state": "Karnataka",
        "amenity": "hospital",
        "healthcare": "hospital",
        "name": "Cambridge Hospital",
        "name:en": "Cambridge Hospital",
        "source": "OpenGovernmentData"
      },
      "geometry": {
        "type": "Point",
        "coordinates": [
          77.6273835,
          12.9716236
        ]
      },
      "id": "node/4840185928"
    },
    {
      "type": "Feature",
      "properties": {
        "@id": "node/4843100425",
        "amenity": "school",
        "name": "Cambridge School",
        "name:en": "Cambridge School",
        "name:kn": "ಕೇಂಬ್ರಿಜ್ ಶಾಲೆ"
      },
      "geometry": {
        "type": "Point",
        "coordinates": [
          77.5936181,
          12.9588237
        ]
      },
      "id": "node/4843100425"
    },
    {
      "type": "Feature",
      "properties": {
        "@id": "node/4843104321",
        "amenity": "hospital",
        "name": "Respigen healthcare",
        "name:en": "Respigen healthcare"
      },
      "geometry": {
        "type": "Point",
        "coordinates": [
          77.5918347,
          12.9555357
        ]
      },
      "id": "node/4843104321"
    },
    {
      "type": "Feature",
      "properties": {
        "@id": "node/4844863355",
        "amenity": "school",
        "name": "BKS",
        "name:en": "BKS"
      },
      "geometry": {
        "type": "Point",
        "coordinates": [
          77.6135965,
          12.983464
        ]
      },
      "id": "node/4844863355"
    },
    {
      "type": "Feature",
      "properties": {
        "@id": "node/4844865057",
        "amenity": "hospital",
        "name": "Doctor's diagnostics Centre",
        "name:en": "Doctor's diagnostics Centre"
      },
      "geometry": {
        "type": "Point",
        "coordinates": [
          77.6357881,
          13.014746
        ]
      },
      "id": "node/4844865057"
    },
    {
      "type": "Feature",
      "properties": {
        "@id": "node/4846789824",
        "amenity": "school",
        "name": "Purvankara academy of excellence",
        "name:en": "Purvankara academy of excellence"
      },
      "geometry": {
        "type": "Point",
        "coordinates": [
          77.6197537,
          12.9749455
        ]
      },
      "id": "node/4846789824"
    },
    {
      "type": "Feature",
      "properties": {
        "@id": "node/4849094830",
        "amenity": "school",
        "name": "Driving school for all types of cars",
        "name:en": "Driving school for all types of cars"
      },
      "geometry": {
        "type": "Point",
        "coordinates": [
          77.5937414,
          12.9479719
        ]
      },
      "id": "node/4849094830"
    },
    {
      "type": "Feature",
      "properties": {
        "@id": "node/4849107926",
        "amenity": "hospital",
        "check_date": "2025-03-01",
        "name": "Hosmat Hospital"
      },
      "geometry": {
        "type": "Point",
        "coordinates": [
          77.5837482,
          13.0080001
        ]
      },
      "id": "node/4849107926"
    },
    {
      "type": "Feature",
      "properties": {
        "@id": "node/4849575711",
        "amenity": "school",
        "name": "Govt. Urdu English Medium High School",
        "wheelchair": "no"
      },
      "geometry": {
        "type": "Point",
        "coordinates": [
          77.5945885,
          12.9447229
        ]
      },
      "id": "node/4849575711"
    },
    {
      "type": "Feature",
      "properties": {
        "@id": "node/4851692297",
        "amenity": "school",
        "name": "St George High School",
        "name:kn": "ಸೇಂಟ್ ಜಾರ್ಜ್ ಪ್ರೌಡಶಾಲೆ"
      },
      "geometry": {
        "type": "Point",
        "coordinates": [
          77.6691847,
          13.0311434
        ]
      },
      "id": "node/4851692297"
    },
    {
      "type": "Feature",
      "properties": {
        "@id": "node/4851692299",
        "amenity": "school",
        "name": "Sunshine Childrens Home and School",
        "wheelchair": "no"
      },
      "geometry": {
        "type": "Point",
        "coordinates": [
          77.6682208,
          13.0309806
        ]
      },
      "id": "node/4851692299"
    },
    {
      "type": "Feature",
      "properties": {
        "@id": "node/5080786067",
        "amenity": "school"
      },
      "geometry": {
        "type": "Point",
        "coordinates": [
          77.6452745,
          13.006508
        ]
      },
      "id": "node/5080786067"
    },
    {
      "type": "Feature",
      "properties": {
        "@id": "node/5080801905",
        "amenity": "school"
      },
      "geometry": {
        "type": "Point",
        "coordinates": [
          77.64736,
          13.0085915
        ]
      },
      "id": "node/5080801905"
    },
    {
      "type": "Feature",
      "properties": {
        "@id": "node/5106809421",
        "addr:district": "Bengaluru Urban",
        "addr:full": "#115,Kodihalli,Old Airport Road",
        "addr:postcode": "560001",
        "addr:state": "Karnataka",
        "amenity": "hospital",
        "healthcare": "hospital",
        "name": "Cloudnine Hospital Pvt. Ltd.",
        "name:en": "cloud nine",
        "source": "OpenGovernmentData"
      },
      "geometry": {
        "type": "Point",
        "coordinates": [
          77.6569127,
          12.9597752
        ]
      },
      "id": "node/5106809421"
    },
    {
      "type": "Feature",
      "properties": {
        "@id": "node/5112187604",
        "amenity": "hospital",
        "name": "Subramanium Medicine Store"
      },
      "geometry": {
        "type": "Point",
        "coordinates": [
          77.656317,
          13.0090912
        ]
      },
      "id": "node/5112187604"
    },
    {
      "type": "Feature",
      "properties": {
        "@id": "node/5112191947",
        "addr:district": "Bengaluru Urban",
        "addr:full": "6C - 335, 4Th C Main Road, 6Th Cross Ombr Layout Bhuvanagiri",
        "addr:postcode": "560041",
        "addr:state": "Karnataka",
        "amenity": "hospital",
        "check_date": "2026-04-26",
        "name": "Columbiaa Hospital",
        "name:en": "Columbiaa Hospital",
        "source": "OpenGovernmentData"
      },
      "geometry": {
        "type": "Point",
        "coordinates": [
          77.6583242,
          13.0104342
        ]
      },
      "id": "node/5112191947"
    },
    {
      "type": "Feature",
      "properties": {
        "@id": "node/5157373807",
        "addr:district": "Bengaluru Urban",
        "addr:full": "6/63, 59Th Cross, 4Th Block, Rajajinagar Entrance, Mei Polytechnic, Rajajinagar",
        "addr:postcode": "560010",
        "addr:state": "Karnataka",
        "alt_name": "Altius Cancer Center",
        "amenity": "hospital",
        "healthcare": "hospital",
        "name": "Altius Hospital",
        "source": "OpenGovernmentData"
      },
      "geometry": {
        "type": "Point",
        "coordinates": [
          77.5569222,
          12.9849537
        ]
      },
      "id": "node/5157373807"
    },
    {
      "type": "Feature",
      "properties": {
        "@id": "node/5174903787",
        "amenity": "hospital",
        "healthcare": "hospital",
        "name": "Bangalore Diabetes Hospital"
      },
      "geometry": {
        "type": "Point",
        "coordinates": [
          77.5968531,
          12.9918415
        ]
      },
      "id": "node/5174903787"
    },
    {
      "type": "Feature",
      "properties": {
        "@id": "node/5174994725",
        "amenity": "hospital",
        "healthcare": "hospital",
        "name": "NU Hospitals"
      },
      "geometry": {
        "type": "Point",
        "coordinates": [
          77.5526061,
          13.011845
        ]
      },
      "id": "node/5174994725"
    },
    {
      "type": "Feature",
      "properties": {
        "@id": "node/5193916611",
        "amenity": "school",
        "name": "Kinder Castle"
      },
      "geometry": {
        "type": "Point",
        "coordinates": [
          77.646499,
          12.9771755
        ]
      },
      "id": "node/5193916611"
    },
    {
      "type": "Feature",
      "properties": {
        "@id": "node/5234723863",
        "addr:district": "Bengaluru Urban",
        "addr:full": "196, 10Th Cross, Wilson Gardens",
        "addr:postcode": "560027",
        "addr:state": "Karnataka",
        "amenity": "hospital",
        "healthcare": "hospital",
        "name": "V. S. Achar Multispeciality Hospital",
        "source": "OpenGovernmentData"
      },
      "geometry": {
        "type": "Point",
        "coordinates": [
          77.5966914,
          12.9472091
        ]
      },
      "id": "node/5234723863"
    },
    {
      "type": "Feature",
      "properties": {
        "@id": "node/5234739990",
        "addr:city": "Bangalore",
        "addr:district": "Bengaluru Urban",
        "addr:full": "No.1537/1, 9th Main Road, 3rd Block, Jayanagar",
        "addr:housenumber": "1537/1",
        "addr:postcode": "560011",
        "addr:state": "Karnataka",
        "addr:street": "9th Main Road",
        "addr:suburb": "Jayanagar 3rd Block",
        "amenity": "hospital",
        "email": "infokpcpt@gmail.com",
        "healthcare": "hospital",
        "name": "Nature Cure Hospital",
        "opening_hours": "We-Mo 07:00-12:00,13:00-18:00",
        "operator:type": "private",
        "phone": "+91 80 2663 1945;+91 80 2244 6035",
        "source": "OpenGovernmentData",
        "website": "https://www.jayanagarnaturecure.in/"
      },
      "geometry": {
        "type": "Point",
        "coordinates": [
          77.5842632,
          12.933223
        ]
      },
      "id": "node/5234739990"
    },
    {
      "type": "Feature",
      "properties": {
        "@id": "node/5248946022",
        "addr:postcode": "560075",
        "addr:street": "Jeevan Bhima Nagar 10th Main Road",
        "amenity": "school",
        "name": "Dhurii"
      },
      "geometry": {
        "type": "Point",
        "coordinates": [
          77.6483419,
          12.9690381
        ]
      },
      "id": "node/5248946022"
    },
    {
      "type": "Feature",
      "properties": {
        "@id": "node/5259390022",
        "amenity": "school",
        "name": "Kinto School"
      },
      "geometry": {
        "type": "Point",
        "coordinates": [
          77.551268,
          12.9629891
        ]
      },
      "id": "node/5259390022"
    },
    {
      "type": "Feature",
      "properties": {
        "@id": "node/5259390023",
        "amenity": "school",
        "name": "Kinto High School"
      },
      "geometry": {
        "type": "Point",
        "coordinates": [
          77.5468666,
          12.9610936
        ]
      },
      "id": "node/5259390023"
    },
    {
      "type": "Feature",
      "properties": {
        "@id": "node/5259394922",
        "amenity": "school",
        "name": "Jawahar School"
      },
      "geometry": {
        "type": "Point",
        "coordinates": [
          77.5529474,
          12.9634851
        ]
      },
      "id": "node/5259394922"
    },
    {
      "type": "Feature",
      "properties": {
        "@id": "node/5259407821",
        "amenity": "hospital",
        "healthcare": "hospital",
        "name": "Government Hospital",
        "name:kn": "ಸರ್ಕಾರಿ ಆಸ್ಪತ್ರೆ"
      },
      "geometry": {
        "type": "Point",
        "coordinates": [
          77.5549647,
          12.966103
        ]
      },
      "id": "node/5259407821"
    },
    {
      "type": "Feature",
      "properties": {
        "@id": "node/5265649228",
        "amenity": "hospital",
        "emergency": "yes",
        "healthcare": "hospital",
        "name": "Emergency Block , NIMHANS"
      },
      "geometry": {
        "type": "Point",
        "coordinates": [
          77.5945391,
          12.9403849
        ]
      },
      "id": "node/5265649228"
    },
    {
      "type": "Feature",
      "properties": {
        "@id": "node/5297145822",
        "addr:district": "Bengaluru Urban",
        "addr:full": "# 66, Indiranagar Double Road, Hal 2nd Stage",
        "addr:postcode": "560038",
        "addr:state": "Karnataka",
        "addr:subdistrict": "Indiranagar",
        "amenity": "hospital",
        "email": "nhplindr@nethradhama.org",
        "healthcare": "hospital",
        "name": "Nethradhama Superspeciality Eye Hospital",
        "operator:type": "private",
        "source": "OpenGovernmentData",
        "website": "https://www.nethradhama.org/"
      },
      "geometry": {
        "type": "Point",
        "coordinates": [
          77.6474011,
          12.9719805
        ]
      },
      "id": "node/5297145822"
    },
    {
      "type": "Feature",
      "properties": {
        "@id": "node/5304601862",
        "amenity": "school",
        "name": "MediBase"
      },
      "geometry": {
        "type": "Point",
        "coordinates": [
          77.5483683,
          12.9366134
        ]
      },
      "id": "node/5304601862"
    },
    {
      "type": "Feature",
      "properties": {
        "@id": "node/5304601865",
        "amenity": "school",
        "name": "KKN coaching classes"
      },
      "geometry": {
        "type": "Point",
        "coordinates": [
          77.5486218,
          12.9369584
        ]
      },
      "id": "node/5304601865"
    },
    {
      "type": "Feature",
      "properties": {
        "@id": "node/5306751760",
        "amenity": "school",
        "level": "1",
        "name": "Raghav's Coaching Centre"
      },
      "geometry": {
        "type": "Point",
        "coordinates": [
          77.5773644,
          12.9523571
        ]
      },
      "id": "node/5306751760"
    },
    {
      "type": "Feature",
      "properties": {
        "@id": "node/5348591335",
        "amenity": "school",
        "designation": "Higher elementary school",
        "ele": "779.0",
        "name": "Janana Deepthi School",
        "note": "Genauigkeit: 20.0m",
        "source": "local_signs"
      },
      "geometry": {
        "type": "Point",
        "coordinates": [
          77.5416769,
          12.940807
        ]
      },
      "id": "node/5348591335"
    },
    {
      "type": "Feature",
      "properties": {
        "@id": "node/5716797221",
        "addr:district": "Bengaluru Urban",
        "addr:full": "1st Cross, Shankarapuram, Basavanaagudi",
        "addr:postcode": "560004",
        "addr:state": "Karnataka",
        "addr:street": "1st cross, Shankar math premises",
        "amenity": "hospital",
        "contact:facebook": "sschrcblr",
        "contact:instagram": "shankara_cancer",
        "contact:twitter": "shankaracancer",
        "email": "queries@sschrc.org",
        "name": "Sri Shankara Cancer Hospital And Research Centre (A Service Unit Of Sscf)",
        "operator:type": "private",
        "phone": "080-26981000",
        "source": "OpenGovernmentData",
        "website": "https://shankaracancerfoundation.org/"
      },
      "geometry": {
        "type": "Point",
        "coordinates": [
          77.5709473,
          12.9542624
        ]
      },
      "id": "node/5716797221"
    },
    {
      "type": "Feature",
      "properties": {
        "@id": "node/5738230321",
        "amenity": "school",
        "name": "Holy Shepherd English High School"
      },
      "geometry": {
        "type": "Point",
        "coordinates": [
          77.6390579,
          12.9790489
        ]
      },
      "id": "node/5738230321"
    },
    {
      "type": "Feature",
      "properties": {
        "@id": "node/5825292845",
        "addr:district": "Bengaluru Urban",
        "addr:full": "565 Iii Stage 4Th Block",
        "addr:postcode": "560079",
        "addr:state": "Karnataka",
        "amenity": "hospital",
        "healthcare": "hospital",
        "healthcare:speciality": "gynaecology",
        "name": "Vathsalya Speciality Hospital",
        "source": "OpenGovernmentData"
      },
      "geometry": {
        "type": "Point",
        "coordinates": [
          77.5391801,
          12.9939752
        ]
      },
      "id": "node/5825292845"
    },
    {
      "type": "Feature",
      "properties": {
        "@id": "node/5862574185",
        "amenity": "hospital",
        "name": "Lakeside Medical Centre and Hospital"
      },
      "geometry": {
        "type": "Point",
        "coordinates": [
          77.6177434,
          12.9878631
        ]
      },
      "id": "node/5862574185"
    },
    {
      "type": "Feature",
      "properties": {
        "@id": "node/5879132707",
        "addr:district": "Bengaluru Urban",
        "addr:full": "No.14 , Maruthi Nagar , Near Maruthi Temple , Nagarbhavi Main Road",
        "addr:postcode": "560072",
        "addr:state": "Karnataka",
        "amenity": "hospital",
        "name": "Maruthi Hospital",
        "name:kn": "ಮಾರುತಿ ಆಸ್ಪತ್ರೆ",
        "source": "OpenGovernmentData"
      },
      "geometry": {
        "type": "Point",
        "coordinates": [
          77.5413282,
          12.9677607
        ]
      },
      "id": "node/5879132707"
    },
    {
      "type": "Feature",
      "properties": {
        "@id": "node/5915195092",
        "amenity": "hospital",
        "healthcare": "hospital",
        "name": "Aparna Hospital"
      },
      "geometry": {
        "type": "Point",
        "coordinates": [
          77.616947,
          12.9362087
        ]
      },
      "id": "node/5915195092"
    },
    {
      "type": "Feature",
      "properties": {
        "@id": "node/5915409411",
        "amenity": "hospital",
        "healthcare": "hospital",
        "name": "Apollo Spectra Hospitals"
      },
      "geometry": {
        "type": "Point",
        "coordinates": [
          77.6201615,
          12.9338175
        ]
      },
      "id": "node/5915409411"
    },
    {
      "type": "Feature",
      "properties": {
        "@id": "node/6124618183",
        "amenity": "hospital",
        "healthcare": "hospital",
        "name": "Shiva Vision Care"
      },
      "geometry": {
        "type": "Point",
        "coordinates": [
          77.6277125,
          12.9366526
        ]
      },
      "id": "node/6124618183"
    },
    {
      "type": "Feature",
      "properties": {
        "@id": "node/6347074655",
        "addr:place": "Vivekangara",
        "amenity": "school",
        "isced:level": "2",
        "name": "GKHPS Vivekangara",
        "name:kn": "ಸರ್ಕಾರಿ ಹಿರಿಯ ಕನ್ನಡ ಪ್ರಾಥಮಿಕ ಶಾಲೆ ವಿವೇಕನಗರ",
        "operator": "Department of Education",
        "school": "primary"
      },
      "geometry": {
        "type": "Point",
        "coordinates": [
          77.6210383,
          12.9552253
        ]
      },
      "id": "node/6347074655"
    },
    {
      "type": "Feature",
      "properties": {
        "@id": "node/6347080518",
        "addr:place": "Vivekanagara",
        "amenity": "school",
        "isced:level": "2",
        "name": "GTELPS Vivekanagara",
        "name:kn": "ಸರ್ಕಾರಿ ತೆಲುಗು ಪ್ರಾಥಮಿಕ ಶಾಲೆ ವಿವೇಕನಗರ",
        "operator": "Department of Education",
        "school": "primary"
      },
      "geometry": {
        "type": "Point",
        "coordinates": [
          77.6210785,
          12.9551126
        ]
      },
      "id": "node/6347080518"
    },
    {
      "type": "Feature",
      "properties": {
        "@id": "node/6348761817",
        "amenity": "school",
        "isced:level": "2",
        "name": "GUPHS Arblen",
        "name:kn": "ಸರ್ಕಾರಿ ಉರ್ದು ಹಿರಿಯ ಪ್ರಾಥಮಿಕ ಶಾಲೆ ಅಬ್ಲೇನ್",
        "operator": "Department of Education",
        "school": "primary"
      },
      "geometry": {
        "type": "Point",
        "coordinates": [
          77.6061116,
          12.96555
        ]
      },
      "id": "node/6348761817"
    },
    {
      "type": "Feature",
      "properties": {
        "@id": "node/6348764653",
        "addr:place": "Doopanahalli",
        "amenity": "school",
        "isced": "2",
        "name": "GHPS Doopanahalli",
        "name:kn": "ಸರ್ಕಾರಿ ಹಿರಿಯ ಪ್ರಾಥಮಿಕ ಶಾಲೆ ದೂಪನಹಳ್ಳಿ",
        "operator": "Department of Education",
        "school": "primary"
      },
      "geometry": {
        "type": "Point",
        "coordinates": [
          77.639208,
          12.9673592
        ]
      },
      "id": "node/6348764653"
    },
    {
      "type": "Feature",
      "properties": {
        "@id": "node/6348823859",
        "addr:place": "Jogupalya",
        "amenity": "school",
        "isced:level": "2",
        "name": "GHPS (K) Jogupalya",
        "name:kn": "ಸರ್ಕಾರಿ ಹಿರಿಯ ಪ್ರಾಥಮಿಕ ಶಾಲೆ (ಕನ್ನಡ) ಜೊಗುಪಾಳ್ಯ",
        "operator": "Department of Education",
        "school": "primary"
      },
      "geometry": {
        "type": "Point",
        "coordinates": [
          77.6302852,
          12.9723069
        ]
      },
      "id": "node/6348823859"
    },
    {
      "type": "Feature",
      "properties": {
        "@id": "node/6348827978",
        "addr:place": "Jogupalya",
        "amenity": "school",
        "isced:level": "2",
        "name": "GUHPS Jogupalya",
        "name:kn": "ಸರ್ಕಾರಿ ಉರ್ದು ಹಿರಿಯ ಪ್ರಾಥಮಿಕ ಶಾಲೆ ಜೊಗುಪಾಳ್ಯ",
        "operator": "Department of Education",
        "school": "primary"
      },
      "geometry": {
        "type": "Point",
        "coordinates": [
          77.6311063,
          12.9706487
        ]
      },
      "id": "node/6348827978"
    },
    {
      "type": "Feature",
      "properties": {
        "@id": "node/6348833682",
        "addr:place": "Ulsoor",
        "amenity": "school",
        "isced:level": "2",
        "name": "Sri Ramakrishna HPS Ulsoor",
        "name:kn": "ಶ್ರೀ ರಾಮಕೃಷ್ಣ ಹಿರಿಯ ಪ್ರಾಥಮಿಕ ಶಾಲೆ ಹಲಸೂರು",
        "operator": "Department of Education",
        "school": "primary"
      },
      "geometry": {
        "type": "Point",
        "coordinates": [
          77.6293447,
          12.9760932
        ]
      },
      "id": "node/6348833682"
    },
    {
      "type": "Feature",
      "properties": {
        "@id": "node/6348845055",
        "addr:place": "Adugodi",
        "amenity": "school",
        "isced:level": "2",
        "name": "GMPS Marp Adugodi",
        "name:kn": "ಸರ್ಕಾರಿ ಮಾದರಿ ಪ್ರಾಥಮಿಕ ಶಾಲೆ ಅಡುಗೊಡಿ",
        "operator": "Department of Education",
        "school": "primary"
      },
      "geometry": {
        "type": "Point",
        "coordinates": [
          77.6120178,
          12.9411408
        ]
      },
      "id": "node/6348845055"
    },
    {
      "type": "Feature",
      "properties": {
        "@id": "node/6348847356",
        "addr:place": "Rajendranagar",
        "amenity": "school",
        "isced:level": "2",
        "name": "GUHPS Rajendranagar",
        "name:kn": "ಸರ್ಕಾರಿ ಉರ್ದು ಹಿರಿಯ ಪ್ರಾಥಮಿಕ ಶಾಲೆ ರಾಜೇಂದ್ರನಗರ",
        "operator": "Department of Primary and Secondary Education",
        "operator:type": "government",
        "operator:wikidata": "Q111467381",
        "school": "primary"
      },
      "geometry": {
        "type": "Point",
        "coordinates": [
          77.6171647,
          12.9475264
        ]
      },
      "id": "node/6348847356"
    },
    {
      "type": "Feature",
      "properties": {
        "@id": "node/6348868701",
        "addr:place": "Koramangala",
        "amenity": "school",
        "isced:level": "2",
        "name": "Koramangala K&T HPS",
        "name:kn": "ಕೋರಮಂಗಲ ಕೆ.ಟಿ ಹಿರಿಯ ಪ್ರಾಥಮಿಕ ಶಾಲೆ",
        "operator": "Department of Primary and Secondary Education",
        "operator:type": "government",
        "operator:wikidata": "Q111467381",
        "school": "primary"
      },
      "geometry": {
        "type": "Point",
        "coordinates": [
          77.6182798,
          12.94766
        ]
      },
      "id": "node/6348868701"
    },
    {
      "type": "Feature",
      "properties": {
        "@id": "node/6348871070",
        "amenity": "school",
        "isced:level": "2",
        "name": "Long Memorial HPS",
        "name:kn": "ಲಾಂಗ್ ಮೆಮೋರಿಯಲ್ ಹಿರಿಯ ಪ್ರಾಥಮಿಕ ಶಾಲೆ",
        "operator": "Department of Education",
        "school": "primary"
      },
      "geometry": {
        "type": "Point",
        "coordinates": [
          77.6089966,
          12.942581
        ]
      },
      "id": "node/6348871070"
    },
    {
      "type": "Feature",
      "properties": {
        "@id": "node/6348880655",
        "addr:place": "Koramangala",
        "amenity": "school",
        "isced:level": "2",
        "name": "GMPS Koramangala",
        "name:kn": "ಸರ್ಕಾರಿ ಮಾದರಿ ಪ್ರಾಥಮಿಕ ಶಾಲೆ ಕೋರಮಂಗಲ",
        "operator": "Department of Primary and Secondary Education",
        "operator:type": "government",
        "operator:wikidata": "Q111467381",
        "school": "primary"
      },
      "geometry": {
        "type": "Point",
        "coordinates": [
          77.6189383,
          12.9436634
        ]
      },
      "id": "node/6348880655"
    },
    {
      "type": "Feature",
      "properties": {
        "@id": "node/6348899089",
        "addr:place": "Koramangala",
        "amenity": "school",
        "isced:level": "2",
        "name": "Shivaganga HPS Koramangala",
        "name:kn": "ಶಿವಗಂಗಾ ಹಿರಿಯ ಪ್ರಾಥಮಿಕ ಶಾಲೆ ಕೋರಮಂಗಲ",
        "operator": "Department of Primary and Secondary Education",
        "operator:type": "government",
        "operator:wikidata": "Q111467381",
        "school": "primary"
      },
      "geometry": {
        "type": "Point",
        "coordinates": [
          77.6188547,
          12.94917
        ]
      },
      "id": "node/6348899089"
    },
    {
      "type": "Feature",
      "properties": {
        "@id": "node/6348906937",
        "addr:place": "Dairy Colony",
        "amenity": "school",
        "isced:level": "2",
        "name": "GHPS Dairy Colony",
        "name:kn": "ಸರ್ಕಾರಿ ಹಿರಿಯ ಪ್ರಾಥಮಿಕ ಶಾಲೆ ಡೈರಿ ಕಾಲೋನಿ",
        "operator": "Department of Education",
        "school": "primary"
      },
      "geometry": {
        "type": "Point",
        "coordinates": [
          77.6072286,
          12.9386863
        ]
      },
      "id": "node/6348906937"
    },
    {
      "type": "Feature",
      "properties": {
        "@id": "node/6348945618",
        "addr:place": "Lakkasandra",
        "amenity": "school",
        "isced:level": "2",
        "name": "GHPS Lakkasandra",
        "name:kn": "ಸರ್ಕಾರಿ ಹಿರಿಯ ಪ್ರಾಥಮಿಕ ಶಾಲೆ ಲಕ್ಕಸಂದ್ರ",
        "operator": "Department of Education",
        "school": "primary"
      },
      "geometry": {
        "type": "Point",
        "coordinates": [
          77.6000871,
          12.9438378
        ]
      },
      "id": "node/6348945618"
    },
    {
      "type": "Feature",
      "properties": {
        "@id": "node/6348958422",
        "addr:place": "Adugodi",
        "amenity": "school",
        "isced:level": "2",
        "name": "GMPS Munichinnappa Adugodi",
        "name:kn": "ಸರ್ಕಾರಿ ಮಾದರಿ ಪ್ರಾಥಮಿಕ ಶಾಲೆ ಮುನಿಚಿನ್ನಪ್ಪಾ  ಆಡುಗೋಡಿ",
        "operator": "Department of Primary and Secondary Education",
        "operator:wikidata": "Q111467381",
        "school": "primary"
      },
      "geometry": {
        "type": "Point",
        "coordinates": [
          77.6069753,
          12.9442879
        ]
      },
      "id": "node/6348958422"
    },
    {
      "type": "Feature",
      "properties": {
        "@id": "node/6348971753",
        "addr:place": "Lakkasandra",
        "amenity": "school",
        "isced:level": "2",
        "name": "GUHPS Lakkasandra",
        "name:kn": "ಸರ್ಕಾರಿ ಉರ್ದು ಹಿರಿಯ ಪ್ರಾಥಮಿಕ ಶಾಲೆ ಲಕ್ಕಸಂದ್ರ",
        "operator": "Department of Education",
        "school": "primary"
      },
      "geometry": {
        "type": "Point",
        "coordinates": [
          77.5995158,
          12.9431126
        ]
      },
      "id": "node/6348971753"
    },
    {
      "type": "Feature",
      "properties": {
        "@id": "node/6349003902",
        "addr:place": "Eegipura",
        "amenity": "school",
        "isced:level": "2",
        "name": "GHPS Eegipura",
        "name:kn": "ಸರ್ಕಾರಿ ಹಿರಿಯ ಪ್ರಾಥಮಿಕ ಶಾಲೆ ಈಜಿಪುರ",
        "operator": "Department of Primary and Secondary Education",
        "operator:type": "government",
        "operator:wikidata": "Q111467381",
        "school": "primary"
      },
      "geometry": {
        "type": "Point",
        "coordinates": [
          77.6296536,
          12.9447434
        ]
      },
      "id": "node/6349003902"
    },
    {
      "type": "Feature",
      "properties": {
        "@id": "node/6349011311",
        "addr:suburb": "Neelasandra",
        "amenity": "school",
        "isced:level": "2",
        "name": "Mahanagara Palike HPS Neelasandra",
        "name:kn": "ಮಹಾನಗರ ಪಾಲಿಕೆ ಹಿರಿಯ ಪ್ರಾಥಮಿಕ ಶಾಲೆನೀಲಸಂದ್ರ",
        "operator": "Department of Primary and Secondary Education",
        "operator:wikidata": "Q111467381",
        "school": "primary"
      },
      "geometry": {
        "type": "Point",
        "coordinates": [
          77.6116127,
          12.9547967
        ]
      },
      "id": "node/6349011311"
    },
    {
      "type": "Feature",
      "properties": {
        "@id": "node/6349031908",
        "addr:place": "Shanthinagar",
        "amenity": "school",
        "isced:level": "2",
        "name": "GHPS Ksrtc Shanthinagar",
        "name:kn": "ಸರ್ಕಾರಿ ಹಿರಿಯ ಪ್ರಾಥಮಿಕ ಶಾಲೆ ಕೆ.ಎಸ್‌.ಆರ್‌.ಟಿ.ಸಿ ಶಾಂತಿನಗರ",
        "operator": "Department of Education",
        "school": "primary"
      },
      "geometry": {
        "type": "Point",
        "coordinates": [
          77.6004211,
          12.9539725
        ]
      },
      "id": "node/6349031908"
    },
    {
      "type": "Feature",
      "properties": {
        "@id": "node/6349040951",
        "amenity": "school",
        "isced:level": "2",
        "name": "Shanthi KHPS Vinayakanagar",
        "name:kn": "ಶಾಂತಿ ಕನ್ನಡ ಹಿರಿಯ ಪ್ರಾಥಮಿಕ ಶಾಲೆ ವಿನಾಯಕನಗರ",
        "operator": "Department of Education",
        "school": "primary"
      },
      "geometry": {
        "type": "Point",
        "coordinates": [
          77.6005694,
          12.9533162
        ]
      },
      "id": "node/6349040951"
    },
    {
      "type": "Feature",
      "properties": {
        "@id": "node/6349045454",
        "addr:place": "Yalagondana Palya",
        "amenity": "school",
        "isced:level": "2",
        "name": "GKHPS Yalagondana Palya",
        "name:kn": "ಸರ್ಕಾರಿ ಕನ್ನಡ ಹಿರಿಯ ಪ್ರಾಥಮಿಕ ಶಾಲೆ ಯಳಗೊಂಡನ ಪಾಳ್ಯ",
        "operator": "Department of Education",
        "school": "primary"
      },
      "geometry": {
        "type": "Point",
        "coordinates": [
          77.6161707,
          12.9639537
        ]
      },
      "id": "node/6349045454"
    },
    {
      "type": "Feature",
      "properties": {
        "@id": "node/6349052554",
        "addr:place": "Wilson Garden",
        "amenity": "school",
        "isced:level": "2",
        "name": "GKMPS Wilson Garden",
        "name:kn": "ಸರ್ಕಾರಿ ಕನ್ನಡ ಮಾದರಿ ಪ್ರಾಥಮಿಕ ಶಾಲೆ ವಿಲ್ಸನ್ ಗಾರ್ಡನ್",
        "operator": "Department of Education",
        "school": "primary"
      },
      "geometry": {
        "type": "Point",
        "coordinates": [
          77.5968593,
          12.9482206
        ]
      },
      "id": "node/6349052554"
    },
    {
      "type": "Feature",
      "properties": {
        "@id": "node/6349074612",
        "addr:place": "Shanthinagar",
        "amenity": "school",
        "isced:level": "2",
        "name": "St Michael LPS Shanthinagar",
        "name:kn": "ಸೆಂಟ್‌ ಮೈಕಲ್ ಕಿರಿಯ ಪ್ರಾಥಮಿಕ ಶಾಲೆ ಶಾಂತಿನಗರ",
        "operator": "Department of Education",
        "school": "primary"
      },
      "geometry": {
        "type": "Point",
        "coordinates": [
          77.5978653,
          12.9555605
        ]
      },
      "id": "node/6349074612"
    },
    {
      "type": "Feature",
      "properties": {
        "@id": "node/6349080102",
        "addr:place": "Yadiyuru",
        "amenity": "school",
        "isced:level": "2",
        "name": "GKHPS Yadiyuru",
        "name:kn": "ಸರ್ಕಾರಿ ಕನ್ನಡ ಹಿರಿಯ ಪ್ರಾಥಮಿಕ ಶಾಲೆ ಯಡಿಯೂರು",
        "operator": "Department of Education",
        "school": "primary"
      },
      "geometry": {
        "type": "Point",
        "coordinates": [
          77.5756443,
          12.9308215
        ]
      },
      "id": "node/6349080102"
    },
    {
      "type": "Feature",
      "properties": {
        "@id": "node/6349089553",
        "addr:place": "Jayanagar",
        "amenity": "school",
        "isced:level": "2",
        "name": "Vijaya HPS Jayanagar",
        "name:kn": "ವಿಜಯ ಹಿರಿಯ ಪ್ರಾಥಮಿಕ ಶಾಲೆ ಜಯನಗರ",
        "operator": "Department of Education",
        "school": "primary"
      },
      "geometry": {
        "type": "Point",
        "coordinates": [
          77.57751,
          12.9357317
        ]
      },
      "id": "node/6349089553"
    },
    {
      "type": "Feature",
      "properties": {
        "@id": "node/6349206826",
        "addr:place": "Willson Garden",
        "amenity": "school",
        "isced:level": "2",
        "name": "Maruthi KHPS Willson Garden",
        "name:kn": "ಮಾರುತಿ ಕನ್ನಡ ಹಿರಿಯ ಪ್ರಾಥಮಿಕ ಶಾಲೆ ವಿಲ್ಸನ್ ಗಾರ್ಡನ್",
        "operator": "Pvt. Aided",
        "school": "primary"
      },
      "geometry": {
        "type": "Point",
        "coordinates": [
          77.5974085,
          12.9492633
        ]
      },
      "id": "node/6349206826"
    },
    {
      "type": "Feature",
      "properties": {
        "@id": "node/6349285856",
        "addr:place": "V V Puram",
        "amenity": "school",
        "isced:level": "2",
        "name": "Ganapathi Vidyamandir V V Puram",
        "name:kn": "ಗಣಪತಿ ವಿದ್ಯಾಮಂದಿರ ವಿ.ವಿ. ಪುರಂ",
        "operator": "Pvt. Aided",
        "school": "primary"
      },
      "geometry": {
        "type": "Point",
        "coordinates": [
          77.5817969,
          12.9523143
        ]
      },
      "id": "node/6349285856"
    },
    {
      "type": "Feature",
      "properties": {
        "@id": "node/6349293094",
        "addr:place": "Tilak Nagar",
        "amenity": "school",
        "isced:level": "2",
        "name": "GHPS Tilak Nagar",
        "name:kn": "ಸರ್ಕಾರಿ ಹಿರಿಯ ಪ್ರಾಥಮಿಕ ಶಾಲೆ ತಿಲಕ್ ನಗರ",
        "operator": "Department of Education",
        "school": "primary"
      },
      "geometry": {
        "type": "Point",
        "coordinates": [
          77.5995415,
          12.9314978
        ]
      },
      "id": "node/6349293094"
    },
    {
      "type": "Feature",
      "properties": {
        "@id": "node/6349346578",
        "addr:place": "Byrasandra",
        "amenity": "school",
        "isced:level": "2",
        "name": "GHPS Byrasandra",
        "name:kn": "ಸರ್ಕಾರಿ ಹಿರಿಯ ಪ್ರಾಥಮಿಕ ಶಾಲೆ ಬೈರಸಂದ್ರ",
        "operator": "Department of Education",
        "school": "primary"
      },
      "geometry": {
        "type": "Point",
        "coordinates": [
          77.5910009,
          12.933863
        ]
      },
      "id": "node/6349346578"
    },
    {
      "type": "Feature",
      "properties": {
        "@id": "node/6349356487",
        "addr:place": "Byrasandra",
        "amenity": "school",
        "isced:level": "2",
        "name": "GHPS(U) Byrasandra",
        "name:kn": "ಸರ್ಕಾರಿ ಹಿರಿಯ ಪ್ರಾಥಮಿಕ ಶಾಲೆ (ಯು) ಬೈರಸಂದ್ರ",
        "operator": "Department of Education",
        "school": "primary"
      },
      "geometry": {
        "type": "Point",
        "coordinates": [
          77.5918045,
          12.9329465
        ]
      },
      "id": "node/6349356487"
    },
    {
      "type": "Feature",
      "properties": {
        "@id": "node/6349390139",
        "addr:place": "Yadiyur",
        "amenity": "school",
        "isced:level": "2",
        "name": "Tejaswini KHPS Yadiyur",
        "name:kn": "ತೇಜಸ್ವಿನಿ ಕನ್ನಡ ಹಿರಿಯ ಪ್ರಾಥಮಿಕ ಶಾಲೆ ಯಡಿಯೂರು",
        "operator": "Pvt. Aided",
        "school": "primary"
      },
      "geometry": {
        "type": "Point",
        "coordinates": [
          77.5882379,
          12.9308366
        ]
      },
      "id": "node/6349390139"
    },
    {
      "type": "Feature",
      "properties": {
        "@id": "node/6349430485",
        "addr:place": "Byrasandra",
        "amenity": "school",
        "isced:level": "2",
        "name": "Shree Sangameshwara KHPS Byrasandra",
        "name:kn": "ಶ್ರೀ ಸಂಗಮೇಶ್ವರ ಕನ್ನಡ ಹಿರಿಯ ಪ್ರಾಥಮಿಕ ಶಾಲೆ ಬೈರಸಂದ್ರ",
        "operator": "Pvt. Aided",
        "school": "primary"
      },
      "geometry": {
        "type": "Point",
        "coordinates": [
          77.5906546,
          12.9339884
        ]
      },
      "id": "node/6349430485"
    },
    {
      "type": "Feature",
      "properties": {
        "@id": "node/6349451119",
        "addr:place": "V V Puram",
        "amenity": "school",
        "name": "GUHPS V V Puram",
        "name:kn": "ಸರ್ಕಾರಿ ಉರ್ದು ಹಿರಿಯ ಪ್ರಾಥಮಿಕ ಶಾಲೆ ವಿ.ವಿ. ಪುರಂ",
        "operator": "Pvt. Aided",
        "school": "primary"
      },
      "geometry": {
        "type": "Point",
        "coordinates": [
          77.5821593,
          12.9544133
        ]
      },
      "id": "node/6349451119"
    },
    {
      "type": "Feature",
      "properties": {
        "@id": "node/6349491619",
        "addr:place": "Lalbhag Siddapur",
        "amenity": "school",
        "isced:level": "2",
        "name": "GHPS Lalbhag Siddapur",
        "name:kn": "ಸರ್ಕಾರಿ ಹಿರಿಯ ಪ್ರಾಥಮಿಕ ಶಾಲೆ ಲಾಲ್ಭಾಗ್ ಸಿದ್ದಾಪುರ",
        "operator": "Department of Education",
        "school": "primary"
      },
      "geometry": {
        "type": "Point",
        "coordinates": [
          77.5884207,
          12.9458038
        ]
      },
      "id": "node/6349491619"
    },
    {
      "type": "Feature",
      "properties": {
        "@id": "node/6349544678",
        "addr:place": "Suddagunte Palya",
        "amenity": "school",
        "isced:level": "2",
        "name": "Padmavathi HS Suddagunte Palya",
        "name:kn": "ಪದ್ಮಾವತಿ ಎಚ್‌.ಎಸ್‌. ಸುದ್ದಗುಂಟೆ ಪಾಳ್ಯ",
        "operator": "Pvt. Aided",
        "school": "primary"
      },
      "geometry": {
        "type": "Point",
        "coordinates": [
          77.6117497,
          12.9475906
        ]
      },
      "id": "node/6349544678"
    },
    {
      "type": "Feature",
      "properties": {
        "@id": "node/6349556765",
        "addr:place": "Ulsoor",
        "amenity": "school",
        "isced:level": "2",
        "name": "St Miras HPS Ulsoor",
        "name:kn": "ಸೆಂಟ್‌ ಮಿರಸ್ ಹಿರಿಯ ಪ್ರಾಥಮಿಕ ಶಾಲೆ ಹಲಸೂರು",
        "operator": "Pvt. Aided",
        "school": "primary"
      },
      "geometry": {
        "type": "Point",
        "coordinates": [
          77.6288761,
          12.9685408
        ]
      },
      "id": "node/6349556765"
    },
    {
      "type": "Feature",
      "properties": {
        "@id": "node/6349564529",
        "addr:place": "Jogupalya",
        "amenity": "school",
        "isced:level": "2",
        "name": "Kairaliketan HPS Jogupalya",
        "name:kn": "ಕೈರಾಲಿಕೇತನ್ ಹಿರಿಯ ಪ್ರಾಥಮಿಕ ಶಾಲೆ ಜೊಗುಪಾಳ್ಯ",
        "operator": "Pvt. Aided",
        "school": "primary"
      },
      "geometry": {
        "type": "Point",
        "coordinates": [
          77.6282174,
          12.9766881
        ]
      },
      "id": "node/6349564529"
    },
    {
      "type": "Feature",
      "properties": {
        "@id": "node/6349565035",
        "addr:place": "Appareddypalya",
        "amenity": "school",
        "isced:level": "2",
        "name": "GHPS Appareddypalya",
        "name:kn": "ಸರ್ಕಾರಿ ಹಿರಿಯ ಪ್ರಾಥಮಿಕ ಶಾಲೆ ಅಪ್ಪರೆಡ್ಡಿಪಾಳ್ಯ",
        "operator": "Department of Education",
        "school": "primary"
      },
      "geometry": {
        "type": "Point",
        "coordinates": [
          77.6374384,
          12.9741197
        ]
      },
      "id": "node/6349565035"
    },
    {
      "type": "Feature",
      "properties": {
        "@id": "node/6349571364",
        "alt_name": "St. Euphrasia's Higher Primary School",
        "amenity": "school",
        "isced:level": "2",
        "name": "St. Mary's Euphrasia School",
        "operator": "Pvt. Aided",
        "school": "primary"
      },
      "geometry": {
        "type": "Point",
        "coordinates": [
          77.603794,
          12.9675192
        ]
      },
      "id": "node/6349571364"
    },
    {
      "type": "Feature",
      "properties": {
        "@id": "node/6349577893",
        "addr:place": "Arekempanahalli",
        "amenity": "school",
        "isced:level": "2",
        "name": "GUMPS Tank Garden Arekempanahalli",
        "name:kn": "ಸರ್ಕಾರಿ ಉರ್ದು ಮಾದರಿ ಪ್ರಾಥಮಿಕ ಶಾಲೆ ಟ್ಯಾಂಕ್ ಗಾರ್ಡನ್",
        "operator": "Department of Education",
        "school": "primary"
      },
      "geometry": {
        "type": "Point",
        "coordinates": [
          77.594691,
          12.9446007
        ]
      },
      "id": "node/6349577893"
    },
    {
      "type": "Feature",
      "properties": {
        "@id": "node/6349591431",
        "addr:place": "S G Palya",
        "amenity": "school",
        "isced:level": "2",
        "name": "Francescon S G Palya",
        "name:kn": "ಫ್ರಾನ್ಸೆಸ್ಕಾನ್ ಎಸ್.ಜಿ ಪಾಳ್ಯ",
        "operator": "Pvt. Aided",
        "school": "primary"
      },
      "geometry": {
        "type": "Point",
        "coordinates": [
          77.6088007,
          12.93132
        ]
      },
      "id": "node/6349591431"
    },
    {
      "type": "Feature",
      "properties": {
        "@id": "node/6349597045",
        "amenity": "school",
        "isced:level": "2",
        "name": "Sacred Heart Boys Primary School",
        "name:kn": "ಸೇಕ್ರೆಡ್ ಹಾರ್ಟ್ಸ್ ಬಾಲಕರ ಪ್ರಾಥಮಿಕ ಶಾಲೆ ರಿಚ್‌ಮಂಡ್ ಟೌನ್",
        "operator": "Pvt. Aided",
        "school": "primary"
      },
      "geometry": {
        "type": "Point",
        "coordinates": [
          77.6101244,
          12.9664376
        ]
      },
      "id": "node/6349597045"
    },
    {
      "type": "Feature",
      "properties": {
        "@id": "node/6393830707",
        "amenity": "hospital",
        "healthcare": "hospital",
        "name": "Sujatha Hospital"
      },
      "geometry": {
        "type": "Point",
        "coordinates": [
          77.6372391,
          12.9781293
        ]
      },
      "id": "node/6393830707"
    },
    {
      "type": "Feature",
      "properties": {
        "@id": "node/6408981408",
        "addr:place": "Vivekanagar, Austin Town W",
        "amenity": "school",
        "isced:level": "3",
        "name": "Babymirror HPS Vivekanagar, Austin Town W No 71",
        "name:kn": "ಬೇಬಿ ಮಿರರ್ ಹಿರಿಯ ಪ್ರಾಥಮಿಕ ಶಾಲೆ ವಿವೇಕನಗರ ಆಸ್ಟಿನ್‌ಟೌನ್‌",
        "operator": "Private Un-Aided",
        "school": "Higher Secondary"
      },
      "geometry": {
        "type": "Point",
        "coordinates": [
          77.6179802,
          12.9572323
        ]
      },
      "id": "node/6408981408"
    },
    {
      "type": "Feature",
      "properties": {
        "@id": "node/6408995812",
        "addr:place": "Viveka, Austin Town",
        "amenity": "school",
        "isced:level": "2",
        "name": "Bala Aesu Vidyalaya HPS Viveka, Austin Town W No 71",
        "name:kn": "ಬಾಲಾ ಏಸು ವಿದ್ಯಾಲಯ ಹಿರಿಯ ಪ್ರಾಥಮಿಕ ಶಾಲೆ ವಿವೇಕನಗರ,ಆಸ್ಟಿನ್‌ಟೌನ್‌",
        "operator": "Private Un-Aided",
        "school": "Higher Primary"
      },
      "geometry": {
        "type": "Point",
        "coordinates": [
          77.6185446,
          12.9541946
        ]
      },
      "id": "node/6408995812"
    },
    {
      "type": "Feature",
      "properties": {
        "@id": "node/6409085052",
        "addr:place": "Vivekanagar, Austin Town",
        "amenity": "school",
        "isced:level": "3",
        "name": "Infant Indian HPS Neelasandra, Austin Town W No 71",
        "name:kn": "ಇನ್ಫ್ಯಾಂಟ್ ಭಾರತೀಯ ಹಿರಿಯ ಪ್ರಾಥಮಿಕ ಶಾಲೆ, ನೀಲಸಂದ್ರ, ಆಸ್ಟಿನ್‌ಟೌನ್‌",
        "operator": "Private Un-Aided",
        "school": "Higher Secondary"
      },
      "geometry": {
        "type": "Point",
        "coordinates": [
          77.6154402,
          12.9566503
        ]
      },
      "id": "node/6409085052"
    },
    {
      "type": "Feature",
      "properties": {
        "@id": "node/6410768087",
        "addr:place": "Austin Town",
        "amenity": "school",
        "isced:level": "3",
        "name": "Karnataka Vidya Shala (KVS)HPS, Austin Town W No 71",
        "name:kn": "ಕರ್ನಾಟಕ ವಿದ್ಯಾ ಶಾಲಾ (ಕೆವಿಎಸ್) ಹಿರಿಯ ಪ್ರಾಥಮಿಕ ಶಾಲೆ, ಆಸ್ಟಿನ್‌ಟೌನ್‌",
        "operator": "Private Un-Aided",
        "school": "Higher Secondary"
      },
      "geometry": {
        "type": "Point",
        "coordinates": [
          77.6140476,
          12.9575753
        ]
      },
      "id": "node/6410768087"
    },
    {
      "type": "Feature",
      "properties": {
        "@id": "node/6420770985",
        "addr:place": "Austin Town",
        "amenity": "school",
        "isced:level": "3",
        "name": "Shanthinikethan HPS Vivekanag, Austin Town W No 71",
        "name:kn": "ಶಾಂತಿನಿಕೇತನ ಹಿರಿಯ ಪ್ರಾಥಮಿಕ ಶಾಲೆ ವಿವೇಕನಗರ, ಆಸ್ಟಿನ್‌ಟೌನ್‌",
        "operator": "Private Un-Aided",
        "school": "Higher Secondary"
      },
      "geometry": {
        "type": "Point",
        "coordinates": [
          77.6204588,
          12.9531262
        ]
      },
      "id": "node/6420770985"
    },
    {
      "type": "Feature",
      "properties": {
        "@id": "node/6420920996",
        "addr:place": "Austin Town",
        "amenity": "school",
        "isced:level": "3",
        "name": "Elight HS, Austin Town W No 71",
        "name:kn": "ಎಲೈಟ್ ಪ್ರೌಢಶಾಲೆ, ಆಸ್ಟಿನ್‌ಟೌನ್‌",
        "operator": "Private Un-Aided",
        "school": "Higher Secondary"
      },
      "geometry": {
        "type": "Point",
        "coordinates": [
          77.6130259,
          12.9517387
        ]
      },
      "id": "node/6420920996"
    },
    {
      "type": "Feature",
      "properties": {
        "@id": "node/6422297356",
        "addr:place": "Austin Town",
        "amenity": "school",
        "isced:level": "3",
        "name": "Reliance School, Austin Town W No 71",
        "name:kn": "ರಿಲಯನ್ಸ್ ಶಾಲೆ ,ಆಸ್ಟಿನ್‌ಟೌನ್‌",
        "operator": "Private Un-Aided",
        "school": "Higher Secondary"
      },
      "geometry": {
        "type": "Point",
        "coordinates": [
          77.6137517,
          12.9568361
        ]
      },
      "id": "node/6422297356"
    },
    {
      "type": "Feature",
      "properties": {
        "@id": "node/6438148285",
        "addr:place": "Dommalur",
        "amenity": "school",
        "isced:level": "3",
        "name": "Vidyanikethan Ehp Dommalur",
        "name:kn": "ವಿದ್ಯಾನಿಕೆಥನ್ ಇ.ಎಚ್.ಪಿ ದೊಮ್ಮಲೂರು",
        "operator": "Private Un-Aided",
        "school": "Higher Secondary"
      },
      "geometry": {
        "type": "Point",
        "coordinates": [
          77.6373162,
          12.9562148
        ]
      },
      "id": "node/6438148285"
    },
    {
      "type": "Feature",
      "properties": {
        "@id": "node/6442682034",
        "addr:place": "Dommalur",
        "amenity": "school",
        "isced:level": "2",
        "name": "Bangalore Montessori Eng School",
        "name:kn": "ಬೆಂಗಳೂರು ಮಾಂಟೆಸ್ಸರಿ ಆಂಗ್ಲ ಶಾಲೆ ,ದೊಮ್ಮಲೂರು",
        "operator": "Private Un-Aided",
        "school": "Higher Primary"
      },
      "geometry": {
        "type": "Point",
        "coordinates": [
          77.6374537,
          12.9554582
        ]
      },
      "id": "node/6442682034"
    },
    {
      "type": "Feature",
      "properties": {
        "@id": "node/6469091066",
        "addr:place": "Dommalur",
        "amenity": "school",
        "isced:level": "3",
        "name": "GHS Dommalur",
        "name:kn": "ಸರ್ಕಾರಿ ಪ್ರೌಢಶಾಲೆ ದೊಮ್ಮಲೂರು",
        "operator": "Department of Education",
        "school": "Higher Secondary"
      },
      "geometry": {
        "type": "Point",
        "coordinates": [
          77.6402102,
          12.9594084
        ]
      },
      "id": "node/6469091066"
    },
    {
      "type": "Feature",
      "properties": {
        "@id": "node/6502980174",
        "addr:district": "Bengaluru Urban",
        "addr:full": "1032, 5th Block Opp Ganesh Temple, Chor Road Rajajinagar",
        "addr:postcode": "560010",
        "addr:state": "Karnataka",
        "amenity": "hospital",
        "healthcare": "hospital",
        "name": "The Eye Surgical Centre"
      },
      "geometry": {
        "type": "Point",
        "coordinates": [
          77.5493143,
          12.9821954
        ]
      },
      "id": "node/6502980174"
    },
    {
      "type": "Feature",
      "properties": {
        "@id": "node/6531687424",
        "addr:place": "jogupalya",
        "amenity": "school",
        "isced:level": "1",
        "name": "GTLPS jogupalya",
        "name:kn": "ಸರ್ಕಾರಿ ತೆಲುಗು ಕಿರಿಯ ಪ್ರಾಥಮಿಕ ಶಾಲೆ ಜೊಗುಪಾಳ್ಯ",
        "operator": "Private Un-Aided",
        "school": "primary"
      },
      "geometry": {
        "type": "Point",
        "coordinates": [
          77.6304912,
          12.9723602
        ]
      },
      "id": "node/6531687424"
    },
    {
      "type": "Feature",
      "properties": {
        "@id": "node/6531788004",
        "addr:place": "Jogupalya",
        "amenity": "school",
        "isced:level": "1",
        "name": "GULPS Jogupalya,",
        "name:kn": "ಸರ್ಕಾರಿ ಉರ್ದು ಕಿರಿಯ ಪ್ರಾಥಮಿಕ ಶಾಲೆ ಜೊಗುಪಾಳ್ಯ",
        "operator": "Department of Education",
        "school": "primary"
      },
      "geometry": {
        "type": "Point",
        "coordinates": [
          77.6273143,
          12.9740521
        ]
      },
      "id": "node/6531788004"
    },
    {
      "type": "Feature",
      "properties": {
        "@id": "node/6531889492",
        "addr:place": "Jogupalya",
        "amenity": "school",
        "isced:level": "1",
        "name": "GLPS Gowthamapura, jogupalya",
        "name:kn": "ಸರ್ಕಾರಿ ಕಿರಿಯ ಪ್ರಾಥಮಿಕ ಶಾಲೆ ಗೌತಮಪುರ, ಜೊಗುಪಾಳ್ಯ",
        "operator": "Department of Education",
        "school": "primary"
      },
      "geometry": {
        "type": "Point",
        "coordinates": [
          77.6243903,
          12.9696041
        ]
      },
      "id": "node/6531889492"
    },
    {
      "type": "Feature",
      "properties": {
        "@id": "node/6536283049",
        "addr:place": "Koramangala",
        "amenity": "school",
        "isced:level": "1",
        "name": "Gk&TLPS L R Nagara, Koramangala",
        "name:kn": "ಜಿ.ಕೆ. ತೆಲುಗು ಕಿರಿಯ ಪ್ರಾಥಮಿಕ ಶಾಲೆ ಎಲ್.ಆರ್.ನಗರ, ಕೋರಮಂಗಲ",
        "operator": "Department of Primary and Secondary Education",
        "operator:type": "government",
        "operator:wikidata": "Q111467381",
        "school": "primary"
      },
      "geometry": {
        "type": "Point",
        "coordinates": [
          77.6153935,
          12.9505983
        ]
      },
      "id": "node/6536283049"
    },
    {
      "type": "Feature",
      "properties": {
        "@id": "node/6536296262",
        "addr:place": "Koramangala",
        "amenity": "school",
        "isced:level": "1",
        "name": "GLPS Rajendranagar, Koramangala",
        "name:kn": "ಸರ್ಕಾರಿ ಕಿರಿಯ ಪ್ರಾಥಮಿಕ ಶಾಲೆ ರಾಜೇಂದ್ರನಗರ,ಕೋರಮಂಗಲ",
        "operator": "Department of Primary and Secondary Education",
        "operator:type": "government",
        "operator:wikidata": "Q111467381",
        "school": "primary"
      },
      "geometry": {
        "type": "Point",
        "coordinates": [
          77.6170535,
          12.9448595
        ]
      },
      "id": "node/6536296262"
    },
    {
      "type": "Feature",
      "properties": {
        "@id": "node/6536296450",
        "addr:place": "Koramangala",
        "amenity": "school",
        "isced:level": "3",
        "name": "Holy Saint Eng Sch Koramangala",
        "name:kn": "ಹೋಲಿ ಸೇಂಟ್‌ ಆಂಗ್ಲ ಶಾಲೆ ಕೋರಮಂಗಲ",
        "operator": "Private Un-Aided",
        "school": "Higher Secondary"
      },
      "geometry": {
        "type": "Point",
        "coordinates": [
          77.6166336,
          12.9356984
        ]
      },
      "id": "node/6536296450"
    },
    {
      "type": "Feature",
      "properties": {
        "@id": "node/6536303016",
        "addr:place": "Koramangala",
        "amenity": "school",
        "isced:level": "3",
        "name": "Neena HPS Kormangala",
        "name:kn": "ನೀನಾ ಹಿರಿಯ ಪ್ರಾಥಮಿಕ ಶಾಲೆ ಕೋರಮಂಗಲ",
        "operator": "Private Un-Aided",
        "school": "Higher Secondary"
      },
      "geometry": {
        "type": "Point",
        "coordinates": [
          77.6172102,
          12.935468
        ]
      },
      "id": "node/6536303016"
    },
    {
      "type": "Feature",
      "properties": {
        "@id": "node/6536304794",
        "addr:place": "Koramangala",
        "amenity": "school",
        "isced:level": "3",
        "name": "Babymona EHPS Koramangala",
        "name:kn": "ಬೇಬಿ ಮೋನಾ ಆಂಗ್ಲ ಹಿರಿಯ ಪ್ರಾಥಮಿಕ ಶಾಲೆ ಕೋರಮಂಗಲ",
        "operator": "Private Un-Aided",
        "school": "Higher Secondary"
      },
      "geometry": {
        "type": "Point",
        "coordinates": [
          77.6217464,
          12.9349547
        ]
      },
      "id": "node/6536304794"
    },
    {
      "type": "Feature",
      "properties": {
        "@id": "node/6536306636",
        "addr:place": "Koramangala",
        "amenity": "school",
        "isced:level": "3",
        "name": "Lawrence High School Koramangala",
        "name:kn": "ಲಾರೆನ್ಸ್ ಪ್ರೌಢಶಾಲೆ ಕೋರಮಂಗಲ",
        "operator": "Private Un-Aided",
        "school": "Higher Secondary"
      },
      "geometry": {
        "type": "Point",
        "coordinates": [
          77.6157295,
          12.9399342
        ]
      },
      "id": "node/6536306636"
    },
    {
      "type": "Feature",
      "properties": {
        "@id": "node/6536310217",
        "addr:place": "Koramangala",
        "amenity": "school",
        "isced:level": "3",
        "name": "Mes HS, Koramangala",
        "name:kn": "ಎಂ.ಇ.ಎಸ್. ಪ್ರೌಢಶಾಲೆ,ಕೋರಮಂಗಲ",
        "operator": "Private Un-Aided",
        "school": "Higher Secondary"
      },
      "geometry": {
        "type": "Point",
        "coordinates": [
          77.6187265,
          12.9412382
        ]
      },
      "id": "node/6536310217"
    },
    {
      "type": "Feature",
      "properties": {
        "@id": "node/6536319890",
        "addr:place": "Koramangala",
        "amenity": "school",
        "isced:level": "3",
        "name": "Sunshine HPS Lr Nagar, Koramangala",
        "name:kn": "ಸನ್ಶೈನ್ ಹಿರಿಯ ಪ್ರಾಥಮಿಕ ಶಾಲೆ ಎಲ್.ಆರ್.ನಗರ, ಕೋರಮಂಗಲ",
        "operator": "Private Un-Aided",
        "school": "Higher Secondary"
      },
      "geometry": {
        "type": "Point",
        "coordinates": [
          77.6190638,
          12.9515543
        ]
      },
      "id": "node/6536319890"
    },
    {
      "type": "Feature",
      "properties": {
        "@id": "node/6536327169",
        "addr:place": "Koramangala",
        "amenity": "school",
        "name": "Cephas Memorial Sch Rajendranagra, Koramangala",
        "name:kn": "ಸೆಫಾಸ್ ಸ್ಮಾರಕ ಶಾಲೆ ರಾಜೇಂದ್ರನಗರ, ಕೋರಮಂಗಲ"
      },
      "geometry": {
        "type": "Point",
        "coordinates": [
          77.6172545,
          12.9447944
        ]
      },
      "id": "node/6536327169"
    },
    {
      "type": "Feature",
      "properties": {
        "@id": "node/6536356188",
        "addr:place": "Koramangala",
        "amenity": "school",
        "isced:level": "3",
        "name": "Chinmaya Vidyalaya, Koramangala",
        "name:kn": "ಚಿನ್ಮಯ ವಿದ್ಯಾಲಯ, ಕೋರಮಂಗಲ",
        "operator": "Private Un-Aided",
        "school": "Higher Secondary"
      },
      "geometry": {
        "type": "Point",
        "coordinates": [
          77.6276797,
          12.9350185
        ]
      },
      "id": "node/6536356188"
    },
    {
      "type": "Feature",
      "properties": {
        "@id": "node/6536678805",
        "addr:place": "Lakkasandra",
        "amenity": "school",
        "isced:level": "1",
        "name": "GLPS (U) Adugodi, Lakkasandra",
        "name:kn": "ಸರ್ಕಾರಿ ಕಿರಿಯ ಪ್ರಾಥಮಿಕ ಶಾಲೆ(ಉರ್ದು)ಆಡುಗೋಡಿ, ಲಕ್ಕಸಂದ್ರ",
        "operator": "Department of Primary and Secondary Education",
        "operator:type": "government",
        "operator:wikidata": "Q111467381",
        "school": "primary"
      },
      "geometry": {
        "type": "Point",
        "coordinates": [
          77.6076781,
          12.9393229
        ]
      },
      "id": "node/6536678805"
    },
    {
      "type": "Feature",
      "properties": {
        "@id": "node/6536715418",
        "addr:place": "Lakkasandra",
        "amenity": "school",
        "isced:level": "1",
        "name": "LPS Girls S R Nagar, Lakkasandra",
        "name:kn": "ಬಾಲಕಿಯರ ಕಿರಿಯ ಪ್ರಾಥಮಿಕ ಶಾಲೆ ಎಸ್.ಆರ್. ನಗರ, ಲಕ್ಕಸಂದ್ರ",
        "operator": "Department of Education",
        "school": "primary"
      },
      "geometry": {
        "type": "Point",
        "coordinates": [
          77.6018416,
          12.9392239
        ]
      },
      "id": "node/6536715418"
    },
    {
      "type": "Feature",
      "properties": {
        "@id": "node/6536955399",
        "addr:place": "Madivala",
        "amenity": "school",
        "isced:level": "2",
        "name": "St. Sara Eng School Madiwala",
        "name:kn": "ಸೆಂಟ್ ಸಾರಾ ಆಂಗ್ಲ ಮಡಿವಾಳ",
        "operator": "Private Un-Aided",
        "school": "Higher Primary"
      },
      "geometry": {
        "type": "Point",
        "coordinates": [
          77.6173121,
          12.9462573
        ]
      },
      "id": "node/6536955399"
    },
    {
      "type": "Feature",
      "properties": {
        "@id": "node/6578360278",
        "amenity": "school",
        "name": "Government High School",
        "name:kn": "ಸರ್ಕಾರಿ ಪ್ರೌಢ ಶಾಲೆ"
      },
      "geometry": {
        "type": "Point",
        "coordinates": [
          77.5589477,
          13.0175291
        ]
      },
      "id": "node/6578360278"
    },
    {
      "type": "Feature",
      "properties": {
        "@id": "node/6702830215",
        "addr:place": "Mestri Palya",
        "amenity": "school",
        "isced:level": "1",
        "name": "GLPS Mestri Palya",
        "name:kn": "ಸರ್ಕಾರಿ ಕಿರಿಯ ಪ್ರಾಥಮಿಕ ಶಾಲೆ ಮೇಸ್ತ್ರಿ ಪಾಳ್ಯ ,ಈಜಿಪುರ",
        "operator": "Department of Primary and Secondary Education",
        "operator:type": "government",
        "operator:wikidata": "Q111467381",
        "school": "primary"
      },
      "geometry": {
        "type": "Point",
        "coordinates": [
          77.62526,
          12.9331051
        ]
      },
      "id": "node/6702830215"
    },
    {
      "type": "Feature",
      "properties": {
        "@id": "node/6702845728",
        "addr:place": "Eegipura",
        "amenity": "school",
        "isced:level": "1",
        "name": "GLPS Sheenivagilu",
        "name:kn": "ಸರ್ಕಾರಿ ಕಿರಿಯ ಪ್ರಾಥಮಿಕ ಶಾಲೆ ಶೀನಿವಾಗಿಲು,ಈಜಿಪುರ",
        "operator": "Department of Primary and Secondary Education",
        "operator:type": "government",
        "operator:wikidata": "Q111467381",
        "school": "primary"
      },
      "geometry": {
        "type": "Point",
        "coordinates": [
          77.6329739,
          12.9371426
        ]
      },
      "id": "node/6702845728"
    },
    {
      "type": "Feature",
      "properties": {
        "@id": "node/6702845916",
        "addr:place": "Eegipura",
        "amenity": "school",
        "isced:level": "3",
        "name": "Holy Christ HPS Eegipura",
        "name:kn": "ಹೋಲಿ ಕ್ರೈಸ್ಟ್ ಹಿರಿಯ ಪ್ರಾಥಮಿಕ ಶಾಲೆ ಈಜಿಪುರ",
        "operator": "Private Un-Aided",
        "school": "Higher Secondary"
      },
      "geometry": {
        "type": "Point",
        "coordinates": [
          77.6178658,
          12.9568937
        ]
      },
      "id": "node/6702845916"
    },
    {
      "type": "Feature",
      "properties": {
        "@id": "node/6702879198",
        "addr:place": "Eegipura",
        "amenity": "school",
        "isced:level": "3",
        "name": "Modern HPS Eegipura",
        "name:kn": "ಮೊಡರನ್‌ ಹಿರಿಯ ಪ್ರಾಥಮಿಕ ಶಾಲೆ ಈಜಿಪುರ",
        "operator": "Private Un-Aided",
        "school": "Higher Secondary"
      },
      "geometry": {
        "type": "Point",
        "coordinates": [
          77.6309641,
          12.9417163
        ]
      },
      "id": "node/6702879198"
    },
    {
      "type": "Feature",
      "properties": {
        "@id": "node/6734440133",
        "addr:place": "Eegipura",
        "amenity": "school",
        "isced:level": "2",
        "name": "Patriyot Vidyanikethan LPS",
        "name:kn": "ಪ್ಯಾಟ್ರಿಯಾಟ್ ವಿದ್ಯಾನಿಕೇತನ ಕಿರಿಯ ಪ್ರಾಥಮಿಕ ಶಾಲೆ,ಈಜಿಪುರ",
        "school": "Higher Primary"
      },
      "geometry": {
        "type": "Point",
        "coordinates": [
          77.6330696,
          12.9372466
        ]
      },
      "id": "node/6734440133"
    },
    {
      "type": "Feature",
      "properties": {
        "@id": "node/6734571279",
        "addr:place": "Eegipura",
        "amenity": "school",
        "isced:level": "3",
        "name": "GHS Ejipura",
        "name:kn": "ಸರ್ಕಾರಿ ಹಿರಿಯ ಪ್ರಾಥಮಿಕ ಶಾಲೆ ಈಜಿಪುರ",
        "operator": "Department of Primary and Secondary Education",
        "operator:type": "government",
        "operator:wikidata": "Q111467381",
        "school": "Higher Secondary"
      },
      "geometry": {
        "type": "Point",
        "coordinates": [
          77.6288038,
          12.9447783
        ]
      },
      "id": "node/6734571279"
    },
    {
      "type": "Feature",
      "properties": {
        "@id": "node/6734902089",
        "addr:place": "Eegipura",
        "amenity": "school",
        "isced:level": "3",
        "name": "Sathya Bama Gopal Eng HS",
        "name:kn": "ಸತ್ಯಭಾಮ ಗೋಪಾಲ್ ಆಂಗ್ಲ ಪ್ರೌಢಶಾಲೆ ಈಜಿಪುರ",
        "operator": "Private Un-Aided",
        "school": "Higher Secondary"
      },
      "geometry": {
        "type": "Point",
        "coordinates": [
          77.624214,
          12.9500615
        ]
      },
      "id": "node/6734902089"
    },
    {
      "type": "Feature",
      "properties": {
        "@id": "node/6734919588",
        "addr:place": "Eegipura",
        "amenity": "school",
        "isced:level": "3",
        "name": "Chinmaya Vidya Kendra HPS",
        "name:kn": "ಚಿನ್ಮಯ ವಿದ್ಯಾ ಕೇಂದ್ರ ಹಿರಿಯ ಪ್ರಾಥಮಿಕ ಶಾಲೆ, ಈಜಿಪುರ",
        "operator": "Private Un-Aided",
        "school": "Higher Secondary"
      },
      "geometry": {
        "type": "Point",
        "coordinates": [
          77.6306411,
          12.9401321
        ]
      },
      "id": "node/6734919588"
    },
    {
      "type": "Feature",
      "properties": {
        "@id": "node/6734977227",
        "addr:place": "Neelasandra",
        "amenity": "school",
        "isced:level": "3",
        "name": "Bright English HPS",
        "name:kn": "ಬ್ರೈಟ್ ಆಂಗ್ಲ ಹಿರಿಯ ಪ್ರಾಥಮಿಕ ಶಾಲೆ,ನೀಲಸಂದ್ರ",
        "operator": "Private Un-Aided",
        "school": "Higher Secondary"
      },
      "geometry": {
        "type": "Point",
        "coordinates": [
          77.613165,
          12.950636
        ]
      },
      "id": "node/6734977227"
    },
    {
      "type": "Feature",
      "properties": {
        "@id": "node/6745250346",
        "addr:place": "Neelasandra",
        "amenity": "school",
        "fixme": "Is this a Methodist-run school? Check spelling of name.",
        "isced:level": "3",
        "name": "Methadist HPS Anepalya",
        "name:kn": "ಮೆಥೋಡಿಸ್ಟ್ ಹಿರಿಯ ಪ್ರಾಥಮಿಕ ಶಾಲೆ ಅನೆಪಾಲಿಯಾ, ನೀಲಸಂದ್ರ",
        "operator": "Private Un-Aided",
        "school": "Higher Secondary"
      },
      "geometry": {
        "type": "Point",
        "coordinates": [
          77.6082572,
          12.9505064
        ]
      },
      "id": "node/6745250346"
    },
    {
      "type": "Feature",
      "properties": {
        "@id": "node/6745252099",
        "addr:suburb": "Neelasandra",
        "amenity": "school",
        "isced:level": "1",
        "name": "Christal LPS Neelasandra",
        "name:kn": "ಕ್ರಿಸ್ಟಲ್ ಕಿರಿಯ ಪ್ರಾಥಮಿಕ ಶಾಲೆ ನೀಲಸಂದ್ರ",
        "operator": "Private Un-Aided",
        "school": "primary"
      },
      "geometry": {
        "type": "Point",
        "coordinates": [
          77.6112572,
          12.9503639
        ]
      },
      "id": "node/6745252099"
    },
    {
      "type": "Feature",
      "properties": {
        "@id": "node/6745269432",
        "addr:place": "Neelasandra",
        "amenity": "school",
        "isced:level": "3",
        "name": "Shanthinikethan HPS",
        "name:kn": "ಶಾಂತಿನಿಕೇತನ್ ಹಿರಿಯ ಪ್ರಾಥಮಿಕ ಶಾಲೆ ನೀಲಸಂದ್ರ",
        "operator": "Private Un-Aided",
        "school": "Higher Secondary"
      },
      "geometry": {
        "type": "Point",
        "coordinates": [
          77.6182698,
          12.9499617
        ]
      },
      "id": "node/6745269432"
    },
    {
      "type": "Feature",
      "properties": {
        "@id": "node/6745306475",
        "addr:place": "Neelasandra",
        "amenity": "school",
        "isced:level": "3",
        "name": "Modern HPS Anepalya",
        "name:kn": "ಮಾಡ್ರನ್ ಹಿರಿಯ ಪ್ರಾಥಮಿಕ ಶಾಲೆ ಆನೆಪಾಳ್ಯ ,ನೀಲಸಂದ್ರ",
        "operator": "Private Un-Aided",
        "school": "Higher Secondary"
      },
      "geometry": {
        "type": "Point",
        "coordinates": [
          77.6102985,
          12.9515358
        ]
      },
      "id": "node/6745306475"
    },
    {
      "type": "Feature",
      "properties": {
        "@id": "node/6745434947",
        "addr:place": "Neelasandra",
        "amenity": "school",
        "isced:level": "1",
        "name": "Credence Public school",
        "name:kn": "ಕ್ರೆಡೆನ್ಸ್ ಪಬ್ಲಿಕ್ ನೀಲಸಂದ್ರ, ನೀಲಸಂದ್ರ",
        "operator": "Private Un-Aided",
        "school": "primary"
      },
      "geometry": {
        "type": "Point",
        "coordinates": [
          77.613761,
          12.9538525
        ]
      },
      "id": "node/6745434947"
    },
    {
      "type": "Feature",
      "properties": {
        "@id": "node/6745867506",
        "addr:place": "Shanthinagar",
        "amenity": "school",
        "isced:level": "2",
        "name": "LPS Vinayakanagar,Shanthinagar",
        "name:kn": "ಕಿರಿಯ ಪ್ರಾಥಮಿಕ ಶಾಲೆ ವಿನಾಯಕನಗರ ಶಾಂತಿನಗರ",
        "operator": "Private Un-Aided",
        "school": "Higher primary"
      },
      "geometry": {
        "type": "Point",
        "coordinates": [
          77.6017794,
          12.9515296
        ]
      },
      "id": "node/6745867506"
    },
    {
      "type": "Feature",
      "properties": {
        "@id": "node/6745868123",
        "addr:place": "Shanthinagar",
        "amenity": "school",
        "isced:level": "1",
        "name": "Morning Glory LPS",
        "name:kn": "ಮಾರ್ನಿಂಗ್ ಗ್ಲೋರಿ ಕಿರಿಯ ಪ್ರಾಥಮಿಕ ಶಾಲೆ ಶಾಂತಿನಗರ",
        "operator": "Private Un-Aided",
        "school": "primary"
      },
      "geometry": {
        "type": "Point",
        "coordinates": [
          77.5945482,
          12.9592835
        ]
      },
      "id": "node/6745868123"
    },
    {
      "type": "Feature",
      "properties": {
        "@id": "node/6807542967",
        "amenity": "hospital",
        "healthcare": "hospital",
        "name": "Lourdes High School"
      },
      "geometry": {
        "type": "Point",
        "coordinates": [
          77.540004,
          13.0182102
        ]
      },
      "id": "node/6807542967"
    },
    {
      "type": "Feature",
      "properties": {
        "@id": "node/6807551928",
        "amenity": "hospital",
        "healthcare": "hospital",
        "name": "Boregowda Lingamma Hospital",
        "name:kn": "ಬೋರೆಗೌಡ ಲಿಂಗಮ್ಮ ಆಸ್ಪತ್ರೆ"
      },
      "geometry": {
        "type": "Point",
        "coordinates": [
          77.539386,
          13.016705
        ]
      },
      "id": "node/6807551928"
    },
    {
      "type": "Feature",
      "properties": {
        "@id": "node/6807551937",
        "amenity": "hospital",
        "healthcare": "hospital",
        "name": "Kanva Hospital"
      },
      "geometry": {
        "type": "Point",
        "coordinates": [
          77.5394308,
          13.0175606
        ]
      },
      "id": "node/6807551937"
    },
    {
      "type": "Feature",
      "properties": {
        "@id": "node/6855409793",
        "addr:district": "Bengaluru Urban",
        "addr:full": "Laxmi, No.20, Shankarmutt Main Road",
        "addr:postcode": "560004",
        "addr:state": "Karnataka",
        "amenity": "hospital",
        "healthcare": "hospital",
        "name": "Dr. Agrawal's Eye Hospital",
        "source": "OpenGovernmentData"
      },
      "geometry": {
        "type": "Point",
        "coordinates": [
          77.5501121,
          12.9998982
        ]
      },
      "id": "node/6855409793"
    },
    {
      "type": "Feature",
      "properties": {
        "@id": "node/6937748988",
        "addr:district": "Bengaluru Urban",
        "addr:full": "No.65,N.H.C.S. Layout,3Road Stage,4Th Block,Basaveshwar Nagar,Kamalanagar Main Road",
        "addr:postcode": "560079",
        "addr:state": "Karnataka",
        "amenity": "hospital",
        "healthcare": "hospital",
        "name": "Ashok Hospital",
        "source": "OpenGovernmentData"
      },
      "geometry": {
        "type": "Point",
        "coordinates": [
          77.5347984,
          12.9948905
        ]
      },
      "id": "node/6937748988"
    },
    {
      "type": "Feature",
      "properties": {
        "@id": "node/6937814427",
        "addr:district": "Bengaluru Urban",
        "addr:full": "#118, 5 Th Main , 7Th Cross, N R Colony , Bull Temple Road",
        "addr:postcode": "560019",
        "addr:state": "Karnataka",
        "amenity": "hospital",
        "name": "Balaji Hospital and Gastroenterology Center",
        "source": "OpenGovernmentData"
      },
      "geometry": {
        "type": "Point",
        "coordinates": [
          77.5666429,
          12.9376087
        ]
      },
      "id": "node/6937814427"
    },
    {
      "type": "Feature",
      "properties": {
        "@id": "node/6937890455",
        "addr:district": "Bengaluru Urban",
        "addr:full": "No 80, P&T Colony R T Nagar",
        "addr:postcode": "560032",
        "addr:state": "Karnataka",
        "amenity": "hospital",
        "name": "Chaitanya Hospital",
        "name:kn": "ಚೈತನ್ಯ ಆಸ್ಪತ್ರೆ",
        "source": "OpenGovernmentData"
      },
      "geometry": {
        "type": "Point",
        "coordinates": [
          77.5941463,
          13.0237316
        ]
      },
      "id": "node/6937890455"
    },
    {
      "type": "Feature",
      "properties": {
        "@id": "node/6937892396",
        "addr:district": "Bengaluru Urban",
        "addr:full": "53, 7Th Cross , 4Th Main Road, Malleswaram",
        "addr:postcode": "560003",
        "addr:state": "Karnataka",
        "amenity": "hospital",
        "name": "Dr. B. Venkatasubbarao Memorial Hospital",
        "source": "OpenGovernmentData"
      },
      "geometry": {
        "type": "Point",
        "coordinates": [
          77.568151,
          12.9981979
        ]
      },
      "id": "node/6937892396"
    },
    {
      "type": "Feature",
      "properties": {
        "@id": "node/6937898160",
        "addr:district": "Bengaluru Urban",
        "addr:full": "#53/1 (45), Shalini,Susheela Road,Lalbagh Upparahalli ( Lalbagh West Gate)",
        "addr:postcode": "560004",
        "addr:state": "Karnataka",
        "amenity": "hospital",
        "healthcare": "hospital",
        "name": "South City Hospital, Bengaluru Urban",
        "source": "OpenGovernmentData"
      },
      "geometry": {
        "type": "Point",
        "coordinates": [
          77.5802779,
          12.9497745
        ]
      },
      "id": "node/6937898160"
    },
    {
      "type": "Feature",
      "properties": {
        "@id": "node/6938005237",
        "addr:district": "Bengaluru Urban",
        "addr:full": "#978, 18Th Cross,14Th Main, 5Th Block, 1st Stage,H.B.R.Layout",
        "addr:postcode": "560043",
        "addr:state": "Karnataka",
        "amenity": "hospital",
        "name": "Sri Sai Hospital, Bengaluru Urban",
        "source": "OpenGovernmentData"
      },
      "geometry": {
        "type": "Point",
        "coordinates": [
          77.6238732,
          13.0370143
        ]
      },
      "id": "node/6938005237"
    },
    {
      "type": "Feature",
      "properties": {
        "@id": "node/6938414183",
        "addr:district": "Bengaluru Urban",
        "addr:full": "28, 7Th Main 9Th Cross, Malleshwaram",
        "addr:postcode": "560003",
        "addr:state": "Karnataka",
        "amenity": "hospital",
        "name": "Jupiter Hospital And Institute Of Vascular Surgery",
        "source": "OpenGovernmentData"
      },
      "geometry": {
        "type": "Point",
        "coordinates": [
          77.5663653,
          12.9998457
        ]
      },
      "id": "node/6938414183"
    },
    {
      "type": "Feature",
      "properties": {
        "@id": "node/6938540502",
        "addr:district": "Bengaluru Urban",
        "addr:full": "No. 2/3, 5Th Main Shiva Complex, Kamakshipalya, Nagadimain Road , Opp Vishal Theatre",
        "addr:postcode": "560043",
        "addr:state": "Karnataka",
        "amenity": "hospital",
        "name": "Shreyas Hospital, Bengaluru Urban",
        "source": "OpenGovernmentData"
      },
      "geometry": {
        "type": "Point",
        "coordinates": [
          77.5309655,
          12.9829857
        ]
      },
      "id": "node/6938540502"
    },
    {
      "type": "Feature",
      "properties": {
        "@id": "node/6938547661",
        "addr:district": "Bengaluru Urban",
        "addr:full": "# 125 1st Cross Bhuwaneshwarinagar Sultanpalya Main Road R T Nagar Post",
        "addr:postcode": "560032",
        "addr:state": "Karnataka",
        "amenity": "hospital",
        "name": "Ashirwad Hospital",
        "source": "OpenGovernmentData"
      },
      "geometry": {
        "type": "Point",
        "coordinates": [
          77.6045479,
          13.0289685
        ]
      },
      "id": "node/6938547661"
    },
    {
      "type": "Feature",
      "properties": {
        "@id": "node/6938653696",
        "addr:district": "Bengaluru Urban",
        "addr:full": "# 9 80 Fet Road H M T Layout R T Nagar",
        "addr:postcode": "560032",
        "addr:state": "Karnataka",
        "amenity": "hospital",
        "name": "Asha Kiran Children & Women Health Care Centre",
        "source": "OpenGovernmentData"
      },
      "geometry": {
        "type": "Point",
        "coordinates": [
          77.5933929,
          13.0263529
        ]
      },
      "id": "node/6938653696"
    },
    {
      "type": "Feature",
      "properties": {
        "@id": "node/6938690597",
        "addr:district": "Bengaluru Urban",
        "addr:full": "No.71, Mill Road, Cottonpet",
        "addr:postcode": "560053",
        "addr:state": "Karnataka",
        "amenity": "hospital",
        "name": "Radha Maternity and Surgical Hospital",
        "source": "OpenGovernmentData"
      },
      "geometry": {
        "type": "Point",
        "coordinates": [
          77.5688544,
          12.9690441
        ]
      },
      "id": "node/6938690597"
    },
    {
      "type": "Feature",
      "properties": {
        "@id": "node/6938690598",
        "addr:district": "Bengaluru Urban",
        "addr:full": "No.6/7, Crescent Road Cross, Kumar Park East",
        "addr:postcode": "560001",
        "addr:state": "Karnataka",
        "amenity": "hospital",
        "healthcare:speciality": "Dornier AlphaLithotripsy Treatment; X-Rays; US Scan; Urologist Consultation",
        "name": "Hitech Kidney Stone Hospital, Bengaluru Urban",
        "operator:type": "private",
        "source": "OpenGovernmentData",
        "website": "http://www.hitechkidneystonehospital.org/"
      },
      "geometry": {
        "type": "Point",
        "coordinates": [
          77.5809833,
          12.9878104
        ]
      },
      "id": "node/6938690598"
    },
    {
      "type": "Feature",
      "properties": {
        "@id": "node/6938690600",
        "addr:district": "Bengaluru Urban",
        "addr:full": "1033,4 Th Block Dr Rajdumar Road",
        "addr:postcode": "560010",
        "addr:state": "Karnataka",
        "amenity": "hospital",
        "name": "Sri Dhavantari Ayurveda Hoapital",
        "source": "OpenGovernmentData"
      },
      "geometry": {
        "type": "Point",
        "coordinates": [
          77.5599374,
          12.9822186
        ]
      },
      "id": "node/6938690600"
    },
    {
      "type": "Feature",
      "properties": {
        "@id": "node/6938690603",
        "addr:district": "Bengaluru Urban",
        "addr:full": "No. 851/D , 5Th Block , Rajajinagar , 60Th Cross",
        "addr:postcode": "560040",
        "addr:state": "Karnataka",
        "amenity": "hospital",
        "name": "Vaidyam Hospital",
        "source": "OpenGovernmentData"
      },
      "geometry": {
        "type": "Point",
        "coordinates": [
          77.5528322,
          12.9845512
        ]
      },
      "id": "node/6938690603"
    },
    {
      "type": "Feature",
      "properties": {
        "@id": "node/6938690604",
        "addr:district": "Bengaluru Urban",
        "addr:full": "723 / B Main E S I Hospital Raod, 3Road Block, Rajajinagar",
        "addr:postcode": "560010",
        "addr:state": "Karnataka",
        "amenity": "hospital",
        "name": "Suresh Hospital - Bangalore",
        "source": "OpenGovernmentData"
      },
      "geometry": {
        "type": "Point",
        "coordinates": [
          77.5551014,
          12.9897745
        ]
      },
      "id": "node/6938690604"
    },
    {
      "type": "Feature",
      "properties": {
        "@id": "node/6938690614",
        "addr:district": "Bengaluru Urban",
        "addr:full": "No. 95 and 96, Margosa Road, 15Th Cross, Malleswaram",
        "addr:postcode": "560055",
        "addr:state": "Karnataka",
        "amenity": "hospital",
        "check_date": "2024-05-12",
        "name": "Lakshmi Maternity Home",
        "source": "OpenGovernmentData"
      },
      "geometry": {
        "type": "Point",
        "coordinates": [
          77.5694512,
          13.0058226
        ]
      },
      "id": "node/6938690614"
    },
    {
      "type": "Feature",
      "properties": {
        "@id": "node/6938690621",
        "addr:district": "Bengaluru Urban",
        "addr:full": "# 90/1, West Park Road,Between 17Th And 18Th Cross,Malleswaram",
        "addr:postcode": "560055",
        "addr:state": "Karnataka",
        "amenity": "hospital",
        "name": "Manjunatha Maternity Home and Surgical Centre",
        "source": "OpenGovernmentData"
      },
      "geometry": {
        "type": "Point",
        "coordinates": [
          77.5696993,
          13.0077265
        ]
      },
      "id": "node/6938690621"
    },
    {
      "type": "Feature",
      "properties": {
        "@id": "node/6938690626",
        "addr:district": "Bengaluru Urban",
        "addr:full": "# 111 Railway Parallel Road, 7 Th Cross, Kumara Park (W)",
        "addr:postcode": "560020",
        "addr:state": "Karnataka",
        "addr:subdistrict": "Kumara Park (W)",
        "amenity": "hospital",
        "email": "info@squinteyehospital.com",
        "name": "Samprathi Eye Hospital And Squint Centre",
        "operator:type": "private",
        "source": "OpenGovernmentData",
        "website": "https://squinteyehospital.com/"
      },
      "geometry": {
        "type": "Point",
        "coordinates": [
          77.580691,
          12.9932806
        ]
      },
      "id": "node/6938690626"
    },
    {
      "type": "Feature",
      "properties": {
        "@id": "node/6938690629",
        "addr:district": "Bengaluru Urban",
        "addr:full": "41-42/5 7Th Cross, Saraswathipuram, Nandini Layout, Main Road",
        "addr:postcode": "560096",
        "addr:state": "Karnataka",
        "amenity": "hospital",
        "name": "Shankara Nethralaya Eye Hospital",
        "source": "OpenGovernmentData"
      },
      "geometry": {
        "type": "Point",
        "coordinates": [
          77.5406188,
          13.0089953
        ]
      },
      "id": "node/6938690629"
    },
    {
      "type": "Feature",
      "properties": {
        "@id": "node/6938695148",
        "addr:district": "Bengaluru Urban",
        "addr:full": "No. 414/65, 20th Main, West of Chord road, 1st Block, Rajajinagar, Bangalore",
        "addr:postcode": "560010",
        "addr:state": "Karnataka",
        "amenity": "hospital",
        "contact:email": "info@chanrericr.com",
        "contact:phone": "080 - 42516699",
        "healthcare": "hospital",
        "name": "ChanRe Rheumatology and Immunology Center and Research",
        "source": "OpenGovernmentData",
        "website": "https://www.chanrericr.com/"
      },
      "geometry": {
        "type": "Point",
        "coordinates": [
          77.550269,
          12.9992083
        ]
      },
      "id": "node/6938695148"
    },
    {
      "type": "Feature",
      "properties": {
        "@id": "node/6938695174",
        "addr:district": "Bengaluru Urban",
        "addr:full": "Nagarwara",
        "addr:postcode": "560045",
        "addr:state": "Karnataka",
        "amenity": "hospital",
        "name": "J M J Hospital, Bengaluru Urban",
        "source": "OpenGovernmentData"
      },
      "geometry": {
        "type": "Point",
        "coordinates": [
          77.6230843,
          13.0398217
        ]
      },
      "id": "node/6938695174"
    },
    {
      "type": "Feature",
      "properties": {
        "@id": "node/6938717990",
        "addr:district": "Bengaluru Urban",
        "addr:full": "24/1 5Th Cross Malleswaram",
        "addr:postcode": "560003",
        "addr:state": "Karnataka",
        "amenity": "hospital",
        "healthcare": "hospital",
        "name": "Malleswaram Eye Day Care Hospital - Bengalore",
        "source": "OpenGovernmentData"
      },
      "geometry": {
        "type": "Point",
        "coordinates": [
          77.5716037,
          12.9966677
        ]
      },
      "id": "node/6938717990"
    },
    {
      "type": "Feature",
      "properties": {
        "@id": "node/6938717991",
        "addr:district": "Bengaluru Urban",
        "addr:full": "No.02, Sirur Park Road, Seshadripuram",
        "addr:postcode": "560020",
        "addr:state": "Karnataka",
        "amenity": "hospital",
        "healthcare": "hospital",
        "name": "Mahaveer Eye Hospital Private Limited",
        "operator:type": "private",
        "source": "OpenGovernmentData",
        "website": "http://dpal.kar.nic.in/Kanunu%20padakosha%20PDF%20Files/Recognised%20Hospitals.pdf"
      },
      "geometry": {
        "type": "Point",
        "coordinates": [
          77.5729595,
          12.9933551
        ]
      },
      "id": "node/6938717991"
    },
    {
      "type": "Feature",
      "properties": {
        "@id": "node/6938717993",
        "addr:district": "Bengaluru Urban",
        "addr:full": "No.21,22,2nd Main Road, Palace Guttahalli",
        "addr:postcode": "560003",
        "addr:state": "Karnataka",
        "amenity": "hospital",
        "name": "Bilva Hospital",
        "name:kn": "ಬಿಲ್ವಾ ಆಸ್ಪತ್ರೆ",
        "source": "OpenGovernmentData"
      },
      "geometry": {
        "type": "Point",
        "coordinates": [
          77.5802015,
          12.9989833
        ]
      },
      "id": "node/6938717993"
    },
    {
      "type": "Feature",
      "properties": {
        "@id": "node/6938759412",
        "addr:district": "Bengaluru Urban",
        "addr:full": "Opus, 143, 1st Cross, 5th Block, Koramangala",
        "addr:postcode": "560034",
        "addr:state": "Karnataka",
        "amenity": "hospital",
        "email": "info@novamedicalcenters.com",
        "healthcare:speciality": "multi speciality",
        "name": "Nova Specialty Surgery Center, Koramangala",
        "operator:type": "private",
        "source": "OpenGovernmentData",
        "website": "www.novaspecialtysurgery.com"
      },
      "geometry": {
        "type": "Point",
        "coordinates": [
          77.620208,
          12.9339097
        ]
      },
      "id": "node/6938759412"
    },
    {
      "type": "Feature",
      "properties": {
        "@id": "node/6938774143",
        "addr:district": "Bengaluru Urban",
        "addr:full": "No.10, Pipeline Road, RPC Layout, Vijayanagar, 2nd Stage",
        "addr:postcode": "560104",
        "addr:state": "Karnataka",
        "amenity": "hospital",
        "email": "skamcBengaluru@gmail.com",
        "healthcare": "hospital",
        "name": "Sri Kalabyraveshwara Swamy Ayurvedic Medical College hospital",
        "operator:type": "private",
        "source": "OpenGovernmentData",
        "website": "http://skayurvediccollegeandhospital.com/"
      },
      "geometry": {
        "type": "Point",
        "coordinates": [
          77.5435022,
          12.9650437
        ]
      },
      "id": "node/6938774143"
    },
    {
      "type": "Feature",
      "properties": {
        "@id": "node/6938775801",
        "addr:district": "Bengaluru Urban",
        "addr:full": "No 18/2, 1st Cross, M.C. Layout, Vijayanagar",
        "addr:postcode": "560079",
        "addr:state": "Karnataka",
        "amenity": "hospital",
        "name": "Anugraha Hospital, Vijayanagar",
        "name:kn": "ಅನುಗ್ರಹ ಆಸ್ಪತ್ರೆ",
        "source": "OpenGovernmentData"
      },
      "geometry": {
        "type": "Point",
        "coordinates": [
          77.5455876,
          12.9765645
        ]
      },
      "id": "node/6938775801"
    },
    {
      "type": "Feature",
      "properties": {
        "@id": "node/6938775840",
        "addr:district": "Bengaluru Urban",
        "addr:full": "7Th Cross, Rangaswamy Temple Street",
        "addr:postcode": "560053",
        "addr:state": "Karnataka",
        "amenity": "hospital",
        "name": "Amar Hospital",
        "name:kn": "ಅಮರ್ ಆಸ್ಪತ್ರೆ",
        "source": "OpenGovernmentData"
      },
      "geometry": {
        "type": "Point",
        "coordinates": [
          77.5781228,
          12.9711822
        ]
      },
      "id": "node/6938775840"
    },
    {
      "type": "Feature",
      "properties": {
        "@id": "node/6938775845",
        "addr:district": "Bengaluru Urban",
        "addr:full": "# 122, 5th Main Road, Chamarajpet",
        "addr:postcode": "560018",
        "addr:state": "Karnataka",
        "amenity": "hospital",
        "email": "retinaKarnatakaa@gmail.com",
        "name": "Retina Institute Of Karnataka",
        "operator:type": "private",
        "source": "OpenGovernmentData",
        "website": "https://www.retinainstitute.org/"
      },
      "geometry": {
        "type": "Point",
        "coordinates": [
          77.5640827,
          12.95727
        ]
      },
      "id": "node/6938775845"
    },
    {
      "type": "Feature",
      "properties": {
        "@id": "node/6938775846",
        "addr:district": "Bengaluru Urban",
        "addr:full": "123, 5Th Main Road, Chamarajpet",
        "addr:postcode": "560018",
        "addr:state": "Karnataka",
        "amenity": "hospital",
        "name": "The Venlakh Hospital",
        "source": "OpenGovernmentData"
      },
      "geometry": {
        "type": "Point",
        "coordinates": [
          77.5644522,
          12.9572978
        ]
      },
      "id": "node/6938775846"
    },
    {
      "type": "Feature",
      "properties": {
        "@id": "node/6938775854",
        "addr:district": "Bengaluru Urban",
        "addr:full": "No.10/4 & 10/5, 3Road Main Road, Hanumanthanagar",
        "addr:postcode": "560019",
        "addr:state": "Karnataka",
        "amenity": "hospital",
        "name": "Vishwabharathi Hospital Pvt. Ltd",
        "source": "OpenGovernmentData"
      },
      "geometry": {
        "type": "Point",
        "coordinates": [
          77.5644596,
          12.9406698
        ]
      },
      "id": "node/6938775854"
    },
    {
      "type": "Feature",
      "properties": {
        "@id": "node/6938775855",
        "addr:district": "Bengaluru Urban",
        "addr:full": "No 519/34, 2nd Cross 10Th Main, Bsk 1st Stage Banashankari",
        "addr:postcode": "560050",
        "addr:state": "Karnataka",
        "amenity": "hospital",
        "name": "Sunetra Eye Hospital, Bengaluru Urban",
        "source": "OpenGovernmentData"
      },
      "geometry": {
        "type": "Point",
        "coordinates": [
          77.5578493,
          12.9404548
        ]
      },
      "id": "node/6938775855"
    },
    {
      "type": "Feature",
      "properties": {
        "@id": "node/6938777910",
        "addr:district": "Bengaluru Urban",
        "addr:full": "Hosur Road",
        "addr:postcode": "560029",
        "addr:state": "Karnataka",
        "amenity": "hospital",
        "email": "rmo@nimhans.kar.nic.in;ms@nimhans.kar.nic.in",
        "healthcare": "hospital",
        "name": "National Institute of Mental Health and Neuro Sciences",
        "operator:type": "government",
        "short_name": "NIMHANS",
        "source": "OpenGovernmentData",
        "website": "https://nimhans.ac.in/"
      },
      "geometry": {
        "type": "Point",
        "coordinates": [
          77.5944105,
          12.9386321
        ]
      },
      "id": "node/6938777910"
    },
    {
      "type": "Feature",
      "properties": {
        "@id": "node/6938777957",
        "addr:district": "Bengaluru Urban",
        "addr:full": "67/1, H V R Complex Magadi Main Road Kanakapura",
        "addr:postcode": "560079",
        "addr:state": "Karnataka",
        "amenity": "hospital",
        "name": "Padmavathi Hospital, Bengaluru Urban",
        "source": "OpenGovernmentData"
      },
      "geometry": {
        "type": "Point",
        "coordinates": [
          77.5333714,
          12.9817311
        ]
      },
      "id": "node/6938777957"
    },
    {
      "type": "Feature",
      "properties": {
        "@id": "node/6938781514",
        "addr:district": "Bengaluru Urban",
        "addr:full": "Hennur Main Road Opposite Srirama Temple",
        "addr:postcode": "560043",
        "addr:state": "Karnataka",
        "amenity": "hospital",
        "healthcare": "hospital",
        "name": "K C Raju Multi Speciality Hospital",
        "source": "OpenGovernmentData"
      },
      "geometry": {
        "type": "Point",
        "coordinates": [
          77.6235594,
          13.0090828
        ]
      },
      "id": "node/6938781514"
    },
    {
      "type": "Feature",
      "properties": {
        "@id": "node/6938794412",
        "addr:district": "Bengaluru Urban",
        "addr:full": "1105, 5Th Cross,Kn Extension, Yeshwanthpur",
        "addr:postcode": "560022",
        "addr:state": "Karnataka",
        "amenity": "hospital",
        "name": "Kala Hospital",
        "source": "OpenGovernmentData"
      },
      "geometry": {
        "type": "Point",
        "coordinates": [
          77.5587304,
          13.0223669
        ]
      },
      "id": "node/6938794412"
    },
    {
      "type": "Feature",
      "properties": {
        "@id": "node/6938948962",
        "addr:district": "Bengaluru Urban",
        "addr:full": "402, 2nd Cross Judges Colony Ganganagar",
        "addr:postcode": "560032",
        "addr:state": "Karnataka",
        "amenity": "hospital",
        "name": "Lakshmi Hospital, Ganganagar",
        "source": "OpenGovernmentData"
      },
      "geometry": {
        "type": "Point",
        "coordinates": [
          77.592089,
          13.024837
        ]
      },
      "id": "node/6938948962"
    },
    {
      "type": "Feature",
      "properties": {
        "@id": "node/6938949273",
        "addr:district": "Bengaluru Urban",
        "addr:full": "No. 3Ac 902, 3Road A Cross, 1st Block,9Th A Main, Kalyannagar",
        "addr:postcode": "560043",
        "addr:state": "Karnataka",
        "amenity": "hospital",
        "name": "Lokhande S Hospital",
        "source": "OpenGovernmentData"
      },
      "geometry": {
        "type": "Point",
        "coordinates": [
          77.6479433,
          13.0186045
        ]
      },
      "id": "node/6938949273"
    },
    {
      "type": "Feature",
      "properties": {
        "@id": "node/6938988776",
        "addr:district": "Bengaluru Urban",
        "addr:full": "1st Main Road, 7th Cross, Ganganagar",
        "addr:postcode": "560032",
        "addr:state": "Karnataka",
        "addr:subdistrict": "Ganganagar",
        "amenity": "hospital",
        "healthcare:speciality": "Piles; fistula; fissure",
        "name": "Dr. T.V.Ramesh Piles Hospital",
        "operator:type": "private",
        "source": "OpenGovernmentData",
        "website": "https://www.pilesramesh.com/"
      },
      "geometry": {
        "type": "Point",
        "coordinates": [
          77.5856289,
          13.0250141
        ]
      },
      "id": "node/6938988776"
    },
    {
      "type": "Feature",
      "properties": {
        "@id": "node/6939048258",
        "addr:district": "Bengaluru Urban",
        "addr:full": "No 44-45/2, 2nd Cross, Raja Rammohan Roy Extension, Opposite Double Road",
        "addr:postcode": "560027",
        "addr:state": "Karnataka",
        "amenity": "hospital",
        "name": "HCG",
        "source": "OpenGovernmentData"
      },
      "geometry": {
        "type": "Point",
        "coordinates": [
          77.592659,
          12.9605309
        ]
      },
      "id": "node/6939048258"
    },
    {
      "type": "Feature",
      "properties": {
        "@id": "node/6939074293",
        "addr:district": "Bengaluru Urban",
        "addr:full": "Kadugondanahalli",
        "addr:postcode": "560045",
        "addr:state": "Karnataka",
        "amenity": "hospital",
        "email": "drbramc@rediffmail.com",
        "healthcare:speciality": "multi speciality",
        "name": "Dr Ambedkar Medical College Hospital",
        "operator:type": "private",
        "source": "OpenGovernmentData",
        "website": "http://www.bramc.org/"
      },
      "geometry": {
        "type": "Point",
        "coordinates": [
          77.613084,
          13.0218188
        ]
      },
      "id": "node/6939074293"
    },
    {
      "type": "Feature",
      "properties": {
        "@id": "node/6939075872",
        "addr:district": "Bengaluru Urban",
        "addr:full": "15/1 Iyappaswamy Templestraight Road",
        "addr:postcode": "560021",
        "addr:state": "Karnataka",
        "amenity": "hospital",
        "healthcare": "hospital",
        "name": "Supriya Hospital, Bengaluru Urban",
        "source": "OpenGovernmentData"
      },
      "geometry": {
        "type": "Point",
        "coordinates": [
          77.5588015,
          12.9929043
        ]
      },
      "id": "node/6939075872"
    },
    {
      "type": "Feature",
      "properties": {
        "@id": "node/6939076687",
        "addr:district": "Bengaluru Urban",
        "addr:full": "91, Kavalbhyrasandra Dr Amc Road, Rt Nagar Post R T Nagar",
        "addr:postcode": "560032",
        "addr:state": "Karnataka",
        "amenity": "hospital",
        "name": "Manju Sree Hospital",
        "name:kn": "ಮಂಜುಶ್ರೀ ಆಸ್ಪತ್ರೆ",
        "source": "OpenGovernmentData",
        "wheelchair": "yes"
      },
      "geometry": {
        "type": "Point",
        "coordinates": [
          77.6070739,
          13.0212406
        ]
      },
      "id": "node/6939076687"
    },
    {
      "type": "Feature",
      "properties": {
        "@id": "node/6939108450",
        "addr:district": "Bengaluru Urban",
        "addr:full": "No.138, Aec Layout, Sanjay Nagar",
        "addr:postcode": "560094",
        "addr:state": "Karnataka",
        "amenity": "hospital",
        "name": "Raj Mahal Vilas Hospital",
        "source": "OpenGovernmentData"
      },
      "geometry": {
        "type": "Point",
        "coordinates": [
          77.5770459,
          13.0322819
        ]
      },
      "id": "node/6939108450"
    },
    {
      "type": "Feature",
      "properties": {
        "@id": "node/6939253041",
        "addr:district": "Bengaluru Urban",
        "addr:full": "#434, 18Th Main 80 Ft Road, 6Th Block, Opp Koramangala Bus Depot",
        "addr:housenumber": "434",
        "addr:postcode": "560095",
        "addr:state": "Karnataka",
        "addr:street": "18th Main Road",
        "amenity": "hospital",
        "check_date": "2024-01-10",
        "email": "care@devieyehospital.in",
        "full_name": "Devi Super Speciality Eye Hospital Pvt Ltd",
        "healthcare": "hospital",
        "healthcare:speciality": "multi speciality",
        "name": "Devi Eye Hospital",
        "operator:type": "private",
        "source": "OpenGovernmentData",
        "website": "http://www.devieyehospital.in/"
      },
      "geometry": {
        "type": "Point",
        "coordinates": [
          77.6238987,
          12.9412109
        ]
      },
      "id": "node/6939253041"
    },
    {
      "type": "Feature",
      "properties": {
        "@id": "node/6939311791",
        "addr:district": "Bengaluru Urban",
        "addr:full": "#3/666, Hennur Bande,Hennur Main Road, Kalayan Nagar Post,International Link Road",
        "addr:postcode": "560043",
        "addr:state": "Karnataka",
        "amenity": "hospital",
        "name": "Shree Vijayalakshmi Hospital and Trauma Centre",
        "source": "OpenGovernmentData"
      },
      "geometry": {
        "type": "Point",
        "coordinates": [
          77.6409059,
          13.0373572
        ]
      },
      "id": "node/6939311791"
    },
    {
      "type": "Feature",
      "properties": {
        "@id": "node/6939319393",
        "addr:district": "Bengaluru Urban",
        "addr:full": "127/1, Bull Temple Road",
        "addr:postcode": "560019",
        "addr:state": "Karnataka",
        "amenity": "hospital",
        "name": "Kalasa Maternity Home",
        "source": "OpenGovernmentData"
      },
      "geometry": {
        "type": "Point",
        "coordinates": [
          77.5672585,
          12.9548208
        ]
      },
      "id": "node/6939319393"
    },
    {
      "type": "Feature",
      "properties": {
        "@id": "node/6939438895",
        "addr:district": "Bengaluru Urban",
        "addr:full": "1031, 20Th Main Road, 5Th Block, Rajajinagar",
        "addr:postcode": "560010",
        "addr:state": "Karnataka",
        "amenity": "hospital",
        "name": "Sidvin Hospital Pvt Ltd",
        "source": "OpenGovernmentData"
      },
      "geometry": {
        "type": "Point",
        "coordinates": [
          77.5493681,
          12.982442
        ]
      },
      "id": "node/6939438895"
    },
    {
      "type": "Feature",
      "properties": {
        "@id": "node/6939445234",
        "addr:district": "Bengaluru Urban",
        "addr:full": "# 88, 17th, A Main, 2nd Cross, 5th Block, Koramangala",
        "addr:postcode": "560095",
        "addr:state": "Karnataka",
        "amenity": "hospital",
        "healthcare:speciality": "Clinical Labs; Diagnosis; Medical Oncology; Radiation oncology; Surgical Oncology",
        "name": "HCG, Koramangala",
        "operator:type": "private",
        "source": "OpenGovernmentData",
        "website": "https://www.hcgoncology.com/"
      },
      "geometry": {
        "type": "Point",
        "coordinates": [
          77.6228848,
          12.9343279
        ]
      },
      "id": "node/6939445234"
    },
    {
      "type": "Feature",
      "properties": {
        "@id": "node/6939699617",
        "addr:district": "Bengaluru Urban",
        "addr:full": "Near Nti Qtrs, Jataka Stand, P.G.Halli, East",
        "addr:postcode": "560003",
        "addr:state": "Karnataka",
        "amenity": "hospital",
        "name": "Place Guttahalli Maternity Home",
        "source": "OpenGovernmentData"
      },
      "geometry": {
        "type": "Point",
        "coordinates": [
          77.5819892,
          12.9988238
        ]
      },
      "id": "node/6939699617"
    },
    {
      "type": "Feature",
      "properties": {
        "@id": "node/6939719899",
        "addr:district": "Bengaluru Urban",
        "addr:full": "26, 1st Main, 2nd Cross, Ckc Garden Off Mission Road",
        "addr:postcode": "560027",
        "addr:state": "Karnataka",
        "amenity": "hospital",
        "name": "Phoenix Hospital, Bengaluru Urban",
        "source": "OpenGovernmentData"
      },
      "geometry": {
        "type": "Point",
        "coordinates": [
          77.5911717,
          12.9608027
        ]
      },
      "id": "node/6939719899"
    },
    {
      "type": "Feature",
      "properties": {
        "@id": "node/6944095845",
        "addr:district": "Bengaluru Urban",
        "addr:full": "#205-4c, 4th Cross, 3 Road Block",
        "addr:postcode": "560043",
        "addr:state": "Karnataka",
        "addr:subdistrict": "Banaswadi",
        "amenity": "hospital",
        "name": "Vasan Eye Care Hospital, Banaswadi",
        "operator:type": "private",
        "source": "OpenGovernmentData",
        "website": "http://www.vasaneye.in/"
      },
      "geometry": {
        "type": "Point",
        "coordinates": [
          77.6335546,
          13.0241341
        ]
      },
      "id": "node/6944095845"
    },
    {
      "type": "Feature",
      "properties": {
        "@id": "node/6944105329",
        "addr:district": "Bengaluru Urban",
        "addr:full": "No.533, 108 Bus Stop, Ganganagar",
        "addr:postcode": "560032",
        "addr:state": "Karnataka",
        "addr:subdistrict": "R.T.Nagar",
        "amenity": "hospital",
        "name": "Vasan Eye Care Hospital, R.T.Nagar",
        "operator:type": "private",
        "source": "OpenGovernmentData",
        "website": "http://www.vasaneye.in/"
      },
      "geometry": {
        "type": "Point",
        "coordinates": [
          77.5920609,
          13.0251833
        ]
      },
      "id": "node/6944105329"
    },
    {
      "type": "Feature",
      "properties": {
        "@id": "node/6944128588",
        "addr:district": "Bengaluru Urban",
        "addr:full": "K. R. Road, V. V. Puram",
        "addr:postcode": "560004",
        "addr:state": "Karnataka",
        "amenity": "hospital",
        "name": "Kims Hospital and Research Centre",
        "source": "OpenGovernmentData"
      },
      "geometry": {
        "type": "Point",
        "coordinates": [
          77.5747874,
          12.9563016
        ]
      },
      "id": "node/6944128588"
    },
    {
      "type": "Feature",
      "properties": {
        "@id": "node/6944138103",
        "addr:district": "Bengaluru Urban",
        "addr:full": "56, 8Th Cross, Wilson Garden",
        "addr:postcode": "560027",
        "addr:state": "Karnataka",
        "amenity": "hospital",
        "healthcare": "hospital",
        "name": "Karthik Hospital, Bengaluru Urban",
        "source": "OpenGovernmentData"
      },
      "geometry": {
        "type": "Point",
        "coordinates": [
          77.5949925,
          12.9489406
        ]
      },
      "id": "node/6944138103"
    },
    {
      "type": "Feature",
      "properties": {
        "@id": "node/6944138105",
        "addr:district": "Bengaluru Urban",
        "addr:full": "10, Vokkaligara Bhavana, Hudson Circle",
        "addr:postcode": "560027",
        "addr:state": "Karnataka",
        "amenity": "hospital",
        "name": "Bangalore Kidney Stones Hospital",
        "source": "OpenGovernmentData"
      },
      "geometry": {
        "type": "Point",
        "coordinates": [
          77.5892667,
          12.9670215
        ]
      },
      "id": "node/6944138105"
    },
    {
      "type": "Feature",
      "properties": {
        "@id": "node/6944231454",
        "addr:district": "Bengaluru Urban",
        "addr:full": "Pillana Garden",
        "addr:postcode": "560045",
        "addr:state": "Karnataka",
        "amenity": "hospital",
        "name": "Mediscope Hospital Private Limited",
        "operator:type": "private",
        "source": "OpenGovernmentData",
        "website": "http://dpal.kar.nic.in/Kanunu%20padakosha%20PDF%20Files/Recognised%20Hospitals.pdf"
      },
      "geometry": {
        "type": "Point",
        "coordinates": [
          77.6162584,
          12.9994472
        ]
      },
      "id": "node/6944231454"
    },
    {
      "type": "Feature",
      "properties": {
        "@id": "node/6944239588",
        "addr:district": "Bengaluru Urban",
        "addr:full": "22/70, St. John`S Road, (Opposite R B A N M S Ground)",
        "addr:postcode": "560042",
        "addr:state": "Karnataka",
        "amenity": "hospital",
        "name": "Manjushree Speciality Hospital",
        "source": "OpenGovernmentData"
      },
      "geometry": {
        "type": "Point",
        "coordinates": [
          77.6124926,
          12.9825845
        ]
      },
      "id": "node/6944239588"
    },
    {
      "type": "Feature",
      "properties": {
        "@id": "node/6944256035",
        "addr:district": "Bengaluru Urban",
        "addr:full": "158, 6Th Main Road 4Th Stage, Ii Phase West Of Chord Road",
        "addr:postcode": "560086",
        "addr:state": "Karnataka",
        "amenity": "hospital",
        "name": "Namratha Nursing And Maternity Home",
        "source": "OpenGovernmentData"
      },
      "geometry": {
        "type": "Point",
        "coordinates": [
          77.5432728,
          13.0045747
        ]
      },
      "id": "node/6944256035"
    },
    {
      "type": "Feature",
      "properties": {
        "@id": "node/6944256036",
        "addr:district": "Bengaluru Urban",
        "addr:full": "5/81, 50 Feet Road, 20Th Main Road, Muneshwara Block, Girinagar",
        "addr:postcode": "560085",
        "addr:state": "Karnataka",
        "amenity": "hospital",
        "name": "The Pulse Multi Speciality Hospital",
        "source": "OpenGovernmentData"
      },
      "geometry": {
        "type": "Point",
        "coordinates": [
          77.5473283,
          12.9424801
        ]
      },
      "id": "node/6944256036"
    },
    {
      "type": "Feature",
      "properties": {
        "@id": "node/6944256037",
        "addr:city": "Bangaluru",
        "addr:district": "Bengaluru Urban",
        "addr:full": "No. 16, 3Road Cross, Shankarpuram",
        "addr:housenumber": "16",
        "addr:postcode": "560004",
        "addr:state": "Karnataka",
        "addr:street": "3rd Cross Road",
        "amenity": "hospital",
        "emergency": "yes",
        "healthcare": "hospital",
        "healthcare:speciality": "general",
        "name": "Popular Hospital",
        "operator": "Dr Lingham Murali",
        "operator:type": "private",
        "source": "local knowledge"
      },
      "geometry": {
        "type": "Point",
        "coordinates": [
          77.5703564,
          12.9514854
        ]
      },
      "id": "node/6944256037"
    },
    {
      "type": "Feature",
      "properties": {
        "@id": "node/6944269353",
        "addr:district": "Bengaluru Urban",
        "addr:full": "Kempegoudanagara, Near Police Station, South",
        "addr:postcode": "560018",
        "addr:state": "Karnataka",
        "amenity": "hospital",
        "name": "Gavipuramguttahalli Maternity Home",
        "source": "OpenGovernmentData"
      },
      "geometry": {
        "type": "Point",
        "coordinates": [
          77.5548633,
          12.9526505
        ]
      },
      "id": "node/6944269353"
    },
    {
      "type": "Feature",
      "properties": {
        "@id": "node/6944274074",
        "addr:district": "Bengaluru Urban",
        "addr:full": "No. 16, Hoysala Nagar, Maruti Complex, Ramamurthy Nagar Extension",
        "addr:postcode": "560016",
        "addr:state": "Karnataka",
        "amenity": "hospital",
        "name": "Ayurseva Hospital",
        "source": "OpenGovernmentData"
      },
      "geometry": {
        "type": "Point",
        "coordinates": [
          77.6640775,
          13.0139247
        ]
      },
      "id": "node/6944274074"
    },
    {
      "type": "Feature",
      "properties": {
        "@id": "node/6944276882",
        "addr:district": "Bengaluru Urban",
        "addr:full": "No-170, 12th, Ist Main, Near Anjaneya Temple, Opposite Karnatakaa Bank",
        "addr:postcode": "560086",
        "addr:state": "Karnataka",
        "amenity": "hospital",
        "email": "info@bengaluruspinecare.com",
        "name": "Spine Care And Ortho Care Hospital",
        "operator:type": "private",
        "source": "OpenGovernmentData",
        "website": "https://www.bengaluruspinecare.com/"
      },
      "geometry": {
        "type": "Point",
        "coordinates": [
          77.5493883,
          12.9745134
        ]
      },
      "id": "node/6944276882"
    },
    {
      "type": "Feature",
      "properties": {
        "@id": "node/6944287716",
        "addr:district": "Bengaluru Urban",
        "addr:full": "66 B/7, Pipe Line Road, Vijayanagara",
        "addr:postcode": "560040",
        "addr:state": "Karnataka",
        "amenity": "hospital",
        "name": "Tanmay Hospital",
        "source": "OpenGovernmentData"
      },
      "geometry": {
        "type": "Point",
        "coordinates": [
          77.5474034,
          12.9733764
        ]
      },
      "id": "node/6944287716"
    },
    {
      "type": "Feature",
      "properties": {
        "@id": "node/6944309977",
        "addr:district": "Bengaluru Urban",
        "addr:full": "No. 1869, 5Th Main, 13Th Cross, R.P.C. Lay Out, Vijayanagar",
        "addr:postcode": "560040",
        "addr:state": "Karnataka",
        "amenity": "hospital",
        "healthcare": "hospital",
        "name": "Susheel Hospital",
        "source": "OpenGovernmentData"
      },
      "geometry": {
        "type": "Point",
        "coordinates": [
          77.5427189,
          12.9645006
        ]
      },
      "id": "node/6944309977"
    },
    {
      "type": "Feature",
      "properties": {
        "@id": "node/6944364980",
        "addr:district": "Bengaluru Urban",
        "addr:full": "No. 114, 5Th Cross, Sai Baba Temple Road, Cambridge Layout, Ulsoor",
        "addr:postcode": "560008",
        "addr:state": "Karnataka",
        "amenity": "hospital",
        "name": "Sadhana Eye Hospital, Bengaluru Urban",
        "source": "OpenGovernmentData"
      },
      "geometry": {
        "type": "Point",
        "coordinates": [
          77.6307987,
          12.970023
        ]
      },
      "id": "node/6944364980"
    },
    {
      "type": "Feature",
      "properties": {
        "@id": "node/6944392363",
        "addr:district": "Bengaluru Urban",
        "addr:full": "9, Patalamma Temple Street, Basavanagudi",
        "addr:postcode": "560004",
        "addr:state": "Karnataka",
        "amenity": "hospital",
        "name": "Av Hospital",
        "source": "OpenGovernmentData"
      },
      "geometry": {
        "type": "Point",
        "coordinates": [
          77.5786096,
          12.938853
        ]
      },
      "id": "node/6944392363"
    },
    {
      "type": "Feature",
      "properties": {
        "@id": "node/6944392364",
        "addr:district": "Bengaluru Urban",
        "addr:full": "No. 40/1, J.J.R. Nagar Main Road, K.H. Ranganath Colony, Behind Sadarshini Hotel",
        "addr:postcode": "560018",
        "addr:state": "Karnataka",
        "amenity": "hospital",
        "healthcare": "hospital",
        "name": "Balaji Hospital, K.H. Ranganath Colony",
        "source": "OpenGovernmentData"
      },
      "geometry": {
        "type": "Point",
        "coordinates": [
          77.5602901,
          12.9632506
        ]
      },
      "id": "node/6944392364"
    },
    {
      "type": "Feature",
      "properties": {
        "@id": "node/6944392375",
        "addr:district": "Bengaluru Urban",
        "addr:full": "904, 1st Block, Hrbr Layout (Near Overhead Water Tank, Outer Ring Road) Bansawadi",
        "addr:postcode": "560043",
        "addr:state": "Karnataka",
        "amenity": "hospital",
        "name": "Banasawadi Hospital",
        "name:kn": "ಬಾನಸವಾಡಿ ಆಸ್ಪತ್ರೆ",
        "source": "OpenGovernmentData"
      },
      "geometry": {
        "type": "Point",
        "coordinates": [
          77.6509675,
          13.0205082
        ]
      },
      "id": "node/6944392375"
    },
    {
      "type": "Feature",
      "properties": {
        "@id": "node/6944392376",
        "addr:district": "Bengaluru Urban",
        "addr:full": "#4 Ac-426,4Thcross,2nd Block, Oop.Kalyana Nagar,Telephone Exchange",
        "addr:postcode": "560043",
        "addr:state": "Karnataka",
        "amenity": "hospital",
        "name": "Bangalore Eye Hospital And Retina Centre",
        "source": "OpenGovernmentData"
      },
      "geometry": {
        "type": "Point",
        "coordinates": [
          77.6387729,
          13.0221036
        ]
      },
      "id": "node/6944392376"
    },
    {
      "type": "Feature",
      "properties": {
        "@id": "node/6944400815",
        "addr:district": "Bengaluru Urban",
        "addr:full": "No.2 , 8Th A Main,S.R.Nagar,Near Corporation Offices",
        "addr:postcode": "560027",
        "addr:state": "Karnataka",
        "amenity": "hospital",
        "name": "Bhavatprabhu Hospitals Pvt Limited",
        "source": "OpenGovernmentData"
      },
      "geometry": {
        "type": "Point",
        "coordinates": [
          77.5903161,
          12.9670615
        ]
      },
      "id": "node/6944400815"
    },
    {
      "type": "Feature",
      "properties": {
        "@id": "node/6944418996",
        "addr:district": "Bengaluru Urban",
        "addr:full": "No.1 Haudin Road, Off Ulsoor Road",
        "addr:postcode": "560042",
        "addr:state": "Karnataka",
        "amenity": "hospital",
        "name": "Nikad Ortho Centre",
        "source": "OpenGovernmentData"
      },
      "geometry": {
        "type": "Point",
        "coordinates": [
          77.6184806,
          12.975802
        ]
      },
      "id": "node/6944418996"
    },
    {
      "type": "Feature",
      "properties": {
        "@id": "node/6944437383",
        "addr:district": "Bengaluru Urban",
        "addr:full": "# 141/142, 1st Main, Krishnandanagar, Khb Colony",
        "addr:postcode": "560096",
        "addr:state": "Karnataka",
        "addr:subdistrict": "Nandini Layout",
        "amenity": "hospital",
        "email": "info@rakshahospital.in",
        "name": "Raksha Multispeciality Hospital",
        "operator:type": "private",
        "source": "OpenGovernmentData",
        "website": "https://www.rakshahospital.in/"
      },
      "geometry": {
        "type": "Point",
        "coordinates": [
          77.5419559,
          13.0195733
        ]
      },
      "id": "node/6944437383"
    },
    {
      "type": "Feature",
      "properties": {
        "@id": "node/6944449930",
        "addr:district": "Bengaluru Urban",
        "addr:full": "18/17,Cambridge Road,Ulsoor",
        "addr:postcode": "560038",
        "addr:state": "Karnataka",
        "amenity": "hospital",
        "name": "Cambridge Hospital",
        "source": "OpenGovernmentData"
      },
      "geometry": {
        "type": "Point",
        "coordinates": [
          77.5419813,
          13.0195955
        ]
      },
      "id": "node/6944449930"
    },
    {
      "type": "Feature",
      "properties": {
        "@id": "node/6944464994",
        "addr:district": "Bengaluru Urban",
        "addr:full": "Kasturabanagar, Mysore Road , South",
        "addr:postcode": "560026",
        "addr:state": "Karnataka",
        "amenity": "hospital",
        "name": "Azad Nagar Maternity Home",
        "source": "OpenGovernmentData"
      },
      "geometry": {
        "type": "Point",
        "coordinates": [
          77.5485635,
          12.9559644
        ]
      },
      "id": "node/6944464994"
    },
    {
      "type": "Feature",
      "properties": {
        "@id": "node/6944507652",
        "addr:district": "Bengaluru Urban",
        "addr:full": "1,Dewan N, Madhava Rao Road, Basavanagudi",
        "addr:postcode": "560004",
        "addr:state": "Karnataka",
        "amenity": "hospital",
        "healthcare": "hospital",
        "name": "Gunasheela Surgical and Maternity Hospital",
        "source": "OpenGovernmentData"
      },
      "geometry": {
        "type": "Point",
        "coordinates": [
          77.5764705,
          12.9403012
        ]
      },
      "id": "node/6944507652"
    },
    {
      "type": "Feature",
      "properties": {
        "@id": "node/6944525274",
        "addr:district": "Bengaluru Urban",
        "addr:full": "No. 31, Kammanahalli Main Road Near Venkateswara Ent",
        "addr:postcode": "560084",
        "addr:state": "Karnataka",
        "amenity": "hospital",
        "name": "R K Hospital, Bengaluru Urban",
        "source": "OpenGovernmentData"
      },
      "geometry": {
        "type": "Point",
        "coordinates": [
          77.6354731,
          13.0138123
        ]
      },
      "id": "node/6944525274"
    },
    {
      "type": "Feature",
      "properties": {
        "@id": "node/6944525392",
        "addr:district": "Bengaluru Urban",
        "addr:full": "#11, Krishna Nagar Industrial Layout, D.R.C.Post,Near Christ College,Hosur",
        "addr:postcode": "560029",
        "addr:state": "Karnataka",
        "amenity": "hospital",
        "name": "Prasad Eye Hospital, Bengaluru Urban",
        "source": "OpenGovernmentData"
      },
      "geometry": {
        "type": "Point",
        "coordinates": [
          77.6079905,
          12.9356703
        ]
      },
      "id": "node/6944525392"
    },
    {
      "type": "Feature",
      "properties": {
        "@id": "node/6944543261",
        "addr:district": "Bengaluru Urban",
        "addr:full": "#4,Sfhs,Next To Nandini Layout",
        "addr:postcode": "560096",
        "addr:state": "Karnataka",
        "amenity": "hospital",
        "healthcare": "hospital",
        "healthcare:speciality": "blood_check;general",
        "name": "J.P.Nursing Home",
        "opening_hours": "24/7",
        "operator": "Jyothi Prakash",
        "operator:type": "public",
        "source": "OpenGovernmentData"
      },
      "geometry": {
        "type": "Point",
        "coordinates": [
          77.5384723,
          13.0098352
        ]
      },
      "id": "node/6944543261"
    },
    {
      "type": "Feature",
      "properties": {
        "@id": "node/6944560298",
        "addr:district": "Bengaluru Urban",
        "addr:full": "Cbi Road, (10Th Cross) Between 2 nd & 3 nd Main Ganganagar",
        "addr:postcode": "560032",
        "addr:state": "Karnataka",
        "amenity": "hospital",
        "name": "North Side Health Centre",
        "source": "OpenGovernmentData"
      },
      "geometry": {
        "type": "Point",
        "coordinates": [
          77.5870813,
          13.0267995
        ]
      },
      "id": "node/6944560298"
    },
    {
      "type": "Feature",
      "properties": {
        "@id": "node/6944578925",
        "addr:district": "Bengaluru Urban",
        "addr:full": "Ist Floor, Lic Colony Main Road, Jeevan Bhima Nagar",
        "addr:postcode": "560032",
        "addr:state": "Karnataka",
        "amenity": "hospital",
        "name": "Dr Chaitanyas Dental Care & Implant Centre",
        "source": "OpenGovernmentData"
      },
      "geometry": {
        "type": "Point",
        "coordinates": [
          77.6565533,
          12.9675989
        ]
      },
      "id": "node/6944578925"
    },
    {
      "type": "Feature",
      "properties": {
        "@id": "node/6944707745",
        "addr:district": "Bengaluru Urban",
        "addr:full": "C.M.H.Road, Indiranagar, 2nd Stage",
        "addr:postcode": "560038",
        "addr:state": "Karnataka",
        "addr:subdistrict": "Indiranagar",
        "amenity": "hospital",
        "check_date": "2026-01-07",
        "email": "info.cnh@nhhospitals.org",
        "healthcare:speciality": "multi speciality",
        "name": "Chinmaya Narayana Super Specialty Centre",
        "operator:type": "private",
        "source": "OpenGovernmentData",
        "website": "https://www.narayanahealth.org/"
      },
      "geometry": {
        "type": "Point",
        "coordinates": [
          77.6459773,
          12.9777106
        ]
      },
      "id": "node/6944707745"
    },
    {
      "type": "Feature",
      "properties": {
        "@id": "node/6944888150",
        "addr:district": "Bengaluru Urban",
        "addr:full": "37, M.N. Krishna Rao Road, Opp Lalbagh West Gate",
        "addr:postcode": "560004",
        "addr:state": "Karnataka",
        "amenity": "hospital",
        "healthcare": "hospital",
        "name": "Jyothi The Lasik Vision Centre",
        "source": "OpenGovernmentData"
      },
      "geometry": {
        "type": "Point",
        "coordinates": [
          77.5790786,
          12.9496114
        ]
      },
      "id": "node/6944888150"
    },
    {
      "type": "Feature",
      "properties": {
        "@id": "node/6944925493",
        "addr:district": "Bengaluru Urban",
        "addr:full": "J.C.Road",
        "addr:postcode": "560002",
        "addr:state": "Karnataka",
        "amenity": "hospital",
        "name": "Bengaluru West Lions Hospital",
        "operator:type": "private",
        "source": "OpenGovernmentData",
        "website": "http://dpal.kar.nic.in/Kanunu%20padakosha%20PDF%20Files/Recognised%20Hospitals.pdf"
      },
      "geometry": {
        "type": "Point",
        "coordinates": [
          77.5830996,
          12.9563042
        ]
      },
      "id": "node/6944925493"
    },
    {
      "type": "Feature",
      "properties": {
        "@id": "node/6944983789",
        "addr:district": "Bengaluru Urban",
        "addr:full": "17th Cross, Near Main Bus Stand, MC Road, Vijayanagar",
        "addr:postcode": "560040",
        "addr:state": "Karnataka",
        "amenity": "hospital",
        "check_date": "2024-12-21",
        "healthcare": "hospital",
        "name": "Vijayanagar Hospital",
        "operator:type": "private",
        "source": "OpenGovernmentData",
        "website": "http://dpal.kar.nic.in/Kanunu%20padakosha%20PDF%20Files/Recognised%20Hospitals.pdf"
      },
      "geometry": {
        "type": "Point",
        "coordinates": [
          77.5371969,
          12.9716291
        ]
      },
      "id": "node/6944983789"
    },
    {
      "type": "Feature",
      "properties": {
        "@id": "node/6945001435",
        "addr:district": "Bengaluru Urban",
        "addr:full": "No. 36, Vagdevi, Shankara Park, Opposite Jnanodaya School",
        "addr:postcode": "560004",
        "addr:state": "Karnataka",
        "amenity": "hospital",
        "healthcare": "hospital",
        "name": "Abhinava Eye Hospital",
        "source": "OpenGovernmentData"
      },
      "geometry": {
        "type": "Point",
        "coordinates": [
          77.5683897,
          12.9550181
        ]
      },
      "id": "node/6945001435"
    },
    {
      "type": "Feature",
      "properties": {
        "@id": "node/6945020140",
        "addr:district": "Bengaluru Urban",
        "addr:full": "No 37, Next To Ganesha Temple Near Cubbonpet Market Near Cubbonpet Market",
        "addr:postcode": "560002",
        "addr:state": "Karnataka",
        "amenity": "hospital",
        "name": "Punarjyoti Eye Hospital, Bengaluru Urban",
        "source": "OpenGovernmentData"
      },
      "geometry": {
        "type": "Point",
        "coordinates": [
          77.5843965,
          12.9685305
        ]
      },
      "id": "node/6945020140"
    },
    {
      "type": "Feature",
      "properties": {
        "@id": "node/6945031202",
        "addr:district": "Bengaluru Urban",
        "addr:full": "1 & 2, Hennur Road Cross, Lingarajpuram,Below Railway Flyover",
        "addr:postcode": "560084",
        "addr:state": "Karnataka",
        "amenity": "hospital",
        "name": "Sundar Hospital",
        "source": "OpenGovernmentData"
      },
      "geometry": {
        "type": "Point",
        "coordinates": [
          77.6221479,
          13.0080166
        ]
      },
      "id": "node/6945031202"
    },
    {
      "type": "Feature",
      "properties": {
        "@id": "node/6945075435",
        "addr:district": "Bengaluru Urban",
        "addr:full": "No 29, 9Th Cross Adi Kabir Ashram Road,H.D Devegowda Road",
        "addr:postcode": "560037",
        "addr:state": "Karnataka",
        "amenity": "hospital",
        "name": "V Care Hospital",
        "source": "OpenGovernmentData"
      },
      "geometry": {
        "type": "Point",
        "coordinates": [
          77.5973475,
          13.015884
        ]
      },
      "id": "node/6945075435"
    },
    {
      "type": "Feature",
      "properties": {
        "@id": "node/6945309984",
        "addr:district": "Bengaluru Urban",
        "addr:full": "No.20/1, 2nd Cross, Widia Layout, Chandra Layout Main Road,Vijayanagar",
        "addr:postcode": "560040",
        "addr:state": "Karnataka",
        "amenity": "hospital",
        "healthcare": "hospital",
        "name": "A.M. Hospital",
        "source": "OpenGovernmentData"
      },
      "geometry": {
        "type": "Point",
        "coordinates": [
          77.5315556,
          12.9601022
        ]
      },
      "id": "node/6945309984"
    },
    {
      "type": "Feature",
      "properties": {
        "@id": "node/6945348721",
        "addr:district": "Bengaluru Urban",
        "addr:full": "#966/ 22, Service Road, RPC Layout, Vijayanagar, Opposite Syndicate Bank",
        "addr:postcode": "560104",
        "addr:state": "Karnataka",
        "amenity": "hospital",
        "healthcare": "hospital",
        "healthcare:speciality": "Cataract Treatment; Cornea Clinic; Retina Clinic; Glaucoma Clinic",
        "name": "Divya Drishti Eye Hospital, Vijayanagar",
        "operator:type": "private",
        "source": "OpenGovernmentData",
        "website": "http://divyadrishtieyehospital.com/"
      },
      "geometry": {
        "type": "Point",
        "coordinates": [
          77.5352668,
          12.9586907
        ]
      },
      "id": "node/6945348721"
    },
    {
      "type": "Feature",
      "properties": {
        "@id": "node/6945434031",
        "addr:district": "Bengaluru Urban",
        "addr:full": "No.60, Near Banaswadi Bus Stop, Banaswadi Main Road",
        "addr:postcode": "560043",
        "addr:state": "Karnataka",
        "amenity": "hospital",
        "name": "Srinivasa Eye Hospital",
        "source": "OpenGovernmentData"
      },
      "geometry": {
        "type": "Point",
        "coordinates": [
          77.6515616,
          13.0147224
        ]
      },
      "id": "node/6945434031"
    },
    {
      "type": "Feature",
      "properties": {
        "@id": "node/6945768862",
        "addr:district": "Bengaluru Urban",
        "addr:full": "No. 12, Park Road, Bale Peth",
        "addr:postcode": "560053",
        "addr:state": "Karnataka",
        "amenity": "hospital",
        "name": "Sreeniwasa Hospital",
        "name:kn": "ಶ್ರೀನಿವಾಸ ದೇವಸ್ಥಾನ",
        "source": "OpenGovernmentData"
      },
      "geometry": {
        "type": "Point",
        "coordinates": [
          77.5725357,
          12.9732706
        ]
      },
      "id": "node/6945768862"
    },
    {
      "type": "Feature",
      "properties": {
        "@id": "node/6947003707",
        "addr:district": "Bengaluru Urban",
        "addr:full": "2nd Cross, Magadi Road",
        "addr:postcode": "560023",
        "addr:state": "Karnataka",
        "amenity": "hospital",
        "name": "Magadi Road Maternity Home",
        "source": "OpenGovernmentData"
      },
      "geometry": {
        "type": "Point",
        "coordinates": [
          77.561823,
          12.9741253
        ]
      },
      "id": "node/6947003707"
    },
    {
      "type": "Feature",
      "properties": {
        "@id": "node/6947033494",
        "addr:district": "Bengaluru Urban",
        "addr:full": "No.877, Modi Hospital Road, West of Chord Road, II Stage Extension",
        "addr:postcode": "560086",
        "addr:state": "Karnataka",
        "amenity": "hospital",
        "healthcare": "hospital",
        "name": "Pristine Hospital",
        "name:kn": "ಪ್ರಿಸ್ಟೀನ್ ಆಸ್ಪತ್ರೆ",
        "operator:type": "private",
        "source": "OpenGovernmentData",
        "website": "http://pristinehospitals.com/"
      },
      "geometry": {
        "type": "Point",
        "coordinates": [
          77.5432779,
          12.9980009
        ]
      },
      "id": "node/6947033494"
    },
    {
      "type": "Feature",
      "properties": {
        "@id": "node/6947106775",
        "addr:district": "Bengaluru Urban",
        "addr:full": "7Th B Cross, 1st Floor Banaswadi Road Jai Bharath Nagar",
        "addr:postcode": "560033",
        "addr:state": "Karnataka",
        "amenity": "hospital",
        "healthcare": "hospital",
        "name": "Dr Zamindar's Micro Surgical Eye Centre",
        "source": "OpenGovernmentData"
      },
      "geometry": {
        "type": "Point",
        "coordinates": [
          77.6329015,
          13.0021978
        ]
      },
      "id": "node/6947106775"
    },
    {
      "type": "Feature",
      "properties": {
        "@id": "node/6947371813",
        "addr:district": "Bengaluru Urban",
        "addr:full": "#289.1 Cross, Cambridge Layout, Halasuru, Near Sai Baba Temple",
        "addr:postcode": "560008",
        "addr:state": "Karnataka",
        "amenity": "hospital",
        "name": "Health Cottage Hospital",
        "source": "OpenGovernmentData"
      },
      "geometry": {
        "type": "Point",
        "coordinates": [
          77.6321116,
          12.9709143
        ]
      },
      "id": "node/6947371813"
    },
    {
      "type": "Feature",
      "properties": {
        "@id": "node/6947430278",
        "addr:district": "Bengaluru Urban",
        "addr:full": "#200/A, Hmt Layout, Karthik Complex, Dinnur Main Road, R.T. Nagar",
        "addr:postcode": "560032",
        "addr:state": "Karnataka",
        "amenity": "hospital",
        "name": "Poornima Hospital",
        "source": "OpenGovernmentData"
      },
      "geometry": {
        "type": "Point",
        "coordinates": [
          77.595128,
          13.0263344
        ]
      },
      "id": "node/6947430278"
    },
    {
      "type": "Feature",
      "properties": {
        "@id": "node/6947499707",
        "addr:district": "Bengaluru Urban",
        "addr:full": "No.1013, 1st Block, 3 Road Cross, Hrbr Layout, Kalyan Nagar",
        "addr:postcode": "560043",
        "addr:state": "Karnataka",
        "amenity": "hospital",
        "name": "Dr.Zamindar Microsurgical Eye Centre",
        "operator:type": "private",
        "source": "OpenGovernmentData",
        "website": "https://drzamindarseyecentre.com/"
      },
      "geometry": {
        "type": "Point",
        "coordinates": [
          77.6547577,
          13.0178594
        ]
      },
      "id": "node/6947499707"
    },
    {
      "type": "Feature",
      "properties": {
        "@id": "node/6947499708",
        "addr:district": "Bengaluru Urban",
        "addr:full": "#1,9 Cross 9 Main Hennur Cross, Kalyan Nagar Post",
        "addr:postcode": "560043",
        "addr:state": "Karnataka",
        "amenity": "hospital",
        "name": "Good Shepherd Hospital",
        "source": "OpenGovernmentData"
      },
      "geometry": {
        "type": "Point",
        "coordinates": [
          77.633289,
          13.0328036
        ]
      },
      "id": "node/6947499708"
    },
    {
      "type": "Feature",
      "properties": {
        "@id": "node/6947499711",
        "addr:district": "Bengaluru Urban",
        "addr:full": "No.33, Coles Road,Frazer Town",
        "addr:postcode": "560005",
        "addr:state": "Karnataka",
        "amenity": "hospital",
        "name": "Dr.Agarwal Eye Hospital, Frazer Town, Bangalore",
        "source": "OpenGovernmentData"
      },
      "geometry": {
        "type": "Point",
        "coordinates": [
          77.6128413,
          12.9960196
        ]
      },
      "id": "node/6947499711"
    },
    {
      "type": "Feature",
      "properties": {
        "@id": "node/6947504016",
        "addr:district": "Bengaluru Rural",
        "addr:full": "12, D Rajgopal Road, Next To Food World, Nagashettyhalli, Sanjaynagar",
        "addr:postcode": "560091",
        "addr:state": "Karnataka",
        "amenity": "hospital",
        "healthcare": "hospital",
        "name": "Mamta Hospital, Bengaluru Rural",
        "source": "OpenGovernmentData"
      },
      "geometry": {
        "type": "Point",
        "coordinates": [
          77.5744454,
          13.0377564
        ]
      },
      "id": "node/6947504016"
    },
    {
      "type": "Feature",
      "properties": {
        "@id": "node/6947504017",
        "addr:district": "Bengaluru Urban",
        "addr:full": "No.2, Ngef Layout, Sanjaynagar Main Road",
        "addr:postcode": "560094",
        "addr:state": "Karnataka",
        "amenity": "hospital",
        "name": "S. J. Hospital",
        "source": "OpenGovernmentData"
      },
      "geometry": {
        "type": "Point",
        "coordinates": [
          77.575065,
          13.0360827
        ]
      },
      "id": "node/6947504017"
    },
    {
      "type": "Feature",
      "properties": {
        "@id": "node/6947504038",
        "addr:district": "Bengaluru Urban",
        "addr:full": "No. 5, Langford Gardens, Near Richmond Circle",
        "addr:postcode": "560025",
        "addr:state": "Karnataka",
        "amenity": "hospital",
        "name": "Republic Hospital",
        "source": "OpenGovernmentData"
      },
      "geometry": {
        "type": "Point",
        "coordinates": [
          77.5982255,
          12.964162
        ]
      },
      "id": "node/6947504038"
    },
    {
      "type": "Feature",
      "properties": {
        "@id": "node/6947662480",
        "addr:district": "Bengaluru Urban",
        "addr:full": "#311, 4B Cross, R.M. Nagar Main Road, Kasthuri Nagar",
        "addr:postcode": "560016",
        "addr:state": "Karnataka",
        "amenity": "hospital",
        "name": "Sri Sai Eye Hospital",
        "source": "OpenGovernmentData"
      },
      "geometry": {
        "type": "Point",
        "coordinates": [
          77.6659168,
          13.011968
        ]
      },
      "id": "node/6947662480"
    },
    {
      "type": "Feature",
      "properties": {
        "@id": "node/6947674447",
        "addr:district": "Bengaluru Urban",
        "addr:full": "No.162, 4Th Main, Opposite Post Office, Viveknagar, 20Yds, Viveknagar Bus Stand",
        "addr:postcode": "560047",
        "addr:state": "Karnataka",
        "amenity": "hospital",
        "name": "Sri Ram Speciality Hospital",
        "source": "OpenGovernmentData"
      },
      "geometry": {
        "type": "Point",
        "coordinates": [
          77.6209764,
          12.9543777
        ]
      },
      "id": "node/6947674447"
    },
    {
      "type": "Feature",
      "properties": {
        "@id": "node/6947678585",
        "addr:district": "Bengaluru Urban",
        "addr:full": "No.1, 1 Cross Rananurthy Road",
        "addr:postcode": "560084",
        "addr:state": "Karnataka",
        "amenity": "hospital",
        "email": "info@zionhospitals.com",
        "name": "Zion Hospital And Research Centre Pvt.Ltd.",
        "operator:type": "private",
        "source": "OpenGovernmentData",
        "website": "http://zionhospitals.com/"
      },
      "geometry": {
        "type": "Point",
        "coordinates": [
          77.6354957,
          13.0149675
        ]
      },
      "id": "node/6947678585"
    },
    {
      "type": "Feature",
      "properties": {
        "@id": "node/6947682067",
        "addr:district": "Bengaluru Urban",
        "addr:full": "Victoria Hospital Campus",
        "addr:postcode": "560002",
        "addr:state": "Karnataka",
        "amenity": "hospital",
        "healthcare": "hospital",
        "name": "Institute Of Nephro Urology hospital",
        "source": "OpenGovernmentData"
      },
      "geometry": {
        "type": "Point",
        "coordinates": [
          77.5728562,
          12.9619528
        ]
      },
      "id": "node/6947682067"
    },
    {
      "type": "Feature",
      "properties": {
        "@id": "node/6947701126",
        "addr:district": "Bengaluru Urban",
        "addr:full": "Koramangala",
        "addr:postcode": "560095",
        "addr:state": "Karnataka",
        "amenity": "hospital",
        "healthcare": "hospital",
        "name": "Well Spring hospital",
        "source": "OpenGovernmentData"
      },
      "geometry": {
        "type": "Point",
        "coordinates": [
          77.6224349,
          12.9425676
        ]
      },
      "id": "node/6947701126"
    },
    {
      "type": "Feature",
      "properties": {
        "@id": "node/6947707788",
        "addr:district": "Bengaluru Urban",
        "addr:full": "Bengaluru Urban",
        "addr:postcode": "560002",
        "addr:state": "Karnataka",
        "amenity": "hospital",
        "name": "Aaroyha Mandir Hospital",
        "source": "OpenGovernmentData"
      },
      "geometry": {
        "type": "Point",
        "coordinates": [
          77.5502452,
          13.0105038
        ]
      },
      "id": "node/6947707788"
    },
    {
      "type": "Feature",
      "properties": {
        "@id": "node/6947707895",
        "addr:district": "Bengaluru Urban",
        "addr:full": "# 52 /10 80 Ft Road, Khb Colony Basaveshwaranagar",
        "addr:postcode": "560079",
        "addr:state": "Karnataka",
        "amenity": "hospital",
        "check_date": "2026-05-25",
        "description": "24/7 Accident and Trauma centre",
        "email": "support@punyahospitals.com",
        "healthcare": "hospital",
        "name": "Punya Hospital, Bengaluru Urban",
        "operator:type": "private",
        "source": "OpenGovernmentData",
        "website": "https://punyahospitals.com/"
      },
      "geometry": {
        "type": "Point",
        "coordinates": [
          77.5374853,
          12.9862161
        ]
      },
      "id": "node/6947707895"
    },
    {
      "type": "Feature",
      "properties": {
        "@id": "node/6947716888",
        "addr:district": "Bengaluru Urban",
        "addr:full": "No. 8, 60Ft. Road, Pattegara Palya, Vijayanagar",
        "addr:postcode": "560079",
        "addr:state": "Karnataka",
        "amenity": "hospital",
        "name": "Sandhyashree Hospital",
        "name:kn": "ಸಂಧ್ಯಾಶ್ರೀ ಆಸ್ಪತ್ರೆ",
        "source": "OpenGovernmentData"
      },
      "geometry": {
        "type": "Point",
        "coordinates": [
          77.5261763,
          12.9761802
        ]
      },
      "id": "node/6947716888"
    },
    {
      "type": "Feature",
      "properties": {
        "@id": "node/6947716900",
        "addr:district": "Bengaluru Urban",
        "addr:full": "No.21,22,1st Floor,Horamavu Main Road",
        "addr:postcode": "560043",
        "addr:state": "Karnataka",
        "amenity": "hospital",
        "name": "Dr. Sailaja's Super Speciality Eye Hospital",
        "source": "OpenGovernmentData"
      },
      "geometry": {
        "type": "Point",
        "coordinates": [
          77.6614188,
          13.0276736
        ]
      },
      "id": "node/6947716900"
    },
    {
      "type": "Feature",
      "properties": {
        "@id": "node/6947915400",
        "addr:district": "Bengaluru Urban",
        "addr:full": "Sindhi Hospital Road Sampangiramnagar S R Nagar",
        "addr:postcode": "560027",
        "addr:state": "Karnataka",
        "amenity": "hospital",
        "name": "Pd Hinduja Sindhi Hospital",
        "source": "OpenGovernmentData"
      },
      "geometry": {
        "type": "Point",
        "coordinates": [
          77.5926509,
          12.9646359
        ]
      },
      "id": "node/6947915400"
    },
    {
      "type": "Feature",
      "properties": {
        "@id": "node/6948030294",
        "addr:district": "Bengaluru Urban",
        "addr:full": "1078 11Th Main 9Th Cross Above Punjab National Bank Mahalakshmipura",
        "addr:postcode": "560086",
        "addr:state": "Karnataka",
        "amenity": "hospital",
        "healthcare": "hospital",
        "name": "Sri Ranga Arogyadhama",
        "source": "OpenGovernmentData"
      },
      "geometry": {
        "type": "Point",
        "coordinates": [
          77.542782,
          12.9986239
        ]
      },
      "id": "node/6948030294"
    },
    {
      "type": "Feature",
      "properties": {
        "@id": "node/6948438892",
        "addr:district": "Bengaluru Urban",
        "addr:full": "10Th, A Main, 68Th Cross, 5Th Block, Rajajinagar Near Bhasyam Circle",
        "addr:postcode": "560010",
        "addr:state": "Karnataka",
        "amenity": "hospital",
        "name": "Rotary Eye Hospital (A Unit Of Bangalore North Rotary Trust)",
        "source": "OpenGovernmentData"
      },
      "geometry": {
        "type": "Point",
        "coordinates": [
          77.5549364,
          12.9817233
        ]
      },
      "id": "node/6948438892"
    },
    {
      "type": "Feature",
      "properties": {
        "@id": "node/6948459038",
        "addr:district": "Bengaluru Urban",
        "addr:full": "No. 22/21, 6Th Cross, K N Extn, Yeshwanth Pur",
        "addr:postcode": "560022",
        "addr:state": "Karnataka",
        "amenity": "hospital",
        "name": "Acharya Tulsi Jain Hospital",
        "source": "OpenGovernmentData"
      },
      "geometry": {
        "type": "Point",
        "coordinates": [
          77.5567093,
          13.0218344
        ]
      },
      "id": "node/6948459038"
    },
    {
      "type": "Feature",
      "properties": {
        "@id": "node/6948552667",
        "addr:district": "Bengaluru Urban",
        "addr:full": "#20, 7Th Cross Rosegarden, Neelasandra",
        "addr:postcode": "560047",
        "addr:state": "Karnataka",
        "amenity": "hospital",
        "name": "Get Well Hospital",
        "source": "OpenGovernmentData"
      },
      "geometry": {
        "type": "Point",
        "coordinates": [
          77.61503,
          12.9526616
        ]
      },
      "id": "node/6948552667"
    },
    {
      "type": "Feature",
      "properties": {
        "@id": "node/6948590938",
        "addr:district": "Bengaluru Urban",
        "addr:full": "No.2, Ex-Servicemen Colony, 5Th Cross, Dinnur Main Road, R.T.Nagar",
        "addr:postcode": "560032",
        "addr:state": "Karnataka",
        "amenity": "hospital",
        "name": "Premier Hospital",
        "source": "OpenGovernmentData"
      },
      "geometry": {
        "type": "Point",
        "coordinates": [
          77.5960574,
          13.0241863
        ]
      },
      "id": "node/6948590938"
    },
    {
      "type": "Feature",
      "properties": {
        "@id": "node/6948604083",
        "addr:district": "Bengaluru Urban",
        "addr:full": "No - 30,1st Cross, Opp Geleyara Balaga Bus Stop,Mahalakshmipuram,Banglore",
        "addr:postcode": "560086",
        "addr:state": "Karnataka",
        "amenity": "hospital",
        "name": "Gurukripa Hospital and Health Care Centre",
        "source": "OpenGovernmentData"
      },
      "geometry": {
        "type": "Point",
        "coordinates": [
          77.5461146,
          13.0001802
        ]
      },
      "id": "node/6948604083"
    },
    {
      "type": "Feature",
      "properties": {
        "@id": "node/6948659616",
        "addr:district": "Bengaluru Urban",
        "addr:full": "Lmc 1210 &1211 ,1st Main, 1st Stage, 3Road Block Hbr Layout",
        "addr:postcode": "560001",
        "addr:state": "Karnataka",
        "amenity": "hospital",
        "name": "Avian Medicare and Research Centre",
        "source": "OpenGovernmentData",
        "wheelchair": "yes"
      },
      "geometry": {
        "type": "Point",
        "coordinates": [
          77.6227882,
          13.0269276
        ]
      },
      "id": "node/6948659616"
    },
    {
      "type": "Feature",
      "properties": {
        "@id": "node/6950124308",
        "addr:district": "Bengaluru Urban",
        "addr:full": "506, Aswathankatte Road V V Puram",
        "addr:postcode": "560004",
        "addr:state": "Karnataka",
        "amenity": "hospital",
        "name": "Venkateswara Hospital, Bengaluru Urban",
        "name:kn": "ವೆಂಕಟೇಶ್ವರ ಆಸ್ಪತ್ರೆ",
        "source": "OpenGovernmentData"
      },
      "geometry": {
        "type": "Point",
        "coordinates": [
          77.5755649,
          12.9543465
        ]
      },
      "id": "node/6950124308"
    },
    {
      "type": "Feature",
      "properties": {
        "@id": "node/6950185730",
        "addr:district": "Bengaluru Urban",
        "addr:full": "58, M. Muniyappa Complex Magadi Main Road, Agrahara Dasarahalli,",
        "addr:postcode": "560079",
        "addr:state": "Karnataka",
        "amenity": "hospital",
        "name": "Madhu Hospital, Bengaluru Urban",
        "source": "OpenGovernmentData"
      },
      "geometry": {
        "type": "Point",
        "coordinates": [
          77.5429603,
          12.9783164
        ]
      },
      "id": "node/6950185730"
    },
    {
      "type": "Feature",
      "properties": {
        "@id": "node/6950412307",
        "addr:district": "Bengaluru Urban",
        "addr:full": "5, Arabic College Main Road, Banglore",
        "addr:postcode": "560045",
        "addr:state": "Karnataka",
        "amenity": "hospital",
        "name": "Al- Habeeb Hospital",
        "source": "OpenGovernmentData"
      },
      "geometry": {
        "type": "Point",
        "coordinates": [
          77.6196139,
          13.0236062
        ]
      },
      "id": "node/6950412307"
    },
    {
      "type": "Feature",
      "properties": {
        "@id": "node/6950412318",
        "addr:district": "Bengaluru Urban",
        "addr:full": "No.2/2, ARS Mansion, New Mico Factory Road, Opposite GovernmentHigh School, Adugodi",
        "addr:postcode": "560030",
        "addr:state": "Karnataka",
        "amenity": "hospital",
        "email": "communication@santhigiriashram.org",
        "name": "Santhigiri Ayurveda and Siddha Hospital, Bengaluru Urban",
        "operator:type": "private",
        "source": "OpenGovernmentData",
        "website": "https://www.santhigiriashram.org/"
      },
      "geometry": {
        "type": "Point",
        "coordinates": [
          77.6065864,
          12.9439008
        ]
      },
      "id": "node/6950412318"
    },
    {
      "type": "Feature",
      "properties": {
        "@id": "node/6991371023",
        "addr:street": "3rd Cross, Subramani Layout",
        "amenity": "school",
        "name": "Manu Kannada School"
      },
      "geometry": {
        "type": "Point",
        "coordinates": [
          77.6683121,
          13.0076876
        ]
      },
      "id": "node/6991371023"
    },
    {
      "type": "Feature",
      "properties": {
        "@id": "node/7104329285",
        "amenity": "school",
        "name": "Sri Vani Girls High School"
      },
      "geometry": {
        "type": "Point",
        "coordinates": [
          77.553319,
          13.004793
        ]
      },
      "id": "node/7104329285"
    },
    {
      "type": "Feature",
      "properties": {
        "@id": "node/7139631443",
        "amenity": "hospital",
        "name": "Padmashree Diagnostics"
      },
      "geometry": {
        "type": "Point",
        "coordinates": [
          77.5436792,
          12.9745983
        ]
      },
      "id": "node/7139631443"
    },
    {
      "type": "Feature",
      "properties": {
        "@id": "node/7156536829",
        "amenity": "school",
        "name": "Government Model Primary School"
      },
      "geometry": {
        "type": "Point",
        "coordinates": [
          77.5338261,
          12.9577457
        ]
      },
      "id": "node/7156536829"
    },
    {
      "type": "Feature",
      "properties": {
        "@id": "node/7176651698",
        "amenity": "school",
        "name": "B M Valley School"
      },
      "geometry": {
        "type": "Point",
        "coordinates": [
          77.5258988,
          12.9417677
        ]
      },
      "id": "node/7176651698"
    },
    {
      "type": "Feature",
      "properties": {
        "@id": "node/7202935829",
        "addr:district": "Chitradurga",
        "addr:full": "K.C. General Hospital, Srirampura",
        "addr:postcode": "560003",
        "addr:state": "Karnataka",
        "addr:subdistrict": "Hosdurga",
        "amenity": "hospital",
        "contact:phone": "08199-242555",
        "name": "K.C. General Hospital",
        "source": "OpenGovernmentData"
      },
      "geometry": {
        "type": "Point",
        "coordinates": [
          77.5694167,
          12.993382
        ]
      },
      "id": "node/7202935829"
    },
    {
      "type": "Feature",
      "properties": {
        "@id": "node/7213565705",
        "addr:district": "Bengaluru Urban",
        "addr:full": "48/1, KHB Colony Main Rd, Sultanpalya, Hebbal, Bengaluru",
        "addr:postcode": "560032",
        "addr:state": "Karnataka",
        "amenity": "hospital",
        "healthcare": "hospital",
        "name": "Cure Hospital",
        "source": "OpenGovernmentData"
      },
      "geometry": {
        "type": "Point",
        "coordinates": [
          77.6085263,
          13.0324318
        ]
      },
      "id": "node/7213565705"
    },
    {
      "type": "Feature",
      "properties": {
        "@id": "node/7235403686",
        "amenity": "hospital",
        "name": "Yashas Neurocare"
      },
      "geometry": {
        "type": "Point",
        "coordinates": [
          77.5454024,
          12.9853993
        ]
      },
      "id": "node/7235403686"
    },
    {
      "type": "Feature",
      "properties": {
        "@id": "node/7235403985",
        "amenity": "hospital",
        "name": "Focus Diagnostic Center"
      },
      "geometry": {
        "type": "Point",
        "coordinates": [
          77.549951,
          12.9870634
        ]
      },
      "id": "node/7235403985"
    },
    {
      "type": "Feature",
      "properties": {
        "@id": "node/7236205652",
        "amenity": "school",
        "name": "New Oxford High School"
      },
      "geometry": {
        "type": "Point",
        "coordinates": [
          77.5531782,
          12.9847669
        ]
      },
      "id": "node/7236205652"
    },
    {
      "type": "Feature",
      "properties": {
        "@id": "node/7255929444",
        "amenity": "school",
        "name": "Bethesda Academy"
      },
      "geometry": {
        "type": "Point",
        "coordinates": [
          77.6157112,
          12.998522
        ]
      },
      "id": "node/7255929444"
    },
    {
      "type": "Feature",
      "properties": {
        "@id": "node/7258378647",
        "amenity": "hospital",
        "healthcare": "hospital",
        "healthcare:speciality": "optometry;optometrist",
        "name": "Vittal Eye HOspital"
      },
      "geometry": {
        "type": "Point",
        "coordinates": [
          77.5412566,
          12.931298
        ]
      },
      "id": "node/7258378647"
    },
    {
      "type": "Feature",
      "properties": {
        "@id": "node/7299151144",
        "addr:city": "Bengaluru",
        "addr:country": "IN",
        "addr:housename": "Al Azeez Mansion",
        "addr:housenumber": "78",
        "addr:postcode": "560025",
        "addr:street": "Brigade Road",
        "amenity": "school",
        "email": "music@nathanielschool.com",
        "name": "Nathaniel School of Music",
        "website": "https://www.nathanielschool.com/"
      },
      "geometry": {
        "type": "Point",
        "coordinates": [
          77.6065569,
          12.9695407
        ]
      },
      "id": "node/7299151144"
    },
    {
      "type": "Feature",
      "properties": {
        "@id": "node/7299776434",
        "amenity": "school",
        "name": "Kiara Music Academy"
      },
      "geometry": {
        "type": "Point",
        "coordinates": [
          77.6483457,
          12.9684861
        ]
      },
      "id": "node/7299776434"
    },
    {
      "type": "Feature",
      "properties": {
        "@id": "node/7572131833",
        "addr:district": "Bengaluru Urban",
        "addr:full": "Horamavu, Near Banaswadi, Bengaluru",
        "addr:postcode": "560043",
        "addr:state": "Karnataka",
        "amenity": "hospital",
        "name": "Stroke Treatment Paralysis",
        "source": "Local Knowledge"
      },
      "geometry": {
        "type": "Point",
        "coordinates": [
          77.6585299,
          13.0239995
        ]
      },
      "id": "node/7572131833"
    },
    {
      "type": "Feature",
      "properties": {
        "@id": "node/7572131835",
        "addr:district": "Bengaluru Urban",
        "addr:full": "Banaswadi, Bengaluru",
        "addr:postcode": "560043",
        "addr:state": "Karnataka",
        "amenity": "hospital",
        "name": "Geriatric Hospitals",
        "source": "Local Knowledge"
      },
      "geometry": {
        "type": "Point",
        "coordinates": [
          77.6599575,
          13.0283977
        ]
      },
      "id": "node/7572131835"
    },
    {
      "type": "Feature",
      "properties": {
        "@id": "node/7572526686",
        "addr:district": "Bengaluru Urban",
        "addr:full": "Govindarajanagar, Bengaluru",
        "addr:postcode": "560040",
        "addr:state": "Karnataka",
        "amenity": "hospital",
        "name": "Kamadhenu Hospital",
        "source": "Local Knowledge"
      },
      "geometry": {
        "type": "Point",
        "coordinates": [
          77.534972,
          12.975501
        ]
      },
      "id": "node/7572526686"
    },
    {
      "type": "Feature",
      "properties": {
        "@id": "node/7572526687",
        "addr:district": "Bengaluru Urban",
        "addr:full": "Indiranagar, Bengaluru",
        "addr:postcode": "560008",
        "addr:state": "Karnataka",
        "amenity": "hospital",
        "healthcare": "hospital",
        "name": "Dr. Rajesh Hospitals Eye and Dental",
        "source": "Local Knowledge"
      },
      "geometry": {
        "type": "Point",
        "coordinates": [
          77.6422131,
          12.9688989
        ]
      },
      "id": "node/7572526687"
    },
    {
      "type": "Feature",
      "properties": {
        "@id": "node/7572526690",
        "addr:district": "Bengaluru Urban",
        "addr:full": "Kaveri Nagar, Murgesh Pallya, Bengaluru",
        "addr:postcode": "560017",
        "addr:state": "Karnataka",
        "amenity": "hospital",
        "name": "OJUS Multi Speciality Hospital",
        "source": "Local Knowledge",
        "wheelchair": "limited"
      },
      "geometry": {
        "type": "Point",
        "coordinates": [
          77.653945,
          12.957269
        ]
      },
      "id": "node/7572526690"
    },
    {
      "type": "Feature",
      "properties": {
        "@id": "node/7572526693",
        "addr:district": "Bengaluru Urban",
        "addr:full": "Govindaraja Nagar Ward, Priyadarshini Layout, Kamakshipalya, Bengaluru",
        "addr:postcode": "560079",
        "addr:state": "Karnataka",
        "amenity": "hospital",
        "name": "Benaka Hospital",
        "source": "Local Knowledge"
      },
      "geometry": {
        "type": "Point",
        "coordinates": [
          77.5289448,
          12.9835824
        ]
      },
      "id": "node/7572526693"
    },
    {
      "type": "Feature",
      "properties": {
        "@id": "node/7572526698",
        "addr:district": "Bengaluru Urban",
        "addr:full": "Stage 2, Vijayanagar, Bengaluru",
        "addr:postcode": "560040",
        "addr:state": "Karnataka",
        "amenity": "hospital",
        "name": "Goverment Hospital, Hosahalli",
        "source": "Local Knowledge"
      },
      "geometry": {
        "type": "Point",
        "coordinates": [
          77.5342045,
          12.9744928
        ]
      },
      "id": "node/7572526698"
    },
    {
      "type": "Feature",
      "properties": {
        "@id": "node/7572526699",
        "addr:district": "Bengaluru Urban",
        "addr:full": "Jyothi Nagar, Bengaluru",
        "addr:postcode": "560017",
        "addr:state": "Karnataka",
        "amenity": "hospital",
        "name": "Jhon's Medical Hospital",
        "source": "Local Knowledge"
      },
      "geometry": {
        "type": "Point",
        "coordinates": [
          77.6662889,
          12.9635299
        ]
      },
      "id": "node/7572526699"
    },
    {
      "type": "Feature",
      "properties": {
        "@id": "node/7572526703",
        "addr:district": "Bengaluru Urban",
        "addr:full": "Govindaraja Nagar Ward, Pattegarhpalya, Vijayanagar, Bengaluru",
        "addr:postcode": "560079",
        "addr:state": "Karnataka",
        "amenity": "hospital",
        "name": "Government Hospital",
        "name:kn": "ಸರ್ಕಾರಿ ಆಸ್ಪತ್ರೆ",
        "source": "Local Knowledge"
      },
      "geometry": {
        "type": "Point",
        "coordinates": [
          77.5251934,
          12.9780731
        ]
      },
      "id": "node/7572526703"
    },
    {
      "type": "Feature",
      "properties": {
        "@id": "node/7572526708",
        "addr:district": "Bengaluru Urban",
        "addr:full": "Hoshalli Extension, Vijayanagar, Bengaluru",
        "addr:postcode": "560040",
        "addr:state": "Karnataka",
        "amenity": "hospital",
        "name": "Sriprasad Ayurveda",
        "source": "Local Knowledge"
      },
      "geometry": {
        "type": "Point",
        "coordinates": [
          77.5462808,
          12.9734087
        ]
      },
      "id": "node/7572526708"
    },
    {
      "type": "Feature",
      "properties": {
        "@id": "node/7572526709",
        "addr:district": "Bengaluru Urban",
        "addr:full": "Near Vijayanagar Police Station, Vijaya Nagar, Bengaluru",
        "addr:postcode": "560040",
        "addr:state": "Karnataka",
        "amenity": "hospital",
        "healthcare": "hospital",
        "name": "Vidya Eye Hospital",
        "source": "Local Knowledge"
      },
      "geometry": {
        "type": "Point",
        "coordinates": [
          77.5377684,
          12.9707429
        ]
      },
      "id": "node/7572526709"
    },
    {
      "type": "Feature",
      "properties": {
        "@id": "node/7572526710",
        "addr:district": "Bengaluru Urban",
        "addr:full": "Someshvarapura Layout, Jogupalya, Bengaluru",
        "addr:postcode": "560008",
        "addr:state": "Karnataka",
        "amenity": "hospital",
        "name": "Sai Baba Hospital",
        "name:kn": "ಸಾಯಿಬಾಬ ಆಸ್ಪತ್ರೆ",
        "source": "Local Knowledge"
      },
      "geometry": {
        "type": "Point",
        "coordinates": [
          77.6317472,
          12.9698194
        ]
      },
      "id": "node/7572526710"
    },
    {
      "type": "Feature",
      "properties": {
        "@id": "node/7572526717",
        "addr:district": "Bengaluru Urban",
        "addr:full": "Amarjyoti Layout, Domlur, Bengaluru",
        "addr:postcode": "560071",
        "addr:state": "Karnataka",
        "amenity": "hospital",
        "name": "Shree Sai Speciality Hospital",
        "source": "Local Knowledge"
      },
      "geometry": {
        "type": "Point",
        "coordinates": [
          77.6418006,
          12.9555948
        ]
      },
      "id": "node/7572526717"
    },
    {
      "type": "Feature",
      "properties": {
        "@id": "node/7572526747",
        "addr:district": "Bengaluru Urban",
        "addr:floor": "G",
        "addr:full": "Near Rajeshwari Theatre, Murgesh Pallya, Bengaluru",
        "addr:postcode": "560017",
        "addr:state": "Karnataka",
        "amenity": "hospital",
        "check_date": "2025-10-19",
        "healthcare": "hospital",
        "level": "0",
        "name": "Magdum Hospital",
        "source": "Local Knowledge"
      },
      "geometry": {
        "type": "Point",
        "coordinates": [
          77.6603768,
          12.9589495
        ]
      },
      "id": "node/7572526747"
    },
    {
      "type": "Feature",
      "properties": {
        "@id": "node/7572526750",
        "addr:district": "Bengaluru Urban",
        "addr:full": "Indiranagar, Bengaluru",
        "addr:postcode": "560008",
        "addr:state": "Karnataka",
        "amenity": "hospital",
        "healthcare": "hospital",
        "name": "Athoz Hospitals",
        "source": "Local Knowledge"
      },
      "geometry": {
        "type": "Point",
        "coordinates": [
          77.6424996,
          12.9673428
        ]
      },
      "id": "node/7572526750"
    },
    {
      "type": "Feature",
      "properties": {
        "@id": "node/7572526752",
        "addr:district": "Bengaluru Urban",
        "addr:full": "Rajajinagar, Bengaluru",
        "addr:postcode": "560010",
        "addr:state": "Karnataka",
        "amenity": "hospital",
        "name": "G.R. Hospital",
        "source": "Local Knowledge"
      },
      "geometry": {
        "type": "Point",
        "coordinates": [
          77.5548818,
          12.9802303
        ]
      },
      "id": "node/7572526752"
    },
    {
      "type": "Feature",
      "properties": {
        "@id": "node/7572526753",
        "addr:district": "Bengaluru Urban",
        "addr:full": "Nagarabhavi Main Road, Govindaraja Nagar Ward, Vijayanagar, Bengaluru",
        "addr:postcode": "560040",
        "addr:state": "Karnataka",
        "amenity": "hospital",
        "name": "Sneha Horizon Hospital",
        "source": "Local Knowledge"
      },
      "geometry": {
        "type": "Point",
        "coordinates": [
          77.5358001,
          12.9754301
        ]
      },
      "id": "node/7572526753"
    },
    {
      "type": "Feature",
      "properties": {
        "@id": "node/7572526757",
        "addr:district": "Bengaluru Urban",
        "addr:full": "CHBS Layout, Vijayanagar, Bengaluru",
        "addr:postcode": "560040",
        "addr:state": "Karnataka",
        "amenity": "hospital",
        "name": "Kangroo Hospital",
        "source": "Local Knowledge"
      },
      "geometry": {
        "type": "Point",
        "coordinates": [
          77.542325,
          12.974339
        ]
      },
      "id": "node/7572526757"
    },
    {
      "type": "Feature",
      "properties": {
        "@id": "node/7572526762",
        "addr:district": "Bengaluru Urban",
        "addr:full": "Rajajinagar, Bengaluru",
        "addr:postcode": "560023",
        "addr:state": "Karnataka",
        "amenity": "hospital",
        "name": "Abhinav Hospital",
        "source": "Local Knowledge"
      },
      "geometry": {
        "type": "Point",
        "coordinates": [
          77.553782,
          12.9757486
        ]
      },
      "id": "node/7572526762"
    },
    {
      "type": "Feature",
      "properties": {
        "@id": "node/7572526763",
        "addr:district": "Bengaluru Urban",
        "addr:full": "Govindaraja Nagar Ward, PF Layout, Vijayanagar, Bengaluru",
        "addr:postcode": "560040",
        "addr:state": "Karnataka",
        "amenity": "hospital",
        "name": "Suhusannidhi Hospital",
        "source": "Local Knowledge"
      },
      "geometry": {
        "type": "Point",
        "coordinates": [
          77.534951,
          12.969102
        ]
      },
      "id": "node/7572526763"
    },
    {
      "type": "Feature",
      "properties": {
        "@id": "node/7572526767",
        "addr:district": "Bengaluru Urban",
        "addr:full": "Someshvarapura Layout, Jogupalya, Bengaluru",
        "addr:postcode": "560008",
        "addr:state": "Karnataka",
        "amenity": "hospital",
        "name": "ESIC Hospital",
        "source": "Local Knowledge"
      },
      "geometry": {
        "type": "Point",
        "coordinates": [
          77.6317545,
          12.9693009
        ]
      },
      "id": "node/7572526767"
    },
    {
      "type": "Feature",
      "properties": {
        "@id": "node/7572526776",
        "addr:district": "Bengaluru Urban",
        "addr:full": "CHBS Layout, MC Layout, Vijayanagar, Bengaluru",
        "addr:postcode": "560040",
        "addr:state": "Karnataka",
        "amenity": "hospital",
        "name": "Sai Ortho and Dental Centre",
        "source": "Local Knowledge"
      },
      "geometry": {
        "type": "Point",
        "coordinates": [
          77.5360801,
          12.9698191
        ]
      },
      "id": "node/7572526776"
    },
    {
      "type": "Feature",
      "properties": {
        "@id": "node/7572526781",
        "addr:district": "Bengaluru Urban",
        "addr:full": "Agrahara Dasarahalli, Rajajinagar, Bengaluru",
        "addr:postcode": "560010",
        "addr:state": "Karnataka",
        "amenity": "hospital",
        "name": "Ammashrees Hospital",
        "source": "Local Knowledge"
      },
      "geometry": {
        "type": "Point",
        "coordinates": [
          77.5441641,
          12.9794315
        ]
      },
      "id": "node/7572526781"
    },
    {
      "type": "Feature",
      "properties": {
        "@id": "node/7572526782",
        "addr:district": "Bengaluru Urban",
        "addr:full": "Kodihalli, Bengaluru",
        "addr:postcode": "560008",
        "addr:state": "Karnataka",
        "amenity": "hospital",
        "name": "Lohitha Hospital",
        "source": "Local Knowledge"
      },
      "geometry": {
        "type": "Point",
        "coordinates": [
          77.64308,
          12.963951
        ]
      },
      "id": "node/7572526782"
    },
    {
      "type": "Feature",
      "properties": {
        "@id": "node/7572526791",
        "addr:district": "Bengaluru Urban",
        "addr:full": "Hans Complex, Manuvana, Vijayanagar, Bengaluru",
        "addr:postcode": "560040",
        "addr:state": "Karnataka",
        "amenity": "hospital",
        "name": "Bengaluru Child Neurology and Rehabilitaion Centre",
        "source": "Local Knowledge"
      },
      "geometry": {
        "type": "Point",
        "coordinates": [
          77.5461246,
          12.9735574
        ]
      },
      "id": "node/7572526791"
    },
    {
      "type": "Feature",
      "properties": {
        "@id": "node/7572526798",
        "addr:district": "Bengaluru Urban",
        "addr:full": "Konena Agrahara, Murgesh Pallya, Bengaluru",
        "addr:postcode": "560017",
        "addr:state": "Karnataka",
        "amenity": "hospital",
        "healthcare": "hospital",
        "name": "Dr. Hemant Agrawal",
        "source": "Local Knowledge"
      },
      "geometry": {
        "type": "Point",
        "coordinates": [
          77.659636,
          12.9583212
        ]
      },
      "id": "node/7572526798"
    },
    {
      "type": "Feature",
      "properties": {
        "@id": "node/7572526800",
        "addr:district": "Bengaluru Urban",
        "addr:full": "Near SBI, Vijayanagar, Bengaluru",
        "addr:postcode": "560040",
        "addr:state": "Karnataka",
        "amenity": "hospital",
        "name": "Dr. Nothesh Child Specialist",
        "source": "Local Knowledge"
      },
      "geometry": {
        "type": "Point",
        "coordinates": [
          77.540659,
          12.975423
        ]
      },
      "id": "node/7572526800"
    },
    {
      "type": "Feature",
      "properties": {
        "@id": "node/7572526801",
        "addr:district": "Bengaluru Urban",
        "addr:full": "Amarjyoti Layout, Domlur, Bengaluru",
        "addr:postcode": "560071",
        "addr:state": "Karnataka",
        "amenity": "hospital",
        "name": "Swasthya Hospitals",
        "source": "Local Knowledge"
      },
      "geometry": {
        "type": "Point",
        "coordinates": [
          77.6401572,
          12.9544981
        ]
      },
      "id": "node/7572526801"
    },
    {
      "type": "Feature",
      "properties": {
        "@id": "node/7572526802",
        "addr:district": "Bengaluru Urban",
        "addr:full": "Kaveri Nagar, Murgesh Pallya, Bengaluru",
        "addr:postcode": "560017",
        "addr:state": "Karnataka",
        "amenity": "hospital",
        "name": "Miracle Hopital",
        "source": "Local Knowledge",
        "wheelchair": "limited"
      },
      "geometry": {
        "type": "Point",
        "coordinates": [
          77.654322,
          12.958861
        ]
      },
      "id": "node/7572526802"
    },
    {
      "type": "Feature",
      "properties": {
        "@id": "node/7572526804",
        "addr:district": "Bengaluru Urban",
        "addr:full": "Vijaya Nagar, Bengaluru",
        "addr:postcode": "560040",
        "addr:state": "Karnataka",
        "amenity": "hospital",
        "name": "Sastry Memorial Hospital",
        "source": "Local Knowledge"
      },
      "geometry": {
        "type": "Point",
        "coordinates": [
          77.5332834,
          12.9698787
        ]
      },
      "id": "node/7572526804"
    },
    {
      "type": "Feature",
      "properties": {
        "@id": "node/7576958025",
        "addr:district": "Bengaluru Urban",
        "addr:full": "Srinivasnagar, Banashankari, Bengaluru",
        "addr:state": "Karnataka",
        "amenity": "hospital",
        "name": "Vinayaka Hospital",
        "source": "Local Knowledge"
      },
      "geometry": {
        "type": "Point",
        "coordinates": [
          77.549675,
          12.93753
        ]
      },
      "id": "node/7576958025"
    },
    {
      "type": "Feature",
      "properties": {
        "@id": "node/7576958028",
        "addr:district": "Bengaluru Urban",
        "addr:full": "Near Jamia Masjid, NR Road, Bengaluru",
        "addr:postcode": "560002",
        "addr:state": "Karnataka",
        "amenity": "hospital",
        "name": "Unani Hospital",
        "source": "Local Knowledge"
      },
      "geometry": {
        "type": "Point",
        "coordinates": [
          77.5790145,
          12.9633185
        ]
      },
      "id": "node/7576958028"
    },
    {
      "type": "Feature",
      "properties": {
        "@id": "node/7576958032",
        "addr:district": "Bengaluru Urban",
        "addr:full": "Austin Town, Neelasandra, Bengaluru",
        "addr:postcode": "560047",
        "addr:state": "Karnataka",
        "amenity": "hospital",
        "name": "Rahul Maternity & Child Health Centre",
        "source": "Local Knowledge"
      },
      "geometry": {
        "type": "Point",
        "coordinates": [
          77.6146819,
          12.9596227
        ]
      },
      "id": "node/7576958032"
    },
    {
      "type": "Feature",
      "properties": {
        "@id": "node/7576958033",
        "addr:district": "Bengaluru Urban",
        "addr:full": "Basavanagudi, Bengaluru",
        "addr:postcode": "560004",
        "addr:state": "Karnataka",
        "amenity": "hospital",
        "name": "Bangaluru Unani Hospital",
        "source": "Local Knowledge"
      },
      "geometry": {
        "type": "Point",
        "coordinates": [
          77.5794387,
          12.9405198
        ]
      },
      "id": "node/7576958033"
    },
    {
      "type": "Feature",
      "properties": {
        "@id": "node/7576958037",
        "addr:district": "Bengaluru Urban",
        "addr:full": "S.S. Temple Street, V V Puram, Bengaluru",
        "addr:postcode": "560004",
        "addr:state": "Karnataka",
        "amenity": "hospital",
        "name": "Medcare Hospital",
        "source": "Local Knowledge"
      },
      "geometry": {
        "type": "Point",
        "coordinates": [
          77.574203,
          12.953049
        ]
      },
      "id": "node/7576958037"
    },
    {
      "type": "Feature",
      "properties": {
        "@id": "node/7576958039",
        "addr:district": "Bengaluru Urban",
        "addr:full": "50 Feet Road, Basavanagadi, Banashankari, Bengaluru",
        "addr:postcode": "560019",
        "addr:state": "Karnataka",
        "amenity": "hospital",
        "name": "Sumanjara Hospital",
        "source": "Local Knowledge"
      },
      "geometry": {
        "type": "Point",
        "coordinates": [
          77.5601782,
          12.9417439
        ]
      },
      "id": "node/7576958039"
    },
    {
      "type": "Feature",
      "properties": {
        "@id": "node/7576958043",
        "addr:district": "Bengaluru Urban",
        "addr:full": "Mahaveer Arcade, Sirsi Road, Chamrajpet, Bengaluru",
        "addr:postcode": "560018",
        "addr:state": "Karnataka",
        "amenity": "hospital",
        "name": "Corporation Hospital",
        "source": "Local Knowledge"
      },
      "geometry": {
        "type": "Point",
        "coordinates": [
          77.560893,
          12.961345
        ]
      },
      "id": "node/7576958043"
    },
    {
      "type": "Feature",
      "properties": {
        "@id": "node/7576958045",
        "addr:district": "Bengaluru Urban",
        "addr:full": "DVG Road, Gandhi Bazaar, Basavanagudi, Bengaluru",
        "addr:postcode": "560004",
        "addr:state": "Karnataka",
        "amenity": "hospital",
        "name": "Mitralaya Hospital",
        "source": "Local Knowledge"
      },
      "geometry": {
        "type": "Point",
        "coordinates": [
          77.5712865,
          12.945591
        ]
      },
      "id": "node/7576958045"
    },
    {
      "type": "Feature",
      "properties": {
        "@id": "node/7576958048",
        "addr:district": "Bengaluru Urban",
        "addr:full": "Dasarhalli, Srinagar, Banashankari, Bengaluru",
        "addr:state": "Karnataka",
        "amenity": "hospital",
        "name": "People Tree Hospitals",
        "source": "Local Knowledge"
      },
      "geometry": {
        "type": "Point",
        "coordinates": [
          77.553598,
          12.942076
        ]
      },
      "id": "node/7576958048"
    },
    {
      "type": "Feature",
      "properties": {
        "@id": "node/7576958051",
        "addr:district": "Bengaluru Urban",
        "addr:full": "Jaya Nagar East, Jayanagar, Bengaluru",
        "addr:postcode": "560011",
        "addr:state": "Karnataka",
        "amenity": "hospital",
        "healthcare": "hospital",
        "name": "Apollo Specialty Hospital",
        "source": "Local Knowledge"
      },
      "geometry": {
        "type": "Point",
        "coordinates": [
          77.584422,
          12.936459
        ]
      },
      "id": "node/7576958051"
    },
    {
      "type": "Feature",
      "properties": {
        "@id": "node/7576958052",
        "addr:district": "Bengaluru Urban",
        "addr:full": "Sirsi Road, Chamrajpet, Bengaluru",
        "addr:postcode": "560018",
        "addr:state": "Karnataka",
        "amenity": "hospital",
        "name": "Government Hospital",
        "name:kn": "ಚಾಮರಾಜಪೇಟೆ ಸರ್ಕಾರಿ ಆಸ್ಪತ್ರೆ",
        "source": "Local Knowledge"
      },
      "geometry": {
        "type": "Point",
        "coordinates": [
          77.5613939,
          12.9609494
        ]
      },
      "id": "node/7576958052"
    },
    {
      "type": "Feature",
      "properties": {
        "@id": "node/7576958060",
        "addr:district": "Bengaluru Urban",
        "addr:full": "SBM Colony, Banashankari, Bengaluru",
        "addr:postcode": "560050",
        "addr:state": "Karnataka",
        "amenity": "hospital",
        "name": "Verna Hospital",
        "source": "Local Knowledge"
      },
      "geometry": {
        "type": "Point",
        "coordinates": [
          77.5580361,
          12.940404
        ]
      },
      "id": "node/7576958060"
    },
    {
      "type": "Feature",
      "properties": {
        "@id": "node/7576958061",
        "addr:district": "Bengaluru Urban",
        "addr:full": "Ramachandra Agrahara, Azad Nagar, Bengaluru",
        "addr:postcode": "560026",
        "addr:state": "Karnataka",
        "amenity": "hospital",
        "name": "Government Hospital, Banglore",
        "source": "Local Knowledge"
      },
      "geometry": {
        "type": "Point",
        "coordinates": [
          77.5573456,
          12.9587464
        ]
      },
      "id": "node/7576958061"
    },
    {
      "type": "Feature",
      "properties": {
        "@id": "node/7576958062",
        "addr:district": "Bengaluru Urban",
        "addr:full": "Kamalanagar, Chamrajpet, Bengaluru",
        "addr:postcode": "560018",
        "addr:state": "Karnataka",
        "amenity": "hospital",
        "name": "Royan Maternity & Child Welfare Centre",
        "source": "Local Knowledge"
      },
      "geometry": {
        "type": "Point",
        "coordinates": [
          77.568274,
          12.960311
        ]
      },
      "id": "node/7576958062"
    },
    {
      "type": "Feature",
      "properties": {
        "@id": "node/7576958064",
        "addr:district": "Bengaluru Urban",
        "addr:full": "Campbell Road, Bangalore",
        "addr:postcode": "560047",
        "addr:state": "Karnataka",
        "amenity": "hospital",
        "name": "Alisa Eye Hospital",
        "source": "Local Knowledge"
      },
      "geometry": {
        "type": "Point",
        "coordinates": [
          77.6104334,
          12.9652304
        ]
      },
      "id": "node/7576958064"
    },
    {
      "type": "Feature",
      "properties": {
        "@id": "node/7576958065",
        "addr:district": "Bengaluru Urban",
        "addr:full": "Bull Temple Road, Hanumanthnagar, Bengaluru",
        "addr:postcode": "560019",
        "addr:state": "Karnataka",
        "amenity": "hospital",
        "name": "Shekhar Hospital",
        "source": "Local Knowledge"
      },
      "geometry": {
        "type": "Point",
        "coordinates": [
          77.567404,
          12.945944
        ]
      },
      "id": "node/7576958065"
    },
    {
      "type": "Feature",
      "properties": {
        "@id": "node/7576958066",
        "addr:district": "Bengaluru Urban",
        "addr:full": "RK Mutt Layout, Kempegowda Nagar, Bengaluru",
        "addr:state": "Karnataka",
        "amenity": "hospital",
        "name": "Government Hospital",
        "name:kn": "ಸರ್ಕಾರಿ ಆಸ್ಪತ್ರೆ",
        "source": "Local Knowledge"
      },
      "geometry": {
        "type": "Point",
        "coordinates": [
          77.563226,
          12.949104
        ]
      },
      "id": "node/7576958066"
    },
    {
      "type": "Feature",
      "properties": {
        "@id": "node/7576958068",
        "addr:district": "Bengaluru Urban",
        "addr:full": "Hanumanthnagar, Banashankari, Bengaluru",
        "addr:postcode": "560019",
        "addr:state": "Karnataka",
        "amenity": "hospital",
        "name": "Jeevini Sarvodaya Hospital",
        "source": "Local Knowledge"
      },
      "geometry": {
        "type": "Point",
        "coordinates": [
          77.5641917,
          12.9415883
        ]
      },
      "id": "node/7576958068"
    },
    {
      "type": "Feature",
      "properties": {
        "@id": "node/7576958070",
        "addr:district": "Bengaluru Urban",
        "addr:full": "Shankar Mutt Road, Chikkanna Garden, Shankarapura, Bengaluru",
        "addr:postcode": "560004",
        "addr:state": "Karnataka",
        "amenity": "hospital",
        "name": "Mahaveer Ortho Care Speciality Centre",
        "source": "Local Knowledge"
      },
      "geometry": {
        "type": "Point",
        "coordinates": [
          77.5695045,
          12.9569684
        ]
      },
      "id": "node/7576958070"
    },
    {
      "type": "Feature",
      "properties": {
        "@id": "node/7576958071",
        "addr:district": "Bengaluru Urban",
        "addr:full": "Banashankari, Bengaluru",
        "addr:state": "Karnataka",
        "amenity": "hospital",
        "name": "Raghavendra Hospital",
        "source": "Local Knowledge"
      },
      "geometry": {
        "type": "Point",
        "coordinates": [
          77.554296,
          12.938787
        ]
      },
      "id": "node/7576958071"
    },
    {
      "type": "Feature",
      "properties": {
        "@id": "node/7576958074",
        "addr:district": "Bengaluru Urban",
        "addr:full": "Srinivasnagar, Banashankari, Bengaluru",
        "addr:state": "Karnataka",
        "amenity": "hospital",
        "name": "Apaara Multi Speciality",
        "source": "Local Knowledge"
      },
      "geometry": {
        "type": "Point",
        "coordinates": [
          77.551329,
          12.938453
        ]
      },
      "id": "node/7576958074"
    },
    {
      "type": "Feature",
      "properties": {
        "@id": "node/7576958078",
        "addr:district": "Bengaluru Urban",
        "addr:full": "Krishna Rajendra Road, Basavanagudi, Bengaluru",
        "addr:postcode": "560004",
        "addr:state": "Karnataka",
        "amenity": "hospital",
        "healthcare": "hospital",
        "name": "Khincha Orthopaedic Centre",
        "source": "Local Knowledge"
      },
      "geometry": {
        "type": "Point",
        "coordinates": [
          77.573989,
          12.939882
        ]
      },
      "id": "node/7576958078"
    },
    {
      "type": "Feature",
      "properties": {
        "@id": "node/7576958080",
        "addr:district": "Bengaluru Urban",
        "addr:full": "RK Mutt Layout, Gavipura, Kempegowda Nagar, Bengaluru",
        "addr:state": "Karnataka",
        "amenity": "hospital",
        "name": "Parameshwari Hospital",
        "source": "Local Knowledge"
      },
      "geometry": {
        "type": "Point",
        "coordinates": [
          77.563543,
          12.948971
        ]
      },
      "id": "node/7576958080"
    },
    {
      "type": "Feature",
      "properties": {
        "@id": "node/7576958083",
        "addr:district": "Bengaluru Urban",
        "addr:full": "Giri Nagar, Banashankari, Bengaluru",
        "addr:state": "Karnataka",
        "amenity": "hospital",
        "name": "Drishti Nethralaya",
        "name:kn": "ದೃಷ್ಟಿ ನೇತ್ರಾಲಯ",
        "source": "Local Knowledge"
      },
      "geometry": {
        "type": "Point",
        "coordinates": [
          77.5506328,
          12.9422541
        ]
      },
      "id": "node/7576958083"
    },
    {
      "type": "Feature",
      "properties": {
        "@id": "node/7576958084",
        "addr:district": "Bengaluru Urban",
        "addr:full": "Sampangi Rama Nagar, Bengaluru",
        "addr:postcode": "560002",
        "addr:state": "Karnataka",
        "amenity": "hospital",
        "name": "Furtde Hospital",
        "source": "Local Knowledge"
      },
      "geometry": {
        "type": "Point",
        "coordinates": [
          77.5894756,
          12.9654649
        ]
      },
      "id": "node/7576958084"
    },
    {
      "type": "Feature",
      "properties": {
        "@id": "node/7576958086",
        "addr:district": "Bengaluru Urban",
        "addr:full": "Santhusapet, Bengaluru",
        "addr:postcode": "560053",
        "addr:state": "Karnataka",
        "amenity": "hospital",
        "name": "Manavarthapet Pregnancy Hospital",
        "source": "Local Knowledge"
      },
      "geometry": {
        "type": "Point",
        "coordinates": [
          77.5734571,
          12.9702549
        ]
      },
      "id": "node/7576958086"
    },
    {
      "type": "Feature",
      "properties": {
        "@id": "node/7576958089",
        "addr:district": "Bengaluru Urban",
        "addr:full": "Basavanagudi, Bengaluru",
        "addr:postcode": "560004",
        "addr:state": "Karnataka",
        "amenity": "hospital",
        "healthcare": "hospital",
        "name": "Trinity Hospital and Heart Foundation",
        "source": "Local Knowledge"
      },
      "geometry": {
        "type": "Point",
        "coordinates": [
          77.5796583,
          12.9434996
        ]
      },
      "id": "node/7576958089"
    },
    {
      "type": "Feature",
      "properties": {
        "@id": "node/7576958091",
        "addr:district": "Bengaluru Urban",
        "addr:full": "Chamrajpet, Bengaluru",
        "addr:postcode": "560018",
        "addr:state": "Karnataka",
        "amenity": "hospital",
        "name": "Spandana Heart Centre",
        "source": "Local Knowledge"
      },
      "geometry": {
        "type": "Point",
        "coordinates": [
          77.566486,
          12.957222
        ]
      },
      "id": "node/7576958091"
    },
    {
      "type": "Feature",
      "properties": {
        "@id": "node/7576958092",
        "addr:district": "Bengaluru Urban",
        "addr:full": "Victoria Layout, Bengaluru",
        "addr:postcode": "560047",
        "addr:state": "Karnataka",
        "amenity": "hospital",
        "name": "Shas Eye Care",
        "source": "Local Knowledge"
      },
      "geometry": {
        "type": "Point",
        "coordinates": [
          77.614714,
          12.960296
        ]
      },
      "id": "node/7576958092"
    },
    {
      "type": "Feature",
      "properties": {
        "@id": "node/7576958093",
        "addr:district": "Bengaluru Urban",
        "addr:full": "M N Krishna Rao Park Road, Basavanagudi, Bengaluru",
        "addr:postcode": "560070",
        "addr:state": "Karnataka",
        "amenity": "hospital",
        "fixme": "incorrect location",
        "healthcare": "hospital",
        "name": "Matha Pitha Hospital",
        "source": "Local Knowledge"
      },
      "geometry": {
        "type": "Point",
        "coordinates": [
          77.575634,
          12.9420276
        ]
      },
      "id": "node/7576958093"
    },
    {
      "type": "Feature",
      "properties": {
        "@id": "node/7576958095",
        "addr:district": "Bengaluru Urban",
        "addr:full": "JM Road, Upparpete, Bengaluru",
        "addr:postcode": "560053",
        "addr:state": "Karnataka",
        "amenity": "hospital",
        "healthcare": "hospital",
        "name": "ESI Hospital",
        "operator": "Employees' State Insurance",
        "operator:short": "ESI",
        "operator:wikidata": "Q3595726",
        "source": "Local Knowledge"
      },
      "geometry": {
        "type": "Point",
        "coordinates": [
          77.573351,
          12.972126
        ]
      },
      "id": "node/7576958095"
    },
    {
      "type": "Feature",
      "properties": {
        "@id": "node/7576958096",
        "addr:district": "Bengaluru Urban",
        "addr:full": "Chamrajpet, Bengaluru",
        "addr:postcode": "560018",
        "addr:state": "Karnataka",
        "amenity": "hospital",
        "name": "Herige Hospital",
        "source": "Local Knowledge"
      },
      "geometry": {
        "type": "Point",
        "coordinates": [
          77.5609696,
          12.960972
        ]
      },
      "id": "node/7576958096"
    },
    {
      "type": "Feature",
      "properties": {
        "@id": "node/7576958106",
        "addr:district": "Bengaluru Urban",
        "addr:full": "Richmond Road, Shanthala Nagar, Ashok Nagar, Bengaluru",
        "addr:postcode": "560025",
        "addr:state": "Karnataka",
        "amenity": "hospital",
        "name": "Gleneagles Global Hospitals",
        "source": "Local Knowledge",
        "wheelchair": "yes"
      },
      "geometry": {
        "type": "Point",
        "coordinates": [
          77.5999044,
          12.9654497
        ]
      },
      "id": "node/7576958106"
    },
    {
      "type": "Feature",
      "properties": {
        "@id": "node/7576958116",
        "addr:district": "Bengaluru Urban",
        "addr:full": "Ashwath Nagar, Sampangi Rama Nagara, Bengaluru",
        "addr:postcode": "560002",
        "addr:state": "Karnataka",
        "amenity": "hospital",
        "name": "Punarjyoti Eye Hospital",
        "source": "Local Knowledge"
      },
      "geometry": {
        "type": "Point",
        "coordinates": [
          77.589928,
          12.9658901
        ]
      },
      "id": "node/7576958116"
    },
    {
      "type": "Feature",
      "properties": {
        "@id": "node/7576958117",
        "addr:district": "Bengaluru Urban",
        "addr:full": "Vanivilas Road, Gandhi Bazaar, Basavanagudi, Bengaluru",
        "addr:postcode": "560004",
        "addr:state": "Karnataka",
        "amenity": "hospital",
        "name": "Swastik Eye Hospital",
        "source": "Local Knowledge"
      },
      "geometry": {
        "type": "Point",
        "coordinates": [
          77.5696395,
          12.9479647
        ]
      },
      "id": "node/7576958117"
    },
    {
      "type": "Feature",
      "properties": {
        "@id": "node/7576958118",
        "addr:district": "Bengaluru Urban",
        "addr:full": "Rashtriya Vidyalaya Road, Basavanagudi, Bengaluru",
        "addr:postcode": "560004",
        "addr:state": "Karnataka",
        "amenity": "hospital",
        "healthcare": "hospital",
        "name": "Dave Gray Hospital",
        "source": "Local Knowledge"
      },
      "geometry": {
        "type": "Point",
        "coordinates": [
          77.5799015,
          12.9458294
        ]
      },
      "id": "node/7576958118"
    },
    {
      "type": "Feature",
      "properties": {
        "@id": "node/7576958120",
        "addr:district": "Bengaluru Urban",
        "addr:full": "Sampangi Rama Nagara, Bengaluru",
        "addr:postcode": "560027",
        "addr:state": "Karnataka",
        "amenity": "hospital",
        "name": "Dr. Rudrappa's Hospital",
        "source": "Local Knowledge"
      },
      "geometry": {
        "type": "Point",
        "coordinates": [
          77.5954946,
          12.9650303
        ]
      },
      "id": "node/7576958120"
    },
    {
      "type": "Feature",
      "properties": {
        "@id": "node/7577248186",
        "addr:district": "Bengaluru Urban",
        "addr:full": "HRBR Layout, Banaswadi, Bengaluru",
        "addr:postcode": "560043",
        "addr:state": "Karnataka",
        "amenity": "hospital",
        "name": "Shishuka Children's Speciality Hospital",
        "source": "Local Knowledge"
      },
      "geometry": {
        "type": "Point",
        "coordinates": [
          77.6535352,
          13.0193799
        ]
      },
      "id": "node/7577248186"
    },
    {
      "type": "Feature",
      "properties": {
        "@id": "node/7577248193",
        "addr:district": "Bengaluru Urban",
        "addr:full": "Lal Bahadur Nagar, Kasturi Nagar, Bengaluru",
        "addr:postcode": "560043",
        "addr:state": "Karnataka",
        "amenity": "hospital",
        "name": "Skin Remediez",
        "source": "Local Knowledge"
      },
      "geometry": {
        "type": "Point",
        "coordinates": [
          77.6579493,
          13.0091103
        ]
      },
      "id": "node/7577248193"
    },
    {
      "type": "Feature",
      "properties": {
        "@id": "node/7577248221",
        "addr:district": "Bengaluru Urban",
        "addr:full": "HRBR Layout, Kalyan Nagar, Bengaluru",
        "addr:postcode": "560043",
        "addr:state": "Karnataka",
        "amenity": "hospital",
        "name": "Ovum Birthing Centre",
        "source": "Local Knowledge"
      },
      "geometry": {
        "type": "Point",
        "coordinates": [
          77.6516628,
          13.0201491
        ]
      },
      "id": "node/7577248221"
    },
    {
      "type": "Feature",
      "properties": {
        "@id": "node/7577248227",
        "addr:district": "Bengaluru Urban",
        "addr:full": "HBR Layout, Bengaluru",
        "addr:postcode": "560043",
        "addr:state": "Karnataka",
        "amenity": "hospital",
        "name": "Medicure Hospital",
        "source": "Local Knowledge"
      },
      "geometry": {
        "type": "Point",
        "coordinates": [
          77.6298629,
          13.0283463
        ]
      },
      "id": "node/7577248227"
    },
    {
      "type": "Feature",
      "properties": {
        "@id": "node/7577248235",
        "addr:district": "Bengaluru Urban",
        "addr:full": "OMBR Layout, Banaswadi, Bengaluru",
        "addr:postcode": "560043",
        "addr:state": "Karnataka",
        "amenity": "hospital",
        "name": "Motherhood Women & Children Hospital",
        "source": "Local Knowledge"
      },
      "geometry": {
        "type": "Point",
        "coordinates": [
          77.6525909,
          13.0102697
        ]
      },
      "id": "node/7577248235"
    },
    {
      "type": "Feature",
      "properties": {
        "@id": "node/7577248246",
        "addr:district": "Bengaluru Urban",
        "addr:full": "HBR Layout, Kalyan Nagar, Bengaluru",
        "addr:postcode": "560043",
        "addr:state": "Karnataka",
        "amenity": "hospital",
        "name": "Feran Hospital",
        "source": "Local Knowledge"
      },
      "geometry": {
        "type": "Point",
        "coordinates": [
          77.6302142,
          13.0263661
        ]
      },
      "id": "node/7577248246"
    },
    {
      "type": "Feature",
      "properties": {
        "@id": "node/7577248254",
        "addr:district": "Bengaluru Urban",
        "addr:full": "Ramamurthy Nagar, Kuvempu Nagar, Bellandur, Bengaluru",
        "addr:postcode": "560043",
        "addr:state": "Karnataka",
        "amenity": "hospital",
        "name": "Super Specialty Eye Hospital",
        "source": "Local Knowledge"
      },
      "geometry": {
        "type": "Point",
        "coordinates": [
          77.6604049,
          13.0166883
        ]
      },
      "id": "node/7577248254"
    },
    {
      "type": "Feature",
      "properties": {
        "@id": "node/7577248260",
        "addr:district": "Bengaluru Urban",
        "addr:full": "Balaji Layout, Subbaiahnapalya, Banaswadi, Bengaluru",
        "addr:postcode": "560043",
        "addr:state": "Karnataka",
        "amenity": "hospital",
        "name": "Endocrine Speciality Centre",
        "source": "Local Knowledge"
      },
      "geometry": {
        "type": "Point",
        "coordinates": [
          77.648529,
          13.013761
        ]
      },
      "id": "node/7577248260"
    },
    {
      "type": "Feature",
      "properties": {
        "@id": "node/7577248266",
        "addr:district": "Bengaluru Urban",
        "addr:full": "HRBR Layout, Banaswadi, Bengaluru",
        "addr:postcode": "560043",
        "addr:state": "Karnataka",
        "amenity": "hospital",
        "check_date": "2024-08-17",
        "name": "Anjani Women's Day Care Hospital",
        "source": "Local Knowledge"
      },
      "geometry": {
        "type": "Point",
        "coordinates": [
          77.647187,
          13.0188119
        ]
      },
      "id": "node/7577248266"
    },
    {
      "type": "Feature",
      "properties": {
        "@id": "node/7577248275",
        "addr:district": "Bengaluru Urban",
        "addr:full": "HBR Layout, Bengaluru",
        "addr:postcode": "560043",
        "addr:state": "Karnataka",
        "amenity": "hospital",
        "name": "CDEC Hospital",
        "source": "Local Knowledge"
      },
      "geometry": {
        "type": "Point",
        "coordinates": [
          77.6281742,
          13.026989
        ]
      },
      "id": "node/7577248275"
    },
    {
      "type": "Feature",
      "properties": {
        "@id": "node/7577248277",
        "addr:district": "Bengaluru Urban",
        "addr:full": "Kadugondanahalli, Bengaluru",
        "addr:postcode": "560045",
        "addr:state": "Karnataka",
        "amenity": "hospital",
        "name": "Pranam Dental Hospital",
        "source": "Local Knowledge"
      },
      "geometry": {
        "type": "Point",
        "coordinates": [
          77.620568,
          13.029101
        ]
      },
      "id": "node/7577248277"
    },
    {
      "type": "Feature",
      "properties": {
        "@id": "node/7577248278",
        "addr:district": "Bengaluru Urban",
        "addr:full": "Chikka Banaswadi, Banaswadi, Bengaluru",
        "addr:postcode": "560043",
        "addr:state": "Karnataka",
        "amenity": "hospital",
        "name": "Milaan Hospital",
        "source": "Local Knowledge"
      },
      "geometry": {
        "type": "Point",
        "coordinates": [
          77.6476418,
          13.0109537
        ]
      },
      "id": "node/7577248278"
    },
    {
      "type": "Feature",
      "properties": {
        "@id": "node/7577248279",
        "addr:district": "Bengaluru Urban",
        "addr:full": "Nanjappa Garden, Horamavu, Bengaluru",
        "addr:postcode": "560043",
        "addr:state": "Karnataka",
        "amenity": "hospital",
        "name": "Cloudnine Hospital",
        "source": "Local Knowledge"
      },
      "geometry": {
        "type": "Point",
        "coordinates": [
          77.654053,
          13.020084
        ]
      },
      "id": "node/7577248279"
    },
    {
      "type": "Feature",
      "properties": {
        "@id": "node/7579924732",
        "addr:district": "Bengaluru Urban",
        "addr:full": "Vidyapeeta Layout, Basavanagudi, Bengaluru",
        "addr:postcode": "560050",
        "addr:state": "Karnataka",
        "amenity": "hospital",
        "name": "Bharathi Hospitals",
        "source": "Local Knowledge"
      },
      "geometry": {
        "type": "Point",
        "coordinates": [
          77.5622345,
          12.9334096
        ]
      },
      "id": "node/7579924732"
    },
    {
      "type": "Feature",
      "properties": {
        "@id": "node/7927589085",
        "addr:postcode": "560040",
        "addr:street": "Metro Station, Near, Ramanashree Udaya Education society, 14, 18th Main Rd, Marenahalli, MC Layout,",
        "amenity": "school",
        "email": "communications.oisvn@orchids.edu.in",
        "name": "Orchids The International School, VijayaNagar",
        "opening_hours": "Mo-Su 09:00-18:30",
        "operator": "Orchids International School",
        "phone": "+919513923233",
        "website": "https://www.orchidsinternationalschool.com/bangalore-branches/vijayanagar/"
      },
      "geometry": {
        "type": "Point",
        "coordinates": [
          77.5358963,
          12.970057
        ]
      },
      "id": "node/7927589085"
    },
    {
      "type": "Feature",
      "properties": {
        "@id": "node/7927991185",
        "addr:housenumber": "9/6",
        "addr:postcode": "560086",
        "addr:street": "4th Cross Rd, Mahalakshmipuram Layout, Mahalakshmi Layout",
        "amenity": "school",
        "email": "communications.oisml@orchids.edu.in",
        "name": "Orchids The International School - Mahalakshmi Layout",
        "opening_hours": "Mo-Su 09:00-18:30",
        "operator": "Orchids International School",
        "phone": "9513731352",
        "website": "https://www.orchidsinternationalschool.com/bangalore-branches/mahalakshmi-layout/"
      },
      "geometry": {
        "type": "Point",
        "coordinates": [
          77.5468543,
          13.0116909
        ]
      },
      "id": "node/7927991185"
    },
    {
      "type": "Feature",
      "properties": {
        "@id": "node/7976310624",
        "amenity": "hospital",
        "description": "Cardiac speciality",
        "name": "Chinmaya Hrudayalaya",
        "name:kn": "ಚಿನ್ಮಯ ಹೃದಯಲಯ"
      },
      "geometry": {
        "type": "Point",
        "coordinates": [
          77.6459447,
          12.9778121
        ]
      },
      "id": "node/7976310624"
    },
    {
      "type": "Feature",
      "properties": {
        "@id": "node/8188038659",
        "addr:full": "260/1, Abhiram, Near 17th Cross, Sampige Road, Malleswaram, Ranganathapura, Malleshwaram, Bengaluru, Karnataka",
        "addr:state": "Karnataka",
        "amenity": "hospital",
        "healthcare": "hospital",
        "name": "Nayanalaya Super Speciality Eye Care Centre"
      },
      "geometry": {
        "type": "Point",
        "coordinates": [
          77.571159,
          13.006795
        ]
      },
      "id": "node/8188038659"
    },
    {
      "type": "Feature",
      "properties": {
        "@id": "node/8188038670",
        "addr:full": "17, 3rd, 15th-16th Cross, Temple Road, Malleshwaram Bengaluru, Vyalikaval, Kodandarampura, Malleshwaram, Bengaluru, Karnataka",
        "addr:state": "Karnataka",
        "amenity": "hospital",
        "healthcare": "hospital",
        "name": "Srinidhi Health Centre"
      },
      "geometry": {
        "type": "Point",
        "coordinates": [
          77.5725746,
          13.005821
        ]
      },
      "id": "node/8188038670"
    },
    {
      "type": "Feature",
      "properties": {
        "@id": "node/8188038674",
        "addr:full": "1/1, 15th Cross 1st Temple Road, Behind-Hotel Adigas Sampige, Malleshwaram, Vyalikaval, Kodandarampura, Malleshwaram, Bengaluru, Karnataka",
        "addr:state": "Karnataka",
        "amenity": "hospital",
        "healthcare": "hospital",
        "name": "Orthopedic & Eye Care Center"
      },
      "geometry": {
        "type": "Point",
        "coordinates": [
          77.5719519,
          13.0054934
        ]
      },
      "id": "node/8188038674"
    },
    {
      "type": "Feature",
      "properties": {
        "@id": "node/8188038681",
        "addr:full": "8/3, E Block, I Block, I Stage, Rajajinagar, E block, 2nd Stage, Rajajinagar, Bengaluru, Karnataka",
        "addr:state": "Karnataka",
        "amenity": "hospital",
        "healthcare": "hospital",
        "name": "ESI Hospital",
        "operator": "Employees' State Insurance",
        "operator:short": "ESI",
        "operator:wikidata": "Q3595726"
      },
      "geometry": {
        "type": "Point",
        "coordinates": [
          77.5540033,
          13.004596
        ]
      },
      "id": "node/8188038681"
    },
    {
      "type": "Feature",
      "properties": {
        "@id": "node/8188038683",
        "addr:full": "5/19, 1st Main, Vyalikaval, Lower Palace Orchards, Guttahalli, Bengaluru, Karnataka",
        "addr:state": "Karnataka",
        "amenity": "hospital",
        "healthcare": "hospital",
        "healthcare:speciality": "orthopaedics",
        "name": "Ramani Orthopaedic Hospital"
      },
      "geometry": {
        "type": "Point",
        "coordinates": [
          77.5785238,
          13.0044307
        ]
      },
      "id": "node/8188038683"
    },
    {
      "type": "Feature",
      "properties": {
        "@id": "node/8188038684",
        "addr:full": "233, 1st A Main Rd, West of Chord Road 2nd Stage, 2nd Stage, Mahalakshmipuram, Bengaluru, Karnataka",
        "addr:state": "Karnataka",
        "amenity": "hospital",
        "healthcare": "hospital",
        "name": "Atharva Ayurdhama Ayurvedic Hospital"
      },
      "geometry": {
        "type": "Point",
        "coordinates": [
          77.547749,
          13.004314
        ]
      },
      "id": "node/8188038684"
    },
    {
      "type": "Feature",
      "properties": {
        "@id": "node/8188038691",
        "addr:full": "11th Cross Rd, HN Layout, Malleshwaram, Bengaluru, Karnataka",
        "addr:state": "Karnataka",
        "amenity": "hospital",
        "healthcare": "hospital",
        "name": "RICH CARE HOMEOPATHY"
      },
      "geometry": {
        "type": "Point",
        "coordinates": [
          77.5721683,
          13.0015461
        ]
      },
      "id": "node/8188038691"
    },
    {
      "type": "Feature",
      "properties": {
        "@id": "node/8188038705",
        "addr:full": "69/26, 19th Main, 19th Cross, Rajajinagar 1st Block, 1st Block, Rajajinagar, Bengaluru, Karnataka",
        "addr:state": "Karnataka",
        "amenity": "hospital",
        "healthcare": "hospital",
        "name": "Poornayu Ayurveda Hospital"
      },
      "geometry": {
        "type": "Point",
        "coordinates": [
          77.551173,
          12.998238
        ]
      },
      "id": "node/8188038705"
    },
    {
      "type": "Feature",
      "properties": {
        "@id": "node/8188038706",
        "addr:full": "79/10, Nandi Durga Rd, Byadarahalli, Benson Town, Bengaluru, Karnataka",
        "addr:state": "Karnataka",
        "amenity": "hospital",
        "name": "Appllo Diagnostic"
      },
      "geometry": {
        "type": "Point",
        "coordinates": [
          77.6008126,
          12.9981064
        ]
      },
      "id": "node/8188038706"
    },
    {
      "type": "Feature",
      "properties": {
        "@id": "node/8188038712",
        "addr:full": "Sangeetha Apts, Malleshwaram, Bengaluru, Karnataka",
        "addr:state": "Karnataka",
        "amenity": "hospital",
        "healthcare": "hospital",
        "name": "Supra Diagnostics Spine Care And Ortho Care Hospital"
      },
      "geometry": {
        "type": "Point",
        "coordinates": [
          77.5730038,
          12.9969996
        ]
      },
      "id": "node/8188038712"
    },
    {
      "type": "Feature",
      "properties": {
        "@id": "node/8188038718",
        "addr:full": "89, 5th Cross Rd, Behind Police Station, Malleshwaram, Bengaluru, Karnataka",
        "addr:state": "Karnataka",
        "amenity": "hospital",
        "healthcare": "hospital",
        "name": "K.C.General Hospital"
      },
      "geometry": {
        "type": "Point",
        "coordinates": [
          77.5693714,
          12.9960244
        ]
      },
      "id": "node/8188038718"
    },
    {
      "type": "Feature",
      "properties": {
        "@id": "node/8188038735",
        "addr:full": "620/A/1, 12th Main Rd, 2nd Block, Rajajinagar, Bengaluru, Karnataka",
        "addr:state": "Karnataka",
        "amenity": "hospital",
        "healthcare": "hospital",
        "name": "ESIC Model Hospital"
      },
      "geometry": {
        "type": "Point",
        "coordinates": [
          77.5539007,
          12.9916924
        ]
      },
      "id": "node/8188038735"
    },
    {
      "type": "Feature",
      "properties": {
        "@id": "node/8188038742",
        "addr:full": "172/A, 8th Main Rd, 2nd Block, Rajajinagar, Bengaluru, Karnataka",
        "addr:state": "Karnataka",
        "amenity": "hospital",
        "healthcare": "hospital",
        "name": "Government Hospital",
        "name:kn": "ಸರ್ಕಾರಿ ಆಸ್ಪತ್ರೆ"
      },
      "geometry": {
        "type": "Point",
        "coordinates": [
          77.5566355,
          12.9905045
        ]
      },
      "id": "node/8188038742"
    },
    {
      "type": "Feature",
      "properties": {
        "@id": "node/8188038743",
        "addr:full": "3rd Block, Rajajinagar, Bengaluru, Karnataka",
        "addr:state": "Karnataka",
        "amenity": "hospital",
        "healthcare": "hospital",
        "name": "Esi Hospital Bangalore",
        "operator": "Employees' State Insurance",
        "operator:short": "ESI",
        "operator:wikidata": "Q3595726"
      },
      "geometry": {
        "type": "Point",
        "coordinates": [
          77.5530924,
          12.9904985
        ]
      },
      "id": "node/8188038743"
    },
    {
      "type": "Feature",
      "properties": {
        "@id": "node/8188038786",
        "addr:full": "20th Main Rd, 5 Block, 3rd Block, Rajajinagar, Bengaluru, Karnataka",
        "addr:state": "Karnataka",
        "amenity": "hospital",
        "name": "Government Hospital",
        "name:kn": "ಸರ್ಕಾರಿ ಆಸ್ಪತ್ರೆ"
      },
      "geometry": {
        "type": "Point",
        "coordinates": [
          77.5551801,
          12.9844963
        ]
      },
      "id": "node/8188038786"
    },
    {
      "type": "Feature",
      "properties": {
        "@id": "node/8288337665",
        "amenity": "school",
        "name": "Sukrupa School"
      },
      "geometry": {
        "type": "Point",
        "coordinates": [
          77.5965496,
          13.0327874
        ]
      },
      "id": "node/8288337665"
    },
    {
      "type": "Feature",
      "properties": {
        "@id": "node/8364348296",
        "amenity": "hospital",
        "name": "Sun Orthopaedic center"
      },
      "geometry": {
        "type": "Point",
        "coordinates": [
          77.5549236,
          13.0332219
        ]
      },
      "id": "node/8364348296"
    },
    {
      "type": "Feature",
      "properties": {
        "@id": "node/8518513243",
        "amenity": "school",
        "name": "L.C.R. English School"
      },
      "geometry": {
        "type": "Point",
        "coordinates": [
          77.5562995,
          13.0278362
        ]
      },
      "id": "node/8518513243"
    },
    {
      "type": "Feature",
      "properties": {
        "@id": "node/9140200220",
        "amenity": "school"
      },
      "geometry": {
        "type": "Point",
        "coordinates": [
          77.6177216,
          12.9588096
        ]
      },
      "id": "node/9140200220"
    },
    {
      "type": "Feature",
      "properties": {
        "@id": "node/9276855256",
        "amenity": "hospital",
        "healthcare": "hospital",
        "name": "clinic"
      },
      "geometry": {
        "type": "Point",
        "coordinates": [
          77.586437,
          12.9395279
        ]
      },
      "id": "node/9276855256"
    },
    {
      "type": "Feature",
      "properties": {
        "@id": "node/9730853893",
        "amenity": "hospital",
        "healthcare": "hospital",
        "name": "Kidwai Cancer Institute Radiation Block"
      },
      "geometry": {
        "type": "Point",
        "coordinates": [
          77.5971575,
          12.9355966
        ]
      },
      "id": "node/9730853893"
    },
    {
      "type": "Feature",
      "properties": {
        "@id": "node/9739831278",
        "amenity": "hospital",
        "name": "Altius Hospital"
      },
      "geometry": {
        "type": "Point",
        "coordinates": [
          77.6291947,
          13.0344639
        ]
      },
      "id": "node/9739831278"
    },
    {
      "type": "Feature",
      "properties": {
        "@id": "node/9741003979",
        "amenity": "school",
        "name": "Flourish, School Of Baking & Cake Decor"
      },
      "geometry": {
        "type": "Point",
        "coordinates": [
          77.6068628,
          12.9668493
        ]
      },
      "id": "node/9741003979"
    },
    {
      "type": "Feature",
      "properties": {
        "@id": "node/9909079217",
        "amenity": "school",
        "name": "Sri Sharada Nursery and Public School"
      },
      "geometry": {
        "type": "Point",
        "coordinates": [
          77.5859861,
          12.9428948
        ]
      },
      "id": "node/9909079217"
    },
    {
      "type": "Feature",
      "properties": {
        "@id": "node/9934012104",
        "amenity": "hospital",
        "healthcare": "hospital",
        "healthcare:speciality": "dentist",
        "name": "My Dentist",
        "operator": "Dr Katta R Venkatesh",
        "operator:type": "public"
      },
      "geometry": {
        "type": "Point",
        "coordinates": [
          77.5460604,
          12.9429852
        ]
      },
      "id": "node/9934012104"
    },
    {
      "type": "Feature",
      "properties": {
        "@id": "node/9936631185",
        "amenity": "school",
        "name": "Bala Vidya Mandir School"
      },
      "geometry": {
        "type": "Point",
        "coordinates": [
          77.5508943,
          12.986139
        ]
      },
      "id": "node/9936631185"
    },
    {
      "type": "Feature",
      "properties": {
        "@id": "node/10252983809",
        "addr:postcode": "560094",
        "addr:street": "4th Main Road",
        "amenity": "school",
        "name": "Daffodils English School",
        "website": "https://www.daffodils.school/"
      },
      "geometry": {
        "type": "Point",
        "coordinates": [
          77.5789482,
          13.0348455
        ]
      },
      "id": "node/10252983809"
    },
    {
      "type": "Feature",
      "properties": {
        "@id": "node/11031908387",
        "addr:city": "Basaveshwara Nagar, Bangalore",
        "addr:housenumber": "629",
        "addr:postcode": "560079",
        "addr:street": "8th B Main Road, 3rd Stage, 2nd Block, Basaveshwaranagara",
        "amenity": "hospital",
        "healthcare": "hospital",
        "healthcare:speciality": "gynaecology;orthodontics;dentist;vaccination;plastic_surgery",
        "name": "Janani Clinics",
        "operator": "Dr. V. Jeevan Prakash",
        "operator:type": "private",
        "phone": "9036817877"
      },
      "geometry": {
        "type": "Point",
        "coordinates": [
          77.5437825,
          12.9918503
        ]
      },
      "id": "node/11031908387"
    },
    {
      "type": "Feature",
      "properties": {
        "@id": "node/11178079817",
        "amenity": "school",
        "check_date": "2023-09-09",
        "name": "Athena Public School"
      },
      "geometry": {
        "type": "Point",
        "coordinates": [
          77.5644924,
          12.9569921
        ]
      },
      "id": "node/11178079817"
    },
    {
      "type": "Feature",
      "properties": {
        "@id": "node/11272209797",
        "amenity": "hospital",
        "check_date": "2023-10-18",
        "healthcare": "hospital",
        "healthcare:speciality": "gynaecology",
        "name": "Ayaans Hospital",
        "wheelchair": "yes"
      },
      "geometry": {
        "type": "Point",
        "coordinates": [
          77.6435889,
          12.9782618
        ]
      },
      "id": "node/11272209797"
    },
    {
      "type": "Feature",
      "properties": {
        "@id": "node/11281288551",
        "amenity": "school",
        "check_date": "2025-07-11",
        "name": "Sri Vidya Mandir Education Society"
      },
      "geometry": {
        "type": "Point",
        "coordinates": [
          77.5666429,
          13.0020724
        ]
      },
      "id": "node/11281288551"
    },
    {
      "type": "Feature",
      "properties": {
        "@id": "node/11295071515",
        "amenity": "hospital",
        "check_date": "2023-10-28",
        "healthcare": "hospital",
        "name": "NIMHANS Department Of Psychiatric and Neuro Rehabilitation",
        "operator:type": "government",
        "wheelchair": "yes"
      },
      "geometry": {
        "type": "Point",
        "coordinates": [
          77.5954768,
          12.9400516
        ]
      },
      "id": "node/11295071515"
    },
    {
      "type": "Feature",
      "properties": {
        "@id": "node/11295217457",
        "amenity": "hospital",
        "check_date": "2023-10-28",
        "healthcare": "hospital",
        "healthcare:speciality": "neurology",
        "name": "Nimhans Mr-pet Center",
        "operator:type": "government",
        "wheelchair": "yes"
      },
      "geometry": {
        "type": "Point",
        "coordinates": [
          77.5967825,
          12.9396498
        ]
      },
      "id": "node/11295217457"
    },
    {
      "type": "Feature",
      "properties": {
        "@id": "node/11295246682",
        "amenity": "hospital",
        "check_date": "2023-10-28",
        "healthcare": "hospital",
        "name": "NIMHANS Physiotherapy Center",
        "operator:type": "government",
        "wheelchair": "yes"
      },
      "geometry": {
        "type": "Point",
        "coordinates": [
          77.5954721,
          12.9402037
        ]
      },
      "id": "node/11295246682"
    },
    {
      "type": "Feature",
      "properties": {
        "@id": "node/11602938154",
        "amenity": "school",
        "check_date": "2026-02-24",
        "name": "BBMP High School"
      },
      "geometry": {
        "type": "Point",
        "coordinates": [
          77.6015303,
          12.9569478
        ]
      },
      "id": "node/11602938154"
    },
    {
      "type": "Feature",
      "properties": {
        "@id": "node/11676514112",
        "amenity": "school",
        "name": "St. Anne Public School"
      },
      "geometry": {
        "type": "Point",
        "coordinates": [
          77.5905722,
          12.9881515
        ]
      },
      "id": "node/11676514112"
    },
    {
      "type": "Feature",
      "properties": {
        "@id": "node/11684501144",
        "amenity": "hospital",
        "check_date": "2024-03-02",
        "healthcare": "hospital",
        "name": "Span Health Center"
      },
      "geometry": {
        "type": "Point",
        "coordinates": [
          77.6271297,
          12.9774449
        ]
      },
      "id": "node/11684501144"
    },
    {
      "type": "Feature",
      "properties": {
        "@id": "node/11710491602",
        "amenity": "hospital",
        "check_date": "2024-03-10",
        "description": "Multi-speciality hospital",
        "healthcare": "hospital",
        "name": "Uvin Care Hospital"
      },
      "geometry": {
        "type": "Point",
        "coordinates": [
          77.6282837,
          12.9778346
        ]
      },
      "id": "node/11710491602"
    },
    {
      "type": "Feature",
      "properties": {
        "@id": "node/11850255969",
        "amenity": "school",
        "name": "चिरंतना इंग्लिश स्कूल",
        "name:en": "Chirantana English High school"
      },
      "geometry": {
        "type": "Point",
        "coordinates": [
          77.5778161,
          13.0311563
        ]
      },
      "id": "node/11850255969"
    },
    {
      "type": "Feature",
      "properties": {
        "@id": "node/11853321328",
        "amenity": "hospital",
        "check_date": "2024-04-27",
        "healthcare": "hospital",
        "name": "Aspire Hospital"
      },
      "geometry": {
        "type": "Point",
        "coordinates": [
          77.6145878,
          12.9971683
        ]
      },
      "id": "node/11853321328"
    },
    {
      "type": "Feature",
      "properties": {
        "@id": "node/11878470078",
        "amenity": "school",
        "check_date": "2024-05-04",
        "name": "SJM Public School"
      },
      "geometry": {
        "type": "Point",
        "coordinates": [
          77.6246847,
          13.0418385
        ]
      },
      "id": "node/11878470078"
    },
    {
      "type": "Feature",
      "properties": {
        "@id": "node/11965775664",
        "amenity": "hospital",
        "check_date": "2024-06-09",
        "healthcare": "hospital",
        "name": "PMC Hospital"
      },
      "geometry": {
        "type": "Point",
        "coordinates": [
          77.5545009,
          13.0065047
        ]
      },
      "id": "node/11965775664"
    },
    {
      "type": "Feature",
      "properties": {
        "@id": "node/11982389397",
        "amenity": "hospital",
        "check_date": "2024-06-15",
        "healthcare": "hospital",
        "name": "New Varalakshmi Hospital"
      },
      "geometry": {
        "type": "Point",
        "coordinates": [
          77.5550964,
          12.9988382
        ]
      },
      "id": "node/11982389397"
    },
    {
      "type": "Feature",
      "properties": {
        "@id": "node/12014724392",
        "amenity": "school",
        "contact:email": "hm.ggs@rbanmscharities.in",
        "name": "RBANMs Govindammal Senior Primary School"
      },
      "geometry": {
        "type": "Point",
        "coordinates": [
          77.6253762,
          12.9755065
        ]
      },
      "id": "node/12014724392"
    },
    {
      "type": "Feature",
      "properties": {
        "@id": "node/12016136806",
        "amenity": "school",
        "check_date": "2024-06-28"
      },
      "geometry": {
        "type": "Point",
        "coordinates": [
          77.5278295,
          13.0349336
        ]
      },
      "id": "node/12016136806"
    },
    {
      "type": "Feature",
      "properties": {
        "@id": "node/12099096295",
        "addr:city": "Bangalore",
        "addr:housenumber": "32",
        "addr:postcode": "560075",
        "addr:street": "Church Main Road, HAL 3rd Stage, Bhoomi Reddy Colony, New Tippasandra, Bengaluru, Karnataka 560075",
        "amenity": "school",
        "name": "Oxford English High School"
      },
      "geometry": {
        "type": "Point",
        "coordinates": [
          77.6520407,
          12.9758932
        ]
      },
      "id": "node/12099096295"
    },
    {
      "type": "Feature",
      "properties": {
        "@id": "node/12103684982",
        "amenity": "hospital",
        "check_date": "2024-08-11",
        "healthcare": "hospital",
        "name": "Apollo Cradle Children's Hospital"
      },
      "geometry": {
        "type": "Point",
        "coordinates": [
          77.5536287,
          13.002768
        ]
      },
      "id": "node/12103684982"
    },
    {
      "type": "Feature",
      "properties": {
        "@id": "node/12109773379",
        "amenity": "school",
        "name": "EuroKids Shantinagar"
      },
      "geometry": {
        "type": "Point",
        "coordinates": [
          77.5947203,
          12.9594748
        ]
      },
      "id": "node/12109773379"
    },
    {
      "type": "Feature",
      "properties": {
        "@id": "node/12240737170",
        "amenity": "hospital",
        "name": "Netradhama"
      },
      "geometry": {
        "type": "Point",
        "coordinates": [
          77.5510293,
          12.99743
        ]
      },
      "id": "node/12240737170"
    },
    {
      "type": "Feature",
      "properties": {
        "@id": "node/12265558564",
        "amenity": "school",
        "fixme": "location",
        "name": "St. Frazer High School"
      },
      "geometry": {
        "type": "Point",
        "coordinates": [
          77.6209401,
          13.0313563
        ]
      },
      "id": "node/12265558564"
    },
    {
      "type": "Feature",
      "properties": {
        "@id": "node/12389587601",
        "addr:housenumber": "4",
        "addr:postcode": "560047",
        "addr:street": "Mother Teresa Road",
        "amenity": "hospital",
        "name": "St Philomenas Hospital OPD Building",
        "phone": "08040164346;08040164300",
        "website": "https://www.stphilomenashospital.com/",
        "wheelchair": "yes"
      },
      "geometry": {
        "type": "Point",
        "coordinates": [
          77.6109015,
          12.9658506
        ]
      },
      "id": "node/12389587601"
    },
    {
      "type": "Feature",
      "properties": {
        "@id": "node/12438173201",
        "amenity": "hospital",
        "check_date": "2024-12-21",
        "healthcare": "hospital",
        "name": "Hiremath Hospital"
      },
      "geometry": {
        "type": "Point",
        "coordinates": [
          77.5358965,
          12.9754354
        ]
      },
      "id": "node/12438173201"
    },
    {
      "type": "Feature",
      "properties": {
        "@id": "node/12460939644",
        "amenity": "hospital",
        "check_date": "2024-12-29",
        "healthcare": "hospital",
        "name": "Gawai Hospital",
        "wheelchair": "yes"
      },
      "geometry": {
        "type": "Point",
        "coordinates": [
          77.6075693,
          12.9962739
        ]
      },
      "id": "node/12460939644"
    },
    {
      "type": "Feature",
      "properties": {
        "@id": "node/12508687328",
        "addr:city": "Bengaluru",
        "addr:district": "Bengaluru Urban",
        "addr:full": "640, 12Th Main, 80 Ft Road, 4Th Block, Koramangala",
        "addr:housenumber": "640",
        "addr:postcode": "560034",
        "addr:state": "Karnataka",
        "addr:street": "640, 12Th Main, 80 Ft Road, 4Th Block, Koramangala",
        "amenity": "hospital",
        "healthcare": "hospital",
        "name": "Beams Hospitals Private Limited"
      },
      "geometry": {
        "type": "Point",
        "coordinates": [
          77.6296323,
          12.9342277
        ]
      },
      "id": "node/12508687328"
    },
    {
      "type": "Feature",
      "properties": {
        "@id": "node/12541779301",
        "amenity": "hospital",
        "name": "H Siddiah Referral Hospital"
      },
      "geometry": {
        "type": "Point",
        "coordinates": [
          77.5824398,
          12.9569057
        ]
      },
      "id": "node/12541779301"
    },
    {
      "type": "Feature",
      "properties": {
        "@id": "node/12676261338",
        "amenity": "hospital",
        "check_date": "2025-03-18",
        "healthcare": "hospital",
        "name": "Jindal Charitable Hospital"
      },
      "geometry": {
        "type": "Point",
        "coordinates": [
          77.5539724,
          12.9937247
        ]
      },
      "id": "node/12676261338"
    },
    {
      "type": "Feature",
      "properties": {
        "@id": "node/12676265243",
        "amenity": "school",
        "check_date": "2026-04-15",
        "name": "Divine English School"
      },
      "geometry": {
        "type": "Point",
        "coordinates": [
          77.5562156,
          13.0217397
        ]
      },
      "id": "node/12676265243"
    },
    {
      "type": "Feature",
      "properties": {
        "@id": "node/12737013801",
        "addr:housenumber": "13",
        "addr:postcode": "560047",
        "addr:street": "Palmgrove Road, Stage 2, Xavier Layout, Victoria Layout",
        "amenity": "hospital",
        "name": "Hosmat Hospitals",
        "phone": "+918025593796",
        "website": "https://www.hosmathospitals.com/"
      },
      "geometry": {
        "type": "Point",
        "coordinates": [
          77.6143018,
          12.9644726
        ]
      },
      "id": "node/12737013801"
    },
    {
      "type": "Feature",
      "properties": {
        "@id": "node/12956090274",
        "addr:city": "Bangalore",
        "addr:district": "Bengaluru",
        "addr:housenumber": "224",
        "addr:postcode": "560034",
        "addr:street": "5th cross, 4th block",
        "amenity": "hospital",
        "emergency": "no",
        "healthcare": "hospital",
        "healthcare:speciality": "dentistry;prosthodontist;pediatric_dentist;implants;orthodontics;invisalign;root_canal_treatment",
        "name": "Proteeth Dental",
        "operator": "Dr Saranya, Dr Dipen",
        "operator:type": "private"
      },
      "geometry": {
        "type": "Point",
        "coordinates": [
          77.6284665,
          12.9346221
        ]
      },
      "id": "node/12956090274"
    },
    {
      "type": "Feature",
      "properties": {
        "@id": "node/12959840781",
        "amenity": "hospital",
        "check_date": "2025-06-29",
        "healthcare": "hospital",
        "name": "Trilife Hospital",
        "name:en": "Trilife Hospital",
        "operator:type": "private"
      },
      "geometry": {
        "type": "Point",
        "coordinates": [
          77.6429262,
          13.0170153
        ]
      },
      "id": "node/12959840781"
    },
    {
      "type": "Feature",
      "properties": {
        "@id": "node/12985592701",
        "addr:housenumber": "0",
        "addr:postcode": "560096",
        "addr:street": "11th Main Road",
        "amenity": "school",
        "name": "SG International Public School",
        "opening_hours": "Mo-Sa 09:00-05:00"
      },
      "geometry": {
        "type": "Point",
        "coordinates": [
          77.5394468,
          13.0110387
        ]
      },
      "id": "node/12985592701"
    },
    {
      "type": "Feature",
      "properties": {
        "@id": "node/12988895224",
        "amenity": "school",
        "check_date": "2025-07-09",
        "name": "New Learning Ladders International School",
        "name:en": "New Learning Ladders International School",
        "operator:type": "private"
      },
      "geometry": {
        "type": "Point",
        "coordinates": [
          77.6613705,
          13.0111617
        ]
      },
      "id": "node/12988895224"
    },
    {
      "type": "Feature",
      "properties": {
        "@id": "node/12994477675",
        "amenity": "school",
        "check_date": "2025-07-11",
        "name": "Sri Vidya Mandir"
      },
      "geometry": {
        "type": "Point",
        "coordinates": [
          77.5665532,
          13.0051433
        ]
      },
      "id": "node/12994477675"
    },
    {
      "type": "Feature",
      "properties": {
        "@id": "node/12995318310",
        "amenity": "hospital",
        "check_date": "2025-07-12",
        "healthcare": "hospital",
        "name": "Big Hospitals"
      },
      "geometry": {
        "type": "Point",
        "coordinates": [
          77.5848675,
          12.9405054
        ]
      },
      "id": "node/12995318310"
    },
    {
      "type": "Feature",
      "properties": {
        "@id": "node/13065064242",
        "amenity": "hospital",
        "healthcare": "hospital",
        "name": "Motherhood"
      },
      "geometry": {
        "type": "Point",
        "coordinates": [
          77.6516186,
          13.0202419
        ]
      },
      "id": "node/13065064242"
    },
    {
      "type": "Feature",
      "properties": {
        "@id": "node/13072628554",
        "amenity": "hospital",
        "check_date": "2025-08-15",
        "healthcare": "hospital",
        "name": "NASA Hospitals"
      },
      "geometry": {
        "type": "Point",
        "coordinates": [
          77.6597392,
          13.0058328
        ]
      },
      "id": "node/13072628554"
    },
    {
      "type": "Feature",
      "properties": {
        "@id": "node/13088666601",
        "addr:street": "Hutchins Main Road",
        "amenity": "school",
        "name": "The Earth School"
      },
      "geometry": {
        "type": "Point",
        "coordinates": [
          77.6241589,
          13.0072959
        ]
      },
      "id": "node/13088666601"
    },
    {
      "type": "Feature",
      "properties": {
        "@id": "node/13103627555",
        "addr:city": "bangalore",
        "addr:district": "42, 7th Cross Rd, Kanaka Nagar, Hebbal, Bengaluru, Karnataka 560045",
        "addr:housenumber": "42",
        "addr:postcode": "560032",
        "addr:street": "7th Cross Road",
        "amenity": "school",
        "grades": "0-6",
        "name": "Little Angels Public School",
        "religion": "none"
      },
      "geometry": {
        "type": "Point",
        "coordinates": [
          77.6090759,
          13.0362236
        ]
      },
      "id": "node/13103627555"
    },
    {
      "type": "Feature",
      "properties": {
        "@id": "node/13164592436",
        "addr:city": "Bangalore",
        "addr:district": "Bengaluru Urban",
        "addr:housenumber": "426",
        "addr:postcode": "560043",
        "addr:street": "CMR Main Rd, 3rd Cross,2nd Block HRBR Layout, Kalyan nagar",
        "amenity": "hospital",
        "healthcare": "hospital",
        "name": "Bangalore Orthopeadic And Surgical Hospital",
        "operator": "Novosalus Technology",
        "operator:type": "private"
      },
      "geometry": {
        "type": "Point",
        "coordinates": [
          77.6385853,
          13.0219385
        ]
      },
      "id": "node/13164592436"
    },
    {
      "type": "Feature",
      "properties": {
        "@id": "node/13762928997",
        "amenity": "school",
        "education": "school",
        "name": "AMB Public English High School"
      },
      "geometry": {
        "type": "Point",
        "coordinates": [
          77.6048845,
          13.0359136
        ]
      },
      "id": "node/13762928997"
    },
    {
      "type": "Feature",
      "properties": {
        "@id": "node/13817232442",
        "addr:city": "Indira Nagar, Bangalore",
        "addr:district": "Bengaluru Urban",
        "addr:housenumber": "3rd Floor Krishvi Aspire, #516",
        "addr:postcode": "560038",
        "addr:street": "Chinmaya Mission Hospital Road",
        "amenity": "hospital",
        "healthcare": "hospital",
        "healthcare:speciality": "proctology;piles;hernia;fissure_fistula;varicose_veins;pilondal_sinus",
        "name": "Healing Hands Clinic - Indiranagar, Bengaluru",
        "opening_hours": "24/7",
        "website": "https://www.healinghandsclinic.co.in/bengaluru-location/piles-fistula-hospital-in-indiranagar/"
      },
      "geometry": {
        "type": "Point",
        "coordinates": [
          77.6426202,
          12.9783093
        ]
      },
      "id": "node/13817232442"
    },
    {
      "type": "Feature",
      "properties": {
        "@id": "node/13821035120",
        "addr:city": "Bengaluru",
        "addr:district": "Bengaluru Urban",
        "addr:housenumber": "2nd floor, 9th Cross",
        "addr:postcode": "560079",
        "addr:street": "Modi Hospital Main Road",
        "amenity": "hospital",
        "healthcare": "hospital",
        "healthcare:speciality": "proctology;piles;hernia;fissure;fistula;varicose_veins;pilondal_sinus",
        "name": "Healing Hands Clinic - Rajajinagar, Bengaluru",
        "opening_hours": "24/7",
        "website": "https://www.healinghandsclinic.co.in/bengaluru-location/piles-fistula-hospital-in-rajajinagar/"
      },
      "geometry": {
        "type": "Point",
        "coordinates": [
          77.5429724,
          12.9981698
        ]
      },
      "id": "node/13821035120"
    },
    {
      "type": "Feature",
      "properties": {
        "@id": "node/14008366201",
        "addr:housenumber": "22",
        "addr:postcode": "560054",
        "addr:street": "New Bel road, 2nd main road",
        "amenity": "hospital",
        "contact:facebook": "sukoonhealth",
        "internet_access": "wlan",
        "name": "Sukoon Psychiatry Centre",
        "opening_hours": "24/7",
        "website": "https://www.sukoonhealth.com/"
      },
      "geometry": {
        "type": "Point",
        "coordinates": [
          77.5626277,
          13.0408289
        ]
      },
      "id": "node/14008366201"
    }
  ]
}