{
  "type": "FeatureCollection",
  "generator": "overpass-turbo",
  "copyright": "The data included in this document is from www.openstreetmap.org. The data is made available under ODbL.",
  "timestamp": "2026-07-21T09:38:43Z",
  "features": [
    {
      "type": "Feature",
      "properties": {
        "@id": "relation/5275042",
        "amenity": "school",
        "building": "yes",
        "building:levels": "4",
        "name": "Prabhadevi Municipal Primary School",
        "school": "primary",
        "school:gender": "mixed",
        "type": "multipolygon"
      },
      "geometry": {
        "type": "Polygon",
        "coordinates": [
          [
            [
              72.8263517,
              19.014273
            ],
            [
              72.8263803,
              19.0141455
            ],
            [
              72.8263633,
              19.0141421
            ],
            [
              72.8264048,
              19.0139571
            ],
            [
              72.8267548,
              19.0140273
            ],
            [
              72.8266965,
              19.014287
            ],
            [
              72.8266405,
              19.0142758
            ],
            [
              72.8266176,
              19.0143781
            ],
            [
              72.8265784,
              19.0143703
            ],
            [
              72.826542,
              19.0145323
            ],
            [
              72.826508,
              19.0145255
            ],
            [
              72.8265004,
              19.014559
            ],
            [
              72.8264244,
              19.0145438
            ],
            [
              72.82647,
              19.0143405
            ],
            [
              72.8265144,
              19.0143494
            ],
            [
              72.8265238,
              19.0143076
            ],
            [
              72.8263517,
              19.014273
            ]
          ],
          [
            [
              72.82643,
              19.0142194
            ],
            [
              72.8266106,
              19.0142556
            ],
            [
              72.8266452,
              19.0141013
            ],
            [
              72.8264646,
              19.014065
            ],
            [
              72.82643,
              19.0142194
            ]
          ]
        ]
      },
      "id": "relation/5275042"
    },
    {
      "type": "Feature",
      "properties": {
        "@id": "relation/5354962",
        "addr:district": "Thane",
        "addr:full": "Sector- 05, Nerul, Navi Mumbai",
        "addr:postcode": "400706",
        "addr:state": "Maharashtra",
        "amenity": "hospital",
        "building": "yes",
        "name": "Dr D Y Patil Hospital and Research Center",
        "name:etymology:wikidata": "Q301947",
        "source": "OpenGovernmentData",
        "type": "multipolygon"
      },
      "geometry": {
        "type": "MultiPolygon",
        "coordinates": [
          [
            [
              [
                73.0251887,
                19.0409102
              ],
              [
                73.0249439,
                19.0409631
              ],
              [
                73.0248591,
                19.0407913
              ],
              [
                73.0248904,
                19.0407408
              ],
              [
                73.0248127,
                19.0407366
              ],
              [
                73.0248127,
                19.0406896
              ],
              [
                73.0247297,
                19.0406833
              ],
              [
                73.0247331,
                19.0406002
              ],
              [
                73.0251793,
                19.0406131
              ],
              [
                73.0251887,
                19.0409102
              ]
            ]
          ],
          [
            [
              [
                73.0245996,
                19.0414943
              ],
              [
                73.0244943,
                19.0416076
              ],
              [
                73.0243634,
                19.0414988
              ],
              [
                73.0244359,
                19.0414208
              ],
              [
                73.0242958,
                19.0414468
              ],
              [
                73.0242593,
                19.0412711
              ],
              [
                73.0243497,
                19.0412235
              ],
              [
                73.0244283,
                19.0412181
              ],
              [
                73.0244259,
                19.0411865
              ],
              [
                73.0243686,
                19.0411708
              ],
              [
                73.0243615,
                19.0409324
              ],
              [
                73.0244179,
                19.0409309
              ],
              [
                73.0244265,
                19.0408974
              ],
              [
                73.0243673,
                19.0408839
              ],
              [
                73.0243555,
                19.0408932
              ],
              [
                73.024269,
                19.0408762
              ],
              [
                73.0243071,
                19.0407026
              ],
              [
                73.0244239,
                19.0407255
              ],
              [
                73.0245711,
                19.0405912
              ],
              [
                73.0247477,
                19.0407641
              ],
              [
                73.024727,
                19.040783
              ],
              [
                73.0247653,
                19.0408799
              ],
              [
                73.0247632,
                19.0412701
              ],
              [
                73.0247247,
                19.041334
              ],
              [
                73.0247476,
                19.0413565
              ],
              [
                73.0248563,
                19.041382
              ],
              [
                73.024895,
                19.0412349
              ],
              [
                73.0252144,
                19.0413098
              ],
              [
                73.025168,
                19.0414863
              ],
              [
                73.0249269,
                19.0414297
              ],
              [
                73.024866,
                19.0415078
              ],
              [
                73.0249307,
                19.0415529
              ],
              [
                73.0249218,
                19.0417497
              ],
              [
                73.0247519,
                19.0417428
              ],
              [
                73.0247647,
                19.0414618
              ],
              [
                73.0246679,
                19.0414579
              ],
              [
                73.0246661,
                19.041497
              ],
              [
                73.0245996,
                19.0414943
              ]
            ],
            [
              [
                73.0245587,
                19.0411029
              ],
              [
                73.024645,
                19.0411045
              ],
              [
                73.0246465,
                19.0410293
              ],
              [
                73.0245602,
                19.0410278
              ],
              [
                73.0245587,
                19.0411029
              ]
            ],
            [
              [
                73.0245337,
                19.0412569
              ],
              [
                73.0245759,
                19.0412652
              ],
              [
                73.0245942,
                19.0412237
              ],
              [
                73.024542,
                19.0412193
              ],
              [
                73.0245337,
                19.0412569
              ]
            ],
            [
              [
                73.0245352,
                19.0408428
              ],
              [
                73.0245181,
                19.0409046
              ],
              [
                73.02461,
                19.0408991
              ],
              [
                73.0245352,
                19.0408428
              ]
            ]
          ]
        ]
      },
      "id": "relation/5354962"
    },
    {
      "type": "Feature",
      "properties": {
        "@id": "relation/12725570",
        "addr:city": "Mumbai",
        "addr:housenumber": "6",
        "addr:postcode": "400001",
        "addr:street": "Purshottamdas Thakurdas Road",
        "amenity": "school",
        "building": "yes",
        "grades": "8-12",
        "name": "Cathedral & John Connon Senior School",
        "type": "multipolygon",
        "wikidata": "Q5052294",
        "wikipedia": "en:Cathedral and John Connon School"
      },
      "geometry": {
        "type": "Polygon",
        "coordinates": [
          [
            [
              72.8325953,
              18.9364096
            ],
            [
              72.8324211,
              18.9360125
            ],
            [
              72.8327808,
              18.9358713
            ],
            [
              72.832955,
              18.9362684
            ],
            [
              72.8325953,
              18.9364096
            ]
          ],
          [
            [
              72.8326712,
              18.9362039
            ],
            [
              72.832817,
              18.936148
            ],
            [
              72.8327672,
              18.9360317
            ],
            [
              72.8326214,
              18.9360876
            ],
            [
              72.8326712,
              18.9362039
            ]
          ]
        ]
      },
      "id": "relation/12725570"
    },
    {
      "type": "Feature",
      "properties": {
        "@id": "relation/13649674",
        "amenity": "school",
        "building": "yes",
        "isced:level": "1;2;3",
        "name": "Janata High School",
        "type": "multipolygon"
      },
      "geometry": {
        "type": "Polygon",
        "coordinates": [
          [
            [
              72.8212537,
              19.0161569
            ],
            [
              72.8214432,
              19.0157302
            ],
            [
              72.8216075,
              19.0157969
            ],
            [
              72.8216359,
              19.0157652
            ],
            [
              72.8217134,
              19.0157982
            ],
            [
              72.8215021,
              19.0162542
            ],
            [
              72.8212537,
              19.0161569
            ]
          ],
          [
            [
              72.8213847,
              19.0160552
            ],
            [
              72.8214799,
              19.0160913
            ],
            [
              72.821551,
              19.0159303
            ],
            [
              72.8214531,
              19.0158942
            ],
            [
              72.8213847,
              19.0160552
            ]
          ]
        ]
      },
      "id": "relation/13649674"
    },
    {
      "type": "Feature",
      "properties": {
        "@id": "way/27054865",
        "addr:street": "D N Path",
        "amenity": "school",
        "name": "Chatrabhuj Narsee Monjee School"
      },
      "geometry": {
        "type": "Polygon",
        "coordinates": [
          [
            [
              72.8410212,
              19.1061268
            ],
            [
              72.8419093,
              19.1061773
            ],
            [
              72.8419664,
              19.1062113
            ],
            [
              72.8419465,
              19.106465
            ],
            [
              72.8419266,
              19.106669
            ],
            [
              72.8417196,
              19.1067177
            ],
            [
              72.8416799,
              19.1068031
            ],
            [
              72.8416527,
              19.1068752
            ],
            [
              72.8416738,
              19.1074074
            ],
            [
              72.8413098,
              19.1074499
            ],
            [
              72.8412501,
              19.1074101
            ],
            [
              72.8412351,
              19.1068679
            ],
            [
              72.8411655,
              19.1067784
            ],
            [
              72.8409267,
              19.1067784
            ],
            [
              72.8410212,
              19.1061268
            ]
          ]
        ]
      },
      "id": "way/27054865"
    },
    {
      "type": "Feature",
      "properties": {
        "@id": "way/27054961",
        "amenity": "school",
        "name": "M A Government School"
      },
      "geometry": {
        "type": "Polygon",
        "coordinates": [
          [
            [
              72.8447337,
              19.1168867
            ],
            [
              72.8445866,
              19.1164771
            ],
            [
              72.8446496,
              19.1164141
            ],
            [
              72.8451747,
              19.1162671
            ],
            [
              72.8456788,
              19.1162198
            ],
            [
              72.8457944,
              19.1162671
            ],
            [
              72.8458259,
              19.1162881
            ],
            [
              72.8458969,
              19.1165796
            ],
            [
              72.8447337,
              19.1168867
            ]
          ]
        ]
      },
      "id": "way/27054961"
    },
    {
      "type": "Feature",
      "properties": {
        "@id": "way/31144296",
        "addr:city": "Mumbai",
        "addr:district": "Mumbai",
        "addr:full": "A-791, Bandra Reclamation, Bandra(W), Mumbai",
        "addr:postcode": "400050",
        "addr:state": "Maharashtra",
        "addr:street": "KC Marg",
        "alt_name": "Lilavati Hospital",
        "amenity": "hospital",
        "email": "info@lilavatihospital.com",
        "emergency": "yes",
        "healthcare": "hospital",
        "healthcare:speciality": "cardiology;oncology;psychiatry;paediatrics;emergency;surgery;dermatology;neurology;rheumatology;endocrinology;nephrology;gastroenterology",
        "loc_name": "Lilavati Hospital",
        "name": "Lilavati Hospital and Research Centre",
        "name:en": "Lilavati Hospital",
        "name:hi": "लीलावती हॉस्पिटल",
        "operator": "Lilavati Kirtilal Mehta Medical Trust",
        "operator:type": "private",
        "phone": "+91226666666",
        "source": "OpenGovernmentData",
        "start_date": "1997",
        "website": "https://www.lilavatihospital.com/",
        "wikidata": "Q6547573",
        "wikimedia_commons": "Category:Lilavati Hospital",
        "wikipedia": "en:Lilavati Hospital and Research Centre"
      },
      "geometry": {
        "type": "Polygon",
        "coordinates": [
          [
            [
              72.8297569,
              19.0508211
            ],
            [
              72.829257,
              19.051578
            ],
            [
              72.8285804,
              19.0512777
            ],
            [
              72.8285763,
              19.0510502
            ],
            [
              72.8290228,
              19.0503724
            ],
            [
              72.8297569,
              19.0508211
            ]
          ]
        ]
      },
      "id": "way/31144296"
    },
    {
      "type": "Feature",
      "properties": {
        "@id": "way/31213763",
        "addr:district": "Mumbai",
        "addr:full": "St.Andrew's Road,Bandra West,Bandra",
        "addr:postcode": "400050",
        "addr:state": "Maharashtra",
        "addr:street": "St. Andrew Road",
        "amenity": "hospital",
        "healthcare": "hospital",
        "name": "Holy Family Hospital, Mumbai",
        "opening_hours": "Mo-Fr 08:00-17:00",
        "phone": "(022 30610555 )",
        "source": "OpenGovernmentData",
        "wikidata": "Q5885495",
        "wikipedia": "en:Holy Family Hospital, Mumbai"
      },
      "geometry": {
        "type": "Polygon",
        "coordinates": [
          [
            [
              72.8267648,
              19.0560779
            ],
            [
              72.8267709,
              19.0559475
            ],
            [
              72.8267823,
              19.055701
            ],
            [
              72.8267854,
              19.0554778
            ],
            [
              72.8271174,
              19.0554818
            ],
            [
              72.8271253,
              19.0549057
            ],
            [
              72.827198,
              19.0549066
            ],
            [
              72.8274255,
              19.0549103
            ],
            [
              72.8275145,
              19.0549122
            ],
            [
              72.8274859,
              19.0560954
            ],
            [
              72.8267648,
              19.0560779
            ]
          ]
        ]
      },
      "id": "way/31213763"
    },
    {
      "type": "Feature",
      "properties": {
        "@id": "way/38725419",
        "amenity": "school",
        "building": "yes",
        "name": "Walsingham House School"
      },
      "geometry": {
        "type": "Polygon",
        "coordinates": [
          [
            [
              72.7961342,
              18.9540341
            ],
            [
              72.7960794,
              18.9539223
            ],
            [
              72.7960021,
              18.9539223
            ],
            [
              72.795942,
              18.9538898
            ],
            [
              72.795942,
              18.953833
            ],
            [
              72.7960021,
              18.9537681
            ],
            [
              72.7959368,
              18.9536282
            ],
            [
              72.7962424,
              18.9534921
            ],
            [
              72.7963111,
              18.9536382
            ],
            [
              72.7963883,
              18.9536057
            ],
            [
              72.7964484,
              18.9537275
            ],
            [
              72.7963712,
              18.95376
            ],
            [
              72.7964313,
              18.953898
            ],
            [
              72.7961342,
              18.9540341
            ]
          ]
        ]
      },
      "id": "way/38725419"
    },
    {
      "type": "Feature",
      "properties": {
        "@id": "way/39223162",
        "amenity": "hospital",
        "building:levels": "10",
        "emergency": "yes",
        "healthcare": "hospital",
        "name": "ब्रीच कँडी हॉस्पिटल",
        "name:en": "Breach Candy Hospital",
        "name:hi": "ब्रीच कैंडी अस्पताल",
        "source": "Yahoo",
        "wikidata": "Q4959103",
        "wikipedia": "en:Breach Candy Hospital"
      },
      "geometry": {
        "type": "Polygon",
        "coordinates": [
          [
            [
              72.803795,
              18.9723999
            ],
            [
              72.8041555,
              18.9723187
            ],
            [
              72.8043958,
              18.972619
            ],
            [
              72.8048336,
              18.9727408
            ],
            [
              72.8047992,
              18.9728706
            ],
            [
              72.80431,
              18.9727408
            ],
            [
              72.8040954,
              18.9724486
            ],
            [
              72.8038294,
              18.9725135
            ],
            [
              72.803795,
              18.9723999
            ]
          ]
        ]
      },
      "id": "way/39223162"
    },
    {
      "type": "Feature",
      "properties": {
        "@id": "way/39836739",
        "addr:city": "Mumbai",
        "addr:district": "Mumbai",
        "addr:postcode": "400007",
        "addr:street": "Gamdevi Lane",
        "amenity": "school",
        "building": "yes",
        "name": "St. Columba High School"
      },
      "geometry": {
        "type": "Polygon",
        "coordinates": [
          [
            [
              72.811763,
              18.9608682
            ],
            [
              72.8116265,
              18.9606722
            ],
            [
              72.8117073,
              18.9606218
            ],
            [
              72.811716,
              18.9606343
            ],
            [
              72.811945,
              18.9604739
            ],
            [
              72.8119971,
              18.9604414
            ],
            [
              72.8120052,
              18.960453
            ],
            [
              72.81204,
              18.9604306
            ],
            [
              72.8120669,
              18.9604665
            ],
            [
              72.8120523,
              18.9604762
            ],
            [
              72.8121026,
              18.9605433
            ],
            [
              72.8121109,
              18.9605382
            ],
            [
              72.8121377,
              18.9605202
            ],
            [
              72.8121817,
              18.9605788
            ],
            [
              72.8122923,
              18.9607801
            ],
            [
              72.8123561,
              18.9609202
            ],
            [
              72.8122397,
              18.9609531
            ],
            [
              72.8122264,
              18.9609028
            ],
            [
              72.81203,
              18.960602
            ],
            [
              72.8117722,
              18.9607742
            ],
            [
              72.8118128,
              18.960835
            ],
            [
              72.811763,
              18.9608682
            ]
          ]
        ]
      },
      "id": "way/39836739"
    },
    {
      "type": "Feature",
      "properties": {
        "@id": "way/39838498",
        "amenity": "hospital",
        "building": "apartments",
        "name": "Ruxmani Lying in Hospital"
      },
      "geometry": {
        "type": "Polygon",
        "coordinates": [
          [
            [
              72.8092481,
              18.9578361
            ],
            [
              72.809128,
              18.95769
            ],
            [
              72.8093254,
              18.957625
            ],
            [
              72.8094198,
              18.9577387
            ],
            [
              72.8092481,
              18.9578361
            ]
          ]
        ]
      },
      "id": "way/39838498"
    },
    {
      "type": "Feature",
      "properties": {
        "@id": "way/39842003",
        "amenity": "school",
        "building": "apartments",
        "name": "BM Ruia Girls College"
      },
      "geometry": {
        "type": "Polygon",
        "coordinates": [
          [
            [
              72.8102994,
              18.9596304
            ],
            [
              72.8103792,
              18.9595713
            ],
            [
              72.8105186,
              18.9597596
            ],
            [
              72.8104388,
              18.9598187
            ],
            [
              72.8102994,
              18.9596304
            ]
          ]
        ]
      },
      "id": "way/39842003"
    },
    {
      "type": "Feature",
      "properties": {
        "@id": "way/46715024",
        "amenity": "hospital",
        "healthcare": "hospital",
        "name": "Bombay Hospital",
        "name:en": "Bombay Hospital",
        "name:hi": "बॉम्बे हॉस्पिटल",
        "name:mr": "बॉम्बे हॉस्पिटल",
        "source": "Yahoo",
        "wikipedia": "en:Bombay Hospital"
      },
      "geometry": {
        "type": "Polygon",
        "coordinates": [
          [
            [
              72.8280619,
              18.940198
            ],
            [
              72.8287516,
              18.9403654
            ],
            [
              72.8284385,
              18.9413659
            ],
            [
              72.8277085,
              18.9411477
            ],
            [
              72.8275769,
              18.9411
            ],
            [
              72.8274988,
              18.9412904
            ],
            [
              72.8270883,
              18.941179
            ],
            [
              72.8272539,
              18.9406678
            ],
            [
              72.8278239,
              18.9408663
            ],
            [
              72.8280619,
              18.940198
            ]
          ]
        ]
      },
      "id": "way/46715024"
    },
    {
      "type": "Feature",
      "properties": {
        "@id": "way/48748553",
        "addr:city": "Mumbai",
        "addr:district": "Mumbai City",
        "addr:housenumber": "Grant Road",
        "addr:postcode": "400007",
        "addr:street": "N Bharucha Marg",
        "amenity": "school",
        "building": "apartments",
        "name": "Girton High School",
        "source": "Yahoo"
      },
      "geometry": {
        "type": "Polygon",
        "coordinates": [
          [
            [
              72.8157492,
              18.966227
            ],
            [
              72.8158565,
              18.966501
            ],
            [
              72.8156044,
              18.966586
            ],
            [
              72.8155668,
              18.9664909
            ],
            [
              72.8156942,
              18.966449
            ],
            [
              72.8156245,
              18.9662689
            ],
            [
              72.8157492,
              18.966227
            ]
          ]
        ]
      },
      "id": "way/48748553"
    },
    {
      "type": "Feature",
      "properties": {
        "@id": "way/49480385",
        "amenity": "school",
        "check_date": "2026-03-12",
        "name": "Navy Children School"
      },
      "geometry": {
        "type": "Polygon",
        "coordinates": [
          [
            [
              72.807448,
              18.9105015
            ],
            [
              72.8074026,
              18.9104321
            ],
            [
              72.8070897,
              18.9099255
            ],
            [
              72.8068685,
              18.9095698
            ],
            [
              72.8066761,
              18.9092604
            ],
            [
              72.806811,
              18.9091634
            ],
            [
              72.8074762,
              18.9090497
            ],
            [
              72.8078952,
              18.9092355
            ],
            [
              72.8082849,
              18.9094266
            ],
            [
              72.8083905,
              18.9095918
            ],
            [
              72.8085841,
              18.9099129
            ],
            [
              72.8081977,
              18.9101225
            ],
            [
              72.8080378,
              18.9102016
            ],
            [
              72.8075786,
              18.9104289
            ],
            [
              72.807448,
              18.9105015
            ]
          ]
        ]
      },
      "id": "way/49480385"
    },
    {
      "type": "Feature",
      "properties": {
        "@id": "way/49681498",
        "addr:postcode": "400022",
        "addr:street": "Laxmibai Kelkar Marg",
        "amenity": "hospital",
        "check_date": "2026-03-20",
        "emergency": "yes",
        "healthcare": "hospital",
        "helipad": "no",
        "name": "Lokmanya Tilak Hospital",
        "name:etymology:wikidata": "Q312555",
        "wikidata": "Q6668710",
        "wikipedia": "en:Lokmanya Tilak Municipal General Hospital"
      },
      "geometry": {
        "type": "Polygon",
        "coordinates": [
          [
            [
              72.8581106,
              19.0360806
            ],
            [
              72.8583026,
              19.0358885
            ],
            [
              72.8597511,
              19.0353273
            ],
            [
              72.860318,
              19.0367462
            ],
            [
              72.8586434,
              19.0373889
            ],
            [
              72.8581106,
              19.0360806
            ]
          ]
        ]
      },
      "id": "way/49681498"
    },
    {
      "type": "Feature",
      "properties": {
        "@id": "way/50884815",
        "addr:district": "Mumbai",
        "addr:full": "opp. C S T Railway Station,",
        "addr:postcode": "400001",
        "addr:state": "Maharashtra",
        "amenity": "hospital",
        "building": "yes",
        "healthcare": "hospital",
        "name": "St George Hospital",
        "source": "OpenGovernmentData",
        "wikidata": "Q7593225",
        "wikimedia_commons": "Category:St George Hospital, Mumbai",
        "wikipedia": "en:St George Hospital, Mumbai"
      },
      "geometry": {
        "type": "Polygon",
        "coordinates": [
          [
            [
              72.8381355,
              18.9407336
            ],
            [
              72.8381769,
              18.9408227
            ],
            [
              72.8379096,
              18.9409286
            ],
            [
              72.8377799,
              18.94098
            ],
            [
              72.8375868,
              18.9405589
            ],
            [
              72.8379838,
              18.9404067
            ],
            [
              72.8380263,
              18.9404982
            ],
            [
              72.8379784,
              18.9405183
            ],
            [
              72.8380857,
              18.9407568
            ],
            [
              72.8381355,
              18.9407336
            ]
          ]
        ]
      },
      "id": "way/50884815"
    },
    {
      "type": "Feature",
      "properties": {
        "@id": "way/53349816",
        "amenity": "school",
        "education": "school",
        "name": "Dharavi Municipal School"
      },
      "geometry": {
        "type": "Polygon",
        "coordinates": [
          [
            [
              72.8602162,
              19.0431075
            ],
            [
              72.8596325,
              19.0435137
            ],
            [
              72.858952,
              19.0426305
            ],
            [
              72.8595788,
              19.0422091
            ],
            [
              72.8602162,
              19.0431075
            ]
          ]
        ]
      },
      "id": "way/53349816"
    },
    {
      "type": "Feature",
      "properties": {
        "@id": "way/56077894",
        "amenity": "school",
        "name": "A.H. Wadia High School",
        "operator:type": "private"
      },
      "geometry": {
        "type": "Polygon",
        "coordinates": [
          [
            [
              72.8340098,
              19.1269259
            ],
            [
              72.8345141,
              19.126817
            ],
            [
              72.8343424,
              19.1261302
            ],
            [
              72.8349271,
              19.1260061
            ],
            [
              72.8349481,
              19.1264642
            ],
            [
              72.8349781,
              19.1271185
            ],
            [
              72.8340957,
              19.1272934
            ],
            [
              72.8340098,
              19.1269259
            ]
          ]
        ]
      },
      "id": "way/56077894"
    },
    {
      "type": "Feature",
      "properties": {
        "@id": "way/56199740",
        "addr:city": "Mumbai",
        "addr:district": "Mumbai",
        "addr:full": "15/17, Maharshi Karve Marg",
        "addr:postcode": "400004",
        "addr:state": "Maharashtra",
        "addr:street": "Maharshi Karve Road",
        "amenity": "hospital",
        "building": "yes",
        "email": "write@saifeehospital.com",
        "emergency": "yes",
        "healthcare": "hospital",
        "healthcare:speciality": "general;gynaecology;cardiology;surgery",
        "name": "Saifee Hospital",
        "name:en": "Saifee Hospital",
        "name:etymology:wikidata": "Q7675438",
        "operator:type": "private",
        "source": "OpenGovernmentData",
        "website": "https://www.saifeehospital.com/",
        "wikidata": "Q7400018",
        "wikimedia_commons": "Category:Saifee Hospital",
        "wikipedia": "en:Saifee Hospital"
      },
      "geometry": {
        "type": "Polygon",
        "coordinates": [
          [
            [
              72.8185702,
              18.9521343
            ],
            [
              72.8187022,
              18.9522816
            ],
            [
              72.8177592,
              18.9529406
            ],
            [
              72.8176647,
              18.9528291
            ],
            [
              72.8176966,
              18.9527596
            ],
            [
              72.8185702,
              18.9521343
            ]
          ]
        ]
      },
      "id": "way/56199740"
    },
    {
      "type": "Feature",
      "properties": {
        "@id": "way/56207793",
        "amenity": "school",
        "building": "yes",
        "name": "St Anne's High Scool"
      },
      "geometry": {
        "type": "Polygon",
        "coordinates": [
          [
            [
              72.831153,
              18.9250918
            ],
            [
              72.831431,
              18.9250313
            ],
            [
              72.8315017,
              18.9253216
            ],
            [
              72.8312237,
              18.9253821
            ],
            [
              72.831153,
              18.9250918
            ]
          ]
        ]
      },
      "id": "way/56207793"
    },
    {
      "type": "Feature",
      "properties": {
        "@id": "way/56207795",
        "addr:city": "Mumbai",
        "addr:district": "Mumbai City",
        "addr:housenumber": "13",
        "addr:postcode": "400001",
        "addr:street": "Cooperage St, Dr Ambedkar Statue Chowk Area, Colaba",
        "amenity": "school",
        "building": "yes",
        "building:levels": "4",
        "name": "Campion School",
        "wikidata": "Q5028412",
        "wikipedia": "en:Campion School, Mumbai"
      },
      "geometry": {
        "type": "Polygon",
        "coordinates": [
          [
            [
              72.8297217,
              18.9249867
            ],
            [
              72.8296974,
              18.9248193
            ],
            [
              72.8297567,
              18.9248147
            ],
            [
              72.8297531,
              18.9247399
            ],
            [
              72.8297105,
              18.9247409
            ],
            [
              72.8297082,
              18.9246952
            ],
            [
              72.8296593,
              18.9246866
            ],
            [
              72.829654,
              18.9246431
            ],
            [
              72.829675,
              18.9246052
            ],
            [
              72.8296715,
              18.924565
            ],
            [
              72.8299755,
              18.9245434
            ],
            [
              72.8299759,
              18.9245929
            ],
            [
              72.8298975,
              18.9245978
            ],
            [
              72.8299027,
              18.9246677
            ],
            [
              72.8299751,
              18.9246628
            ],
            [
              72.8299801,
              18.9247187
            ],
            [
              72.8299436,
              18.9247201
            ],
            [
              72.8299491,
              18.9247966
            ],
            [
              72.8300304,
              18.9247906
            ],
            [
              72.8300405,
              18.9248666
            ],
            [
              72.8299455,
              18.924872
            ],
            [
              72.8299447,
              18.924905
            ],
            [
              72.8299979,
              18.9249071
            ],
            [
              72.8300021,
              18.9249566
            ],
            [
              72.8297217,
              18.9249867
            ]
          ]
        ]
      },
      "id": "way/56207795"
    },
    {
      "type": "Feature",
      "properties": {
        "@id": "way/76281423",
        "amenity": "school",
        "check_date": "2026-03-20",
        "name": "St. Pauls Convent"
      },
      "geometry": {
        "type": "Polygon",
        "coordinates": [
          [
            [
              72.8422337,
              19.0083644
            ],
            [
              72.842188,
              19.0082074
            ],
            [
              72.8419708,
              19.0073323
            ],
            [
              72.8413287,
              19.0074165
            ],
            [
              72.8411933,
              19.0071472
            ],
            [
              72.8422394,
              19.0069879
            ],
            [
              72.8422907,
              19.0073278
            ],
            [
              72.843552,
              19.0071497
            ],
            [
              72.8435882,
              19.0072701
            ],
            [
              72.843501,
              19.0075859
            ],
            [
              72.8432851,
              19.0079383
            ],
            [
              72.8428023,
              19.0083948
            ],
            [
              72.8425877,
              19.0085774
            ],
            [
              72.8422337,
              19.0083644
            ]
          ]
        ]
      },
      "id": "way/76281423"
    },
    {
      "type": "Feature",
      "properties": {
        "@id": "way/107441511",
        "amenity": "hospital",
        "healthcare": "hospital",
        "name": "St George Hospital",
        "name:en": "St. George's Hospital"
      },
      "geometry": {
        "type": "Polygon",
        "coordinates": [
          [
            [
              72.8374771,
              18.9432496
            ],
            [
              72.8372772,
              18.9416522
            ],
            [
              72.8369878,
              18.9416584
            ],
            [
              72.8369286,
              18.9414178
            ],
            [
              72.8371388,
              18.9395207
            ],
            [
              72.8380998,
              18.9392546
            ],
            [
              72.838564,
              18.9412732
            ],
            [
              72.8390285,
              18.9431558
            ],
            [
              72.8391722,
              18.9436665
            ],
            [
              72.838609,
              18.9438793
            ],
            [
              72.8379427,
              18.9441657
            ],
            [
              72.8377433,
              18.9435985
            ],
            [
              72.8374771,
              18.9432496
            ]
          ]
        ]
      },
      "id": "way/107441511"
    },
    {
      "type": "Feature",
      "properties": {
        "@id": "way/112781797",
        "amenity": "hospital",
        "healthcare": "hospital",
        "historic": "public",
        "name": "Acworth Leper Asylum"
      },
      "geometry": {
        "type": "Polygon",
        "coordinates": [
          [
            [
              72.8574014,
              19.0211771
            ],
            [
              72.8569997,
              19.0196684
            ],
            [
              72.8569821,
              19.0193913
            ],
            [
              72.8575206,
              19.0190616
            ],
            [
              72.8588785,
              19.0189989
            ],
            [
              72.8589021,
              19.0192186
            ],
            [
              72.8589927,
              19.0193824
            ],
            [
              72.8591857,
              19.0194047
            ],
            [
              72.8595165,
              19.0192633
            ],
            [
              72.8602182,
              19.0192046
            ],
            [
              72.8605096,
              19.0201928
            ],
            [
              72.8588338,
              19.0204278
            ],
            [
              72.8589049,
              19.0209503
            ],
            [
              72.8574014,
              19.0211771
            ]
          ]
        ]
      },
      "id": "way/112781797"
    },
    {
      "type": "Feature",
      "properties": {
        "@id": "way/112781805",
        "addr:city": "Mumbai",
        "addr:postcode": "400019",
        "addr:street": "Nathalal Parekh Road",
        "amenity": "school",
        "amenity_1": "church",
        "education": "school",
        "name": "Don Bosco School - Matunga",
        "religion": "christian"
      },
      "geometry": {
        "type": "Polygon",
        "coordinates": [
          [
            [
              72.8570178,
              19.0267313
            ],
            [
              72.8569963,
              19.0266926
            ],
            [
              72.8570654,
              19.0256236
            ],
            [
              72.8571298,
              19.0251762
            ],
            [
              72.8571787,
              19.0248371
            ],
            [
              72.857286,
              19.0247763
            ],
            [
              72.8595176,
              19.0250628
            ],
            [
              72.8595713,
              19.0251186
            ],
            [
              72.8594308,
              19.0259986
            ],
            [
              72.8590776,
              19.0268977
            ],
            [
              72.8570178,
              19.0267313
            ]
          ]
        ]
      },
      "id": "way/112781805"
    },
    {
      "type": "Feature",
      "properties": {
        "@id": "way/113561019",
        "amenity": "hospital",
        "check_date": "2026-03-20",
        "healthcare": "hospital",
        "name": "Mahatma Gandhi Memorial Hospital",
        "name:etymology:wikidata": "Q1001"
      },
      "geometry": {
        "type": "Polygon",
        "coordinates": [
          [
            [
              72.8425819,
              18.9960758
            ],
            [
              72.842726,
              18.9961997
            ],
            [
              72.8431135,
              18.996905
            ],
            [
              72.8436316,
              18.9967467
            ],
            [
              72.8435429,
              18.9972483
            ],
            [
              72.8419594,
              18.9979121
            ],
            [
              72.8418229,
              18.9976802
            ],
            [
              72.8410548,
              18.9979736
            ],
            [
              72.8405206,
              18.9971823
            ],
            [
              72.8415405,
              18.9966368
            ],
            [
              72.841729,
              18.9965141
            ],
            [
              72.8425819,
              18.9960758
            ]
          ]
        ]
      },
      "id": "way/113561019"
    },
    {
      "type": "Feature",
      "properties": {
        "@id": "way/113570522",
        "addr:district": "Mumbai",
        "addr:full": "Mumbai",
        "addr:postcode": "400001",
        "addr:state": "Maharashtra",
        "amenity": "hospital",
        "healthcare": "hospital",
        "healthcare:speciality": "radiology",
        "name": "Tata Memorial Cancer Hospital",
        "source": "OpenGovernmentData"
      },
      "geometry": {
        "type": "Polygon",
        "coordinates": [
          [
            [
              72.8433832,
              19.0059956
            ],
            [
              72.8427968,
              19.0060049
            ],
            [
              72.8427896,
              19.005597
            ],
            [
              72.8426812,
              19.0055987
            ],
            [
              72.8426768,
              19.0053521
            ],
            [
              72.8434307,
              19.0053402
            ],
            [
              72.8434334,
              19.0054924
            ],
            [
              72.8433743,
              19.0054933
            ],
            [
              72.8433832,
              19.0059956
            ]
          ]
        ]
      },
      "id": "way/113570522"
    },
    {
      "type": "Feature",
      "properties": {
        "@id": "way/113576203",
        "addr:city": "Mumbai",
        "addr:postcode": "400012",
        "addr:street": "Acharya Donde Marg",
        "amenity": "hospital",
        "healthcare": "hospital",
        "historic": "public",
        "name": "Haffkine Institute For Training, Research & Testing",
        "old_name": "Government House",
        "website": "http://www.haffkineinstitute.org/"
      },
      "geometry": {
        "type": "Polygon",
        "coordinates": [
          [
            [
              72.8437904,
              19.0020113
            ],
            [
              72.8447301,
              19.0013768
            ],
            [
              72.8456701,
              19.0008682
            ],
            [
              72.8462424,
              19.0005585
            ],
            [
              72.8468803,
              19.0022389
            ],
            [
              72.8470324,
              19.0028775
            ],
            [
              72.846798,
              19.0029646
            ],
            [
              72.8466015,
              19.0031813
            ],
            [
              72.8464655,
              19.0034416
            ],
            [
              72.8463971,
              19.0039163
            ],
            [
              72.8462465,
              19.0041072
            ],
            [
              72.8459264,
              19.0043242
            ],
            [
              72.8452288,
              19.0043243
            ],
            [
              72.8438994,
              19.0031178
            ],
            [
              72.8437904,
              19.0020113
            ]
          ]
        ]
      },
      "id": "way/113576203"
    },
    {
      "type": "Feature",
      "properties": {
        "@id": "way/113578545",
        "amenity": "school",
        "name": "J.B. Vaccha High School for Girls"
      },
      "geometry": {
        "type": "Polygon",
        "coordinates": [
          [
            [
              72.8517386,
              19.0194636
            ],
            [
              72.8519655,
              19.0191155
            ],
            [
              72.852751,
              19.0195732
            ],
            [
              72.852524,
              19.0199213
            ],
            [
              72.8517386,
              19.0194636
            ]
          ]
        ]
      },
      "id": "way/113578545"
    },
    {
      "type": "Feature",
      "properties": {
        "@id": "way/113696497",
        "amenity": "school",
        "isced:level": "1;2;3",
        "name": "Chhabildas Boys High School",
        "school:gender": "male"
      },
      "geometry": {
        "type": "Polygon",
        "coordinates": [
          [
            [
              72.8426394,
              19.0206184
            ],
            [
              72.84254,
              19.0206738
            ],
            [
              72.842039,
              19.0206236
            ],
            [
              72.8419006,
              19.020441
            ],
            [
              72.842323,
              19.0201701
            ],
            [
              72.8426394,
              19.0206184
            ]
          ]
        ]
      },
      "id": "way/113696497"
    },
    {
      "type": "Feature",
      "properties": {
        "@id": "way/113715167",
        "amenity": "school",
        "isced:level": "1;2;3",
        "name": "Dr. Antonio Da Silva Technical High School & Jr. College Of Science"
      },
      "geometry": {
        "type": "Polygon",
        "coordinates": [
          [
            [
              72.8347424,
              19.0231393
            ],
            [
              72.8345531,
              19.0227699
            ],
            [
              72.8345208,
              19.0226881
            ],
            [
              72.8345315,
              19.0226159
            ],
            [
              72.8349486,
              19.0223319
            ],
            [
              72.8350613,
              19.0223382
            ],
            [
              72.8353472,
              19.0227823
            ],
            [
              72.8347424,
              19.0231393
            ]
          ]
        ]
      },
      "id": "way/113715167"
    },
    {
      "type": "Feature",
      "properties": {
        "@id": "way/113716553",
        "amenity": "school",
        "name": "Bombay Scottish",
        "old_name": "Scottish Orphanage",
        "wikidata": "Q3631441",
        "wikimedia_commons": "Category:Bombay Scottish School",
        "wikipedia": "en:Bombay Scottish School, Mahim"
      },
      "geometry": {
        "type": "Polygon",
        "coordinates": [
          [
            [
              72.8395719,
              19.0340812
            ],
            [
              72.8399213,
              19.0340388
            ],
            [
              72.8400121,
              19.0347848
            ],
            [
              72.8396679,
              19.0348271
            ],
            [
              72.8396396,
              19.0346067
            ],
            [
              72.8389542,
              19.0346845
            ],
            [
              72.8388174,
              19.0336927
            ],
            [
              72.8394584,
              19.0335676
            ],
            [
              72.8395719,
              19.0340812
            ]
          ]
        ]
      },
      "id": "way/113716553"
    },
    {
      "type": "Feature",
      "properties": {
        "@id": "way/113716576",
        "amenity": "hospital",
        "healthcare": "hospital",
        "name": "Hinduja Clinic"
      },
      "geometry": {
        "type": "Polygon",
        "coordinates": [
          [
            [
              72.8387547,
              19.0329157
            ],
            [
              72.8387426,
              19.0327895
            ],
            [
              72.8391364,
              19.0326962
            ],
            [
              72.839232,
              19.0329452
            ],
            [
              72.8393222,
              19.0329023
            ],
            [
              72.8394537,
              19.0333038
            ],
            [
              72.8388383,
              19.0334494
            ],
            [
              72.8387547,
              19.0329157
            ]
          ]
        ]
      },
      "id": "way/113716576"
    },
    {
      "type": "Feature",
      "properties": {
        "@id": "way/113716578",
        "amenity": "hospital",
        "healthcare": "hospital",
        "name": "Hinduja Hospital"
      },
      "geometry": {
        "type": "Polygon",
        "coordinates": [
          [
            [
              72.8377435,
              19.0327661
            ],
            [
              72.8385025,
              19.0327357
            ],
            [
              72.8385253,
              19.0332123
            ],
            [
              72.8386004,
              19.0336282
            ],
            [
              72.8379976,
              19.0337229
            ],
            [
              72.8379419,
              19.0332352
            ],
            [
              72.8378025,
              19.033007
            ],
            [
              72.8377435,
              19.0327661
            ]
          ]
        ]
      },
      "id": "way/113716578"
    },
    {
      "type": "Feature",
      "properties": {
        "@id": "way/113775904",
        "amenity": "school",
        "name": "St Joseph High School"
      },
      "geometry": {
        "type": "Polygon",
        "coordinates": [
          [
            [
              72.8565777,
              19.0184835
            ],
            [
              72.8569375,
              19.0189287
            ],
            [
              72.8570471,
              19.0191389
            ],
            [
              72.8567993,
              19.0192695
            ],
            [
              72.8563848,
              19.0194487
            ],
            [
              72.8562705,
              19.0194471
            ],
            [
              72.8560142,
              19.0189339
            ],
            [
              72.8560254,
              19.0188502
            ],
            [
              72.8560388,
              19.018836
            ],
            [
              72.856091,
              19.0187805
            ],
            [
              72.8565777,
              19.0184835
            ]
          ]
        ]
      },
      "id": "way/113775904"
    },
    {
      "type": "Feature",
      "properties": {
        "@id": "way/113777719",
        "addr:city": "Mumbai",
        "addr:housenumber": "651-652",
        "addr:postcode": "400014",
        "addr:street": "Lady Jehangir Road",
        "amenity": "school",
        "name": "Dadar Athornan Institute",
        "wikidata": "Q33121281"
      },
      "geometry": {
        "type": "Polygon",
        "coordinates": [
          [
            [
              72.853718,
              19.0188778
            ],
            [
              72.8540248,
              19.0188268
            ],
            [
              72.8540398,
              19.0189607
            ],
            [
              72.8540552,
              19.0190548
            ],
            [
              72.8537575,
              19.0191014
            ],
            [
              72.853718,
              19.0188778
            ]
          ]
        ]
      },
      "id": "way/113777719"
    },
    {
      "type": "Feature",
      "properties": {
        "@id": "way/113792227",
        "amenity": "school",
        "building": "yes",
        "name": "Dadar Parsee Youth Assembly High School"
      },
      "geometry": {
        "type": "Polygon",
        "coordinates": [
          [
            [
              72.8535283,
              19.01812
            ],
            [
              72.8534505,
              19.0177777
            ],
            [
              72.8536034,
              19.0177422
            ],
            [
              72.8536302,
              19.0177802
            ],
            [
              72.8536731,
              19.017978
            ],
            [
              72.8536543,
              19.0180034
            ],
            [
              72.8536506,
              19.0180376
            ],
            [
              72.8536221,
              19.0180617
            ],
            [
              72.8536275,
              19.0180972
            ],
            [
              72.8535283,
              19.01812
            ]
          ]
        ]
      },
      "id": "way/113792227"
    },
    {
      "type": "Feature",
      "properties": {
        "@id": "way/113978749",
        "amenity": "school",
        "name": "Auxilium Convent School"
      },
      "geometry": {
        "type": "Polygon",
        "coordinates": [
          [
            [
              72.8544979,
              19.0169253
            ],
            [
              72.85394,
              19.0166125
            ],
            [
              72.8545079,
              19.0162612
            ],
            [
              72.8545445,
              19.0162422
            ],
            [
              72.8545893,
              19.0162208
            ],
            [
              72.854832,
              19.0160702
            ],
            [
              72.8550232,
              19.0163456
            ],
            [
              72.8551351,
              19.0164818
            ],
            [
              72.8550344,
              19.0164823
            ],
            [
              72.8550282,
              19.0165519
            ],
            [
              72.8549641,
              19.0165959
            ],
            [
              72.854855,
              19.0165879
            ],
            [
              72.8548776,
              19.016708
            ],
            [
              72.8544979,
              19.0169253
            ]
          ]
        ]
      },
      "id": "way/113978749"
    },
    {
      "type": "Feature",
      "properties": {
        "@id": "way/115830793",
        "amenity": "school",
        "building": "yes",
        "name": "Seth V.M. Kapole Boarding School"
      },
      "geometry": {
        "type": "Polygon",
        "coordinates": [
          [
            [
              72.8536851,
              19.0228523
            ],
            [
              72.8536646,
              19.0227584
            ],
            [
              72.8537423,
              19.0227432
            ],
            [
              72.8536859,
              19.0224848
            ],
            [
              72.8536101,
              19.0224996
            ],
            [
              72.8535935,
              19.0224237
            ],
            [
              72.8537889,
              19.0223855
            ],
            [
              72.8538825,
              19.0228138
            ],
            [
              72.8536851,
              19.0228523
            ]
          ]
        ]
      },
      "id": "way/115830793"
    },
    {
      "type": "Feature",
      "properties": {
        "@id": "way/116342799",
        "addr:city": "Wadala, Mumbai",
        "addr:full": "Registered Office, Plot No 153, Major Parmeshwaran Road Road No 9, Opp Siws College Gate No 3, Wadala (West)",
        "addr:housenumber": "Plot 153",
        "addr:postcode": "400031",
        "addr:state": "Maharashtra",
        "addr:street": "Major R Parameswaran Road",
        "amenity": "hospital",
        "building": "yes",
        "healthcare:speciality": "ophthalmology",
        "name": "Aditya Jyot Eye Hospital",
        "source": "OpenGovernmentData"
      },
      "geometry": {
        "type": "Polygon",
        "coordinates": [
          [
            [
              72.8590688,
              19.021313
            ],
            [
              72.8590511,
              19.0211306
            ],
            [
              72.8592095,
              19.0211168
            ],
            [
              72.8592272,
              19.0212993
            ],
            [
              72.8590688,
              19.021313
            ]
          ]
        ]
      },
      "id": "way/116342799"
    },
    {
      "type": "Feature",
      "properties": {
        "@id": "way/117083034",
        "amenity": "school",
        "building": "yes",
        "fee": "yes",
        "isced:level": "0;1;2;3",
        "name": "Matunga Premier School",
        "website": "https://matungapremierschool.in/"
      },
      "geometry": {
        "type": "Polygon",
        "coordinates": [
          [
            [
              72.8514766,
              19.0273845
            ],
            [
              72.8514162,
              19.0273277
            ],
            [
              72.8514439,
              19.0273014
            ],
            [
              72.8514013,
              19.0272614
            ],
            [
              72.8515139,
              19.0271543
            ],
            [
              72.8516169,
              19.0272512
            ],
            [
              72.8514766,
              19.0273845
            ]
          ]
        ]
      },
      "id": "way/117083034"
    },
    {
      "type": "Feature",
      "properties": {
        "@id": "way/117083050",
        "amenity": "school",
        "building": "yes",
        "check_date": "2026-03-20",
        "name": "Shri Dayanand Vidyalay and Junior College"
      },
      "geometry": {
        "type": "Polygon",
        "coordinates": [
          [
            [
              72.8518974,
              19.0270161
            ],
            [
              72.8517908,
              19.0269114
            ],
            [
              72.8518946,
              19.026817
            ],
            [
              72.8520012,
              19.0269216
            ],
            [
              72.8518974,
              19.0270161
            ]
          ]
        ]
      },
      "id": "way/117083050"
    },
    {
      "type": "Feature",
      "properties": {
        "@id": "way/121513368",
        "amenity": "school",
        "check_date": "2024-04-24",
        "name": "Nutan Vidya Mandir"
      },
      "geometry": {
        "type": "Polygon",
        "coordinates": [
          [
            [
              72.9311942,
              19.0423986
            ],
            [
              72.9312103,
              19.0410142
            ],
            [
              72.9316448,
              19.0410446
            ],
            [
              72.9316158,
              19.0423451
            ],
            [
              72.9311942,
              19.0423986
            ]
          ]
        ]
      },
      "id": "way/121513368"
    },
    {
      "type": "Feature",
      "properties": {
        "@id": "way/131957113",
        "amenity": "school",
        "name": "Shivaji Shikshan Sanstha High School"
      },
      "geometry": {
        "type": "Polygon",
        "coordinates": [
          [
            [
              72.9132718,
              19.0846823
            ],
            [
              72.9129414,
              19.0836173
            ],
            [
              72.9132989,
              19.0835149
            ],
            [
              72.9139707,
              19.0843034
            ],
            [
              72.9136998,
              19.0845184
            ],
            [
              72.9132718,
              19.0846823
            ]
          ]
        ]
      },
      "id": "way/131957113"
    },
    {
      "type": "Feature",
      "properties": {
        "@id": "way/136172048",
        "amenity": "school",
        "name": "Chikalwadi BMC School - 3"
      },
      "geometry": {
        "type": "Polygon",
        "coordinates": [
          [
            [
              72.9286286,
              19.0620216
            ],
            [
              72.9283553,
              19.0614885
            ],
            [
              72.9289465,
              19.061218
            ],
            [
              72.9292201,
              19.0617478
            ],
            [
              72.9286286,
              19.0620216
            ]
          ]
        ]
      },
      "id": "way/136172048"
    },
    {
      "type": "Feature",
      "properties": {
        "@id": "way/136333110",
        "amenity": "school",
        "name": "Sanjay Nagar Municipal School"
      },
      "geometry": {
        "type": "Polygon",
        "coordinates": [
          [
            [
              72.9257843,
              19.0647341
            ],
            [
              72.9255724,
              19.0641967
            ],
            [
              72.9261491,
              19.0639685
            ],
            [
              72.9263824,
              19.0644984
            ],
            [
              72.9257843,
              19.0647341
            ]
          ]
        ]
      },
      "id": "way/136333110"
    },
    {
      "type": "Feature",
      "properties": {
        "@id": "way/143810899",
        "addr:housename": "Parle Tilak English School",
        "addr:postcode": "400057",
        "addr:street": "Hanuman Road",
        "amenity": "school",
        "name": "Parle Tilak English School"
      },
      "geometry": {
        "type": "Polygon",
        "coordinates": [
          [
            [
              72.8478313,
              19.1036889
            ],
            [
              72.8478635,
              19.1035191
            ],
            [
              72.8478935,
              19.1032972
            ],
            [
              72.8480861,
              19.1033239
            ],
            [
              72.8480566,
              19.1035622
            ],
            [
              72.8480325,
              19.1037092
            ],
            [
              72.8479278,
              19.1037066
            ],
            [
              72.8478313,
              19.1036889
            ]
          ]
        ]
      },
      "id": "way/143810899"
    },
    {
      "type": "Feature",
      "properties": {
        "@id": "way/143950812",
        "amenity": "hospital",
        "healthcare": "hospital",
        "name": "Karbhari"
      },
      "geometry": {
        "type": "Polygon",
        "coordinates": [
          [
            [
              72.8469193,
              19.1032884
            ],
            [
              72.8469488,
              19.1031718
            ],
            [
              72.8470399,
              19.1031903
            ],
            [
              72.8470264,
              19.1033044
            ],
            [
              72.8469193,
              19.1032884
            ]
          ]
        ]
      },
      "id": "way/143950812"
    },
    {
      "type": "Feature",
      "properties": {
        "@id": "way/144076353",
        "addr:housename": "Pannalal Lohe Day Care",
        "addr:postcode": "400057",
        "addr:street": "Hanuman Road",
        "amenity": "school",
        "name": "Pannalal Lohe Day Care"
      },
      "geometry": {
        "type": "Polygon",
        "coordinates": [
          [
            [
              72.848381,
              19.103362
            ],
            [
              72.8485044,
              19.1033822
            ],
            [
              72.8484964,
              19.1034583
            ],
            [
              72.8484776,
              19.1035039
            ],
            [
              72.8483542,
              19.1034836
            ],
            [
              72.848381,
              19.103362
            ]
          ]
        ]
      },
      "id": "way/144076353"
    },
    {
      "type": "Feature",
      "properties": {
        "@id": "way/144080039",
        "addr:housename": "Parle Tilak Marathi School",
        "addr:postcode": "400057",
        "addr:street": "Tilak Vidyalaya Road",
        "amenity": "school",
        "name": "Parle Tilak Marathi School"
      },
      "geometry": {
        "type": "Polygon",
        "coordinates": [
          [
            [
              72.8480002,
              19.1038688
            ],
            [
              72.8477079,
              19.1038257
            ],
            [
              72.8474311,
              19.103792
            ],
            [
              72.8474584,
              19.1036204
            ],
            [
              72.8475577,
              19.1036356
            ],
            [
              72.8475496,
              19.1036965
            ],
            [
              72.847909,
              19.1037522
            ],
            [
              72.8479278,
              19.1037066
            ],
            [
              72.8480325,
              19.1037092
            ],
            [
              72.8480002,
              19.1038688
            ]
          ]
        ]
      },
      "id": "way/144080039"
    },
    {
      "type": "Feature",
      "properties": {
        "@id": "way/144524310",
        "amenity": "school",
        "building": "school"
      },
      "geometry": {
        "type": "Polygon",
        "coordinates": [
          [
            [
              72.8488129,
              19.1037624
            ],
            [
              72.8488397,
              19.103623
            ],
            [
              72.8489738,
              19.1036382
            ],
            [
              72.8489532,
              19.1037847
            ],
            [
              72.8488129,
              19.1037624
            ]
          ]
        ]
      },
      "id": "way/144524310"
    },
    {
      "type": "Feature",
      "properties": {
        "@id": "way/144524632",
        "addr:housename": "G.B.E.S. School",
        "addr:postcode": "400057",
        "addr:street": "Tilak Vidyalaya Road",
        "amenity": "school",
        "name": "G.B.E.S. School"
      },
      "geometry": {
        "type": "Polygon",
        "coordinates": [
          [
            [
              72.8489601,
              19.1041063
            ],
            [
              72.8489607,
              19.1040282
            ],
            [
              72.848978,
              19.1040283
            ],
            [
              72.8489785,
              19.1039735
            ],
            [
              72.8490453,
              19.103974
            ],
            [
              72.8490461,
              19.1038834
            ],
            [
              72.8491464,
              19.1038842
            ],
            [
              72.8491454,
              19.1040104
            ],
            [
              72.8491647,
              19.1040106
            ],
            [
              72.8491639,
              19.1041078
            ],
            [
              72.8489601,
              19.1041063
            ]
          ]
        ]
      },
      "id": "way/144524632"
    },
    {
      "type": "Feature",
      "properties": {
        "@id": "way/144526572",
        "addr:housename": "Parle Tilak Vidyalaya (ICSC Board)",
        "addr:postcode": "400057",
        "addr:street": "Thanawala Lane",
        "amenity": "school",
        "building": "yes",
        "name": "Parle Tilak Vidyalaya (ICSC Board)"
      },
      "geometry": {
        "type": "Polygon",
        "coordinates": [
          [
            [
              72.8466831,
              19.1036559
            ],
            [
              72.8467153,
              19.1034582
            ],
            [
              72.8467479,
              19.103395
            ],
            [
              72.8467935,
              19.1033874
            ],
            [
              72.8469111,
              19.103405
            ],
            [
              72.8469196,
              19.1033493
            ],
            [
              72.8473027,
              19.10341
            ],
            [
              72.8473269,
              19.1034861
            ],
            [
              72.8473135,
              19.1036584
            ],
            [
              72.8472093,
              19.1036484
            ],
            [
              72.8472227,
              19.1035268
            ],
            [
              72.8471985,
              19.1034913
            ],
            [
              72.8468552,
              19.1034431
            ],
            [
              72.8468199,
              19.1034683
            ],
            [
              72.8467935,
              19.1036636
            ],
            [
              72.8466831,
              19.1036559
            ]
          ]
        ]
      },
      "id": "way/144526572"
    },
    {
      "type": "Feature",
      "properties": {
        "@id": "way/150485811",
        "addr:district": "Mumbai",
        "addr:full": "15, Near Sophia College, Dr.G.Deshmukh Marg,Pedder Road, Cumballa Hill",
        "addr:postcode": "400026",
        "addr:state": "Maharashtra",
        "addr:street": "Pedder Road (Gopalrao Deshmukh Marg)",
        "amenity": "hospital",
        "emergency": "yes",
        "healthcare": "hospital",
        "name": "Jaslok Hospital and Research Centre",
        "name:hi": "जसलोक रुग्णालय",
        "source": "OpenGovernmentData",
        "wikidata": "Q6161662",
        "wikipedia": "en:Jaslok Hospital"
      },
      "geometry": {
        "type": "Polygon",
        "coordinates": [
          [
            [
              72.8095997,
              18.9719226
            ],
            [
              72.8096463,
              18.9714558
            ],
            [
              72.8098993,
              18.9714784
            ],
            [
              72.8099342,
              18.9711294
            ],
            [
              72.8102836,
              18.9711607
            ],
            [
              72.810202,
              18.9719764
            ],
            [
              72.8095997,
              18.9719226
            ]
          ]
        ]
      },
      "id": "way/150485811"
    },
    {
      "type": "Feature",
      "properties": {
        "@id": "way/151379340",
        "amenity": "school",
        "building": "yes",
        "name": "Manekji Gajdhar School",
        "name:en": "Manekji Gajdhar School",
        "operator": "Maharashta State Board",
        "operator:type": "public"
      },
      "geometry": {
        "type": "Polygon",
        "coordinates": [
          [
            [
              72.828019,
              19.0759239
            ],
            [
              72.8284001,
              19.076104
            ],
            [
              72.8284037,
              19.0761171
            ],
            [
              72.8284039,
              19.0761287
            ],
            [
              72.8283957,
              19.0761352
            ],
            [
              72.8283068,
              19.0761538
            ],
            [
              72.8282971,
              19.0761514
            ],
            [
              72.8282939,
              19.0761459
            ],
            [
              72.8282926,
              19.076133
            ],
            [
              72.8280923,
              19.0760341
            ],
            [
              72.8280066,
              19.0759474
            ],
            [
              72.828019,
              19.0759239
            ]
          ]
        ]
      },
      "id": "way/151379340"
    },
    {
      "type": "Feature",
      "properties": {
        "@id": "way/151402667",
        "amenity": "school",
        "name": "St. Elias Ground"
      },
      "geometry": {
        "type": "Polygon",
        "coordinates": [
          [
            [
              72.8267917,
              19.0735965
            ],
            [
              72.8275196,
              19.0736891
            ],
            [
              72.8274971,
              19.0740423
            ],
            [
              72.8274653,
              19.0742988
            ],
            [
              72.8267174,
              19.074222
            ],
            [
              72.8267917,
              19.0735965
            ]
          ]
        ]
      },
      "id": "way/151402667"
    },
    {
      "type": "Feature",
      "properties": {
        "@id": "way/151402734",
        "amenity": "school",
        "name": "BPM High School"
      },
      "geometry": {
        "type": "Polygon",
        "coordinates": [
          [
            [
              72.8301835,
              19.0752151
            ],
            [
              72.830213,
              19.0745549
            ],
            [
              72.8310134,
              19.0745866
            ],
            [
              72.8309841,
              19.0752469
            ],
            [
              72.8301835,
              19.0752151
            ]
          ]
        ]
      },
      "id": "way/151402734"
    },
    {
      "type": "Feature",
      "properties": {
        "@id": "way/151768147",
        "amenity": "school",
        "name": "St. Lawrence High School"
      },
      "geometry": {
        "type": "Polygon",
        "coordinates": [
          [
            [
              73.0018787,
              19.0760053
            ],
            [
              73.0017497,
              19.0744307
            ],
            [
              73.0023643,
              19.0743858
            ],
            [
              73.0024932,
              19.0759604
            ],
            [
              73.0018787,
              19.0760053
            ]
          ]
        ]
      },
      "id": "way/151768147"
    },
    {
      "type": "Feature",
      "properties": {
        "@id": "way/151806615",
        "addr:city": "Mumbai",
        "amenity": "hospital",
        "building": "apartments",
        "building:levels": "15",
        "healthcare": "hospital",
        "name": "Lalita Girdhar (Hinduja Hospital)"
      },
      "geometry": {
        "type": "Polygon",
        "coordinates": [
          [
            [
              72.8393416,
              19.0320669
            ],
            [
              72.8393212,
              19.0319324
            ],
            [
              72.8394263,
              19.031922
            ],
            [
              72.8394753,
              19.031947
            ],
            [
              72.8395515,
              19.0318651
            ],
            [
              72.8396044,
              19.0318295
            ],
            [
              72.8396253,
              19.0318692
            ],
            [
              72.8397602,
              19.0318409
            ],
            [
              72.839874,
              19.0318019
            ],
            [
              72.8399255,
              19.0319497
            ],
            [
              72.8393416,
              19.0320669
            ]
          ]
        ]
      },
      "id": "way/151806615"
    },
    {
      "type": "Feature",
      "properties": {
        "@id": "way/152244251",
        "amenity": "hospital",
        "name": "BPT Hospital"
      },
      "geometry": {
        "type": "Polygon",
        "coordinates": [
          [
            [
              72.860356,
              19.0116259
            ],
            [
              72.8618315,
              19.0112105
            ],
            [
              72.8624784,
              19.0133514
            ],
            [
              72.86209,
              19.0133494
            ],
            [
              72.8625911,
              19.0146208
            ],
            [
              72.8625156,
              19.0147029
            ],
            [
              72.860657,
              19.0134179
            ],
            [
              72.8605715,
              19.0123652
            ],
            [
              72.860356,
              19.0116259
            ]
          ]
        ]
      },
      "id": "way/152244251"
    },
    {
      "type": "Feature",
      "properties": {
        "@id": "way/152357350",
        "amenity": "hospital",
        "name": "Holy Spirit Hospital",
        "wikidata": "Q5886261",
        "wikipedia": "en:Holy Spirit Hospital (Mumbai)"
      },
      "geometry": {
        "type": "Polygon",
        "coordinates": [
          [
            [
              72.8657412,
              19.1295546
            ],
            [
              72.8648913,
              19.1282761
            ],
            [
              72.8661176,
              19.127677
            ],
            [
              72.8671707,
              19.1271055
            ],
            [
              72.8674306,
              19.1278745
            ],
            [
              72.8675195,
              19.1286564
            ],
            [
              72.8657412,
              19.1295546
            ]
          ]
        ]
      },
      "id": "way/152357350"
    },
    {
      "type": "Feature",
      "properties": {
        "@id": "way/152357351",
        "addr:housename": "ST. DOMINIC SAVIO HIGH SCHOOL",
        "addr:postcode": "400093",
        "amenity": "school",
        "name": "St. Dominic Savio High School",
        "source": "http://stdominicsavio.com/"
      },
      "geometry": {
        "type": "Polygon",
        "coordinates": [
          [
            [
              72.8648913,
              19.1282761
            ],
            [
              72.8639138,
              19.1265624
            ],
            [
              72.8652256,
              19.1265311
            ],
            [
              72.86558,
              19.1265023
            ],
            [
              72.8661176,
              19.127677
            ],
            [
              72.8648913,
              19.1282761
            ]
          ]
        ]
      },
      "id": "way/152357351"
    },
    {
      "type": "Feature",
      "properties": {
        "@id": "way/152632013",
        "addr:city": "Mumbai",
        "addr:postcode": "400050",
        "addr:street": "Hill Road",
        "amenity": "school",
        "check_date": "2025-01-10",
        "name": "St. Stanislaus High School",
        "ref:IN:UDISE": "27220500102"
      },
      "geometry": {
        "type": "Polygon",
        "coordinates": [
          [
            [
              72.8294689,
              19.0549173
            ],
            [
              72.8284522,
              19.054768
            ],
            [
              72.828391,
              19.054528
            ],
            [
              72.8287429,
              19.0544124
            ],
            [
              72.8287528,
              19.0540945
            ],
            [
              72.8293529,
              19.0538661
            ],
            [
              72.8293724,
              19.0539917
            ],
            [
              72.8294603,
              19.0541898
            ],
            [
              72.8295315,
              19.0541793
            ],
            [
              72.8294357,
              19.053948
            ],
            [
              72.829427,
              19.0538391
            ],
            [
              72.8296216,
              19.053801
            ],
            [
              72.8296465,
              19.0541383
            ],
            [
              72.8299446,
              19.0541171
            ],
            [
              72.829921,
              19.0537835
            ],
            [
              72.8300266,
              19.0537761
            ],
            [
              72.8300366,
              19.0538947
            ],
            [
              72.8301863,
              19.0538917
            ],
            [
              72.830189,
              19.0539258
            ],
            [
              72.8302321,
              19.0539313
            ],
            [
              72.8302371,
              19.0539758
            ],
            [
              72.8303882,
              19.0539844
            ],
            [
              72.8303979,
              19.0540995
            ],
            [
              72.8306395,
              19.0541223
            ],
            [
              72.8306491,
              19.0542011
            ],
            [
              72.8307252,
              19.0548905
            ],
            [
              72.830198,
              19.0549476
            ],
            [
              72.8302137,
              19.0550201
            ],
            [
              72.8299222,
              19.0549968
            ],
            [
              72.8299002,
              19.054995
            ],
            [
              72.8297376,
              19.054972
            ],
            [
              72.8296628,
              19.0549491
            ],
            [
              72.8294689,
              19.0549173
            ]
          ]
        ]
      },
      "id": "way/152632013"
    },
    {
      "type": "Feature",
      "properties": {
        "@id": "way/154837118",
        "addr:district": "Mumbai",
        "addr:full": "Kadamwadi, Off.St Anthony, St.Santacruz(East), Near Vishwakarma Samiti Hall",
        "addr:postcode": "400098",
        "addr:state": "Maharashtra",
        "amenity": "hospital",
        "check_date": "2026-03-21",
        "name": "Niron Hospital and Research Center",
        "source": "OpenGovernmentData"
      },
      "geometry": {
        "type": "Polygon",
        "coordinates": [
          [
            [
              72.8581228,
              19.0771611
            ],
            [
              72.8582462,
              19.0771028
            ],
            [
              72.8582032,
              19.0770394
            ],
            [
              72.8584421,
              19.0768494
            ],
            [
              72.8585669,
              19.0769119
            ],
            [
              72.8588056,
              19.0769424
            ],
            [
              72.8587343,
              19.0771308
            ],
            [
              72.858442,
              19.077113
            ],
            [
              72.8583214,
              19.0770217
            ],
            [
              72.8582757,
              19.0770571
            ],
            [
              72.8583132,
              19.0771129
            ],
            [
              72.8581511,
              19.077216
            ],
            [
              72.8581228,
              19.0771611
            ]
          ]
        ]
      },
      "id": "way/154837118"
    },
    {
      "type": "Feature",
      "properties": {
        "@id": "way/192598440",
        "addr:city": "Mumbai",
        "addr:postcode": "400050",
        "addr:street": "K C Marg",
        "amenity": "school",
        "name": "Mumbai Educational Trust"
      },
      "geometry": {
        "type": "Polygon",
        "coordinates": [
          [
            [
              72.8287715,
              19.0515204
            ],
            [
              72.8292618,
              19.0516964
            ],
            [
              72.8296852,
              19.0519153
            ],
            [
              72.8297487,
              19.0519431
            ],
            [
              72.8295402,
              19.0522979
            ],
            [
              72.829459,
              19.0524769
            ],
            [
              72.8286077,
              19.0519912
            ],
            [
              72.828709,
              19.0517194
            ],
            [
              72.8287715,
              19.0515204
            ]
          ]
        ]
      },
      "id": "way/192598440"
    },
    {
      "type": "Feature",
      "properties": {
        "@id": "way/202295219",
        "amenity": "school",
        "name": "ATI Primary School"
      },
      "geometry": {
        "type": "Polygon",
        "coordinates": [
          [
            [
              72.8796974,
              19.0561668
            ],
            [
              72.8796893,
              19.056002
            ],
            [
              72.8800005,
              19.0559868
            ],
            [
              72.8800032,
              19.056182
            ],
            [
              72.8796974,
              19.0562048
            ],
            [
              72.8796974,
              19.0561668
            ]
          ]
        ]
      },
      "id": "way/202295219"
    },
    {
      "type": "Feature",
      "properties": {
        "@id": "way/202917456",
        "addr:postcode": "400054",
        "addr:street": "Juhu Tara Road",
        "amenity": "school",
        "name": "Maneckji Cooper Educational trust School"
      },
      "geometry": {
        "type": "Polygon",
        "coordinates": [
          [
            [
              72.8275349,
              19.0890972
            ],
            [
              72.8273257,
              19.0881669
            ],
            [
              72.8274303,
              19.0881619
            ],
            [
              72.8278738,
              19.0888609
            ],
            [
              72.8277745,
              19.0888635
            ],
            [
              72.8276717,
              19.0889527
            ],
            [
              72.8275841,
              19.0891169
            ],
            [
              72.8275349,
              19.0890972
            ]
          ]
        ]
      },
      "id": "way/202917456"
    },
    {
      "type": "Feature",
      "properties": {
        "@id": "way/202918263",
        "amenity": "school",
        "name": "Madrasa",
        "religion": "muslim"
      },
      "geometry": {
        "type": "Polygon",
        "coordinates": [
          [
            [
              72.8383837,
              19.0514371
            ],
            [
              72.8389182,
              19.0514828
            ],
            [
              72.8388967,
              19.0517692
            ],
            [
              72.8387716,
              19.0518423
            ],
            [
              72.8387837,
              19.0515891
            ],
            [
              72.8383871,
              19.0515436
            ],
            [
              72.8383837,
              19.0514371
            ]
          ]
        ]
      },
      "id": "way/202918263"
    },
    {
      "type": "Feature",
      "properties": {
        "@id": "way/202918725",
        "addr:district": "Mumbai",
        "addr:full": "Raheja Rugnalaya Marg, Mahim (West)",
        "addr:postcode": "400016",
        "addr:state": "Maharashtra",
        "addr:street": "SL Raheja Hospital Marg",
        "amenity": "hospital",
        "healthcare": "hospital",
        "name": "S.L. Raheja Hospital",
        "name:en": "S.L. Raheja Hospital",
        "source": "OpenGovernmentData"
      },
      "geometry": {
        "type": "Polygon",
        "coordinates": [
          [
            [
              72.8422835,
              19.0458668
            ],
            [
              72.8429939,
              19.046047
            ],
            [
              72.8425878,
              19.046962
            ],
            [
              72.8420002,
              19.0468027
            ],
            [
              72.8422835,
              19.0458668
            ]
          ]
        ]
      },
      "id": "way/202918725"
    },
    {
      "type": "Feature",
      "properties": {
        "@id": "way/203145786",
        "amenity": "school",
        "name": "Utpal Sanghvi School",
        "name:en": "Utpal Sanghvi School"
      },
      "geometry": {
        "type": "Polygon",
        "coordinates": [
          [
            [
              72.8279963,
              19.1126455
            ],
            [
              72.8280151,
              19.1122933
            ],
            [
              72.8281627,
              19.1121749
            ],
            [
              72.8286668,
              19.1117705
            ],
            [
              72.8288079,
              19.1119041
            ],
            [
              72.8288708,
              19.1120709
            ],
            [
              72.8280239,
              19.1127198
            ],
            [
              72.8279963,
              19.1126455
            ]
          ]
        ]
      },
      "id": "way/203145786"
    },
    {
      "type": "Feature",
      "properties": {
        "@id": "way/203215801",
        "amenity": "hospital",
        "name": "Brihanmumbai Municipalty Hospital"
      },
      "geometry": {
        "type": "Polygon",
        "coordinates": [
          [
            [
              72.8750184,
              19.0533035
            ],
            [
              72.8751539,
              19.0530998
            ],
            [
              72.8753815,
              19.0532351
            ],
            [
              72.8752459,
              19.0534388
            ],
            [
              72.8750184,
              19.0533035
            ]
          ]
        ]
      },
      "id": "way/203215801"
    },
    {
      "type": "Feature",
      "properties": {
        "@id": "way/204635784",
        "amenity": "school",
        "check_date": "2024-09-23",
        "name": "Holy Family High School"
      },
      "geometry": {
        "type": "Polygon",
        "coordinates": [
          [
            [
              72.9057486,
              19.0713314
            ],
            [
              72.9060109,
              19.0709425
            ],
            [
              72.9063705,
              19.0711476
            ],
            [
              72.9065797,
              19.0712795
            ],
            [
              72.9067646,
              19.0713912
            ],
            [
              72.9071009,
              19.0715757
            ],
            [
              72.9070793,
              19.0716039
            ],
            [
              72.9067433,
              19.0715127
            ],
            [
              72.9065073,
              19.0714493
            ],
            [
              72.9062418,
              19.0713935
            ],
            [
              72.9057486,
              19.0713314
            ]
          ]
        ]
      },
      "id": "way/204635784"
    },
    {
      "type": "Feature",
      "properties": {
        "@id": "way/206806601",
        "addr:city": "Mumbai",
        "addr:housenumber": "5",
        "addr:postcode": "400001",
        "addr:street": "Maharshi Dadhichi Marg",
        "amenity": "school",
        "building": "yes",
        "name": "J. B. Petit High School for Girls",
        "school:gender": "female",
        "wikidata": "Q23013676",
        "wikipedia": "en:J.B. Petit High School for Girls"
      },
      "geometry": {
        "type": "Polygon",
        "coordinates": [
          [
            [
              72.8317665,
              18.9348001
            ],
            [
              72.8317061,
              18.9345494
            ],
            [
              72.8317669,
              18.9345019
            ],
            [
              72.8318132,
              18.9344898
            ],
            [
              72.8318388,
              18.9345561
            ],
            [
              72.8318785,
              18.9346723
            ],
            [
              72.8319353,
              18.9346522
            ],
            [
              72.8318998,
              18.9345564
            ],
            [
              72.8319407,
              18.9345244
            ],
            [
              72.832074,
              18.9346976
            ],
            [
              72.8317665,
              18.9348001
            ]
          ]
        ]
      },
      "id": "way/206806601"
    },
    {
      "type": "Feature",
      "properties": {
        "@id": "way/206806614",
        "addr:district": "Mumbai City",
        "addr:full": "Maharshi Dadhichi Marg, Azad Maidan, Fort, Mumbai",
        "addr:postcode": "400001",
        "addr:state": "Maharastra",
        "amenity": "hospital",
        "building": "yes",
        "healthcare": "hospital",
        "name": "Atmasingh Jassasingh Bankebihar Municipal ENT Hospital",
        "old_name": "Bombay City Improvement Trust Building",
        "source": "Local Knowledge"
      },
      "geometry": {
        "type": "Polygon",
        "coordinates": [
          [
            [
              72.8311351,
              18.9349497
            ],
            [
              72.8311884,
              18.9346354
            ],
            [
              72.8315509,
              18.9346959
            ],
            [
              72.8315101,
              18.9348842
            ],
            [
              72.8312435,
              18.9349699
            ],
            [
              72.8311351,
              18.9349497
            ]
          ]
        ]
      },
      "id": "way/206806614"
    },
    {
      "type": "Feature",
      "properties": {
        "@id": "way/206806617",
        "amenity": "school",
        "building": "yes",
        "name": "The Alexandra Girls English Institution",
        "school:gender": "female"
      },
      "geometry": {
        "type": "Polygon",
        "coordinates": [
          [
            [
              72.8311567,
              18.935647
            ],
            [
              72.8311212,
              18.9355394
            ],
            [
              72.8313629,
              18.9354419
            ],
            [
              72.8313042,
              18.9352957
            ],
            [
              72.8310732,
              18.9353898
            ],
            [
              72.8310963,
              18.9352688
            ],
            [
              72.8313415,
              18.9351629
            ],
            [
              72.8315032,
              18.9355142
            ],
            [
              72.8311567,
              18.935647
            ]
          ]
        ]
      },
      "id": "way/206806617"
    },
    {
      "type": "Feature",
      "properties": {
        "@id": "way/206806618",
        "addr:city": "Mumbai",
        "addr:housenumber": "19",
        "addr:postcode": "400001",
        "addr:street": "Mahatma Gandhi Road",
        "amenity": "school",
        "building": "yes",
        "name": "Cathedral & John Connon Junior School"
      },
      "geometry": {
        "type": "Polygon",
        "coordinates": [
          [
            [
              72.8312346,
              18.9345968
            ],
            [
              72.8312796,
              18.9343581
            ],
            [
              72.8314616,
              18.9343888
            ],
            [
              72.8314408,
              18.9344989
            ],
            [
              72.8314851,
              18.9345063
            ],
            [
              72.8315082,
              18.9343837
            ],
            [
              72.8316108,
              18.934401
            ],
            [
              72.8315634,
              18.9346522
            ],
            [
              72.8312346,
              18.9345968
            ]
          ]
        ]
      },
      "id": "way/206806618"
    },
    {
      "type": "Feature",
      "properties": {
        "@id": "way/207319558",
        "amenity": "hospital",
        "check_date": "2026-03-12",
        "healthcare": "hospital",
        "name": "Lady Willingdon Building"
      },
      "geometry": {
        "type": "Polygon",
        "coordinates": [
          [
            [
              72.8295858,
              18.9425149
            ],
            [
              72.829843,
              18.9425622
            ],
            [
              72.8301154,
              18.9428926
            ],
            [
              72.8298751,
              18.9430612
            ],
            [
              72.8297292,
              18.9430927
            ],
            [
              72.8296089,
              18.9430467
            ],
            [
              72.829545,
              18.9429208
            ],
            [
              72.8295322,
              18.9427586
            ],
            [
              72.8295858,
              18.9425149
            ]
          ]
        ]
      },
      "id": "way/207319558"
    },
    {
      "type": "Feature",
      "properties": {
        "@id": "way/207324961",
        "addr:city": "Mumbai",
        "addr:district": "Mumbai",
        "addr:full": "12, New Marine Lines, Marine Lines",
        "addr:postcode": "400020",
        "addr:state": "Maharashtra",
        "amenity": "hospital",
        "building": "apartments",
        "healthcare": "hospital",
        "name": "Bombay Hospital and Medical Research Center",
        "operator:type": "private",
        "source": "OpenGovernmentData",
        "website": "https://www.bombayhospital.com/",
        "wikidata": "Q4940562",
        "wikipedia": "en:Bombay Hospital"
      },
      "geometry": {
        "type": "Polygon",
        "coordinates": [
          [
            [
              72.827466,
              18.9412747
            ],
            [
              72.8272184,
              18.941192
            ],
            [
              72.8273848,
              18.9407465
            ],
            [
              72.8276324,
              18.9408293
            ],
            [
              72.827466,
              18.9412747
            ]
          ]
        ]
      },
      "id": "way/207324961"
    },
    {
      "type": "Feature",
      "properties": {
        "@id": "way/207376648",
        "addr:district": "Mumbai",
        "addr:full": "Mahapalika Marg, opp. Azad Maidan, Dhobi Talao, Chhatrapati Shivaji Terminus Area",
        "addr:postcode": "400001",
        "addr:state": "Maharashtra",
        "amenity": "hospital",
        "check_date": "2026-03-12",
        "emergency": "yes",
        "healthcare": "hospital",
        "landuse": "yes",
        "name": "Cama Hospital",
        "name:etymology:wikidata": "Q21556664",
        "source": "OpenGovernmentData",
        "wikidata": "Q5024895",
        "wikimedia_commons": "Category:Cama & Albless Hospital",
        "wikipedia": "en:Cama Hospital"
      },
      "geometry": {
        "type": "Polygon",
        "coordinates": [
          [
            [
              72.8327955,
              18.9419915
            ],
            [
              72.8319106,
              18.9425781
            ],
            [
              72.8323103,
              18.9430769
            ],
            [
              72.8321641,
              18.9431835
            ],
            [
              72.8321405,
              18.9431476
            ],
            [
              72.8321128,
              18.9431631
            ],
            [
              72.8317038,
              18.9426487
            ],
            [
              72.8314214,
              18.9422969
            ],
            [
              72.8324878,
              18.9415447
            ],
            [
              72.8327955,
              18.9419915
            ]
          ]
        ]
      },
      "id": "way/207376648"
    },
    {
      "type": "Feature",
      "properties": {
        "@id": "way/207376653",
        "addr:city": "Mumbai",
        "addr:postcode": "400001",
        "addr:street": "Lockmanya Talik Marg",
        "amenity": "school",
        "name": "St. Xavier's High School",
        "wikidata": "Q7592184",
        "wikipedia": "en:St. Xavier's High School, Fort"
      },
      "geometry": {
        "type": "Polygon",
        "coordinates": [
          [
            [
              72.829785,
              18.9441358
            ],
            [
              72.8302022,
              18.9437756
            ],
            [
              72.8307044,
              18.9442276
            ],
            [
              72.8309033,
              18.9440142
            ],
            [
              72.8312302,
              18.9443333
            ],
            [
              72.8309156,
              18.9447231
            ],
            [
              72.8306845,
              18.9450094
            ],
            [
              72.829785,
              18.9441358
            ]
          ]
        ]
      },
      "id": "way/207376653"
    },
    {
      "type": "Feature",
      "properties": {
        "@id": "way/207376654",
        "addr:district": "Mumbai",
        "addr:full": "Near Police Commissioners Office, Lokmanya Tilak Road, G. P. O.",
        "addr:postcode": "400001",
        "addr:state": "Maharashtra",
        "amenity": "hospital",
        "healthcare": "hospital",
        "name": "गोकुळदास तेजपाल रुग्णालय",
        "name:en": "Gokuldas Tejpal Hospital",
        "source": "OpenGovernmentData"
      },
      "geometry": {
        "type": "Polygon",
        "coordinates": [
          [
            [
              72.8311988,
              18.9449475
            ],
            [
              72.8309513,
              18.9452136
            ],
            [
              72.8306845,
              18.9450094
            ],
            [
              72.8309156,
              18.9447231
            ],
            [
              72.8312302,
              18.9443333
            ],
            [
              72.8316354,
              18.9438209
            ],
            [
              72.8325766,
              18.9446033
            ],
            [
              72.8327425,
              18.9450085
            ],
            [
              72.8321158,
              18.9456638
            ],
            [
              72.8311988,
              18.9449475
            ]
          ]
        ]
      },
      "id": "way/207376654"
    },
    {
      "type": "Feature",
      "properties": {
        "@id": "way/207380909",
        "amenity": "school",
        "check_date": "2026-03-12",
        "name": "Anjuman-I-Islam's Allana English High School"
      },
      "geometry": {
        "type": "Polygon",
        "coordinates": [
          [
            [
              72.834374,
              18.9429791
            ],
            [
              72.8338398,
              18.942888
            ],
            [
              72.8338981,
              18.9425564
            ],
            [
              72.8339781,
              18.9425725
            ],
            [
              72.8340776,
              18.9421017
            ],
            [
              72.8344964,
              18.9421664
            ],
            [
              72.834374,
              18.9429791
            ]
          ]
        ]
      },
      "id": "way/207380909"
    },
    {
      "type": "Feature",
      "properties": {
        "@id": "way/219426802",
        "amenity": "school",
        "check_date": "2026-03-20",
        "name": "Happy Home and School for the Blind",
        "school": "blind",
        "source": "GPS"
      },
      "geometry": {
        "type": "Polygon",
        "coordinates": [
          [
            [
              72.8141433,
              18.9906266
            ],
            [
              72.8140772,
              18.9897491
            ],
            [
              72.8144302,
              18.989731
            ],
            [
              72.8144894,
              18.9906005
            ],
            [
              72.8141433,
              18.9906266
            ]
          ]
        ]
      },
      "id": "way/219426802"
    },
    {
      "type": "Feature",
      "properties": {
        "@id": "way/222784833",
        "addr:city": "MUMBAI",
        "addr:postcode": "400089",
        "addr:street": "Prakash Thorat Marg",
        "amenity": "school",
        "building": "apartments",
        "name": "Dr. Babasaheb Ambedkar High School AND GRAND NALANDA HALL",
        "operator": "Brihanmumbai Municipal Corporation"
      },
      "geometry": {
        "type": "Polygon",
        "coordinates": [
          [
            [
              72.8998434,
              19.063539
            ],
            [
              72.8998151,
              19.0634854
            ],
            [
              72.9002894,
              19.063273
            ],
            [
              72.9005407,
              19.063828
            ],
            [
              72.9000861,
              19.0640105
            ],
            [
              72.8998434,
              19.063539
            ]
          ]
        ]
      },
      "id": "way/222784833"
    },
    {
      "type": "Feature",
      "properties": {
        "@id": "way/222972580",
        "addr:city": "Chembur, Mumbai",
        "addr:housename": "St. Gregorios High School",
        "addr:postcode": "400071",
        "addr:street": "Gregorios Path",
        "amenity": "school",
        "name": "St. Gregorios High School",
        "note": "ICSE School",
        "operator": "St. Gregorios Education & Medical Trust",
        "website": "http://stgregorios.school/"
      },
      "geometry": {
        "type": "Polygon",
        "coordinates": [
          [
            [
              72.9023893,
              19.0507746
            ],
            [
              72.9023839,
              19.0501864
            ],
            [
              72.9024536,
              19.0497807
            ],
            [
              72.9027219,
              19.0498314
            ],
            [
              72.902636,
              19.0502168
            ],
            [
              72.9026521,
              19.0507239
            ],
            [
              72.9023893,
              19.0507746
            ]
          ]
        ]
      },
      "id": "way/222972580"
    },
    {
      "type": "Feature",
      "properties": {
        "@id": "way/222973447",
        "amenity": "school",
        "name": "St. Anthony's Girls High School"
      },
      "geometry": {
        "type": "Polygon",
        "coordinates": [
          [
            [
              72.9040092,
              19.0551194
            ],
            [
              72.9040107,
              19.0552831
            ],
            [
              72.9037146,
              19.0552856
            ],
            [
              72.9037181,
              19.0556646
            ],
            [
              72.9035392,
              19.0556661
            ],
            [
              72.9035384,
              19.055583
            ],
            [
              72.9032546,
              19.0555853
            ],
            [
              72.9032568,
              19.0558188
            ],
            [
              72.9027821,
              19.0558228
            ],
            [
              72.9027756,
              19.0551297
            ],
            [
              72.9040092,
              19.0551194
            ]
          ]
        ]
      },
      "id": "way/222973447"
    },
    {
      "type": "Feature",
      "properties": {
        "@id": "way/222978456",
        "addr:city": "Chembur, Mumbai",
        "addr:postcode": "400071",
        "addr:street": "Road No 19",
        "amenity": "school",
        "name": "General Education Academy"
      },
      "geometry": {
        "type": "Polygon",
        "coordinates": [
          [
            [
              72.8995174,
              19.0596381
            ],
            [
              72.8995871,
              19.0598358
            ],
            [
              72.8992223,
              19.0599981
            ],
            [
              72.899292,
              19.0602212
            ],
            [
              72.8992277,
              19.0602465
            ],
            [
              72.8990828,
              19.0598003
            ],
            [
              72.8995174,
              19.0596381
            ]
          ]
        ]
      },
      "id": "way/222978456"
    },
    {
      "type": "Feature",
      "properties": {
        "@id": "way/229636994",
        "addr:city": "Mumbai",
        "addr:street": "60 Feet Road",
        "amenity": "hospital",
        "building": "apartments",
        "healthcare": "hospital",
        "name": "Dharavi Hospital"
      },
      "geometry": {
        "type": "Polygon",
        "coordinates": [
          [
            [
              72.8516797,
              19.0398203
            ],
            [
              72.8517654,
              19.0397825
            ],
            [
              72.8517823,
              19.0398168
            ],
            [
              72.8518687,
              19.0397788
            ],
            [
              72.8518517,
              19.0397443
            ],
            [
              72.8519241,
              19.0397125
            ],
            [
              72.8519923,
              19.0398508
            ],
            [
              72.8518437,
              19.0399161
            ],
            [
              72.8519556,
              19.0401434
            ],
            [
              72.8521082,
              19.0400762
            ],
            [
              72.8521823,
              19.0402266
            ],
            [
              72.8519339,
              19.040336
            ],
            [
              72.8516797,
              19.0398203
            ]
          ]
        ]
      },
      "id": "way/229636994"
    },
    {
      "type": "Feature",
      "properties": {
        "@id": "way/229637665",
        "amenity": "school",
        "name": "Kamaraj School",
        "name:etymology:wikidata": "Q522048"
      },
      "geometry": {
        "type": "Polygon",
        "coordinates": [
          [
            [
              72.855438,
              19.0416023
            ],
            [
              72.8552449,
              19.0412474
            ],
            [
              72.8555619,
              19.0411776
            ],
            [
              72.8556687,
              19.0413894
            ],
            [
              72.855438,
              19.0416023
            ]
          ]
        ]
      },
      "id": "way/229637665"
    },
    {
      "type": "Feature",
      "properties": {
        "@id": "way/230784609",
        "amenity": "school",
        "name": "Saint Joseph's High School",
        "operator:type": "religious",
        "religion": "christian"
      },
      "geometry": {
        "type": "Polygon",
        "coordinates": [
          [
            [
              72.8264768,
              19.1077415
            ],
            [
              72.8264377,
              19.1076093
            ],
            [
              72.8264352,
              19.1075209
            ],
            [
              72.8265264,
              19.1058558
            ],
            [
              72.8265664,
              19.1056287
            ],
            [
              72.8266683,
              19.1050824
            ],
            [
              72.8267343,
              19.1050194
            ],
            [
              72.8269649,
              19.104959
            ],
            [
              72.8270134,
              19.1049668
            ],
            [
              72.8270483,
              19.1049887
            ],
            [
              72.8270524,
              19.1050282
            ],
            [
              72.8269942,
              19.1053992
            ],
            [
              72.8267008,
              19.1077319
            ],
            [
              72.8264768,
              19.1077415
            ]
          ]
        ]
      },
      "id": "way/230784609"
    },
    {
      "type": "Feature",
      "properties": {
        "@id": "way/235772566",
        "addr:city": "Mumbai",
        "addr:postcode": "400049",
        "addr:street": "Vidyanidhi Marg",
        "amenity": "school",
        "name": "Vidyanidhi School"
      },
      "geometry": {
        "type": "Polygon",
        "coordinates": [
          [
            [
              72.8327397,
              19.1122581
            ],
            [
              72.8325191,
              19.1118471
            ],
            [
              72.8325711,
              19.1118045
            ],
            [
              72.8326235,
              19.1117538
            ],
            [
              72.8326461,
              19.1116401
            ],
            [
              72.8326299,
              19.1115445
            ],
            [
              72.8325939,
              19.1114561
            ],
            [
              72.8330147,
              19.1112773
            ],
            [
              72.8331132,
              19.1115312
            ],
            [
              72.8331043,
              19.1118147
            ],
            [
              72.8329698,
              19.1120776
            ],
            [
              72.8327397,
              19.1122581
            ]
          ]
        ]
      },
      "id": "way/235772566"
    },
    {
      "type": "Feature",
      "properties": {
        "@id": "way/236596238",
        "amenity": "school",
        "check_date": "2026-03-20",
        "name": "Lion's Pioneer High School"
      },
      "geometry": {
        "type": "Polygon",
        "coordinates": [
          [
            [
              72.8545632,
              19.0302822
            ],
            [
              72.8544913,
              19.0307338
            ],
            [
              72.8544408,
              19.0307467
            ],
            [
              72.8543884,
              19.0307246
            ],
            [
              72.8542155,
              19.0303409
            ],
            [
              72.8544427,
              19.0302656
            ],
            [
              72.8545632,
              19.0302822
            ]
          ]
        ]
      },
      "id": "way/236596238"
    },
    {
      "type": "Feature",
      "properties": {
        "@id": "way/236596241",
        "amenity": "school",
        "check_date": "2026-03-20"
      },
      "geometry": {
        "type": "Polygon",
        "coordinates": [
          [
            [
              72.8547069,
              19.0296689
            ],
            [
              72.853829,
              19.0295698
            ],
            [
              72.8536193,
              19.0291603
            ],
            [
              72.8536523,
              19.0291328
            ],
            [
              72.8547438,
              19.0292889
            ],
            [
              72.854769,
              19.0293256
            ],
            [
              72.8547069,
              19.0296689
            ]
          ]
        ]
      },
      "id": "way/236596241"
    },
    {
      "type": "Feature",
      "properties": {
        "@id": "way/236631072",
        "amenity": "school",
        "isced:level": "1;2;3",
        "name": "Our Lady Of Salvation School",
        "school:gender": "male"
      },
      "geometry": {
        "type": "Polygon",
        "coordinates": [
          [
            [
              72.8353954,
              19.0178753
            ],
            [
              72.8352369,
              19.0179297
            ],
            [
              72.8352757,
              19.0180612
            ],
            [
              72.8351927,
              19.0180858
            ],
            [
              72.8352864,
              19.0184923
            ],
            [
              72.8351427,
              19.0185135
            ],
            [
              72.835044,
              19.0181596
            ],
            [
              72.8346053,
              19.0182392
            ],
            [
              72.8343923,
              19.0174739
            ],
            [
              72.8351233,
              19.0171948
            ],
            [
              72.8353954,
              19.0178753
            ]
          ]
        ]
      },
      "id": "way/236631072"
    },
    {
      "type": "Feature",
      "properties": {
        "@id": "way/236631074",
        "alt_name": "People's Education Society",
        "amenity": "school",
        "isced:level": "1;2;3",
        "name": "Maharashtra High School Number 2"
      },
      "geometry": {
        "type": "Polygon",
        "coordinates": [
          [
            [
              72.8347758,
              19.0172602
            ],
            [
              72.8342406,
              19.0175165
            ],
            [
              72.8340946,
              19.017408
            ],
            [
              72.8341552,
              19.0172962
            ],
            [
              72.8342662,
              19.0171841
            ],
            [
              72.8346545,
              19.0170319
            ],
            [
              72.8347758,
              19.0172602
            ]
          ]
        ]
      },
      "id": "way/236631074"
    },
    {
      "type": "Feature",
      "properties": {
        "@id": "way/237025763",
        "addr:city": "Bandra, Mumbai",
        "addr:postcode": "400050",
        "addr:street": "Manuel Gonsalves Road",
        "amenity": "school",
        "name": "St Joseph's Convent (Girls School)"
      },
      "geometry": {
        "type": "Polygon",
        "coordinates": [
          [
            [
              72.8301867,
              19.0552555
            ],
            [
              72.8307582,
              19.0554015
            ],
            [
              72.8306192,
              19.0560195
            ],
            [
              72.8308045,
              19.0560633
            ],
            [
              72.8307376,
              19.0574063
            ],
            [
              72.8300153,
              19.0573401
            ],
            [
              72.8300201,
              19.0572305
            ],
            [
              72.8298217,
              19.057207
            ],
            [
              72.8299043,
              19.0565889
            ],
            [
              72.8300683,
              19.0553626
            ],
            [
              72.8301867,
              19.0552555
            ]
          ]
        ]
      },
      "id": "way/237025763"
    },
    {
      "type": "Feature",
      "properties": {
        "@id": "way/255363714",
        "addr:city": "Bandra, Mumbai",
        "addr:postcode": "400050",
        "addr:street": "Chapel Road",
        "amenity": "school",
        "building": "school",
        "name": "St. Aloysius High School"
      },
      "geometry": {
        "type": "Polygon",
        "coordinates": [
          [
            [
              72.8278779,
              19.0509986
            ],
            [
              72.8277893,
              19.0509881
            ],
            [
              72.827733,
              19.0509399
            ],
            [
              72.8277614,
              19.0507661
            ],
            [
              72.8277413,
              19.0507394
            ],
            [
              72.8277654,
              19.0506814
            ],
            [
              72.8278801,
              19.0505977
            ],
            [
              72.8279556,
              19.050656
            ],
            [
              72.8283426,
              19.050698
            ],
            [
              72.8283338,
              19.0507705
            ],
            [
              72.8281353,
              19.050749
            ],
            [
              72.8281299,
              19.0507933
            ],
            [
              72.8279493,
              19.0507737
            ],
            [
              72.8278508,
              19.0508541
            ],
            [
              72.8278779,
              19.0509986
            ]
          ]
        ]
      },
      "id": "way/255363714"
    },
    {
      "type": "Feature",
      "properties": {
        "@id": "way/255369903",
        "addr:city": "Mumbai",
        "addr:postcode": "400050",
        "addr:suburb": "Bandra West",
        "amenity": "school",
        "building": "school",
        "name": "St. Anne's High School",
        "phone": "+ 91 22 2648 6273",
        "website": "https://stannehighschool.org/"
      },
      "geometry": {
        "type": "Polygon",
        "coordinates": [
          [
            [
              72.8260814,
              19.0643161
            ],
            [
              72.8259604,
              19.0640618
            ],
            [
              72.8259952,
              19.0640475
            ],
            [
              72.8259559,
              19.0639678
            ],
            [
              72.8260734,
              19.0639161
            ],
            [
              72.8261094,
              19.0639893
            ],
            [
              72.8262233,
              19.0639392
            ],
            [
              72.8263319,
              19.0641596
            ],
            [
              72.8262539,
              19.0641939
            ],
            [
              72.8262759,
              19.0642385
            ],
            [
              72.8260814,
              19.0643161
            ]
          ]
        ]
      },
      "id": "way/255369903"
    },
    {
      "type": "Feature",
      "properties": {
        "@id": "way/257073104",
        "addr:city": "Mumbai",
        "amenity": "school",
        "building": "yes",
        "name": "Mahim Police Colony Municipal School"
      },
      "geometry": {
        "type": "Polygon",
        "coordinates": [
          [
            [
              72.8415265,
              19.0478691
            ],
            [
              72.8413509,
              19.047824
            ],
            [
              72.8414314,
              19.047544
            ],
            [
              72.841607,
              19.0475891
            ],
            [
              72.8415265,
              19.0478691
            ]
          ]
        ]
      },
      "id": "way/257073104"
    },
    {
      "type": "Feature",
      "properties": {
        "@id": "way/257479165",
        "addr:district": "Mumbai",
        "addr:full": "Vashi",
        "addr:postcode": "400703",
        "addr:state": "Maharashtra",
        "amenity": "hospital",
        "emergency": "yes",
        "name": "L H Fortis Hospital",
        "source": "OpenGovernmentData"
      },
      "geometry": {
        "type": "Polygon",
        "coordinates": [
          [
            [
              72.9969617,
              19.0833514
            ],
            [
              72.9960826,
              19.0839364
            ],
            [
              72.9950919,
              19.0827854
            ],
            [
              72.9960687,
              19.0821345
            ],
            [
              72.9969617,
              19.0833514
            ]
          ]
        ]
      },
      "id": "way/257479165"
    },
    {
      "type": "Feature",
      "properties": {
        "@id": "way/260786332",
        "addr:city": "Mumbai",
        "addr:district": "Mumbai",
        "addr:full": "Kirol Road, Off LBS Road, Kurla (West)",
        "addr:housename": "Kohinoor Hospital",
        "addr:postcode": "400070",
        "addr:state": "Maharashtra",
        "addr:street": "Kirol Road, Off LBS Marg, Patelwadi",
        "amenity": "hospital",
        "contact:phone": "2267556766",
        "email": "info@kohinoorhospitals.in",
        "healthcare": "hospital",
        "name": "Crtiti Care Asia Hospital",
        "operator:type": "private",
        "source": "OpenGovernmentData",
        "website": "https://www.kohinoorhospitals.in/"
      },
      "geometry": {
        "type": "Polygon",
        "coordinates": [
          [
            [
              72.8863946,
              19.0764767
            ],
            [
              72.8856074,
              19.0758981
            ],
            [
              72.8857324,
              19.075722
            ],
            [
              72.8858573,
              19.0755458
            ],
            [
              72.8866663,
              19.07613
            ],
            [
              72.8863946,
              19.0764767
            ]
          ]
        ]
      },
      "id": "way/260786332"
    },
    {
      "type": "Feature",
      "properties": {
        "@id": "way/266289391",
        "addr:city": "Mumbai",
        "addr:street": "Juhu Tara Road",
        "amenity": "school",
        "building": "yes",
        "name": "Dilkhush Special School"
      },
      "geometry": {
        "type": "Polygon",
        "coordinates": [
          [
            [
              72.8284093,
              19.0999164
            ],
            [
              72.8280641,
              19.0998841
            ],
            [
              72.8281146,
              19.0995364
            ],
            [
              72.8284696,
              19.0995625
            ],
            [
              72.8284093,
              19.0999164
            ]
          ]
        ]
      },
      "id": "way/266289391"
    },
    {
      "type": "Feature",
      "properties": {
        "@id": "way/279196737",
        "addr:city": "Mumbai",
        "addr:housenumber": "New Mandala",
        "addr:postcode": "400094",
        "addr:street": "V.N. Purav Marg",
        "amenity": "school",
        "check_date": "2024-04-26",
        "name": "Atomic Energy Central School V"
      },
      "geometry": {
        "type": "Polygon",
        "coordinates": [
          [
            [
              72.9329644,
              19.0385569
            ],
            [
              72.932633,
              19.0378678
            ],
            [
              72.9328849,
              19.0376673
            ],
            [
              72.9336625,
              19.0376506
            ],
            [
              72.9337817,
              19.0384358
            ],
            [
              72.9329644,
              19.0385569
            ]
          ]
        ]
      },
      "id": "way/279196737"
    },
    {
      "type": "Feature",
      "properties": {
        "@id": "way/286014465",
        "addr:city": "Mumbai",
        "addr:postcode": "400011",
        "addr:street": "N M Joshi Marg",
        "amenity": "school",
        "building": "yes",
        "building:levels": "3",
        "education": "school",
        "name": "Byculla School"
      },
      "geometry": {
        "type": "Polygon",
        "coordinates": [
          [
            [
              72.8321455,
              18.9811401
            ],
            [
              72.8321563,
              18.9806811
            ],
            [
              72.8326244,
              18.9806822
            ],
            [
              72.832627,
              18.9811472
            ],
            [
              72.8321455,
              18.9811401
            ]
          ]
        ]
      },
      "id": "way/286014465"
    },
    {
      "type": "Feature",
      "properties": {
        "@id": "way/287817832",
        "amenity": "school",
        "name": "Christ Academy School KK"
      },
      "geometry": {
        "type": "Polygon",
        "coordinates": [
          [
            [
              72.9977095,
              19.0997797
            ],
            [
              72.9979176,
              19.0990978
            ],
            [
              72.9978646,
              19.0987672
            ],
            [
              72.9986026,
              19.0988362
            ],
            [
              72.9982472,
              19.0999338
            ],
            [
              72.9977095,
              19.0997797
            ]
          ]
        ]
      },
      "id": "way/287817832"
    },
    {
      "type": "Feature",
      "properties": {
        "@id": "way/288426456",
        "addr:city": "Mumbai",
        "addr:postcode": "400004",
        "addr:street": "Sadashiva Cross Lane",
        "amenity": "school",
        "building": "yes",
        "building:levels": "5",
        "name": "Chikitsak Samuh High School"
      },
      "geometry": {
        "type": "Polygon",
        "coordinates": [
          [
            [
              72.8212706,
              18.9550121
            ],
            [
              72.8215377,
              18.9550029
            ],
            [
              72.8215523,
              18.9552662
            ],
            [
              72.8212918,
              18.9552739
            ],
            [
              72.8212706,
              18.9550121
            ]
          ]
        ]
      },
      "id": "way/288426456"
    },
    {
      "type": "Feature",
      "properties": {
        "@id": "way/288426702",
        "addr:city": "Mumbai",
        "addr:district": "Mumbai",
        "addr:full": "8-10 S V Sovani Path Conwest Jain Clinic Chowk Khadilkar Road Girgaum",
        "addr:postcode": "400004",
        "addr:state": "Maharashtra",
        "addr:street": "Kotachi Wadi",
        "amenity": "hospital",
        "building": "hospital",
        "building:levels": "6",
        "healthcare": "hospital",
        "healthcare:speciality": "general",
        "name": "Conwest And Manjula S. Badani Jain Hospital",
        "source": "OpenGovernmentData",
        "website": "https://www.cmjhospital.in/"
      },
      "geometry": {
        "type": "Polygon",
        "coordinates": [
          [
            [
              72.8210141,
              18.9546271
            ],
            [
              72.8212241,
              18.9546933
            ],
            [
              72.8212193,
              18.9548643
            ],
            [
              72.8209701,
              18.9548273
            ],
            [
              72.8210141,
              18.9546271
            ]
          ]
        ]
      },
      "id": "way/288426702"
    },
    {
      "type": "Feature",
      "properties": {
        "@id": "way/288446227",
        "addr:city": "Mumbai",
        "addr:district": "Mumbai",
        "addr:full": "Padmashri Gordhanbapa Chowk, Raja Ram Mohan Roy Road Girgaon",
        "addr:postcode": "400004",
        "addr:state": "Maharashtra",
        "addr:street": "Raja Ram Mohan Roy Road (Charni Road)",
        "amenity": "hospital",
        "building": "hospital",
        "building:levels": "15",
        "healthcare": "hospital",
        "name": "Sir H. N. Hospital & Research Centre;Sir H.N Reliance foundation hospital",
        "outdoor_seating": "no",
        "source": "OpenGovernmentData",
        "wikidata": "Q16892546",
        "wikimedia_commons": "Category:Sir H. N. Reliance Foundation Hospital",
        "wikipedia": "en:Sir H. N. Reliance Foundation Hospital"
      },
      "geometry": {
        "type": "Polygon",
        "coordinates": [
          [
            [
              72.8199678,
              18.9590027
            ],
            [
              72.8200554,
              18.9590167
            ],
            [
              72.8201484,
              18.9584952
            ],
            [
              72.8203529,
              18.9585278
            ],
            [
              72.8202014,
              18.9593771
            ],
            [
              72.8201011,
              18.9593611
            ],
            [
              72.820094,
              18.9594007
            ],
            [
              72.8200032,
              18.9593862
            ],
            [
              72.8199944,
              18.9594351
            ],
            [
              72.8198935,
              18.9594189
            ],
            [
              72.8199678,
              18.9590027
            ]
          ]
        ]
      },
      "id": "way/288446227"
    },
    {
      "type": "Feature",
      "properties": {
        "@id": "way/291324679",
        "amenity": "school"
      },
      "geometry": {
        "type": "Polygon",
        "coordinates": [
          [
            [
              72.8453152,
              19.0614335
            ],
            [
              72.8461761,
              19.0613263
            ],
            [
              72.8461961,
              19.0623441
            ],
            [
              72.8455298,
              19.0623969
            ],
            [
              72.8454708,
              19.0622726
            ],
            [
              72.8454413,
              19.0621332
            ],
            [
              72.8453152,
              19.0614335
            ]
          ]
        ]
      },
      "id": "way/291324679"
    },
    {
      "type": "Feature",
      "properties": {
        "@id": "way/307395924",
        "addr:city": "MUMBAI",
        "addr:housenumber": "F sector U 3 Line Room No 1",
        "addr:postcode": "400088",
        "addr:street": "M G Ramchandran Marg",
        "amenity": "school",
        "name": "Sana Classes",
        "operator": "Kutty Sana Asar"
      },
      "geometry": {
        "type": "Polygon",
        "coordinates": [
          [
            [
              72.9470264,
              19.0405291
            ],
            [
              72.9471015,
              19.0404539
            ],
            [
              72.9471731,
              19.0404924
            ],
            [
              72.9471786,
              19.0405842
            ],
            [
              72.9470264,
              19.0405291
            ]
          ]
        ]
      },
      "id": "way/307395924"
    },
    {
      "type": "Feature",
      "properties": {
        "@id": "way/307396170",
        "addr:city": "Mumbai",
        "addr:postcode": "400088",
        "addr:street": "M G Ramchandran Marg",
        "amenity": "school",
        "name": "Azad High School and jr.college"
      },
      "geometry": {
        "type": "Polygon",
        "coordinates": [
          [
            [
              72.9486202,
              19.0409351
            ],
            [
              72.948545,
              19.0408683
            ],
            [
              72.9486511,
              19.0406219
            ],
            [
              72.9489073,
              19.0406845
            ],
            [
              72.9488234,
              19.0409476
            ],
            [
              72.9486202,
              19.0409351
            ]
          ]
        ]
      },
      "id": "way/307396170"
    },
    {
      "type": "Feature",
      "properties": {
        "@id": "way/314399835",
        "amenity": "school",
        "name": "saraswati vidyalaya school....",
        "name:en": "road no 11...find by keviv"
      },
      "geometry": {
        "type": "Polygon",
        "coordinates": [
          [
            [
              72.8991502,
              19.0568084
            ],
            [
              72.8987937,
              19.0568298
            ],
            [
              72.898771,
              19.0564916
            ],
            [
              72.8991427,
              19.0564693
            ],
            [
              72.8991502,
              19.0568084
            ]
          ]
        ]
      },
      "id": "way/314399835"
    },
    {
      "type": "Feature",
      "properties": {
        "@id": "way/314529387",
        "amenity": "school",
        "name": "BMC School no 1"
      },
      "geometry": {
        "type": "Polygon",
        "coordinates": [
          [
            [
              72.9187087,
              19.0628029
            ],
            [
              72.9183985,
              19.0621281
            ],
            [
              72.9190019,
              19.0618813
            ],
            [
              72.9193185,
              19.06257
            ],
            [
              72.9190735,
              19.0626742
            ],
            [
              72.9190606,
              19.0626455
            ],
            [
              72.9187087,
              19.0628029
            ]
          ]
        ]
      },
      "id": "way/314529387"
    },
    {
      "type": "Feature",
      "properties": {
        "@id": "way/315440477",
        "addr:city": "mumbai",
        "addr:postcode": "400043",
        "amenity": "school",
        "name": "Gyan Sampada High School"
      },
      "geometry": {
        "type": "Polygon",
        "coordinates": [
          [
            [
              72.9213452,
              19.0607717
            ],
            [
              72.9214847,
              19.0610709
            ],
            [
              72.9204896,
              19.0615247
            ],
            [
              72.9200175,
              19.0614638
            ],
            [
              72.9213452,
              19.0607717
            ]
          ]
        ]
      },
      "id": "way/315440477"
    },
    {
      "type": "Feature",
      "properties": {
        "@id": "way/315441156",
        "addr:city": "mumbai",
        "addr:postcode": "400043",
        "amenity": "school",
        "name": "Municipal School"
      },
      "geometry": {
        "type": "Polygon",
        "coordinates": [
          [
            [
              72.9226944,
              19.0610481
            ],
            [
              72.9232791,
              19.0607844
            ],
            [
              72.9235178,
              19.0613345
            ],
            [
              72.9229223,
              19.0615982
            ],
            [
              72.9226944,
              19.0610481
            ]
          ]
        ]
      },
      "id": "way/315441156"
    },
    {
      "type": "Feature",
      "properties": {
        "@id": "way/315448033",
        "addr:district": "Mumbai",
        "addr:full": "Govandi Slums, Nirankar Nagar, Shivaji Nagar, Mumbai",
        "addr:postcode": "400043",
        "addr:state": "Maharashtra",
        "amenity": "hospital",
        "check_date": "2025-03-26",
        "name": "Rajeev Gandhi Medical Centre",
        "name:etymology:wikidata": "Q4593",
        "operator": "GOVT Dr",
        "source": "Local Knowledge"
      },
      "geometry": {
        "type": "Polygon",
        "coordinates": [
          [
            [
              72.922163,
              19.0694984
            ],
            [
              72.9218717,
              19.0689462
            ],
            [
              72.9220954,
              19.0688224
            ],
            [
              72.9223936,
              19.0687005
            ],
            [
              72.922551,
              19.069459
            ],
            [
              72.922163,
              19.0694984
            ]
          ]
        ]
      },
      "id": "way/315448033"
    },
    {
      "type": "Feature",
      "properties": {
        "@id": "way/315510913",
        "addr:city": "Mumbai",
        "addr:housenumber": "Postal Colony",
        "addr:postcode": "400071",
        "addr:street": "Postal Colony Road",
        "amenity": "hospital",
        "healthcare": "hospital",
        "name": "Maa General Hospital",
        "phone": "+91 22 25220333"
      },
      "geometry": {
        "type": "Polygon",
        "coordinates": [
          [
            [
              72.89652,
              19.0623929
            ],
            [
              72.8962411,
              19.0616527
            ],
            [
              72.8964946,
              19.0615728
            ],
            [
              72.8967534,
              19.0623004
            ],
            [
              72.89652,
              19.0623929
            ]
          ]
        ]
      },
      "id": "way/315510913"
    },
    {
      "type": "Feature",
      "properties": {
        "@id": "way/325704860",
        "amenity": "school",
        "name": "Lokmanya Tilak International School",
        "name:etymology:wikidata": "Q312555"
      },
      "geometry": {
        "type": "Polygon",
        "coordinates": [
          [
            [
              73.007996,
              19.1079402
            ],
            [
              73.0084865,
              19.1063752
            ],
            [
              73.0087736,
              19.1064556
            ],
            [
              73.0082832,
              19.1080205
            ],
            [
              73.007996,
              19.1079402
            ]
          ]
        ]
      },
      "id": "way/325704860"
    },
    {
      "type": "Feature",
      "properties": {
        "@id": "way/332516150",
        "addr:city": "Mumbai",
        "addr:housenumber": "68",
        "addr:street": "Walkeshwar Road",
        "amenity": "school",
        "building": "yes",
        "building:levels": "6",
        "name": "Gopi Birla Memorial School"
      },
      "geometry": {
        "type": "Polygon",
        "coordinates": [
          [
            [
              72.8031952,
              18.9521697
            ],
            [
              72.8033221,
              18.9519961
            ],
            [
              72.8033639,
              18.9519375
            ],
            [
              72.8035576,
              18.952061
            ],
            [
              72.8033912,
              18.9522946
            ],
            [
              72.8031952,
              18.9521697
            ]
          ]
        ]
      },
      "id": "way/332516150"
    },
    {
      "type": "Feature",
      "properties": {
        "@id": "way/345152623",
        "addr:city": "mumbai",
        "addr:postcode": "400072",
        "addr:street": "Yogiraj street",
        "amenity": "school",
        "name": "Y.s.k Vidyalaya",
        "operator": "Yadav Sangh Mumbai"
      },
      "geometry": {
        "type": "Polygon",
        "coordinates": [
          [
            [
              72.886665,
              19.0953392
            ],
            [
              72.8867041,
              19.0950284
            ],
            [
              72.8867725,
              19.0950376
            ],
            [
              72.8868214,
              19.0953423
            ],
            [
              72.886665,
              19.0953392
            ]
          ]
        ]
      },
      "id": "way/345152623"
    },
    {
      "type": "Feature",
      "properties": {
        "@id": "way/345154806",
        "addr:city": "Mumabi",
        "addr:postcode": "400072",
        "addr:street": "90 Feet Road",
        "amenity": "school",
        "landuse": "education",
        "name": "St. Judes High school"
      },
      "geometry": {
        "type": "Polygon",
        "coordinates": [
          [
            [
              72.8854752,
              19.0933926
            ],
            [
              72.8854604,
              19.0930833
            ],
            [
              72.8866312,
              19.0930618
            ],
            [
              72.8865655,
              19.0933913
            ],
            [
              72.8865151,
              19.0933914
            ],
            [
              72.8854752,
              19.0933926
            ]
          ]
        ]
      },
      "id": "way/345154806"
    },
    {
      "type": "Feature",
      "properties": {
        "@id": "way/346412074",
        "amenity": "school",
        "name": "Karnatak School"
      },
      "geometry": {
        "type": "Polygon",
        "coordinates": [
          [
            [
              72.9064914,
              19.0565562
            ],
            [
              72.9065227,
              19.0561756
            ],
            [
              72.9072229,
              19.0562447
            ],
            [
              72.9069669,
              19.0568699
            ],
            [
              72.9064914,
              19.0565562
            ]
          ]
        ]
      },
      "id": "way/346412074"
    },
    {
      "type": "Feature",
      "properties": {
        "@id": "way/346412155",
        "amenity": "school",
        "name": "BMC school"
      },
      "geometry": {
        "type": "Polygon",
        "coordinates": [
          [
            [
              72.9072059,
              19.0557336
            ],
            [
              72.9068955,
              19.0556206
            ],
            [
              72.9069321,
              19.0555404
            ],
            [
              72.9072252,
              19.0556516
            ],
            [
              72.9072059,
              19.0557336
            ]
          ]
        ]
      },
      "id": "way/346412155"
    },
    {
      "type": "Feature",
      "properties": {
        "@id": "way/347008744",
        "addr:city": "Mumbai",
        "amenity": "school",
        "building": "school",
        "name": "muncipal school"
      },
      "geometry": {
        "type": "Polygon",
        "coordinates": [
          [
            [
              72.9085549,
              19.0527203
            ],
            [
              72.9085908,
              19.0525346
            ],
            [
              72.9087608,
              19.0525576
            ],
            [
              72.9087357,
              19.0527983
            ],
            [
              72.9085549,
              19.0527203
            ]
          ]
        ]
      },
      "id": "way/347008744"
    },
    {
      "type": "Feature",
      "properties": {
        "@id": "way/347010736",
        "addr:street": "Jagannath Shankarsheth Marg",
        "amenity": "school",
        "building": "yes",
        "name": "Aryan E.S. High School",
        "wikidata": "Q4802640"
      },
      "geometry": {
        "type": "Polygon",
        "coordinates": [
          [
            [
              72.8173629,
              18.9558896
            ],
            [
              72.8175498,
              18.9562738
            ],
            [
              72.8173989,
              18.9563374
            ],
            [
              72.8172168,
              18.9559616
            ],
            [
              72.8173629,
              18.9558896
            ]
          ]
        ]
      },
      "id": "way/347010736"
    },
    {
      "type": "Feature",
      "properties": {
        "@id": "way/347012133",
        "addr:city": "Mumbai",
        "addr:postcode": "400004",
        "addr:street": "Sardar Vallabhbhai Patel Marg (Sandhurst Road)",
        "amenity": "school",
        "building": "yes",
        "name": "Marwari Vidyalaya High School"
      },
      "geometry": {
        "type": "Polygon",
        "coordinates": [
          [
            [
              72.8177542,
              18.957366
            ],
            [
              72.8178134,
              18.9572088
            ],
            [
              72.817904,
              18.9571366
            ],
            [
              72.8180511,
              18.9571799
            ],
            [
              72.8180631,
              18.9571481
            ],
            [
              72.8181937,
              18.9571822
            ],
            [
              72.8181636,
              18.9572686
            ],
            [
              72.8182845,
              18.9573106
            ],
            [
              72.8182089,
              18.95751
            ],
            [
              72.8177542,
              18.957366
            ]
          ]
        ]
      },
      "id": "way/347012133"
    },
    {
      "type": "Feature",
      "properties": {
        "@id": "way/347016272",
        "amenity": "school",
        "name": "Geeta Vikas High School"
      },
      "geometry": {
        "type": "Polygon",
        "coordinates": [
          [
            [
              72.9218813,
              19.0628466
            ],
            [
              72.921604,
              19.0623578
            ],
            [
              72.9220133,
              19.0621859
            ],
            [
              72.9221354,
              19.0624466
            ],
            [
              72.9222965,
              19.0623808
            ],
            [
              72.9224052,
              19.0626024
            ],
            [
              72.9218813,
              19.0628466
            ]
          ]
        ]
      },
      "id": "way/347016272"
    },
    {
      "type": "Feature",
      "properties": {
        "@id": "way/352336913",
        "addr:city": "Mumbai",
        "amenity": "school",
        "building": "yes",
        "name": "Sion Municipality school"
      },
      "geometry": {
        "type": "Polygon",
        "coordinates": [
          [
            [
              72.8604775,
              19.0337084
            ],
            [
              72.8606363,
              19.0336366
            ],
            [
              72.8609652,
              19.0342864
            ],
            [
              72.8608413,
              19.0343424
            ],
            [
              72.8608027,
              19.0342662
            ],
            [
              72.8607939,
              19.0342702
            ],
            [
              72.8607796,
              19.034242
            ],
            [
              72.8607623,
              19.0342498
            ],
            [
              72.8607212,
              19.0341684
            ],
            [
              72.860696,
              19.0341798
            ],
            [
              72.8606725,
              19.0341335
            ],
            [
              72.8606889,
              19.0341261
            ],
            [
              72.8604775,
              19.0337084
            ]
          ]
        ]
      },
      "id": "way/352336913"
    },
    {
      "type": "Feature",
      "properties": {
        "@id": "way/353139106",
        "addr:city": "Mumbai",
        "addr:district": "MUMBAI",
        "addr:full": "Hill Side Avenue, Hiranandani Gardens, Powai",
        "addr:postcode": "400076",
        "addr:state": "Maharashtra",
        "amenity": "hospital",
        "building": "yes",
        "contact:mobile": "9619597757",
        "contact:phone": "02225763355;02225763356;02225763357;02225763344;02225763311",
        "email": "wecare@hiranandanihospital.org",
        "emergency": "yes",
        "fax": "022 25763344",
        "healthcare": "hospital",
        "name": "Dr. L. H. Hiranandani Hospital",
        "opening_hours": "24/7",
        "operator:type": "ngo",
        "source": "OpenGovernmentData",
        "website": "https://www.hiranandanihospital.org"
      },
      "geometry": {
        "type": "Polygon",
        "coordinates": [
          [
            [
              72.9172368,
              19.1210592
            ],
            [
              72.9171094,
              19.1210925
            ],
            [
              72.9170719,
              19.1210283
            ],
            [
              72.9169889,
              19.1208599
            ],
            [
              72.9168786,
              19.1206506
            ],
            [
              72.9169067,
              19.1205569
            ],
            [
              72.916834,
              19.1203754
            ],
            [
              72.9166566,
              19.1199248
            ],
            [
              72.9165471,
              19.1196328
            ],
            [
              72.9165154,
              19.1195522
            ],
            [
              72.9165097,
              19.1194659
            ],
            [
              72.9167307,
              19.1196767
            ],
            [
              72.9169426,
              19.1199252
            ],
            [
              72.9173107,
              19.120384
            ],
            [
              72.9175821,
              19.1207223
            ],
            [
              72.9175925,
              19.1209386
            ],
            [
              72.9172368,
              19.1210592
            ]
          ]
        ]
      },
      "id": "way/353139106"
    },
    {
      "type": "Feature",
      "properties": {
        "@id": "way/353174274",
        "addr:city": "mumbai",
        "addr:district": "Mumbai",
        "addr:full": "Sagar Palace B Wing, Sonapur Lane, F.P.P. Marg, Off L B S Marg, Kurla (W)",
        "addr:postcode": "400070",
        "addr:state": "Maharashtra",
        "addr:street": "father peter periera road",
        "amenity": "hospital",
        "building": "yes",
        "building:levels": "4",
        "healthcare": "hospital",
        "name": "City Hospital and Reserch Centre",
        "source": "OpenGovernmentData"
      },
      "geometry": {
        "type": "Polygon",
        "coordinates": [
          [
            [
              72.8818513,
              19.0811378
            ],
            [
              72.8818542,
              19.0810341
            ],
            [
              72.8818558,
              19.0809784
            ],
            [
              72.8819702,
              19.0809813
            ],
            [
              72.8819715,
              19.0809387
            ],
            [
              72.8820782,
              19.0809415
            ],
            [
              72.8820724,
              19.0811435
            ],
            [
              72.8818513,
              19.0811378
            ]
          ]
        ]
      },
      "id": "way/353174274"
    },
    {
      "type": "Feature",
      "properties": {
        "@id": "way/353175766",
        "amenity": "school",
        "building": "yes",
        "isced:level": "1;2;3",
        "name": "Sane Guruji Vidyalaya",
        "name:etymology:wikidata": "Q55769"
      },
      "geometry": {
        "type": "Polygon",
        "coordinates": [
          [
            [
              72.8357772,
              19.0226959
            ],
            [
              72.8359092,
              19.022638
            ],
            [
              72.8359595,
              19.0227406
            ],
            [
              72.8360032,
              19.0227215
            ],
            [
              72.835978,
              19.0226701
            ],
            [
              72.8361279,
              19.0226044
            ],
            [
              72.8362274,
              19.0228073
            ],
            [
              72.8361066,
              19.0228603
            ],
            [
              72.8361283,
              19.0229047
            ],
            [
              72.8360413,
              19.0229429
            ],
            [
              72.8360195,
              19.0228984
            ],
            [
              72.8359019,
              19.02295
            ],
            [
              72.8357772,
              19.0226959
            ]
          ]
        ]
      },
      "id": "way/353175766"
    },
    {
      "type": "Feature",
      "properties": {
        "@id": "way/353203398",
        "amenity": "school",
        "building": "yes",
        "education": "school",
        "name": "KK Marg Municipal School",
        "operator": "Brihanmumbai Municipal Corporation",
        "operator:type": "public/government"
      },
      "geometry": {
        "type": "Polygon",
        "coordinates": [
          [
            [
              72.8222444,
              18.9662089
            ],
            [
              72.8221906,
              18.9661888
            ],
            [
              72.8222048,
              18.9661547
            ],
            [
              72.8221837,
              18.9661468
            ],
            [
              72.8222033,
              18.9660998
            ],
            [
              72.8221598,
              18.9660836
            ],
            [
              72.8221768,
              18.966043
            ],
            [
              72.8221608,
              18.966037
            ],
            [
              72.8222297,
              18.9658719
            ],
            [
              72.8222003,
              18.9658609
            ],
            [
              72.8222249,
              18.9658019
            ],
            [
              72.8223887,
              18.965863
            ],
            [
              72.8222444,
              18.9662089
            ]
          ]
        ]
      },
      "id": "way/353203398"
    },
    {
      "type": "Feature",
      "properties": {
        "@id": "way/353351784",
        "addr:city": "Mumbai",
        "amenity": "school",
        "building": "yes",
        "name": "Saint Xavier's Boys Academy",
        "school:gender": "male"
      },
      "geometry": {
        "type": "Polygon",
        "coordinates": [
          [
            [
              72.8279151,
              18.9359845
            ],
            [
              72.8279362,
              18.935721
            ],
            [
              72.8281842,
              18.9357388
            ],
            [
              72.8281631,
              18.9360023
            ],
            [
              72.8279151,
              18.9359845
            ]
          ]
        ]
      },
      "id": "way/353351784"
    },
    {
      "type": "Feature",
      "properties": {
        "@id": "way/353351803",
        "addr:city": "Mumbai",
        "amenity": "school",
        "building": "yes",
        "name": "Bombay International School (Junior)"
      },
      "geometry": {
        "type": "Polygon",
        "coordinates": [
          [
            [
              72.8283109,
              18.9355247
            ],
            [
              72.8283243,
              18.9352776
            ],
            [
              72.8285268,
              18.9352874
            ],
            [
              72.8285133,
              18.9355346
            ],
            [
              72.8283109,
              18.9355247
            ]
          ]
        ]
      },
      "id": "way/353351803"
    },
    {
      "type": "Feature",
      "properties": {
        "@id": "way/353353382",
        "addr:district": "Mumbai City",
        "addr:full": "Everest Building, 156, Tardeo Road, Tardeo, Mumbai",
        "addr:postcode": "400034",
        "addr:state": "Maharastra",
        "amenity": "hospital",
        "building": "hospital",
        "building:levels": "10",
        "healthcare": "hospital",
        "name": "Apollo Spectra Hospitals",
        "source": "Local Knowledge"
      },
      "geometry": {
        "type": "Polygon",
        "coordinates": [
          [
            [
              72.8144936,
              18.9705711
            ],
            [
              72.8145184,
              18.97029
            ],
            [
              72.8144992,
              18.9702884
            ],
            [
              72.8145063,
              18.9702078
            ],
            [
              72.8145439,
              18.9702108
            ],
            [
              72.8145466,
              18.9701803
            ],
            [
              72.8145749,
              18.9701825
            ],
            [
              72.814571,
              18.9702262
            ],
            [
              72.8147374,
              18.9702393
            ],
            [
              72.8147066,
              18.970588
            ],
            [
              72.8144936,
              18.9705711
            ]
          ]
        ]
      },
      "id": "way/353353382"
    },
    {
      "type": "Feature",
      "properties": {
        "@id": "way/353354801",
        "amenity": "school",
        "building": "apartments",
        "building:levels": "8",
        "name": "Podar International School"
      },
      "geometry": {
        "type": "Polygon",
        "coordinates": [
          [
            [
              72.814023,
              18.9973513
            ],
            [
              72.8141037,
              18.9972474
            ],
            [
              72.8143035,
              18.9973862
            ],
            [
              72.8142227,
              18.9974901
            ],
            [
              72.814023,
              18.9973513
            ]
          ]
        ]
      },
      "id": "way/353354801"
    },
    {
      "type": "Feature",
      "properties": {
        "@id": "way/353355120",
        "amenity": "school",
        "building": "yes",
        "building:levels": "10",
        "name": "Manav Mandir Primary School"
      },
      "geometry": {
        "type": "Polygon",
        "coordinates": [
          [
            [
              72.796707,
              18.949176
            ],
            [
              72.7966116,
              18.9490067
            ],
            [
              72.7967208,
              18.9489516
            ],
            [
              72.7966928,
              18.9489018
            ],
            [
              72.7969745,
              18.9487597
            ],
            [
              72.7970454,
              18.9488855
            ],
            [
              72.796947,
              18.9489351
            ],
            [
              72.7969347,
              18.9489132
            ],
            [
              72.7967533,
              18.9490047
            ],
            [
              72.7968182,
              18.9491198
            ],
            [
              72.796707,
              18.949176
            ]
          ]
        ]
      },
      "id": "way/353355120"
    },
    {
      "type": "Feature",
      "properties": {
        "@id": "way/353355481",
        "addr:city": "mumbai",
        "addr:district": "Mumbai Suburban",
        "addr:postcode": "400057",
        "addr:street": "Ramabai Chemburkar Marg",
        "amenity": "school",
        "building": "yes",
        "grades": "1-12",
        "name": "PTV Marathi medium",
        "opening_hours": "Mo-Fr 08:00-17:00"
      },
      "geometry": {
        "type": "Polygon",
        "coordinates": [
          [
            [
              72.8474175,
              19.1040596
            ],
            [
              72.8479819,
              19.1041495
            ],
            [
              72.8479558,
              19.1042959
            ],
            [
              72.8473913,
              19.104206
            ],
            [
              72.8474175,
              19.1040596
            ]
          ]
        ]
      },
      "id": "way/353355481"
    },
    {
      "type": "Feature",
      "properties": {
        "@id": "way/353364856",
        "amenity": "school",
        "building": "yes",
        "name": "Sir Jacob Sasoon High School"
      },
      "geometry": {
        "type": "Polygon",
        "coordinates": [
          [
            [
              72.8323194,
              18.9671012
            ],
            [
              72.8323135,
              18.9669656
            ],
            [
              72.8324879,
              18.9669588
            ],
            [
              72.8324938,
              18.9670944
            ],
            [
              72.8323194,
              18.9671012
            ]
          ]
        ]
      },
      "id": "way/353364856"
    },
    {
      "type": "Feature",
      "properties": {
        "@id": "way/353364903",
        "addr:city": "Chembur, Mumbai",
        "addr:postcode": "400074",
        "addr:street": "TEC Niwas Sthan Road",
        "amenity": "school",
        "building": "school",
        "name": "Jawahar Vidya Bhawan"
      },
      "geometry": {
        "type": "Polygon",
        "coordinates": [
          [
            [
              72.8972924,
              19.0393762
            ],
            [
              72.8973239,
              19.0391082
            ],
            [
              72.8972642,
              19.0391019
            ],
            [
              72.8972884,
              19.0388957
            ],
            [
              72.8974504,
              19.0389127
            ],
            [
              72.8974442,
              19.0389658
            ],
            [
              72.8977947,
              19.0390026
            ],
            [
              72.8977541,
              19.039348
            ],
            [
              72.8973985,
              19.0393107
            ],
            [
              72.8973896,
              19.0393865
            ],
            [
              72.8972924,
              19.0393762
            ]
          ]
        ]
      },
      "id": "way/353364903"
    },
    {
      "type": "Feature",
      "properties": {
        "@id": "way/353364906",
        "addr:city": "Chembur, Mumbai",
        "addr:postcode": "400074",
        "addr:street": "Ramakrishna Chemburkar Marg (Ghatkopar Mahul Road)",
        "amenity": "school",
        "building": "school",
        "name": "St. Sebastian's High School",
        "website": "http://www.sebastians.in/"
      },
      "geometry": {
        "type": "Polygon",
        "coordinates": [
          [
            [
              72.8977302,
              19.0395651
            ],
            [
              72.8983607,
              19.0395687
            ],
            [
              72.8983596,
              19.0397448
            ],
            [
              72.8982664,
              19.0397443
            ],
            [
              72.8982668,
              19.0396697
            ],
            [
              72.8981732,
              19.0396691
            ],
            [
              72.8981722,
              19.0398208
            ],
            [
              72.89784,
              19.0398189
            ],
            [
              72.8978407,
              19.0397053
            ],
            [
              72.8977819,
              19.039705
            ],
            [
              72.8977821,
              19.0396644
            ],
            [
              72.8977296,
              19.0396641
            ],
            [
              72.8977302,
              19.0395651
            ]
          ]
        ]
      },
      "id": "way/353364906"
    },
    {
      "type": "Feature",
      "properties": {
        "@id": "way/353367058",
        "addr:city": "Mumbai",
        "addr:country": "IN",
        "addr:state": "Maharashtra",
        "addr:street": "Relief Road",
        "amenity": "school",
        "building": "yes",
        "name": "L S Raheja School",
        "opening_hours": "Mo-Fr 11:00-17:30; Sa 11:00-14:30; PH off"
      },
      "geometry": {
        "type": "Polygon",
        "coordinates": [
          [
            [
              72.8331026,
              19.0862785
            ],
            [
              72.832655,
              19.0862483
            ],
            [
              72.832567,
              19.0857798
            ],
            [
              72.8327291,
              19.085723
            ],
            [
              72.8327972,
              19.0860679
            ],
            [
              72.8330948,
              19.0861151
            ],
            [
              72.8331026,
              19.0862785
            ]
          ]
        ]
      },
      "id": "way/353367058"
    },
    {
      "type": "Feature",
      "properties": {
        "@id": "way/353377165",
        "amenity": "school",
        "building": "yes",
        "name": "B.K.M. High School"
      },
      "geometry": {
        "type": "Polygon",
        "coordinates": [
          [
            [
              72.8074751,
              18.9561586
            ],
            [
              72.8072936,
              18.9562168
            ],
            [
              72.8072696,
              18.9561498
            ],
            [
              72.8072992,
              18.9561403
            ],
            [
              72.8072337,
              18.9559577
            ],
            [
              72.8073857,
              18.955909
            ],
            [
              72.8074751,
              18.9561586
            ]
          ]
        ]
      },
      "id": "way/353377165"
    },
    {
      "type": "Feature",
      "properties": {
        "@id": "way/353378830",
        "addr:city": "Mumbai",
        "addr:housenumber": "Sector - 7, CGS Colony",
        "addr:postcode": "400037",
        "addr:street": "Sheikh Misari Road",
        "amenity": "hospital",
        "check_date": "2026-03-20",
        "healthcare": "hospital",
        "name": "Sanjeevni hospital"
      },
      "geometry": {
        "type": "Polygon",
        "coordinates": [
          [
            [
              72.8682315,
              19.0278581
            ],
            [
              72.8682144,
              19.0277542
            ],
            [
              72.868275,
              19.0277452
            ],
            [
              72.8683552,
              19.0277334
            ],
            [
              72.8683723,
              19.0278374
            ],
            [
              72.8682315,
              19.0278581
            ]
          ]
        ]
      },
      "id": "way/353378830"
    },
    {
      "type": "Feature",
      "properties": {
        "@id": "way/353394683",
        "amenity": "school",
        "building": "yes",
        "name": "St. Agnes' High School"
      },
      "geometry": {
        "type": "Polygon",
        "coordinates": [
          [
            [
              72.8303646,
              18.9714001
            ],
            [
              72.8303643,
              18.9711607
            ],
            [
              72.8303638,
              18.970711
            ],
            [
              72.8305355,
              18.9707106
            ],
            [
              72.8305338,
              18.9705601
            ],
            [
              72.8303364,
              18.9705621
            ],
            [
              72.830337,
              18.970613
            ],
            [
              72.8302028,
              18.9706088
            ],
            [
              72.8302314,
              18.9703432
            ],
            [
              72.8302856,
              18.9703554
            ],
            [
              72.8302875,
              18.9703273
            ],
            [
              72.8303468,
              18.9703629
            ],
            [
              72.8306852,
              18.9703812
            ],
            [
              72.8306661,
              18.9705419
            ],
            [
              72.8306378,
              18.9705797
            ],
            [
              72.8306403,
              18.9708089
            ],
            [
              72.8305682,
              18.9708096
            ],
            [
              72.8305749,
              18.971398
            ],
            [
              72.8303646,
              18.9714001
            ]
          ]
        ]
      },
      "id": "way/353394683"
    },
    {
      "type": "Feature",
      "properties": {
        "@id": "way/353394704",
        "amenity": "school",
        "building": "yes",
        "building:levels": "4",
        "name": "E.E.E. Sassoon High School"
      },
      "geometry": {
        "type": "Polygon",
        "coordinates": [
          [
            [
              72.8306493,
              18.9671117
            ],
            [
              72.830648,
              18.9670029
            ],
            [
              72.8308912,
              18.9670002
            ],
            [
              72.8308925,
              18.967109
            ],
            [
              72.8306493,
              18.9671117
            ]
          ]
        ]
      },
      "id": "way/353394704"
    },
    {
      "type": "Feature",
      "properties": {
        "@id": "way/353395699",
        "amenity": "school",
        "building": "yes",
        "isced:level": "1;2;3",
        "name": "D Y Patil International School",
        "website": "https://www.dypisworli.in/"
      },
      "geometry": {
        "type": "Polygon",
        "coordinates": [
          [
            [
              72.8207991,
              19.0160962
            ],
            [
              72.821018,
              19.0156349
            ],
            [
              72.8211015,
              19.0156703
            ],
            [
              72.8211054,
              19.0156621
            ],
            [
              72.8211362,
              19.0156752
            ],
            [
              72.8211474,
              19.0156515
            ],
            [
              72.8213415,
              19.0157338
            ],
            [
              72.8212832,
              19.0158566
            ],
            [
              72.8210958,
              19.0157771
            ],
            [
              72.8210217,
              19.0159333
            ],
            [
              72.8211262,
              19.0159776
            ],
            [
              72.8211325,
              19.0159645
            ],
            [
              72.8212032,
              19.0159945
            ],
            [
              72.8211211,
              19.0161676
            ],
            [
              72.8209461,
              19.0160934
            ],
            [
              72.8209204,
              19.0161476
            ],
            [
              72.8207991,
              19.0160962
            ]
          ]
        ]
      },
      "id": "way/353395699"
    },
    {
      "type": "Feature",
      "properties": {
        "@id": "way/353396873",
        "amenity": "school",
        "building": "yes",
        "name": "St. Lawrence School",
        "name:en": "St. Lawrence School"
      },
      "geometry": {
        "type": "Polygon",
        "coordinates": [
          [
            [
              72.8341309,
              19.082187
            ],
            [
              72.8341327,
              19.082108
            ],
            [
              72.8343656,
              19.0821129
            ],
            [
              72.834364,
              19.082179
            ],
            [
              72.8343756,
              19.0821792
            ],
            [
              72.834372,
              19.0823293
            ],
            [
              72.8343045,
              19.0823279
            ],
            [
              72.8343054,
              19.0822901
            ],
            [
              72.8341951,
              19.0822878
            ],
            [
              72.8341975,
              19.0821884
            ],
            [
              72.8341309,
              19.082187
            ]
          ]
        ]
      },
      "id": "way/353396873"
    },
    {
      "type": "Feature",
      "properties": {
        "@id": "way/353402349",
        "addr:city": "Mumbai",
        "amenity": "school",
        "building": "yes",
        "isced:level": "2;3",
        "name": "Colaba Municipal Secondary School"
      },
      "geometry": {
        "type": "Polygon",
        "coordinates": [
          [
            [
              72.826388,
              18.9150189
            ],
            [
              72.8265968,
              18.9147987
            ],
            [
              72.8267732,
              18.9149483
            ],
            [
              72.826696,
              18.9150297
            ],
            [
              72.8266331,
              18.9149764
            ],
            [
              72.8265015,
              18.9151151
            ],
            [
              72.826388,
              18.9150189
            ]
          ]
        ]
      },
      "id": "way/353402349"
    },
    {
      "type": "Feature",
      "properties": {
        "@id": "way/353407984",
        "amenity": "school",
        "building": "yes",
        "building:levels": "7",
        "name": "Fellowship International School"
      },
      "geometry": {
        "type": "Polygon",
        "coordinates": [
          [
            [
              72.8109847,
              18.961473
            ],
            [
              72.8110763,
              18.961751
            ],
            [
              72.8110353,
              18.9617633
            ],
            [
              72.8110419,
              18.9617858
            ],
            [
              72.8109828,
              18.9618029
            ],
            [
              72.8109112,
              18.9616349
            ],
            [
              72.8109194,
              18.9616082
            ],
            [
              72.8109067,
              18.9615835
            ],
            [
              72.8107759,
              18.9616271
            ],
            [
              72.8108615,
              18.9618133
            ],
            [
              72.8107614,
              18.9618423
            ],
            [
              72.8106879,
              18.9616987
            ],
            [
              72.8106776,
              18.9617032
            ],
            [
              72.8106186,
              18.9615823
            ],
            [
              72.8109847,
              18.961473
            ]
          ]
        ]
      },
      "id": "way/353407984"
    },
    {
      "type": "Feature",
      "properties": {
        "@id": "way/353407985",
        "amenity": "school",
        "building": "yes",
        "building:levels": "7",
        "name": "Fellowship School"
      },
      "geometry": {
        "type": "Polygon",
        "coordinates": [
          [
            [
              72.8108913,
              18.9621477
            ],
            [
              72.8108118,
              18.9619748
            ],
            [
              72.8109038,
              18.9619362
            ],
            [
              72.8109305,
              18.9619585
            ],
            [
              72.8109768,
              18.9618936
            ],
            [
              72.8110149,
              18.9619239
            ],
            [
              72.8110601,
              18.9618665
            ],
            [
              72.8110779,
              18.9618953
            ],
            [
              72.8111086,
              18.9618605
            ],
            [
              72.8111382,
              18.9618817
            ],
            [
              72.8111795,
              18.9619836
            ],
            [
              72.8111795,
              18.962033
            ],
            [
              72.8111363,
              18.9620254
            ],
            [
              72.8111339,
              18.9620483
            ],
            [
              72.81107,
              18.9620374
            ],
            [
              72.8110654,
              18.962082
            ],
            [
              72.8109835,
              18.9620684
            ],
            [
              72.8109798,
              18.9621112
            ],
            [
              72.8108913,
              18.9621477
            ]
          ]
        ]
      },
      "id": "way/353407985"
    },
    {
      "type": "Feature",
      "properties": {
        "@id": "way/353407996",
        "amenity": "school",
        "building": "yes",
        "name": "DSB International School"
      },
      "geometry": {
        "type": "Polygon",
        "coordinates": [
          [
            [
              72.8080829,
              18.9573086
            ],
            [
              72.8079848,
              18.9570513
            ],
            [
              72.8081196,
              18.9570054
            ],
            [
              72.8082176,
              18.9572627
            ],
            [
              72.8080829,
              18.9573086
            ]
          ]
        ]
      },
      "id": "way/353407996"
    },
    {
      "type": "Feature",
      "properties": {
        "@id": "way/353408060",
        "amenity": "school",
        "building": "yes",
        "name": "St. Columba Marathi Primary School"
      },
      "geometry": {
        "type": "Polygon",
        "coordinates": [
          [
            [
              72.8123359,
              18.9616663
            ],
            [
              72.8122506,
              18.9614738
            ],
            [
              72.8123741,
              18.9614249
            ],
            [
              72.8124594,
              18.9616174
            ],
            [
              72.8123359,
              18.9616663
            ]
          ]
        ]
      },
      "id": "way/353408060"
    },
    {
      "type": "Feature",
      "properties": {
        "@id": "way/353408072",
        "addr:housenumber": "13",
        "addr:street": "N S Patkar Marg",
        "amenity": "school",
        "building": "yes",
        "name": "New Activity School"
      },
      "geometry": {
        "type": "Polygon",
        "coordinates": [
          [
            [
              72.8083284,
              18.9622357
            ],
            [
              72.8084092,
              18.9620313
            ],
            [
              72.8085993,
              18.9620985
            ],
            [
              72.8085185,
              18.962303
            ],
            [
              72.8083284,
              18.9622357
            ]
          ]
        ]
      },
      "id": "way/353408072"
    },
    {
      "type": "Feature",
      "properties": {
        "@id": "way/353411203",
        "amenity": "school",
        "name": "Christ Church School",
        "wikidata": "Q5108823",
        "wikipedia": "en:Christ Church School"
      },
      "geometry": {
        "type": "Polygon",
        "coordinates": [
          [
            [
              72.8313916,
              18.9698392
            ],
            [
              72.8313946,
              18.9696173
            ],
            [
              72.8314795,
              18.9696183
            ],
            [
              72.8314791,
              18.9696494
            ],
            [
              72.8317512,
              18.9696526
            ],
            [
              72.8317513,
              18.9696409
            ],
            [
              72.8319397,
              18.9696431
            ],
            [
              72.8319429,
              18.9698439
            ],
            [
              72.8318876,
              18.9698433
            ],
            [
              72.831887,
              18.9698875
            ],
            [
              72.8318133,
              18.9698867
            ],
            [
              72.8318139,
              18.9698429
            ],
            [
              72.8317962,
              18.9698427
            ],
            [
              72.831796,
              18.9698614
            ],
            [
              72.8316183,
              18.9698593
            ],
            [
              72.8316185,
              18.9698419
            ],
            [
              72.8313916,
              18.9698392
            ]
          ]
        ]
      },
      "id": "way/353411203"
    },
    {
      "type": "Feature",
      "properties": {
        "@id": "way/353418036",
        "amenity": "hospital",
        "healthcare": "hospital"
      },
      "geometry": {
        "type": "Polygon",
        "coordinates": [
          [
            [
              72.8400771,
              19.0798478
            ],
            [
              72.8401094,
              19.0797777
            ],
            [
              72.8402035,
              19.0798166
            ],
            [
              72.8402171,
              19.0797871
            ],
            [
              72.8403563,
              19.0798445
            ],
            [
              72.8402754,
              19.0800196
            ],
            [
              72.8400723,
              19.0799358
            ],
            [
              72.8401071,
              19.0798602
            ],
            [
              72.8400771,
              19.0798478
            ]
          ]
        ]
      },
      "id": "way/353418036"
    },
    {
      "type": "Feature",
      "properties": {
        "@id": "way/353424037",
        "amenity": "school",
        "building": "yes",
        "name": "Queen Mary's Girls School",
        "school:gender": "female"
      },
      "geometry": {
        "type": "Polygon",
        "coordinates": [
          [
            [
              72.8152439,
              18.9592962
            ],
            [
              72.8150967,
              18.9593721
            ],
            [
              72.815049,
              18.9592893
            ],
            [
              72.8151025,
              18.9592617
            ],
            [
              72.815035,
              18.9591444
            ],
            [
              72.8148118,
              18.9592594
            ],
            [
              72.814786,
              18.9592147
            ],
            [
              72.814758,
              18.959166
            ],
            [
              72.8148781,
              18.9591041
            ],
            [
              72.8148624,
              18.9590769
            ],
            [
              72.8150592,
              18.9589755
            ],
            [
              72.8152439,
              18.9592962
            ]
          ]
        ]
      },
      "id": "way/353424037"
    },
    {
      "type": "Feature",
      "properties": {
        "@id": "way/353750257",
        "addr:housenumber": "6",
        "addr:street": "Khan Abdul Gaffar Khan Marg",
        "amenity": "school",
        "building": "yes",
        "name": "Greenlawns School Worli",
        "wikidata": "Q5604266",
        "wikipedia": "en:Greenlawns School Worli"
      },
      "geometry": {
        "type": "Polygon",
        "coordinates": [
          [
            [
              72.8172061,
              19.0130177
            ],
            [
              72.8171874,
              19.0128751
            ],
            [
              72.8175194,
              19.0128362
            ],
            [
              72.8175382,
              19.0129788
            ],
            [
              72.8172061,
              19.0130177
            ]
          ]
        ]
      },
      "id": "way/353750257"
    },
    {
      "type": "Feature",
      "properties": {
        "@id": "way/353757972",
        "addr:city": "Mumbai",
        "addr:housenumber": "26",
        "addr:postcode": "400025",
        "addr:street": "Sasmira Marg, Municipal Colony, Shivaji Nagar, Worli",
        "amenity": "school",
        "building": "yes",
        "name": "Sacred Heart High School"
      },
      "geometry": {
        "type": "Polygon",
        "coordinates": [
          [
            [
              72.8191721,
              19.015012
            ],
            [
              72.8192092,
              19.0148817
            ],
            [
              72.8192959,
              19.0149038
            ],
            [
              72.8193055,
              19.0148703
            ],
            [
              72.8194862,
              19.0149163
            ],
            [
              72.8194437,
              19.0150653
            ],
            [
              72.8193187,
              19.0150334
            ],
            [
              72.8193145,
              19.0150482
            ],
            [
              72.8191721,
              19.015012
            ]
          ]
        ]
      },
      "id": "way/353757972"
    },
    {
      "type": "Feature",
      "properties": {
        "@id": "way/353758564",
        "addr:city": "Mumbai",
        "amenity": "school",
        "building": "yes",
        "name": "Dunne's Institute"
      },
      "geometry": {
        "type": "Polygon",
        "coordinates": [
          [
            [
              72.8223636,
              18.9130771
            ],
            [
              72.8224116,
              18.913127
            ],
            [
              72.8222746,
              18.9132449
            ],
            [
              72.8222266,
              18.9131949
            ],
            [
              72.8223636,
              18.9130771
            ]
          ]
        ]
      },
      "id": "way/353758564"
    },
    {
      "type": "Feature",
      "properties": {
        "@id": "way/353761087",
        "addr:housenumber": "4/B",
        "addr:street": "Kashibai Navrange Marg (Alexandra Road)",
        "amenity": "school",
        "building": "yes",
        "name": "The New Era School"
      },
      "geometry": {
        "type": "Polygon",
        "coordinates": [
          [
            [
              72.8091362,
              18.9620642
            ],
            [
              72.8089926,
              18.9620072
            ],
            [
              72.8090045,
              18.9619804
            ],
            [
              72.8087703,
              18.9618874
            ],
            [
              72.8087584,
              18.9619142
            ],
            [
              72.8085731,
              18.9618405
            ],
            [
              72.8086633,
              18.9616375
            ],
            [
              72.8087801,
              18.9616839
            ],
            [
              72.8087499,
              18.9617521
            ],
            [
              72.8088424,
              18.9617888
            ],
            [
              72.8088628,
              18.9617429
            ],
            [
              72.8090025,
              18.9617984
            ],
            [
              72.8089871,
              18.9618331
            ],
            [
              72.8092011,
              18.9619181
            ],
            [
              72.8091362,
              18.9620642
            ]
          ]
        ]
      },
      "id": "way/353761087"
    },
    {
      "type": "Feature",
      "properties": {
        "@id": "way/353761471",
        "addr:city": "Mumbai",
        "addr:postcode": "400057",
        "addr:street": "subhash road",
        "amenity": "school",
        "building": "yes",
        "name": "Mahila Sang"
      },
      "geometry": {
        "type": "Polygon",
        "coordinates": [
          [
            [
              72.8525299,
              19.1021902
            ],
            [
              72.8524318,
              19.1022163
            ],
            [
              72.8523791,
              19.1020397
            ],
            [
              72.8524771,
              19.1020136
            ],
            [
              72.8525299,
              19.1021902
            ]
          ]
        ]
      },
      "id": "way/353761471"
    },
    {
      "type": "Feature",
      "properties": {
        "@id": "way/353770780",
        "amenity": "hospital",
        "healthcare": "hospital",
        "name": "Seawoods Hospital"
      },
      "geometry": {
        "type": "Polygon",
        "coordinates": [
          [
            [
              73.0157168,
              19.0111891
            ],
            [
              73.0156052,
              19.0110747
            ],
            [
              73.0157703,
              19.0109308
            ],
            [
              73.0158819,
              19.0110452
            ],
            [
              73.0157168,
              19.0111891
            ]
          ]
        ]
      },
      "id": "way/353770780"
    },
    {
      "type": "Feature",
      "properties": {
        "@id": "way/353772277",
        "amenity": "hospital",
        "healthcare": "hospital",
        "name": "Maru Hospital"
      },
      "geometry": {
        "type": "Polygon",
        "coordinates": [
          [
            [
              72.8369875,
              18.9984289
            ],
            [
              72.8369918,
              18.9981659
            ],
            [
              72.83706,
              18.9981669
            ],
            [
              72.8370557,
              18.9984299
            ],
            [
              72.8369875,
              18.9984289
            ]
          ]
        ]
      },
      "id": "way/353772277"
    },
    {
      "type": "Feature",
      "properties": {
        "@id": "way/353789941",
        "addr:district": "Thane",
        "addr:full": "207-210, Nirman Vyapur Kendra, Plot No-10, Sector-17, Vashi, Navi Mumbai",
        "addr:postcode": "400703",
        "addr:state": "Maharashtra",
        "amenity": "hospital",
        "building": "yes",
        "name": "Jaydish Nursing Home",
        "source": "OpenGovernmentData"
      },
      "geometry": {
        "type": "Polygon",
        "coordinates": [
          [
            [
              72.9981587,
              19.0733243
            ],
            [
              72.9981481,
              19.073219
            ],
            [
              72.9984275,
              19.0731939
            ],
            [
              72.9984228,
              19.0731464
            ],
            [
              72.9981433,
              19.0731716
            ],
            [
              72.9981327,
              19.0730657
            ],
            [
              72.9985548,
              19.0730277
            ],
            [
              72.9985808,
              19.0732863
            ],
            [
              72.9981587,
              19.0733243
            ]
          ]
        ]
      },
      "id": "way/353789941"
    },
    {
      "type": "Feature",
      "properties": {
        "@id": "way/353790686",
        "amenity": "school",
        "building:levels": "7",
        "name": "Sitaram School"
      },
      "geometry": {
        "type": "Polygon",
        "coordinates": [
          [
            [
              72.8284074,
              18.9906883
            ],
            [
              72.8286264,
              18.9906058
            ],
            [
              72.8288526,
              18.9911422
            ],
            [
              72.8286394,
              18.9912225
            ],
            [
              72.8285796,
              18.9910806
            ],
            [
              72.8286984,
              18.9910359
            ],
            [
              72.8286558,
              18.9909347
            ],
            [
              72.828561,
              18.9909705
            ],
            [
              72.8285324,
              18.9909028
            ],
            [
              72.828632,
              18.9908652
            ],
            [
              72.8285868,
              18.990758
            ],
            [
              72.8284573,
              18.9908068
            ],
            [
              72.8284074,
              18.9906883
            ]
          ]
        ]
      },
      "id": "way/353790686"
    },
    {
      "type": "Feature",
      "properties": {
        "@id": "way/353799688",
        "amenity": "school",
        "building": "yes",
        "name": "N.M. Joshi Marg Municipal Secondary School"
      },
      "geometry": {
        "type": "Polygon",
        "coordinates": [
          [
            [
              72.83195,
              18.9908557
            ],
            [
              72.832116,
              18.9908561
            ],
            [
              72.8321157,
              18.9909665
            ],
            [
              72.8321944,
              18.9909667
            ],
            [
              72.8321946,
              18.9908563
            ],
            [
              72.8323414,
              18.9908566
            ],
            [
              72.832341,
              18.9909923
            ],
            [
              72.8323976,
              18.9909924
            ],
            [
              72.8323962,
              18.9915871
            ],
            [
              72.8319482,
              18.9915861
            ],
            [
              72.83195,
              18.9908557
            ]
          ]
        ]
      },
      "id": "way/353799688"
    },
    {
      "type": "Feature",
      "properties": {
        "@id": "way/353799754",
        "addr:district": "Mumbai",
        "addr:full": "Victoria Road, Cross Lane No.Iii, Byculla (E)",
        "addr:postcode": "400027",
        "addr:state": "Maharashtra",
        "amenity": "hospital",
        "name": "Balaji Hospital",
        "source": "OpenGovernmentData"
      },
      "geometry": {
        "type": "Polygon",
        "coordinates": [
          [
            [
              72.8351831,
              18.9774883
            ],
            [
              72.8351222,
              18.9770115
            ],
            [
              72.8355529,
              18.9769854
            ],
            [
              72.8355857,
              18.9774443
            ],
            [
              72.8351831,
              18.9774883
            ]
          ]
        ]
      },
      "id": "way/353799754"
    },
    {
      "type": "Feature",
      "properties": {
        "@id": "way/353825818",
        "amenity": "school",
        "building": "yes",
        "name": "Maratha High School"
      },
      "geometry": {
        "type": "Polygon",
        "coordinates": [
          [
            [
              72.8223564,
              19.0013023
            ],
            [
              72.8223105,
              19.0009867
            ],
            [
              72.8224112,
              19.0009736
            ],
            [
              72.8224095,
              19.0009626
            ],
            [
              72.8225384,
              19.0009458
            ],
            [
              72.8225505,
              19.0010285
            ],
            [
              72.8224903,
              19.0010363
            ],
            [
              72.8225063,
              19.0011464
            ],
            [
              72.8225431,
              19.0011416
            ],
            [
              72.8225626,
              19.0012755
            ],
            [
              72.8223564,
              19.0013023
            ]
          ]
        ]
      },
      "id": "way/353825818"
    },
    {
      "type": "Feature",
      "properties": {
        "@id": "way/353825842",
        "amenity": "school",
        "building": "yes",
        "name": "Ganpatrao Kadam Marg BMC School"
      },
      "geometry": {
        "type": "Polygon",
        "coordinates": [
          [
            [
              72.8241877,
              18.9980239
            ],
            [
              72.8241354,
              18.9980279
            ],
            [
              72.8241376,
              18.9980542
            ],
            [
              72.8240523,
              18.9980607
            ],
            [
              72.8240575,
              18.998122
            ],
            [
              72.8239631,
              18.9981292
            ],
            [
              72.8239606,
              18.9981001
            ],
            [
              72.8239476,
              18.9981011
            ],
            [
              72.8239422,
              18.9980385
            ],
            [
              72.8239588,
              18.9980372
            ],
            [
              72.8239544,
              18.997985
            ],
            [
              72.8240946,
              18.9979743
            ],
            [
              72.8240913,
              18.9979352
            ],
            [
              72.8240389,
              18.9979392
            ],
            [
              72.8240333,
              18.9978742
            ],
            [
              72.824042,
              18.9978735
            ],
            [
              72.8240366,
              18.9978096
            ],
            [
              72.8241025,
              18.9978046
            ],
            [
              72.8241005,
              18.9977818
            ],
            [
              72.8244566,
              18.9977545
            ],
            [
              72.8244798,
              18.9980259
            ],
            [
              72.8243876,
              18.9980329
            ],
            [
              72.8243722,
              18.9978528
            ],
            [
              72.8241744,
              18.9978679
            ],
            [
              72.8241877,
              18.9980239
            ]
          ]
        ]
      },
      "id": "way/353825842"
    },
    {
      "type": "Feature",
      "properties": {
        "@id": "way/353981991",
        "amenity": "hospital",
        "check_date": "2026-03-21",
        "healthcare": "hospital",
        "healthcare:speciality": "general",
        "name": "Kaizen Quro"
      },
      "geometry": {
        "type": "Polygon",
        "coordinates": [
          [
            [
              72.8547499,
              19.0784578
            ],
            [
              72.8547927,
              19.0782728
            ],
            [
              72.8552629,
              19.0783736
            ],
            [
              72.8551813,
              19.0785482
            ],
            [
              72.8551171,
              19.0785166
            ],
            [
              72.8551514,
              19.0784475
            ],
            [
              72.8548691,
              19.0783899
            ],
            [
              72.8548657,
              19.0784864
            ],
            [
              72.8547499,
              19.0784578
            ]
          ]
        ]
      },
      "id": "way/353981991"
    },
    {
      "type": "Feature",
      "properties": {
        "@id": "way/353995767",
        "amenity": "school",
        "building": "yes",
        "check_date": "2026-03-20",
        "education": "school",
        "name": "PES Maharashtra High School"
      },
      "geometry": {
        "type": "Polygon",
        "coordinates": [
          [
            [
              72.8315837,
              18.993873
            ],
            [
              72.8317257,
              18.9938787
            ],
            [
              72.8317154,
              18.9941024
            ],
            [
              72.8315736,
              18.9940966
            ],
            [
              72.8315837,
              18.993873
            ]
          ]
        ]
      },
      "id": "way/353995767"
    },
    {
      "type": "Feature",
      "properties": {
        "@id": "way/354015397",
        "amenity": "school",
        "building": "yes",
        "name": "Stephen High School For The Hearing Handicapped"
      },
      "geometry": {
        "type": "Polygon",
        "coordinates": [
          [
            [
              72.8315765,
              19.0167777
            ],
            [
              72.8319708,
              19.0166981
            ],
            [
              72.8319907,
              19.0167865
            ],
            [
              72.8319686,
              19.016791
            ],
            [
              72.831979,
              19.016837
            ],
            [
              72.8319302,
              19.0168469
            ],
            [
              72.8319223,
              19.0168119
            ],
            [
              72.8317541,
              19.0168459
            ],
            [
              72.831762,
              19.0168809
            ],
            [
              72.8317163,
              19.0168901
            ],
            [
              72.8317253,
              19.0169297
            ],
            [
              72.8316158,
              19.0169518
            ],
            [
              72.8315765,
              19.0167777
            ]
          ]
        ]
      },
      "id": "way/354015397"
    },
    {
      "type": "Feature",
      "properties": {
        "@id": "way/354041997",
        "amenity": "school",
        "building": "yes",
        "name": "Talchekar Wadi Municipal School And Hall"
      },
      "geometry": {
        "type": "Polygon",
        "coordinates": [
          [
            [
              72.8308686,
              18.9996058
            ],
            [
              72.830865,
              18.9992114
            ],
            [
              72.8309673,
              18.9992106
            ],
            [
              72.830971,
              18.999605
            ],
            [
              72.8308686,
              18.9996058
            ]
          ]
        ]
      },
      "id": "way/354041997"
    },
    {
      "type": "Feature",
      "properties": {
        "@id": "way/354237376",
        "addr:city": "Mumbai",
        "addr:postcode": "400054.",
        "addr:street": "Relief Road,Juhu,Satacruz(W)",
        "amenity": "school",
        "building": "school",
        "building:levels": "2",
        "name": "L S Raheja College Of Arts and Commerce",
        "opening_hours": "Mo-Sa 09:00-17:30,PH off"
      },
      "geometry": {
        "type": "Polygon",
        "coordinates": [
          [
            [
              72.832778,
              19.0856359
            ],
            [
              72.8325572,
              19.0856781
            ],
            [
              72.8325353,
              19.0855758
            ],
            [
              72.8326449,
              19.0855548
            ],
            [
              72.8326251,
              19.0854623
            ],
            [
              72.8325155,
              19.0854832
            ],
            [
              72.8324925,
              19.0853754
            ],
            [
              72.8326877,
              19.0853382
            ],
            [
              72.8327168,
              19.0854745
            ],
            [
              72.8327896,
              19.0854606
            ],
            [
              72.8328007,
              19.0855127
            ],
            [
              72.8332322,
              19.0859838
            ],
            [
              72.8332555,
              19.0859647
            ],
            [
              72.8332966,
              19.0860095
            ],
            [
              72.8332752,
              19.0860271
            ],
            [
              72.83327,
              19.0860214
            ],
            [
              72.8331906,
              19.0860864
            ],
            [
              72.832778,
              19.0856359
            ]
          ]
        ]
      },
      "id": "way/354237376"
    },
    {
      "type": "Feature",
      "properties": {
        "@id": "way/354262712",
        "amenity": "school",
        "building": "yes",
        "isced:level": "1;2;3",
        "name": "IES Modern English School"
      },
      "geometry": {
        "type": "Polygon",
        "coordinates": [
          [
            [
              72.8360194,
              19.0222179
            ],
            [
              72.8360713,
              19.0222026
            ],
            [
              72.8360652,
              19.0221843
            ],
            [
              72.8361676,
              19.022154
            ],
            [
              72.8362193,
              19.0223101
            ],
            [
              72.8362655,
              19.0222964
            ],
            [
              72.8362605,
              19.0222812
            ],
            [
              72.8364005,
              19.0222397
            ],
            [
              72.8364533,
              19.0223573
            ],
            [
              72.8361128,
              19.0224998
            ],
            [
              72.8360194,
              19.0222179
            ]
          ]
        ]
      },
      "id": "way/354262712"
    },
    {
      "type": "Feature",
      "properties": {
        "@id": "way/354262742",
        "amenity": "school",
        "building": "yes",
        "isced:level": "1;2;3",
        "name": "Nabar Guruji School"
      },
      "geometry": {
        "type": "Polygon",
        "coordinates": [
          [
            [
              72.8369139,
              19.0197946
            ],
            [
              72.8367454,
              19.0195148
            ],
            [
              72.8368514,
              19.0194578
            ],
            [
              72.8368771,
              19.0195005
            ],
            [
              72.8368949,
              19.019491
            ],
            [
              72.8369211,
              19.0195346
            ],
            [
              72.8369436,
              19.0195225
            ],
            [
              72.8369937,
              19.0196057
            ],
            [
              72.8369825,
              19.0196118
            ],
            [
              72.8370117,
              19.0196603
            ],
            [
              72.8369828,
              19.0196759
            ],
            [
              72.8370199,
              19.0197375
            ],
            [
              72.8369139,
              19.0197946
            ]
          ]
        ]
      },
      "id": "way/354262742"
    },
    {
      "type": "Feature",
      "properties": {
        "@id": "way/354262887",
        "amenity": "school",
        "building": "yes",
        "isced:level": "1;2;3",
        "name": "Gokhale Road Municipal School"
      },
      "geometry": {
        "type": "Polygon",
        "coordinates": [
          [
            [
              72.8349503,
              19.0168738
            ],
            [
              72.8349702,
              19.0168667
            ],
            [
              72.8349879,
              19.0169111
            ],
            [
              72.8349738,
              19.0169161
            ],
            [
              72.8349914,
              19.0169602
            ],
            [
              72.834774,
              19.0170376
            ],
            [
              72.8347387,
              19.0169491
            ],
            [
              72.8348657,
              19.0169039
            ],
            [
              72.8347712,
              19.0166664
            ],
            [
              72.8346315,
              19.0167161
            ],
            [
              72.8345945,
              19.0166231
            ],
            [
              72.8346771,
              19.0165937
            ],
            [
              72.8346698,
              19.0165755
            ],
            [
              72.8346949,
              19.0165666
            ],
            [
              72.8346889,
              19.0165515
            ],
            [
              72.8347209,
              19.0165402
            ],
            [
              72.8347066,
              19.0165044
            ],
            [
              72.8347291,
              19.0164963
            ],
            [
              72.8347271,
              19.0164866
            ],
            [
              72.83473,
              19.0164724
            ],
            [
              72.8347385,
              19.0164604
            ],
            [
              72.8347512,
              19.0164524
            ],
            [
              72.8347662,
              19.0164495
            ],
            [
              72.8347812,
              19.0164523
            ],
            [
              72.8347939,
              19.0164603
            ],
            [
              72.8348024,
              19.0164723
            ],
            [
              72.8348054,
              19.0164865
            ],
            [
              72.8348025,
              19.0165007
            ],
            [
              72.834802,
              19.0165014
            ],
            [
              72.8349503,
              19.0168738
            ]
          ]
        ]
      },
      "id": "way/354262887"
    },
    {
      "type": "Feature",
      "properties": {
        "@id": "way/354603255",
        "amenity": "school",
        "name": "Vidya Mandir School & College"
      },
      "geometry": {
        "type": "Polygon",
        "coordinates": [
          [
            [
              72.9344828,
              19.1175044
            ],
            [
              72.934401,
              19.1168457
            ],
            [
              72.9348811,
              19.116795
            ],
            [
              72.9351332,
              19.1174108
            ],
            [
              72.9344828,
              19.1175044
            ]
          ]
        ]
      },
      "id": "way/354603255"
    },
    {
      "type": "Feature",
      "properties": {
        "@id": "way/354604975",
        "amenity": "school",
        "name": "Rajiv Gandhi Maidan",
        "name:etymology:wikidata": "Q4593"
      },
      "geometry": {
        "type": "Polygon",
        "coordinates": [
          [
            [
              72.931278,
              19.1219089
            ],
            [
              72.9312536,
              19.1216324
            ],
            [
              72.9311642,
              19.1207642
            ],
            [
              72.9317089,
              19.1207028
            ],
            [
              72.9318797,
              19.1218475
            ],
            [
              72.931278,
              19.1219089
            ]
          ]
        ]
      },
      "id": "way/354604975"
    },
    {
      "type": "Feature",
      "properties": {
        "@id": "way/356004559",
        "addr:city": "Navi Mumbai",
        "addr:district": "Thane",
        "addr:housenumber": "F3,B wing",
        "addr:postcode": "400703",
        "addr:street": "1st floor, and, above Bank of Baroda(E Vijaya bank, near shabri hospital, Sector 10, Vashi",
        "amenity": "hospital",
        "contact:facebook": "https://www.facebook.com/dr.polsdentalclinic",
        "description": "Dr. Pol’s Smileline Dental Clinic in Vashi offers expert orthodontic and cosmetic care, including root canals, implants, braces, and aligners. With advanced technology and personalized treatment, we create healthy, confident smiles for all ages.",
        "healthcare": "hospital",
        "healthcare:speciality": "dentistry",
        "mobile": "917045123323",
        "name": "Dr. Pol's Smileline Dental Clinic",
        "opening_hours": "Mo-Sa 10:00-20:30",
        "operator": "Dr. Pol's",
        "operator:type": "private",
        "website": "https://www.smilelinedentalclinic.com/",
        "wheelchair": "no"
      },
      "geometry": {
        "type": "Polygon",
        "coordinates": [
          [
            [
              72.9992966,
              19.0814882
            ],
            [
              72.9994562,
              19.0816964
            ],
            [
              72.9993439,
              19.0817733
            ],
            [
              72.9991843,
              19.0815651
            ],
            [
              72.9992966,
              19.0814882
            ]
          ]
        ]
      },
      "id": "way/356004559"
    },
    {
      "type": "Feature",
      "properties": {
        "@id": "way/356187624",
        "amenity": "school",
        "building": "yes",
        "name": "M.S.P.T. High School"
      },
      "geometry": {
        "type": "Polygon",
        "coordinates": [
          [
            [
              72.8136948,
              18.9605982
            ],
            [
              72.8135268,
              18.9605724
            ],
            [
              72.8136002,
              18.9601458
            ],
            [
              72.8137681,
              18.9601716
            ],
            [
              72.8136948,
              18.9605982
            ]
          ]
        ]
      },
      "id": "way/356187624"
    },
    {
      "type": "Feature",
      "properties": {
        "@id": "way/356187783",
        "addr:street": "Allibhai Premji Marg (Foras Road)",
        "amenity": "school",
        "building": "yes",
        "check_date": "2026-03-20",
        "name": "Our Own High School"
      },
      "geometry": {
        "type": "Polygon",
        "coordinates": [
          [
            [
              72.8162009,
              18.9626212
            ],
            [
              72.8164152,
              18.9625367
            ],
            [
              72.8165039,
              18.9627379
            ],
            [
              72.8162874,
              18.9628211
            ],
            [
              72.8162009,
              18.9626212
            ]
          ]
        ]
      },
      "id": "way/356187783"
    },
    {
      "type": "Feature",
      "properties": {
        "@id": "way/356207224",
        "addr:city": "Mumbai",
        "amenity": "school",
        "building": "yes",
        "building:levels": "4",
        "name": "Ahmed Sailor High School"
      },
      "geometry": {
        "type": "Polygon",
        "coordinates": [
          [
            [
              72.8301411,
              18.9652487
            ],
            [
              72.8300287,
              18.9650588
            ],
            [
              72.8300805,
              18.9650108
            ],
            [
              72.8302169,
              18.9651625
            ],
            [
              72.8301411,
              18.9652487
            ]
          ]
        ]
      },
      "id": "way/356207224"
    },
    {
      "type": "Feature",
      "properties": {
        "@id": "way/356207236",
        "addr:city": "Mumbai",
        "addr:district": "Mumbai",
        "addr:postcode": "400009",
        "addr:street": "A N Surve Marg (Umerkhadi Road)",
        "amenity": "hospital",
        "emergency": "yes",
        "healthcare": "hospital",
        "healthcare:speciality": "gynaecology;radiology;orthodontics;emergency;maternity",
        "name": "umerkhadi hospital"
      },
      "geometry": {
        "type": "Polygon",
        "coordinates": [
          [
            [
              72.8365214,
              18.9615004
            ],
            [
              72.836482,
              18.961321
            ],
            [
              72.836653,
              18.9612873
            ],
            [
              72.8366924,
              18.9614668
            ],
            [
              72.8365214,
              18.9615004
            ]
          ]
        ]
      },
      "id": "way/356207236"
    },
    {
      "type": "Feature",
      "properties": {
        "@id": "way/356294784",
        "amenity": "school",
        "building": "yes",
        "name": "Navbharat School"
      },
      "geometry": {
        "type": "Polygon",
        "coordinates": [
          [
            [
              72.8442076,
              19.0060185
            ],
            [
              72.8442799,
              19.0057569
            ],
            [
              72.8444702,
              19.0058039
            ],
            [
              72.8443978,
              19.0060655
            ],
            [
              72.8442076,
              19.0060185
            ]
          ]
        ]
      },
      "id": "way/356294784"
    },
    {
      "type": "Feature",
      "properties": {
        "@id": "way/356294928",
        "amenity": "school",
        "building": "yes",
        "name": "Dr. D.B.Kulkarni Vidhyalay"
      },
      "geometry": {
        "type": "Polygon",
        "coordinates": [
          [
            [
              72.8447763,
              19.0101664
            ],
            [
              72.8448901,
              19.0101027
            ],
            [
              72.8450559,
              19.0103677
            ],
            [
              72.8449421,
              19.0104314
            ],
            [
              72.8447763,
              19.0101664
            ]
          ]
        ]
      },
      "id": "way/356294928"
    },
    {
      "type": "Feature",
      "properties": {
        "@id": "way/356454578",
        "addr:city": "Mumbai",
        "amenity": "school",
        "building": "yes",
        "name": "Mahim Mori Road Municipal Marathi School"
      },
      "geometry": {
        "type": "Polygon",
        "coordinates": [
          [
            [
              72.8423048,
              19.041972
            ],
            [
              72.8423948,
              19.0418724
            ],
            [
              72.8425694,
              19.0420136
            ],
            [
              72.8424794,
              19.0421131
            ],
            [
              72.8424213,
              19.0420662
            ],
            [
              72.8424644,
              19.0420185
            ],
            [
              72.8424027,
              19.0419686
            ],
            [
              72.8423596,
              19.0420162
            ],
            [
              72.8423048,
              19.041972
            ]
          ]
        ]
      },
      "id": "way/356454578"
    },
    {
      "type": "Feature",
      "properties": {
        "@id": "way/356530618",
        "amenity": "school",
        "building": "yes",
        "name": "Wadala High Primary Mahapalika Urdu School,"
      },
      "geometry": {
        "type": "Polygon",
        "coordinates": [
          [
            [
              72.8555563,
              19.0156375
            ],
            [
              72.8556307,
              19.015577
            ],
            [
              72.8556476,
              19.0155965
            ],
            [
              72.8556779,
              19.0155746
            ],
            [
              72.8556922,
              19.0155954
            ],
            [
              72.855706,
              19.0155882
            ],
            [
              72.8557305,
              19.0155864
            ],
            [
              72.8557346,
              19.0156247
            ],
            [
              72.8557617,
              19.0156211
            ],
            [
              72.8557676,
              19.015664
            ],
            [
              72.8557495,
              19.0156788
            ],
            [
              72.8557824,
              19.0157219
            ],
            [
              72.8556752,
              19.0157934
            ],
            [
              72.8555563,
              19.0156375
            ]
          ]
        ]
      },
      "id": "way/356530618"
    },
    {
      "type": "Feature",
      "properties": {
        "@id": "way/356531751",
        "addr:city": "Mumbai",
        "addr:postcode": "400059",
        "addr:street": "Maroshi Village Road, vijay nagar LT",
        "amenity": "hospital",
        "healthcare": "hospital",
        "name": "Gokul maternity and Surgical home"
      },
      "geometry": {
        "type": "Polygon",
        "coordinates": [
          [
            [
              72.8793975,
              19.1213876
            ],
            [
              72.8794014,
              19.1212894
            ],
            [
              72.8795619,
              19.1212951
            ],
            [
              72.879558,
              19.1213933
            ],
            [
              72.8793975,
              19.1213876
            ]
          ]
        ]
      },
      "id": "way/356531751"
    },
    {
      "type": "Feature",
      "properties": {
        "@id": "way/356531771",
        "addr:city": "Mumbai",
        "addr:housenumber": "LT 3/2+3+4 Sushrut Maternity Hospital, Ground Floor, Vijay Nagar",
        "addr:postcode": "400059",
        "addr:street": "Marol Maroshi Village Road",
        "amenity": "hospital",
        "description": "The Vein Center is a chain vascular clinic located in Mumbai, India that specializes in the diagnosis and treatment of varicose vein related disorders. As a vascular interventional radiology center, it offers a range of services for the non-surgical treat",
        "emergency": "yes",
        "healthcare": "hospital",
        "healthcare:speciality": "vascular_surgery",
        "name": "The Vein Center Andheri",
        "operator": "Dr Joshi Vein Center LLP",
        "operator:type": "private",
        "phone": "+918080866266",
        "source": "local knowledge",
        "start_date": "2013-01-03",
        "website": "https://tvcm.in"
      },
      "geometry": {
        "type": "Polygon",
        "coordinates": [
          [
            [
              72.8793747,
              19.1207491
            ],
            [
              72.8793732,
              19.1205859
            ],
            [
              72.8794505,
              19.1205853
            ],
            [
              72.8794521,
              19.1207484
            ],
            [
              72.8793747,
              19.1207491
            ]
          ]
        ]
      },
      "id": "way/356531771"
    },
    {
      "type": "Feature",
      "properties": {
        "@id": "way/357031569",
        "amenity": "school",
        "building": "yes",
        "name": "Sitaram Prakash High Scool"
      },
      "geometry": {
        "type": "Polygon",
        "coordinates": [
          [
            [
              72.8592006,
              19.018327
            ],
            [
              72.8591186,
              19.0181947
            ],
            [
              72.8594522,
              19.0180099
            ],
            [
              72.8595342,
              19.0181422
            ],
            [
              72.8592006,
              19.018327
            ]
          ]
        ]
      },
      "id": "way/357031569"
    },
    {
      "type": "Feature",
      "properties": {
        "@id": "way/357082821",
        "amenity": "school",
        "check_date": "2026-03-20",
        "landuse": "education",
        "name": "Trinity High School"
      },
      "geometry": {
        "type": "Polygon",
        "coordinates": [
          [
            [
              72.8605971,
              19.0347503
            ],
            [
              72.8608286,
              19.0345585
            ],
            [
              72.8611483,
              19.034934
            ],
            [
              72.8608984,
              19.035117
            ],
            [
              72.8605971,
              19.0347503
            ]
          ]
        ]
      },
      "id": "way/357082821"
    },
    {
      "type": "Feature",
      "properties": {
        "@id": "way/357112846",
        "addr:city": "Mumbai",
        "amenity": "school",
        "building": "yes",
        "check_date": "2026-03-20",
        "name": "Guru Nanak National High School"
      },
      "geometry": {
        "type": "Polygon",
        "coordinates": [
          [
            [
              72.8594951,
              19.0406618
            ],
            [
              72.8597456,
              19.0405123
            ],
            [
              72.8598566,
              19.0406785
            ],
            [
              72.8596061,
              19.0408281
            ],
            [
              72.8594951,
              19.0406618
            ]
          ]
        ]
      },
      "id": "way/357112846"
    },
    {
      "type": "Feature",
      "properties": {
        "@id": "way/357112933",
        "amenity": "school",
        "building": "yes",
        "check_date": "2026-03-20",
        "name": "Little Angels School"
      },
      "geometry": {
        "type": "Polygon",
        "coordinates": [
          [
            [
              72.8579797,
              19.0325847
            ],
            [
              72.8578785,
              19.0323626
            ],
            [
              72.8580945,
              19.0322747
            ],
            [
              72.8581968,
              19.0324991
            ],
            [
              72.8581398,
              19.0325223
            ],
            [
              72.8581123,
              19.032462
            ],
            [
              72.858051,
              19.032487
            ],
            [
              72.8580774,
              19.0325449
            ],
            [
              72.8579797,
              19.0325847
            ]
          ]
        ]
      },
      "id": "way/357112933"
    },
    {
      "type": "Feature",
      "properties": {
        "@id": "way/357187182",
        "amenity": "school",
        "building": "yes",
        "name": "Bombay Girls' High School"
      },
      "geometry": {
        "type": "Polygon",
        "coordinates": [
          [
            [
              72.8485249,
              19.0338273
            ],
            [
              72.8485208,
              19.0335112
            ],
            [
              72.8486011,
              19.0335103
            ],
            [
              72.8486052,
              19.0338264
            ],
            [
              72.8485249,
              19.0338273
            ]
          ]
        ]
      },
      "id": "way/357187182"
    },
    {
      "type": "Feature",
      "properties": {
        "@id": "way/357187290",
        "amenity": "school",
        "building": "yes",
        "name": "Shahu Nagar Municipal School"
      },
      "geometry": {
        "type": "Polygon",
        "coordinates": [
          [
            [
              72.8505981,
              19.0381502
            ],
            [
              72.8506544,
              19.0381019
            ],
            [
              72.8508372,
              19.038313
            ],
            [
              72.8507759,
              19.0383558
            ],
            [
              72.8505981,
              19.0381502
            ]
          ]
        ]
      },
      "id": "way/357187290"
    },
    {
      "type": "Feature",
      "properties": {
        "@id": "way/357360289",
        "addr:city": "Mumbai",
        "addr:district": "Mumbai",
        "addr:housenumber": "43",
        "addr:postcode": "400016",
        "addr:street": "Takandas H. Kataria Marg",
        "amenity": "hospital",
        "emergency": "yes",
        "healthcare": "hospital",
        "healthcare:speciality": "general",
        "name": "smriti narvekar",
        "opening_hours": "Mo-Fr 08:00-17:00"
      },
      "geometry": {
        "type": "Polygon",
        "coordinates": [
          [
            [
              72.8439357,
              19.031568
            ],
            [
              72.8438754,
              19.031304
            ],
            [
              72.8440563,
              19.0312671
            ],
            [
              72.8441167,
              19.031531
            ],
            [
              72.8439357,
              19.031568
            ]
          ]
        ]
      },
      "id": "way/357360289"
    },
    {
      "type": "Feature",
      "properties": {
        "@id": "way/357472226",
        "addr:city": "Mumbai",
        "addr:housenumber": "301-302 Prabath Chambers, Plot No 92",
        "addr:postcode": "400052",
        "addr:street": "Swami Vivekanand Road",
        "amenity": "hospital",
        "building": "commercial",
        "description": "The Vein Center is a chain vascular clinic located in Mumbai, India that specializes in the diagnosis and treatment of varicose vein related disorders. As a vascular interventional radiology center, it offers a range of services for the non-surgical treat",
        "emergency": "yes",
        "healthcare": "hospital",
        "healthcare:speciality": "vascular_surgery",
        "image": "https://tvcm.in/wp-content/uploads/2023/03/The-Vein-Center-Mumbai-Khar-West-Clinic-Building.png",
        "name": "The Vein Center Mumbai",
        "operator": "Dr Joshi Vein Center LLP",
        "operator:type": "private",
        "phone": "+91 8080866266",
        "start_date": "2008-01-03",
        "website": "https://tvcm.in"
      },
      "geometry": {
        "type": "Polygon",
        "coordinates": [
          [
            [
              72.836917,
              19.0685152
            ],
            [
              72.8371295,
              19.068504
            ],
            [
              72.8371362,
              19.0686166
            ],
            [
              72.8369236,
              19.0686278
            ],
            [
              72.836917,
              19.0685152
            ]
          ]
        ]
      },
      "id": "way/357472226"
    },
    {
      "type": "Feature",
      "properties": {
        "@id": "way/358489295",
        "alt_name": "Fort Convent",
        "amenity": "school",
        "building": "yes",
        "check_date": "2026-03-12",
        "name": "Convent of Jesus and Mary School"
      },
      "geometry": {
        "type": "Polygon",
        "coordinates": [
          [
            [
              72.8310882,
              18.9234796
            ],
            [
              72.8308305,
              18.9237802
            ],
            [
              72.8307829,
              18.9237449
            ],
            [
              72.8307935,
              18.9237237
            ],
            [
              72.8307156,
              18.9236593
            ],
            [
              72.8309461,
              18.9233815
            ],
            [
              72.8310882,
              18.9234796
            ]
          ]
        ]
      },
      "id": "way/358489295"
    },
    {
      "type": "Feature",
      "properties": {
        "@id": "way/358887809",
        "amenity": "school",
        "building": "yes",
        "name": "Supari Tank Municipal School",
        "name:en": "Supari Tank Municipal School",
        "name:mr": "सुपारी टँक म.न.पा शाळा"
      },
      "geometry": {
        "type": "Polygon",
        "coordinates": [
          [
            [
              72.8262815,
              19.0510133
            ],
            [
              72.8261745,
              19.0508891
            ],
            [
              72.8263581,
              19.0507477
            ],
            [
              72.8264084,
              19.0508061
            ],
            [
              72.8264311,
              19.0507886
            ],
            [
              72.8264878,
              19.0508544
            ],
            [
              72.8262815,
              19.0510133
            ]
          ]
        ]
      },
      "id": "way/358887809"
    },
    {
      "type": "Feature",
      "properties": {
        "@id": "way/359528686",
        "amenity": "school",
        "building": "yes",
        "building:levels": "7",
        "name": "Maulana Azad High School"
      },
      "geometry": {
        "type": "Polygon",
        "coordinates": [
          [
            [
              72.8277404,
              18.9762271
            ],
            [
              72.8277064,
              18.9761438
            ],
            [
              72.8278447,
              18.9760988
            ],
            [
              72.8278628,
              18.9761388
            ],
            [
              72.8278373,
              18.9761569
            ],
            [
              72.8278711,
              18.9762279
            ],
            [
              72.8277932,
              18.9762509
            ],
            [
              72.8277769,
              18.976214
            ],
            [
              72.8277404,
              18.9762271
            ]
          ]
        ]
      },
      "id": "way/359528686"
    },
    {
      "type": "Feature",
      "properties": {
        "@id": "way/359690892",
        "amenity": "school",
        "building": "yes",
        "name": "St. Isabel High School"
      },
      "geometry": {
        "type": "Polygon",
        "coordinates": [
          [
            [
              72.8405308,
              18.9722056
            ],
            [
              72.84054,
              18.972021
            ],
            [
              72.8406812,
              18.9720135
            ],
            [
              72.8406974,
              18.9721922
            ],
            [
              72.8405308,
              18.9722056
            ]
          ]
        ]
      },
      "id": "way/359690892"
    },
    {
      "type": "Feature",
      "properties": {
        "@id": "way/360291634",
        "addr:city": "Bandra, Mumbai",
        "addr:postcode": "400050",
        "addr:street": "Manuel Gonsalves Road",
        "amenity": "school",
        "building": "school",
        "name": "St. Joseph's Convent International School",
        "name:en": "St. Joseph's Convent International School"
      },
      "geometry": {
        "type": "Polygon",
        "coordinates": [
          [
            [
              72.8290584,
              19.056062
            ],
            [
              72.8290641,
              19.0558945
            ],
            [
              72.8294033,
              19.0559188
            ],
            [
              72.8294076,
              19.0558838
            ],
            [
              72.8297106,
              19.0559036
            ],
            [
              72.8297001,
              19.0561057
            ],
            [
              72.8294123,
              19.0560821
            ],
            [
              72.8290584,
              19.056062
            ]
          ]
        ]
      },
      "id": "way/360291634"
    },
    {
      "type": "Feature",
      "properties": {
        "@id": "way/363690239",
        "amenity": "school",
        "name": "Seventh Day Adventist High School"
      },
      "geometry": {
        "type": "Polygon",
        "coordinates": [
          [
            [
              73.0097078,
              19.0621471
            ],
            [
              73.0097047,
              19.0617953
            ],
            [
              73.0097633,
              19.0616961
            ],
            [
              73.010885,
              19.0617053
            ],
            [
              73.010876,
              19.0621616
            ],
            [
              73.0097078,
              19.0621471
            ]
          ]
        ]
      },
      "id": "way/363690239"
    },
    {
      "type": "Feature",
      "properties": {
        "@id": "way/395048290",
        "addr:city": "mumbai",
        "addr:postcode": "400053",
        "addr:street": "N Dutta Road",
        "amenity": "hospital",
        "building": "yes",
        "healthcare": "hospital",
        "name": "Thunga"
      },
      "geometry": {
        "type": "Polygon",
        "coordinates": [
          [
            [
              72.8269663,
              19.1212949
            ],
            [
              72.8268108,
              19.1209656
            ],
            [
              72.8268882,
              19.120928
            ],
            [
              72.8270276,
              19.1210624
            ],
            [
              72.8270705,
              19.1212448
            ],
            [
              72.8269663,
              19.1212949
            ]
          ]
        ]
      },
      "id": "way/395048290"
    },
    {
      "type": "Feature",
      "properties": {
        "@id": "way/395230146",
        "addr:city": "mumbai",
        "addr:housenumber": "1",
        "addr:postcode": "400043",
        "addr:street": "Jeejabai Bhosle Marg",
        "amenity": "school",
        "building": "school",
        "name": "Municipal High School"
      },
      "geometry": {
        "type": "Polygon",
        "coordinates": [
          [
            [
              72.9199256,
              19.0623117
            ],
            [
              72.9201742,
              19.0628337
            ],
            [
              72.9193221,
              19.0631962
            ],
            [
              72.9190735,
              19.0626742
            ],
            [
              72.9193185,
              19.06257
            ],
            [
              72.9199256,
              19.0623117
            ]
          ]
        ]
      },
      "id": "way/395230146"
    },
    {
      "type": "Feature",
      "properties": {
        "@id": "way/411617420",
        "addr:city": "Mumbai",
        "addr:postcode": "400088",
        "addr:street": "Waman Tukaram Patil Marg (Ghatkopar Sewri Wadala Road)",
        "amenity": "hospital",
        "emergency": "yes",
        "healthcare": "hospital",
        "name": "Shatabdi Hospital",
        "operator": "Municipal Corporation of Greater Mumbai",
        "phone": "+912225564069, +912225564070"
      },
      "geometry": {
        "type": "Polygon",
        "coordinates": [
          [
            [
              72.9106103,
              19.049969
            ],
            [
              72.9105965,
              19.0499184
            ],
            [
              72.9103506,
              19.0490175
            ],
            [
              72.9103625,
              19.0489344
            ],
            [
              72.9104287,
              19.0488856
            ],
            [
              72.9112636,
              19.048745
            ],
            [
              72.9114035,
              19.0487215
            ],
            [
              72.9114128,
              19.0489684
            ],
            [
              72.9115816,
              19.0498161
            ],
            [
              72.9118686,
              19.0497578
            ],
            [
              72.9119061,
              19.0500215
            ],
            [
              72.9107072,
              19.050417
            ],
            [
              72.9106103,
              19.049969
            ]
          ]
        ]
      },
      "id": "way/411617420"
    },
    {
      "type": "Feature",
      "properties": {
        "@id": "way/415784678",
        "addr:district": "Thane",
        "addr:full": "Plot No 6, Sector-9 Opp: Rf Naik School Ground, Koparkhairane Khairane Navi Mumbai",
        "addr:postcode": "400709",
        "addr:state": "Maharashtra",
        "amenity": "hospital",
        "healthcare": "hospital",
        "name": "Dr Ajayan's Multispeciality Hospital",
        "source": "OpenGovernmentData"
      },
      "geometry": {
        "type": "Polygon",
        "coordinates": [
          [
            [
              73.0091833,
              19.100388
            ],
            [
              73.009298,
              19.1000303
            ],
            [
              73.0096615,
              19.1001344
            ],
            [
              73.0095467,
              19.1004921
            ],
            [
              73.0091833,
              19.100388
            ]
          ]
        ]
      },
      "id": "way/415784678"
    },
    {
      "type": "Feature",
      "properties": {
        "@id": "way/427200308",
        "addr:postcode": "400 071",
        "amenity": "school",
        "name": "Adarsha Vidyalaya",
        "wikidata": "Q4680856",
        "wikipedia": "en:Adarsha Vidyalaya"
      },
      "geometry": {
        "type": "Polygon",
        "coordinates": [
          [
            [
              72.8902402,
              19.0631122
            ],
            [
              72.8896765,
              19.0634061
            ],
            [
              72.8893741,
              19.0629346
            ],
            [
              72.8899443,
              19.0626243
            ],
            [
              72.8902402,
              19.0631122
            ]
          ]
        ]
      },
      "id": "way/427200308"
    },
    {
      "type": "Feature",
      "properties": {
        "@id": "way/427200309",
        "addr:postcode": "400 071",
        "amenity": "school",
        "name": "Municipal School"
      },
      "geometry": {
        "type": "Polygon",
        "coordinates": [
          [
            [
              72.8906527,
              19.0637715
            ],
            [
              72.8901473,
              19.0640553
            ],
            [
              72.8898298,
              19.063549
            ],
            [
              72.890346,
              19.0632612
            ],
            [
              72.8906527,
              19.0637715
            ]
          ]
        ]
      },
      "id": "way/427200309"
    },
    {
      "type": "Feature",
      "properties": {
        "@id": "way/427240536",
        "addr:city": "mumbai",
        "addr:postcode": "400086",
        "addr:street": "kirol road",
        "amenity": "school",
        "name": "Fatima High School",
        "wikidata": "Q38250897"
      },
      "geometry": {
        "type": "Polygon",
        "coordinates": [
          [
            [
              72.8979468,
              19.0818866
            ],
            [
              72.8996488,
              19.082096
            ],
            [
              72.8997056,
              19.0821305
            ],
            [
              72.8996301,
              19.0829097
            ],
            [
              72.8996581,
              19.0838504
            ],
            [
              72.8982092,
              19.0833624
            ],
            [
              72.8973894,
              19.0830463
            ],
            [
              72.8979468,
              19.0818866
            ]
          ]
        ]
      },
      "id": "way/427240536"
    },
    {
      "type": "Feature",
      "properties": {
        "@id": "way/427245951",
        "addr:street": "K A Subramaniam Road",
        "amenity": "school",
        "check_date": "2026-03-20",
        "name": "South Indian Education Society (SIES) High School",
        "short_name": "SIES School",
        "website": "https://sieshsm.edu.in/"
      },
      "geometry": {
        "type": "Polygon",
        "coordinates": [
          [
            [
              72.8567277,
              19.0323377
            ],
            [
              72.8563282,
              19.03261
            ],
            [
              72.8559129,
              19.0328459
            ],
            [
              72.8557549,
              19.032487
            ],
            [
              72.8561205,
              19.0322748
            ],
            [
              72.8563369,
              19.0320997
            ],
            [
              72.8567277,
              19.0323377
            ]
          ]
        ]
      },
      "id": "way/427245951"
    },
    {
      "type": "Feature",
      "properties": {
        "@id": "way/428199723",
        "amenity": "school",
        "name": "St Peter's School"
      },
      "geometry": {
        "type": "Polygon",
        "coordinates": [
          [
            [
              72.8403672,
              18.9680607
            ],
            [
              72.8402035,
              18.9676625
            ],
            [
              72.8398562,
              18.9670283
            ],
            [
              72.8405334,
              18.9668444
            ],
            [
              72.8406488,
              18.9671146
            ],
            [
              72.8409988,
              18.9669966
            ],
            [
              72.8414427,
              18.9677804
            ],
            [
              72.8403672,
              18.9680607
            ]
          ]
        ]
      },
      "id": "way/428199723"
    },
    {
      "type": "Feature",
      "properties": {
        "@id": "way/430029987",
        "addr:district": "Mumbai",
        "addr:full": "Parel",
        "addr:postcode": "400012",
        "addr:state": "Maharashtra",
        "amenity": "hospital",
        "check_date": "2026-03-20",
        "healthcare": "hospital",
        "name": "K B H B Charitable Ophthalmic and E.N.T Hospital",
        "source": "OpenGovernmentData"
      },
      "geometry": {
        "type": "Polygon",
        "coordinates": [
          [
            [
              72.8410937,
              19.0025191
            ],
            [
              72.8399753,
              19.0028535
            ],
            [
              72.8397502,
              19.002178
            ],
            [
              72.840761,
              19.0018374
            ],
            [
              72.8410937,
              19.0025191
            ]
          ]
        ]
      },
      "id": "way/430029987"
    },
    {
      "type": "Feature",
      "properties": {
        "@id": "way/430223744",
        "addr:district": "Mumbai",
        "addr:full": "Dr. B.A.Ambedkar Central Railway Hospital, Opp. Ranibag, BYCULLA MUMBAI",
        "addr:postcode": "400027",
        "addr:state": "Maharashtra",
        "amenity": "hospital",
        "description": "Civil Hospital/General Hospital",
        "healthcare": "hospital",
        "name": "Dr. Babasaheb Ambedkar Memorial Central Railway Hospital",
        "name:etymology:wikidata": "Q231690",
        "source": "OpenGovernmentData",
        "wheelchair": "yes"
      },
      "geometry": {
        "type": "Polygon",
        "coordinates": [
          [
            [
              72.8329852,
              18.9795934
            ],
            [
              72.8330765,
              18.9795654
            ],
            [
              72.833167,
              18.9795302
            ],
            [
              72.833268,
              18.9794371
            ],
            [
              72.8333265,
              18.9793441
            ],
            [
              72.8337999,
              18.9792309
            ],
            [
              72.8341773,
              18.9807749
            ],
            [
              72.8332496,
              18.9810628
            ],
            [
              72.8329855,
              18.980323
            ],
            [
              72.8329852,
              18.9795934
            ]
          ]
        ]
      },
      "id": "way/430223744"
    },
    {
      "type": "Feature",
      "properties": {
        "@id": "way/430412673",
        "amenity": "school",
        "name": "American School of Bombay"
      },
      "geometry": {
        "type": "Polygon",
        "coordinates": [
          [
            [
              72.8703886,
              19.0670996
            ],
            [
              72.8711195,
              19.0674213
            ],
            [
              72.8712121,
              19.0673955
            ],
            [
              72.8712816,
              19.0676112
            ],
            [
              72.871085,
              19.0676627
            ],
            [
              72.8713134,
              19.0678401
            ],
            [
              72.87102,
              19.0682438
            ],
            [
              72.8704052,
              19.0678623
            ],
            [
              72.8703418,
              19.0677758
            ],
            [
              72.870323,
              19.0676716
            ],
            [
              72.8703886,
              19.0670996
            ]
          ]
        ]
      },
      "id": "way/430412673"
    },
    {
      "type": "Feature",
      "properties": {
        "@id": "way/430418378",
        "addr:district": "Mumbai",
        "addr:full": "G / N Block, Bandra Kurla Complex, Bandra (E)",
        "addr:postcode": "400051",
        "addr:state": "Maharashtra",
        "amenity": "hospital",
        "email": "info@ahirc.com",
        "healthcare": "hospital",
        "healthcare:speciality": "cardiology",
        "name": "Asian Heart Institute",
        "operator:type": "private",
        "source": "OpenGovernmentData",
        "website": "https://www.asianheartinstitute.org/"
      },
      "geometry": {
        "type": "Polygon",
        "coordinates": [
          [
            [
              72.8605034,
              19.0647644
            ],
            [
              72.8608443,
              19.0649532
            ],
            [
              72.860991,
              19.0647166
            ],
            [
              72.8616134,
              19.0650704
            ],
            [
              72.8612444,
              19.0655094
            ],
            [
              72.8612577,
              19.0656848
            ],
            [
              72.8604366,
              19.065784
            ],
            [
              72.8603705,
              19.0651941
            ],
            [
              72.8602486,
              19.0652101
            ],
            [
              72.8602135,
              19.0649456
            ],
            [
              72.8602099,
              19.0649062
            ],
            [
              72.8604461,
              19.0648746
            ],
            [
              72.8605034,
              19.0647644
            ]
          ]
        ]
      },
      "id": "way/430418378"
    },
    {
      "type": "Feature",
      "properties": {
        "@id": "way/430420073",
        "alt_name": "Ambani School",
        "amenity": "school",
        "name": "Dhirubhai Ambani International School",
        "name:etymology:wikidata": "Q468364",
        "short_name": "DAIS",
        "start_date": "2003",
        "website": "https://www.dais.edu.in/",
        "wikipedia": "en:Dhirubhai Ambani International School"
      },
      "geometry": {
        "type": "Polygon",
        "coordinates": [
          [
            [
              72.871196,
              19.0673455
            ],
            [
              72.8712121,
              19.0673955
            ],
            [
              72.8711195,
              19.0674213
            ],
            [
              72.8703886,
              19.0670996
            ],
            [
              72.8704948,
              19.0661734
            ],
            [
              72.8705225,
              19.0660103
            ],
            [
              72.8705647,
              19.0659305
            ],
            [
              72.8708205,
              19.0657907
            ],
            [
              72.8709238,
              19.0657907
            ],
            [
              72.8710096,
              19.0658267
            ],
            [
              72.8710784,
              19.0659501
            ],
            [
              72.871333,
              19.0667391
            ],
            [
              72.8715345,
              19.0672556
            ],
            [
              72.871196,
              19.0673455
            ]
          ]
        ]
      },
      "id": "way/430420073"
    },
    {
      "type": "Feature",
      "properties": {
        "@id": "way/431494596",
        "amenity": "school",
        "brand": "Kendriya Vidyalaya",
        "brand:wikidata": "Q1156653",
        "check_date": "2026-03-12",
        "name": "Kendriya Vidyalaya No.2, Colaba"
      },
      "geometry": {
        "type": "Polygon",
        "coordinates": [
          [
            [
              72.8081977,
              18.9101225
            ],
            [
              72.8085841,
              18.9099129
            ],
            [
              72.8087153,
              18.9098383
            ],
            [
              72.8093349,
              18.9107848
            ],
            [
              72.8084344,
              18.9112488
            ],
            [
              72.8080474,
              18.9114546
            ],
            [
              72.807448,
              18.9105015
            ],
            [
              72.8075786,
              18.9104289
            ],
            [
              72.8080378,
              18.9102016
            ],
            [
              72.8081977,
              18.9101225
            ]
          ]
        ]
      },
      "id": "way/431494596"
    },
    {
      "type": "Feature",
      "properties": {
        "@id": "way/434904718",
        "amenity": "school",
        "check_date": "2025-06-13",
        "name": "Purshottam High School"
      },
      "geometry": {
        "type": "Polygon",
        "coordinates": [
          [
            [
              72.8440118,
              19.058864
            ],
            [
              72.8440789,
              19.0585243
            ],
            [
              72.8447601,
              19.0585826
            ],
            [
              72.8447145,
              19.0589274
            ],
            [
              72.8440118,
              19.058864
            ]
          ]
        ]
      },
      "id": "way/434904718"
    },
    {
      "type": "Feature",
      "properties": {
        "@id": "way/434906148",
        "amenity": "school",
        "check_date": "2025-06-13",
        "education": "school",
        "name": "Lower Municiplal Governmet School"
      },
      "geometry": {
        "type": "Polygon",
        "coordinates": [
          [
            [
              72.8444055,
              19.0630539
            ],
            [
              72.8444309,
              19.0630197
            ],
            [
              72.8447367,
              19.0627916
            ],
            [
              72.8448775,
              19.0629335
            ],
            [
              72.8449459,
              19.063097
            ],
            [
              72.844954,
              19.0631554
            ],
            [
              72.8449593,
              19.0633607
            ],
            [
              72.8445271,
              19.063362
            ],
            [
              72.8444055,
              19.0630539
            ]
          ]
        ]
      },
      "id": "way/434906148"
    },
    {
      "type": "Feature",
      "properties": {
        "@id": "way/435597334",
        "amenity": "school",
        "name": "St Theresa's School"
      },
      "geometry": {
        "type": "Polygon",
        "coordinates": [
          [
            [
              72.8337036,
              19.0631123
            ],
            [
              72.8330165,
              19.0631869
            ],
            [
              72.8329328,
              19.0623719
            ],
            [
              72.8336169,
              19.0623001
            ],
            [
              72.8337036,
              19.0631123
            ]
          ]
        ]
      },
      "id": "way/435597334"
    },
    {
      "type": "Feature",
      "properties": {
        "@id": "way/436220560",
        "amenity": "school"
      },
      "geometry": {
        "type": "Polygon",
        "coordinates": [
          [
            [
              72.9285141,
              19.1015627
            ],
            [
              72.9271804,
              19.1020629
            ],
            [
              72.9268672,
              19.1020848
            ],
            [
              72.9268297,
              19.1014664
            ],
            [
              72.9282485,
              19.1009163
            ],
            [
              72.9285141,
              19.1015627
            ]
          ]
        ]
      },
      "id": "way/436220560"
    },
    {
      "type": "Feature",
      "properties": {
        "@id": "way/436455880",
        "addr:postcode": "400010",
        "addr:street": "S B Dhody Marg (Nesbit Road)",
        "amenity": "school",
        "name": "St. Mary's School (ICSE)"
      },
      "geometry": {
        "type": "Polygon",
        "coordinates": [
          [
            [
              72.8363286,
              18.969381
            ],
            [
              72.8357037,
              18.9697564
            ],
            [
              72.834376,
              18.9698122
            ],
            [
              72.834217,
              18.9697513
            ],
            [
              72.8344323,
              18.9694567
            ],
            [
              72.8352443,
              18.9687237
            ],
            [
              72.8353556,
              18.9686131
            ],
            [
              72.8354515,
              18.9688991
            ],
            [
              72.8361704,
              18.9687291
            ],
            [
              72.8363286,
              18.969381
            ]
          ]
        ]
      },
      "id": "way/436455880"
    },
    {
      "type": "Feature",
      "properties": {
        "@id": "way/436606762",
        "amenity": "school"
      },
      "geometry": {
        "type": "Polygon",
        "coordinates": [
          [
            [
              72.9289601,
              19.1020308
            ],
            [
              72.9274835,
              19.1025926
            ],
            [
              72.9274352,
              19.102509
            ],
            [
              72.9271695,
              19.1026279
            ],
            [
              72.9269739,
              19.1021237
            ],
            [
              72.9267056,
              19.1022403
            ],
            [
              72.926762,
              19.1015458
            ],
            [
              72.9268263,
              19.1014419
            ],
            [
              72.9284759,
              19.100821
            ],
            [
              72.9285295,
              19.1008463
            ],
            [
              72.9289601,
              19.1020308
            ]
          ]
        ]
      },
      "id": "way/436606762"
    },
    {
      "type": "Feature",
      "properties": {
        "@id": "way/436606769",
        "addr:city": "mumbai",
        "addr:district": "Mumbai",
        "addr:full": "Pirojshanagar, Vikhroli(E)",
        "addr:postcode": "400083",
        "addr:state": "Maharashtra",
        "addr:street": "Pirojsha Godrej Marg",
        "amenity": "hospital",
        "healthcare": "hospital",
        "name": "Godrej Memorial Hospital, Mumbai",
        "source": "OpenGovernmentData"
      },
      "geometry": {
        "type": "Polygon",
        "coordinates": [
          [
            [
              72.927049,
              19.103538
            ],
            [
              72.9278858,
              19.1031857
            ],
            [
              72.928095,
              19.1036292
            ],
            [
              72.9285564,
              19.1033428
            ],
            [
              72.92872,
              19.1038244
            ],
            [
              72.9280709,
              19.1041108
            ],
            [
              72.9279126,
              19.1043617
            ],
            [
              72.9280038,
              19.1046684
            ],
            [
              72.9280253,
              19.1048204
            ],
            [
              72.9279743,
              19.1050029
            ],
            [
              72.9278912,
              19.1050739
            ],
            [
              72.9276337,
              19.1051372
            ],
            [
              72.9276149,
              19.1049319
            ],
            [
              72.9275291,
              19.1046455
            ],
            [
              72.927049,
              19.103538
            ]
          ]
        ]
      },
      "id": "way/436606769"
    },
    {
      "type": "Feature",
      "properties": {
        "@id": "way/469898982",
        "amenity": "school",
        "name": "NMMC School"
      },
      "geometry": {
        "type": "Polygon",
        "coordinates": [
          [
            [
              73.0061298,
              19.100446
            ],
            [
              73.0063421,
              19.0997897
            ],
            [
              73.0070794,
              19.1000026
            ],
            [
              73.0068671,
              19.100659
            ],
            [
              73.0061298,
              19.100446
            ]
          ]
        ]
      },
      "id": "way/469898982"
    },
    {
      "type": "Feature",
      "properties": {
        "@id": "way/483179358",
        "addr:postcode": "400076",
        "amenity": "school",
        "name": "Hiranandani School New"
      },
      "geometry": {
        "type": "Polygon",
        "coordinates": [
          [
            [
              72.9056733,
              19.1129488
            ],
            [
              72.9057059,
              19.113656
            ],
            [
              72.9048806,
              19.11369
            ],
            [
              72.904848,
              19.1129827
            ],
            [
              72.9056733,
              19.1129488
            ]
          ]
        ]
      },
      "id": "way/483179358"
    },
    {
      "type": "Feature",
      "properties": {
        "@id": "way/483187904",
        "addr:postcode": "400076",
        "amenity": "school",
        "name": "Hiranandani Foundation School"
      },
      "geometry": {
        "type": "Polygon",
        "coordinates": [
          [
            [
              72.9077284,
              19.1170241
            ],
            [
              72.9081566,
              19.1171896
            ],
            [
              72.9083413,
              19.117261
            ],
            [
              72.9081348,
              19.1178084
            ],
            [
              72.9080329,
              19.1177679
            ],
            [
              72.907979,
              19.1178827
            ],
            [
              72.9077553,
              19.1183596
            ],
            [
              72.9072564,
              19.1181163
            ],
            [
              72.9077284,
              19.1170241
            ]
          ]
        ]
      },
      "id": "way/483187904"
    },
    {
      "type": "Feature",
      "properties": {
        "@id": "way/488981959",
        "addr:district": "Thane",
        "addr:full": "Plot - 35, Sector - 3, Vashi, Navi Mumbai",
        "addr:postcode": "400703",
        "addr:state": "Maharashtra",
        "alt_name": "MGM Hospital",
        "alt_name:en": "MGM Hospital",
        "amenity": "hospital",
        "healthcare": "hospital",
        "name": "Mahatma Gandhi Mission's New Bombay Hospital",
        "name:etymology:wikidata": "Q1001",
        "source": "OpenGovernmentData"
      },
      "geometry": {
        "type": "Polygon",
        "coordinates": [
          [
            [
              72.993445,
              19.0730116
            ],
            [
              72.9933914,
              19.0723373
            ],
            [
              72.9942926,
              19.0722815
            ],
            [
              72.994357,
              19.0729355
            ],
            [
              72.993445,
              19.0730116
            ]
          ]
        ]
      },
      "id": "way/488981959"
    },
    {
      "type": "Feature",
      "properties": {
        "@id": "way/496837192",
        "amenity": "school"
      },
      "geometry": {
        "type": "Polygon",
        "coordinates": [
          [
            [
              72.9159406,
              19.1105419
            ],
            [
              72.9161042,
              19.1110488
            ],
            [
              72.9162303,
              19.1112566
            ],
            [
              72.9161873,
              19.1113023
            ],
            [
              72.9161015,
              19.1113656
            ],
            [
              72.9161257,
              19.1114543
            ],
            [
              72.9160023,
              19.1115101
            ],
            [
              72.9158655,
              19.1111603
            ],
            [
              72.9156804,
              19.1106306
            ],
            [
              72.9159406,
              19.1105419
            ]
          ]
        ]
      },
      "id": "way/496837192"
    },
    {
      "type": "Feature",
      "properties": {
        "@id": "way/496837203",
        "amenity": "school",
        "name": "BMC School (Abandoned)"
      },
      "geometry": {
        "type": "Polygon",
        "coordinates": [
          [
            [
              72.9165494,
              19.1068797
            ],
            [
              72.9167721,
              19.1067859
            ],
            [
              72.9169384,
              19.1068011
            ],
            [
              72.9171127,
              19.1069279
            ],
            [
              72.9172759,
              19.1079525
            ],
            [
              72.9167502,
              19.1080332
            ],
            [
              72.9165494,
              19.1068797
            ]
          ]
        ]
      },
      "id": "way/496837203"
    },
    {
      "type": "Feature",
      "properties": {
        "@id": "way/510983346",
        "addr:city": "Mumbai",
        "addr:postcode": "400070",
        "addr:street": "Father peter periera road",
        "amenity": "school",
        "name": "Holy cross centenary Grounds",
        "operator": "holy cross school"
      },
      "geometry": {
        "type": "Polygon",
        "coordinates": [
          [
            [
              72.885652,
              19.0826278
            ],
            [
              72.8862588,
              19.082317
            ],
            [
              72.886429,
              19.082514
            ],
            [
              72.886359,
              19.0829232
            ],
            [
              72.8863236,
              19.0829269
            ],
            [
              72.8861816,
              19.0828935
            ],
            [
              72.8858756,
              19.0827812
            ],
            [
              72.8856663,
              19.0827101
            ],
            [
              72.885652,
              19.0826278
            ]
          ]
        ]
      },
      "id": "way/510983346"
    },
    {
      "type": "Feature",
      "properties": {
        "@id": "way/518957680",
        "amenity": "school",
        "building": "yes",
        "description": "School",
        "name": "Chembur Vidya Niketan High School"
      },
      "geometry": {
        "type": "Polygon",
        "coordinates": [
          [
            [
              72.8956624,
              19.0615714
            ],
            [
              72.8954559,
              19.0612063
            ],
            [
              72.8959896,
              19.0609148
            ],
            [
              72.8962927,
              19.0613762
            ],
            [
              72.8956624,
              19.0615714
            ]
          ]
        ]
      },
      "id": "way/518957680"
    },
    {
      "type": "Feature",
      "properties": {
        "@id": "way/527242919",
        "addr:city": "Navi Mumbai",
        "addr:postcode": "400706",
        "addr:street": "Sai Baba Mandir Marg",
        "amenity": "school",
        "barrier": "wall",
        "name": "D.A.V Public School - Nerul",
        "operator": "DAVCMC",
        "wheelchair": "yes",
        "wikidata": "Q5204353",
        "wikipedia": "en:DAV Public School Nerul"
      },
      "geometry": {
        "type": "Polygon",
        "coordinates": [
          [
            [
              73.0147917,
              19.0128584
            ],
            [
              73.0151279,
              19.0125626
            ],
            [
              73.0157805,
              19.0119868
            ],
            [
              73.0162735,
              19.0124862
            ],
            [
              73.0156235,
              19.0130597
            ],
            [
              73.0152665,
              19.0133747
            ],
            [
              73.0148411,
              19.0129437
            ],
            [
              73.0147923,
              19.0128887
            ],
            [
              73.0147877,
              19.0128739
            ],
            [
              73.0147917,
              19.0128584
            ]
          ]
        ]
      },
      "id": "way/527242919"
    },
    {
      "type": "Feature",
      "properties": {
        "@id": "way/528846345",
        "amenity": "school",
        "name": "Bhairav Vidyalay"
      },
      "geometry": {
        "type": "Polygon",
        "coordinates": [
          [
            [
              72.9158396,
              19.0717205
            ],
            [
              72.9156983,
              19.0712537
            ],
            [
              72.9158466,
              19.0712141
            ],
            [
              72.9159828,
              19.0716809
            ],
            [
              72.9158396,
              19.0717205
            ]
          ]
        ]
      },
      "id": "way/528846345"
    },
    {
      "type": "Feature",
      "properties": {
        "@id": "way/545621122",
        "addr:city": "Mumbai",
        "addr:postcode": "400050",
        "addr:street": "St. Dominic Street",
        "amenity": "school",
        "email": "info@avmschools.ac.in",
        "name": "Arya Vidya Mandir",
        "phone": "022 6101 3900",
        "website": "https://avmschools.ac.in/"
      },
      "geometry": {
        "type": "Polygon",
        "coordinates": [
          [
            [
              72.8283468,
              19.0576129
            ],
            [
              72.8283564,
              19.0573709
            ],
            [
              72.8284207,
              19.0573732
            ],
            [
              72.8285149,
              19.0573766
            ],
            [
              72.828555,
              19.057378
            ],
            [
              72.8285589,
              19.0573781
            ],
            [
              72.8286675,
              19.057382
            ],
            [
              72.828658,
              19.0576201
            ],
            [
              72.8283468,
              19.0576129
            ]
          ]
        ]
      },
      "id": "way/545621122"
    },
    {
      "type": "Feature",
      "properties": {
        "@id": "way/555700628",
        "addr:city": "Navi Mumbai",
        "addr:postcode": "400706",
        "addr:street": "Krishna Changa Naik Marg",
        "amenity": "hospital",
        "barrier": "wall",
        "construction": "yes",
        "healthcare": "hospital",
        "name": "Savla Hospital"
      },
      "geometry": {
        "type": "Polygon",
        "coordinates": [
          [
            [
              73.016711,
              19.0159997
            ],
            [
              73.0170304,
              19.0157083
            ],
            [
              73.0178331,
              19.0157055
            ],
            [
              73.0178388,
              19.0166179
            ],
            [
              73.0178275,
              19.0166598
            ],
            [
              73.0178138,
              19.0166981
            ],
            [
              73.0177939,
              19.0167344
            ],
            [
              73.0177652,
              19.0167714
            ],
            [
              73.0177313,
              19.0168046
            ],
            [
              73.0176904,
              19.0168341
            ],
            [
              73.0176464,
              19.0168577
            ],
            [
              73.0176047,
              19.0168696
            ],
            [
              73.017561,
              19.0168643
            ],
            [
              73.0175309,
              19.016849
            ],
            [
              73.0175068,
              19.0168298
            ],
            [
              73.016711,
              19.0159997
            ]
          ]
        ]
      },
      "id": "way/555700628"
    },
    {
      "type": "Feature",
      "properties": {
        "@id": "way/558473752",
        "addr:city": "Navi Mumbai",
        "addr:postcode": "400706",
        "addr:street": "Nag Devi Marg",
        "amenity": "school",
        "name": "Orchid's International School"
      },
      "geometry": {
        "type": "Polygon",
        "coordinates": [
          [
            [
              73.0135484,
              19.0216078
            ],
            [
              73.0139567,
              19.0211973
            ],
            [
              73.0144108,
              19.0216709
            ],
            [
              73.0141221,
              19.0219271
            ],
            [
              73.0135484,
              19.0216078
            ]
          ]
        ]
      },
      "id": "way/558473752"
    },
    {
      "type": "Feature",
      "properties": {
        "@id": "way/558697450",
        "addr:city": "Navi Mumbai",
        "addr:postcode": "400706",
        "amenity": "school",
        "barrier": "fence",
        "name": "Don Bosco School - Nerul"
      },
      "geometry": {
        "type": "Polygon",
        "coordinates": [
          [
            [
              73.0151196,
              19.0181869
            ],
            [
              73.0141326,
              19.0171776
            ],
            [
              73.0150417,
              19.016361
            ],
            [
              73.01604,
              19.0173562
            ],
            [
              73.0151196,
              19.0181869
            ]
          ]
        ]
      },
      "id": "way/558697450"
    },
    {
      "type": "Feature",
      "properties": {
        "@id": "way/558704153",
        "amenity": "school",
        "name": "Delhi Public School - Nerul"
      },
      "geometry": {
        "type": "Polygon",
        "coordinates": [
          [
            [
              73.0175727,
              19.0070225
            ],
            [
              73.0176183,
              19.0061958
            ],
            [
              73.0176425,
              19.0060588
            ],
            [
              73.0176957,
              19.0059162
            ],
            [
              73.0178876,
              19.0054014
            ],
            [
              73.0179536,
              19.0052245
            ],
            [
              73.018077,
              19.0050343
            ],
            [
              73.0191043,
              19.0051459
            ],
            [
              73.0188547,
              19.0072453
            ],
            [
              73.0183566,
              19.0071587
            ],
            [
              73.0175727,
              19.0070225
            ]
          ]
        ]
      },
      "id": "way/558704153"
    },
    {
      "type": "Feature",
      "properties": {
        "@id": "way/558707643",
        "addr:city": "Navi Mumbai",
        "addr:postcode": "400706",
        "amenity": "school",
        "barrier": "fence",
        "name": "Podar International School"
      },
      "geometry": {
        "type": "Polygon",
        "coordinates": [
          [
            [
              73.0097454,
              19.0135308
            ],
            [
              73.0100256,
              19.0129745
            ],
            [
              73.010105,
              19.0129502
            ],
            [
              73.0107238,
              19.0135551
            ],
            [
              73.0103292,
              19.0140452
            ],
            [
              73.0097454,
              19.0135308
            ]
          ]
        ]
      },
      "id": "way/558707643"
    },
    {
      "type": "Feature",
      "properties": {
        "@id": "way/560471198",
        "amenity": "school",
        "name": "Presentation Convent School"
      },
      "geometry": {
        "type": "Polygon",
        "coordinates": [
          [
            [
              73.0233528,
              19.0196705
            ],
            [
              73.0239985,
              19.0190985
            ],
            [
              73.0245659,
              19.0197277
            ],
            [
              73.0237348,
              19.0203733
            ],
            [
              73.0236551,
              19.0200539
            ],
            [
              73.0236087,
              19.0199625
            ],
            [
              73.0233528,
              19.0196705
            ]
          ]
        ]
      },
      "id": "way/560471198"
    },
    {
      "type": "Feature",
      "properties": {
        "@id": "way/561501151",
        "addr:district": "Thane",
        "addr:full": "Sector-05, Nerul, Navi Mumbai",
        "addr:postcode": "400706",
        "addr:state": "Maharashtra",
        "amenity": "hospital",
        "healthcare": "hospital",
        "name": "Dr. D.Y. Patil Hospital",
        "name:etymology:wikidata": "Q301947",
        "source": "OpenGovernmentData"
      },
      "geometry": {
        "type": "Polygon",
        "coordinates": [
          [
            [
              73.0233369,
              19.040935
            ],
            [
              73.0240311,
              19.0403561
            ],
            [
              73.0242436,
              19.0406077
            ],
            [
              73.0243116,
              19.0405506
            ],
            [
              73.0244703,
              19.0404173
            ],
            [
              73.0245153,
              19.0403799
            ],
            [
              73.0248174,
              19.0401276
            ],
            [
              73.0248394,
              19.0401092
            ],
            [
              73.0250895,
              19.0403628
            ],
            [
              73.025448,
              19.0400543
            ],
            [
              73.0254775,
              19.0400289
            ],
            [
              73.0256891,
              19.0402495
            ],
            [
              73.0255986,
              19.0403287
            ],
            [
              73.0252597,
              19.0406018
            ],
            [
              73.025435,
              19.0408157
            ],
            [
              73.0255219,
              19.0409286
            ],
            [
              73.0255201,
              19.0410878
            ],
            [
              73.0254162,
              19.0412847
            ],
            [
              73.0252371,
              19.0415121
            ],
            [
              73.0248206,
              19.0419271
            ],
            [
              73.0247885,
              19.0419568
            ],
            [
              73.0244912,
              19.0419461
            ],
            [
              73.0243458,
              19.0419405
            ],
            [
              73.0240347,
              19.0416305
            ],
            [
              73.0238815,
              19.0414803
            ],
            [
              73.0235666,
              19.0411684
            ],
            [
              73.0233369,
              19.040935
            ]
          ]
        ]
      },
      "id": "way/561501151"
    },
    {
      "type": "Feature",
      "properties": {
        "@id": "way/562407508",
        "amenity": "school",
        "check_date": "2026-06-27",
        "name": "Amity Internaltional School"
      },
      "geometry": {
        "type": "Polygon",
        "coordinates": [
          [
            [
              73.0361002,
              19.0097524
            ],
            [
              73.0364081,
              19.0088873
            ],
            [
              73.0371111,
              19.0091109
            ],
            [
              73.0368031,
              19.009976
            ],
            [
              73.0361002,
              19.0097524
            ]
          ]
        ]
      },
      "id": "way/562407508"
    },
    {
      "type": "Feature",
      "properties": {
        "@id": "way/563546838",
        "amenity": "school",
        "name": "Terna High School, nerul"
      },
      "geometry": {
        "type": "Polygon",
        "coordinates": [
          [
            [
              73.0138326,
              19.0384113
            ],
            [
              73.0138194,
              19.0379931
            ],
            [
              73.0144247,
              19.037978
            ],
            [
              73.0144244,
              19.0385434
            ],
            [
              73.0138374,
              19.0385621
            ],
            [
              73.0138326,
              19.0384113
            ]
          ]
        ]
      },
      "id": "way/563546838"
    },
    {
      "type": "Feature",
      "properties": {
        "@id": "way/563568594",
        "amenity": "hospital",
        "healthcare": "hospital",
        "name": "Meenatai Thakre Hospital",
        "name:etymology:wikidata": "Q22081679"
      },
      "geometry": {
        "type": "Polygon",
        "coordinates": [
          [
            [
              73.0202401,
              19.0339113
            ],
            [
              73.0205115,
              19.0338923
            ],
            [
              73.0209917,
              19.0338588
            ],
            [
              73.0213079,
              19.03417
            ],
            [
              73.0210348,
              19.0344094
            ],
            [
              73.0204206,
              19.0344523
            ],
            [
              73.020392,
              19.034087
            ],
            [
              73.0202546,
              19.0340966
            ],
            [
              73.0202401,
              19.0339113
            ]
          ]
        ]
      },
      "id": "way/563568594"
    },
    {
      "type": "Feature",
      "properties": {
        "@id": "way/563568595",
        "amenity": "school",
        "name": "Apeejay School - Nerul",
        "wikidata": "Q4779304"
      },
      "geometry": {
        "type": "Polygon",
        "coordinates": [
          [
            [
              73.0201323,
              19.0350091
            ],
            [
              73.0212871,
              19.0349418
            ],
            [
              73.0213328,
              19.0356434
            ],
            [
              73.020178,
              19.0357106
            ],
            [
              73.0201323,
              19.0350091
            ]
          ]
        ]
      },
      "id": "way/563568595"
    },
    {
      "type": "Feature",
      "properties": {
        "@id": "way/563580227",
        "amenity": "school",
        "name": "St. Xavier's High School & Jr. College"
      },
      "geometry": {
        "type": "Polygon",
        "coordinates": [
          [
            [
              73.0200253,
              19.0423395
            ],
            [
              73.0203639,
              19.0420411
            ],
            [
              73.0206888,
              19.0417547
            ],
            [
              73.0212286,
              19.0423019
            ],
            [
              73.0209139,
              19.0425792
            ],
            [
              73.0205651,
              19.0428867
            ],
            [
              73.0200253,
              19.0423395
            ]
          ]
        ]
      },
      "id": "way/563580227"
    },
    {
      "type": "Feature",
      "properties": {
        "@id": "way/563580234",
        "amenity": "school",
        "name": "St. Augustines High School"
      },
      "geometry": {
        "type": "Polygon",
        "coordinates": [
          [
            [
              73.0204507,
              19.0391217
            ],
            [
              73.0203894,
              19.0377382
            ],
            [
              73.020762,
              19.0377174
            ],
            [
              73.0208248,
              19.0377276
            ],
            [
              73.0208916,
              19.0377608
            ],
            [
              73.0210266,
              19.0378654
            ],
            [
              73.0214975,
              19.0383435
            ],
            [
              73.0204507,
              19.0391217
            ]
          ]
        ]
      },
      "id": "way/563580234"
    },
    {
      "type": "Feature",
      "properties": {
        "@id": "way/566076853",
        "amenity": "school",
        "name": "Modern School"
      },
      "geometry": {
        "type": "Polygon",
        "coordinates": [
          [
            [
              72.985018,
              19.0730475
            ],
            [
              72.9849687,
              19.0725176
            ],
            [
              72.9862802,
              19.0724034
            ],
            [
              72.9863737,
              19.0723953
            ],
            [
              72.986446,
              19.0731356
            ],
            [
              72.9860502,
              19.0731727
            ],
            [
              72.9860286,
              19.0729544
            ],
            [
              72.985018,
              19.0730475
            ]
          ]
        ]
      },
      "id": "way/566076853"
    },
    {
      "type": "Feature",
      "properties": {
        "@id": "way/566083263",
        "amenity": "school",
        "name": "Goldcrest High School"
      },
      "geometry": {
        "type": "Polygon",
        "coordinates": [
          [
            [
              73.0056969,
              19.0876483
            ],
            [
              73.0063346,
              19.0872812
            ],
            [
              73.0070356,
              19.0883717
            ],
            [
              73.006397,
              19.0887381
            ],
            [
              73.0056969,
              19.0876483
            ]
          ]
        ]
      },
      "id": "way/566083263"
    },
    {
      "type": "Feature",
      "properties": {
        "@id": "way/566083268",
        "amenity": "school",
        "name": "Anchorwala Education Academy"
      },
      "geometry": {
        "type": "Polygon",
        "coordinates": [
          [
            [
              73.0051616,
              19.0828371
            ],
            [
              73.0061479,
              19.0842996
            ],
            [
              73.0056331,
              19.0846097
            ],
            [
              73.0046439,
              19.0831433
            ],
            [
              73.0051616,
              19.0828371
            ]
          ]
        ]
      },
      "id": "way/566083268"
    },
    {
      "type": "Feature",
      "properties": {
        "@id": "way/566085301",
        "amenity": "school",
        "name": "NMMC School"
      },
      "geometry": {
        "type": "Polygon",
        "coordinates": [
          [
            [
              73.002166,
              19.0795823
            ],
            [
              73.0019192,
              19.0792325
            ],
            [
              73.0017985,
              19.0790272
            ],
            [
              73.002756,
              19.0787255
            ],
            [
              73.0028928,
              19.0791438
            ],
            [
              73.0025415,
              19.0794682
            ],
            [
              73.002166,
              19.0795823
            ]
          ]
        ]
      },
      "id": "way/566085301"
    },
    {
      "type": "Feature",
      "properties": {
        "@id": "way/566085303",
        "amenity": "school",
        "name": "ICL School"
      },
      "geometry": {
        "type": "Polygon",
        "coordinates": [
          [
            [
              73.0007431,
              19.0781971
            ],
            [
              73.001487,
              19.0781357
            ],
            [
              73.0015027,
              19.078285
            ],
            [
              73.0016,
              19.0782768
            ],
            [
              73.0026273,
              19.0781577
            ],
            [
              73.002756,
              19.0787255
            ],
            [
              73.0017985,
              19.0790272
            ],
            [
              73.0016822,
              19.0788311
            ],
            [
              73.0016497,
              19.0786121
            ],
            [
              73.0007918,
              19.0786928
            ],
            [
              73.0007431,
              19.0781971
            ]
          ]
        ]
      },
      "id": "way/566085303"
    },
    {
      "type": "Feature",
      "properties": {
        "@id": "way/566095593",
        "amenity": "school",
        "name": "Sacred Heart High School & Jr. College"
      },
      "geometry": {
        "type": "Polygon",
        "coordinates": [
          [
            [
              72.9908404,
              19.0725246
            ],
            [
              72.9916535,
              19.0724593
            ],
            [
              72.9917105,
              19.0731509
            ],
            [
              72.9908974,
              19.0732162
            ],
            [
              72.9908404,
              19.0725246
            ]
          ]
        ]
      },
      "id": "way/566095593"
    },
    {
      "type": "Feature",
      "properties": {
        "@id": "way/566099461",
        "amenity": "school",
        "name": "Anjuman E-Islam English School"
      },
      "geometry": {
        "type": "Polygon",
        "coordinates": [
          [
            [
              72.993896,
              19.0782074
            ],
            [
              72.9938424,
              19.0777445
            ],
            [
              72.9938337,
              19.0776646
            ],
            [
              72.9948947,
              19.0775647
            ],
            [
              72.994957,
              19.0781147
            ],
            [
              72.993896,
              19.0782074
            ]
          ]
        ]
      },
      "id": "way/566099461"
    },
    {
      "type": "Feature",
      "properties": {
        "@id": "way/566277100",
        "amenity": "hospital",
        "emergency": "yes",
        "healthcare": "hospital",
        "name": "Apollo Hospitals - Navi Mumbai",
        "operator": "Apollo Hospitals",
        "operator:type": "private",
        "operator:wikidata": "Q4780321",
        "phone": "+ 912233503350"
      },
      "geometry": {
        "type": "Polygon",
        "coordinates": [
          [
            [
              73.0285687,
              19.0212448
            ],
            [
              73.0285594,
              19.0211021
            ],
            [
              73.0286076,
              19.0207496
            ],
            [
              73.0289449,
              19.0199923
            ],
            [
              73.029004,
              19.0198796
            ],
            [
              73.0290535,
              19.0197926
            ],
            [
              73.0291281,
              19.0197245
            ],
            [
              73.0292107,
              19.0196889
            ],
            [
              73.0292919,
              19.0196867
            ],
            [
              73.0293555,
              19.0197036
            ],
            [
              73.0294026,
              19.0197314
            ],
            [
              73.0294464,
              19.0197726
            ],
            [
              73.0294959,
              19.0198596
            ],
            [
              73.0295049,
              19.0199435
            ],
            [
              73.0295542,
              19.0204047
            ],
            [
              73.0296198,
              19.0210173
            ],
            [
              73.0285687,
              19.0212448
            ]
          ]
        ]
      },
      "id": "way/566277100"
    },
    {
      "type": "Feature",
      "properties": {
        "@id": "way/569828892",
        "amenity": "school",
        "check_date": "2026-02-05",
        "name": "Ryan International School - Nerul"
      },
      "geometry": {
        "type": "Polygon",
        "coordinates": [
          [
            [
              73.0274742,
              19.0298864
            ],
            [
              73.0283049,
              19.0298778
            ],
            [
              73.0283205,
              19.0303097
            ],
            [
              73.0286661,
              19.0302986
            ],
            [
              73.0286729,
              19.0303986
            ],
            [
              73.0286473,
              19.0306871
            ],
            [
              73.028565,
              19.0309623
            ],
            [
              73.02816,
              19.0308703
            ],
            [
              73.0274742,
              19.0298864
            ]
          ]
        ]
      },
      "id": "way/569828892"
    },
    {
      "type": "Feature",
      "properties": {
        "@id": "way/572043474",
        "addr:district": "Thane",
        "addr:full": "6, Cbd, Belapur, Navi Mumbai",
        "addr:postcode": "400614",
        "addr:state": "Maharashtra",
        "amenity": "hospital",
        "check_date": "2025-12-19",
        "healthcare": "hospital",
        "name": "Mahatma Gandhi Missions Hospital",
        "name:etymology:wikidata": "Q1001",
        "source": "OpenGovernmentData"
      },
      "geometry": {
        "type": "Polygon",
        "coordinates": [
          [
            [
              73.0414272,
              19.0262018
            ],
            [
              73.0410384,
              19.0258158
            ],
            [
              73.0414871,
              19.0254215
            ],
            [
              73.0416216,
              19.0253034
            ],
            [
              73.0419578,
              19.0257283
            ],
            [
              73.0414272,
              19.0262018
            ]
          ]
        ]
      },
      "id": "way/572043474"
    },
    {
      "type": "Feature",
      "properties": {
        "@id": "way/572046185",
        "amenity": "hospital",
        "healthcare": "hospital",
        "name": "ESIC Hospital"
      },
      "geometry": {
        "type": "Polygon",
        "coordinates": [
          [
            [
              72.9893399,
              19.0749895
            ],
            [
              72.9892366,
              19.0739245
            ],
            [
              72.9902459,
              19.0738369
            ],
            [
              72.9903494,
              19.074902
            ],
            [
              72.9893399,
              19.0749895
            ]
          ]
        ]
      },
      "id": "way/572046185"
    },
    {
      "type": "Feature",
      "properties": {
        "@id": "way/572638500",
        "amenity": "school",
        "name": "Dnyandip Seva Mandal High School"
      },
      "geometry": {
        "type": "Polygon",
        "coordinates": [
          [
            [
              73.0096622,
              19.0206931
            ],
            [
              73.0096006,
              19.0204521
            ],
            [
              73.0095899,
              19.0202915
            ],
            [
              73.0096041,
              19.0202329
            ],
            [
              73.0096236,
              19.0201928
            ],
            [
              73.0096961,
              19.0200639
            ],
            [
              73.0098394,
              19.0200338
            ],
            [
              73.0102797,
              19.0201001
            ],
            [
              73.0101839,
              19.0207284
            ],
            [
              73.0096622,
              19.0206931
            ]
          ]
        ]
      },
      "id": "way/572638500"
    },
    {
      "type": "Feature",
      "properties": {
        "@id": "way/572818160",
        "amenity": "school",
        "name": "Vidyabhavan High School"
      },
      "geometry": {
        "type": "Polygon",
        "coordinates": [
          [
            [
              73.0094078,
              19.0342158
            ],
            [
              73.0093428,
              19.0332248
            ],
            [
              73.0097753,
              19.0331995
            ],
            [
              73.0098938,
              19.0331926
            ],
            [
              73.0099586,
              19.0341836
            ],
            [
              73.0094078,
              19.0342158
            ]
          ]
        ]
      },
      "id": "way/572818160"
    },
    {
      "type": "Feature",
      "properties": {
        "@id": "way/572818162",
        "amenity": "school",
        "name": "Delhi Public World School and NR Bhagat school"
      },
      "geometry": {
        "type": "Polygon",
        "coordinates": [
          [
            [
              73.0130769,
              19.0378339
            ],
            [
              73.0130414,
              19.0371728
            ],
            [
              73.0136176,
              19.0371452
            ],
            [
              73.0136531,
              19.0378062
            ],
            [
              73.0130769,
              19.0378339
            ]
          ]
        ]
      },
      "id": "way/572818162"
    },
    {
      "type": "Feature",
      "properties": {
        "@id": "way/572820086",
        "amenity": "school",
        "name": "NMMC School - Sarsole"
      },
      "geometry": {
        "type": "Polygon",
        "coordinates": [
          [
            [
              73.0138818,
              19.0433182
            ],
            [
              73.0138216,
              19.0427461
            ],
            [
              73.0145682,
              19.0427141
            ],
            [
              73.0146375,
              19.0433043
            ],
            [
              73.0138818,
              19.0433182
            ]
          ]
        ]
      },
      "id": "way/572820086"
    },
    {
      "type": "Feature",
      "properties": {
        "@id": "way/573403994",
        "amenity": "school",
        "name": "I.E.S High School - Navi Mumbai"
      },
      "geometry": {
        "type": "Polygon",
        "coordinates": [
          [
            [
              72.9950159,
              19.0707881
            ],
            [
              72.9958748,
              19.0707333
            ],
            [
              72.9959272,
              19.0714656
            ],
            [
              72.9958252,
              19.0714722
            ],
            [
              72.9958428,
              19.0717194
            ],
            [
              72.9950859,
              19.0717677
            ],
            [
              72.9950159,
              19.0707881
            ]
          ]
        ]
      },
      "id": "way/573403994"
    },
    {
      "type": "Feature",
      "properties": {
        "@id": "way/573411518",
        "amenity": "school",
        "name": "Anjuman-I-Islam High School"
      },
      "geometry": {
        "type": "Polygon",
        "coordinates": [
          [
            [
              73.0130796,
              19.0729981
            ],
            [
              73.013023,
              19.0723697
            ],
            [
              73.0135864,
              19.0723243
            ],
            [
              73.013643,
              19.0729527
            ],
            [
              73.0130796,
              19.0729981
            ]
          ]
        ]
      },
      "id": "way/573411518"
    },
    {
      "type": "Feature",
      "properties": {
        "@id": "way/573411521",
        "amenity": "school",
        "name": "ICL Monami High School"
      },
      "geometry": {
        "type": "Polygon",
        "coordinates": [
          [
            [
              73.0123703,
              19.072427
            ],
            [
              73.0124336,
              19.0730717
            ],
            [
              73.0118888,
              19.0731195
            ],
            [
              73.0118254,
              19.0724748
            ],
            [
              73.0123703,
              19.072427
            ]
          ]
        ]
      },
      "id": "way/573411521"
    },
    {
      "type": "Feature",
      "properties": {
        "@id": "way/573585813",
        "amenity": "school"
      },
      "geometry": {
        "type": "Polygon",
        "coordinates": [
          [
            [
              73.0049092,
              19.0663487
            ],
            [
              73.0048606,
              19.065479
            ],
            [
              73.0057223,
              19.065698
            ],
            [
              73.0057563,
              19.0663064
            ],
            [
              73.0055359,
              19.0663174
            ],
            [
              73.0049092,
              19.0663487
            ]
          ]
        ]
      },
      "id": "way/573585813"
    },
    {
      "type": "Feature",
      "properties": {
        "@id": "way/575018131",
        "amenity": "school",
        "name": "Amrita Vidyalayam School & Jr. College"
      },
      "geometry": {
        "type": "Polygon",
        "coordinates": [
          [
            [
              73.0163788,
              19.0493208
            ],
            [
              73.0165035,
              19.0485633
            ],
            [
              73.0165942,
              19.0485744
            ],
            [
              73.0166745,
              19.0480863
            ],
            [
              73.0173158,
              19.0481803
            ],
            [
              73.017236,
              19.0486731
            ],
            [
              73.0169223,
              19.0486277
            ],
            [
              73.0167994,
              19.049386
            ],
            [
              73.0163788,
              19.0493208
            ]
          ]
        ]
      },
      "id": "way/575018131"
    },
    {
      "type": "Feature",
      "properties": {
        "@id": "way/575018140",
        "amenity": "school",
        "name": "NMMC School"
      },
      "geometry": {
        "type": "Polygon",
        "coordinates": [
          [
            [
              73.0162045,
              19.0517218
            ],
            [
              73.0162965,
              19.0510561
            ],
            [
              73.016838,
              19.0510929
            ],
            [
              73.0167353,
              19.0517754
            ],
            [
              73.0162045,
              19.0517218
            ]
          ]
        ]
      },
      "id": "way/575018140"
    },
    {
      "type": "Feature",
      "properties": {
        "@id": "way/575831941",
        "amenity": "school",
        "name": "D.Y. Patil School & Jr. College"
      },
      "geometry": {
        "type": "Polygon",
        "coordinates": [
          [
            [
              73.0449946,
              19.0265223
            ],
            [
              73.0441631,
              19.0256665
            ],
            [
              73.044442,
              19.0254243
            ],
            [
              73.0452735,
              19.0262801
            ],
            [
              73.0449946,
              19.0265223
            ]
          ]
        ]
      },
      "id": "way/575831941"
    },
    {
      "type": "Feature",
      "properties": {
        "@id": "way/575831945",
        "amenity": "school",
        "name": "Bharati Vidyapeeth Prashala School & Jr. College"
      },
      "geometry": {
        "type": "Polygon",
        "coordinates": [
          [
            [
              73.0418437,
              19.0282522
            ],
            [
              73.0421661,
              19.0279717
            ],
            [
              73.0424207,
              19.0282334
            ],
            [
              73.0427141,
              19.0285348
            ],
            [
              73.0423917,
              19.0288152
            ],
            [
              73.0418437,
              19.0282522
            ]
          ]
        ]
      },
      "id": "way/575831945"
    },
    {
      "type": "Feature",
      "properties": {
        "@id": "way/575838155",
        "amenity": "school",
        "name": "People's Education Society High School"
      },
      "geometry": {
        "type": "Polygon",
        "coordinates": [
          [
            [
              73.0360533,
              19.0287239
            ],
            [
              73.036383,
              19.0284427
            ],
            [
              73.0367742,
              19.0288526
            ],
            [
              73.0364445,
              19.0291338
            ],
            [
              73.0360533,
              19.0287239
            ]
          ]
        ]
      },
      "id": "way/575838155"
    },
    {
      "type": "Feature",
      "properties": {
        "@id": "way/576152959",
        "addr:city": "andheri east",
        "addr:postcode": "400099",
        "addr:street": "I A Project Road",
        "amenity": "school",
        "building:levels": "4",
        "grades": "jr.kg to 10",
        "name": "Our Lady Of Health High School"
      },
      "geometry": {
        "type": "Polygon",
        "coordinates": [
          [
            [
              72.8656523,
              19.0989296
            ],
            [
              72.866036,
              19.0988858
            ],
            [
              72.8663546,
              19.0989112
            ],
            [
              72.8665911,
              19.0989767
            ],
            [
              72.8668414,
              19.0991224
            ],
            [
              72.8669031,
              19.0993915
            ],
            [
              72.8665638,
              19.0996006
            ],
            [
              72.8659772,
              19.0996433
            ],
            [
              72.8659065,
              19.0994343
            ],
            [
              72.8657674,
              19.0994257
            ],
            [
              72.8656523,
              19.0989296
            ]
          ]
        ]
      },
      "id": "way/576152959"
    },
    {
      "type": "Feature",
      "properties": {
        "@id": "way/576734402",
        "addr:city": "Navi Mumbai",
        "addr:housenumber": "Sector-48",
        "addr:postcode": "400706",
        "addr:street": "Sri Anil Kanngaonkar Marg",
        "amenity": "hospital",
        "healthcare": "hospital",
        "name": "NMMC Hospital",
        "operator": "NMMC"
      },
      "geometry": {
        "type": "Polygon",
        "coordinates": [
          [
            [
              73.0160082,
              19.0114788
            ],
            [
              73.0161782,
              19.0113304
            ],
            [
              73.016269,
              19.0114234
            ],
            [
              73.016099,
              19.0115718
            ],
            [
              73.0160082,
              19.0114788
            ]
          ]
        ]
      },
      "id": "way/576734402"
    },
    {
      "type": "Feature",
      "properties": {
        "@id": "way/578325204",
        "amenity": "school",
        "name": "Marathi School"
      },
      "geometry": {
        "type": "Polygon",
        "coordinates": [
          [
            [
              73.0110486,
              19.0355935
            ],
            [
              73.0113472,
              19.0355789
            ],
            [
              73.0113784,
              19.0361479
            ],
            [
              73.0110799,
              19.0361625
            ],
            [
              73.0110486,
              19.0355935
            ]
          ]
        ]
      },
      "id": "way/578325204"
    },
    {
      "type": "Feature",
      "properties": {
        "@id": "way/578325215",
        "amenity": "hospital",
        "healthcare": "hospital",
        "name": "Sunshine Hospital"
      },
      "geometry": {
        "type": "Polygon",
        "coordinates": [
          [
            [
              73.0096193,
              19.0364455
            ],
            [
              73.0096072,
              19.0361858
            ],
            [
              73.009822,
              19.0361769
            ],
            [
              73.0098341,
              19.0364365
            ],
            [
              73.0096193,
              19.0364455
            ]
          ]
        ]
      },
      "id": "way/578325215"
    },
    {
      "type": "Feature",
      "properties": {
        "@id": "way/578746045",
        "amenity": "school",
        "name": "Dr. SV Samant High School & Jr. College"
      },
      "geometry": {
        "type": "Polygon",
        "coordinates": [
          [
            [
              73.0138375,
              19.0682113
            ],
            [
              73.0145416,
              19.0681564
            ],
            [
              73.014592,
              19.0687282
            ],
            [
              73.0138856,
              19.0687826
            ],
            [
              73.0138375,
              19.0682113
            ]
          ]
        ]
      },
      "id": "way/578746045"
    },
    {
      "type": "Feature",
      "properties": {
        "@id": "way/578746046",
        "amenity": "school",
        "name": "NMMC School"
      },
      "geometry": {
        "type": "Polygon",
        "coordinates": [
          [
            [
              73.0138856,
              19.0687826
            ],
            [
              73.0132798,
              19.0688328
            ],
            [
              73.0132269,
              19.0682618
            ],
            [
              73.0138375,
              19.0682113
            ],
            [
              73.0138856,
              19.0687826
            ]
          ]
        ]
      },
      "id": "way/578746046"
    },
    {
      "type": "Feature",
      "properties": {
        "@id": "way/578746055",
        "amenity": "school",
        "name": "Swami Vivekanand Sankul School",
        "name:etymology:wikidata": "Q47478"
      },
      "geometry": {
        "type": "Polygon",
        "coordinates": [
          [
            [
              73.0118991,
              19.0641465
            ],
            [
              73.0119052,
              19.0635699
            ],
            [
              73.0126354,
              19.0635758
            ],
            [
              73.0126389,
              19.0631199
            ],
            [
              73.013304,
              19.0631273
            ],
            [
              73.0132886,
              19.0636952
            ],
            [
              73.0126724,
              19.0638058
            ],
            [
              73.012657,
              19.0641582
            ],
            [
              73.0118991,
              19.0641465
            ]
          ]
        ]
      },
      "id": "way/578746055"
    },
    {
      "type": "Feature",
      "properties": {
        "@id": "way/578746074",
        "amenity": "school",
        "name": "Ryan International School - Sanpada"
      },
      "geometry": {
        "type": "Polygon",
        "coordinates": [
          [
            [
              73.0147855,
              19.0590552
            ],
            [
              73.0147962,
              19.0583698
            ],
            [
              73.0148058,
              19.0577564
            ],
            [
              73.0155092,
              19.0577756
            ],
            [
              73.015497,
              19.0582367
            ],
            [
              73.0152734,
              19.0582367
            ],
            [
              73.015253,
              19.0590552
            ],
            [
              73.0147855,
              19.0590552
            ]
          ]
        ]
      },
      "id": "way/578746074"
    },
    {
      "type": "Feature",
      "properties": {
        "@id": "way/578783774",
        "amenity": "school",
        "name": "NMMC School"
      },
      "geometry": {
        "type": "Polygon",
        "coordinates": [
          [
            [
              73.0149034,
              19.0652663
            ],
            [
              73.0149211,
              19.0649531
            ],
            [
              73.0154254,
              19.0649861
            ],
            [
              73.0157875,
              19.0649633
            ],
            [
              73.0158197,
              19.0650013
            ],
            [
              73.0159082,
              19.0653511
            ],
            [
              73.0157756,
              19.0654782
            ],
            [
              73.0151441,
              19.0655038
            ],
            [
              73.0149034,
              19.0652663
            ]
          ]
        ]
      },
      "id": "way/578783774"
    },
    {
      "type": "Feature",
      "properties": {
        "@id": "way/578790409",
        "amenity": "school",
        "name": "Jaipuriar School"
      },
      "geometry": {
        "type": "Polygon",
        "coordinates": [
          [
            [
              73.0048448,
              19.0564896
            ],
            [
              73.0054077,
              19.0560106
            ],
            [
              73.0057954,
              19.0564176
            ],
            [
              73.0052324,
              19.0568966
            ],
            [
              73.0048448,
              19.0564896
            ]
          ]
        ]
      },
      "id": "way/578790409"
    },
    {
      "type": "Feature",
      "properties": {
        "@id": "way/578793270",
        "amenity": "school",
        "name": "Sadhu Vaswani International School",
        "name:etymology:wikidata": "Q3634783"
      },
      "geometry": {
        "type": "Polygon",
        "coordinates": [
          [
            [
              73.0048322,
              19.0615245
            ],
            [
              73.0053333,
              19.06123
            ],
            [
              73.0056219,
              19.0616299
            ],
            [
              73.0051315,
              19.061946
            ],
            [
              73.0048322,
              19.0615245
            ]
          ]
        ]
      },
      "id": "way/578793270"
    },
    {
      "type": "Feature",
      "properties": {
        "@id": "way/596071800",
        "amenity": "school",
        "name": "SBOA Public School"
      },
      "geometry": {
        "type": "Polygon",
        "coordinates": [
          [
            [
              73.0249603,
              19.0395185
            ],
            [
              73.025381,
              19.039157
            ],
            [
              73.0258893,
              19.0396903
            ],
            [
              73.0258075,
              19.0397576
            ],
            [
              73.0254775,
              19.0400289
            ],
            [
              73.0249603,
              19.0395185
            ]
          ]
        ]
      },
      "id": "way/596071800"
    },
    {
      "type": "Feature",
      "properties": {
        "@id": "way/606354825",
        "amenity": "school",
        "name": "North Point School"
      },
      "geometry": {
        "type": "Polygon",
        "coordinates": [
          [
            [
              73.0045941,
              19.1047948
            ],
            [
              73.004804,
              19.1041124
            ],
            [
              73.0061078,
              19.1044706
            ],
            [
              73.005898,
              19.1051528
            ],
            [
              73.0045941,
              19.1047948
            ]
          ]
        ]
      },
      "id": "way/606354825"
    },
    {
      "type": "Feature",
      "properties": {
        "@id": "way/606556901",
        "amenity": "school",
        "name": "Terna Orchids International Schoool"
      },
      "geometry": {
        "type": "Polygon",
        "coordinates": [
          [
            [
              73.0049587,
              19.1103918
            ],
            [
              73.0051616,
              19.10973
            ],
            [
              73.0064799,
              19.1100909
            ],
            [
              73.0062769,
              19.1107528
            ],
            [
              73.0049587,
              19.1103918
            ]
          ]
        ]
      },
      "id": "way/606556901"
    },
    {
      "type": "Feature",
      "properties": {
        "@id": "way/606556903",
        "amenity": "school",
        "name": "NMMC School"
      },
      "geometry": {
        "type": "Polygon",
        "coordinates": [
          [
            [
              73.0031048,
              19.1098845
            ],
            [
              73.0033109,
              19.1092148
            ],
            [
              73.0041204,
              19.1094373
            ],
            [
              73.0039142,
              19.110107
            ],
            [
              73.0031048,
              19.1098845
            ]
          ]
        ]
      },
      "id": "way/606556903"
    },
    {
      "type": "Feature",
      "properties": {
        "@id": "way/606563077",
        "amenity": "school",
        "name": "Reliance Foundation School KK",
        "operator": "RELIANCE"
      },
      "geometry": {
        "type": "Polygon",
        "coordinates": [
          [
            [
              73.0016669,
              19.0976942
            ],
            [
              73.0020243,
              19.0965859
            ],
            [
              73.0027289,
              19.0967899
            ],
            [
              73.0023758,
              19.0978972
            ],
            [
              73.0016669,
              19.0976942
            ]
          ]
        ]
      },
      "id": "way/606563077"
    },
    {
      "type": "Feature",
      "properties": {
        "@id": "way/606563079",
        "addr:housenumber": "59",
        "addr:postcode": "400709",
        "addr:street": "Gyan Vikas Road, 59, Kopar khairane, Sector 14, Ghansoli",
        "amenity": "school",
        "email": "communications.oiskkh2@orchids.edu.in",
        "name:en": "Orchids The International School",
        "opening_hours": "Mo-Su 09:00-18:30",
        "operator": "Orchids International School",
        "phone": "+919513922803",
        "website": "https://www.orchidsinternationalschool.com/mumbai-branches/ghansoli/"
      },
      "geometry": {
        "type": "Polygon",
        "coordinates": [
          [
            [
              73.0016669,
              19.0976942
            ],
            [
              73.0023758,
              19.0978972
            ],
            [
              73.002168,
              19.0985452
            ],
            [
              73.0014591,
              19.0983422
            ],
            [
              73.0016669,
              19.0976942
            ]
          ]
        ]
      },
      "id": "way/606563079"
    },
    {
      "type": "Feature",
      "properties": {
        "@id": "way/606593708",
        "amenity": "school",
        "name": "R.F Naik School & Junior College"
      },
      "geometry": {
        "type": "Polygon",
        "coordinates": [
          [
            [
              73.0079124,
              19.1009595
            ],
            [
              73.008125,
              19.1002841
            ],
            [
              73.0094479,
              19.1006559
            ],
            [
              73.0092353,
              19.1013313
            ],
            [
              73.0079124,
              19.1009595
            ]
          ]
        ]
      },
      "id": "way/606593708"
    },
    {
      "type": "Feature",
      "properties": {
        "@id": "way/606593709",
        "amenity": "school",
        "grades": "NURSERY TO 12",
        "name": "St. Mary's ICSE School, KK"
      },
      "geometry": {
        "type": "Polygon",
        "coordinates": [
          [
            [
              73.0067161,
              19.0997444
            ],
            [
              73.0068655,
              19.0992713
            ],
            [
              73.0074798,
              19.0994445
            ],
            [
              73.0075003,
              19.0993796
            ],
            [
              73.0081948,
              19.0995754
            ],
            [
              73.008025,
              19.1001134
            ],
            [
              73.0067161,
              19.0997444
            ]
          ]
        ]
      },
      "id": "way/606593709"
    },
    {
      "type": "Feature",
      "properties": {
        "@id": "way/612662847",
        "amenity": "school",
        "name": "Radcliff School"
      },
      "geometry": {
        "type": "Polygon",
        "coordinates": [
          [
            [
              73.0273091,
              18.9786818
            ],
            [
              73.026677,
              18.9775714
            ],
            [
              73.0271729,
              18.9772985
            ],
            [
              73.0277344,
              18.9783275
            ],
            [
              73.0277444,
              18.9784534
            ],
            [
              73.0273091,
              18.9786818
            ]
          ]
        ]
      },
      "id": "way/612662847"
    },
    {
      "type": "Feature",
      "properties": {
        "@id": "way/614485007",
        "addr:city": "Navi Mumbai",
        "addr:postcode": "400706",
        "addr:street": "Ramesh Sankarrow Hebbar Marg",
        "amenity": "school",
        "name": "NMMC School - Seawoods",
        "operator": "NMMC"
      },
      "geometry": {
        "type": "Polygon",
        "coordinates": [
          [
            [
              73.0172552,
              19.0115616
            ],
            [
              73.0172817,
              19.0112256
            ],
            [
              73.0171874,
              19.0112189
            ],
            [
              73.0172012,
              19.0110434
            ],
            [
              73.017497,
              19.0110643
            ],
            [
              73.0174566,
              19.0115758
            ],
            [
              73.0174432,
              19.0117463
            ],
            [
              73.0172552,
              19.0115616
            ]
          ]
        ]
      },
      "id": "way/614485007"
    },
    {
      "type": "Feature",
      "properties": {
        "@id": "way/615442019",
        "amenity": "school"
      },
      "geometry": {
        "type": "Polygon",
        "coordinates": [
          [
            [
              73.0118212,
              18.964226
            ],
            [
              73.0117358,
              18.9636051
            ],
            [
              73.0128802,
              18.9635359
            ],
            [
              73.0126139,
              18.9642395
            ],
            [
              73.0118212,
              18.964226
            ]
          ]
        ]
      },
      "id": "way/615442019"
    },
    {
      "type": "Feature",
      "properties": {
        "@id": "way/618791586",
        "addr:district": "Mumbai",
        "addr:full": "Acharya Donde Marg, Parel East, Parel",
        "addr:postcode": "400012",
        "addr:state": "Maharashtra",
        "amenity": "hospital",
        "check_date": "2026-03-20",
        "healthcare": "hospital",
        "healthcare:speciality": "paediatrics",
        "name": "Nowrosjee Wadia Maternity Hospital",
        "source": "OpenGovernmentData"
      },
      "geometry": {
        "type": "Polygon",
        "coordinates": [
          [
            [
              72.8408459,
              19.0047571
            ],
            [
              72.8433755,
              19.0023236
            ],
            [
              72.8437904,
              19.0020113
            ],
            [
              72.8438994,
              19.0031178
            ],
            [
              72.8418314,
              19.0051752
            ],
            [
              72.8410441,
              19.0051988
            ],
            [
              72.8408459,
              19.0047571
            ]
          ]
        ]
      },
      "id": "way/618791586"
    },
    {
      "type": "Feature",
      "properties": {
        "@id": "way/625809287",
        "amenity": "school",
        "name": "Baradevi Municipal School"
      },
      "geometry": {
        "type": "Polygon",
        "coordinates": [
          [
            [
              72.848355,
              19.000061
            ],
            [
              72.8477105,
              19.0003582
            ],
            [
              72.8475255,
              19.0000235
            ],
            [
              72.8481477,
              18.9997217
            ],
            [
              72.848355,
              19.000061
            ]
          ]
        ]
      },
      "id": "way/625809287"
    },
    {
      "type": "Feature",
      "properties": {
        "@id": "way/626185282",
        "amenity": "school",
        "education": "school",
        "name": "Swami Muktanand High School"
      },
      "geometry": {
        "type": "Polygon",
        "coordinates": [
          [
            [
              72.9053083,
              19.0601405
            ],
            [
              72.9060808,
              19.059783
            ],
            [
              72.9062176,
              19.060067
            ],
            [
              72.9054612,
              19.0604067
            ],
            [
              72.9053083,
              19.0601405
            ]
          ]
        ]
      },
      "id": "way/626185282"
    },
    {
      "type": "Feature",
      "properties": {
        "@id": "way/626243775",
        "addr:city": "mumbai",
        "addr:postcode": "400088",
        "addr:street": "Tata Nagar Road",
        "amenity": "school",
        "name": "Kumud Vidyamandir"
      },
      "geometry": {
        "type": "Polygon",
        "coordinates": [
          [
            [
              72.9214345,
              19.051193
            ],
            [
              72.9210454,
              19.0506193
            ],
            [
              72.9215652,
              19.0503063
            ],
            [
              72.92193,
              19.0508894
            ],
            [
              72.9214345,
              19.051193
            ]
          ]
        ]
      },
      "id": "way/626243775"
    },
    {
      "type": "Feature",
      "properties": {
        "@id": "way/626243855",
        "amenity": "school",
        "name": "New Model English High Schood"
      },
      "geometry": {
        "type": "Polygon",
        "coordinates": [
          [
            [
              72.9220748,
              19.0528669
            ],
            [
              72.9222867,
              19.0531484
            ],
            [
              72.9219514,
              19.0533436
            ],
            [
              72.9217529,
              19.0530875
            ],
            [
              72.9220748,
              19.0528669
            ]
          ]
        ]
      },
      "id": "way/626243855"
    },
    {
      "type": "Feature",
      "properties": {
        "@id": "way/626243856",
        "amenity": "school",
        "name": "Municipalty School"
      },
      "geometry": {
        "type": "Polygon",
        "coordinates": [
          [
            [
              72.9229546,
              19.0516196
            ],
            [
              72.9230994,
              19.0516424
            ],
            [
              72.9230061,
              19.052172
            ],
            [
              72.9224423,
              19.0524993
            ],
            [
              72.9221571,
              19.0521285
            ],
            [
              72.9225718,
              19.0518692
            ],
            [
              72.9229546,
              19.0516196
            ]
          ]
        ]
      },
      "id": "way/626243856"
    },
    {
      "type": "Feature",
      "properties": {
        "@id": "way/626348904",
        "addr:postcode": "400043",
        "amenity": "school",
        "name": "BMC school"
      },
      "geometry": {
        "type": "Polygon",
        "coordinates": [
          [
            [
              72.9120621,
              19.0584242
            ],
            [
              72.9115471,
              19.0584166
            ],
            [
              72.911523,
              19.0581504
            ],
            [
              72.9119199,
              19.057978
            ],
            [
              72.9121104,
              19.0580515
            ],
            [
              72.9120621,
              19.0584242
            ]
          ]
        ]
      },
      "id": "way/626348904"
    },
    {
      "type": "Feature",
      "properties": {
        "@id": "way/626348956",
        "amenity": "school",
        "name": "RBK International School"
      },
      "geometry": {
        "type": "Polygon",
        "coordinates": [
          [
            [
              72.9129258,
              19.063355
            ],
            [
              72.9132074,
              19.0623182
            ],
            [
              72.9131108,
              19.062303
            ],
            [
              72.9136983,
              19.0615221
            ],
            [
              72.9139316,
              19.0615424
            ],
            [
              72.9139101,
              19.0619582
            ],
            [
              72.9140362,
              19.0619785
            ],
            [
              72.9141462,
              19.0627846
            ],
            [
              72.9140818,
              19.0629317
            ],
            [
              72.9139879,
              19.0630508
            ],
            [
              72.9129258,
              19.063355
            ]
          ]
        ]
      },
      "id": "way/626348956"
    },
    {
      "type": "Feature",
      "properties": {
        "@id": "way/626376015",
        "amenity": "school",
        "name": "Lokamaniya Tilak High School",
        "name:etymology:wikidata": "Q312555"
      },
      "geometry": {
        "type": "Polygon",
        "coordinates": [
          [
            [
              72.8958455,
              19.0654262
            ],
            [
              72.8956604,
              19.0656189
            ],
            [
              72.8948021,
              19.0656366
            ],
            [
              72.8946412,
              19.0654566
            ],
            [
              72.8958455,
              19.0654262
            ]
          ]
        ]
      },
      "id": "way/626376015"
    },
    {
      "type": "Feature",
      "properties": {
        "@id": "way/626376016",
        "amenity": "school",
        "name": "Lokmaniya Tilak Jr School",
        "name:etymology:wikidata": "Q312555"
      },
      "geometry": {
        "type": "Polygon",
        "coordinates": [
          [
            [
              72.894845,
              19.066425
            ],
            [
              72.8948557,
              19.0661842
            ],
            [
              72.895081,
              19.0662019
            ],
            [
              72.8950167,
              19.0664453
            ],
            [
              72.894845,
              19.066425
            ]
          ]
        ]
      },
      "id": "way/626376016"
    },
    {
      "type": "Feature",
      "properties": {
        "@id": "way/626376017",
        "amenity": "school",
        "name": "Tilak Nagar Municipal School"
      },
      "geometry": {
        "type": "Polygon",
        "coordinates": [
          [
            [
              72.8947911,
              19.067244
            ],
            [
              72.8946894,
              19.0676697
            ],
            [
              72.8940779,
              19.067548
            ],
            [
              72.8940564,
              19.0670513
            ],
            [
              72.8947911,
              19.067244
            ]
          ]
        ]
      },
      "id": "way/626376017"
    },
    {
      "type": "Feature",
      "properties": {
        "@id": "way/626376045",
        "addr:city": "mumbai",
        "addr:postcode": "400088",
        "addr:street": "Deonar Govandi Road",
        "amenity": "school",
        "name": "R.S.T Madhymik Vidhyalay"
      },
      "geometry": {
        "type": "Polygon",
        "coordinates": [
          [
            [
              72.9142052,
              19.0534729
            ],
            [
              72.913548,
              19.0536808
            ],
            [
              72.9135185,
              19.0535185
            ],
            [
              72.9132771,
              19.0535312
            ],
            [
              72.9132101,
              19.0530748
            ],
            [
              72.9141328,
              19.0529937
            ],
            [
              72.9142052,
              19.0534729
            ]
          ]
        ]
      },
      "id": "way/626376045"
    },
    {
      "type": "Feature",
      "properties": {
        "@id": "way/628774504",
        "amenity": "school",
        "check_date": "2025-10-24",
        "name": "St. John The Evangelist High School",
        "religion": "christian"
      },
      "geometry": {
        "type": "Polygon",
        "coordinates": [
          [
            [
              72.8750089,
              19.1119877
            ],
            [
              72.8752477,
              19.1120232
            ],
            [
              72.87554,
              19.112084
            ],
            [
              72.8757948,
              19.1120967
            ],
            [
              72.8758592,
              19.1121575
            ],
            [
              72.8758887,
              19.1122766
            ],
            [
              72.8759853,
              19.1123932
            ],
            [
              72.8760577,
              19.112487
            ],
            [
              72.8760845,
              19.1125833
            ],
            [
              72.8760557,
              19.1127454
            ],
            [
              72.8753415,
              19.1129329
            ],
            [
              72.8751833,
              19.1125297
            ],
            [
              72.8749714,
              19.1124939
            ],
            [
              72.8747407,
              19.1121182
            ],
            [
              72.8750089,
              19.1119877
            ]
          ]
        ]
      },
      "id": "way/628774504"
    },
    {
      "type": "Feature",
      "properties": {
        "@id": "way/628785868",
        "amenity": "school",
        "name": "Holy Family High School",
        "wikidata": "Q5885487",
        "wikipedia": "en:Holy Family High School (Mumbai)"
      },
      "geometry": {
        "type": "Polygon",
        "coordinates": [
          [
            [
              72.8610974,
              19.1168119
            ],
            [
              72.8618109,
              19.1163405
            ],
            [
              72.86246,
              19.1168778
            ],
            [
              72.862798,
              19.1174455
            ],
            [
              72.8628623,
              19.1175874
            ],
            [
              72.8628194,
              19.1176837
            ],
            [
              72.8621167,
              19.1179118
            ],
            [
              72.8615725,
              19.1181069
            ],
            [
              72.8610974,
              19.1168119
            ]
          ]
        ]
      },
      "id": "way/628785868"
    },
    {
      "type": "Feature",
      "properties": {
        "@id": "way/628790463",
        "amenity": "school",
        "name": "Canossa High School"
      },
      "geometry": {
        "type": "Polygon",
        "coordinates": [
          [
            [
              72.8669008,
              19.1264331
            ],
            [
              72.86558,
              19.1265023
            ],
            [
              72.8652256,
              19.1265311
            ],
            [
              72.8639138,
              19.1265624
            ],
            [
              72.8638375,
              19.1263474
            ],
            [
              72.8635504,
              19.1259626
            ],
            [
              72.8635027,
              19.1258638
            ],
            [
              72.8634999,
              19.1258025
            ],
            [
              72.8635132,
              19.1257412
            ],
            [
              72.8635474,
              19.125688
            ],
            [
              72.8636168,
              19.1256401
            ],
            [
              72.8640386,
              19.1255656
            ],
            [
              72.8640972,
              19.1255469
            ],
            [
              72.8641259,
              19.1255378
            ],
            [
              72.8641568,
              19.125528
            ],
            [
              72.8642037,
              19.125513
            ],
            [
              72.8643001,
              19.1257056
            ],
            [
              72.8651178,
              19.1254665
            ],
            [
              72.8651605,
              19.1251827
            ],
            [
              72.8659541,
              19.1253579
            ],
            [
              72.8659884,
              19.1253673
            ],
            [
              72.8660339,
              19.1253793
            ],
            [
              72.8663868,
              19.1255043
            ],
            [
              72.8665471,
              19.1256221
            ],
            [
              72.8666933,
              19.1258595
            ],
            [
              72.8669008,
              19.1264331
            ]
          ]
        ]
      },
      "id": "way/628790463"
    },
    {
      "type": "Feature",
      "properties": {
        "@id": "way/628861213",
        "amenity": "school"
      },
      "geometry": {
        "type": "Polygon",
        "coordinates": [
          [
            [
              72.8888127,
              19.1239889
            ],
            [
              72.8887376,
              19.1240801
            ],
            [
              72.8885043,
              19.1241029
            ],
            [
              72.8883567,
              19.1240801
            ],
            [
              72.8882629,
              19.1240218
            ],
            [
              72.8882387,
              19.1235048
            ],
            [
              72.8887805,
              19.123477
            ],
            [
              72.8888127,
              19.1239889
            ]
          ]
        ]
      },
      "id": "way/628861213"
    },
    {
      "type": "Feature",
      "properties": {
        "@id": "way/632102206",
        "amenity": "school",
        "name": "Indian Educational Society School"
      },
      "geometry": {
        "type": "Polygon",
        "coordinates": [
          [
            [
              72.8873938,
              19.1281702
            ],
            [
              72.8865302,
              19.1288012
            ],
            [
              72.8859133,
              19.1286111
            ],
            [
              72.885814,
              19.1284566
            ],
            [
              72.88638,
              19.1277647
            ],
            [
              72.8873938,
              19.1281702
            ]
          ]
        ]
      },
      "id": "way/632102206"
    },
    {
      "type": "Feature",
      "properties": {
        "@id": "way/637107876",
        "amenity": "hospital",
        "healthcare": "hospital",
        "name": "Ajmera Hospital"
      },
      "geometry": {
        "type": "Polygon",
        "coordinates": [
          [
            [
              73.0401618,
              19.0308054
            ],
            [
              73.0401536,
              19.0302601
            ],
            [
              73.0406525,
              19.0302533
            ],
            [
              73.0406608,
              19.0307986
            ],
            [
              73.0401618,
              19.0308054
            ]
          ]
        ]
      },
      "id": "way/637107876"
    },
    {
      "type": "Feature",
      "properties": {
        "@id": "way/637108173",
        "amenity": "school",
        "name": "NMMC School"
      },
      "geometry": {
        "type": "Polygon",
        "coordinates": [
          [
            [
              73.0402617,
              19.0088847
            ],
            [
              73.0403475,
              19.0087301
            ],
            [
              73.0404497,
              19.0085866
            ],
            [
              73.0405494,
              19.0084928
            ],
            [
              73.0406304,
              19.0084432
            ],
            [
              73.0407398,
              19.0084071
            ],
            [
              73.0408523,
              19.0084033
            ],
            [
              73.0409485,
              19.0084261
            ],
            [
              73.0410143,
              19.0084783
            ],
            [
              73.0410544,
              19.0085437
            ],
            [
              73.0410498,
              19.0089089
            ],
            [
              73.0402617,
              19.0088847
            ]
          ]
        ]
      },
      "id": "way/637108173"
    },
    {
      "type": "Feature",
      "properties": {
        "@id": "way/640023963",
        "addr:city": "Mumbai",
        "addr:postcode": "400070",
        "addr:street": "Holy cross Road",
        "amenity": "school",
        "denomination": "roman_catholic",
        "name": "Holy Cross quaterangle",
        "operator": "holy cross church",
        "religion": "christian"
      },
      "geometry": {
        "type": "Polygon",
        "coordinates": [
          [
            [
              72.8855912,
              19.0829094
            ],
            [
              72.8852291,
              19.0828638
            ],
            [
              72.8852345,
              19.0828004
            ],
            [
              72.8855537,
              19.0826408
            ],
            [
              72.88561,
              19.0827624
            ],
            [
              72.8855912,
              19.0829094
            ]
          ]
        ]
      },
      "id": "way/640023963"
    },
    {
      "type": "Feature",
      "properties": {
        "@id": "way/645621857",
        "amenity": "school",
        "name": "NMMC School"
      },
      "geometry": {
        "type": "Polygon",
        "coordinates": [
          [
            [
              73.0161427,
              19.0348562
            ],
            [
              73.0166533,
              19.0349544
            ],
            [
              73.0166277,
              19.0353836
            ],
            [
              73.0161773,
              19.0353682
            ],
            [
              73.0161427,
              19.0348562
            ]
          ]
        ]
      },
      "id": "way/645621857"
    },
    {
      "type": "Feature",
      "properties": {
        "@id": "way/646750392",
        "amenity": "school"
      },
      "geometry": {
        "type": "Polygon",
        "coordinates": [
          [
            [
              73.0433653,
              19.0325629
            ],
            [
              73.0433767,
              19.0320046
            ],
            [
              73.0444169,
              19.0320235
            ],
            [
              73.0444055,
              19.0325819
            ],
            [
              73.0433653,
              19.0325629
            ]
          ]
        ]
      },
      "id": "way/646750392"
    },
    {
      "type": "Feature",
      "properties": {
        "@id": "way/646769601",
        "amenity": "school"
      },
      "geometry": {
        "type": "Polygon",
        "coordinates": [
          [
            [
              73.0445647,
              19.0303434
            ],
            [
              73.0445942,
              19.0297396
            ],
            [
              73.0446961,
              19.0296939
            ],
            [
              73.0448087,
              19.0296352
            ],
            [
              73.0449497,
              19.0295419
            ],
            [
              73.0451282,
              19.0293946
            ],
            [
              73.0455199,
              19.0298639
            ],
            [
              73.0453255,
              19.0300669
            ],
            [
              73.0452205,
              19.0301506
            ],
            [
              73.04497,
              19.0302857
            ],
            [
              73.0448517,
              19.0303343
            ],
            [
              73.0445647,
              19.0303434
            ]
          ]
        ]
      },
      "id": "way/646769601"
    },
    {
      "type": "Feature",
      "properties": {
        "@id": "way/661924838",
        "amenity": "hospital",
        "healthcare": "hospital",
        "name": "Reliance Hospital"
      },
      "geometry": {
        "type": "Polygon",
        "coordinates": [
          [
            [
              73.0116448,
              19.1059327
            ],
            [
              73.0119088,
              19.1051956
            ],
            [
              73.0120678,
              19.1046246
            ],
            [
              73.0124359,
              19.1036326
            ],
            [
              73.0137475,
              19.1041424
            ],
            [
              73.0133396,
              19.1050177
            ],
            [
              73.0125956,
              19.1063162
            ],
            [
              73.0116448,
              19.1059327
            ]
          ]
        ]
      },
      "id": "way/661924838"
    },
    {
      "type": "Feature",
      "properties": {
        "@id": "way/665481038",
        "addr:district": "Mumbai",
        "addr:full": "K.B.Bhabha Municipal General Hospital, Waterfield Road, Bandra (W)",
        "addr:postcode": "400050",
        "addr:state": "Maharashtra",
        "amenity": "hospital",
        "full_name": "Khurshitji Beharamji Bhabha Municipal General Hospital",
        "full_name:en": "Khurshitji Beharamji Bhabha Municipal General Hospital",
        "healthcare": "hospital",
        "name": "K B Bhabha Municipal General Hospital",
        "official_name": "K B Bhabha Municipal General Hospital",
        "official_name:en": "K B Bhabha Municipal General Hospital",
        "phone": "+912226422775",
        "short_name": "Bhabha Hospital",
        "short_name:en": "Bhabha Hospital",
        "source": "OpenGovernmentData",
        "wikidata": "Q4900481",
        "wikipedia": "en:Bhabha Hospital"
      },
      "geometry": {
        "type": "Polygon",
        "coordinates": [
          [
            [
              72.8338301,
              19.0576636
            ],
            [
              72.8337577,
              19.0577092
            ],
            [
              72.8330362,
              19.0576712
            ],
            [
              72.8330576,
              19.0570577
            ],
            [
              72.833438,
              19.0570865
            ],
            [
              72.8338596,
              19.0571185
            ],
            [
              72.8338301,
              19.0576636
            ]
          ]
        ]
      },
      "id": "way/665481038"
    },
    {
      "type": "Feature",
      "properties": {
        "@id": "way/671540233",
        "addr:city": "Mumbai",
        "addr:postcode": "400070",
        "addr:street": "Pipe Line Road",
        "amenity": "school",
        "denomination": "roman_catholic",
        "name": "Mogli Gardern",
        "operator": "catholic education society",
        "religion": "christian",
        "website": "https://www.michaelhighschool.com/"
      },
      "geometry": {
        "type": "Polygon",
        "coordinates": [
          [
            [
              72.8832982,
              19.083463
            ],
            [
              72.8832522,
              19.0832657
            ],
            [
              72.8833099,
              19.0832378
            ],
            [
              72.883322,
              19.0832809
            ],
            [
              72.883507,
              19.0832175
            ],
            [
              72.8835151,
              19.0833392
            ],
            [
              72.8834708,
              19.0834266
            ],
            [
              72.8834427,
              19.0834304
            ],
            [
              72.8834494,
              19.0834482
            ],
            [
              72.883338,
              19.0834583
            ],
            [
              72.8832982,
              19.083463
            ]
          ]
        ]
      },
      "id": "way/671540233"
    },
    {
      "type": "Feature",
      "properties": {
        "@id": "way/675093586",
        "amenity": "school",
        "name": "Marathi Municipal school",
        "operator": "Brihanmumbai Municipal Corporation"
      },
      "geometry": {
        "type": "Polygon",
        "coordinates": [
          [
            [
              72.9054964,
              19.0758867
            ],
            [
              72.9054749,
              19.0755825
            ],
            [
              72.9058719,
              19.0755927
            ],
            [
              72.9060597,
              19.0758664
            ],
            [
              72.9054964,
              19.0758867
            ]
          ]
        ]
      },
      "id": "way/675093586"
    },
    {
      "type": "Feature",
      "properties": {
        "@id": "way/675094134",
        "amenity": "school",
        "name": "Vidya Bhavan"
      },
      "geometry": {
        "type": "Polygon",
        "coordinates": [
          [
            [
              72.9059524,
              19.0719423
            ],
            [
              72.9061187,
              19.0718409
            ],
            [
              72.9075134,
              19.0720995
            ],
            [
              72.9065585,
              19.072713
            ],
            [
              72.9059524,
              19.0719423
            ]
          ]
        ]
      },
      "id": "way/675094134"
    },
    {
      "type": "Feature",
      "properties": {
        "@id": "way/685548839",
        "amenity": "school",
        "building": "yes",
        "check_date": "2026-03-20",
        "fee": "yes",
        "name": "IES V N Sule Guruji"
      },
      "geometry": {
        "type": "Polygon",
        "coordinates": [
          [
            [
              72.8485681,
              19.0221218
            ],
            [
              72.8484668,
              19.0220128
            ],
            [
              72.8487341,
              19.021828
            ],
            [
              72.8487831,
              19.0217941
            ],
            [
              72.8488778,
              19.021924
            ],
            [
              72.8485681,
              19.0221218
            ]
          ]
        ]
      },
      "id": "way/685548839"
    },
    {
      "type": "Feature",
      "properties": {
        "@id": "way/685548841",
        "amenity": "school",
        "building": "yes",
        "fee": "yes",
        "isced:level": "1;2;3",
        "name": "Raja Shivaji Vidyalay"
      },
      "geometry": {
        "type": "Polygon",
        "coordinates": [
          [
            [
              72.8488831,
              19.0219224
            ],
            [
              72.8487896,
              19.0217914
            ],
            [
              72.8489672,
              19.0216745
            ],
            [
              72.8490043,
              19.02165
            ],
            [
              72.8489502,
              19.0215718
            ],
            [
              72.8490297,
              19.0215195
            ],
            [
              72.8491802,
              19.0217177
            ],
            [
              72.8488831,
              19.0219224
            ]
          ]
        ]
      },
      "id": "way/685548841"
    },
    {
      "type": "Feature",
      "properties": {
        "@id": "way/685548843",
        "amenity": "school",
        "building": "yes",
        "check_date": "2026-03-20",
        "fee": "yes",
        "isced:level": "1;2;3",
        "name": "Digambar Patkar Vidyalaya"
      },
      "geometry": {
        "type": "Polygon",
        "coordinates": [
          [
            [
              72.8488689,
              19.021596
            ],
            [
              72.8484982,
              19.0211261
            ],
            [
              72.8485519,
              19.021086
            ],
            [
              72.8487639,
              19.0211394
            ],
            [
              72.8490152,
              19.0214999
            ],
            [
              72.8488689,
              19.021596
            ]
          ]
        ]
      },
      "id": "way/685548843"
    },
    {
      "type": "Feature",
      "properties": {
        "@id": "way/685548846",
        "amenity": "school",
        "building": "yes",
        "check_date": "2026-03-20",
        "fee": "yes",
        "isced:level": "2;3",
        "name": "IES Orion"
      },
      "geometry": {
        "type": "Polygon",
        "coordinates": [
          [
            [
              72.8478421,
              19.0216807
            ],
            [
              72.8477807,
              19.0215962
            ],
            [
              72.8484668,
              19.0211459
            ],
            [
              72.8485323,
              19.0212324
            ],
            [
              72.8479154,
              19.0216331
            ],
            [
              72.8478421,
              19.0216807
            ]
          ]
        ]
      },
      "id": "way/685548846"
    },
    {
      "type": "Feature",
      "properties": {
        "@id": "way/685553901",
        "amenity": "school",
        "name": "Bansidhar Agarwal High School"
      },
      "geometry": {
        "type": "Polygon",
        "coordinates": [
          [
            [
              72.8558314,
              19.0177099
            ],
            [
              72.8557233,
              19.017565
            ],
            [
              72.8559479,
              19.0174032
            ],
            [
              72.8560108,
              19.0174841
            ],
            [
              72.8559336,
              19.0175459
            ],
            [
              72.8559788,
              19.0176032
            ],
            [
              72.8558314,
              19.0177099
            ]
          ]
        ]
      },
      "id": "way/685553901"
    },
    {
      "type": "Feature",
      "properties": {
        "@id": "way/687295050",
        "amenity": "school",
        "name": "Dnyaneshwar Vidyalay"
      },
      "geometry": {
        "type": "Polygon",
        "coordinates": [
          [
            [
              72.8542333,
              19.0084633
            ],
            [
              72.8542451,
              19.0073364
            ],
            [
              72.8544107,
              19.0073447
            ],
            [
              72.8544609,
              19.0077913
            ],
            [
              72.8545619,
              19.0081188
            ],
            [
              72.8545362,
              19.0084558
            ],
            [
              72.8542333,
              19.0084633
            ]
          ]
        ]
      },
      "id": "way/687295050"
    },
    {
      "type": "Feature",
      "properties": {
        "@id": "way/695888844",
        "addr:city": "Mumbai",
        "addr:housenumber": "5A, 6",
        "addr:postcode": "400022",
        "addr:street": "Road No 24",
        "amenity": "school",
        "building": "yes",
        "building:levels": "4",
        "check_date": "2026-03-20",
        "name": "Dharmaprakash Sreenivasaiah High School"
      },
      "geometry": {
        "type": "Polygon",
        "coordinates": [
          [
            [
              72.8616499,
              19.0420801
            ],
            [
              72.8617866,
              19.0419897
            ],
            [
              72.8620217,
              19.0423072
            ],
            [
              72.8622536,
              19.0421705
            ],
            [
              72.8623308,
              19.0422875
            ],
            [
              72.8619729,
              19.0425162
            ],
            [
              72.8616499,
              19.0420801
            ]
          ]
        ]
      },
      "id": "way/695888844"
    },
    {
      "type": "Feature",
      "properties": {
        "@id": "way/723512525",
        "amenity": "school",
        "brand": "Kendriya Vidyalaya",
        "brand:wikidata": "Q1156653",
        "name": "Kendriya Vidyalaya IIT Powai"
      },
      "geometry": {
        "type": "Polygon",
        "coordinates": [
          [
            [
              72.9189228,
              19.1296655
            ],
            [
              72.9172629,
              19.1295031
            ],
            [
              72.9172093,
              19.1294474
            ],
            [
              72.9176679,
              19.1286618
            ],
            [
              72.9177698,
              19.1285757
            ],
            [
              72.9182339,
              19.1285782
            ],
            [
              72.9184002,
              19.1285605
            ],
            [
              72.9186174,
              19.1284262
            ],
            [
              72.9187167,
              19.1284033
            ],
            [
              72.9188162,
              19.1283829
            ],
            [
              72.9189547,
              19.1284527
            ],
            [
              72.9190199,
              19.1285985
            ],
            [
              72.9189754,
              19.1296269
            ],
            [
              72.9189228,
              19.1296655
            ]
          ]
        ]
      },
      "id": "way/723512525"
    },
    {
      "type": "Feature",
      "properties": {
        "@id": "way/723546403",
        "amenity": "school",
        "brand": "Kendriya Vidyalaya",
        "brand:wikidata": "Q1156653",
        "name": "Kendriya Vidyalaya Bhandup"
      },
      "geometry": {
        "type": "Polygon",
        "coordinates": [
          [
            [
              72.924378,
              19.126216
            ],
            [
              72.9233229,
              19.1263956
            ],
            [
              72.9232102,
              19.1257469
            ],
            [
              72.9242519,
              19.1255607
            ],
            [
              72.924378,
              19.126216
            ]
          ]
        ]
      },
      "id": "way/723546403"
    },
    {
      "type": "Feature",
      "properties": {
        "@id": "way/725098202",
        "addr:city": "Mumbai",
        "addr:postcode": "400013",
        "addr:street": "Ganpatrao Kadam Mar",
        "amenity": "school",
        "building": "yes",
        "building:levels": "9",
        "name": "French International School of Mumbai",
        "name:fr": "Ecole Francaise Internationale Bombay",
        "source": "http://www.efib.in/fr/wp-admin/wp-content/uploads/sites/2/2015/PDF/Presentation%20Building%20EFIB%20compressed%20x.pdf",
        "website": "http://www.efib.in"
      },
      "geometry": {
        "type": "Polygon",
        "coordinates": [
          [
            [
              72.8280749,
              18.9967688
            ],
            [
              72.8281384,
              18.996451
            ],
            [
              72.8284016,
              18.9964821
            ],
            [
              72.8283376,
              18.9967979
            ],
            [
              72.8280749,
              18.9967688
            ]
          ]
        ]
      },
      "id": "way/725098202"
    },
    {
      "type": "Feature",
      "properties": {
        "@id": "way/752114567",
        "amenity": "school",
        "name": "Activity High School",
        "operator:type": "private"
      },
      "geometry": {
        "type": "Polygon",
        "coordinates": [
          [
            [
              72.8086724,
              18.9743694
            ],
            [
              72.8086805,
              18.9742172
            ],
            [
              72.8090527,
              18.9742584
            ],
            [
              72.8090305,
              18.9744153
            ],
            [
              72.8086724,
              18.9743694
            ]
          ]
        ]
      },
      "id": "way/752114567"
    },
    {
      "type": "Feature",
      "properties": {
        "@id": "way/753815723",
        "amenity": "school",
        "isced:level": "3",
        "name": "Mahalaxmi Municipal School",
        "operator:type": "public"
      },
      "geometry": {
        "type": "Polygon",
        "coordinates": [
          [
            [
              72.8072636,
              18.9765272
            ],
            [
              72.8073353,
              18.9764662
            ],
            [
              72.8074652,
              18.9766098
            ],
            [
              72.8073906,
              18.9766734
            ],
            [
              72.8072636,
              18.9765272
            ]
          ]
        ]
      },
      "id": "way/753815723"
    },
    {
      "type": "Feature",
      "properties": {
        "@id": "way/794424283",
        "amenity": "school",
        "name": "Worli Naka Upper Primary Marathi School No.2"
      },
      "geometry": {
        "type": "Polygon",
        "coordinates": [
          [
            [
              72.8161631,
              19.0075391
            ],
            [
              72.8160774,
              19.0073514
            ],
            [
              72.8162894,
              19.0072704
            ],
            [
              72.8163661,
              19.0074708
            ],
            [
              72.8161631,
              19.0075391
            ]
          ]
        ]
      },
      "id": "way/794424283"
    },
    {
      "type": "Feature",
      "properties": {
        "@id": "way/803325198",
        "addr:city": "Mumbai",
        "addr:district": "Mumbai City",
        "addr:postcode": "400008",
        "addr:state": "Maharastra",
        "amenity": "hospital",
        "beds": "2844",
        "email": "info@ggmcjjh.com",
        "health_amenity:type": "emergency_department;intensive_care_unit;operating_theater;ultrasound;x_ray",
        "healthcare": "hospital",
        "name": "J. J. Hospital",
        "name:en": "Grant Medical College and Sir Jamshedjee Jeejeebhoy Group of Hospitals",
        "name:etymology:wikidata": "Q13604560",
        "phone": "+912223735555",
        "source": "Local Knowledge",
        "website": "https://ggmcjjh.com/"
      },
      "geometry": {
        "type": "Polygon",
        "coordinates": [
          [
            [
              72.8324449,
              18.9621207
            ],
            [
              72.833007,
              18.962207
            ],
            [
              72.8343645,
              18.9622038
            ],
            [
              72.8348159,
              18.9624252
            ],
            [
              72.8352105,
              18.9626339
            ],
            [
              72.835585,
              18.9626655
            ],
            [
              72.8362136,
              18.9625675
            ],
            [
              72.8368292,
              18.9625744
            ],
            [
              72.8370896,
              18.9636679
            ],
            [
              72.8374014,
              18.9645787
            ],
            [
              72.8369243,
              18.9646097
            ],
            [
              72.8358243,
              18.9647332
            ],
            [
              72.8358764,
              18.9653437
            ],
            [
              72.8352188,
              18.9654004
            ],
            [
              72.8344192,
              18.9654512
            ],
            [
              72.8325906,
              18.965598
            ],
            [
              72.8324094,
              18.9647859
            ],
            [
              72.8322757,
              18.9641218
            ],
            [
              72.8322144,
              18.9631661
            ],
            [
              72.8321768,
              18.9622819
            ],
            [
              72.8321917,
              18.9622029
            ],
            [
              72.8322492,
              18.9621467
            ],
            [
              72.8323403,
              18.9621168
            ],
            [
              72.8324449,
              18.9621207
            ]
          ]
        ]
      },
      "id": "way/803325198"
    },
    {
      "type": "Feature",
      "properties": {
        "@id": "way/815233534",
        "amenity": "school"
      },
      "geometry": {
        "type": "Polygon",
        "coordinates": [
          [
            [
              73.0336154,
              18.9640847
            ],
            [
              73.0335383,
              18.9635458
            ],
            [
              73.0342787,
              18.9633824
            ],
            [
              73.0343908,
              18.9636695
            ],
            [
              73.0344071,
              18.9637578
            ],
            [
              73.0343744,
              18.9640781
            ],
            [
              73.0336154,
              18.9640847
            ]
          ]
        ]
      },
      "id": "way/815233534"
    },
    {
      "type": "Feature",
      "properties": {
        "@id": "way/816434676",
        "amenity": "school",
        "check_date": "2024-06-29",
        "name": "Atomic Energy Central School 1 Grounds"
      },
      "geometry": {
        "type": "Polygon",
        "coordinates": [
          [
            [
              72.9198224,
              19.0402265
            ],
            [
              72.9198009,
              19.039547
            ],
            [
              72.9203106,
              19.0394963
            ],
            [
              72.9204018,
              19.0401859
            ],
            [
              72.9198224,
              19.0402265
            ]
          ]
        ]
      },
      "id": "way/816434676"
    },
    {
      "type": "Feature",
      "properties": {
        "@id": "way/818665088",
        "amenity": "hospital",
        "healthcare": "hospital",
        "name": "Neurogen Hospital"
      },
      "geometry": {
        "type": "Polygon",
        "coordinates": [
          [
            [
              73.0148894,
              19.0214894
            ],
            [
              73.0151324,
              19.0212736
            ],
            [
              73.0152815,
              19.0214236
            ],
            [
              73.0150384,
              19.0216394
            ],
            [
              73.0148894,
              19.0214894
            ]
          ]
        ]
      },
      "id": "way/818665088"
    },
    {
      "type": "Feature",
      "properties": {
        "@id": "way/827899828",
        "amenity": "school",
        "name": "NMMC School - Vashi Gaon",
        "operator": "NMMC"
      },
      "geometry": {
        "type": "Polygon",
        "coordinates": [
          [
            [
              72.9874057,
              19.0674641
            ],
            [
              72.9880736,
              19.0670787
            ],
            [
              72.988205,
              19.0672765
            ],
            [
              72.9876806,
              19.0676327
            ],
            [
              72.9876042,
              19.0676466
            ],
            [
              72.9875277,
              19.0676352
            ],
            [
              72.9874917,
              19.0676095
            ],
            [
              72.9874057,
              19.0674641
            ]
          ]
        ]
      },
      "id": "way/827899828"
    },
    {
      "type": "Feature",
      "properties": {
        "@id": "way/851756494",
        "amenity": "hospital",
        "healthcare": "hospital"
      },
      "geometry": {
        "type": "Polygon",
        "coordinates": [
          [
            [
              72.838559,
              18.9676579
            ],
            [
              72.8388546,
              18.9674169
            ],
            [
              72.8389809,
              18.9676094
            ],
            [
              72.838559,
              18.9676579
            ]
          ]
        ]
      },
      "id": "way/851756494"
    },
    {
      "type": "Feature",
      "properties": {
        "@id": "way/851810124",
        "amenity": "school",
        "name": "AECS 4"
      },
      "geometry": {
        "type": "Polygon",
        "coordinates": [
          [
            [
              72.9274199,
              19.0353496
            ],
            [
              72.9273736,
              19.0345613
            ],
            [
              72.9276284,
              19.0345431
            ],
            [
              72.9275647,
              19.0338789
            ],
            [
              72.9284912,
              19.0338132
            ],
            [
              72.9285439,
              19.0347229
            ],
            [
              72.9283398,
              19.0347805
            ],
            [
              72.9283641,
              19.0353038
            ],
            [
              72.9274199,
              19.0353496
            ]
          ]
        ]
      },
      "id": "way/851810124"
    },
    {
      "type": "Feature",
      "properties": {
        "@id": "way/851810125",
        "addr:housenumber": "Anushakti Nagar, Mumbai, Maharashtra 400094",
        "addr:street": "AECS School-2 Road",
        "amenity": "school",
        "name": "Atomic Energy Central School 2"
      },
      "geometry": {
        "type": "Polygon",
        "coordinates": [
          [
            [
              72.9260709,
              19.0372238
            ],
            [
              72.9259579,
              19.0358842
            ],
            [
              72.9264361,
              19.0358164
            ],
            [
              72.9265165,
              19.0366197
            ],
            [
              72.9270751,
              19.0365622
            ],
            [
              72.9270773,
              19.0364739
            ],
            [
              72.9274772,
              19.036443
            ],
            [
              72.927512,
              19.037267
            ],
            [
              72.9266947,
              19.0373183
            ],
            [
              72.9266838,
              19.0371971
            ],
            [
              72.9260709,
              19.0372238
            ]
          ]
        ]
      },
      "id": "way/851810125"
    },
    {
      "type": "Feature",
      "properties": {
        "@id": "way/905319538",
        "amenity": "school",
        "name": "Atomic Energy Central School 6"
      },
      "geometry": {
        "type": "Polygon",
        "coordinates": [
          [
            [
              72.9114646,
              19.0373047
            ],
            [
              72.9111057,
              19.0365901
            ],
            [
              72.9111872,
              19.0364932
            ],
            [
              72.9118377,
              19.0362644
            ],
            [
              72.9121592,
              19.0370813
            ],
            [
              72.9117563,
              19.0372229
            ],
            [
              72.9116161,
              19.0371735
            ],
            [
              72.911524,
              19.037213
            ],
            [
              72.9115366,
              19.0372724
            ],
            [
              72.9114646,
              19.0373047
            ]
          ]
        ]
      },
      "id": "way/905319538"
    },
    {
      "type": "Feature",
      "properties": {
        "@id": "way/905319541",
        "amenity": "school",
        "name": "Atomic Energy Central School 6 Grounds"
      },
      "geometry": {
        "type": "Polygon",
        "coordinates": [
          [
            [
              72.9105975,
              19.0369841
            ],
            [
              72.9109373,
              19.0368263
            ],
            [
              72.9112026,
              19.0373367
            ],
            [
              72.9108626,
              19.0374946
            ],
            [
              72.9105975,
              19.0369841
            ]
          ]
        ]
      },
      "id": "way/905319541"
    },
    {
      "type": "Feature",
      "properties": {
        "@id": "way/936795318",
        "amenity": "school",
        "name": "Central Railway Primary Education School"
      },
      "geometry": {
        "type": "Polygon",
        "coordinates": [
          [
            [
              72.837444,
              19.0023762
            ],
            [
              72.8373117,
              19.0020682
            ],
            [
              72.838145,
              19.0017482
            ],
            [
              72.8382773,
              19.0020563
            ],
            [
              72.837444,
              19.0023762
            ]
          ]
        ]
      },
      "id": "way/936795318"
    },
    {
      "type": "Feature",
      "properties": {
        "@id": "way/959553986",
        "amenity": "school",
        "name": "Nahar International School"
      },
      "geometry": {
        "type": "Polygon",
        "coordinates": [
          [
            [
              72.8968272,
              19.1057367
            ],
            [
              72.8969023,
              19.106459
            ],
            [
              72.8960626,
              19.1065463
            ],
            [
              72.8959672,
              19.1065564
            ],
            [
              72.8958749,
              19.1065662
            ],
            [
              72.8954773,
              19.1065802
            ],
            [
              72.8951722,
              19.1060205
            ],
            [
              72.8951575,
              19.1059648
            ],
            [
              72.8951696,
              19.1059039
            ],
            [
              72.8951977,
              19.1058647
            ],
            [
              72.8952467,
              19.1058387
            ],
            [
              72.8958313,
              19.1057979
            ],
            [
              72.8968272,
              19.1057367
            ]
          ]
        ]
      },
      "id": "way/959553986"
    },
    {
      "type": "Feature",
      "properties": {
        "@id": "way/959572919",
        "addr:district": "Mumbai",
        "addr:full": "Tunga, Powai, Andheri East, Mumbai",
        "addr:postcode": "400072",
        "addr:state": "Maharashtra",
        "amenity": "hospital",
        "name": "Nirali A M Naik Charitable Health-Care Facility",
        "name:etymology:wikidata": "Q2121969",
        "source": "Local Knowledge"
      },
      "geometry": {
        "type": "Polygon",
        "coordinates": [
          [
            [
              72.8916779,
              19.1213437
            ],
            [
              72.8913528,
              19.1214471
            ],
            [
              72.8911999,
              19.1210112
            ],
            [
              72.8915118,
              19.1208876
            ],
            [
              72.8916779,
              19.1213437
            ]
          ]
        ]
      },
      "id": "way/959572919"
    },
    {
      "type": "Feature",
      "properties": {
        "@id": "way/961376676",
        "amenity": "school",
        "isced:level": "1",
        "name": "Brihanmumbai Mahanagarpalika Sangamnagar Urdu Primary School"
      },
      "geometry": {
        "type": "Polygon",
        "coordinates": [
          [
            [
              72.8684145,
              19.0255547
            ],
            [
              72.8682885,
              19.025078
            ],
            [
              72.8682375,
              19.0249969
            ],
            [
              72.8681973,
              19.0248143
            ],
            [
              72.8686613,
              19.0247332
            ],
            [
              72.8687632,
              19.0252226
            ],
            [
              72.8684145,
              19.0255547
            ]
          ]
        ]
      },
      "id": "way/961376676"
    },
    {
      "type": "Feature",
      "properties": {
        "@id": "way/961376713",
        "amenity": "school",
        "check_date": "2026-03-20",
        "name": "JBCN International School"
      },
      "geometry": {
        "type": "Polygon",
        "coordinates": [
          [
            [
              72.8459671,
              18.9991308
            ],
            [
              72.8458719,
              18.9991688
            ],
            [
              72.8454776,
              18.9992107
            ],
            [
              72.8454253,
              18.9991511
            ],
            [
              72.8454387,
              18.9989063
            ],
            [
              72.8458947,
              18.9988974
            ],
            [
              72.8459685,
              18.9988645
            ],
            [
              72.8459671,
              18.9991308
            ]
          ]
        ]
      },
      "id": "way/961376713"
    },
    {
      "type": "Feature",
      "properties": {
        "@id": "way/978614994",
        "amenity": "school",
        "isced:level": "1;2;3",
        "name": "Globe Mill Passage Municipal School"
      },
      "geometry": {
        "type": "Polygon",
        "coordinates": [
          [
            [
              72.8297618,
              19.0067277
            ],
            [
              72.8297611,
              19.0064055
            ],
            [
              72.830037,
              19.006405
            ],
            [
              72.8300376,
              19.0067272
            ],
            [
              72.8297618,
              19.0067277
            ]
          ]
        ]
      },
      "id": "way/978614994"
    },
    {
      "type": "Feature",
      "properties": {
        "@id": "way/978614996",
        "addr:postcode": "400013",
        "addr:street": "Senapati Bapat Marg (Tulsi Pipe Road)",
        "amenity": "school",
        "isced:level": "1;2;3",
        "name": "Holy Cross High School"
      },
      "geometry": {
        "type": "Polygon",
        "coordinates": [
          [
            [
              72.8317286,
              19.0061493
            ],
            [
              72.8315462,
              19.0057511
            ],
            [
              72.8322449,
              19.0057207
            ],
            [
              72.8322905,
              19.006148
            ],
            [
              72.8317286,
              19.0061493
            ]
          ]
        ]
      },
      "id": "way/978614996"
    },
    {
      "type": "Feature",
      "properties": {
        "@id": "way/978615006",
        "amenity": "school",
        "building": "yes",
        "name": "Balmohan Vidyamandir"
      },
      "geometry": {
        "type": "Polygon",
        "coordinates": [
          [
            [
              72.838807,
              19.0251795
            ],
            [
              72.8388298,
              19.0250894
            ],
            [
              72.8389223,
              19.0250983
            ],
            [
              72.8390551,
              19.0251376
            ],
            [
              72.8391744,
              19.0251972
            ],
            [
              72.8392053,
              19.0251845
            ],
            [
              72.8392742,
              19.0252243
            ],
            [
              72.8393461,
              19.0252657
            ],
            [
              72.8393461,
              19.0252961
            ],
            [
              72.8393756,
              19.0253177
            ],
            [
              72.8395151,
              19.0254165
            ],
            [
              72.8395969,
              19.0255078
            ],
            [
              72.839558,
              19.0255877
            ],
            [
              72.8395325,
              19.0256169
            ],
            [
              72.8394426,
              19.0255408
            ],
            [
              72.8392415,
              19.0253975
            ],
            [
              72.8390685,
              19.0252961
            ],
            [
              72.838933,
              19.0252264
            ],
            [
              72.838807,
              19.0251795
            ]
          ]
        ]
      },
      "id": "way/978615006"
    },
    {
      "type": "Feature",
      "properties": {
        "@id": "way/978615010",
        "amenity": "school",
        "building": "yes",
        "check_date": "2026-03-20",
        "fee": "yes",
        "isced:level": "1",
        "name": "IES Padmakar Dhamdhere"
      },
      "geometry": {
        "type": "Polygon",
        "coordinates": [
          [
            [
              72.847842,
              19.02171
            ],
            [
              72.8479154,
              19.0216331
            ],
            [
              72.8482662,
              19.0218816
            ],
            [
              72.8483006,
              19.021909
            ],
            [
              72.8482349,
              19.0219933
            ],
            [
              72.8478741,
              19.0217333
            ],
            [
              72.847842,
              19.02171
            ]
          ]
        ]
      },
      "id": "way/978615010"
    },
    {
      "type": "Feature",
      "properties": {
        "@id": "way/978824051",
        "amenity": "school",
        "building": "yes",
        "name": "Lord Harris Municipal Marathi School"
      },
      "geometry": {
        "type": "Polygon",
        "coordinates": [
          [
            [
              72.8306845,
              18.9450094
            ],
            [
              72.8309156,
              18.9447231
            ],
            [
              72.8311988,
              18.9449475
            ],
            [
              72.8309513,
              18.9452136
            ],
            [
              72.8306845,
              18.9450094
            ]
          ]
        ]
      },
      "id": "way/978824051"
    },
    {
      "type": "Feature",
      "properties": {
        "@id": "way/978824053",
        "amenity": "school",
        "check_date": "2026-03-12",
        "name": "Holy Name High School"
      },
      "geometry": {
        "type": "Polygon",
        "coordinates": [
          [
            [
              72.8304262,
              18.9229643
            ],
            [
              72.8309239,
              18.922719
            ],
            [
              72.8309622,
              18.9228076
            ],
            [
              72.8309561,
              18.923259
            ],
            [
              72.8308851,
              18.9232996
            ],
            [
              72.8308459,
              18.9232727
            ],
            [
              72.8304262,
              18.9229643
            ]
          ]
        ]
      },
      "id": "way/978824053"
    },
    {
      "type": "Feature",
      "properties": {
        "@id": "way/979362799",
        "amenity": "school",
        "building": "yes",
        "building:levels": "3",
        "name": "St. Teresa High School",
        "wikidata": "Q17153100",
        "wikimedia_commons": "Category:St. Teresa's High School, Charni Road",
        "wikipedia": "en:St. Teresa's High School, Charni Road"
      },
      "geometry": {
        "type": "Polygon",
        "coordinates": [
          [
            [
              72.8194293,
              18.952606
            ],
            [
              72.8191703,
              18.9528945
            ],
            [
              72.8193606,
              18.9530473
            ],
            [
              72.8192535,
              18.9531666
            ],
            [
              72.8190842,
              18.9530306
            ],
            [
              72.819063,
              18.9530542
            ],
            [
              72.8189682,
              18.952978
            ],
            [
              72.8189434,
              18.9530056
            ],
            [
              72.8188053,
              18.9528947
            ],
            [
              72.8189968,
              18.9526814
            ],
            [
              72.8189786,
              18.9526668
            ],
            [
              72.8190451,
              18.9525927
            ],
            [
              72.8191844,
              18.9527047
            ],
            [
              72.8192508,
              18.9526308
            ],
            [
              72.8190687,
              18.9524845
            ],
            [
              72.8190827,
              18.952469
            ],
            [
              72.8191447,
              18.9523999
            ],
            [
              72.8193197,
              18.9525405
            ],
            [
              72.8193314,
              18.9525274
            ],
            [
              72.8194293,
              18.952606
            ]
          ]
        ]
      },
      "id": "way/979362799"
    },
    {
      "type": "Feature",
      "properties": {
        "@id": "way/979362804",
        "amenity": "school",
        "building": "school",
        "name": "Victoria Memorial School for the Blind",
        "school": "blind"
      },
      "geometry": {
        "type": "Polygon",
        "coordinates": [
          [
            [
              72.8138383,
              18.9743678
            ],
            [
              72.8139644,
              18.9741903
            ],
            [
              72.8141668,
              18.974319
            ],
            [
              72.8141116,
              18.9743967
            ],
            [
              72.8140437,
              18.9743536
            ],
            [
              72.8140146,
              18.9743944
            ],
            [
              72.8140517,
              18.974418
            ],
            [
              72.8140099,
              18.9744769
            ],
            [
              72.8138383,
              18.9743678
            ]
          ]
        ]
      },
      "id": "way/979362804"
    },
    {
      "type": "Feature",
      "properties": {
        "@id": "way/979362806",
        "amenity": "school",
        "name": "Yusuf Meherali Vidyalaya"
      },
      "geometry": {
        "type": "Polygon",
        "coordinates": [
          [
            [
              72.8177663,
              18.9735371
            ],
            [
              72.8177084,
              18.9734766
            ],
            [
              72.8175517,
              18.9733134
            ],
            [
              72.8177064,
              18.9731847
            ],
            [
              72.8182358,
              18.973153
            ],
            [
              72.8181795,
              18.973319
            ],
            [
              72.8177663,
              18.9735371
            ]
          ]
        ]
      },
      "id": "way/979362806"
    },
    {
      "type": "Feature",
      "properties": {
        "@id": "way/979362809",
        "amenity": "school",
        "building": "yes",
        "building:levels": "3",
        "name": "Sir C. J. High School (Secondary)"
      },
      "geometry": {
        "type": "Polygon",
        "coordinates": [
          [
            [
              72.8166405,
              18.972097
            ],
            [
              72.8166358,
              18.9719042
            ],
            [
              72.8167478,
              18.9719018
            ],
            [
              72.8167498,
              18.9719822
            ],
            [
              72.816829,
              18.9719805
            ],
            [
              72.8168317,
              18.9720928
            ],
            [
              72.8166405,
              18.972097
            ]
          ]
        ]
      },
      "id": "way/979362809"
    },
    {
      "type": "Feature",
      "properties": {
        "@id": "way/979362815",
        "amenity": "school",
        "name": "Hill Spring International School"
      },
      "geometry": {
        "type": "Polygon",
        "coordinates": [
          [
            [
              72.8130801,
              18.9728971
            ],
            [
              72.8129589,
              18.9732126
            ],
            [
              72.8123939,
              18.9730146
            ],
            [
              72.8125172,
              18.9727
            ],
            [
              72.8130801,
              18.9728971
            ]
          ]
        ]
      },
      "id": "way/979362815"
    },
    {
      "type": "Feature",
      "properties": {
        "@id": "way/979362816",
        "amenity": "school",
        "building": "yes",
        "check_date": "2026-03-20",
        "name": "Bai Ruttonbai F D Panday Girls' High School"
      },
      "geometry": {
        "type": "Polygon",
        "coordinates": [
          [
            [
              72.8180493,
              18.9673619
            ],
            [
              72.8179273,
              18.9670639
            ],
            [
              72.8179911,
              18.9670405
            ],
            [
              72.8180981,
              18.9673017
            ],
            [
              72.8180626,
              18.9673146
            ],
            [
              72.8180777,
              18.9673515
            ],
            [
              72.8180493,
              18.9673619
            ]
          ]
        ]
      },
      "id": "way/979362816"
    },
    {
      "type": "Feature",
      "properties": {
        "@id": "way/979371199",
        "amenity": "school",
        "building": "yes",
        "name": "Bai Ratan F. Pavri High School"
      },
      "geometry": {
        "type": "Polygon",
        "coordinates": [
          [
            [
              72.8215088,
              18.9610696
            ],
            [
              72.8214646,
              18.960918
            ],
            [
              72.8216749,
              18.9608631
            ],
            [
              72.8217192,
              18.9610147
            ],
            [
              72.8215088,
              18.9610696
            ]
          ]
        ]
      },
      "id": "way/979371199"
    },
    {
      "type": "Feature",
      "properties": {
        "@id": "way/979371200",
        "amenity": "school",
        "name": "St. Mary's High School (S.S.C.)",
        "wikidata": "Q7590421",
        "wikipedia": "en:St. Mary's School, Mumbai"
      },
      "geometry": {
        "type": "Polygon",
        "coordinates": [
          [
            [
              72.8358036,
              18.9699207
            ],
            [
              72.8362059,
              18.9697032
            ],
            [
              72.8363775,
              18.9703062
            ],
            [
              72.8359142,
              18.9704229
            ],
            [
              72.8358036,
              18.9699207
            ]
          ]
        ]
      },
      "id": "way/979371200"
    },
    {
      "type": "Feature",
      "properties": {
        "@id": "way/979371201",
        "amenity": "school",
        "check_date": "2026-03-20",
        "education": "school",
        "name": "St. Joseph's Girls' High School"
      },
      "geometry": {
        "type": "Polygon",
        "coordinates": [
          [
            [
              72.8248581,
              18.973442
            ],
            [
              72.8250076,
              18.9732372
            ],
            [
              72.8252618,
              18.972889
            ],
            [
              72.8261925,
              18.9731046
            ],
            [
              72.8264675,
              18.9738605
            ],
            [
              72.82641,
              18.9738921
            ],
            [
              72.8256593,
              18.9736957
            ],
            [
              72.8255904,
              18.9736829
            ],
            [
              72.8248581,
              18.973442
            ]
          ]
        ]
      },
      "id": "way/979371201"
    },
    {
      "type": "Feature",
      "properties": {
        "@id": "way/979371202",
        "amenity": "school",
        "name": "Regina Pacis Convent High School",
        "school:gender": "female"
      },
      "geometry": {
        "type": "Polygon",
        "coordinates": [
          [
            [
              72.8342847,
              18.973806
            ],
            [
              72.8345107,
              18.9735792
            ],
            [
              72.8346241,
              18.9736246
            ],
            [
              72.8351468,
              18.9737795
            ],
            [
              72.8350639,
              18.9742093
            ],
            [
              72.8342847,
              18.973806
            ]
          ]
        ]
      },
      "id": "way/979371202"
    },
    {
      "type": "Feature",
      "properties": {
        "@id": "way/979371204",
        "amenity": "school",
        "education": "school",
        "name": "Hume High School"
      },
      "geometry": {
        "type": "Polygon",
        "coordinates": [
          [
            [
              72.8329138,
              18.967087
            ],
            [
              72.8329128,
              18.9670721
            ],
            [
              72.8329117,
              18.9670577
            ],
            [
              72.8338832,
              18.9669953
            ],
            [
              72.833917,
              18.9674655
            ],
            [
              72.8335089,
              18.9674916
            ],
            [
              72.8334773,
              18.9670509
            ],
            [
              72.8329138,
              18.967087
            ]
          ]
        ]
      },
      "id": "way/979371204"
    },
    {
      "type": "Feature",
      "properties": {
        "@id": "way/979371205",
        "amenity": "school",
        "name": "St. Anthony's Home And Girl's High School"
      },
      "geometry": {
        "type": "Polygon",
        "coordinates": [
          [
            [
              72.8253611,
              18.967476
            ],
            [
              72.82614,
              18.9671023
            ],
            [
              72.8261911,
              18.9672142
            ],
            [
              72.8261544,
              18.9675315
            ],
            [
              72.8257534,
              18.9676818
            ],
            [
              72.8254791,
              18.9677652
            ],
            [
              72.8253611,
              18.967476
            ]
          ]
        ]
      },
      "id": "way/979371205"
    },
    {
      "type": "Feature",
      "properties": {
        "@id": "way/979371206",
        "amenity": "school",
        "education": "school",
        "name": "Kamathipura BMC Municipal School"
      },
      "geometry": {
        "type": "Polygon",
        "coordinates": [
          [
            [
              72.8249855,
              18.965001
            ],
            [
              72.8253128,
              18.9648374
            ],
            [
              72.825385,
              18.9649665
            ],
            [
              72.8258471,
              18.9647567
            ],
            [
              72.8259348,
              18.9649437
            ],
            [
              72.8251042,
              18.9653155
            ],
            [
              72.825068,
              18.9653269
            ],
            [
              72.8250352,
              18.9653225
            ],
            [
              72.8250103,
              18.9653047
            ],
            [
              72.8249855,
              18.965001
            ]
          ]
        ]
      },
      "id": "way/979371206"
    },
    {
      "type": "Feature",
      "properties": {
        "@id": "way/979386027",
        "amenity": "school",
        "check_date": "2026-03-20",
        "name": "Social Service League High School"
      },
      "geometry": {
        "type": "Polygon",
        "coordinates": [
          [
            [
              72.8380603,
              19.0050433
            ],
            [
              72.8386532,
              19.0048176
            ],
            [
              72.8388024,
              19.0050494
            ],
            [
              72.838613,
              19.0051254
            ],
            [
              72.8387479,
              19.0053248
            ],
            [
              72.8383074,
              19.0055492
            ],
            [
              72.8380603,
              19.0050433
            ]
          ]
        ]
      },
      "id": "way/979386027"
    },
    {
      "type": "Feature",
      "properties": {
        "@id": "way/979397731",
        "amenity": "school",
        "name": "Victoria High school"
      },
      "geometry": {
        "type": "Polygon",
        "coordinates": [
          [
            [
              72.8416273,
              19.0347197
            ],
            [
              72.8421986,
              19.0346716
            ],
            [
              72.8422335,
              19.0352142
            ],
            [
              72.842204,
              19.035294
            ],
            [
              72.842149,
              19.0353574
            ],
            [
              72.8420551,
              19.0353917
            ],
            [
              72.841685,
              19.0354234
            ],
            [
              72.8416273,
              19.0347197
            ]
          ]
        ]
      },
      "id": "way/979397731"
    },
    {
      "type": "Feature",
      "properties": {
        "@id": "way/979397732",
        "amenity": "school",
        "name": "SaS Billabong High International School"
      },
      "geometry": {
        "type": "Polygon",
        "coordinates": [
          [
            [
              72.8393749,
              19.0395214
            ],
            [
              72.8390054,
              19.0395949
            ],
            [
              72.8390142,
              19.0392336
            ],
            [
              72.8393367,
              19.0392032
            ],
            [
              72.8393749,
              19.0395214
            ]
          ]
        ]
      },
      "id": "way/979397732"
    },
    {
      "type": "Feature",
      "properties": {
        "@id": "way/979397734",
        "alt_name": "Saraswati Mandir Education Society's High School",
        "amenity": "school",
        "building": "yes",
        "name": "SMES High School",
        "website": "https://www.smesschoolmahim.edu.in/"
      },
      "geometry": {
        "type": "Polygon",
        "coordinates": [
          [
            [
              72.8472935,
              19.0348452
            ],
            [
              72.8472933,
              19.0347761
            ],
            [
              72.8472548,
              19.0347762
            ],
            [
              72.8472546,
              19.0346526
            ],
            [
              72.8476364,
              19.0346519
            ],
            [
              72.8476368,
              19.0348446
            ],
            [
              72.8472935,
              19.0348452
            ]
          ]
        ]
      },
      "id": "way/979397734"
    },
    {
      "type": "Feature",
      "properties": {
        "@id": "way/979397736",
        "amenity": "school",
        "name": "Mahim Causeway Municipal Marathi School"
      },
      "geometry": {
        "type": "Polygon",
        "coordinates": [
          [
            [
              72.8379852,
              19.0473561
            ],
            [
              72.8379852,
              19.0473155
            ],
            [
              72.8380311,
              19.0473155
            ],
            [
              72.8380311,
              19.0473561
            ],
            [
              72.8379852,
              19.0473561
            ]
          ]
        ]
      },
      "id": "way/979397736"
    },
    {
      "type": "Feature",
      "properties": {
        "@id": "way/979397737",
        "amenity": "school",
        "name": "Canossa Special School"
      },
      "geometry": {
        "type": "Polygon",
        "coordinates": [
          [
            [
              72.8438428,
              19.0384419
            ],
            [
              72.8438683,
              19.0376648
            ],
            [
              72.8441806,
              19.0376739
            ],
            [
              72.8441551,
              19.038451
            ],
            [
              72.8438428,
              19.0384419
            ]
          ]
        ]
      },
      "id": "way/979397737"
    },
    {
      "type": "Feature",
      "properties": {
        "@id": "way/979397738",
        "amenity": "school",
        "name": "Canossa Girls High School",
        "opening_hours": "Mo-Fr 07:00-15:00; Sa 07:00-15:00"
      },
      "geometry": {
        "type": "Polygon",
        "coordinates": [
          [
            [
              72.8429778,
              19.0392317
            ],
            [
              72.8430329,
              19.0392408
            ],
            [
              72.8433451,
              19.0392921
            ],
            [
              72.843757,
              19.0393597
            ],
            [
              72.8434391,
              19.0399061
            ],
            [
              72.8429,
              19.0396754
            ],
            [
              72.8429778,
              19.0392317
            ]
          ]
        ]
      },
      "id": "way/979397738"
    },
    {
      "type": "Feature",
      "properties": {
        "@id": "way/979397739",
        "amenity": "school",
        "building": "yes",
        "check_date": "2025-12-14",
        "name": "Gandhi Memorial English High School"
      },
      "geometry": {
        "type": "Polygon",
        "coordinates": [
          [
            [
              72.8527471,
              19.0369447
            ],
            [
              72.8529209,
              19.03685
            ],
            [
              72.8530577,
              19.0370942
            ],
            [
              72.8528769,
              19.0371808
            ],
            [
              72.8527471,
              19.0369447
            ]
          ]
        ]
      },
      "id": "way/979397739"
    },
    {
      "type": "Feature",
      "properties": {
        "@id": "way/979397740",
        "amenity": "school",
        "building": "yes",
        "building:levels": "1",
        "name": "Banyan Tree English School"
      },
      "geometry": {
        "type": "Polygon",
        "coordinates": [
          [
            [
              72.8519753,
              19.0366632
            ],
            [
              72.851874,
              19.0365035
            ],
            [
              72.8520217,
              19.0364198
            ],
            [
              72.8521229,
              19.0365796
            ],
            [
              72.8519753,
              19.0366632
            ]
          ]
        ]
      },
      "id": "way/979397740"
    },
    {
      "type": "Feature",
      "properties": {
        "@id": "way/979397745",
        "amenity": "school",
        "name": "St. Michael High School",
        "website": "https://www.stmichaelshighschool.com/"
      },
      "geometry": {
        "type": "Polygon",
        "coordinates": [
          [
            [
              72.8404471,
              19.0425468
            ],
            [
              72.8408025,
              19.0418179
            ],
            [
              72.8410238,
              19.0419129
            ],
            [
              72.8411058,
              19.0421265
            ],
            [
              72.841115,
              19.0425823
            ],
            [
              72.8411204,
              19.0427281
            ],
            [
              72.8411002,
              19.0429056
            ],
            [
              72.8404243,
              19.0428282
            ],
            [
              72.8404471,
              19.0425468
            ]
          ]
        ]
      },
      "id": "way/979397745"
    },
    {
      "type": "Feature",
      "properties": {
        "@id": "way/979405310",
        "amenity": "school",
        "check_date": "2026-03-20",
        "name": "Shishuvan School"
      },
      "geometry": {
        "type": "Polygon",
        "coordinates": [
          [
            [
              72.8563017,
              19.0301481
            ],
            [
              72.8561863,
              19.0295776
            ],
            [
              72.8565162,
              19.0295205
            ],
            [
              72.8565806,
              19.0297538
            ],
            [
              72.8569441,
              19.0296663
            ],
            [
              72.8571439,
              19.0299858
            ],
            [
              72.8563017,
              19.0301481
            ]
          ]
        ]
      },
      "id": "way/979405310"
    },
    {
      "type": "Feature",
      "properties": {
        "@id": "way/979583328",
        "alt_name": "Muktangan School",
        "amenity": "school",
        "building": "yes",
        "isced:level": "1;2;3",
        "name": "Elphinstone Road Municipal School",
        "operator": "BMC",
        "operator:type": "government"
      },
      "geometry": {
        "type": "Polygon",
        "coordinates": [
          [
            [
              72.8353832,
              19.007491
            ],
            [
              72.8354829,
              19.0074251
            ],
            [
              72.8355616,
              19.0075315
            ],
            [
              72.8354619,
              19.0075974
            ],
            [
              72.8353832,
              19.007491
            ]
          ]
        ]
      },
      "id": "way/979583328"
    },
    {
      "type": "Feature",
      "properties": {
        "@id": "way/979583330",
        "amenity": "school",
        "name": "Worli Seaface BMC High School"
      },
      "geometry": {
        "type": "Polygon",
        "coordinates": [
          [
            [
              72.815717,
              19.0099626
            ],
            [
              72.8154799,
              19.0095561
            ],
            [
              72.8159488,
              19.0093068
            ],
            [
              72.8161877,
              19.0097234
            ],
            [
              72.815717,
              19.0099626
            ]
          ]
        ]
      },
      "id": "way/979583330"
    },
    {
      "type": "Feature",
      "properties": {
        "@id": "way/979610950",
        "amenity": "school",
        "building": "yes",
        "check_date": "2026-03-20",
        "education": "school",
        "name": "Omkar Education Sangh"
      },
      "geometry": {
        "type": "Polygon",
        "coordinates": [
          [
            [
              72.8424406,
              19.0120598
            ],
            [
              72.8424269,
              19.0119817
            ],
            [
              72.8426257,
              19.0119484
            ],
            [
              72.842638,
              19.0120294
            ],
            [
              72.8424406,
              19.0120598
            ]
          ]
        ]
      },
      "id": "way/979610950"
    },
    {
      "type": "Feature",
      "properties": {
        "@id": "way/979610951",
        "amenity": "school",
        "check_date": "2026-03-20",
        "name": "Shri Hirji Ghelabai Savala Vidyalaya"
      },
      "geometry": {
        "type": "Polygon",
        "coordinates": [
          [
            [
              72.8565162,
              19.0295205
            ],
            [
              72.8568564,
              19.0294408
            ],
            [
              72.8569441,
              19.0296663
            ],
            [
              72.8565806,
              19.0297538
            ],
            [
              72.8565162,
              19.0295205
            ]
          ]
        ]
      },
      "id": "way/979610951"
    },
    {
      "type": "Feature",
      "properties": {
        "@id": "way/979610953",
        "amenity": "school",
        "name": "Abhyudaya Nagar Municipal School",
        "operator": "BMC",
        "operator:type": "government"
      },
      "geometry": {
        "type": "Polygon",
        "coordinates": [
          [
            [
              72.8428146,
              18.9908984
            ],
            [
              72.8426551,
              18.9904105
            ],
            [
              72.8429929,
              18.9903254
            ],
            [
              72.8431711,
              18.9908021
            ],
            [
              72.8428146,
              18.9908984
            ]
          ]
        ]
      },
      "id": "way/979610953"
    },
    {
      "type": "Feature",
      "properties": {
        "@id": "way/981822226",
        "amenity": "school",
        "isced:level": "1;2;3",
        "name": "Sayani Road Municipal School",
        "operator": "BMC",
        "operator:type": "government"
      },
      "geometry": {
        "type": "Polygon",
        "coordinates": [
          [
            [
              72.8320625,
              19.0140195
            ],
            [
              72.8322605,
              19.0136778
            ],
            [
              72.8324944,
              19.0137989
            ],
            [
              72.8322946,
              19.0141438
            ],
            [
              72.8320625,
              19.0140195
            ]
          ]
        ]
      },
      "id": "way/981822226"
    },
    {
      "type": "Feature",
      "properties": {
        "@id": "way/981962241",
        "amenity": "school",
        "name": "Muktangan School"
      },
      "geometry": {
        "type": "Polygon",
        "coordinates": [
          [
            [
              72.830075,
              19.0064117
            ],
            [
              72.830126,
              19.0064092
            ],
            [
              72.8305659,
              19.0070914
            ],
            [
              72.8305632,
              19.0072638
            ],
            [
              72.8300911,
              19.007274
            ],
            [
              72.830075,
              19.0064117
            ]
          ]
        ]
      },
      "id": "way/981962241"
    },
    {
      "type": "Feature",
      "properties": {
        "@id": "way/1001998400",
        "amenity": "school",
        "name": "MES Vidya Mandir School & Junior College"
      },
      "geometry": {
        "type": "Polygon",
        "coordinates": [
          [
            [
              73.0301143,
              19.0178087
            ],
            [
              73.0303857,
              19.0175695
            ],
            [
              73.0306392,
              19.0178266
            ],
            [
              73.0307893,
              19.0176943
            ],
            [
              73.0310792,
              19.0179882
            ],
            [
              73.0311208,
              19.0180304
            ],
            [
              73.0306994,
              19.0184019
            ],
            [
              73.0301143,
              19.0178087
            ]
          ]
        ]
      },
      "id": "way/1001998400"
    },
    {
      "type": "Feature",
      "properties": {
        "@id": "way/1009229724",
        "amenity": "hospital",
        "name": "Apollo Spectra Hospital"
      },
      "geometry": {
        "type": "Polygon",
        "coordinates": [
          [
            [
              72.9113245,
              19.0468456
            ],
            [
              72.9114655,
              19.0474721
            ],
            [
              72.9109875,
              19.0475682
            ],
            [
              72.9108465,
              19.0469417
            ],
            [
              72.9113245,
              19.0468456
            ]
          ]
        ]
      },
      "id": "way/1009229724"
    },
    {
      "type": "Feature",
      "properties": {
        "@id": "way/1014517842",
        "addr:city": "Mumbai",
        "addr:postcode": "400099",
        "addr:street": "V M Shah Marg",
        "amenity": "school",
        "building": "school",
        "building:levels": "4",
        "name": "Bombay Cambridge International School",
        "opening_hours": "Mo-Sa 08:00-07:00",
        "website": "https://bcseast.org/"
      },
      "geometry": {
        "type": "Polygon",
        "coordinates": [
          [
            [
              72.8621354,
              19.1054241
            ],
            [
              72.8621909,
              19.1052802
            ],
            [
              72.862308,
              19.1053204
            ],
            [
              72.8624106,
              19.1053558
            ],
            [
              72.8623552,
              19.1054997
            ],
            [
              72.8621354,
              19.1054241
            ]
          ]
        ]
      },
      "id": "way/1014517842"
    },
    {
      "type": "Feature",
      "properties": {
        "@id": "way/1027121220",
        "amenity": "school",
        "name": "Mount Litera School International"
      },
      "geometry": {
        "type": "Polygon",
        "coordinates": [
          [
            [
              72.8597402,
              19.0648936
            ],
            [
              72.8590709,
              19.0649717
            ],
            [
              72.8589955,
              19.0642948
            ],
            [
              72.8593078,
              19.0642741
            ],
            [
              72.8596517,
              19.064217
            ],
            [
              72.8599173,
              19.0640699
            ],
            [
              72.8599658,
              19.0641043
            ],
            [
              72.859755,
              19.0644274
            ],
            [
              72.8599441,
              19.0645516
            ],
            [
              72.8597402,
              19.0648936
            ]
          ]
        ]
      },
      "id": "way/1027121220"
    },
    {
      "type": "Feature",
      "properties": {
        "@id": "way/1027121223",
        "amenity": "school",
        "name": "Arya Vidya Mandir"
      },
      "geometry": {
        "type": "Polygon",
        "coordinates": [
          [
            [
              72.8593751,
              19.0655298
            ],
            [
              72.8585308,
              19.0656348
            ],
            [
              72.8579554,
              19.065701
            ],
            [
              72.8578908,
              19.0652368
            ],
            [
              72.8593114,
              19.0650635
            ],
            [
              72.8593751,
              19.0655298
            ]
          ]
        ]
      },
      "id": "way/1027121223"
    },
    {
      "type": "Feature",
      "properties": {
        "@id": "way/1052052198",
        "amenity": "hospital",
        "emergency": "yes",
        "healthcare": "hospital",
        "name": "K.J. Somaiya Hospital and Research Centre"
      },
      "geometry": {
        "type": "Polygon",
        "coordinates": [
          [
            [
              72.8741942,
              19.047379
            ],
            [
              72.8743312,
              19.047019
            ],
            [
              72.8745642,
              19.0464209
            ],
            [
              72.8756596,
              19.0467651
            ],
            [
              72.8752849,
              19.0477498
            ],
            [
              72.8741942,
              19.047379
            ]
          ]
        ]
      },
      "id": "way/1052052198"
    },
    {
      "type": "Feature",
      "properties": {
        "@id": "way/1053903059",
        "amenity": "hospital",
        "healthcare": "hospital",
        "name": "NMMC Hospital"
      },
      "geometry": {
        "type": "Polygon",
        "coordinates": [
          [
            [
              73.0328568,
              19.0134084
            ],
            [
              73.0333445,
              19.0135258
            ],
            [
              73.0333167,
              19.0140646
            ],
            [
              73.0329532,
              19.0140403
            ],
            [
              73.0327572,
              19.0138055
            ],
            [
              73.0328568,
              19.0134084
            ]
          ]
        ]
      },
      "id": "way/1053903059"
    },
    {
      "type": "Feature",
      "properties": {
        "@id": "way/1053903060",
        "amenity": "school",
        "name": "Vidya Utkarsh Mandal English Medium School"
      },
      "geometry": {
        "type": "Polygon",
        "coordinates": [
          [
            [
              73.0338703,
              19.0135711
            ],
            [
              73.0341844,
              19.0135735
            ],
            [
              73.0341811,
              19.0139625
            ],
            [
              73.0338669,
              19.01396
            ],
            [
              73.0338686,
              19.0137656
            ],
            [
              73.0338703,
              19.0135711
            ]
          ]
        ]
      },
      "id": "way/1053903060"
    },
    {
      "type": "Feature",
      "properties": {
        "@id": "way/1059021264",
        "amenity": "school"
      },
      "geometry": {
        "type": "Polygon",
        "coordinates": [
          [
            [
              72.8376531,
              19.0737849
            ],
            [
              72.8382625,
              19.0737342
            ],
            [
              72.8383849,
              19.0744825
            ],
            [
              72.8377153,
              19.0745179
            ],
            [
              72.8376531,
              19.0737849
            ]
          ]
        ]
      },
      "id": "way/1059021264"
    },
    {
      "type": "Feature",
      "properties": {
        "@id": "way/1079698802",
        "amenity": "hospital",
        "healthcare": "hospital"
      },
      "geometry": {
        "type": "Polygon",
        "coordinates": [
          [
            [
              73.0101883,
              19.0932772
            ],
            [
              73.0101614,
              19.0929354
            ],
            [
              73.0108842,
              19.0928846
            ],
            [
              73.0109264,
              19.0934199
            ],
            [
              73.0103128,
              19.0934631
            ],
            [
              73.0102975,
              19.0932696
            ],
            [
              73.0101883,
              19.0932772
            ]
          ]
        ]
      },
      "id": "way/1079698802"
    },
    {
      "type": "Feature",
      "properties": {
        "@id": "way/1120060026",
        "addr:district": "Mumbai",
        "addr:full": "Jerbai Wadia Road, Sewree East, Mumbai",
        "addr:postcode": "400015",
        "addr:state": "Maharashtra",
        "amenity": "hospital",
        "name": "Municipal TB Hospital",
        "source": "OpenGovernmentData"
      },
      "geometry": {
        "type": "Polygon",
        "coordinates": [
          [
            [
              72.8507419,
              19.0064565
            ],
            [
              72.8512323,
              19.0054328
            ],
            [
              72.8520101,
              19.0053973
            ],
            [
              72.8520635,
              19.0050295
            ],
            [
              72.8531362,
              19.0049348
            ],
            [
              72.8532181,
              19.0077014
            ],
            [
              72.8539476,
              19.0081883
            ],
            [
              72.8539798,
              19.0086752
            ],
            [
              72.8507419,
              19.0064565
            ]
          ]
        ]
      },
      "id": "way/1120060026"
    },
    {
      "type": "Feature",
      "properties": {
        "@id": "way/1121494180",
        "addr:city": "Mumbai",
        "addr:postcode": "400008",
        "addr:street": "Maratha Mandir Marg, RBI Staff Colony",
        "amenity": "hospital",
        "check_date": "2026-03-20",
        "emergency": "yes",
        "healthcare": "hospital",
        "name": "Jagjivan Ram Hospital",
        "name:etymology:wikidata": "Q1471625",
        "phone": "+91 22 6764 3224"
      },
      "geometry": {
        "type": "Polygon",
        "coordinates": [
          [
            [
              72.8246659,
              18.970699
            ],
            [
              72.8236753,
              18.9709854
            ],
            [
              72.8234902,
              18.9703817
            ],
            [
              72.8235975,
              18.9703512
            ],
            [
              72.8235251,
              18.9701052
            ],
            [
              72.823728,
              18.9700539
            ],
            [
              72.8244258,
              18.969876
            ],
            [
              72.8246659,
              18.970699
            ]
          ]
        ]
      },
      "id": "way/1121494180"
    },
    {
      "type": "Feature",
      "properties": {
        "@id": "way/1123412924",
        "addr:district": "Mumbai Suburban",
        "addr:full": "Gulmohar Road, Gulmohar Colony, Andheri West, Mumbai",
        "addr:postcode": "400058",
        "addr:state": "Maharastra",
        "amenity": "hospital",
        "name": "Khubchandani Hospital",
        "source": "Local Knowledge"
      },
      "geometry": {
        "type": "Polygon",
        "coordinates": [
          [
            [
              72.8348356,
              19.1198836
            ],
            [
              72.8348451,
              19.1188903
            ],
            [
              72.8359169,
              19.1188571
            ],
            [
              72.8359196,
              19.1197415
            ],
            [
              72.8358176,
              19.1198581
            ],
            [
              72.8348356,
              19.1198836
            ]
          ]
        ]
      },
      "id": "way/1123412924"
    },
    {
      "type": "Feature",
      "properties": {
        "@id": "way/1123725998",
        "amenity": "school",
        "name": "Municipalty School"
      },
      "geometry": {
        "type": "Polygon",
        "coordinates": [
          [
            [
              72.937063,
              19.1142776
            ],
            [
              72.9369584,
              19.1148225
            ],
            [
              72.9366285,
              19.1147844
            ],
            [
              72.9366311,
              19.11427
            ],
            [
              72.937063,
              19.1142776
            ]
          ]
        ]
      },
      "id": "way/1123725998"
    },
    {
      "type": "Feature",
      "properties": {
        "@id": "way/1123726002",
        "addr:district": "Thane",
        "addr:full": "Vikhroli, Mumbai",
        "addr:postcode": "400083",
        "addr:state": "Maharashtra",
        "amenity": "hospital",
        "name": "Shushrusha Hospital",
        "source": "Local Knowledge"
      },
      "geometry": {
        "type": "Polygon",
        "coordinates": [
          [
            [
              72.9349655,
              19.1122932
            ],
            [
              72.9345149,
              19.1124807
            ],
            [
              72.9342708,
              19.1119105
            ],
            [
              72.9346356,
              19.1117736
            ],
            [
              72.9349655,
              19.1122932
            ]
          ]
        ]
      },
      "id": "way/1123726002"
    },
    {
      "type": "Feature",
      "properties": {
        "@id": "way/1123730797",
        "amenity": "school",
        "name": "St. Josephs High School"
      },
      "geometry": {
        "type": "Polygon",
        "coordinates": [
          [
            [
              72.9277289,
              19.1105888
            ],
            [
              72.9268706,
              19.1107751
            ],
            [
              72.9268798,
              19.1102229
            ],
            [
              72.9273416,
              19.1102906
            ],
            [
              72.9273838,
              19.1101525
            ],
            [
              72.9277369,
              19.1100883
            ],
            [
              72.9277289,
              19.1105888
            ]
          ]
        ]
      },
      "id": "way/1123730797"
    },
    {
      "type": "Feature",
      "properties": {
        "@id": "way/1123961010",
        "amenity": "school",
        "name": "Shahaji Nagar Municipal Public School"
      },
      "geometry": {
        "type": "Polygon",
        "coordinates": [
          [
            [
              72.9450023,
              19.0382251
            ],
            [
              72.9453941,
              19.038472
            ],
            [
              72.9449918,
              19.0390425
            ],
            [
              72.9446,
              19.0387956
            ],
            [
              72.9450023,
              19.0382251
            ]
          ]
        ]
      },
      "id": "way/1123961010"
    },
    {
      "type": "Feature",
      "properties": {
        "@id": "way/1126997792",
        "addr:district": "Mumbai",
        "addr:full": "365, Swastik Park, Chembur East",
        "addr:postcode": "400071",
        "addr:state": "Maharashtra",
        "amenity": "hospital",
        "contact:phone": "2225265555",
        "email": "health@sushruthospital.org",
        "name": "Sushrut Hospital and Research Centre",
        "operator:type": "private",
        "source": "OpenGovernmentData",
        "website": "https://www.sushruthospital.org/"
      },
      "geometry": {
        "type": "Polygon",
        "coordinates": [
          [
            [
              72.8894511,
              19.0561628
            ],
            [
              72.8898444,
              19.0564124
            ],
            [
              72.8894417,
              19.0569792
            ],
            [
              72.8890484,
              19.0567296
            ],
            [
              72.8894511,
              19.0561628
            ]
          ]
        ]
      },
      "id": "way/1126997792"
    },
    {
      "type": "Feature",
      "properties": {
        "@id": "way/1127318871",
        "addr:district": "Nanded",
        "addr:full": "Shivaji Nagar Nanded",
        "addr:postcode": "431602",
        "addr:state": "Maharashtra",
        "amenity": "hospital",
        "name": "Shivaji Nagar Muncipal Hospital",
        "source": "OpenGovernmentData"
      },
      "geometry": {
        "type": "Polygon",
        "coordinates": [
          [
            [
              72.9187087,
              19.0628029
            ],
            [
              72.9190606,
              19.0626455
            ],
            [
              72.9190735,
              19.0626742
            ],
            [
              72.9193221,
              19.0631962
            ],
            [
              72.9189903,
              19.06335
            ],
            [
              72.9187087,
              19.0628029
            ]
          ]
        ]
      },
      "id": "way/1127318871"
    },
    {
      "type": "Feature",
      "properties": {
        "@id": "way/1132674016",
        "amenity": "school",
        "name": "Sophia college",
        "wikidata": "Q7562862",
        "wikipedia": "en:Sophia College for Women"
      },
      "geometry": {
        "type": "Polygon",
        "coordinates": [
          [
            [
              72.8064769,
              18.969953
            ],
            [
              72.8063482,
              18.9691997
            ],
            [
              72.8065335,
              18.9691703
            ],
            [
              72.8075981,
              18.9689802
            ],
            [
              72.8081372,
              18.9690931
            ],
            [
              72.8081828,
              18.9694127
            ],
            [
              72.8079897,
              18.969707
            ],
            [
              72.8079055,
              18.9698727
            ],
            [
              72.8074801,
              18.9699327
            ],
            [
              72.8074023,
              18.9698084
            ],
            [
              72.8069732,
              18.9700595
            ],
            [
              72.8069309,
              18.970029
            ],
            [
              72.8068917,
              18.9700007
            ],
            [
              72.80678,
              18.96992
            ],
            [
              72.8064769,
              18.969953
            ]
          ]
        ]
      },
      "id": "way/1132674016"
    },
    {
      "type": "Feature",
      "properties": {
        "@id": "way/1149824748",
        "amenity": "school",
        "name": "Mahatma Gandhi Vidya Mandir",
        "name:etymology:wikidata": "Q1001"
      },
      "geometry": {
        "type": "Polygon",
        "coordinates": [
          [
            [
              72.8495425,
              19.0623917
            ],
            [
              72.8500789,
              19.0623461
            ],
            [
              72.8504544,
              19.0625691
            ],
            [
              72.8500856,
              19.0632181
            ],
            [
              72.8495345,
              19.0631142
            ],
            [
              72.8495425,
              19.0623917
            ]
          ]
        ]
      },
      "id": "way/1149824748"
    },
    {
      "type": "Feature",
      "properties": {
        "@id": "way/1149824752",
        "amenity": "school"
      },
      "geometry": {
        "type": "Polygon",
        "coordinates": [
          [
            [
              72.8501084,
              19.0647899
            ],
            [
              72.8498644,
              19.0651904
            ],
            [
              72.8495586,
              19.0651296
            ],
            [
              72.8495371,
              19.0644299
            ],
            [
              72.8497758,
              19.0644857
            ],
            [
              72.8497571,
              19.0646175
            ],
            [
              72.8501084,
              19.0647899
            ]
          ]
        ]
      },
      "id": "way/1149824752"
    },
    {
      "type": "Feature",
      "properties": {
        "@id": "way/1149824759",
        "addr:district": "Mumbai",
        "addr:full": "S-341, Gandhinagar, Bandra(E)",
        "addr:postcode": "400051",
        "addr:state": "Maharashtra",
        "amenity": "hospital",
        "email": "gnhosp@vsnl.com",
        "healthcare": "hospital",
        "name": "Guru Nanak Hospital",
        "name:etymology:wikidata": "Q83322",
        "operator:type": "private",
        "source": "OpenGovernmentData",
        "website": "https://www.gurunanakhospital.com/"
      },
      "geometry": {
        "type": "Polygon",
        "coordinates": [
          [
            [
              72.8528684,
              19.0589312
            ],
            [
              72.8532187,
              19.0592338
            ],
            [
              72.8534612,
              19.0594433
            ],
            [
              72.8532235,
              19.0595718
            ],
            [
              72.85234,
              19.0600492
            ],
            [
              72.8522676,
              19.0600086
            ],
            [
              72.8518921,
              19.059314
            ],
            [
              72.8522193,
              19.0590909
            ],
            [
              72.8524366,
              19.0592405
            ],
            [
              72.8528684,
              19.0589312
            ]
          ]
        ]
      },
      "id": "way/1149824759"
    },
    {
      "type": "Feature",
      "properties": {
        "@id": "way/1159753733",
        "addr:district": "Mumbai",
        "addr:full": "Bomanjee Petit Road, Cumballa Hill",
        "addr:postcode": "400036",
        "addr:state": "Maharashtra",
        "amenity": "hospital",
        "email": "ceo@bdppgh.org; contact@bdppgh.org",
        "healthcare": "hospital",
        "name": "The B.D.Petit Parsee General Hospital",
        "operator:type": "private",
        "source": "OpenGovernmentData",
        "website": "https://www.bdpetitparseegeneralhospital.org/",
        "wikidata": "Q60765656",
        "wikipedia": "en:B.D. Petit Parsee General Hospital"
      },
      "geometry": {
        "type": "Polygon",
        "coordinates": [
          [
            [
              72.8047121,
              18.9683626
            ],
            [
              72.804755,
              18.9683068
            ],
            [
              72.8050634,
              18.9681419
            ],
            [
              72.8051358,
              18.9680734
            ],
            [
              72.8053387,
              18.9677701
            ],
            [
              72.8053531,
              18.9676955
            ],
            [
              72.8059298,
              18.9676371
            ],
            [
              72.8060344,
              18.967665
            ],
            [
              72.8061792,
              18.9679263
            ],
            [
              72.8065335,
              18.9691703
            ],
            [
              72.8063482,
              18.9691997
            ],
            [
              72.8064769,
              18.969953
            ],
            [
              72.8057635,
              18.9700088
            ],
            [
              72.8057018,
              18.9697678
            ],
            [
              72.8050205,
              18.9697729
            ],
            [
              72.8047201,
              18.9689029
            ],
            [
              72.8047121,
              18.9683626
            ]
          ]
        ]
      },
      "id": "way/1159753733"
    },
    {
      "type": "Feature",
      "properties": {
        "@id": "way/1170351951",
        "amenity": "school",
        "name": "Jamnabai Narsee School",
        "wikidata": "Q6148063",
        "wikipedia": "en:Jamnabai Narsee School"
      },
      "geometry": {
        "type": "Polygon",
        "coordinates": [
          [
            [
              72.8323495,
              19.104657
            ],
            [
              72.83254,
              19.1045987
            ],
            [
              72.8328162,
              19.1045556
            ],
            [
              72.8328645,
              19.1045759
            ],
            [
              72.8328887,
              19.105724
            ],
            [
              72.8317031,
              19.1057392
            ],
            [
              72.8317085,
              19.1051487
            ],
            [
              72.8317541,
              19.1050498
            ],
            [
              72.8320867,
              19.1047888
            ],
            [
              72.8323495,
              19.104657
            ]
          ]
        ]
      },
      "id": "way/1170351951"
    },
    {
      "type": "Feature",
      "properties": {
        "@id": "way/1170368733",
        "amenity": "school",
        "name": "Hansraj Morarji Public School"
      },
      "geometry": {
        "type": "Polygon",
        "coordinates": [
          [
            [
              72.8330785,
              19.1216088
            ],
            [
              72.833865,
              19.1216067
            ],
            [
              72.833814,
              19.1228029
            ],
            [
              72.8330406,
              19.1228024
            ],
            [
              72.8330785,
              19.1216088
            ]
          ]
        ]
      },
      "id": "way/1170368733"
    },
    {
      "type": "Feature",
      "properties": {
        "@id": "way/1170368734",
        "amenity": "school",
        "name": "Bai Kabibai & Hansraj Moraraji Trust Andheri Campus",
        "website": "https://bkhm.edu.in/campus/"
      },
      "geometry": {
        "type": "Polygon",
        "coordinates": [
          [
            [
              72.8371903,
              19.1228874
            ],
            [
              72.8368986,
              19.1229574
            ],
            [
              72.8365552,
              19.1229777
            ],
            [
              72.835933,
              19.1229017
            ],
            [
              72.8330369,
              19.122919
            ],
            [
              72.8330406,
              19.1228024
            ],
            [
              72.8330785,
              19.1216088
            ],
            [
              72.8330879,
              19.1213131
            ],
            [
              72.8330925,
              19.1211683
            ],
            [
              72.8348722,
              19.1211507
            ],
            [
              72.8348494,
              19.1204335
            ],
            [
              72.8351469,
              19.1204082
            ],
            [
              72.8363182,
              19.1203084
            ],
            [
              72.837148,
              19.120223
            ],
            [
              72.837258,
              19.1208186
            ],
            [
              72.83692,
              19.1209351
            ],
            [
              72.8370246,
              19.1212316
            ],
            [
              72.8375262,
              19.1227674
            ],
            [
              72.8371903,
              19.1228874
            ]
          ]
        ]
      },
      "id": "way/1170368734"
    },
    {
      "type": "Feature",
      "properties": {
        "@id": "way/1170368746",
        "addr:postcode": "400058",
        "addr:street": "Juhu Lane",
        "amenity": "school",
        "name": "Shree Ram Welfare High School"
      },
      "geometry": {
        "type": "Polygon",
        "coordinates": [
          [
            [
              72.8410318,
              19.1177901
            ],
            [
              72.8411365,
              19.1179143
            ],
            [
              72.8411257,
              19.1182919
            ],
            [
              72.8409567,
              19.1183021
            ],
            [
              72.8406724,
              19.1182995
            ],
            [
              72.8406349,
              19.1178104
            ],
            [
              72.8410318,
              19.1177901
            ]
          ]
        ]
      },
      "id": "way/1170368746"
    },
    {
      "type": "Feature",
      "properties": {
        "@id": "way/1171645929",
        "amenity": "school",
        "name": "Saifi High School"
      },
      "geometry": {
        "type": "Polygon",
        "coordinates": [
          [
            [
              72.8325592,
              18.9551763
            ],
            [
              72.8325748,
              18.9550239
            ],
            [
              72.8327422,
              18.9550362
            ],
            [
              72.8327344,
              18.955115
            ],
            [
              72.8327265,
              18.9551961
            ],
            [
              72.8325592,
              18.9551763
            ]
          ]
        ]
      },
      "id": "way/1171645929"
    },
    {
      "type": "Feature",
      "properties": {
        "@id": "way/1186783950",
        "amenity": "school"
      },
      "geometry": {
        "type": "Polygon",
        "coordinates": [
          [
            [
              72.8538823,
              19.0427179
            ],
            [
              72.8539064,
              19.0425557
            ],
            [
              72.8541452,
              19.0424771
            ],
            [
              72.8544043,
              19.0423582
            ],
            [
              72.8544556,
              19.0424418
            ],
            [
              72.8545962,
              19.0423748
            ],
            [
              72.8546795,
              19.0423772
            ],
            [
              72.8548847,
              19.0426384
            ],
            [
              72.8547433,
              19.0430754
            ],
            [
              72.8544027,
              19.0430323
            ],
            [
              72.854172,
              19.0427433
            ],
            [
              72.8538823,
              19.0427179
            ]
          ]
        ]
      },
      "id": "way/1186783950"
    },
    {
      "type": "Feature",
      "properties": {
        "@id": "way/1186783958",
        "addr:district": "Mumbai",
        "addr:full": "Jeevan Hall Building, 2-A, Dharavi Main Road",
        "addr:postcode": "400017",
        "addr:state": "Maharashtra",
        "amenity": "hospital",
        "name": "Ayurseva Hospital",
        "source": "OpenGovernmentData"
      },
      "geometry": {
        "type": "Polygon",
        "coordinates": [
          [
            [
              72.84958,
              19.043651
            ],
            [
              72.8499153,
              19.0432174
            ],
            [
              72.8501004,
              19.0433011
            ],
            [
              72.850087,
              19.043651
            ],
            [
              72.84958,
              19.043651
            ]
          ]
        ]
      },
      "id": "way/1186783958"
    },
    {
      "type": "Feature",
      "properties": {
        "@id": "way/1187638402",
        "amenity": "school",
        "name": "Passpoli Municipal School",
        "operator": "Brihanmumbai Municipal Corporation"
      },
      "geometry": {
        "type": "Polygon",
        "coordinates": [
          [
            [
              72.8944024,
              19.1259833
            ],
            [
              72.8950998,
              19.1254663
            ],
            [
              72.8954158,
              19.1266805
            ],
            [
              72.8951373,
              19.1267689
            ],
            [
              72.8944024,
              19.1259833
            ]
          ]
        ]
      },
      "id": "way/1187638402"
    },
    {
      "type": "Feature",
      "properties": {
        "@id": "way/1191847026",
        "amenity": "school",
        "check_date": "2026-03-12"
      },
      "geometry": {
        "type": "Polygon",
        "coordinates": [
          [
            [
              72.8059348,
              18.9107511
            ],
            [
              72.8052752,
              18.9095822
            ],
            [
              72.8065457,
              18.9093478
            ],
            [
              72.8070501,
              18.910174
            ],
            [
              72.8059348,
              18.9107511
            ]
          ]
        ]
      },
      "id": "way/1191847026"
    },
    {
      "type": "Feature",
      "properties": {
        "@id": "way/1191847027",
        "amenity": "school",
        "check_date": "2026-03-12"
      },
      "geometry": {
        "type": "Polygon",
        "coordinates": [
          [
            [
              72.806451,
              18.9115707
            ],
            [
              72.8060553,
              18.9109346
            ],
            [
              72.8062441,
              18.9108281
            ],
            [
              72.8066282,
              18.9114692
            ],
            [
              72.806451,
              18.9115707
            ]
          ]
        ]
      },
      "id": "way/1191847027"
    },
    {
      "type": "Feature",
      "properties": {
        "@id": "way/1192464428",
        "amenity": "school",
        "name": "Ascend International School"
      },
      "geometry": {
        "type": "Polygon",
        "coordinates": [
          [
            [
              72.8509811,
              19.068771
            ],
            [
              72.8504194,
              19.0684826
            ],
            [
              72.8508384,
              19.0677536
            ],
            [
              72.8514001,
              19.068042
            ],
            [
              72.8509811,
              19.068771
            ]
          ]
        ]
      },
      "id": "way/1192464428"
    },
    {
      "type": "Feature",
      "properties": {
        "@id": "way/1192464441",
        "amenity": "school",
        "education": "school",
        "name": "Cardinal Gracias High School",
        "name:en": "Cardinal Gracias High School"
      },
      "geometry": {
        "type": "Polygon",
        "coordinates": [
          [
            [
              72.847681,
              19.0671285
            ],
            [
              72.8472944,
              19.0671806
            ],
            [
              72.8471191,
              19.0665759
            ],
            [
              72.847677,
              19.0665099
            ],
            [
              72.847681,
              19.0671285
            ]
          ]
        ]
      },
      "id": "way/1192464441"
    },
    {
      "type": "Feature",
      "properties": {
        "@id": "way/1226336534",
        "amenity": "school",
        "name": "Besant Montessori School",
        "note": "Confirm on actual dimensions of school area and building"
      },
      "geometry": {
        "type": "Polygon",
        "coordinates": [
          [
            [
              72.8270389,
              19.1004238
            ],
            [
              72.8270669,
              19.1002772
            ],
            [
              72.8273017,
              19.1003173
            ],
            [
              72.8272736,
              19.1004639
            ],
            [
              72.8270389,
              19.1004238
            ]
          ]
        ]
      },
      "id": "way/1226336534"
    },
    {
      "type": "Feature",
      "properties": {
        "@id": "way/1227680034",
        "amenity": "school",
        "name": "Gujurat Research Society",
        "name:en": "Gujurat Research Society"
      },
      "geometry": {
        "type": "Polygon",
        "coordinates": [
          [
            [
              72.8301835,
              19.0752151
            ],
            [
              72.8309841,
              19.0752469
            ],
            [
              72.8309966,
              19.0754819
            ],
            [
              72.8301537,
              19.0756392
            ],
            [
              72.8301835,
              19.0752151
            ]
          ]
        ]
      },
      "id": "way/1227680034"
    },
    {
      "type": "Feature",
      "properties": {
        "@id": "way/1227680040",
        "amenity": "hospital",
        "building": "hospital",
        "healthcare": "hospital",
        "mobile": "+91 98202 54545",
        "name": "Women's Hospital",
        "name:en": "Women's Hospital",
        "operator": "Dr. Rakesh Sinha",
        "operator:type": "private",
        "website": "https://www.womenshospital.com/"
      },
      "geometry": {
        "type": "Polygon",
        "coordinates": [
          [
            [
              72.8305428,
              19.0694671
            ],
            [
              72.8305354,
              19.0693505
            ],
            [
              72.8307641,
              19.0693376
            ],
            [
              72.8307715,
              19.0694542
            ],
            [
              72.8305428,
              19.0694671
            ]
          ]
        ]
      },
      "id": "way/1227680040"
    },
    {
      "type": "Feature",
      "properties": {
        "@id": "way/1227731048",
        "amenity": "school",
        "name": "Mumbai Public School",
        "name:en": "Mumbai Public School"
      },
      "geometry": {
        "type": "Polygon",
        "coordinates": [
          [
            [
              72.8371105,
              19.0060789
            ],
            [
              72.8368662,
              19.0055931
            ],
            [
              72.8372458,
              19.0054225
            ],
            [
              72.83749,
              19.0059083
            ],
            [
              72.8371105,
              19.0060789
            ]
          ]
        ]
      },
      "id": "way/1227731048"
    },
    {
      "type": "Feature",
      "properties": {
        "@id": "way/1236536848",
        "amenity": "school",
        "name": "Mumbai Public Pali-Chimbai Municipal School",
        "name:en": "Mumbai Public Pali-Chimbai Municipal School"
      },
      "geometry": {
        "type": "Polygon",
        "coordinates": [
          [
            [
              72.824185,
              19.0582197
            ],
            [
              72.8242116,
              19.0579843
            ],
            [
              72.8245564,
              19.0580094
            ],
            [
              72.824524,
              19.058256
            ],
            [
              72.824185,
              19.0582197
            ]
          ]
        ]
      },
      "id": "way/1236536848"
    },
    {
      "type": "Feature",
      "properties": {
        "@id": "way/1289053364",
        "addr:city": "Mumbai",
        "addr:postcode": "400027",
        "addr:street": "Sant Savata Marg",
        "amenity": "hospital",
        "emergency": "yes",
        "healthcare": "hospital",
        "healthcare:speciality": "gynaecology;orthopaedics;plastic_surgery;psychiatry;paediatrics;oncology",
        "name": "Masina Hospital",
        "website": "https://www.masinahospital.com/"
      },
      "geometry": {
        "type": "Polygon",
        "coordinates": [
          [
            [
              72.8352343,
              18.975579
            ],
            [
              72.8353174,
              18.9744972
            ],
            [
              72.8354725,
              18.973842
            ],
            [
              72.8351468,
              18.9737795
            ],
            [
              72.8346241,
              18.9736246
            ],
            [
              72.8345107,
              18.9735792
            ],
            [
              72.8345677,
              18.9735295
            ],
            [
              72.8347608,
              18.9736081
            ],
            [
              72.8351632,
              18.9736868
            ],
            [
              72.8358632,
              18.9737882
            ],
            [
              72.8366291,
              18.9737824
            ],
            [
              72.8365709,
              18.9757253
            ],
            [
              72.8360753,
              18.9756715
            ],
            [
              72.8352343,
              18.975579
            ]
          ]
        ]
      },
      "id": "way/1289053364"
    },
    {
      "type": "Feature",
      "properties": {
        "@id": "way/1289063015",
        "addr:district": "Thane",
        "addr:full": "Police Station, 1877 Doctor Anandrao Nair Marg Near Agripada, Mumbai Central",
        "addr:postcode": "400011",
        "addr:state": "Maharashtra",
        "amenity": "hospital",
        "check_date": "2026-03-20",
        "healthcare": "hospital",
        "name": "Wockhardt Hospitals, South Mumbai",
        "source": "OpenGovernmentData"
      },
      "geometry": {
        "type": "Polygon",
        "coordinates": [
          [
            [
              72.8241849,
              18.9748789
            ],
            [
              72.8243547,
              18.9753404
            ],
            [
              72.8237459,
              18.9755408
            ],
            [
              72.823576,
              18.9750793
            ],
            [
              72.8241849,
              18.9748789
            ]
          ]
        ]
      },
      "id": "way/1289063015"
    },
    {
      "type": "Feature",
      "properties": {
        "@id": "way/1289073489",
        "addr:district": "Mumbai",
        "addr:full": "1-1A, Keshavrao Khadye Marg, Haji Ali, Mumbai",
        "addr:postcode": "400034",
        "addr:state": "Maharashtra",
        "amenity": "hospital",
        "name": "NH SRCC Children's Hospital",
        "source": "Local Knowledge"
      },
      "geometry": {
        "type": "Polygon",
        "coordinates": [
          [
            [
              72.8126112,
              18.9783589
            ],
            [
              72.812977,
              18.9784348
            ],
            [
              72.813051,
              18.9784451
            ],
            [
              72.812933,
              18.9789397
            ],
            [
              72.8133407,
              18.9794952
            ],
            [
              72.8128794,
              18.9798325
            ],
            [
              72.8122544,
              18.979064
            ],
            [
              72.8125146,
              18.9787444
            ],
            [
              72.8126112,
              18.9783589
            ]
          ]
        ]
      },
      "id": "way/1289073489"
    },
    {
      "type": "Feature",
      "properties": {
        "@id": "way/1290823368",
        "amenity": "school",
        "name": "Mohili Village Municipality School"
      },
      "geometry": {
        "type": "Polygon",
        "coordinates": [
          [
            [
              72.8918517,
              19.1001658
            ],
            [
              72.8921252,
              19.0997071
            ],
            [
              72.8924644,
              19.0998877
            ],
            [
              72.8922337,
              19.10024
            ],
            [
              72.8918517,
              19.1001658
            ]
          ]
        ]
      },
      "id": "way/1290823368"
    },
    {
      "type": "Feature",
      "properties": {
        "@id": "way/1290823369",
        "addr:city": "Mumbai",
        "addr:street": "Kherani Road",
        "amenity": "school",
        "ele": "1",
        "name": "St Anthony's High School"
      },
      "geometry": {
        "type": "Polygon",
        "coordinates": [
          [
            [
              72.8927717,
              19.1053159
            ],
            [
              72.8932625,
              19.1051842
            ],
            [
              72.8934395,
              19.1057468
            ],
            [
              72.8929111,
              19.1058989
            ],
            [
              72.8927717,
              19.1053159
            ]
          ]
        ]
      },
      "id": "way/1290823369"
    },
    {
      "type": "Feature",
      "properties": {
        "@id": "way/1291729684",
        "addr:district": "Mumbai",
        "addr:full": "Gandhi Nagar, Kirti Vihar, Ghatkopar West, Mumbai",
        "addr:postcode": "400086",
        "addr:state": "Maharashtra",
        "amenity": "hospital",
        "healthcare": "hospital",
        "name": "Sarvodaya Hospital",
        "source": "Local Knowledge"
      },
      "geometry": {
        "type": "Polygon",
        "coordinates": [
          [
            [
              72.9075426,
              19.0892669
            ],
            [
              72.9076579,
              19.0895001
            ],
            [
              72.9076847,
              19.0904912
            ],
            [
              72.9076338,
              19.0906433
            ],
            [
              72.907392,
              19.0909694
            ],
            [
              72.9072556,
              19.0910539
            ],
            [
              72.9071215,
              19.0910589
            ],
            [
              72.9064751,
              19.0910159
            ],
            [
              72.9058555,
              19.0909069
            ],
            [
              72.9061156,
              19.0899183
            ],
            [
              72.9075426,
              19.0892669
            ]
          ]
        ]
      },
      "id": "way/1291729684"
    },
    {
      "type": "Feature",
      "properties": {
        "@id": "way/1291882474",
        "amenity": "school",
        "name": "New English High School"
      },
      "geometry": {
        "type": "Polygon",
        "coordinates": [
          [
            [
              72.8497839,
              19.0663769
            ],
            [
              72.8501701,
              19.0665746
            ],
            [
              72.8495023,
              19.0677179
            ],
            [
              72.8489792,
              19.0670182
            ],
            [
              72.8489497,
              19.0667292
            ],
            [
              72.8490329,
              19.066425
            ],
            [
              72.8491241,
              19.0662374
            ],
            [
              72.8492823,
              19.066136
            ],
            [
              72.8495613,
              19.0660879
            ],
            [
              72.8497034,
              19.0663261
            ],
            [
              72.8497839,
              19.0663769
            ]
          ]
        ]
      },
      "id": "way/1291882474"
    },
    {
      "type": "Feature",
      "properties": {
        "@id": "way/1329415478",
        "amenity": "hospital",
        "healthcare": "hospital",
        "name": "Head And Neck Cancer Institute Of India"
      },
      "geometry": {
        "type": "Polygon",
        "coordinates": [
          [
            [
              72.8455638,
              18.9700248
            ],
            [
              72.8458481,
              18.9700159
            ],
            [
              72.8458434,
              18.9705077
            ],
            [
              72.8455598,
              18.9705376
            ],
            [
              72.8455638,
              18.9700248
            ]
          ]
        ]
      },
      "id": "way/1329415478"
    },
    {
      "type": "Feature",
      "properties": {
        "@id": "way/1335983035",
        "amenity": "school",
        "area": "yes",
        "name": "ST. XAVIERS"
      },
      "geometry": {
        "type": "Polygon",
        "coordinates": [
          [
            [
              73.0204992,
              19.0383746
            ],
            [
              73.0204746,
              19.0378002
            ],
            [
              73.0207984,
              19.0377878
            ],
            [
              73.0210882,
              19.0380877
            ],
            [
              73.0207679,
              19.0383643
            ],
            [
              73.0204992,
              19.0383746
            ]
          ]
        ]
      },
      "id": "way/1335983035"
    },
    {
      "type": "Feature",
      "properties": {
        "@id": "way/1349154981",
        "addr:city": "Mumbai",
        "addr:postcode": "400055",
        "addr:street": "Jawaharlal Nehru Road",
        "amenity": "school",
        "building": "school",
        "building:levels": "6",
        "check_date": "2026-03-21",
        "grades": "1-12",
        "landuse": "education",
        "name": "Patuck Technical School Ground",
        "operator": "Patuck School",
        "operator:type": "public",
        "religion": "none",
        "source": "survey;local knowledge;aerial imagery"
      },
      "geometry": {
        "type": "Polygon",
        "coordinates": [
          [
            [
              72.849316,
              19.0816606
            ],
            [
              72.8492546,
              19.0815815
            ],
            [
              72.8494578,
              19.0813519
            ],
            [
              72.8494883,
              19.0813701
            ],
            [
              72.8496288,
              19.0814616
            ],
            [
              72.8496161,
              19.0814976
            ],
            [
              72.8494214,
              19.0816762
            ],
            [
              72.849316,
              19.0816606
            ]
          ]
        ]
      },
      "id": "way/1349154981"
    },
    {
      "type": "Feature",
      "properties": {
        "@id": "way/1360696541",
        "amenity": "hospital",
        "healthcare": "hospital",
        "name": "JUHUGAON NMMC"
      },
      "geometry": {
        "type": "Polygon",
        "coordinates": [
          [
            [
              73.0002979,
              19.087288
            ],
            [
              73.0002639,
              19.0871823
            ],
            [
              73.0003864,
              19.0871471
            ],
            [
              73.0004203,
              19.0872528
            ],
            [
              73.0002979,
              19.087288
            ]
          ]
        ]
      },
      "id": "way/1360696541"
    },
    {
      "type": "Feature",
      "properties": {
        "@id": "way/1360718319",
        "amenity": "school"
      },
      "geometry": {
        "type": "Polygon",
        "coordinates": [
          [
            [
              73.0010862,
              19.1038535
            ],
            [
              73.0009075,
              19.1038054
            ],
            [
              73.000987,
              19.1036255
            ],
            [
              73.0011468,
              19.1036748
            ],
            [
              73.0010862,
              19.1038535
            ]
          ]
        ]
      },
      "id": "way/1360718319"
    },
    {
      "type": "Feature",
      "properties": {
        "@id": "way/1361121711",
        "addr:city": "Mumbai",
        "addr:district": "Maharashtra",
        "addr:postcode": "400037",
        "addr:street": "Sion",
        "amenity": "school",
        "name": "Lodha Oakwood School"
      },
      "geometry": {
        "type": "Polygon",
        "coordinates": [
          [
            [
              72.879702,
              19.0362419
            ],
            [
              72.8798121,
              19.0362331
            ],
            [
              72.8798781,
              19.0362254
            ],
            [
              72.8798918,
              19.0362461
            ],
            [
              72.8799002,
              19.036288
            ],
            [
              72.8799113,
              19.036358
            ],
            [
              72.8799278,
              19.0366384
            ],
            [
              72.879833,
              19.0366313
            ],
            [
              72.8798339,
              19.0367047
            ],
            [
              72.8796463,
              19.0366833
            ],
            [
              72.879702,
              19.0362419
            ]
          ]
        ]
      },
      "id": "way/1361121711"
    },
    {
      "type": "Feature",
      "properties": {
        "@id": "way/1372204911",
        "addr:city": "Mumbai",
        "addr:district": "mumbai suburban",
        "addr:postcode": "400074",
        "addr:street": "ashok nagar",
        "amenity": "school",
        "building": "yes",
        "building:levels": "1",
        "name": "Model High School"
      },
      "geometry": {
        "type": "Polygon",
        "coordinates": [
          [
            [
              72.905377,
              19.0364583
            ],
            [
              72.9051958,
              19.0364663
            ],
            [
              72.905203,
              19.0361664
            ],
            [
              72.905396,
              19.0361701
            ],
            [
              72.905377,
              19.0364583
            ]
          ]
        ]
      },
      "id": "way/1372204911"
    },
    {
      "type": "Feature",
      "properties": {
        "@id": "way/1374686428",
        "amenity": "school",
        "building": "house",
        "name": "Mumbai Public School"
      },
      "geometry": {
        "type": "Polygon",
        "coordinates": [
          [
            [
              72.8552634,
              19.0477905
            ],
            [
              72.8552928,
              19.0477494
            ],
            [
              72.8553349,
              19.047708
            ],
            [
              72.8554334,
              19.04775
            ],
            [
              72.8556888,
              19.0477569
            ],
            [
              72.855689,
              19.0477877
            ],
            [
              72.855708,
              19.0477892
            ],
            [
              72.8557041,
              19.0478723
            ],
            [
              72.8553391,
              19.0478356
            ],
            [
              72.8552634,
              19.0477905
            ]
          ]
        ]
      },
      "id": "way/1374686428"
    },
    {
      "type": "Feature",
      "properties": {
        "@id": "way/1383241902",
        "amenity": "school",
        "building": "yes",
        "name": "Taraben Master School",
        "name:en": "Taraben Master School"
      },
      "geometry": {
        "type": "Polygon",
        "coordinates": [
          [
            [
              72.8331011,
              19.0850221
            ],
            [
              72.8330791,
              19.0848873
            ],
            [
              72.83325,
              19.0848623
            ],
            [
              72.833272,
              19.0849972
            ],
            [
              72.8331011,
              19.0850221
            ]
          ]
        ]
      },
      "id": "way/1383241902"
    },
    {
      "type": "Feature",
      "properties": {
        "@id": "way/1387161513",
        "amenity": "school",
        "name": "RC Mahim Municipal School",
        "operator": "Brihanmumbai Municipal Corporation",
        "operator:type": "government"
      },
      "geometry": {
        "type": "Polygon",
        "coordinates": [
          [
            [
              72.840388,
              19.0406908
            ],
            [
              72.8403549,
              19.0399479
            ],
            [
              72.8408869,
              19.0399351
            ],
            [
              72.8408357,
              19.0405903
            ],
            [
              72.840388,
              19.0406908
            ]
          ]
        ]
      },
      "id": "way/1387161513"
    },
    {
      "type": "Feature",
      "properties": {
        "@id": "way/1410330978",
        "amenity": "hospital",
        "healthcare": "hospital",
        "name": "Asian"
      },
      "geometry": {
        "type": "Polygon",
        "coordinates": [
          [
            [
              72.8602099,
              19.0649062
            ],
            [
              72.8604461,
              19.0648746
            ],
            [
              72.8605034,
              19.0647644
            ],
            [
              72.8608443,
              19.0649532
            ],
            [
              72.860991,
              19.0647166
            ],
            [
              72.8616134,
              19.0650704
            ],
            [
              72.8612444,
              19.0655094
            ],
            [
              72.8612577,
              19.0656848
            ],
            [
              72.8604366,
              19.065784
            ],
            [
              72.8603705,
              19.0651941
            ],
            [
              72.8602486,
              19.0652101
            ],
            [
              72.8602099,
              19.0649062
            ]
          ]
        ]
      },
      "id": "way/1410330978"
    },
    {
      "type": "Feature",
      "properties": {
        "@id": "way/1411712168",
        "amenity": "hospital",
        "check_date": "2026-03-20",
        "healthcare": "hospital",
        "name": "King George V Infimary"
      },
      "geometry": {
        "type": "Polygon",
        "coordinates": [
          [
            [
              72.8228181,
              18.9888128
            ],
            [
              72.8230613,
              18.9883528
            ],
            [
              72.8231836,
              18.9880801
            ],
            [
              72.823577,
              18.9887889
            ],
            [
              72.8234866,
              18.9888329
            ],
            [
              72.8234773,
              18.9888744
            ],
            [
              72.8234646,
              18.9889097
            ],
            [
              72.8233038,
              18.9889018
            ],
            [
              72.8232496,
              18.9889788
            ],
            [
              72.8231794,
              18.9891035
            ],
            [
              72.8230391,
              18.9891972
            ],
            [
              72.8229443,
              18.9890428
            ],
            [
              72.8228181,
              18.9888128
            ]
          ]
        ]
      },
      "id": "way/1411712168"
    },
    {
      "type": "Feature",
      "properties": {
        "@id": "way/1412316695",
        "amenity": "school",
        "name": "Mount Mary Convent High School",
        "name:en": "Mount Mary Convent High School"
      },
      "geometry": {
        "type": "Polygon",
        "coordinates": [
          [
            [
              72.8223535,
              19.0460165
            ],
            [
              72.8227532,
              19.0460076
            ],
            [
              72.822765,
              19.0458928
            ],
            [
              72.8229324,
              19.0457168
            ],
            [
              72.8232307,
              19.0459396
            ],
            [
              72.8232625,
              19.0465035
            ],
            [
              72.8227685,
              19.0464534
            ],
            [
              72.8226919,
              19.0463965
            ],
            [
              72.8223005,
              19.0463921
            ],
            [
              72.8223535,
              19.0460165
            ]
          ]
        ]
      },
      "id": "way/1412316695"
    },
    {
      "type": "Feature",
      "properties": {
        "@id": "way/1413471846",
        "amenity": "hospital",
        "check_date": "2026-03-20",
        "healthcare": "hospital",
        "name": "Sion Hospital"
      },
      "geometry": {
        "type": "Polygon",
        "coordinates": [
          [
            [
              72.8572857,
              19.0347495
            ],
            [
              72.8588447,
              19.0341457
            ],
            [
              72.8591754,
              19.0349359
            ],
            [
              72.8576164,
              19.0355437
            ],
            [
              72.8572857,
              19.0347495
            ]
          ]
        ]
      },
      "id": "way/1413471846"
    },
    {
      "type": "Feature",
      "properties": {
        "@id": "way/1420982492",
        "amenity": "school",
        "name": "Bandra Petit School",
        "name:en": "Bandra Petit School",
        "operator": "BMC",
        "operator:type": "government"
      },
      "geometry": {
        "type": "Polygon",
        "coordinates": [
          [
            [
              72.8342939,
              19.056397
            ],
            [
              72.8348366,
              19.0564193
            ],
            [
              72.8348189,
              19.0568046
            ],
            [
              72.8342763,
              19.0567824
            ],
            [
              72.8342939,
              19.056397
            ]
          ]
        ]
      },
      "id": "way/1420982492"
    },
    {
      "type": "Feature",
      "properties": {
        "@id": "way/1421613461",
        "amenity": "school",
        "name": "Apostolic Carmel High School & Junior College",
        "name:en": "Apostolic Carmel High School & Junior College",
        "name:mr": "ॲपोस्टोलिक कार्मेल हायस्कूल आणि ज्युनियर कॉलेज",
        "religion": "christian",
        "website": "https://www.apostoliccarmelbandra.com/index.html"
      },
      "geometry": {
        "type": "Polygon",
        "coordinates": [
          [
            [
              72.8259969,
              19.0548107
            ],
            [
              72.826013,
              19.0548123
            ],
            [
              72.8261619,
              19.0548266
            ],
            [
              72.8264926,
              19.0548586
            ],
            [
              72.8263667,
              19.0555925
            ],
            [
              72.8263448,
              19.0558138
            ],
            [
              72.8255245,
              19.0557853
            ],
            [
              72.8255231,
              19.0553284
            ],
            [
              72.8260202,
              19.0552805
            ],
            [
              72.8259969,
              19.0548107
            ]
          ]
        ]
      },
      "id": "way/1421613461"
    },
    {
      "type": "Feature",
      "properties": {
        "@id": "way/1442093565",
        "addr:full": "11th Road, Golibar, Santacruz East",
        "addr:postcode": "400055",
        "addr:state": "Maharashtra",
        "amenity": "hospital",
        "healthcare": "hospital",
        "name": "V.N. Desai Hospital",
        "name:en": "V.N. Desai Hospital",
        "operator": "BMC",
        "operator:type": "government",
        "website": "https://mumbaisuburban.gov.in/en/public-utility/v-n-desai-municipal-general-hospital/"
      },
      "geometry": {
        "type": "Polygon",
        "coordinates": [
          [
            [
              72.8447091,
              19.0784545
            ],
            [
              72.8452213,
              19.0783943
            ],
            [
              72.845296,
              19.078462
            ],
            [
              72.8454487,
              19.0788047
            ],
            [
              72.8454869,
              19.0789204
            ],
            [
              72.8451338,
              19.0790557
            ],
            [
              72.8447568,
              19.0790768
            ],
            [
              72.8447091,
              19.0784545
            ]
          ]
        ]
      },
      "id": "way/1442093565"
    },
    {
      "type": "Feature",
      "properties": {
        "@id": "way/1447315313",
        "addr:city": "Mumbai",
        "addr:postcode": "400054",
        "addr:street": "Besant Road",
        "amenity": "hospital",
        "description": "it is a nursing home",
        "healthcare": "hospital",
        "healthcare:speciality": "general",
        "name": "Mangal nursing home",
        "website": "https://www.justdial.com/Mumbai/Mangal-Multispeciality-Hospital-ICU-Near-Santacurz-Station-Santacruz-West/022PXX22-XX22-121008193335-N5M5_BZDET"
      },
      "geometry": {
        "type": "Polygon",
        "coordinates": [
          [
            [
              72.839386,
              19.0835193
            ],
            [
              72.8393662,
              19.0834084
            ],
            [
              72.8396091,
              19.0833696
            ],
            [
              72.8396289,
              19.0834806
            ],
            [
              72.839386,
              19.0835193
            ]
          ]
        ]
      },
      "id": "way/1447315313"
    },
    {
      "type": "Feature",
      "properties": {
        "@id": "way/1451543691",
        "addr:district": "Mumbai",
        "addr:housenumber": "1234",
        "addr:postcode": "400058",
        "addr:street": "Swami Vivekanand Road",
        "amenity": "hospital",
        "emergency": "yes",
        "healthcare": "hospital",
        "healthcare:speciality": "general;psychiatry",
        "name": "hehehe",
        "operator": "wert"
      },
      "geometry": {
        "type": "Polygon",
        "coordinates": [
          [
            [
              72.8417026,
              19.1105125
            ],
            [
              72.841681,
              19.1104281
            ],
            [
              72.8417642,
              19.1103582
            ],
            [
              72.8424051,
              19.1103524
            ],
            [
              72.8421339,
              19.1106828
            ],
            [
              72.8417026,
              19.1105125
            ]
          ]
        ]
      },
      "id": "way/1451543691"
    },
    {
      "type": "Feature",
      "properties": {
        "@id": "way/1459999335",
        "amenity": "school",
        "name": "Mumbai Public School",
        "operator:type": "public"
      },
      "geometry": {
        "type": "Polygon",
        "coordinates": [
          [
            [
              72.8295986,
              19.123439
            ],
            [
              72.8296994,
              19.1238367
            ],
            [
              72.8290497,
              19.1239837
            ],
            [
              72.8289489,
              19.123586
            ],
            [
              72.8291082,
              19.12355
            ],
            [
              72.8295986,
              19.123439
            ]
          ]
        ]
      },
      "id": "way/1459999335"
    },
    {
      "type": "Feature",
      "properties": {
        "@id": "way/1467980774",
        "amenity": "school",
        "education": "school",
        "name": "Young Ladies High School",
        "name:en": "Young Ladies High School"
      },
      "geometry": {
        "type": "Polygon",
        "coordinates": [
          [
            [
              72.8316562,
              18.9355489
            ],
            [
              72.8320242,
              18.9354089
            ],
            [
              72.8320842,
              18.935553
            ],
            [
              72.8317216,
              18.935692
            ],
            [
              72.8316562,
              18.9355489
            ]
          ]
        ]
      },
      "id": "way/1467980774"
    },
    {
      "type": "Feature",
      "properties": {
        "@id": "way/1471965392",
        "addr:district": "Mumbai",
        "addr:full": "698-B,Ranade Road, Dadar",
        "addr:postcode": "400028",
        "addr:state": "Maharashtra",
        "amenity": "hospital",
        "healthcare": "hospital",
        "name": "Shushrusha Citizens Co-Op Hospital Ltd.",
        "source": "OpenGovernmentData"
      },
      "geometry": {
        "type": "Polygon",
        "coordinates": [
          [
            [
              72.8379588,
              19.0231448
            ],
            [
              72.8380818,
              19.0233429
            ],
            [
              72.8380924,
              19.0233599
            ],
            [
              72.8376526,
              19.0235688
            ],
            [
              72.8375407,
              19.0233664
            ],
            [
              72.8379588,
              19.0231448
            ]
          ]
        ]
      },
      "id": "way/1471965392"
    },
    {
      "type": "Feature",
      "properties": {
        "@id": "way/1480592899",
        "amenity": "school",
        "name": "Saint Louis Convent",
        "operator:type": "religious"
      },
      "geometry": {
        "type": "Polygon",
        "coordinates": [
          [
            [
              72.8255116,
              19.1248643
            ],
            [
              72.8258924,
              19.1252034
            ],
            [
              72.8256058,
              19.1254365
            ],
            [
              72.8252395,
              19.1251537
            ],
            [
              72.8255116,
              19.1248643
            ]
          ]
        ]
      },
      "id": "way/1480592899"
    },
    {
      "type": "Feature",
      "properties": {
        "@id": "way/1482662222",
        "amenity": "school",
        "name": "Saint Blaise Highschool",
        "operator:type": "religious"
      },
      "geometry": {
        "type": "Polygon",
        "coordinates": [
          [
            [
              72.8460388,
              19.1272388
            ],
            [
              72.8466441,
              19.1271943
            ],
            [
              72.8467155,
              19.1275603
            ],
            [
              72.8460097,
              19.127627
            ],
            [
              72.8460388,
              19.1272388
            ]
          ]
        ]
      },
      "id": "way/1482662222"
    },
    {
      "type": "Feature",
      "properties": {
        "@id": "way/1491318915",
        "amenity": "school",
        "education": "school",
        "name": "Chotani Road Municipal High School",
        "name:en": "Chotani Road Municipal High School"
      },
      "geometry": {
        "type": "Polygon",
        "coordinates": [
          [
            [
              72.8442104,
              19.0386074
            ],
            [
              72.8445602,
              19.0385557
            ],
            [
              72.8446407,
              19.0390263
            ],
            [
              72.8443885,
              19.0390496
            ],
            [
              72.8440752,
              19.0389695
            ],
            [
              72.8442104,
              19.0386074
            ]
          ]
        ]
      },
      "id": "way/1491318915"
    },
    {
      "type": "Feature",
      "properties": {
        "@id": "way/1524835595",
        "amenity": "hospital",
        "building": "hospital",
        "healthcare": "hospital",
        "name": "Western Railway Health Unit Bandra West",
        "name:en": "Western Railway Health Unit Bandra West",
        "name:hi": "पश्चिम रेल्वे स्वास्थ्य इकाई बांद्रा पश्चिम",
        "name:mr": "पश्चिम रेल्वे आरोग्य केंद्र वांद्रे पश्चिम"
      },
      "geometry": {
        "type": "Polygon",
        "coordinates": [
          [
            [
              72.8381281,
              19.0629851
            ],
            [
              72.8382041,
              19.0629859
            ],
            [
              72.8382063,
              19.0627979
            ],
            [
              72.8383622,
              19.0627996
            ],
            [
              72.8383566,
              19.0632786
            ],
            [
              72.838252,
              19.0632776
            ],
            [
              72.838254,
              19.0630989
            ],
            [
              72.8381268,
              19.0630975
            ],
            [
              72.8381281,
              19.0629851
            ]
          ]
        ]
      },
      "id": "way/1524835595"
    },
    {
      "type": "Feature",
      "properties": {
        "@id": "way/1535753020",
        "amenity": "school",
        "name": "Guru Gobind English High School"
      },
      "geometry": {
        "type": "Polygon",
        "coordinates": [
          [
            [
              72.9348582,
              19.1216168
            ],
            [
              72.9349413,
              19.1225292
            ],
            [
              72.9343057,
              19.1226635
            ],
            [
              72.9341635,
              19.1224911
            ],
            [
              72.9340643,
              19.121665
            ],
            [
              72.9348582,
              19.1216168
            ]
          ]
        ]
      },
      "id": "way/1535753020"
    },
    {
      "type": "Feature",
      "properties": {
        "@id": "way/1123412915",
        "addr:street": "R K Paramhans Road",
        "amenity": "school",
        "name": "Shri Chinai College of Commerce & Economics"
      },
      "geometry": {
        "type": "LineString",
        "coordinates": [
          [
            72.851412,
            19.120849
          ],
          [
            72.8516856,
            19.121551
          ],
          [
            72.8515783,
            19.1215484
          ],
          [
            72.8515971,
            19.1219716
          ],
          [
            72.8508139,
            19.1220249
          ],
          [
            72.8505778,
            19.1216979
          ],
          [
            72.8507709,
            19.1216422
          ],
          [
            72.8507629,
            19.1214116
          ],
          [
            72.8505591,
            19.1214293
          ],
          [
            72.850484,
            19.1213001
          ],
          [
            72.8514361,
            19.1208363
          ]
        ]
      },
      "id": "way/1123412915"
    },
    {
      "type": "Feature",
      "properties": {
        "@id": "node/245668712",
        "amenity": "school",
        "name": "Classic",
        "opening_hours": "Mo-Su 09:00-21:00",
        "source": "AND",
        "tourism": "hotel"
      },
      "geometry": {
        "type": "Point",
        "coordinates": [
          72.8384747,
          19.0835527
        ]
      },
      "id": "node/245668712"
    },
    {
      "type": "Feature",
      "properties": {
        "@id": "node/246446609",
        "amenity": "school",
        "name": "Home for mental deficient childern"
      },
      "geometry": {
        "type": "Point",
        "coordinates": [
          72.9256871,
          19.0436727
        ]
      },
      "id": "node/246446609"
    },
    {
      "type": "Feature",
      "properties": {
        "@id": "node/346643796",
        "amenity": "hospital",
        "created_by": "Potlatch 0.10f",
        "name": "National Centre for Training and Research into Cerebral Palsy"
      },
      "geometry": {
        "type": "Point",
        "coordinates": [
          72.8321317,
          19.0516428
        ]
      },
      "id": "node/346643796"
    },
    {
      "type": "Feature",
      "properties": {
        "@id": "node/347125102",
        "amenity": "school",
        "name": "Apostolic Carmel Convent (Girl's School)"
      },
      "geometry": {
        "type": "Point",
        "coordinates": [
          72.8262102,
          19.0550042
        ]
      },
      "id": "node/347125102"
    },
    {
      "type": "Feature",
      "properties": {
        "@id": "node/651265089",
        "amenity": "school",
        "name": "Modern English School",
        "name:ur": "ماڈرن انگلش اسکول"
      },
      "geometry": {
        "type": "Point",
        "coordinates": [
          72.9063356,
          19.065657
        ]
      },
      "id": "node/651265089"
    },
    {
      "type": "Feature",
      "properties": {
        "@id": "node/860315256",
        "amenity": "hospital",
        "healthcare": "hospital",
        "name": "Saifee Ambulance",
        "source": "GPS"
      },
      "geometry": {
        "type": "Point",
        "coordinates": [
          72.8314957,
          18.9599377
        ]
      },
      "id": "node/860315256"
    },
    {
      "type": "Feature",
      "properties": {
        "@id": "node/1347550460",
        "amenity": "hospital",
        "healthcare": "hospital",
        "name": "Jevan Vikas Hospital"
      },
      "geometry": {
        "type": "Point",
        "coordinates": [
          72.8483274,
          19.1106501
        ]
      },
      "id": "node/1347550460"
    },
    {
      "type": "Feature",
      "properties": {
        "@id": "node/1356234984",
        "addr:district": "Thane",
        "addr:full": "On Sion-Panvel Exprsssway Sector - 7 Vashi Navi Mumbai",
        "addr:housenumber": "Sector 7",
        "addr:postcode": "400703",
        "addr:state": "Maharashtra",
        "addr:street": "Sion Panvel Highway",
        "amenity": "hospital",
        "emergency": "yes",
        "healthcare": "hospital",
        "name": "Dr Kasbekar Sterling Hospital",
        "name:en": "Dr Kasbekar Sterling Hospital",
        "opening_hours": "24/7",
        "phone": "02266804444",
        "source": "OpenGovernmentData",
        "website": "http://www.navimumbai.wockhardthospitals.com"
      },
      "geometry": {
        "type": "Point",
        "coordinates": [
          72.9873953,
          19.0698454
        ]
      },
      "id": "node/1356234984"
    },
    {
      "type": "Feature",
      "properties": {
        "@id": "node/1398715651",
        "amenity": "hospital",
        "name": "JOY Hospital"
      },
      "geometry": {
        "type": "Point",
        "coordinates": [
          72.8973945,
          19.0558773
        ]
      },
      "id": "node/1398715651"
    },
    {
      "type": "Feature",
      "properties": {
        "@id": "node/1398717565",
        "amenity": "hospital",
        "healthcare": "hospital",
        "name": "Inlaks Hospital"
      },
      "geometry": {
        "type": "Point",
        "coordinates": [
          72.8964218,
          19.0466131
        ]
      },
      "id": "node/1398717565"
    },
    {
      "type": "Feature",
      "properties": {
        "@id": "node/1541880069",
        "amenity": "school",
        "name": "Shivaji School"
      },
      "geometry": {
        "type": "Point",
        "coordinates": [
          72.8509934,
          19.1044999
        ]
      },
      "id": "node/1541880069"
    },
    {
      "type": "Feature",
      "properties": {
        "@id": "node/1640244309",
        "addr:city": "Mumbai",
        "addr:district": "Maharashtra",
        "addr:housenumber": "KIRIT NURSING HOME, Pushpa Ganga Soc, Subhash Rd",
        "addr:postcode": "400057",
        "addr:street": "opp Sai Mandir Marg, Navpada, Vile Parle E",
        "amenity": "hospital",
        "contact:facebook": "https://www.facebook.com/drmaitreyeeparulekar/",
        "email": "parulekardrmaitreyee@gmail.com",
        "healthcare": "hospital",
        "healthcare:speciality": "gynaecology;oncology",
        "image": "https://drmaitreyeegynec.in/wp-content/uploads/2025/03/gallery1.webp",
        "mobile": "7208727500",
        "name": "Dr Maitreyee Parulekar",
        "opening_hours": "24/7",
        "payment:cash": "yes",
        "payment:contactless": "yes",
        "payment:credit_cards": "yes",
        "payment:debit_cards": "yes",
        "payment:google_pay": "yes",
        "website": "https://drmaitreyeegynec.in/"
      },
      "geometry": {
        "type": "Point",
        "coordinates": [
          72.8483799,
          19.0962884
        ]
      },
      "id": "node/1640244309"
    },
    {
      "type": "Feature",
      "properties": {
        "@id": "node/1787854399",
        "addr:district": "Mumbai",
        "addr:full": "25, Gulmohar Park Gulmohar Road, Juhu Scheme Vile Parle - West",
        "addr:housenumber": "25",
        "addr:postcode": "400049",
        "addr:state": "Maharashtra",
        "addr:street": "Gulmohar Road",
        "amenity": "hospital",
        "emergency": "yes",
        "healthcare": "hospital",
        "name": "Sujay Hospital",
        "opening_hours": "24/7",
        "source": "OpenGovernmentData"
      },
      "geometry": {
        "type": "Point",
        "coordinates": [
          72.8339632,
          19.116234
        ]
      },
      "id": "node/1787854399"
    },
    {
      "type": "Feature",
      "properties": {
        "@id": "node/1855812192",
        "amenity": "hospital",
        "emergency": "no",
        "name": "Powai Dental Clinic"
      },
      "geometry": {
        "type": "Point",
        "coordinates": [
          72.9172844,
          19.1246531
        ]
      },
      "id": "node/1855812192"
    },
    {
      "type": "Feature",
      "properties": {
        "@id": "node/1855812194",
        "addr:district": "Mumbai Suburban",
        "addr:full": "1-A, BSNL Colony, Powai, Mumbai",
        "addr:postcode": "400076",
        "addr:state": "Maharastra",
        "amenity": "hospital",
        "name": "Powai Hospital",
        "source": "Local Knowledge"
      },
      "geometry": {
        "type": "Point",
        "coordinates": [
          72.9164511,
          19.124088
        ]
      },
      "id": "node/1855812194"
    },
    {
      "type": "Feature",
      "properties": {
        "@id": "node/2134856430",
        "amenity": "hospital"
      },
      "geometry": {
        "type": "Point",
        "coordinates": [
          72.8698066,
          19.0493781
        ]
      },
      "id": "node/2134856430"
    },
    {
      "type": "Feature",
      "properties": {
        "@id": "node/2188860671",
        "addr:street": "JP Nagar Road",
        "amenity": "school",
        "name": "Shri Kalgidar Mission High School"
      },
      "geometry": {
        "type": "Point",
        "coordinates": [
          72.8656323,
          19.1098804
        ]
      },
      "id": "node/2188860671"
    },
    {
      "type": "Feature",
      "properties": {
        "@id": "node/2238635335",
        "addr:city": "Mumbai",
        "addr:district": "Mumbai Suburban",
        "addr:housenumber": "Near Natraj Cinema Hall",
        "addr:postcode": "400071",
        "addr:street": "M Ward Marg, Chembur East",
        "amenity": "hospital",
        "emergency": "yes",
        "healthcare": "hospital",
        "name": "Ameeta Patil Nursing Home",
        "operator": "patils"
      },
      "geometry": {
        "type": "Point",
        "coordinates": [
          72.8997288,
          19.0622247
        ]
      },
      "id": "node/2238635335"
    },
    {
      "type": "Feature",
      "properties": {
        "@id": "node/2319154356",
        "amenity": "school",
        "name": "National Job Development Center",
        "operator": "ADAPT",
        "website": "http://www.adaptssi.org/skillsandtraining.html"
      },
      "geometry": {
        "type": "Point",
        "coordinates": [
          72.904674,
          19.0524328
        ]
      },
      "id": "node/2319154356"
    },
    {
      "type": "Feature",
      "properties": {
        "@id": "node/2319171657",
        "amenity": "school",
        "name": "Sevadaan Special School"
      },
      "geometry": {
        "type": "Point",
        "coordinates": [
          72.9021934,
          19.0560049
        ]
      },
      "id": "node/2319171657"
    },
    {
      "type": "Feature",
      "properties": {
        "@id": "node/2319217775",
        "amenity": "hospital",
        "emergency": "no",
        "name": "Mata Ramabai B Ambedkar Hospital",
        "name:etymology:wikidata": "Q19812241"
      },
      "geometry": {
        "type": "Point",
        "coordinates": [
          72.8946408,
          19.0557141
        ]
      },
      "id": "node/2319217775"
    },
    {
      "type": "Feature",
      "properties": {
        "@id": "node/2457605417",
        "amenity": "school",
        "check_date": "2026-03-20",
        "name": "Edubridge International School"
      },
      "geometry": {
        "type": "Point",
        "coordinates": [
          72.815365,
          18.9600399
        ]
      },
      "id": "node/2457605417"
    },
    {
      "type": "Feature",
      "properties": {
        "@id": "node/2567512028",
        "amenity": "school",
        "name": "Padua High School"
      },
      "geometry": {
        "type": "Point",
        "coordinates": [
          72.9290015,
          19.0464086
        ]
      },
      "id": "node/2567512028"
    },
    {
      "type": "Feature",
      "properties": {
        "@id": "node/2913810856",
        "addr:district": "Thane",
        "addr:full": "Plot 12-13, Sector-20, Koparkhairane",
        "addr:postcode": "400709",
        "addr:state": "Maharashtra",
        "amenity": "hospital",
        "building": "hospital",
        "name": "Sai Snehdeep Hospital KK",
        "source": "OpenGovernmentData"
      },
      "geometry": {
        "type": "Point",
        "coordinates": [
          73.0017953,
          19.1085023
        ]
      },
      "id": "node/2913810856"
    },
    {
      "type": "Feature",
      "properties": {
        "@id": "node/2930722306",
        "amenity": "hospital",
        "name": "Dr.zamil"
      },
      "geometry": {
        "type": "Point",
        "coordinates": [
          72.9282129,
          19.0615785
        ]
      },
      "id": "node/2930722306"
    },
    {
      "type": "Feature",
      "properties": {
        "@id": "node/2930729183",
        "addr:street": "road no 8",
        "amenity": "school",
        "name": "Daffodil School"
      },
      "geometry": {
        "type": "Point",
        "coordinates": [
          72.924533,
          19.0623206
        ]
      },
      "id": "node/2930729183"
    },
    {
      "type": "Feature",
      "properties": {
        "@id": "node/2947820875",
        "amenity": "hospital",
        "healthcare": "hospital"
      },
      "geometry": {
        "type": "Point",
        "coordinates": [
          72.8451297,
          19.0616337
        ]
      },
      "id": "node/2947820875"
    },
    {
      "type": "Feature",
      "properties": {
        "@id": "node/3125242385",
        "addr:city": "MUMBAI",
        "addr:housenumber": "F Sector U 3 Line Room No 1",
        "addr:postcode": "400088",
        "addr:street": "M G Ramchandran Marg",
        "amenity": "school",
        "name": "Sana Classes",
        "name:ur": "سنا کلا سَیس",
        "operator": "Kutty Sana Asar"
      },
      "geometry": {
        "type": "Point",
        "coordinates": [
          72.9470838,
          19.0405291
        ]
      },
      "id": "node/3125242385"
    },
    {
      "type": "Feature",
      "properties": {
        "@id": "node/3204211842",
        "amenity": "hospital",
        "name": "jonsons diagnostics"
      },
      "geometry": {
        "type": "Point",
        "coordinates": [
          72.9193344,
          19.0501477
        ]
      },
      "id": "node/3204211842"
    },
    {
      "type": "Feature",
      "properties": {
        "@id": "node/3205774880",
        "amenity": "school",
        "name": "sandesh school"
      },
      "geometry": {
        "type": "Point",
        "coordinates": [
          72.9165625,
          19.1028771
        ]
      },
      "id": "node/3205774880"
    },
    {
      "type": "Feature",
      "properties": {
        "@id": "node/3205777384",
        "amenity": "hospital",
        "name": "nidan hospital"
      },
      "geometry": {
        "type": "Point",
        "coordinates": [
          72.9121731,
          19.0924663
        ]
      },
      "id": "node/3205777384"
    },
    {
      "type": "Feature",
      "properties": {
        "@id": "node/3205780114",
        "addr:city": "Mumbai",
        "addr:street": "Sulochana Shetty Marg",
        "amenity": "school",
        "name": "Little Angels' High School"
      },
      "geometry": {
        "type": "Point",
        "coordinates": [
          72.8550806,
          19.0372258
        ]
      },
      "id": "node/3205780114"
    },
    {
      "type": "Feature",
      "properties": {
        "@id": "node/3205813953",
        "amenity": "hospital",
        "name": "bba"
      },
      "geometry": {
        "type": "Point",
        "coordinates": [
          72.9113338,
          19.0602605
        ]
      },
      "id": "node/3205813953"
    },
    {
      "type": "Feature",
      "properties": {
        "@id": "node/3205935610",
        "amenity": "hospital",
        "name": "mahaveer hospital"
      },
      "geometry": {
        "type": "Point",
        "coordinates": [
          72.9275925,
          19.0677525
        ]
      },
      "id": "node/3205935610"
    },
    {
      "type": "Feature",
      "properties": {
        "@id": "node/3206033563",
        "amenity": "hospital",
        "name": "maa hospital"
      },
      "geometry": {
        "type": "Point",
        "coordinates": [
          72.8904048,
          19.0585059
        ]
      },
      "id": "node/3206033563"
    },
    {
      "type": "Feature",
      "properties": {
        "@id": "node/3213764477",
        "addr:city": "mumbai",
        "addr:housenumber": "room no:10,line no:q,plot no:12",
        "addr:postcode": "400043",
        "addr:street": "Jeejabai Bhosle Marg",
        "amenity": "hospital",
        "emergency": "yes",
        "name": "sanjeevan hospital"
      },
      "geometry": {
        "type": "Point",
        "coordinates": [
          72.9247689,
          19.0608709
        ]
      },
      "id": "node/3213764477"
    },
    {
      "type": "Feature",
      "properties": {
        "@id": "node/3213767187",
        "amenity": "hospital",
        "name": "Metalife"
      },
      "geometry": {
        "type": "Point",
        "coordinates": [
          72.9134181,
          19.0668912
        ]
      },
      "id": "node/3213767187"
    },
    {
      "type": "Feature",
      "properties": {
        "@id": "node/3215517363",
        "amenity": "hospital",
        "name": "AMAN"
      },
      "geometry": {
        "type": "Point",
        "coordinates": [
          72.9185421,
          19.0524549
        ]
      },
      "id": "node/3215517363"
    },
    {
      "type": "Feature",
      "properties": {
        "@id": "node/3226171882",
        "addr:city": "Mumbai",
        "addr:postcode": "400043",
        "amenity": "school",
        "description": "Here a lady teacher teaches to girls separately",
        "female": "yes",
        "name": "Madersa Ayesha Lil-Banat Education Trest",
        "note": "MD Rafeek Nager Part 2 Near Bab-e-rahmat Masjid Shivaji Nager Govandi",
        "phone": "9821389460"
      },
      "geometry": {
        "type": "Point",
        "coordinates": [
          72.9207279,
          19.0714514
        ]
      },
      "id": "node/3226171882"
    },
    {
      "type": "Feature",
      "properties": {
        "@id": "node/3289580677",
        "addr:city": "Mumbai",
        "addr:district": "Mumbai",
        "addr:postcode": "400070",
        "addr:street": "S G Barve Marg",
        "amenity": "hospital",
        "building:levels": "2",
        "emergency": "yes",
        "healthcare": "hospital",
        "healthcare:speciality": "general;gynaecology;orthopaedics",
        "name": "Kurla Nursing Room"
      },
      "geometry": {
        "type": "Point",
        "coordinates": [
          72.8806792,
          19.0708167
        ]
      },
      "id": "node/3289580677"
    },
    {
      "type": "Feature",
      "properties": {
        "@id": "node/3358927386",
        "amenity": "school",
        "name": "Cosmopolitan Education Society"
      },
      "geometry": {
        "type": "Point",
        "coordinates": [
          72.8299769,
          19.1246547
        ]
      },
      "id": "node/3358927386"
    },
    {
      "type": "Feature",
      "properties": {
        "@id": "node/3403264488",
        "addr:city": "Mumbai",
        "addr:housenumber": "krishna alankar",
        "addr:postcode": "400057",
        "addr:street": "Tejpal Scheme Road 5",
        "amenity": "hospital",
        "emergency": "yes",
        "healthcare": "hospital",
        "name": "gr8 smile dental clinic",
        "note": "Dentist",
        "operator": "dr. jitha marakarkandy",
        "phone": "+91 22 2684 2451"
      },
      "geometry": {
        "type": "Point",
        "coordinates": [
          72.8507443,
          19.1068191
        ]
      },
      "id": "node/3403264488"
    },
    {
      "type": "Feature",
      "properties": {
        "@id": "node/3518468316",
        "amenity": "school",
        "name": "THERESA HIGH SCHOOL"
      },
      "geometry": {
        "type": "Point",
        "coordinates": [
          72.8924407,
          19.0982356
        ]
      },
      "id": "node/3518468316"
    },
    {
      "type": "Feature",
      "properties": {
        "@id": "node/3529547303",
        "addr:city": "mumbai",
        "addr:street": "R B Kadam Road",
        "amenity": "hospital",
        "name": "new life hospital"
      },
      "geometry": {
        "type": "Point",
        "coordinates": [
          72.9049996,
          19.0897614
        ]
      },
      "id": "node/3529547303"
    },
    {
      "type": "Feature",
      "properties": {
        "@id": "node/3532038985",
        "addr:city": "mumbai",
        "amenity": "hospital",
        "name": "muktabai hospital"
      },
      "geometry": {
        "type": "Point",
        "coordinates": [
          72.9032913,
          19.0946018
        ]
      },
      "id": "node/3532038985"
    },
    {
      "type": "Feature",
      "properties": {
        "@id": "node/3532119818",
        "amenity": "hospital",
        "name": "v care hospital intensive& unit care"
      },
      "geometry": {
        "type": "Point",
        "coordinates": [
          72.8817876,
          19.0634778
        ]
      },
      "id": "node/3532119818"
    },
    {
      "type": "Feature",
      "properties": {
        "@id": "node/3532124714",
        "amenity": "hospital",
        "name": "arpan nursing home"
      },
      "geometry": {
        "type": "Point",
        "coordinates": [
          72.8781202,
          19.0693933
        ]
      },
      "id": "node/3532124714"
    },
    {
      "type": "Feature",
      "properties": {
        "@id": "node/3532124717",
        "amenity": "hospital",
        "name": "fauziya hospital"
      },
      "geometry": {
        "type": "Point",
        "coordinates": [
          72.8731765,
          19.0627584
        ]
      },
      "id": "node/3532124717"
    },
    {
      "type": "Feature",
      "properties": {
        "@id": "node/3532126359",
        "amenity": "hospital",
        "name": "arayan hospital"
      },
      "geometry": {
        "type": "Point",
        "coordinates": [
          72.8819271,
          19.0636096
        ]
      },
      "id": "node/3532126359"
    },
    {
      "type": "Feature",
      "properties": {
        "@id": "node/3767106111",
        "addr:district": "Mumbai",
        "addr:full": "1st Floor, The Link, Link Road Extension, Opposite Star Bazaar, Next To Audi Showroom, Andheri (W)",
        "addr:postcode": "400053",
        "addr:state": "Maharashtra",
        "amenity": "hospital",
        "healthcare": "hospital",
        "name": "Bellevue Multispeciality Hospital",
        "source": "OpenGovernmentData"
      },
      "geometry": {
        "type": "Point",
        "coordinates": [
          72.8316764,
          19.1289988
        ]
      },
      "id": "node/3767106111"
    },
    {
      "type": "Feature",
      "properties": {
        "@id": "node/3951526714",
        "addr:district": "Mumbai",
        "addr:full": "S V Road , Vile Parle",
        "addr:postcode": "400056",
        "addr:state": "Maharashtra",
        "addr:street": "Swami Vivekanand Road",
        "amenity": "hospital",
        "contact:phone": "2226267500",
        "email": "info@nanavatihospital.org",
        "healthcare": "hospital",
        "name": "Nanavati Hospital, Mumbai",
        "opening_hours": "24/7",
        "operator:type": "government",
        "source": "OpenGovernmentData",
        "website": "https://www.nanavatihospital.org/",
        "wikidata": "Q6962443",
        "wikipedia": "en:Nanavati hospital"
      },
      "geometry": {
        "type": "Point",
        "coordinates": [
          72.8400115,
          19.0959684
        ]
      },
      "id": "node/3951526714"
    },
    {
      "type": "Feature",
      "properties": {
        "@id": "node/3951538079",
        "amenity": "hospital",
        "name": "Surya Mother And Child Speciality Hospital"
      },
      "geometry": {
        "type": "Point",
        "coordinates": [
          72.8377345,
          19.0857296
        ]
      },
      "id": "node/3951538079"
    },
    {
      "type": "Feature",
      "properties": {
        "@id": "node/3951538080",
        "addr:district": "Mumbai",
        "addr:full": "101/102 Mangal Ashirwad, June S.V. Road & Dattatray Road, T.P.S. Ii Santacruz (W)",
        "addr:postcode": "400054",
        "addr:state": "Maharashtra",
        "amenity": "hospital",
        "name": "Surya Childrens Hospital",
        "source": "OpenGovernmentData"
      },
      "geometry": {
        "type": "Point",
        "coordinates": [
          72.837945,
          19.0855132
        ]
      },
      "id": "node/3951538080"
    },
    {
      "type": "Feature",
      "properties": {
        "@id": "node/3958000626",
        "amenity": "hospital",
        "name": "Aryan Hospital"
      },
      "geometry": {
        "type": "Point",
        "coordinates": [
          72.9488101,
          19.0391617
        ]
      },
      "id": "node/3958000626"
    },
    {
      "type": "Feature",
      "properties": {
        "@id": "node/3979081599",
        "addr:district": "Mumbai",
        "addr:full": "2-A,Manubharti Chs,Azad Lane,S V Road,Andheri",
        "addr:postcode": "400059",
        "addr:state": "Maharashtra",
        "amenity": "hospital",
        "name": "Nutan Mammography and Sonography Centre",
        "source": "OpenGovernmentData"
      },
      "geometry": {
        "type": "Point",
        "coordinates": [
          72.8417197,
          19.1140839
        ]
      },
      "id": "node/3979081599"
    },
    {
      "type": "Feature",
      "properties": {
        "@id": "node/4044345936",
        "addr:city": "Mumbai",
        "addr:housenumber": "625",
        "addr:postcode": "400005",
        "addr:street": "GD Somani Road",
        "amenity": "school",
        "check_date": "2026-03-12",
        "name": "B.D. Somani International School"
      },
      "geometry": {
        "type": "Point",
        "coordinates": [
          72.8199209,
          18.9160698
        ]
      },
      "id": "node/4044345936"
    },
    {
      "type": "Feature",
      "properties": {
        "@id": "node/4185780309",
        "amenity": "school",
        "name": "American School of Bombay"
      },
      "geometry": {
        "type": "Point",
        "coordinates": [
          72.870696,
          19.067664
        ]
      },
      "id": "node/4185780309"
    },
    {
      "type": "Feature",
      "properties": {
        "@id": "node/4209578999",
        "addr:district": "Mumbai",
        "addr:full": "Chikalwadi, J Dadaji Road, Tardeo",
        "addr:postcode": "400007",
        "addr:state": "Maharashtra",
        "addr:street": "Tukaram Javji Marg",
        "amenity": "hospital",
        "email": "info@bhatiahospital.org",
        "healthcare": "hospital",
        "name": "Bhatia",
        "name:en": "Bhatia Hospital",
        "opening_hours": "24/7",
        "operator:type": "private",
        "source": "OpenGovernmentData",
        "website": "www.bhatiahospital.org"
      },
      "geometry": {
        "type": "Point",
        "coordinates": [
          72.8135089,
          18.9656765
        ]
      },
      "id": "node/4209578999"
    },
    {
      "type": "Feature",
      "properties": {
        "@id": "node/4216741290",
        "amenity": "hospital",
        "check_date": "2025-11-09",
        "healthcare": "hospital",
        "name": "Mukund Hospital"
      },
      "geometry": {
        "type": "Point",
        "coordinates": [
          72.8723931,
          19.111503
        ]
      },
      "id": "node/4216741290"
    },
    {
      "type": "Feature",
      "properties": {
        "@id": "node/4247756492",
        "addr:postcode": "400050",
        "amenity": "school",
        "name": "Safari Kid"
      },
      "geometry": {
        "type": "Point",
        "coordinates": [
          72.8292224,
          19.0614758
        ]
      },
      "id": "node/4247756492"
    },
    {
      "type": "Feature",
      "properties": {
        "@id": "node/4303179586",
        "amenity": "school",
        "name": "Duruelo Convent High School"
      },
      "geometry": {
        "type": "Point",
        "coordinates": [
          72.8327783,
          19.0608358
        ]
      },
      "id": "node/4303179586"
    },
    {
      "type": "Feature",
      "properties": {
        "@id": "node/4326461790",
        "addr:street": "90 Feet Road",
        "amenity": "school",
        "name": "KPM High School"
      },
      "geometry": {
        "type": "Point",
        "coordinates": [
          72.8877852,
          19.0950394
        ]
      },
      "id": "node/4326461790"
    },
    {
      "type": "Feature",
      "properties": {
        "@id": "node/4326473789",
        "addr:city": "mumbai",
        "addr:district": "maharastra",
        "amenity": "hospital",
        "healthcare": "hospital",
        "healthcare:speciality": "physiotherapy",
        "name": "Tiwari Hospital",
        "name:en": "Tiwari Hospital"
      },
      "geometry": {
        "type": "Point",
        "coordinates": [
          72.888041,
          19.09722
        ]
      },
      "id": "node/4326473789"
    },
    {
      "type": "Feature",
      "properties": {
        "@id": "node/4348335890",
        "addr:street": "JB Nagar Road",
        "amenity": "school",
        "name": "shri Ghanshamdas podhar vidyalay Rajasthani school"
      },
      "geometry": {
        "type": "Point",
        "coordinates": [
          72.8679618,
          19.1115552
        ]
      },
      "id": "node/4348335890"
    },
    {
      "type": "Feature",
      "properties": {
        "@id": "node/4352387478",
        "addr:city": "Santa Cruz",
        "addr:district": "Mumbai",
        "addr:full": "12Th Road, Khar",
        "addr:postcode": "400052",
        "addr:state": "Maharashtra",
        "addr:street": "South Avenue",
        "amenity": "hospital",
        "check_date": "2025-06-12",
        "healthcare": "hospital",
        "name": "Ramakrishna Mission Hospital, Mumbai",
        "source": "OpenGovernmentData"
      },
      "geometry": {
        "type": "Point",
        "coordinates": [
          72.8356392,
          19.0750197
        ]
      },
      "id": "node/4352387478"
    },
    {
      "type": "Feature",
      "properties": {
        "@id": "node/4423695890",
        "addr:district": "Mumbai",
        "addr:full": "Sion-Matunga Estate, Plot No: 96, Road No.31, Near Gandhi Market, King Circle-Sion (East)",
        "addr:postcode": "400022",
        "addr:state": "Maharashtra",
        "amenity": "hospital",
        "contact:phone": "2224035459",
        "name": "Smt S.R.Mehta and Sir K.P.Cardiac Institute",
        "name:en": "Smt. S.R.Mehta and Sir K.P.Cardiac Institute",
        "operator:type": "private",
        "source": "OpenGovernmentData",
        "website": "https://srmkpcardiac.com/"
      },
      "geometry": {
        "type": "Point",
        "coordinates": [
          72.8595512,
          19.0323408
        ]
      },
      "id": "node/4423695890"
    },
    {
      "type": "Feature",
      "properties": {
        "@id": "node/4529961390",
        "amenity": "school",
        "name:en": "Addonics Solutions Pvt. Ltd, Vile Parle, Mumbai"
      },
      "geometry": {
        "type": "Point",
        "coordinates": [
          72.8446354,
          19.0923132
        ]
      },
      "id": "node/4529961390"
    },
    {
      "type": "Feature",
      "properties": {
        "@id": "node/4610458627",
        "amenity": "hospital",
        "name": "Army Medical Facility"
      },
      "geometry": {
        "type": "Point",
        "coordinates": [
          73.029474,
          19.0260761
        ]
      },
      "id": "node/4610458627"
    },
    {
      "type": "Feature",
      "properties": {
        "@id": "node/4672225593",
        "addr:street": "Mia Mohd Chhotani Road",
        "amenity": "hospital",
        "healthcare": "hospital",
        "name": "Pikale Hospital",
        "name:en": "Pikale Hospital",
        "name:hi": "पिकाले अस्पताल"
      },
      "geometry": {
        "type": "Point",
        "coordinates": [
          72.844575,
          19.0401523
        ]
      },
      "id": "node/4672225593"
    },
    {
      "type": "Feature",
      "properties": {
        "@id": "node/4736406821",
        "amenity": "school",
        "name:en": "Anglo eastern maritime training centre"
      },
      "geometry": {
        "type": "Point",
        "coordinates": [
          72.8540339,
          19.1257176
        ]
      },
      "id": "node/4736406821"
    },
    {
      "type": "Feature",
      "properties": {
        "@id": "node/4848773727",
        "amenity": "hospital",
        "check_date": "2026-03-20",
        "name": "Mata Lachmi Hospital"
      },
      "geometry": {
        "type": "Point",
        "coordinates": [
          72.8609822,
          19.0358379
        ]
      },
      "id": "node/4848773727"
    },
    {
      "type": "Feature",
      "properties": {
        "@id": "node/4956342424",
        "amenity": "hospital",
        "name": "Doctor's Clinic"
      },
      "geometry": {
        "type": "Point",
        "coordinates": [
          73.0157937,
          19.006584
        ]
      },
      "id": "node/4956342424"
    },
    {
      "type": "Feature",
      "properties": {
        "@id": "node/4996322798",
        "addr:city": "Mumbai",
        "addr:postcode": "400070",
        "addr:street": "father peter periera road",
        "amenity": "hospital",
        "name": "Kurla Municipal Hospital",
        "operator": "MCGM",
        "website": "https://www.mcgm.gov.in"
      },
      "geometry": {
        "type": "Point",
        "coordinates": [
          72.8831157,
          19.0815079
        ]
      },
      "id": "node/4996322798"
    },
    {
      "type": "Feature",
      "properties": {
        "@id": "node/4998848423",
        "addr:district": "Mumbai",
        "addr:full": "N. S. Road No. 13, Juhu Scheme, Vile Parle (W), Nxt To Utpal Sanghvi School",
        "addr:postcode": "400049",
        "addr:state": "Maharashtra",
        "addr:street": "N S Road No. 13",
        "amenity": "hospital",
        "healthcare": "hospital",
        "name": "Bharatiya Arogya Nidhi Sheth Kantilal C. Parikh General Hospital",
        "name:en": "Bharatiya Arogya Nidhi Sheth Kantilal C. Parikh General Hospital",
        "opening_hours": "24/7",
        "phone": "02226206021",
        "source": "OpenGovernmentData"
      },
      "geometry": {
        "type": "Point",
        "coordinates": [
          72.8283425,
          19.1117839
        ]
      },
      "id": "node/4998848423"
    },
    {
      "type": "Feature",
      "properties": {
        "@id": "node/5090930970",
        "amenity": "hospital",
        "name": "Peoples Mobile Hospitals"
      },
      "geometry": {
        "type": "Point",
        "coordinates": [
          72.8179411,
          19.0066529
        ]
      },
      "id": "node/5090930970"
    },
    {
      "type": "Feature",
      "properties": {
        "@id": "node/5099872961",
        "addr:city": "Mumbai",
        "addr:district": "Mumbai",
        "addr:full": "35 Dr E Borges Road, Hospital Avenue, Opposite Shirodkar High School, Parel",
        "addr:postcode": "400012",
        "addr:state": "Maharashtra",
        "addr:street": "Dr Ernest Borges Marg",
        "amenity": "hospital",
        "contact:phone": "+91-22-67670101",
        "email": "info.mum@gleneagleshospitals.co.in",
        "emergency": "yes",
        "healthcare": "hospital",
        "name": "Gleneagles Hospital Super Speciality and Transplant Center",
        "operator": "Gleneagles Hospital",
        "operator:type": "private",
        "source": "OpenGovernmentData",
        "website": "https://www.gleneagleshospitals.co.in",
        "website:1": "https://www.spineexpertmumbai.com/"
      },
      "geometry": {
        "type": "Point",
        "coordinates": [
          72.8405011,
          18.9994432
        ]
      },
      "id": "node/5099872961"
    },
    {
      "type": "Feature",
      "properties": {
        "@id": "node/5193467221",
        "amenity": "hospital",
        "healthcare": "hospital",
        "name:en": "Jaslok Hospital"
      },
      "geometry": {
        "type": "Point",
        "coordinates": [
          72.8371432,
          18.9534957
        ]
      },
      "id": "node/5193467221"
    },
    {
      "type": "Feature",
      "properties": {
        "@id": "node/5206554121",
        "addr:housenumber": "7",
        "addr:street": "August Kranti Marg",
        "amenity": "hospital",
        "healthcare": "hospital",
        "name:en": "Dr. Sunil n. vasani",
        "opening_hours": "Mo-Su 16:00-18:00"
      },
      "geometry": {
        "type": "Point",
        "coordinates": [
          72.8054881,
          18.9645402
        ]
      },
      "id": "node/5206554121"
    },
    {
      "type": "Feature",
      "properties": {
        "@id": "node/5456874526",
        "amenity": "hospital",
        "name:en": "Disha Hospital"
      },
      "geometry": {
        "type": "Point",
        "coordinates": [
          72.898646,
          19.0938333
        ]
      },
      "id": "node/5456874526"
    },
    {
      "type": "Feature",
      "properties": {
        "@id": "node/5496408819",
        "addr:city": "Mumbai",
        "addr:postcode": "400059",
        "amenity": "hospital",
        "healthcare": "hospital",
        "name": "Marol"
      },
      "geometry": {
        "type": "Point",
        "coordinates": [
          72.882342,
          19.1172198
        ]
      },
      "id": "node/5496408819"
    },
    {
      "type": "Feature",
      "properties": {
        "@id": "node/5506320776",
        "addr:street": "Hari Mandir Road",
        "amenity": "hospital",
        "name": "Shivam Nursing Home",
        "phone": "022-2657138689"
      },
      "geometry": {
        "type": "Point",
        "coordinates": [
          72.8510225,
          19.0646242
        ]
      },
      "id": "node/5506320776"
    },
    {
      "type": "Feature",
      "properties": {
        "@id": "node/5520349110",
        "amenity": "school",
        "name": "Gaurav High School & Jr. College"
      },
      "geometry": {
        "type": "Point",
        "coordinates": [
          73.0176553,
          19.0122519
        ]
      },
      "id": "node/5520349110"
    },
    {
      "type": "Feature",
      "properties": {
        "@id": "node/5702656722",
        "addr:postcode": "400057",
        "addr:street": "Prarthana Samaj Road",
        "amenity": "school",
        "name:en": "Vyas Sangeet Vidyalaya",
        "opening_hours": "Mo-Sa 17:00-21:00",
        "operator": "Kiran Cuss"
      },
      "geometry": {
        "type": "Point",
        "coordinates": [
          72.8511863,
          19.1025143
        ]
      },
      "id": "node/5702656722"
    },
    {
      "type": "Feature",
      "properties": {
        "@id": "node/6110265787",
        "addr:postcode": "400057",
        "amenity": "school",
        "name:en": "Mahila Sangh School",
        "opening_hours": "Mo-Fr 07:00-18:00"
      },
      "geometry": {
        "type": "Point",
        "coordinates": [
          72.8523907,
          19.1060724
        ]
      },
      "id": "node/6110265787"
    },
    {
      "type": "Feature",
      "properties": {
        "@id": "node/6110265788",
        "addr:postcode": "400057",
        "amenity": "school",
        "name:en": "Orion School",
        "opening_hours": "Mo-Fr 07:00-18:00"
      },
      "geometry": {
        "type": "Point",
        "coordinates": [
          72.8527237,
          19.1060287
        ]
      },
      "id": "node/6110265788"
    },
    {
      "type": "Feature",
      "properties": {
        "@id": "node/6110272185",
        "addr:postcode": "400057",
        "addr:street": "Tilak Vidyalaya Road",
        "amenity": "school",
        "name:en": "Ramabai Paranjpe Balmandir",
        "opening_hours": "Mo-Fr 08:00-18:00",
        "phone": "02226116537 , 02226112280",
        "website": "http://ramabaiparanjape.com"
      },
      "geometry": {
        "type": "Point",
        "coordinates": [
          72.8481115,
          19.1042197
        ]
      },
      "id": "node/6110272185"
    },
    {
      "type": "Feature",
      "properties": {
        "@id": "node/6212677778",
        "addr:city": "Mumbai",
        "addr:housenumber": "Tower Building, Santacruz West",
        "addr:postcode": "400054",
        "addr:street": "Saraswati Road",
        "amenity": "school",
        "denomination": "ICSE/ISC",
        "name": "Smt. Lilavatibai Podar High School"
      },
      "geometry": {
        "type": "Point",
        "coordinates": [
          72.8371727,
          19.0810735
        ]
      },
      "id": "node/6212677778"
    },
    {
      "type": "Feature",
      "properties": {
        "@id": "node/6322310753",
        "amenity": "hospital",
        "healthcare": "hospital",
        "name": "Ashirvaad Heart Hospital",
        "operator": "Dr Bhaskar Shah"
      },
      "geometry": {
        "type": "Point",
        "coordinates": [
          72.9054696,
          19.0763785
        ]
      },
      "id": "node/6322310753"
    },
    {
      "type": "Feature",
      "properties": {
        "@id": "node/6423547527",
        "addr:city": "Matunga, Mumbai",
        "addr:housenumber": "304",
        "addr:postcode": "400019",
        "addr:street": "Bhimani Street",
        "amenity": "school",
        "check_date": "2026-03-20",
        "name": "MCGM, L K Waghji, Mumbai Public School"
      },
      "geometry": {
        "type": "Point",
        "coordinates": [
          72.8516675,
          19.0271372
        ]
      },
      "id": "node/6423547527"
    },
    {
      "type": "Feature",
      "properties": {
        "@id": "node/6430561108",
        "addr:postcode": "400069",
        "addr:street": "S Radahakrishnan Road (Nagardas Road);Azad Road",
        "amenity": "school",
        "name:en": "L R & S M Vissanji Academy"
      },
      "geometry": {
        "type": "Point",
        "coordinates": [
          72.8514678,
          19.1204617
        ]
      },
      "id": "node/6430561108"
    },
    {
      "type": "Feature",
      "properties": {
        "@id": "node/6442254811",
        "amenity": "school",
        "name": "Dnayneshwar Vidyalaya"
      },
      "geometry": {
        "type": "Point",
        "coordinates": [
          72.8543408,
          19.008134
        ]
      },
      "id": "node/6442254811"
    },
    {
      "type": "Feature",
      "properties": {
        "@id": "node/6795512985",
        "addr:street": "Central Avenue",
        "amenity": "hospital",
        "name:en": "Metropolis",
        "phone": "+912233993939"
      },
      "geometry": {
        "type": "Point",
        "coordinates": [
          72.9073885,
          19.1150444
        ]
      },
      "id": "node/6795512985"
    },
    {
      "type": "Feature",
      "properties": {
        "@id": "node/6795570585",
        "addr:street": "Central Avenue - from Tulip to Forest Street Junction",
        "amenity": "hospital",
        "name:en": "SRL Diagnostics"
      },
      "geometry": {
        "type": "Point",
        "coordinates": [
          72.9075074,
          19.1154259
        ]
      },
      "id": "node/6795570585"
    },
    {
      "type": "Feature",
      "properties": {
        "@id": "node/6801919188",
        "amenity": "school",
        "name": "Madarsa (Tajweedul Islam)"
      },
      "geometry": {
        "type": "Point",
        "coordinates": [
          72.9188893,
          19.1259525
        ]
      },
      "id": "node/6801919188"
    },
    {
      "type": "Feature",
      "properties": {
        "@id": "node/6801919192",
        "amenity": "hospital",
        "name": "Nihal Nursing Home & Opthalmologist"
      },
      "geometry": {
        "type": "Point",
        "coordinates": [
          72.9190861,
          19.1253722
        ]
      },
      "id": "node/6801919192"
    },
    {
      "type": "Feature",
      "properties": {
        "@id": "node/6924346886",
        "addr:postcode": "400076",
        "addr:street": "Adi Sankaracharya Marg",
        "amenity": "school",
        "name:en": "M.S. Tutorials Pvt. Ltd."
      },
      "geometry": {
        "type": "Point",
        "coordinates": [
          72.9186936,
          19.1270272
        ]
      },
      "id": "node/6924346886"
    },
    {
      "type": "Feature",
      "properties": {
        "@id": "node/6991331185",
        "addr:housenumber": "400028",
        "addr:street": "D L Vaidya Marg",
        "amenity": "hospital",
        "healthcare": "hospital",
        "name:en": "DHANVANTARI HOSPITAL"
      },
      "geometry": {
        "type": "Point",
        "coordinates": [
          72.8407113,
          19.0239187
        ]
      },
      "id": "node/6991331185"
    },
    {
      "type": "Feature",
      "properties": {
        "@id": "node/7042871859",
        "addr:district": "Mumbai",
        "addr:full": "B-28/1, Maitri Park, Sion Trombay Road, Next To Maitri Park Bus Stop,Chembur",
        "addr:postcode": "400071",
        "addr:state": "Maharashtra",
        "amenity": "hospital",
        "name": "Niramaya General Hospital",
        "source": "OpenGovernmentData",
        "website": "niramayahospitals.in"
      },
      "geometry": {
        "type": "Point",
        "coordinates": [
          72.9044715,
          19.0500033
        ]
      },
      "id": "node/7042871859"
    },
    {
      "type": "Feature",
      "properties": {
        "@id": "node/7042942734",
        "addr:district": "Mumbai",
        "addr:full": "Plot No.185, 15Th Road, Opp Nirmal And Ayush Beauty Clinic, Chembur",
        "addr:postcode": "400071",
        "addr:state": "Maharashtra",
        "amenity": "hospital",
        "name": "Dr.Sanjay Sonar Laparoscopy and Scopy Center",
        "source": "OpenGovernmentData",
        "website": "sanjaysonar.com"
      },
      "geometry": {
        "type": "Point",
        "coordinates": [
          72.8973126,
          19.059025
        ]
      },
      "id": "node/7042942734"
    },
    {
      "type": "Feature",
      "properties": {
        "@id": "node/7042955283",
        "addr:district": "Mumbai",
        "addr:full": "1, Casa Grande, Road No-10, Opp Jain Temple,Chembur",
        "addr:postcode": "400071",
        "addr:state": "Maharashtra",
        "amenity": "hospital",
        "name": "Shree Chembur Jain Medical Relief Centre",
        "source": "OpenGovernmentData"
      },
      "geometry": {
        "type": "Point",
        "coordinates": [
          72.8957395,
          19.0563744
        ]
      },
      "id": "node/7042955283"
    },
    {
      "type": "Feature",
      "properties": {
        "@id": "node/7042963296",
        "addr:district": "Mumbai",
        "addr:full": "1st Floor, Hotel Pearl Building, Above Malhar Hotel, Chembur",
        "addr:postcode": "400071",
        "addr:state": "Maharashtra",
        "amenity": "hospital",
        "healthcare": "hospital",
        "name": "Yash Eye Care and Polyclinic",
        "source": "OpenGovernmentData"
      },
      "geometry": {
        "type": "Point",
        "coordinates": [
          72.8985543,
          19.0608391
        ]
      },
      "id": "node/7042963296"
    },
    {
      "type": "Feature",
      "properties": {
        "@id": "node/7042999151",
        "addr:district": "Mumbai",
        "addr:full": "Ghatkopar(E)",
        "addr:postcode": "400077",
        "addr:state": "Maharashtra",
        "amenity": "hospital",
        "name": "Vatsal Nicu and Childrens Hospital",
        "source": "OpenGovernmentData"
      },
      "geometry": {
        "type": "Point",
        "coordinates": [
          72.9092512,
          19.0824458
        ]
      },
      "id": "node/7042999151"
    },
    {
      "type": "Feature",
      "properties": {
        "@id": "node/7043001747",
        "addr:district": "Mumbai",
        "addr:full": "NJ,1&2,Khardev Nagar,Ghatla,N.G Adhaya Marg,Chembur",
        "addr:postcode": "400071",
        "addr:state": "Maharashtra",
        "amenity": "hospital",
        "name": "Aditya Health Care Hospital",
        "source": "OpenGovernmentData"
      },
      "geometry": {
        "type": "Point",
        "coordinates": [
          72.9087979,
          19.0579944
        ]
      },
      "id": "node/7043001747"
    },
    {
      "type": "Feature",
      "properties": {
        "@id": "node/7043029973",
        "addr:district": "Mumbai",
        "addr:full": "16, Maitri Vijay, Opposite Basant Cinema, Chembur",
        "addr:postcode": "400074",
        "addr:state": "Maharashtra",
        "amenity": "hospital",
        "name": "Nayak Medicare - Chembur",
        "source": "OpenGovernmentData",
        "website": "drudaynayak.com"
      },
      "geometry": {
        "type": "Point",
        "coordinates": [
          72.9025014,
          19.0456831
        ]
      },
      "id": "node/7043029973"
    },
    {
      "type": "Feature",
      "properties": {
        "@id": "node/7043035499",
        "addr:district": "Mumbai",
        "addr:full": "2nd & 3rd Floor, Gagangiri, 18Th Road, Chembur",
        "addr:postcode": "400071",
        "addr:state": "Maharashtra",
        "amenity": "hospital",
        "name": "Dr. Das Hospital - Chembur (Mumbai)",
        "source": "OpenGovernmentData",
        "website": "https://dashospital.com/"
      },
      "geometry": {
        "type": "Point",
        "coordinates": [
          72.8997535,
          19.0596994
        ]
      },
      "id": "node/7043035499"
    },
    {
      "type": "Feature",
      "properties": {
        "@id": "node/7043055857",
        "addr:district": "Mumbai",
        "addr:full": "Sampoorna, Plot 213,11Th Road, Chembur",
        "addr:postcode": "400071",
        "addr:state": "Maharashtra",
        "amenity": "hospital",
        "name": "Laxmi Maternity and Nursing Home, Mumbai",
        "source": "OpenGovernmentData"
      },
      "geometry": {
        "type": "Point",
        "coordinates": [
          72.8988851,
          19.0570862
        ]
      },
      "id": "node/7043055857"
    },
    {
      "type": "Feature",
      "properties": {
        "@id": "node/7043060180",
        "addr:district": "Mumbai",
        "addr:full": "Saikripa Building ,Road No.1, Opposite Chembur Municipal Office,M' Ward,Chembur",
        "addr:postcode": "400071",
        "addr:state": "Maharashtra",
        "amenity": "hospital",
        "healthcare": "hospital",
        "name": "Hegde Hospital",
        "source": "OpenGovernmentData"
      },
      "geometry": {
        "type": "Point",
        "coordinates": [
          72.8997141,
          19.0606625
        ]
      },
      "id": "node/7043060180"
    },
    {
      "type": "Feature",
      "properties": {
        "@id": "node/7043077889",
        "addr:city": "Mumbai",
        "addr:district": "Mumbai",
        "addr:full": "Rane Hospital, 2nd Floor, Pestom Sagar Road No. 2, Chembur, Mumbai 400089, India",
        "addr:housenumber": "Rane Hospital, 2nd Floor, Pestom Sagar Road No. 2, Chembur, Mumbai 400089, India",
        "addr:postcode": "400089",
        "addr:state": "Maharashtra",
        "addr:street": "Dr Nandita Rane's Eye Clinic",
        "amenity": "hospital",
        "healthcare:speciality": "ophthalmology;dermatology",
        "name": "Dr Nandita Rane's Eye Clinic",
        "opening_hours": "24/7",
        "operator": "Dr Nandita Rane",
        "operator:type": "private_individual",
        "source": "OpenGovernmentData",
        "website": "https://drnandita.com/"
      },
      "geometry": {
        "type": "Point",
        "coordinates": [
          72.9038545,
          19.0694366
        ]
      },
      "id": "node/7043077889"
    },
    {
      "type": "Feature",
      "properties": {
        "@id": "node/7043090395",
        "addr:district": "Mumbai",
        "addr:full": "4, Margaret House, Opp Indian Oil, Wadala (E)",
        "addr:postcode": "400037",
        "addr:state": "Maharashtra",
        "amenity": "hospital",
        "name": "Genesis Speciality Center (Health-Check Up",
        "source": "OpenGovernmentData"
      },
      "geometry": {
        "type": "Point",
        "coordinates": [
          72.8639666,
          19.0190313
        ]
      },
      "id": "node/7043090395"
    },
    {
      "type": "Feature",
      "properties": {
        "@id": "node/7043106193",
        "addr:district": "Mumbai",
        "addr:full": "204,Garodia Market, Plot No 8-A, D K Sandu Road, Next To Hotel Malhaar, Chembur",
        "addr:postcode": "400071",
        "addr:state": "Maharashtra",
        "amenity": "hospital",
        "healthcare": "hospital",
        "name": "Patankar's Hand and Limb Reconstruction Clinic",
        "source": "OpenGovernmentData"
      },
      "geometry": {
        "type": "Point",
        "coordinates": [
          72.8985974,
          19.0610033
        ]
      },
      "id": "node/7043106193"
    },
    {
      "type": "Feature",
      "properties": {
        "@id": "node/7043125151",
        "addr:district": "Mumbai",
        "addr:full": "1& 2 Savla Sadan, First Floor, R.C. Marg,Opposite Ration Office,Chembur",
        "addr:postcode": "400071",
        "addr:state": "Maharashtra",
        "amenity": "hospital",
        "name": "Icon Hospital and Research Centre",
        "source": "OpenGovernmentData"
      },
      "geometry": {
        "type": "Point",
        "coordinates": [
          72.8980838,
          19.0618187
        ]
      },
      "id": "node/7043125151"
    },
    {
      "type": "Feature",
      "properties": {
        "@id": "node/7043174029",
        "addr:district": "Mumbai",
        "addr:full": "11, GangaVihar Residency, 174 S.V.Road",
        "addr:postcode": "400058",
        "addr:state": "Maharashtra",
        "amenity": "hospital",
        "check_date": "2026-03-12",
        "email": "drsamir@gynaecexpert.com",
        "healthcare": "hospital",
        "name": "Sangita Maternity Surgical and Diagnostic Centre",
        "operator:type": "private",
        "source": "OpenGovernmentData",
        "website": "https://gynaecexpert.com/"
      },
      "geometry": {
        "type": "Point",
        "coordinates": [
          72.844288,
          19.1181601
        ]
      },
      "id": "node/7043174029"
    },
    {
      "type": "Feature",
      "properties": {
        "@id": "node/7043174030",
        "addr:district": "Mumbai",
        "addr:full": "8 Roseland Bulding, 180, Opposite National College, Junction Of Linking And Waterfield Road, Bandra West",
        "addr:postcode": "400050",
        "addr:state": "Maharashtra",
        "amenity": "hospital",
        "email": "info@ojaseyehospital.com",
        "healthcare": "hospital",
        "name": "Ojas Eye Hospital",
        "source": "OpenGovernmentData",
        "website": "https://www.ojaseyehospital.com/"
      },
      "geometry": {
        "type": "Point",
        "coordinates": [
          72.834439,
          19.0632283
        ]
      },
      "id": "node/7043174030"
    },
    {
      "type": "Feature",
      "properties": {
        "@id": "node/7043182324",
        "addr:district": "Mumbai",
        "addr:full": "Qureshi House, 6Th Nehru Road,Near Santacruz Railway Station, Santacruz (East)",
        "addr:postcode": "400055",
        "addr:state": "Maharashtra",
        "amenity": "hospital",
        "healthcare": "hospital",
        "name": "R. K. Hospital, Mumbai",
        "source": "OpenGovernmentData"
      },
      "geometry": {
        "type": "Point",
        "coordinates": [
          72.8421846,
          19.0803279
        ]
      },
      "id": "node/7043182324"
    },
    {
      "type": "Feature",
      "properties": {
        "@id": "node/7043182325",
        "addr:district": "Thane",
        "addr:full": "Plot No.-1&1A, Sun Palm View Bldg., Sanapada, Sector-15, Navi Mumbai",
        "addr:postcode": "400705",
        "addr:state": "Maharashtra",
        "amenity": "hospital",
        "name": "Dr. R.N. Patil's Suraj Neurologiacal and Multispeciality Hospital",
        "source": "OpenGovernmentData"
      },
      "geometry": {
        "type": "Point",
        "coordinates": [
          73.0060434,
          19.0624707
        ]
      },
      "id": "node/7043182325"
    },
    {
      "type": "Feature",
      "properties": {
        "@id": "node/7043188926",
        "addr:district": "Mumbai",
        "addr:full": "Inlaks Hospital Road, Chembur Colony, Chembur",
        "addr:postcode": "400074",
        "addr:state": "Maharashtra",
        "amenity": "hospital",
        "name": "Inlaks General Hospital",
        "source": "OpenGovernmentData"
      },
      "geometry": {
        "type": "Point",
        "coordinates": [
          72.8934167,
          19.0467619
        ]
      },
      "id": "node/7043188926"
    },
    {
      "type": "Feature",
      "properties": {
        "@id": "node/7043230046",
        "addr:district": "Mumbai",
        "addr:full": "202, Bonaza Residency, Behind : Laxmi Auto S V Road, Amboli",
        "addr:postcode": "400058",
        "addr:state": "Maharashtra",
        "amenity": "hospital",
        "healthcare": "hospital",
        "healthcare:speciality": "chiropractic",
        "name": "Prime Orthopedic Speciality Hospital, Mumbai",
        "operator": "abv",
        "operator:type": "public",
        "source": "OpenGovernmentData"
      },
      "geometry": {
        "type": "Point",
        "coordinates": [
          72.8468965,
          19.1284312
        ]
      },
      "id": "node/7043230046"
    },
    {
      "type": "Feature",
      "properties": {
        "@id": "node/7043233247",
        "addr:district": "Mumbai",
        "addr:full": "Plotno.-22, Swastik Park, Chembur",
        "addr:postcode": "400071",
        "addr:state": "Maharashtra",
        "amenity": "hospital",
        "name": "Swastik Hospital and Research Centre, Mumbai",
        "source": "OpenGovernmentData",
        "website": "swastikhospital.com"
      },
      "geometry": {
        "type": "Point",
        "coordinates": [
          72.8898903,
          19.0552184
        ]
      },
      "id": "node/7043233247"
    },
    {
      "type": "Feature",
      "properties": {
        "@id": "node/7043236781",
        "addr:district": "Mumbai",
        "addr:full": "No. 19-B, Near Bhakti Bhavan,Siddhi Society,Chembur",
        "addr:postcode": "400071",
        "addr:state": "Maharashtra",
        "amenity": "hospital",
        "name": "Sitla Hospital",
        "source": "OpenGovernmentData"
      },
      "geometry": {
        "type": "Point",
        "coordinates": [
          72.8911664,
          19.0526628
        ]
      },
      "id": "node/7043236781"
    },
    {
      "type": "Feature",
      "properties": {
        "@id": "node/7043348148",
        "addr:district": "Mumbai",
        "addr:full": "Shri Sadashiv Chs, 6Th Road, Santacruz(E)",
        "addr:postcode": "400055",
        "addr:state": "Maharashtra",
        "amenity": "hospital",
        "healthcare": "hospital",
        "name": "Nandan Maternity and Surgical Home",
        "source": "OpenGovernmentData"
      },
      "geometry": {
        "type": "Point",
        "coordinates": [
          72.8427047,
          19.0797908
        ]
      },
      "id": "node/7043348148"
    },
    {
      "type": "Feature",
      "properties": {
        "@id": "node/7043376493",
        "addr:district": "Mumbai",
        "addr:full": "101, Kirti Manor, S V Road, Phiroz Dastoor & Sons, Santacruz West",
        "addr:postcode": "400054",
        "addr:state": "Maharashtra",
        "amenity": "hospital",
        "healthcare": "hospital",
        "name": "Mumbai Retina Centre",
        "source": "OpenGovernmentData"
      },
      "geometry": {
        "type": "Point",
        "coordinates": [
          72.8380749,
          19.0784905
        ]
      },
      "id": "node/7043376493"
    },
    {
      "type": "Feature",
      "properties": {
        "@id": "node/7043388690",
        "addr:district": "Mumbai",
        "addr:full": "G-6, Chirag Housing Society, B-1, S.V.Road, Santacruz(W)",
        "addr:postcode": "400054",
        "addr:state": "Maharashtra",
        "amenity": "hospital",
        "name": "Malpani Eye Hospital and Laser Centre",
        "source": "OpenGovernmentData"
      },
      "geometry": {
        "type": "Point",
        "coordinates": [
          72.8376687,
          19.0879436
        ]
      },
      "id": "node/7043388690"
    },
    {
      "type": "Feature",
      "properties": {
        "@id": "node/7043397403",
        "addr:district": "Mumbai",
        "addr:full": "Lake Bloom - 16, 17, 18, Opposite Solaris Estate, L.T. Gate No.6, Tunga Gaon, Sakivihar Road, Powai",
        "addr:postcode": "400072",
        "addr:state": "Maharashtra",
        "amenity": "hospital",
        "name": "S B Nursing Home and Icu",
        "source": "OpenGovernmentData"
      },
      "geometry": {
        "type": "Point",
        "coordinates": [
          72.8906147,
          19.1242045
        ]
      },
      "id": "node/7043397403"
    },
    {
      "type": "Feature",
      "properties": {
        "@id": "node/7043397404",
        "addr:district": "Mumbai",
        "addr:full": "1st Floor, Paradise,Jain Mandir Road, I.I.T Market, Powai",
        "addr:postcode": "400076",
        "addr:state": "Maharashtra",
        "amenity": "hospital",
        "name": "Sri Sai Eye Care Centre",
        "source": "OpenGovernmentData"
      },
      "geometry": {
        "type": "Point",
        "coordinates": [
          72.9181845,
          19.1254925
        ]
      },
      "id": "node/7043397404"
    },
    {
      "type": "Feature",
      "properties": {
        "@id": "node/7043397894",
        "addr:district": "Mumbai",
        "addr:full": "102 D Wing Rizvi Nagar 1 St Floor S.V.Road Milan , , Corner Santacruz",
        "addr:postcode": "400054",
        "addr:state": "Maharashtra",
        "amenity": "hospital",
        "name": "Kenias Eye Hospital",
        "source": "OpenGovernmentData"
      },
      "geometry": {
        "type": "Point",
        "coordinates": [
          72.8385763,
          19.089509
        ]
      },
      "id": "node/7043397894"
    },
    {
      "type": "Feature",
      "properties": {
        "@id": "node/7043397906",
        "addr:district": "Mumbai",
        "addr:full": "B201, Dhruv, OppositeGagandeep, Main Road, Juhu, Vile Parle (West)",
        "addr:postcode": "400056",
        "addr:state": "Maharashtra",
        "amenity": "hospital",
        "email": "info@lasersformedicine.com",
        "name": "Centre For Sight, Juhu",
        "operator:type": "private",
        "source": "OpenGovernmentData",
        "website": "https://www.centreforsight.net/"
      },
      "geometry": {
        "type": "Point",
        "coordinates": [
          72.8379245,
          19.1129534
        ]
      },
      "id": "node/7043397906"
    },
    {
      "type": "Feature",
      "properties": {
        "@id": "node/7043399089",
        "addr:district": "Thane",
        "addr:full": "F2/D2 Sector 9 Vashi, Navi Mumbai",
        "addr:postcode": "400703",
        "addr:state": "Maharashtra",
        "amenity": "hospital",
        "name": "Dr. Kunnure Hospital and Iccu",
        "source": "OpenGovernmentData"
      },
      "geometry": {
        "type": "Point",
        "coordinates": [
          72.9988839,
          19.081001
        ]
      },
      "id": "node/7043399089"
    },
    {
      "type": "Feature",
      "properties": {
        "@id": "node/7043448094",
        "addr:district": "Mumbai",
        "addr:full": "(Dr Mangeshikar Clinic) Madhav Niwas , 8. Laburnum Road , Bombay",
        "addr:postcode": "400007",
        "addr:state": "Maharashtra",
        "amenity": "hospital",
        "name": "Mangeshikar Access Gynecology and Infertility Center",
        "source": "OpenGovernmentData"
      },
      "geometry": {
        "type": "Point",
        "coordinates": [
          72.8102066,
          18.9603152
        ]
      },
      "id": "node/7043448094"
    },
    {
      "type": "Feature",
      "properties": {
        "@id": "node/7043548005",
        "addr:district": "Mumbai",
        "addr:full": "# 222, S.V. Road, Bandra- West",
        "addr:postcode": "400050",
        "addr:state": "Maharashtra",
        "amenity": "hospital",
        "healthcare": "hospital",
        "name": "Shroff Eye Hospital",
        "source": "OpenGovernmentData"
      },
      "geometry": {
        "type": "Point",
        "coordinates": [
          72.8369346,
          19.0604562
        ]
      },
      "id": "node/7043548005"
    },
    {
      "type": "Feature",
      "properties": {
        "@id": "node/7043574603",
        "addr:district": "Mumbai",
        "addr:full": "9th Floor, Room No-91, Lady Ratan Tata Medical & Research Centre 31, Maharshi Karve Road, Cooperage",
        "addr:postcode": "400021",
        "addr:state": "Maharashtra",
        "amenity": "hospital",
        "name": "Vinod Sharma Memorial Medical Centre",
        "source": "OpenGovernmentData"
      },
      "geometry": {
        "type": "Point",
        "coordinates": [
          72.8276074,
          18.9230941
        ]
      },
      "id": "node/7043574603"
    },
    {
      "type": "Feature",
      "properties": {
        "@id": "node/7043693171",
        "addr:district": "Mumbai",
        "addr:full": "203- A, 205, Trimurti Arcade, Near Sarvodya Hospital, L.B.S.Marg, Ghatkopar(W)",
        "addr:postcode": "400086",
        "addr:state": "Maharashtra",
        "amenity": "hospital",
        "name": "Noble Hospital, Ghatkopar",
        "source": "OpenGovernmentData"
      },
      "geometry": {
        "type": "Point",
        "coordinates": [
          72.9069324,
          19.0878158
        ]
      },
      "id": "node/7043693171"
    },
    {
      "type": "Feature",
      "properties": {
        "@id": "node/7043769618",
        "addr:district": "Mumbai",
        "addr:full": "501, Vishal Building, Above Subhiksha, Junction Of Hingwala Lane & 60 Feet Road,Ghatkopar East",
        "addr:postcode": "400077",
        "addr:state": "Maharashtra",
        "amenity": "hospital",
        "name": "Excel Ent Hospital",
        "source": "OpenGovernmentData"
      },
      "geometry": {
        "type": "Point",
        "coordinates": [
          72.9092287,
          19.0824573
        ]
      },
      "id": "node/7043769618"
    },
    {
      "type": "Feature",
      "properties": {
        "@id": "node/7043778826",
        "addr:city": "mumbai",
        "addr:district": "Mumbai",
        "addr:full": "# 102/6, Purshottam Niwas,1st Floor, Park Road, Vile Parle (E)",
        "addr:postcode": "400057",
        "addr:state": "Maharashtra",
        "addr:street": "Prarthana Samaj Road",
        "amenity": "hospital",
        "healthcare": "hospital",
        "healthcare:speciality": "ophthalmology",
        "name": "Parle Eye Hospital",
        "opening_hours": "24/7",
        "source": "OpenGovernmentData"
      },
      "geometry": {
        "type": "Point",
        "coordinates": [
          72.8484596,
          19.1013222
        ]
      },
      "id": "node/7043778826"
    },
    {
      "type": "Feature",
      "properties": {
        "@id": "node/7044064894",
        "addr:district": "Mumbai",
        "addr:full": "Meghdoot, S.H.Paralkar Marg, Shivaji Park, Dadar (W)",
        "addr:postcode": "400028",
        "addr:state": "Maharashtra",
        "amenity": "hospital",
        "healthcare": "hospital",
        "name": "Dr.Vaze Hospital",
        "source": "OpenGovernmentData"
      },
      "geometry": {
        "type": "Point",
        "coordinates": [
          72.8368979,
          19.0240308
        ]
      },
      "id": "node/7044064894"
    },
    {
      "type": "Feature",
      "properties": {
        "@id": "node/7044071693",
        "addr:district": "Mumbai",
        "addr:full": "Gyaneshwar Apts, 2nd Floor, Off Veer Savarkar Marg, Prabhadevi",
        "addr:postcode": "400025",
        "addr:state": "Maharashtra",
        "amenity": "hospital",
        "email": "hkkothawala@yahoo.com",
        "healthcare": "hospital",
        "name": "Asha Surgical and Maternity Home",
        "phone": "09821662821",
        "source": "OpenGovernmentData"
      },
      "geometry": {
        "type": "Point",
        "coordinates": [
          72.8283792,
          19.0135345
        ]
      },
      "id": "node/7044071693"
    },
    {
      "type": "Feature",
      "properties": {
        "@id": "node/7044344099",
        "addr:district": "Mumbai",
        "addr:full": "Mukund Nagar Co-Opp Hsg Andheri Kurla Road Andheri (E)",
        "addr:postcode": "400059",
        "addr:state": "Maharashtra",
        "amenity": "hospital",
        "check_date": "2025-11-09",
        "healthcare": "hospital",
        "name": "Mukund Maternity and Surgical Nursing Home",
        "source": "OpenGovernmentData"
      },
      "geometry": {
        "type": "Point",
        "coordinates": [
          72.8721267,
          19.1111299
        ]
      },
      "id": "node/7044344099"
    },
    {
      "type": "Feature",
      "properties": {
        "@id": "node/7044376947",
        "addr:district": "Mumbai",
        "addr:full": "Plot No-18-U-1-1(A) & 2, Near Bhaji Market, Shivaji Nagar, Govandi",
        "addr:postcode": "400043",
        "addr:state": "Maharashtra",
        "amenity": "hospital",
        "name": "Vikas Nursing Home, Mumbai",
        "source": "OpenGovernmentData"
      },
      "geometry": {
        "type": "Point",
        "coordinates": [
          72.9207404,
          19.0628176
        ]
      },
      "id": "node/7044376947"
    },
    {
      "type": "Feature",
      "properties": {
        "@id": "node/7044466685",
        "addr:district": "Mumbai",
        "addr:full": "E -1st Floor, Bhaveshwar Vihar Svp Road, Prathna Samaj,Opposite Hurkiondas Hospital, Girgaum",
        "addr:postcode": "400004",
        "addr:state": "Maharashtra",
        "amenity": "hospital",
        "healthcare": "hospital",
        "name": "Dr. Yash Shah Total Eye Care",
        "source": "OpenGovernmentData"
      },
      "geometry": {
        "type": "Point",
        "coordinates": [
          72.821319,
          18.9576821
        ]
      },
      "id": "node/7044466685"
    },
    {
      "type": "Feature",
      "properties": {
        "@id": "node/7044553386",
        "addr:district": "Mumbai",
        "addr:full": "166-C Krishna Kunj,Khareghat Road, Dr.Ambedkar Road,Dadar( E)",
        "addr:postcode": "400014",
        "addr:state": "Maharashtra",
        "amenity": "hospital",
        "name": "Krishna Cardiac Care Centre, Mumbai",
        "source": "OpenGovernmentData"
      },
      "geometry": {
        "type": "Point",
        "coordinates": [
          72.8486822,
          19.0196598
        ]
      },
      "id": "node/7044553386"
    },
    {
      "type": "Feature",
      "properties": {
        "@id": "node/7044669600",
        "addr:district": "Mumbai",
        "addr:full": "C-5, Satyam Shopping Centre, 1st Flr, M.G. Road, Ghatkopar (E)",
        "addr:postcode": "400077",
        "addr:state": "Maharashtra",
        "amenity": "hospital",
        "name": "Tara Neo Surg Hospital",
        "source": "OpenGovernmentData"
      },
      "geometry": {
        "type": "Point",
        "coordinates": [
          72.9030552,
          19.0757589
        ]
      },
      "id": "node/7044669600"
    },
    {
      "type": "Feature",
      "properties": {
        "@id": "node/7044692216",
        "addr:district": "Mumbai",
        "addr:full": "201,Punit Plaza , Second Floor , Next To Rajawadi Post Office , Rajawadi , Ghatkopar ( East )",
        "addr:postcode": "400077",
        "addr:state": "Maharashtra",
        "amenity": "hospital",
        "name": "The Eye Super Specialities",
        "source": "OpenGovernmentData"
      },
      "geometry": {
        "type": "Point",
        "coordinates": [
          72.902154,
          19.0793026
        ]
      },
      "id": "node/7044692216"
    },
    {
      "type": "Feature",
      "properties": {
        "@id": "node/7044745238",
        "addr:district": "Mumbai",
        "addr:full": "Jayant Arcade, Ist Floor, 140-142, M.G. Road, Ghatkopar(E)",
        "addr:postcode": "400077",
        "addr:state": "Maharashtra",
        "amenity": "hospital",
        "name": "Advanced Orthopaedic and Super Speciality Center",
        "source": "OpenGovernmentData"
      },
      "geometry": {
        "type": "Point",
        "coordinates": [
          72.9039431,
          19.0791531
        ]
      },
      "id": "node/7044745238"
    },
    {
      "type": "Feature",
      "properties": {
        "@id": "node/7044829632",
        "addr:district": "Mumbai",
        "addr:full": "Pratap Nagar, Housing Society, A-Wing, 1st Floor, L.B.S. Marg, Kurla West",
        "addr:postcode": "400070",
        "addr:state": "Maharashtra",
        "amenity": "hospital",
        "healthcare": "hospital",
        "name": "Sushila Hospital-Icu and Maternity",
        "source": "OpenGovernmentData"
      },
      "geometry": {
        "type": "Point",
        "coordinates": [
          72.8819436,
          19.0829325
        ]
      },
      "id": "node/7044829632"
    },
    {
      "type": "Feature",
      "properties": {
        "@id": "node/7045020590",
        "addr:district": "Mumbai",
        "addr:full": "Opposite Bldg No.101, Nehru Nagar, Kurla (E)",
        "addr:postcode": "400070",
        "addr:state": "Maharashtra",
        "amenity": "hospital",
        "name": "V Care Hospital and Icu",
        "source": "OpenGovernmentData"
      },
      "geometry": {
        "type": "Point",
        "coordinates": [
          72.8815868,
          19.062706
        ]
      },
      "id": "node/7045020590"
    },
    {
      "type": "Feature",
      "properties": {
        "@id": "node/7045155680",
        "addr:district": "Mumbai",
        "addr:full": "5, Safal Ganga, Opposite Collector's Colony, Chembur Camp",
        "addr:postcode": "400074",
        "addr:state": "Maharashtra",
        "amenity": "hospital",
        "name": "Universal Eye Clinic and Surgical Centre",
        "source": "OpenGovernmentData"
      },
      "geometry": {
        "type": "Point",
        "coordinates": [
          72.8936943,
          19.0431439
        ]
      },
      "id": "node/7045155680"
    },
    {
      "type": "Feature",
      "properties": {
        "@id": "node/7045291440",
        "addr:district": "Mumbai",
        "addr:full": "Ishaan, 1st Floor, Khed Gully, Prabhadevi, Dadar West",
        "addr:postcode": "400025",
        "addr:state": "Maharashtra",
        "amenity": "hospital",
        "healthcare": "hospital",
        "name": "Siddivinayak Healthcare Pvt Ltd",
        "source": "OpenGovernmentData"
      },
      "geometry": {
        "type": "Point",
        "coordinates": [
          72.8325856,
          19.0139586
        ]
      },
      "id": "node/7045291440"
    },
    {
      "type": "Feature",
      "properties": {
        "@id": "node/7045324038",
        "addr:district": "Mumbai",
        "addr:full": "D-28 & 29, Nehru Nagar, Station Road, Kurla (East)",
        "addr:postcode": "400024",
        "addr:state": "Maharashtra",
        "amenity": "hospital",
        "name": "Aryan Hospital and Iccu - Kurla-Mumbai",
        "source": "OpenGovernmentData"
      },
      "geometry": {
        "type": "Point",
        "coordinates": [
          72.8823915,
          19.0630077
        ]
      },
      "id": "node/7045324038"
    },
    {
      "type": "Feature",
      "properties": {
        "@id": "node/7046326222",
        "addr:district": "Mumbai",
        "addr:full": "Vimal Apartment, Nehru Road, No.9, 10, 11, Near Municipal Office, Vile Parle East",
        "addr:postcode": "400057",
        "addr:state": "Maharashtra",
        "amenity": "hospital",
        "name": "Navjivan Maternity and Surgical Nursing Home",
        "source": "OpenGovernmentData"
      },
      "geometry": {
        "type": "Point",
        "coordinates": [
          72.8493802,
          19.0972827
        ]
      },
      "id": "node/7046326222"
    },
    {
      "type": "Feature",
      "properties": {
        "@id": "node/7046488275",
        "addr:district": "Mumbai",
        "addr:full": "Omprakash Arcade, 2nd Floor, Unit No.209, Ambedkar Garden, Chembur",
        "addr:postcode": "400071",
        "addr:state": "Maharashtra",
        "amenity": "hospital",
        "check_date": "2026-02-24",
        "email": "kolekaraditya@gmail.com",
        "name": "Kolekar Hospital & ICCU",
        "source": "OpenGovernmentData"
      },
      "geometry": {
        "type": "Point",
        "coordinates": [
          72.9011294,
          19.0598819
        ]
      },
      "id": "node/7046488275"
    },
    {
      "type": "Feature",
      "properties": {
        "@id": "node/7046777602",
        "addr:district": "Mumbai",
        "addr:full": "Sion-Trombay Road, Suman Nagar, Chembur East",
        "addr:postcode": "400071",
        "addr:state": "Maharashtra",
        "amenity": "hospital",
        "email": "info@suranasethiahospital.in",
        "healthcare": "hospital",
        "name": "Surana Sethia Hospital And Research Centre",
        "source": "OpenGovernmentData",
        "website": "https://suranahospital.in/"
      },
      "geometry": {
        "type": "Point",
        "coordinates": [
          72.8870063,
          19.0535553
        ]
      },
      "id": "node/7046777602"
    },
    {
      "type": "Feature",
      "properties": {
        "@id": "node/7047301433",
        "addr:district": "Thane",
        "addr:full": "F-7/A-1,Sector-10,(Above Hotel Trimurti),Near Vijaya Bank,Vashi,Navi Mumbai",
        "addr:postcode": "400703",
        "addr:state": "Maharashtra",
        "amenity": "hospital",
        "name": "Uma Hospital",
        "source": "OpenGovernmentData"
      },
      "geometry": {
        "type": "Point",
        "coordinates": [
          72.9998548,
          19.0823723
        ]
      },
      "id": "node/7047301433"
    },
    {
      "type": "Feature",
      "properties": {
        "@id": "node/7047367430",
        "addr:district": "Thane",
        "addr:full": "F-1 / C-2, Sector-11, Next To Bus Depot, Nerul, Navi Mumbai",
        "addr:postcode": "400706",
        "addr:state": "Maharashtra",
        "amenity": "hospital",
        "name": "Dr. Sonawane's Hospital",
        "source": "OpenGovernmentData"
      },
      "geometry": {
        "type": "Point",
        "coordinates": [
          73.0241248,
          19.0217017
        ]
      },
      "id": "node/7047367430"
    },
    {
      "type": "Feature",
      "properties": {
        "@id": "node/7047430578",
        "addr:district": "Mumbai",
        "addr:full": "C.S.T. Road, Next To Sundar Nagar,M Kalina, Santacruz(E)",
        "addr:postcode": "400098",
        "addr:state": "Maharashtra",
        "amenity": "hospital",
        "check_date": "2026-03-21",
        "name": "Durga Maternity and Surgical Nursing Home",
        "source": "OpenGovernmentData"
      },
      "geometry": {
        "type": "Point",
        "coordinates": [
          72.8608239,
          19.0758488
        ]
      },
      "id": "node/7047430578"
    },
    {
      "type": "Feature",
      "properties": {
        "@id": "node/7047542514",
        "addr:district": "Mumbai",
        "addr:full": "3Road Floor, M G Road , Near Bank Of India, Ghatkopar West",
        "addr:postcode": "400086",
        "addr:state": "Maharashtra",
        "amenity": "hospital",
        "name": "Vatsalya Maternity and Surgical Nursing Home",
        "source": "OpenGovernmentData"
      },
      "geometry": {
        "type": "Point",
        "coordinates": [
          72.9053056,
          19.0858653
        ]
      },
      "id": "node/7047542514"
    },
    {
      "type": "Feature",
      "properties": {
        "@id": "node/7047553990",
        "addr:district": "Mumbai",
        "addr:full": "Nilkanth Shopping Centre Corner Cama Lane , Ghatkopar, West Mumbai",
        "addr:postcode": "400001",
        "addr:state": "Maharashtra",
        "amenity": "hospital",
        "name": "Shreeji Hospital, Ghatkopar",
        "source": "OpenGovernmentData"
      },
      "geometry": {
        "type": "Point",
        "coordinates": [
          72.9048134,
          19.0844927
        ]
      },
      "id": "node/7047553990"
    },
    {
      "type": "Feature",
      "properties": {
        "@id": "node/7047557038",
        "addr:district": "Mumbai",
        "addr:full": "Navsari Bldg.240,Dr. D.N. Road",
        "addr:postcode": "400001",
        "addr:state": "Maharashtra",
        "amenity": "hospital",
        "healthcare": "hospital",
        "name": "Banaji Eyesurgery and Laser Center",
        "source": "OpenGovernmentData"
      },
      "geometry": {
        "type": "Point",
        "coordinates": [
          72.8332373,
          18.9358357
        ]
      },
      "id": "node/7047557038"
    },
    {
      "type": "Feature",
      "properties": {
        "@id": "node/7047598027",
        "addr:district": "Mumbai",
        "addr:full": "Subh Ashish, Subhash Nagar, Estate N M Joshi Marg",
        "addr:postcode": "400011",
        "addr:state": "Maharashtra",
        "amenity": "hospital",
        "name": "Nirmala Maternity and Surgical Hospital with Polyclinic",
        "source": "OpenGovernmentData"
      },
      "geometry": {
        "type": "Point",
        "coordinates": [
          72.8306866,
          18.9868937
        ]
      },
      "id": "node/7047598027"
    },
    {
      "type": "Feature",
      "properties": {
        "@id": "node/7047711117",
        "addr:district": "Mumbai",
        "addr:full": "D.N.Nagar, Link Road, J.P.Road Junction, Andheri (W)",
        "addr:postcode": "400053",
        "addr:state": "Maharashtra",
        "amenity": "hospital",
        "healthcare": "hospital",
        "name": "Siddhivinayak Surgical Centre",
        "source": "OpenGovernmentData"
      },
      "geometry": {
        "type": "Point",
        "coordinates": [
          72.8314617,
          19.1274074
        ]
      },
      "id": "node/7047711117"
    },
    {
      "type": "Feature",
      "properties": {
        "@id": "node/7047933154",
        "addr:district": "Mumbai",
        "addr:full": "Royal Garden Next To Girnar Tower Ambawadi Kalachowki",
        "addr:postcode": "400033",
        "addr:state": "Maharashtra",
        "amenity": "hospital",
        "name": "Aryan Hospital and Icu",
        "source": "OpenGovernmentData"
      },
      "geometry": {
        "type": "Point",
        "coordinates": [
          72.8412236,
          18.9898598
        ]
      },
      "id": "node/7047933154"
    },
    {
      "type": "Feature",
      "properties": {
        "@id": "node/7048131891",
        "addr:district": "Thane",
        "addr:full": "1st Floor, Natasha Towers, Plot No.84, Sector No.17,OppositeMmmc Hospital,Khairane,Navi Mumbai",
        "addr:postcode": "400709",
        "addr:state": "Maharashtra",
        "amenity": "hospital",
        "name": "Vedaant Multispeciality Hospital",
        "source": "OpenGovernmentData"
      },
      "geometry": {
        "type": "Point",
        "coordinates": [
          72.9986988,
          19.1006081
        ]
      },
      "id": "node/7048131891"
    },
    {
      "type": "Feature",
      "properties": {
        "@id": "node/7048131904",
        "addr:district": "Thane",
        "addr:full": "Plot No.21-B, Sec-11, Near Ayyappa Temple, Nerul(E), Navi Mumbai",
        "addr:postcode": "400706",
        "addr:state": "Maharashtra",
        "amenity": "hospital",
        "name": "Surya Hospital and Iccu",
        "source": "OpenGovernmentData"
      },
      "geometry": {
        "type": "Point",
        "coordinates": [
          73.0231659,
          19.0360934
        ]
      },
      "id": "node/7048131904"
    },
    {
      "type": "Feature",
      "properties": {
        "@id": "node/7048172474",
        "addr:district": "Mumbai",
        "addr:full": "No. 1/ 7, Sindhi Society, opp. Gurukrupa Hotel, Sion",
        "addr:postcode": "400022",
        "addr:state": "Maharashtra",
        "amenity": "hospital",
        "check_date": "2026-03-20",
        "name": "Vaishnav Seva Samaj",
        "operator:type": "government",
        "source": "OpenGovernmentData"
      },
      "geometry": {
        "type": "Point",
        "coordinates": [
          72.8590146,
          19.0338607
        ]
      },
      "id": "node/7048172474"
    },
    {
      "type": "Feature",
      "properties": {
        "@id": "node/7048261227",
        "addr:district": "Mumbai",
        "addr:full": "4 Durgashram, Sakinaka-Asalpha Link Road, , Sakinaka, Besides Peninsula Hotel, Sakinaka",
        "addr:postcode": "400059",
        "addr:state": "Maharashtra",
        "amenity": "hospital",
        "name": "Priyanka Maternity and Surgical Nursing Home",
        "source": "OpenGovernmentData"
      },
      "geometry": {
        "type": "Point",
        "coordinates": [
          72.8907222,
          19.1006777
        ]
      },
      "id": "node/7048261227"
    },
    {
      "type": "Feature",
      "properties": {
        "@id": "node/7048433639",
        "addr:district": "Mumbai",
        "addr:full": "105 A&C & 405 A Sukh Sagar, N.S. Patkar Marg, Opera House",
        "addr:postcode": "400007",
        "addr:state": "Maharashtra",
        "amenity": "hospital",
        "healthcare": "hospital",
        "name": "Foresight Eye Center",
        "source": "OpenGovernmentData"
      },
      "geometry": {
        "type": "Point",
        "coordinates": [
          72.8133863,
          18.956311
        ]
      },
      "id": "node/7048433639"
    },
    {
      "type": "Feature",
      "properties": {
        "@id": "node/7048433662",
        "addr:district": "Mumbai",
        "addr:full": "101-102-103, Sai Darshan Co-Opp Soc Asaifa, Bhattwadi Ghatkopar - West",
        "addr:postcode": "400084",
        "addr:state": "Maharashtra",
        "amenity": "hospital",
        "name": "Vivek Maternity and Nursing Home",
        "source": "OpenGovernmentData"
      },
      "geometry": {
        "type": "Point",
        "coordinates": [
          72.9000364,
          19.0940612
        ]
      },
      "id": "node/7048433662"
    },
    {
      "type": "Feature",
      "properties": {
        "@id": "node/7048433674",
        "addr:district": "Mumbai",
        "addr:full": "Andheri Mumbai",
        "addr:postcode": "400005",
        "addr:state": "Maharashtra",
        "amenity": "hospital",
        "bench": "yes",
        "bus": "yes",
        "highway": "bus_stop",
        "name": "Sujata Medicare (Sujata Gyanaecology Clinic);Dhake Colony",
        "name:hi": "धाके कौलनी",
        "public_transport": "platform",
        "shelter": "yes",
        "source": "OpenGovernmentData"
      },
      "geometry": {
        "type": "Point",
        "coordinates": [
          72.8333795,
          19.127861
        ]
      },
      "id": "node/7048433674"
    },
    {
      "type": "Feature",
      "properties": {
        "@id": "node/7048504206",
        "addr:district": "Thane",
        "addr:full": "Sai Prasad Shopping Complex,Plot, No.17, Sec-8,Nerul, Navi Mumbai",
        "addr:postcode": "400706",
        "addr:state": "Maharashtra",
        "amenity": "hospital",
        "name": "Aryan Hospital",
        "source": "OpenGovernmentData"
      },
      "geometry": {
        "type": "Point",
        "coordinates": [
          73.014902,
          19.0410522
        ]
      },
      "id": "node/7048504206"
    },
    {
      "type": "Feature",
      "properties": {
        "@id": "node/7048562945",
        "addr:district": "Thane",
        "addr:full": "Plot No. 14, Sec-25, Behind H. P. Petrol Pump, Seawood - West, Nerul (E), Navi Mumbai",
        "addr:postcode": "400706",
        "addr:state": "Maharashtra",
        "amenity": "hospital",
        "name": "Shivam Eye Foundation P P N",
        "source": "OpenGovernmentData"
      },
      "geometry": {
        "type": "Point",
        "coordinates": [
          73.0219696,
          19.0238279
        ]
      },
      "id": "node/7048562945"
    },
    {
      "type": "Feature",
      "properties": {
        "@id": "node/7048777736",
        "addr:district": "Mumbai",
        "addr:full": "Modi Bhavan, Pandita Ramabai Road, Gamdevi, Grant Road (W)",
        "addr:postcode": "400007",
        "addr:state": "Maharashtra",
        "amenity": "hospital",
        "name": "Dr. Nisars Eye Care Centre",
        "source": "OpenGovernmentData"
      },
      "geometry": {
        "type": "Point",
        "coordinates": [
          72.8116697,
          18.9590608
        ]
      },
      "id": "node/7048777736"
    },
    {
      "type": "Feature",
      "properties": {
        "@id": "node/7048863374",
        "addr:district": "Mumbai",
        "addr:full": "Garodia Market, Plot No 8/A, 1st Floor D K Sandu Marg, Chembur",
        "addr:postcode": "400071",
        "addr:state": "Maharashtra",
        "amenity": "hospital",
        "healthcare": "hospital",
        "name": "Varsha Parekh Maternity and Surgical Hospital",
        "source": "OpenGovernmentData"
      },
      "geometry": {
        "type": "Point",
        "coordinates": [
          72.8985131,
          19.0610324
        ]
      },
      "id": "node/7048863374"
    },
    {
      "type": "Feature",
      "properties": {
        "@id": "node/7048872963",
        "addr:district": "Mumbai",
        "addr:full": "Vikram Apartments , G Wing, New Maniklal Estate, L B Marg, Ghakopar (West)",
        "addr:postcode": "400086",
        "addr:state": "Maharashtra",
        "amenity": "hospital",
        "name": "Shree Sukh Shanti Hospital",
        "source": "OpenGovernmentData"
      },
      "geometry": {
        "type": "Point",
        "coordinates": [
          72.9023337,
          19.0878791
        ]
      },
      "id": "node/7048872963"
    },
    {
      "type": "Feature",
      "properties": {
        "@id": "node/7048950247",
        "addr:district": "Mumbai",
        "addr:full": "237/3258, Tagore Nagar, Opp: Muncipal Market, Vikroli - East",
        "addr:postcode": "400083",
        "addr:state": "Maharashtra",
        "amenity": "hospital",
        "name": "Modi General Hospital and Iccu",
        "source": "OpenGovernmentData"
      },
      "geometry": {
        "type": "Point",
        "coordinates": [
          72.9306605,
          19.1154687
        ]
      },
      "id": "node/7048950247"
    },
    {
      "type": "Feature",
      "properties": {
        "@id": "node/7048966028",
        "addr:district": "Mumbai",
        "addr:full": "C-23, 2nd Floor, Satyam Shopping Centre, M.G. Road",
        "addr:postcode": "400077",
        "addr:state": "Maharashtra",
        "amenity": "hospital",
        "name": "Saraswati Eye Hospital, Mumbai",
        "source": "OpenGovernmentData"
      },
      "geometry": {
        "type": "Point",
        "coordinates": [
          72.9043213,
          19.0799959
        ]
      },
      "id": "node/7048966028"
    },
    {
      "type": "Feature",
      "properties": {
        "@id": "node/7049041346",
        "addr:city": "Mumbai",
        "addr:district": "Mumbai",
        "addr:full": "# 1, Vivek - 67, Tilak Road, Ghatkopar (E)",
        "addr:postcode": "400077",
        "addr:state": "Maharashtra",
        "addr:street": "Tilak Road",
        "amenity": "hospital",
        "healthcare": "hospital",
        "name": "Ashirwad Heart Hospital",
        "source": "OpenGovernmentData"
      },
      "geometry": {
        "type": "Point",
        "coordinates": [
          72.9056409,
          19.076179
        ]
      },
      "id": "node/7049041346"
    },
    {
      "type": "Feature",
      "properties": {
        "@id": "node/7049124019",
        "addr:district": "Mumbai",
        "addr:full": "12, Gyan Mandir Road, Dadar West Railway Station",
        "addr:postcode": "400028",
        "addr:state": "Maharashtra",
        "amenity": "hospital",
        "healthcare": "hospital",
        "name": "Shree Vardhaman Sthanakvasi Jain Shravak Sangh Dadar Sanchalit Navneet Jain Health Centre",
        "source": "OpenGovernmentData"
      },
      "geometry": {
        "type": "Point",
        "coordinates": [
          72.8383778,
          19.0204668
        ]
      },
      "id": "node/7049124019"
    },
    {
      "type": "Feature",
      "properties": {
        "@id": "node/7049182746",
        "addr:district": "Mumbai",
        "addr:full": "C Wing, 4th Floor, Bhaveshwar Plaza, L.B.S.Marg, Ghatkopar (West)",
        "addr:postcode": "400086",
        "addr:state": "Maharashtra",
        "amenity": "hospital",
        "email": "drgujars@yahoo.com",
        "name": "Amruta Surgical and Maternity Home",
        "operator:type": "private",
        "source": "OpenGovernmentData",
        "website": "http://www.amrutasurgicalandmaternityhome.com/"
      },
      "geometry": {
        "type": "Point",
        "coordinates": [
          72.9125141,
          19.0926292
        ]
      },
      "id": "node/7049182746"
    },
    {
      "type": "Feature",
      "properties": {
        "@id": "node/7049253111",
        "addr:district": "Thane",
        "addr:full": "Plot No:57, Sector 15-A,Vashi",
        "addr:postcode": "400705",
        "addr:state": "Maharashtra",
        "amenity": "hospital",
        "name": "Pkc Hospital",
        "source": "OpenGovernmentData"
      },
      "geometry": {
        "type": "Point",
        "coordinates": [
          73.0030265,
          19.0805599
        ]
      },
      "id": "node/7049253111"
    },
    {
      "type": "Feature",
      "properties": {
        "@id": "node/7049336179",
        "addr:district": "Mumbai",
        "addr:full": "Plot No38/39, Opposite Juhu Supreme Shopping Centre, Main Gulmohar Road, Andheri (W),",
        "addr:postcode": "400049",
        "addr:state": "Maharashtra",
        "amenity": "hospital",
        "email": "info@criticarehospital.in",
        "name": "Criticare Multispeciality Hospital and Research Centre",
        "operator:type": "private",
        "source": "OpenGovernmentData",
        "website": "https://www.criticarehospital.in/"
      },
      "geometry": {
        "type": "Point",
        "coordinates": [
          72.8353295,
          19.1156879
        ]
      },
      "id": "node/7049336179"
    },
    {
      "type": "Feature",
      "properties": {
        "@id": "node/7049454051",
        "addr:district": "Mumbai",
        "addr:full": "1st Floor, Jalaram Commercial Centre, Next To Hotel Shiv Sagar-Ansa Industrial, Saki Vihar Road, Saki Naka, Andheri East",
        "addr:postcode": "400072",
        "addr:state": "Maharashtra",
        "amenity": "hospital",
        "name": "Balaji Speciality Hospital",
        "source": "OpenGovernmentData"
      },
      "geometry": {
        "type": "Point",
        "coordinates": [
          72.888,
          19.1079061
        ]
      },
      "id": "node/7049454051"
    },
    {
      "type": "Feature",
      "properties": {
        "@id": "node/7049584815",
        "addr:district": "Mumbai",
        "addr:full": "21 - A, Sita Bhavan, 14Th A Road, Ahimsa Marg, Khar (West)",
        "addr:postcode": "400052",
        "addr:state": "Maharashtra",
        "amenity": "hospital",
        "email": "info@rghospital.com",
        "healthcare": "hospital",
        "healthcare:speciality": "urology;clinical_pathology",
        "name": "RG Stone Urology and Laparoscopy Hospital, Khar",
        "operator:type": "private",
        "source": "OpenGovernmentData",
        "website": "https://www.rghospitals.com/"
      },
      "geometry": {
        "type": "Point",
        "coordinates": [
          72.8329611,
          19.0740757
        ]
      },
      "id": "node/7049584815"
    },
    {
      "type": "Feature",
      "properties": {
        "@id": "node/7049597126",
        "addr:district": "Thane",
        "addr:full": "Plot No 22A, Palm Beach Road Nerul (W) , Sector 6 Navi Mumbai",
        "addr:postcode": "400705",
        "addr:state": "Maharashtra",
        "amenity": "hospital",
        "name": "Sushrusha Heart Care Center and Speciality Hospital",
        "source": "OpenGovernmentData"
      },
      "geometry": {
        "type": "Point",
        "coordinates": [
          73.0096382,
          19.0432478
        ]
      },
      "id": "node/7049597126"
    },
    {
      "type": "Feature",
      "properties": {
        "@id": "node/7049683148",
        "addr:district": "Mumbai",
        "addr:full": "Mumbai",
        "addr:postcode": "400022",
        "addr:state": "Maharashtra",
        "amenity": "hospital",
        "name": "Shanmukhananda Jasubhai R k shah Medical Centre",
        "source": "OpenGovernmentData"
      },
      "geometry": {
        "type": "Point",
        "coordinates": [
          72.860038,
          19.031047
        ]
      },
      "id": "node/7049683148"
    },
    {
      "type": "Feature",
      "properties": {
        "@id": "node/7049696525",
        "addr:district": "Thane",
        "addr:full": "Sangharsha Bldg., Plot No. 53A 1st Floor, Near Sarsole Bus Depot, Phase Iii, Nerul",
        "addr:postcode": "400706",
        "addr:state": "Maharashtra",
        "amenity": "hospital",
        "name": "Sanjivani Hospital and Iccu",
        "source": "OpenGovernmentData"
      },
      "geometry": {
        "type": "Point",
        "coordinates": [
          73.0145547,
          19.0409539
        ]
      },
      "id": "node/7049696525"
    },
    {
      "type": "Feature",
      "properties": {
        "@id": "node/7049755583",
        "addr:district": "Mumbai",
        "addr:full": "Om Nikentan V P Road S V Road Behind Hotel Alpha , Andher (West)",
        "addr:postcode": "400001",
        "addr:state": "Maharashtra",
        "amenity": "hospital",
        "check_date": "2026-03-12",
        "healthcare": "hospital",
        "name": "Dr Telangs Dhanvantari Hospital",
        "source": "OpenGovernmentData"
      },
      "geometry": {
        "type": "Point",
        "coordinates": [
          72.8433318,
          19.1188723
        ]
      },
      "id": "node/7049755583"
    },
    {
      "type": "Feature",
      "properties": {
        "@id": "node/7049756932",
        "addr:district": "Mumbai",
        "addr:full": "H-2, Vijay Tower,Vijay Nagar,Marol Maroshi Road Andheri(E)",
        "addr:postcode": "400059",
        "addr:state": "Maharashtra",
        "amenity": "hospital",
        "name": "Dr.Pintos Pathological Laboratory",
        "source": "OpenGovernmentData"
      },
      "geometry": {
        "type": "Point",
        "coordinates": [
          72.8799695,
          19.1212519
        ]
      },
      "id": "node/7049756932"
    },
    {
      "type": "Feature",
      "properties": {
        "@id": "node/7049800769",
        "addr:district": "Mumbai",
        "addr:full": "Manas, Plot No.19, Sher-E-Punjab Society, Mahakali Caves Road, Andheri East",
        "addr:postcode": "400093",
        "addr:state": "Maharashtra",
        "amenity": "hospital",
        "name": "Dr.Sakhalkar's Maternity and Nursing Home",
        "source": "OpenGovernmentData"
      },
      "geometry": {
        "type": "Point",
        "coordinates": [
          72.8611457,
          19.1244488
        ]
      },
      "id": "node/7049800769"
    },
    {
      "type": "Feature",
      "properties": {
        "@id": "node/7049803405",
        "addr:district": "Mumbai",
        "addr:full": "401, Rajshree Plaza, L.B.S. Marg, Opposite Shreyas Theatre, Ghatkopar(West)",
        "addr:postcode": "400086",
        "addr:state": "Maharashtra",
        "amenity": "hospital",
        "name": "Suyog Urology Centre",
        "source": "OpenGovernmentData"
      },
      "geometry": {
        "type": "Point",
        "coordinates": [
          72.9131524,
          19.0931817
        ]
      },
      "id": "node/7049803405"
    },
    {
      "type": "Feature",
      "properties": {
        "@id": "node/7049812966",
        "addr:district": "Mumbai",
        "addr:full": "101, Inder Tower Gokhale Road (S), Near Tilak Bhavan, Opposite Ashishind Estate, Dadar (West)",
        "addr:postcode": "400028",
        "addr:state": "Maharashtra",
        "amenity": "hospital",
        "email": "punamiya.hospital@gmail.com",
        "healthcare": "hospital",
        "name": "Punamiya Hospital, Mumbai",
        "operator:type": "private",
        "source": "OpenGovernmentData",
        "website": "http://punamiyahospital.in/"
      },
      "geometry": {
        "type": "Point",
        "coordinates": [
          72.8343451,
          19.0124701
        ]
      },
      "id": "node/7049812966"
    },
    {
      "type": "Feature",
      "properties": {
        "@id": "node/7049822998",
        "addr:district": "Mumbai",
        "addr:full": "110-A, Jaiprakash Road, OppositeNavrang Theatre, Andheri(W)",
        "addr:postcode": "400058",
        "addr:state": "Maharashtra",
        "amenity": "hospital",
        "check_date": "2026-03-12",
        "healthcare": "hospital",
        "name": "Patil Hospital, Mumbai",
        "source": "OpenGovernmentData"
      },
      "geometry": {
        "type": "Point",
        "coordinates": [
          72.8423361,
          19.1235929
        ]
      },
      "id": "node/7049822998"
    },
    {
      "type": "Feature",
      "properties": {
        "@id": "node/7049847480",
        "addr:district": "Mumbai",
        "addr:full": "101, Juhu Sheetal,Jvpd Scheme, 9Th Gulmohar Cross Road ,Vile Parle(W)",
        "addr:postcode": "400049",
        "addr:state": "Maharashtra",
        "amenity": "hospital",
        "name": "Oculus Eye Hospital Pvt. Ltd",
        "source": "OpenGovernmentData"
      },
      "geometry": {
        "type": "Point",
        "coordinates": [
          72.8334123,
          19.114371
        ]
      },
      "id": "node/7049847480"
    },
    {
      "type": "Feature",
      "properties": {
        "@id": "node/7050167816",
        "addr:district": "Mumbai",
        "addr:full": "Near Sarvodaya Hospital, L.B.S.Marg, Ghatkoper (West)",
        "addr:postcode": "400086",
        "addr:state": "Maharashtra",
        "amenity": "hospital",
        "email": "info@zynovaheart.com",
        "name": "Zynova Heart Hospital",
        "operator:type": "private",
        "source": "OpenGovernmentData",
        "website": "http://zynovaheart.com/"
      },
      "geometry": {
        "type": "Point",
        "coordinates": [
          72.9071443,
          19.0890312
        ]
      },
      "id": "node/7050167816"
    },
    {
      "type": "Feature",
      "properties": {
        "@id": "node/7050247346",
        "addr:district": "Thane",
        "addr:full": "Giriraj Dham Plot. No11, Sector -10,1st Floor, Nxt 2 Pancharatna Hotel,Koparkhairane,Navi Mumbai",
        "addr:postcode": "400709",
        "addr:state": "Maharashtra",
        "amenity": "hospital",
        "name": "Vidhi Eye and Skin Care Centre",
        "source": "OpenGovernmentData"
      },
      "geometry": {
        "type": "Point",
        "coordinates": [
          73.005757,
          19.0994752
        ]
      },
      "id": "node/7050247346"
    },
    {
      "type": "Feature",
      "properties": {
        "@id": "node/7050371648",
        "addr:district": "Thane",
        "addr:full": "Ambika Shopping Complex, Plot No. 23 , Sector 8, Nerul, Navi Mumbai",
        "addr:postcode": "400706",
        "addr:state": "Maharashtra",
        "amenity": "hospital",
        "name": "Kamlesh Mother and Child Hospital",
        "source": "OpenGovernmentData"
      },
      "geometry": {
        "type": "Point",
        "coordinates": [
          73.0155337,
          19.0434152
        ]
      },
      "id": "node/7050371648"
    },
    {
      "type": "Feature",
      "properties": {
        "@id": "node/7050525480",
        "addr:district": "Thane",
        "addr:full": "New Bombay",
        "addr:postcode": "400705",
        "addr:state": "Maharashtra",
        "amenity": "hospital",
        "name": "Thanawala Maternity Home",
        "source": "OpenGovernmentData"
      },
      "geometry": {
        "type": "Point",
        "coordinates": [
          72.9993063,
          19.0739489
        ]
      },
      "id": "node/7050525480"
    },
    {
      "type": "Feature",
      "properties": {
        "@id": "node/7050575276",
        "addr:district": "Mumbai",
        "addr:full": "Aga Hall, Nesbit Road, Mazgaon",
        "addr:postcode": "400010",
        "addr:state": "Maharashtra",
        "amenity": "hospital",
        "emergency": "yes",
        "healthcare": "hospital",
        "healthcare:speciality": "general;gynaecology",
        "name": "Prince Aly Khan Hospital",
        "name:mr": "प्रिंस अली खान हॉस्पिटल",
        "source": "OpenGovernmentData"
      },
      "geometry": {
        "type": "Point",
        "coordinates": [
          72.8366089,
          18.9707774
        ]
      },
      "id": "node/7050575276"
    },
    {
      "type": "Feature",
      "properties": {
        "@id": "node/7050579395",
        "addr:district": "Thane",
        "addr:full": "Raj Avenue, G-43-44,Sector - 20, Belapur, Navi Mumbai",
        "addr:postcode": "400614",
        "addr:state": "Maharashtra",
        "amenity": "hospital",
        "name": "Suyash Hospital",
        "source": "OpenGovernmentData"
      },
      "geometry": {
        "type": "Point",
        "coordinates": [
          73.0323776,
          19.0117366
        ]
      },
      "id": "node/7050579395"
    },
    {
      "type": "Feature",
      "properties": {
        "@id": "node/7050593685",
        "addr:district": "Thane",
        "addr:full": "A/42, Sagar Co.Ophousing Society, Sector-10, Koparkhairane, Navi Mumbai",
        "addr:postcode": "400709",
        "addr:state": "Maharashtra",
        "amenity": "hospital",
        "name": "Saraswati Skin and Eye Care Centre",
        "source": "OpenGovernmentData"
      },
      "geometry": {
        "type": "Point",
        "coordinates": [
          73.0056068,
          19.0980824
        ]
      },
      "id": "node/7050593685"
    },
    {
      "type": "Feature",
      "properties": {
        "@id": "node/7050603512",
        "addr:district": "Mumbai",
        "addr:full": "210/3042, Near Sangali Sahakari Bank, Tagore Nagar No.1, Vikhroli(E)",
        "addr:postcode": "400083",
        "addr:state": "Maharashtra",
        "amenity": "hospital",
        "name": "Laxmi Health Care Center and Iccu",
        "source": "OpenGovernmentData"
      },
      "geometry": {
        "type": "Point",
        "coordinates": [
          72.9315296,
          19.1134362
        ]
      },
      "id": "node/7050603512"
    },
    {
      "type": "Feature",
      "properties": {
        "@id": "node/7050614446",
        "addr:district": "Mumbai",
        "addr:full": "102/108, Karmavihar, Station Road,Opposite Muncipal Market, Near Railway Station",
        "addr:postcode": "400077",
        "addr:state": "Maharashtra",
        "amenity": "hospital",
        "name": "Khushal Hospital and Maternity Home",
        "source": "OpenGovernmentData"
      },
      "geometry": {
        "type": "Point",
        "coordinates": [
          72.9100598,
          19.0852037
        ]
      },
      "id": "node/7050614446"
    },
    {
      "type": "Feature",
      "properties": {
        "@id": "node/7050932259",
        "addr:city": "Mumbai",
        "addr:district": "Mumbai",
        "addr:full": "18-A Happy Home 1st Floor Opp Achija & Guru Kurupa Hotel Ghatkopar (E)",
        "addr:postcode": "400077",
        "addr:state": "Maharashtra",
        "amenity": "hospital",
        "healthcare": "hospital",
        "name": "Hiren Mehta Eye Care Centre",
        "source": "OpenGovernmentData"
      },
      "geometry": {
        "type": "Point",
        "coordinates": [
          72.9058863,
          19.0798083
        ]
      },
      "id": "node/7050932259"
    },
    {
      "type": "Feature",
      "properties": {
        "@id": "node/7051069996",
        "addr:district": "Mumbai",
        "addr:full": "Vidya Bhuvan 121, Shivaji Park, Opp Shiv Sena Bhavan Dadar - West",
        "addr:postcode": "400028",
        "addr:state": "Maharashtra",
        "amenity": "hospital",
        "healthcare": "hospital",
        "name": "Dr Thakur Hospital",
        "source": "OpenGovernmentData"
      },
      "geometry": {
        "type": "Point",
        "coordinates": [
          72.8400777,
          19.0250711
        ]
      },
      "id": "node/7051069996"
    },
    {
      "type": "Feature",
      "properties": {
        "@id": "node/7051069997",
        "addr:district": "Mumbai",
        "addr:full": "305/306 Ruby Monarch, 3Road Floor , Opp Post Office, Saki Vihar Road , Saki Naka, Andheri East",
        "addr:postcode": "400072",
        "addr:state": "Maharashtra",
        "amenity": "hospital",
        "name": "Ashirwad Children and Surgical Hospital",
        "source": "OpenGovernmentData"
      },
      "geometry": {
        "type": "Point",
        "coordinates": [
          72.8877814,
          19.1064919
        ]
      },
      "id": "node/7051069997"
    },
    {
      "type": "Feature",
      "properties": {
        "@id": "node/7051070010",
        "addr:district": "Mumbai",
        "addr:full": "3Road Floor, Sadhana House Behind Mahindra Towers, Pandurang Budhkar Marg, Worli Mumbai",
        "addr:postcode": "400018",
        "addr:state": "Maharashtra",
        "amenity": "hospital",
        "name": "Reliance Life Sciences Pvt. Ltd",
        "source": "OpenGovernmentData"
      },
      "geometry": {
        "type": "Point",
        "coordinates": [
          72.8225555,
          19.0050283
        ]
      },
      "id": "node/7051070010"
    },
    {
      "type": "Feature",
      "properties": {
        "@id": "node/7051176229",
        "addr:district": "Mumbai",
        "addr:full": "Mistry Complex, Sankalp (Gr. Floor), Near Greater Bank, J.B. Nagar, Andheri (E)",
        "addr:postcode": "400059",
        "addr:state": "Maharashtra",
        "amenity": "hospital",
        "healthcare": "hospital",
        "name": "Kiran Care and Cure Hospital",
        "operator": "Dr. Vaibhav Mistry",
        "source": "OpenGovernmentData"
      },
      "geometry": {
        "type": "Point",
        "coordinates": [
          72.8655446,
          19.10681
        ]
      },
      "id": "node/7051176229"
    },
    {
      "type": "Feature",
      "properties": {
        "@id": "node/7051342865",
        "addr:district": "Mumbai",
        "addr:full": "Yashodhan Apt. No.1,Next To Four Bunglows Signal, Andheri (W)",
        "addr:postcode": "400053",
        "addr:state": "Maharashtra",
        "amenity": "hospital",
        "healthcare": "hospital",
        "name": "Doctor Pareek's Deafness Clinic and ENT Hospital",
        "source": "OpenGovernmentData"
      },
      "geometry": {
        "type": "Point",
        "coordinates": [
          72.8294756,
          19.1288557
        ]
      },
      "id": "node/7051342865"
    },
    {
      "type": "Feature",
      "properties": {
        "@id": "node/7051344976",
        "addr:district": "Thane",
        "addr:full": "102, Shubham Cooperative Society, Sector-18, Plot-77, Near Kotak Mahindra Bank, Koparkhairane",
        "addr:postcode": "400709",
        "addr:state": "Maharashtra",
        "amenity": "hospital",
        "name": "Om Gagangiri Hospital, Thane, NAVI MUMBAI",
        "source": "OpenGovernmentData"
      },
      "geometry": {
        "type": "Point",
        "coordinates": [
          73.0037589,
          19.1024207
        ]
      },
      "id": "node/7051344976"
    },
    {
      "type": "Feature",
      "properties": {
        "@id": "node/7051595414",
        "addr:district": "Mumbai",
        "addr:full": "48 Swastik Park, Umarshi Bappa Chowk, Sion Trombay Road, Chembur",
        "addr:postcode": "400071",
        "addr:state": "Maharashtra",
        "amenity": "hospital",
        "name": "Mangal Anand Hospital",
        "source": "OpenGovernmentData"
      },
      "geometry": {
        "type": "Point",
        "coordinates": [
          72.8905401,
          19.0565988
        ]
      },
      "id": "node/7051595414"
    },
    {
      "type": "Feature",
      "properties": {
        "@id": "node/7051650092",
        "addr:city": "Mumbai",
        "addr:district": "Mumbai",
        "addr:full": "1-Lacreame Nrakruti Trade Center Road No-7 Kondivita Midc Area Andheri(E)",
        "addr:housenumber": "G1, Lacreme Building, Kondivita, Andheri East",
        "addr:postcode": "400047",
        "addr:state": "Maharashtra",
        "addr:street": "Road Number 7",
        "amenity": "hospital",
        "healthcare": "hospital",
        "name": "Umang Maternity and Surgical Nursing Home",
        "phone": "+912228203041",
        "source": "OpenGovernmentData"
      },
      "geometry": {
        "type": "Point",
        "coordinates": [
          72.871322,
          19.1169019
        ]
      },
      "id": "node/7051650092"
    },
    {
      "type": "Feature",
      "properties": {
        "@id": "node/7051759654",
        "addr:district": "Thane",
        "addr:full": "Rosewood, Sector 2, Airoli Navi Mumbai",
        "addr:postcode": "400708",
        "addr:state": "Maharashtra",
        "amenity": "hospital",
        "name": "Thanawalas Maternity Home & IVF Clinic",
        "source": "OpenGovernmentData"
      },
      "geometry": {
        "type": "Point",
        "coordinates": [
          72.9997086,
          19.0737816
        ]
      },
      "id": "node/7051759654"
    },
    {
      "type": "Feature",
      "properties": {
        "@id": "node/7051825616",
        "addr:district": "Mumbai",
        "addr:full": "Plot No.236, Twin Arcade,Military Road,Marol,Andheri (East)",
        "addr:postcode": "400059",
        "addr:state": "Maharashtra",
        "amenity": "hospital",
        "name": "Sugun Hospital Multispeciality Diagnostic, Icu",
        "source": "OpenGovernmentData"
      },
      "geometry": {
        "type": "Point",
        "coordinates": [
          72.8827469,
          19.1171996
        ]
      },
      "id": "node/7051825616"
    },
    {
      "type": "Feature",
      "properties": {
        "@id": "node/7051831014",
        "addr:district": "Mumbai",
        "addr:full": "172 -A Naigaum, Dadar",
        "addr:postcode": "400014",
        "addr:state": "Maharashtra",
        "amenity": "hospital",
        "healthcare": "hospital",
        "name": "Dr. Karmarkar Hospital",
        "source": "OpenGovernmentData"
      },
      "geometry": {
        "type": "Point",
        "coordinates": [
          72.8467025,
          19.0130174
        ]
      },
      "id": "node/7051831014"
    },
    {
      "type": "Feature",
      "properties": {
        "@id": "node/7051990083",
        "addr:district": "Thane",
        "addr:full": "Plot 6B, Sector 9, Vashi, Navi Mumbai",
        "addr:postcode": "400703",
        "addr:state": "Maharashtra",
        "amenity": "hospital",
        "name": "Dr Yewale Multispeciality Hospital For Children",
        "source": "OpenGovernmentData"
      },
      "geometry": {
        "type": "Point",
        "coordinates": [
          72.9966067,
          19.0817095
        ]
      },
      "id": "node/7051990083"
    },
    {
      "type": "Feature",
      "properties": {
        "@id": "node/7052027524",
        "addr:district": "Mumbai",
        "addr:full": "Sanjay, Ground Floor, Plot 376, Telang Cross Road No.2, Near Matunga Circle",
        "addr:postcode": "400019",
        "addr:state": "Maharashtra",
        "amenity": "hospital",
        "name": "Jashem Eye Institute",
        "source": "OpenGovernmentData"
      },
      "geometry": {
        "type": "Point",
        "coordinates": [
          72.8538381,
          19.0279281
        ]
      },
      "id": "node/7052027524"
    },
    {
      "type": "Feature",
      "properties": {
        "@id": "node/7052058100",
        "addr:district": "Mumbai",
        "addr:full": "2/254, Alka Mansion, Dr Ambedkar Road, Sion West",
        "addr:postcode": "400022",
        "addr:state": "Maharashtra",
        "amenity": "hospital",
        "check_date": "2026-03-20",
        "name": "Vyas' Surgery",
        "source": "OpenGovernmentData"
      },
      "geometry": {
        "type": "Point",
        "coordinates": [
          72.8591891,
          19.0342874
        ]
      },
      "id": "node/7052058100"
    },
    {
      "type": "Feature",
      "properties": {
        "@id": "node/7052181497",
        "addr:district": "Mumbai",
        "addr:full": "90 Feet Road, Ground, 1st, 2nd & 3rd Road, At Masiha Islampura Co-operative Housing Society Ltd., Behind Sion Hospital, Near Dharavi Police Station",
        "addr:postcode": "400017",
        "addr:state": "Maharashtra",
        "amenity": "hospital",
        "healthcare": "hospital",
        "name": "Sai Hospital",
        "source": "OpenGovernmentData"
      },
      "geometry": {
        "type": "Point",
        "coordinates": [
          72.8546199,
          19.0399657
        ]
      },
      "id": "node/7052181497"
    },
    {
      "type": "Feature",
      "properties": {
        "@id": "node/7052185493",
        "addr:district": "Mumbai",
        "addr:full": "1 Milton Tower, 290-291, Linking Road, Khar West",
        "addr:postcode": "400052",
        "addr:state": "Maharashtra",
        "amenity": "hospital",
        "healthcare": "hospital",
        "healthcare:speciality": "pathology",
        "name": "Khar Clinico-Pathology Laboratory",
        "source": "OpenGovernmentData"
      },
      "geometry": {
        "type": "Point",
        "coordinates": [
          72.8344122,
          19.0744458
        ]
      },
      "id": "node/7052185493"
    },
    {
      "type": "Feature",
      "properties": {
        "@id": "node/7052244354",
        "addr:district": "Thane",
        "addr:full": "Sec-3, Plot-22, Near Rajiv Gandhi Bridge, Nerul (E) Navi Mumbai",
        "addr:postcode": "400706",
        "addr:state": "Maharashtra",
        "amenity": "hospital",
        "name": "Harish Hospital and Iccu",
        "source": "OpenGovernmentData"
      },
      "geometry": {
        "type": "Point",
        "coordinates": [
          73.0204596,
          19.0434063
        ]
      },
      "id": "node/7052244354"
    },
    {
      "type": "Feature",
      "properties": {
        "@id": "node/7052294540",
        "addr:district": "Mumbai",
        "addr:full": "101, 102, 103, Ashirwad Hospital, Anurag Bussiness Center, Waman- Tukaram Patil Marg, Chembur",
        "addr:postcode": "400071",
        "addr:state": "Maharashtra",
        "amenity": "hospital",
        "name": "Ashirwad Hospital and Polyclinic",
        "source": "OpenGovernmentData"
      },
      "geometry": {
        "type": "Point",
        "coordinates": [
          72.9092518,
          19.0521558
        ]
      },
      "id": "node/7052294540"
    },
    {
      "type": "Feature",
      "properties": {
        "@id": "node/7052303296",
        "addr:district": "Mumbai",
        "addr:full": "Rizvi Park, S.V.Road, Santacruz(W)",
        "addr:postcode": "400054",
        "addr:state": "Maharashtra",
        "amenity": "hospital",
        "check_date": "2026-03-21",
        "emergency": "yes",
        "healthcare": "hospital",
        "healthcare:speciality": "orthodontics",
        "name": "Aseem Orthopaedic Hospital"
      },
      "geometry": {
        "type": "Point",
        "coordinates": [
          72.8545234,
          19.0799452
        ]
      },
      "id": "node/7052303296"
    },
    {
      "type": "Feature",
      "properties": {
        "@id": "node/7052365607",
        "addr:district": "Mumbai",
        "addr:full": "9,Dr, D.D. Sathe Marg",
        "addr:postcode": "400004",
        "addr:state": "Maharashtra",
        "amenity": "hospital",
        "healthcare": "hospital",
        "healthcare:speciality": "general;gynaecology",
        "name": "Brahman Sabha, Mhaskar Gruh and General Nursing Home",
        "phone": "+91 22 23871999",
        "source": "OpenGovernmentData"
      },
      "geometry": {
        "type": "Point",
        "coordinates": [
          72.8190404,
          18.9568031
        ]
      },
      "id": "node/7052365607"
    },
    {
      "type": "Feature",
      "properties": {
        "@id": "node/7052388277",
        "addr:district": "Mumbai",
        "addr:full": "Dr.E Borges Road, Parel",
        "addr:postcode": "400012",
        "addr:state": "Maharashtra",
        "amenity": "hospital",
        "email": "info@tmcmail.org; tmcit1@vsnl.com",
        "name": "Tata Memorial Hospital",
        "operator:type": "private",
        "source": "OpenGovernmentData",
        "website": "www.tmc.gov.in"
      },
      "geometry": {
        "type": "Point",
        "coordinates": [
          72.8432125,
          19.004984
        ]
      },
      "id": "node/7052388277"
    },
    {
      "type": "Feature",
      "properties": {
        "@id": "node/7052505337",
        "addr:district": "Thane",
        "addr:full": "1st Floor, Priyanka Palace, Sector -10,Sanpada Navi Mumbai",
        "addr:postcode": "400705",
        "addr:state": "Maharashtra",
        "amenity": "hospital",
        "name": "Sanpada General Hopital",
        "source": "OpenGovernmentData"
      },
      "geometry": {
        "type": "Point",
        "coordinates": [
          73.0124558,
          19.0634121
        ]
      },
      "id": "node/7052505337"
    },
    {
      "type": "Feature",
      "properties": {
        "@id": "node/7052525501",
        "addr:district": "Mumbai",
        "addr:full": "J.P House, Sakinaka,Andheri Kurla Road,Andheri East",
        "addr:postcode": "400072",
        "addr:state": "Maharashtra",
        "amenity": "hospital",
        "name": "J.P Hospital, Mumbai",
        "source": "OpenGovernmentData"
      },
      "geometry": {
        "type": "Point",
        "coordinates": [
          72.8853004,
          19.1012531
        ]
      },
      "id": "node/7052525501"
    },
    {
      "type": "Feature",
      "properties": {
        "@id": "node/7052767202",
        "addr:district": "Mumbai",
        "addr:full": "A- Kumar Apartments, Behind St.Joseph School,Vikhroli(W)",
        "addr:postcode": "400079",
        "addr:state": "Maharashtra",
        "amenity": "hospital",
        "name": "Samarth Hospital, Mumbai",
        "source": "OpenGovernmentData"
      },
      "geometry": {
        "type": "Point",
        "coordinates": [
          72.9264937,
          19.1095801
        ]
      },
      "id": "node/7052767202"
    },
    {
      "type": "Feature",
      "properties": {
        "@id": "node/7052811704",
        "addr:district": "Mumbai",
        "addr:full": "302/303, Trimurti Arcade, 3Road Flr, L.B.S. Road, Near Sarvodaya Hospital, Ghatkopar (W)",
        "addr:postcode": "400086",
        "addr:state": "Maharashtra",
        "amenity": "hospital",
        "name": "Navnirman Maternity and Surgical Hospital",
        "source": "OpenGovernmentData"
      },
      "geometry": {
        "type": "Point",
        "coordinates": [
          72.9070786,
          19.0890115
        ]
      },
      "id": "node/7052811704"
    },
    {
      "type": "Feature",
      "properties": {
        "@id": "node/7052813761",
        "addr:district": "Mumbai",
        "addr:full": "15/16, A-Wing, Doctors Corner, Sitladevi Chs,Opp Indian Oil Nagar, D.N.Nagar, Andheri Link Road",
        "addr:postcode": "400058",
        "addr:state": "Maharashtra",
        "amenity": "hospital",
        "healthcare": "hospital",
        "name": "Dr. Vaidya Eye Hospital",
        "source": "OpenGovernmentData"
      },
      "geometry": {
        "type": "Point",
        "coordinates": [
          72.8315811,
          19.1273593
        ]
      },
      "id": "node/7052813761"
    },
    {
      "type": "Feature",
      "properties": {
        "@id": "node/7052946842",
        "addr:district": "Mumbai",
        "addr:full": "Plot No. 2, Sector - 8, Phase Ii, Near Rajiv Gandhi Bridge, Nerul(W)",
        "addr:postcode": "400053",
        "addr:state": "Maharashtra",
        "amenity": "hospital",
        "name": "Manak Healthcare Hospital",
        "source": "OpenGovernmentData"
      },
      "geometry": {
        "type": "Point",
        "coordinates": [
          73.017892,
          19.0432833
        ]
      },
      "id": "node/7052946842"
    },
    {
      "type": "Feature",
      "properties": {
        "@id": "node/7052963441",
        "addr:district": "Mumbai",
        "addr:full": "Manoj Co-Op,Hsg,Society,Shankar Ghanekar Marg.Prabhedevi",
        "addr:postcode": "400025",
        "addr:state": "Maharashtra",
        "amenity": "hospital",
        "healthcare": "hospital",
        "healthcare:speciality": "maternity;pathology",
        "name": "Dr.Palep's Priyank Maternity Nursing Home",
        "source": "OpenGovernmentData"
      },
      "geometry": {
        "type": "Point",
        "coordinates": [
          72.8318681,
          19.0146877
        ]
      },
      "id": "node/7052963441"
    },
    {
      "type": "Feature",
      "properties": {
        "@id": "node/7053014921",
        "addr:district": "Mumbai",
        "addr:full": "A1, Harekrishna Building,First Floor,Near Telephone Exchange,L.B.S. Marg,Ghatkopar(West)",
        "addr:postcode": "400086",
        "addr:state": "Maharashtra",
        "amenity": "hospital",
        "name": "Nulife Hospital, Mumbai",
        "source": "OpenGovernmentData"
      },
      "geometry": {
        "type": "Point",
        "coordinates": [
          72.9051983,
          19.0881022
        ]
      },
      "id": "node/7053014921"
    },
    {
      "type": "Feature",
      "properties": {
        "@id": "node/7053026376",
        "addr:district": "Mumbai",
        "addr:full": "Jivdaya Lane, Dharmodaya B Wing, 1st Floor, Ghatkopar (W)",
        "addr:postcode": "400086",
        "addr:state": "Maharashtra",
        "amenity": "hospital",
        "name": "Jivdaya Hospital",
        "source": "OpenGovernmentData"
      },
      "geometry": {
        "type": "Point",
        "coordinates": [
          72.9053311,
          19.0882556
        ]
      },
      "id": "node/7053026376"
    },
    {
      "type": "Feature",
      "properties": {
        "@id": "node/7053034034",
        "addr:district": "Mumbai",
        "addr:full": "A/101,Chandradaya Bldg,Above Saibaba Temple,R.B. Kadam Marg, Lbs Road,Ghatkopar(W)",
        "addr:postcode": "400086",
        "addr:state": "Maharashtra",
        "amenity": "hospital",
        "name": "Shradha Heart Hospital",
        "source": "OpenGovernmentData"
      },
      "geometry": {
        "type": "Point",
        "coordinates": [
          72.9051822,
          19.0881504
        ]
      },
      "id": "node/7053034034"
    },
    {
      "type": "Feature",
      "properties": {
        "@id": "node/7053189597",
        "addr:district": "Mumbai",
        "addr:full": "Shop No - 1,Dunhill Castle,Opp 9 To 9 Super Market,Hanuman Road,Vileparle (East)",
        "addr:postcode": "400057",
        "addr:state": "Maharashtra",
        "amenity": "hospital",
        "healthcare": "hospital",
        "name": "Dr.Satish G.Desai",
        "source": "OpenGovernmentData"
      },
      "geometry": {
        "type": "Point",
        "coordinates": [
          72.8514978,
          19.1035152
        ]
      },
      "id": "node/7053189597"
    },
    {
      "type": "Feature",
      "properties": {
        "@id": "node/7053245833",
        "addr:district": "Mumbai",
        "addr:full": "Shilpa Appts, 1st Floor, Shankar Ghanekar Marg, Off Gokhle Road (S)",
        "addr:postcode": "400028",
        "addr:state": "Maharashtra",
        "amenity": "hospital",
        "healthcare": "hospital",
        "healthcare:speciality": "general",
        "name": "Dev Nursing Home",
        "source": "OpenGovernmentData"
      },
      "geometry": {
        "type": "Point",
        "coordinates": [
          72.8335994,
          19.0154396
        ]
      },
      "id": "node/7053245833"
    },
    {
      "type": "Feature",
      "properties": {
        "@id": "node/7053265680",
        "addr:district": "Mumbai",
        "addr:full": "15, First Floor, Vincent Court, Near Fire Brigade, Opposite Chitra Cinema, Dr.B.Ambedkar Road, Dadar (East)",
        "addr:postcode": "400014",
        "addr:state": "Maharashtra",
        "amenity": "hospital",
        "email": "info@daycaresurgery.com",
        "name": "Suprabha Surgicare",
        "operator:type": "private",
        "source": "OpenGovernmentData",
        "website": "http://www.daycaresurgery.com/"
      },
      "geometry": {
        "type": "Point",
        "coordinates": [
          72.8451061,
          19.0136391
        ]
      },
      "id": "node/7053265680"
    },
    {
      "type": "Feature",
      "properties": {
        "@id": "node/7053266063",
        "addr:district": "Mumbai",
        "addr:full": "6/206, Shiv Mahal Chs, Sion Main Road",
        "addr:postcode": "400022",
        "addr:state": "Maharashtra",
        "amenity": "hospital",
        "name": "Dr. Deosthaci's Eye Care Centre",
        "source": "OpenGovernmentData"
      },
      "geometry": {
        "type": "Point",
        "coordinates": [
          72.8640935,
          19.0418977
        ]
      },
      "id": "node/7053266063"
    },
    {
      "type": "Feature",
      "properties": {
        "@id": "node/7053273298",
        "addr:city": "mumbai",
        "addr:district": "Mumbai",
        "addr:full": "Shradhanand Road, Ghatkopar (W)",
        "addr:housenumber": "near ghatkopar station",
        "addr:postcode": "400086",
        "addr:state": "Maharashtra",
        "addr:street": "Sanitorium Lane",
        "amenity": "hospital",
        "healthcare:speciality": "dentist;physiotherapy;general",
        "name": "H.J. Doshi Ghatkopar Hindu Sabha Hospital",
        "source": "OpenGovernmentData;osm notes"
      },
      "geometry": {
        "type": "Point",
        "coordinates": [
          72.9062873,
          19.085295
        ]
      },
      "id": "node/7053273298"
    },
    {
      "type": "Feature",
      "properties": {
        "@id": "node/7053277891",
        "addr:district": "Mumbai",
        "addr:full": "1/320, Shridhar Niwas,Sir Bhaichandra Road, Matunga",
        "addr:postcode": "400019",
        "addr:state": "Maharashtra",
        "amenity": "hospital",
        "check_date": "2026-03-20",
        "name": "Dr.Chhatres Maternity and Surgical Nursing Home",
        "source": "OpenGovernmentData"
      },
      "geometry": {
        "type": "Point",
        "coordinates": [
          72.8520517,
          19.0253227
        ]
      },
      "id": "node/7053277891"
    },
    {
      "type": "Feature",
      "properties": {
        "@id": "node/7053355770",
        "addr:district": "Mumbai",
        "addr:full": "Udyam, Ranade Road Shivaji Park",
        "addr:postcode": "400028",
        "addr:state": "Maharashtra",
        "amenity": "hospital",
        "healthcare": "hospital",
        "name": "Well Spring Dr Avinash Phadke Pathlab Clinic",
        "source": "OpenGovernmentData"
      },
      "geometry": {
        "type": "Point",
        "coordinates": [
          72.8380385,
          19.0241779
        ]
      },
      "id": "node/7053355770"
    },
    {
      "type": "Feature",
      "properties": {
        "@id": "node/7053694049",
        "addr:district": "Mumbai",
        "addr:full": "B-105, Isha Shopping Complex, Sector 15, Near Rly Station, Nerul Navi Mumbai",
        "addr:postcode": "400001",
        "addr:state": "Maharashtra",
        "amenity": "hospital",
        "check_date": "2024-10-14",
        "name": "Raj Hospital, Mumbai",
        "source": "OpenGovernmentData"
      },
      "geometry": {
        "type": "Point",
        "coordinates": [
          73.0193428,
          19.0341612
        ]
      },
      "id": "node/7053694049"
    },
    {
      "type": "Feature",
      "properties": {
        "@id": "node/7054152139",
        "addr:district": "Mumbai",
        "addr:full": "No. 199/2952, Group No. 08/B,Opposite Old Tagore Nagar Post Office,Vikhroli East",
        "addr:postcode": "400083",
        "addr:state": "Maharashtra",
        "amenity": "hospital",
        "name": "Yashwant Hospital, Mumbai",
        "source": "OpenGovernmentData"
      },
      "geometry": {
        "type": "Point",
        "coordinates": [
          72.9335748,
          19.1152368
        ]
      },
      "id": "node/7054152139"
    },
    {
      "type": "Feature",
      "properties": {
        "@id": "node/7054423656",
        "addr:district": "Mumbai",
        "addr:full": "Between Cross Roads Shopping Centre And Tardeo A/C Market, 50, Tardeo Road",
        "addr:postcode": "400034",
        "addr:state": "Maharashtra",
        "amenity": "hospital",
        "name": "Shetty Nursing Home (Shetty Health Services Pvt. Ltd.)",
        "source": "OpenGovernmentData"
      },
      "geometry": {
        "type": "Point",
        "coordinates": [
          72.8128391,
          18.9747946
        ]
      },
      "id": "node/7054423656"
    },
    {
      "type": "Feature",
      "properties": {
        "@id": "node/7054447906",
        "addr:city": "Mumbai",
        "addr:district": "Mumbai",
        "addr:full": "58,Mohammedali Road",
        "addr:postcode": "400003",
        "addr:state": "Maharashtra",
        "addr:street": "Muhammad Ali Road",
        "amenity": "hospital",
        "healthcare": "hospital",
        "healthcare:speciality": "gynaecology",
        "name": "Dholkawalla Maternity Home",
        "source": "OpenGovernmentData"
      },
      "geometry": {
        "type": "Point",
        "coordinates": [
          72.8337845,
          18.9527132
        ]
      },
      "id": "node/7054447906"
    },
    {
      "type": "Feature",
      "properties": {
        "@id": "node/7054456795",
        "addr:district": "Mumbai",
        "addr:full": "Alka Building Opp M A High School S V Road Andheri W",
        "addr:postcode": "400058",
        "addr:state": "Maharashtra",
        "amenity": "hospital",
        "healthcare": "hospital",
        "name": "Vibha Maternity and Surgical Nursing Home",
        "source": "OpenGovernmentData"
      },
      "geometry": {
        "type": "Point",
        "coordinates": [
          72.8443725,
          19.1169678
        ]
      },
      "id": "node/7054456795"
    },
    {
      "type": "Feature",
      "properties": {
        "@id": "node/7054526793",
        "addr:district": "Mumbai",
        "addr:full": "1st Fl., Shayog Society, L.J. Road, Next To City Light Cinema, Mahim",
        "addr:postcode": "400016",
        "addr:state": "Maharashtra",
        "amenity": "hospital",
        "healthcare": "hospital",
        "name": "Surlata Hospital",
        "source": "OpenGovernmentData"
      },
      "geometry": {
        "type": "Point",
        "coordinates": [
          72.8416521,
          19.0307218
        ]
      },
      "id": "node/7054526793"
    },
    {
      "type": "Feature",
      "properties": {
        "@id": "node/7054682098",
        "addr:district": "Mumbai",
        "addr:full": "Opp,Lake.S.V Road,Bandra(West)",
        "addr:postcode": "400050",
        "addr:state": "Maharashtra",
        "amenity": "hospital",
        "healthcare": "hospital",
        "name": "Mahatma Gandhi Seva Mandir",
        "source": "OpenGovernmentData"
      },
      "geometry": {
        "type": "Point",
        "coordinates": [
          72.8368556,
          19.055927
        ]
      },
      "id": "node/7054682098"
    },
    {
      "type": "Feature",
      "properties": {
        "@id": "node/7054725462",
        "addr:district": "Mumbai",
        "addr:full": "F/2, 3, Ajit Nagar, J.B.Nagar, Andheri East",
        "addr:postcode": "400059",
        "addr:state": "Maharashtra",
        "amenity": "hospital",
        "healthcare": "hospital",
        "name": "Ameya Surgical and General Nursing Home",
        "source": "OpenGovernmentData"
      },
      "geometry": {
        "type": "Point",
        "coordinates": [
          72.8673752,
          19.1070774
        ]
      },
      "id": "node/7054725462"
    },
    {
      "type": "Feature",
      "properties": {
        "@id": "node/7054746894",
        "addr:district": "Mumbai",
        "addr:full": "Karlton Apts, Vakola Village Road, Vakola Santacruz (E)",
        "addr:postcode": "400055",
        "addr:state": "Maharashtra",
        "amenity": "hospital",
        "check_date": "2026-03-21",
        "healthcare": "hospital",
        "name": "Dr. Raut's Maternity and Surgical Nursing Home",
        "source": "OpenGovernmentData"
      },
      "geometry": {
        "type": "Point",
        "coordinates": [
          72.8562031,
          19.0804497
        ]
      },
      "id": "node/7054746894"
    },
    {
      "type": "Feature",
      "properties": {
        "@id": "node/7054759108",
        "addr:district": "Mumbai",
        "addr:full": "Near Diamond Garden, Sion-Trombay Road, Near Fairlawn So., Chembur",
        "addr:postcode": "400071",
        "addr:state": "Maharashtra",
        "amenity": "hospital",
        "name": "Oma Hospital",
        "source": "OpenGovernmentData"
      },
      "geometry": {
        "type": "Point",
        "coordinates": [
          72.9018161,
          19.0512684
        ]
      },
      "id": "node/7054759108"
    },
    {
      "type": "Feature",
      "properties": {
        "@id": "node/7054852418",
        "addr:district": "Mumbai",
        "addr:full": "# 102, Maryland Corner, Plot No.39, Next To Hp Petrol Pump,Sion(E)",
        "addr:postcode": "400022",
        "addr:state": "Maharashtra",
        "amenity": "hospital",
        "name": "Krishna Eye Centre",
        "source": "OpenGovernmentData"
      },
      "geometry": {
        "type": "Point",
        "coordinates": [
          72.8651664,
          19.0444281
        ]
      },
      "id": "node/7054852418"
    },
    {
      "type": "Feature",
      "properties": {
        "@id": "node/7054887652",
        "addr:district": "Raigarh",
        "addr:full": "At Post Jasai, Near Dastan Phata, Uran",
        "addr:postcode": "400702",
        "addr:state": "Maharashtra",
        "amenity": "hospital",
        "name": "Jijamata Hospital, Raigarh",
        "source": "OpenGovernmentData"
      },
      "geometry": {
        "type": "Point",
        "coordinates": [
          73.0201028,
          18.9272475
        ]
      },
      "id": "node/7054887652"
    },
    {
      "type": "Feature",
      "properties": {
        "@id": "node/7055034735",
        "addr:district": "Thane",
        "addr:full": "Plot No.21 , Sector 6, Ghansoli, Navi Mumbai",
        "addr:postcode": "400701",
        "addr:state": "Maharashtra",
        "amenity": "hospital",
        "name": "Divine Multispecialty Hospital and Research Centre",
        "source": "OpenGovernmentData"
      },
      "geometry": {
        "type": "Point",
        "coordinates": [
          73.0028686,
          19.1206928
        ]
      },
      "id": "node/7055034735"
    },
    {
      "type": "Feature",
      "properties": {
        "@id": "node/7055036505",
        "addr:district": "Mumbai",
        "addr:full": "003, Yashodhan Building II, JP Road, Four Bungalows, Andheri West",
        "addr:postcode": "400053",
        "addr:state": "Maharashtra",
        "amenity": "hospital",
        "check_date": "2025-10-18",
        "healthcare": "hospital",
        "name": "Sehgal Path Lab",
        "source": "OpenGovernmentData",
        "website": "https://sehgalpathlab.com/"
      },
      "geometry": {
        "type": "Point",
        "coordinates": [
          72.825176,
          19.1291496
        ]
      },
      "id": "node/7055036505"
    },
    {
      "type": "Feature",
      "properties": {
        "@id": "node/7055036574",
        "addr:district": "Mumbai",
        "addr:full": "18th Road, Near Ambedkar Garden, Chembur",
        "addr:postcode": "400071",
        "addr:state": "Maharashtra",
        "amenity": "hospital",
        "email": "info@rushabheyehospital.com",
        "name": "Rushabh Eye Hospital and Laser Centre",
        "operator:type": "private",
        "source": "OpenGovernmentData",
        "website": "https://rushabheyehospital.com/"
      },
      "geometry": {
        "type": "Point",
        "coordinates": [
          72.9000807,
          19.0594446
        ]
      },
      "id": "node/7055036574"
    },
    {
      "type": "Feature",
      "properties": {
        "@id": "node/7055082976",
        "addr:district": "Thane",
        "addr:full": "A-01, Mahavir Dham Plot No 112, Sector 12, Vashi, Navi Mumbai",
        "addr:postcode": "400703",
        "addr:state": "Maharashtra",
        "amenity": "hospital",
        "name": "Ashirwad Hospital Maternity Surgical and General",
        "source": "OpenGovernmentData"
      },
      "geometry": {
        "type": "Point",
        "coordinates": [
          73.0047123,
          19.0897992
        ]
      },
      "id": "node/7055082976"
    },
    {
      "type": "Feature",
      "properties": {
        "@id": "node/7055110020",
        "addr:district": "Thane",
        "addr:full": "Amar House, 1st Floor,Plot No.98, Sector - 7, Kopar Khairne Main Road",
        "addr:postcode": "400601",
        "addr:state": "Maharashtra",
        "amenity": "hospital",
        "name": "Aakashdeep Hospital and I.C.U",
        "source": "OpenGovernmentData"
      },
      "geometry": {
        "type": "Point",
        "coordinates": [
          73.0046265,
          19.1013786
        ]
      },
      "id": "node/7055110020"
    },
    {
      "type": "Feature",
      "properties": {
        "@id": "node/7055144633",
        "addr:district": "Mumbai",
        "addr:full": "B-9/G-2 & 3, Ground Floor, Khira Nagar, S V Road, Santacruz West",
        "addr:postcode": "400054",
        "addr:state": "Maharashtra",
        "amenity": "hospital",
        "healthcare": "hospital",
        "name": "Malhaar Maternity and Nursing Home",
        "source": "OpenGovernmentData"
      },
      "geometry": {
        "type": "Point",
        "coordinates": [
          72.8363293,
          19.0880933
        ]
      },
      "id": "node/7055144633"
    },
    {
      "type": "Feature",
      "properties": {
        "@id": "node/7055153115",
        "addr:district": "Mumbai",
        "addr:full": "B103-104, Lal Bahadur Chs, Opposite Sarvodaya Hospital, L B S Road Ghatkopar",
        "addr:postcode": "400086",
        "addr:state": "Maharashtra",
        "amenity": "hospital",
        "name": "Medico Surgical Clinic and Hospital",
        "source": "OpenGovernmentData"
      },
      "geometry": {
        "type": "Point",
        "coordinates": [
          72.9069599,
          19.088305
        ]
      },
      "id": "node/7055153115"
    },
    {
      "type": "Feature",
      "properties": {
        "@id": "node/7055262419",
        "addr:district": "Mumbai",
        "addr:full": "103, Jai Ganesh Co-Op Soc, Plot No 206, Opp Sion Hosp-Sion East",
        "addr:postcode": "400022",
        "addr:state": "Maharashtra",
        "amenity": "hospital",
        "name": "Dr Savlas Child Care Centre",
        "source": "OpenGovernmentData"
      },
      "geometry": {
        "type": "Point",
        "coordinates": [
          72.8511733,
          19.0399822
        ]
      },
      "id": "node/7055262419"
    },
    {
      "type": "Feature",
      "properties": {
        "@id": "node/7055276698",
        "addr:district": "Mumbai",
        "addr:full": "Viral Apartments, I Floor, Shoppers Shop,S.V.Road, Andheri (W)",
        "addr:postcode": "400058",
        "addr:state": "Maharashtra",
        "amenity": "hospital",
        "name": "Doctor Eye Hospital",
        "source": "OpenGovernmentData"
      },
      "geometry": {
        "type": "Point",
        "coordinates": [
          72.8432044,
          19.1148073
        ]
      },
      "id": "node/7055276698"
    },
    {
      "type": "Feature",
      "properties": {
        "@id": "node/7055279023",
        "addr:district": "Mumbai",
        "addr:full": "4Th Floor, (Tower Block), Jasubhai R K Shah Medical Centre 292,Comrade Harbansial Marg, Sion East",
        "addr:postcode": "400022",
        "addr:state": "Maharashtra",
        "amenity": "hospital",
        "name": "Shanmukhananda Aditya Jyot Eye Institute",
        "source": "OpenGovernmentData"
      },
      "geometry": {
        "type": "Point",
        "coordinates": [
          72.8600594,
          19.0308961
        ]
      },
      "id": "node/7055279023"
    },
    {
      "type": "Feature",
      "properties": {
        "@id": "node/7055419121",
        "addr:district": "Mumbai",
        "addr:full": "Ambika Darshan, M. G. Road, Ghatkopar (E), Ghatkopar (E)",
        "addr:postcode": "400077",
        "addr:state": "Maharashtra",
        "amenity": "hospital",
        "name": "Ashwini Maternity and Surgical Hospital,Ghatkopar(E)",
        "source": "OpenGovernmentData"
      },
      "geometry": {
        "type": "Point",
        "coordinates": [
          72.9043441,
          19.0800884
        ]
      },
      "id": "node/7055419121"
    },
    {
      "type": "Feature",
      "properties": {
        "@id": "node/7055428168",
        "addr:district": "Mumbai",
        "addr:full": "Mahaprabhu Krupa, 1st Floor, Room No.5, Near Alankar Cinema, Girgaum -Charni Road",
        "addr:postcode": "400004",
        "addr:state": "Maharashtra",
        "amenity": "hospital",
        "name": "Yogeshwar Surgical Clinic and Nursing Home - Mumbai",
        "source": "OpenGovernmentData"
      },
      "geometry": {
        "type": "Point",
        "coordinates": [
          72.8248367,
          18.957344
        ]
      },
      "id": "node/7055428168"
    },
    {
      "type": "Feature",
      "properties": {
        "@id": "node/7055441837",
        "addr:district": "Mumbai",
        "addr:full": "Naseeb Plot No.115,1st Floor, S.V.Road, Khar (West)",
        "addr:postcode": "400052",
        "addr:state": "Maharashtra",
        "amenity": "hospital",
        "healthcare": "hospital",
        "name": "G.M.Medical Centre - Khar",
        "source": "OpenGovernmentData"
      },
      "geometry": {
        "type": "Point",
        "coordinates": [
          72.8370246,
          19.07045
        ]
      },
      "id": "node/7055441837"
    },
    {
      "type": "Feature",
      "properties": {
        "@id": "node/7055460057",
        "addr:district": "Mumbai",
        "addr:full": "Shyamkripa Bldg,Ground Floor 15Th Road, Khar (W)",
        "addr:postcode": "400052",
        "addr:state": "Maharashtra",
        "amenity": "hospital",
        "healthcare": "hospital",
        "name": "Tulip Womens Healthcare Centre - Khar (W)",
        "source": "OpenGovernmentData"
      },
      "geometry": {
        "type": "Point",
        "coordinates": [
          72.8319771,
          19.0660316
        ]
      },
      "id": "node/7055460057"
    },
    {
      "type": "Feature",
      "properties": {
        "@id": "node/7055590161",
        "addr:district": "Mumbai",
        "addr:full": "1st Floor , Diamond Palace , 15 - A , Hill Road , Opposite Bandra , Police Station , Bandra (West )",
        "addr:postcode": "400050",
        "addr:state": "Maharashtra",
        "amenity": "hospital",
        "healthcare": "hospital",
        "name": "Parekh Eye Hospital",
        "source": "OpenGovernmentData"
      },
      "geometry": {
        "type": "Point",
        "coordinates": [
          72.8356392,
          19.0554536
        ]
      },
      "id": "node/7055590161"
    },
    {
      "type": "Feature",
      "properties": {
        "@id": "node/7055759633",
        "addr:district": "Mumbai",
        "addr:full": "Mumbai",
        "addr:postcode": "400008",
        "addr:state": "Maharashtra",
        "amenity": "hospital",
        "check_date": "2026-03-20",
        "healthcare": "hospital",
        "name": "Ipc Heart Care",
        "source": "OpenGovernmentData"
      },
      "geometry": {
        "type": "Point",
        "coordinates": [
          72.8243351,
          18.9925482
        ]
      },
      "id": "node/7055759633"
    },
    {
      "type": "Feature",
      "properties": {
        "@id": "node/7059172378",
        "addr:district": "Mumbai",
        "addr:full": "301, Sapphire Arcade, Above Sejal Jewellery, M.G. Road, Near Rajawadi Signal, Ghatkopar(E)",
        "addr:postcode": "400077",
        "addr:state": "Maharashtra",
        "amenity": "hospital",
        "name": "Jain Eye Clinic",
        "source": "OpenGovernmentData"
      },
      "geometry": {
        "type": "Point",
        "coordinates": [
          72.9043186,
          19.0796436
        ]
      },
      "id": "node/7059172378"
    },
    {
      "type": "Feature",
      "properties": {
        "@id": "node/7059192085",
        "addr:district": "Mumbai",
        "addr:full": "48 Swastic Park Chembur",
        "addr:postcode": "400071",
        "addr:state": "Maharashtra",
        "amenity": "hospital",
        "name": "Mandakini Nuclear Imaging Centre",
        "source": "OpenGovernmentData"
      },
      "geometry": {
        "type": "Point",
        "coordinates": [
          72.90572,
          19.0741124
        ]
      },
      "id": "node/7059192085"
    },
    {
      "type": "Feature",
      "properties": {
        "@id": "node/7059192086",
        "addr:district": "Mumbai",
        "addr:full": "Imamwada Road, Opposite Mughal Masjid",
        "addr:postcode": "400009",
        "addr:state": "Maharashtra",
        "amenity": "hospital",
        "emergency": "yes",
        "healthcare": "hospital",
        "healthcare:speciality": "gynaecology;general",
        "name": "M.H. Saboo Siddique Maternity and General Hospital - Masjid",
        "source": "OpenGovernmentData"
      },
      "geometry": {
        "type": "Point",
        "coordinates": [
          72.8331207,
          18.9595979
        ]
      },
      "id": "node/7059192086"
    },
    {
      "type": "Feature",
      "properties": {
        "@id": "node/7059215459",
        "addr:district": "Thane",
        "addr:full": "Plot No 8-1, Sector 8, Near M G M School & L Market Nerul",
        "addr:postcode": "400706",
        "addr:state": "Maharashtra",
        "amenity": "hospital",
        "name": "Chaitanya Child Care Centre",
        "source": "OpenGovernmentData"
      },
      "geometry": {
        "type": "Point",
        "coordinates": [
          73.0169338,
          19.0420029
        ]
      },
      "id": "node/7059215459"
    },
    {
      "type": "Feature",
      "properties": {
        "@id": "node/7062228611",
        "addr:district": "Mumbai",
        "addr:full": "Mumbai",
        "addr:postcode": "400052",
        "addr:state": "Maharashtra",
        "amenity": "hospital",
        "name": "I Sight Eyecare and Surgery",
        "source": "OpenGovernmentData"
      },
      "geometry": {
        "type": "Point",
        "coordinates": [
          72.8377193,
          19.0713778
        ]
      },
      "id": "node/7062228611"
    },
    {
      "type": "Feature",
      "properties": {
        "@id": "node/7062539947",
        "addr:district": "Mumbai",
        "addr:full": "2/252/3369, Tagore Nagar, Vikhroli",
        "addr:postcode": "400089",
        "addr:state": "Maharashtra",
        "amenity": "hospital",
        "name": "Priya Maternity Home",
        "source": "OpenGovernmentData"
      },
      "geometry": {
        "type": "Point",
        "coordinates": [
          72.9306163,
          19.1161551
        ]
      },
      "id": "node/7062539947"
    },
    {
      "type": "Feature",
      "properties": {
        "@id": "node/7062712062",
        "addr:district": "Mumbai",
        "addr:full": "261 Sumat Bhavan, Malvia Road, Above Jain Sthanak, Vile Parle East",
        "addr:postcode": "400057",
        "addr:state": "Maharashtra",
        "amenity": "hospital",
        "healthcare": "hospital",
        "name": "Smt. Laxmiben Dharamsi Karsan Gala Eye Hospital",
        "source": "OpenGovernmentData"
      },
      "geometry": {
        "type": "Point",
        "coordinates": [
          72.8493437,
          19.099527
        ]
      },
      "id": "node/7062712062"
    },
    {
      "type": "Feature",
      "properties": {
        "@id": "node/7063077062",
        "addr:district": "Mumbai",
        "addr:full": "A-Nirman Vihar, Rajmata Jijabai Road, Near Pump House, Andheri (E)",
        "addr:postcode": "400093",
        "addr:state": "Maharashtra",
        "amenity": "hospital",
        "name": "Sunita Hospital, Mumbai",
        "source": "OpenGovernmentData"
      },
      "geometry": {
        "type": "Point",
        "coordinates": [
          72.8601158,
          19.1292206
        ]
      },
      "id": "node/7063077062"
    },
    {
      "type": "Feature",
      "properties": {
        "@id": "node/7063077063",
        "addr:district": "Mumbai",
        "addr:full": "Above Prabhat Bazar, 26, Kapad Bazar, Mahim",
        "addr:postcode": "400016",
        "addr:state": "Maharashtra",
        "amenity": "hospital",
        "healthcare": "hospital",
        "name": "Dr Haresh Shah Prabhat Maternity and Surgical Nursing Home",
        "source": "OpenGovernmentData"
      },
      "geometry": {
        "type": "Point",
        "coordinates": [
          72.8397457,
          19.0373922
        ]
      },
      "id": "node/7063077063"
    },
    {
      "type": "Feature",
      "properties": {
        "@id": "node/7063077077",
        "addr:district": "Mumbai",
        "addr:full": "Amrut Kunj Anjaria Wadi , Near Rly Stn M G Road Ghatkopar East",
        "addr:postcode": "400001",
        "addr:state": "Maharashtra",
        "amenity": "hospital",
        "name": "Doshi Nursing Home",
        "opening_hours": "Mo-Su 09:00-21:00",
        "source": "OpenGovernmentData"
      },
      "geometry": {
        "type": "Point",
        "coordinates": [
          72.9047189,
          19.0831721
        ]
      },
      "id": "node/7063077077"
    },
    {
      "type": "Feature",
      "properties": {
        "@id": "node/7063805560",
        "addr:district": "Mumbai",
        "addr:full": "139/2447, Group Vii, Tagore Nagar, Vikhroli (E)",
        "addr:postcode": "400083",
        "addr:state": "Maharashtra",
        "amenity": "hospital",
        "name": "Atul - Lok Hospital",
        "source": "OpenGovernmentData"
      },
      "geometry": {
        "type": "Point",
        "coordinates": [
          72.9344156,
          19.1190712
        ]
      },
      "id": "node/7063805560"
    },
    {
      "type": "Feature",
      "properties": {
        "@id": "node/7063808889",
        "addr:district": "Mumbai",
        "addr:full": "Matunga",
        "addr:postcode": "400019",
        "addr:state": "Maharashtra",
        "amenity": "hospital",
        "check_date": "2026-03-20",
        "name": "Lions Club Of East Bombay",
        "source": "OpenGovernmentData"
      },
      "geometry": {
        "type": "Point",
        "coordinates": [
          72.8535792,
          19.0254153
        ]
      },
      "id": "node/7063808889"
    },
    {
      "type": "Feature",
      "properties": {
        "@id": "node/7064346355",
        "addr:district": "Thane",
        "addr:full": "Archana Jyoti, 1st Floor, Plot No. 18, Sector 17 Dbc, Vashi, , Navi Mumbai",
        "addr:postcode": "400705",
        "addr:state": "Maharashtra",
        "amenity": "hospital",
        "healthcare": "hospital",
        "name": "Navjeevan Hospital",
        "source": "OpenGovernmentData"
      },
      "geometry": {
        "type": "Point",
        "coordinates": [
          72.998676,
          19.0705622
        ]
      },
      "id": "node/7064346355"
    },
    {
      "type": "Feature",
      "properties": {
        "@id": "node/7064364272",
        "addr:district": "Mumbai",
        "addr:full": "Pupala Sadan",
        "addr:postcode": "400030",
        "addr:state": "Maharashtra",
        "amenity": "hospital",
        "name": "Worli Hospital For Women",
        "source": "OpenGovernmentData"
      },
      "geometry": {
        "type": "Point",
        "coordinates": [
          72.8225863,
          19.0128124
        ]
      },
      "id": "node/7064364272"
    },
    {
      "type": "Feature",
      "properties": {
        "@id": "node/7064400808",
        "addr:district": "Thane",
        "addr:full": "102/A, Anand Sagar, Abhyudaya Bank Marg, Sector-17, Vashi, Navi Mumbai",
        "addr:postcode": "400705",
        "addr:state": "Maharashtra",
        "amenity": "hospital",
        "check_date": "2026-05-23",
        "healthcare": "hospital",
        "healthcare:speciality": "maternity",
        "name": "Dr. Tilwe Maternity and Nursing Home",
        "source": "OpenGovernmentData"
      },
      "geometry": {
        "type": "Point",
        "coordinates": [
          72.9999232,
          19.0719742
        ]
      },
      "id": "node/7064400808"
    },
    {
      "type": "Feature",
      "properties": {
        "@id": "node/7064405838",
        "addr:district": "Mumbai",
        "addr:full": "No. 81, Swami Vivekanand Road, Above State Bank Of India, Khar West",
        "addr:postcode": "400052",
        "addr:state": "Maharashtra",
        "amenity": "hospital",
        "name": "Dr Gupte Lying-In Surgical Hospital",
        "source": "OpenGovernmentData"
      },
      "geometry": {
        "type": "Point",
        "coordinates": [
          72.837659,
          19.0716269
        ]
      },
      "id": "node/7064405838"
    },
    {
      "type": "Feature",
      "properties": {
        "@id": "node/7064716703",
        "addr:district": "Mumbai",
        "addr:full": "182 Shere Punjab Colony Mahakali Caves Road Andheri (East)",
        "addr:postcode": "400069",
        "addr:state": "Maharashtra",
        "amenity": "hospital",
        "name": "Shakuntala Memorial Surgical Childerns and General Hospital",
        "source": "OpenGovernmentData"
      },
      "geometry": {
        "type": "Point",
        "coordinates": [
          72.8625767,
          19.1277787
        ]
      },
      "id": "node/7064716703"
    },
    {
      "type": "Feature",
      "properties": {
        "@id": "node/7064867159",
        "addr:district": "Mumbai",
        "addr:full": "58-60 Jehangir Merwanji Street Parel",
        "addr:postcode": "400012",
        "addr:state": "Maharashtra",
        "amenity": "hospital",
        "name": "K B Haji Bachooali Charitable Ophthalmic and E N T H",
        "source": "OpenGovernmentData"
      },
      "geometry": {
        "type": "Point",
        "coordinates": [
          72.8402299,
          19.0030769
        ]
      },
      "id": "node/7064867159"
    },
    {
      "type": "Feature",
      "properties": {
        "@id": "node/7065561525",
        "addr:city": "chembur",
        "addr:district": "Mumbai",
        "addr:full": "No:4, Pestom Sugar Road Opp: Pestom Pollice Station",
        "addr:housenumber": "pestam sagar",
        "addr:postcode": "400089",
        "addr:state": "Maharashtra",
        "addr:street": "Road No. 4 near shopper stop",
        "amenity": "hospital",
        "contact:facebook": "dcshospiyal",
        "description": "At Sanjeevani Hospital we are proud to offer world class service in:\nBullet  Maternity Care and Delive\nBullet  Gynecology\nBullet  Advanced Surgery\nBullet  Advanced Orthopedics\nBullet  Endoscopy\nBullet  Trauma Care\nBullet  X-Ra\nBullet  Sonography",
        "email": "dcshospital@gmail.com",
        "emergency": "yes",
        "healthcare": "hospital",
        "healthcare:speciality": "ayurveda",
        "image": "https://images.app.goo.gl/V73R7yn4mNvnax9b7",
        "name": "Dr Chauhans Sanjeevani Hospital",
        "operator": "dr. vikram chauhan",
        "operator:type": "public",
        "source": "OpenGovernmentData"
      },
      "geometry": {
        "type": "Point",
        "coordinates": [
          72.9047685,
          19.0699633
        ]
      },
      "id": "node/7065561525"
    },
    {
      "type": "Feature",
      "properties": {
        "@id": "node/7065572990",
        "addr:district": "Mumbai",
        "addr:full": "Andheri",
        "addr:postcode": "400053",
        "addr:state": "Maharashtra",
        "amenity": "hospital",
        "name": "Dr. Joshi Surgical and Maternity Hospital",
        "source": "OpenGovernmentData"
      },
      "geometry": {
        "type": "Point",
        "coordinates": [
          72.8425607,
          19.1126049
        ]
      },
      "id": "node/7065572990"
    },
    {
      "type": "Feature",
      "properties": {
        "@id": "node/7065817369",
        "addr:district": "Mumbai",
        "addr:full": "27-D, Navnit Nagar, Gandhi Mkt. Bldg, M.G.Road, Ghatkopar (E)",
        "addr:postcode": "400077",
        "addr:state": "Maharashtra",
        "amenity": "hospital",
        "name": "Ami Drashti Eye Care Centre",
        "source": "OpenGovernmentData"
      },
      "geometry": {
        "type": "Point",
        "coordinates": [
          72.9039069,
          19.0806727
        ]
      },
      "id": "node/7065817369"
    },
    {
      "type": "Feature",
      "properties": {
        "@id": "node/7065817370",
        "addr:district": "Thane",
        "addr:full": "Plot No.12, Sec-14, Opposite D-Mart Circle, Koparkhairane, Navi Mumbai",
        "addr:postcode": "400709",
        "addr:state": "Maharashtra",
        "amenity": "hospital",
        "name": "Satyam Multispeciality Hospital and Trauma Centre",
        "source": "OpenGovernmentData"
      },
      "geometry": {
        "type": "Point",
        "coordinates": [
          73.0046439,
          19.0990443
        ]
      },
      "id": "node/7065817370"
    },
    {
      "type": "Feature",
      "properties": {
        "@id": "node/7066371677",
        "addr:district": "Mumbai",
        "addr:full": "96/97, Jerbai Wadia Road, Near Tata Hospital, Opp Vicco House, Bhoiwada, Parel",
        "addr:postcode": "400012",
        "addr:state": "Maharashtra",
        "amenity": "hospital",
        "name": "Parel Institute Of Orthopaedic Specialities",
        "source": "OpenGovernmentData"
      },
      "geometry": {
        "type": "Point",
        "coordinates": [
          72.8449465,
          19.0056262
        ]
      },
      "id": "node/7066371677"
    },
    {
      "type": "Feature",
      "properties": {
        "@id": "node/7066374601",
        "addr:district": "Mumbai",
        "addr:full": "Shop No.7, Waman Appartments, Behind Maitri Park St.Bus Stand, Ghatla Road, Chembur",
        "addr:postcode": "400071",
        "addr:state": "Maharashtra",
        "amenity": "hospital",
        "name": "Narurkar Ent Hospital",
        "source": "OpenGovernmentData"
      },
      "geometry": {
        "type": "Point",
        "coordinates": [
          72.9063436,
          19.0494367
        ]
      },
      "id": "node/7066374601"
    },
    {
      "type": "Feature",
      "properties": {
        "@id": "node/7066374709",
        "addr:district": "Mumbai",
        "addr:full": "13, Hill Road, Bandra (W)",
        "addr:postcode": "400050",
        "addr:state": "Maharashtra",
        "amenity": "hospital",
        "name": "Sushama Patkar Maternity ( and Surgical) Home - Bandra",
        "source": "OpenGovernmentData"
      },
      "geometry": {
        "type": "Point",
        "coordinates": [
          72.8246194,
          19.053611
        ]
      },
      "id": "node/7066374709"
    },
    {
      "type": "Feature",
      "properties": {
        "@id": "node/7066505685",
        "addr:district": "Mumbai",
        "addr:full": "1 , 2 , 3 Gautam Building , Opposite Balaji Temple , Tilak Road , Ghatkopar ( East )",
        "addr:postcode": "400077",
        "addr:state": "Maharashtra",
        "amenity": "hospital",
        "name": "Dr. Trivedi's Maternity Nursing Home & Aakar IVF Test Tube Baby Centre",
        "source": "OpenGovernmentData"
      },
      "geometry": {
        "type": "Point",
        "coordinates": [
          72.9058555,
          19.0782709
        ]
      },
      "id": "node/7066505685"
    },
    {
      "type": "Feature",
      "properties": {
        "@id": "node/7066505690",
        "addr:district": "Mumbai",
        "addr:full": "104, Ramgiri Heights, Mtnl Marg, Dadari (W)",
        "addr:postcode": "400028",
        "addr:state": "Maharashtra",
        "amenity": "hospital",
        "healthcare": "hospital",
        "name": "Ashtavinayak Maternity Surgical and Eye Hospital",
        "source": "OpenGovernmentData"
      },
      "geometry": {
        "type": "Point",
        "coordinates": [
          72.8339642,
          19.0202665
        ]
      },
      "id": "node/7066505690"
    },
    {
      "type": "Feature",
      "properties": {
        "@id": "node/7066505700",
        "addr:district": "Mumbai",
        "addr:full": "Apex centre, 5 Babulnath Road, OppositeBabulnath Temple, Grant Road",
        "addr:postcode": "400007",
        "addr:state": "Maharashtra",
        "amenity": "hospital",
        "email": "Contact@EyeCareForAll.in",
        "name": "Bombay City Eye Institute and Research Centre",
        "operator:type": "private",
        "source": "OpenGovernmentData",
        "website": "http://www.eyecareforall.in/eyecareforall/index.html"
      },
      "geometry": {
        "type": "Point",
        "coordinates": [
          72.8095293,
          18.9580372
        ]
      },
      "id": "node/7066505700"
    },
    {
      "type": "Feature",
      "properties": {
        "@id": "node/7066505743",
        "addr:district": "Mumbai",
        "addr:full": "Savitri Sadan, 168-A, Dr. Ambedkar Road",
        "addr:postcode": "400014",
        "addr:state": "Maharashtra",
        "amenity": "hospital",
        "name": "Asmi Arthroscopy and Sports Medicine Institute",
        "source": "OpenGovernmentData"
      },
      "geometry": {
        "type": "Point",
        "coordinates": [
          72.8485903,
          19.0051336
        ]
      },
      "id": "node/7066505743"
    },
    {
      "type": "Feature",
      "properties": {
        "@id": "node/7066505804",
        "addr:district": "Mumbai",
        "addr:full": "266 , Patel Bldg Opposite Central Cinema Girgaum",
        "addr:postcode": "400004",
        "addr:state": "Maharashtra",
        "amenity": "hospital",
        "healthcare": "hospital",
        "name": "Beramjis Hospital",
        "source": "OpenGovernmentData"
      },
      "geometry": {
        "type": "Point",
        "coordinates": [
          72.8182693,
          18.9547128
        ]
      },
      "id": "node/7066505804"
    },
    {
      "type": "Feature",
      "properties": {
        "@id": "node/7066505805",
        "addr:district": "Mumbai",
        "addr:full": "Shiva Plaza, Lbs Road, Opp Ghatkopar Tel Exchange, Ghatkopar (W)",
        "addr:postcode": "400086",
        "addr:state": "Maharashtra",
        "amenity": "hospital",
        "name": "Dr Sonagra Medical and Surgical Centre",
        "source": "OpenGovernmentData"
      },
      "geometry": {
        "type": "Point",
        "coordinates": [
          72.9045278,
          19.0875674
        ]
      },
      "id": "node/7066505805"
    },
    {
      "type": "Feature",
      "properties": {
        "@id": "node/7066695543",
        "addr:district": "Mumbai",
        "addr:full": "Shilpa Apartment Dasturwadi Dadar E Mumbai",
        "addr:postcode": "400014",
        "addr:state": "Maharashtra",
        "amenity": "hospital",
        "check_date": "2026-03-20",
        "healthcare": "hospital",
        "name": "G S B S Medical Trust",
        "source": "OpenGovernmentData"
      },
      "geometry": {
        "type": "Point",
        "coordinates": [
          72.8451866,
          19.015612
        ]
      },
      "id": "node/7066695543"
    },
    {
      "type": "Feature",
      "properties": {
        "@id": "node/7066865609",
        "addr:district": "Mumbai",
        "addr:full": "Rajdeep, 143, Lt. Dilip Gupte Road, Mahim",
        "addr:postcode": "400016",
        "addr:state": "Maharashtra",
        "amenity": "hospital",
        "healthcare": "hospital",
        "name": "Gupte Maternity and Surgical Home",
        "source": "OpenGovernmentData"
      },
      "geometry": {
        "type": "Point",
        "coordinates": [
          72.8401695,
          19.0346836
        ]
      },
      "id": "node/7066865609"
    },
    {
      "type": "Feature",
      "properties": {
        "@id": "node/7067050974",
        "addr:city": "mumbai",
        "addr:district": "Mumbai",
        "addr:full": "Opposite Ghatkopar Railway Station, Ghatkopar West",
        "addr:postcode": "400086",
        "addr:state": "Maharashtra",
        "addr:street": "Shraddhanand Road",
        "amenity": "hospital",
        "name": "Jeevan ram Hospital",
        "opening_hours": "24/7",
        "operator": "vimish",
        "operator:type": "private",
        "source": "OpenGovernmentData"
      },
      "geometry": {
        "type": "Point",
        "coordinates": [
          72.9067473,
          19.0853723
        ]
      },
      "id": "node/7067050974"
    },
    {
      "type": "Feature",
      "properties": {
        "@id": "node/7067050981",
        "addr:district": "Mumbai",
        "addr:full": "Silver Apartment 29, Mahant Road, Vile Parle East",
        "addr:postcode": "400057",
        "addr:state": "Maharashtra",
        "amenity": "hospital",
        "healthcare": "hospital",
        "name": "Vivek Pathology Laboratory",
        "source": "OpenGovernmentData"
      },
      "geometry": {
        "type": "Point",
        "coordinates": [
          72.8486849,
          19.1022549
        ]
      },
      "id": "node/7067050981"
    },
    {
      "type": "Feature",
      "properties": {
        "@id": "node/7067070262",
        "addr:district": "Mumbai",
        "addr:full": "1A, Ashoka Road , 15 S.V. Road, Santacruz(W)",
        "addr:postcode": "400065",
        "addr:state": "Maharashtra",
        "amenity": "hospital",
        "name": "Clear Vision Eye Center",
        "source": "OpenGovernmentData"
      },
      "geometry": {
        "type": "Point",
        "coordinates": [
          72.9052141,
          19.0880578
        ]
      },
      "id": "node/7067070262"
    },
    {
      "type": "Feature",
      "properties": {
        "@id": "node/7067113507",
        "addr:district": "Thane",
        "addr:full": "Plot No.:51, Sector -15, Near Maratha Bhavan, Opposite Cidco Samaj Mandir, Vashi, Navi Mumbaai",
        "addr:postcode": "400705",
        "addr:state": "Maharashtra",
        "amenity": "hospital",
        "name": "Mohanlal Jivandas Hospital managed by Krishnai Hospital",
        "source": "OpenGovernmentData"
      },
      "geometry": {
        "type": "Point",
        "coordinates": [
          73.0005576,
          19.0814104
        ]
      },
      "id": "node/7067113507"
    },
    {
      "type": "Feature",
      "properties": {
        "@id": "node/7067113558",
        "addr:district": "Mumbai",
        "addr:full": "101, Homai Mahal, M G Road, Vile Parle East",
        "addr:postcode": "400057",
        "addr:state": "Maharashtra",
        "amenity": "hospital",
        "healthcare": "hospital",
        "name": "Saurabh Clinic Dr.Sanjanwalas Maternity and Gynacologist",
        "source": "OpenGovernmentData"
      },
      "geometry": {
        "type": "Point",
        "coordinates": [
          72.8489169,
          19.1096181
        ]
      },
      "id": "node/7067113558"
    },
    {
      "type": "Feature",
      "properties": {
        "@id": "node/7067231946",
        "addr:district": "Mumbai",
        "addr:full": "3, Milan, Ground Floor, 169-Garodia Nagar,90Ft Road, Opposite Lavender Baugh",
        "addr:postcode": "400077",
        "addr:state": "Maharashtra",
        "amenity": "hospital",
        "name": "Eye Essential Hospital",
        "source": "OpenGovernmentData"
      },
      "geometry": {
        "type": "Point",
        "coordinates": [
          72.9085484,
          19.0754851
        ]
      },
      "id": "node/7067231946"
    },
    {
      "type": "Feature",
      "properties": {
        "@id": "node/7067373861",
        "addr:full": "Town Hall",
        "amenity": "hospital",
        "healthcare": "hospital",
        "name": "Despande Nursing Home",
        "source": "OpenGovernmentData",
        "wheelchair": "no"
      },
      "geometry": {
        "type": "Point",
        "coordinates": [
          72.8751061,
          19.0704407
        ]
      },
      "id": "node/7067373861"
    },
    {
      "type": "Feature",
      "properties": {
        "@id": "node/7067540680",
        "addr:district": "mumbai",
        "addr:full": "marol",
        "addr:postcode": "400059",
        "addr:state": "Maharashtra",
        "addr:street": "Maroshi Village Road vijay nagar LT complex",
        "amenity": "hospital",
        "healthcare": "hospital",
        "name": "Gokul Maternity & Surgical Home",
        "source": "OpenGovernmentData"
      },
      "geometry": {
        "type": "Point",
        "coordinates": [
          72.8794867,
          19.121366
        ]
      },
      "id": "node/7067540680"
    },
    {
      "type": "Feature",
      "properties": {
        "@id": "node/7068096871",
        "addr:district": "Mumbai",
        "addr:full": "Road No 1, Opp M Ward Muncipal Office,Chembur",
        "addr:postcode": "400071",
        "addr:state": "Maharashtra",
        "amenity": "hospital",
        "name": "Sai Kripa Childrens Hospital",
        "source": "OpenGovernmentData"
      },
      "geometry": {
        "type": "Point",
        "coordinates": [
          72.8996381,
          19.0606684
        ]
      },
      "id": "node/7068096871"
    },
    {
      "type": "Feature",
      "properties": {
        "@id": "node/7068194959",
        "addr:district": "Mumbai",
        "addr:full": "183,Kalpana, Sher-E-Punjab Society, Mahakali Road,Andheri (E)",
        "addr:postcode": "400093",
        "addr:state": "Maharashtra",
        "amenity": "hospital",
        "name": "Indu Maternity and Surgical Nursing Home",
        "source": "OpenGovernmentData"
      },
      "geometry": {
        "type": "Point",
        "coordinates": [
          72.8624144,
          19.127861
        ]
      },
      "id": "node/7068194959"
    },
    {
      "type": "Feature",
      "properties": {
        "@id": "node/7068194983",
        "addr:district": "Mumbai",
        "addr:full": "81-84 Lady R.T.Med.&Reserch Cntre",
        "addr:postcode": "400049",
        "addr:state": "Maharashtra",
        "amenity": "hospital",
        "name": "Spectrum Health Care",
        "source": "OpenGovernmentData"
      },
      "geometry": {
        "type": "Point",
        "coordinates": [
          72.8275739,
          18.923141
        ]
      },
      "id": "node/7068194983"
    },
    {
      "type": "Feature",
      "properties": {
        "@id": "node/7068429399",
        "addr:district": "Mumbai",
        "addr:full": "S.V Road, Opp Railway Station, Andheri West",
        "addr:postcode": "400058",
        "addr:state": "Maharashtra",
        "amenity": "hospital",
        "check_date": "2026-03-12",
        "healthcare": "hospital",
        "name": "Bses Mg Hospital (Managed By)Brahma Kumari Global Hospital and Res Center",
        "source": "OpenGovernmentData"
      },
      "geometry": {
        "type": "Point",
        "coordinates": [
          72.845019,
          19.119331
        ]
      },
      "id": "node/7068429399"
    },
    {
      "type": "Feature",
      "properties": {
        "@id": "node/7069814001",
        "addr:city": "Mumbai",
        "addr:district": "Mumbai",
        "addr:full": "245-A, Maulana Azad Road , Nagpada",
        "addr:housenumber": "247",
        "addr:postcode": "400008",
        "addr:state": "Maharashtra",
        "addr:street": "Maulana Azad Road North",
        "amenity": "hospital",
        "healthcare": "hospital",
        "name": "Nagori Clinic and Nursing Home",
        "source": "OpenGovernmentData"
      },
      "geometry": {
        "type": "Point",
        "coordinates": [
          72.8286038,
          18.9685072
        ]
      },
      "id": "node/7069814001"
    },
    {
      "type": "Feature",
      "properties": {
        "@id": "node/7069814015",
        "addr:district": "Mumbai",
        "addr:full": "Bldg.No.3,Kher Nagar Kala Co-Op Hsg Soc., Ram Mandir Road, Bandra (E)",
        "addr:postcode": "400051",
        "addr:state": "Maharashtra",
        "amenity": "hospital",
        "healthcare": "hospital",
        "name": "Nandini Eye Care Centre",
        "source": "OpenGovernmentData"
      },
      "geometry": {
        "type": "Point",
        "coordinates": [
          72.8456949,
          19.0605379
        ]
      },
      "id": "node/7069814015"
    },
    {
      "type": "Feature",
      "properties": {
        "@id": "node/7069814052",
        "addr:district": "Mumbai",
        "addr:full": "93/95, August Kranti Marg, August Kranti Maidan",
        "addr:postcode": "400036",
        "addr:state": "Maharashtra",
        "amenity": "hospital",
        "email": "support@cumbalahillhospital.com",
        "healthcare": "hospital",
        "name": "Cumbala Hill Hospital and Heart Institute",
        "operator:type": "private",
        "source": "OpenGovernmentData",
        "website": "www.chh.co.in/"
      },
      "geometry": {
        "type": "Point",
        "coordinates": [
          72.8087763,
          18.9634974
        ]
      },
      "id": "node/7069814052"
    },
    {
      "type": "Feature",
      "properties": {
        "@id": "node/7070050990",
        "addr:district": "Mumbai",
        "addr:full": "Docors Comer, Sitladevi C.H.S.,D.N.Nagar, New Link Road, Andheri (W)",
        "addr:postcode": "400053",
        "addr:state": "Maharashtra",
        "amenity": "hospital",
        "healthcare": "hospital",
        "name": "Eva Medicare Center - andheri",
        "source": "OpenGovernmentData"
      },
      "geometry": {
        "type": "Point",
        "coordinates": [
          72.8313719,
          19.1274049
        ]
      },
      "id": "node/7070050990"
    },
    {
      "type": "Feature",
      "properties": {
        "@id": "node/7070050992",
        "addr:district": "Mumbai",
        "addr:full": "B-1 Greenland Apt J.B Ngr Andheri(E)",
        "addr:postcode": "400059",
        "addr:state": "Maharashtra",
        "amenity": "hospital",
        "healthcare": "hospital",
        "name": "Spectacles and Contact Lens Clinic",
        "source": "OpenGovernmentData"
      },
      "geometry": {
        "type": "Point",
        "coordinates": [
          72.8671995,
          19.11132
        ]
      },
      "id": "node/7070050992"
    },
    {
      "type": "Feature",
      "properties": {
        "@id": "node/7070054643",
        "addr:district": "Mumbai",
        "addr:full": "Queystreet, OppositeSaibabamandir, Reayroad(E)",
        "addr:postcode": "400010",
        "addr:state": "Maharashtra",
        "amenity": "hospital",
        "name": "Sai Raj Hospital",
        "source": "OpenGovernmentData"
      },
      "geometry": {
        "type": "Point",
        "coordinates": [
          72.8485957,
          18.9772251
        ]
      },
      "id": "node/7070054643"
    },
    {
      "type": "Feature",
      "properties": {
        "@id": "node/7070054648",
        "addr:district": "Mumbai",
        "addr:full": "Sita Estate, Near Ashish Cinema, Aziz Baug, Mahul Road, Chembur",
        "addr:postcode": "400074",
        "addr:state": "Maharashtra",
        "amenity": "hospital",
        "name": "Sai Baba Hospital, Mumbai",
        "source": "OpenGovernmentData"
      },
      "geometry": {
        "type": "Point",
        "coordinates": [
          72.8960936,
          19.0353486
        ]
      },
      "id": "node/7070054648"
    },
    {
      "type": "Feature",
      "properties": {
        "@id": "node/7070354910",
        "addr:district": "Mumbai",
        "addr:full": "Jayant Arcade,4Th Floor, Rajawadi,M.G.Road,Ghatkopar(E)",
        "addr:postcode": "400077",
        "addr:state": "Maharashtra",
        "amenity": "hospital",
        "name": "Bakul Parekh Children Hospital",
        "source": "OpenGovernmentData"
      },
      "geometry": {
        "type": "Point",
        "coordinates": [
          72.9038519,
          19.0791429
        ]
      },
      "id": "node/7070354910"
    },
    {
      "type": "Feature",
      "properties": {
        "@id": "node/7070711758",
        "addr:district": "Mumbai",
        "addr:full": "Anil Apartment Ist Floor College Street Behind Prabhadevi Teleophone Exchange Agar Bazar Dadar",
        "addr:postcode": "400028",
        "addr:state": "Maharashtra",
        "amenity": "hospital",
        "healthcare": "hospital",
        "name": "Shreedhar Hospital",
        "source": "OpenGovernmentData"
      },
      "geometry": {
        "type": "Point",
        "coordinates": [
          72.8337321,
          19.0196086
        ]
      },
      "id": "node/7070711758"
    },
    {
      "type": "Feature",
      "properties": {
        "@id": "node/7070857457",
        "addr:district": "Thane",
        "addr:full": "20,30 & 31, Mahavir Centre, Sector 17",
        "addr:postcode": "400703",
        "addr:state": "Maharashtra",
        "amenity": "hospital",
        "name": "Dr. Parikhs Nursing Home and Iccu - Vashi",
        "source": "OpenGovernmentData"
      },
      "geometry": {
        "type": "Point",
        "coordinates": [
          72.9993036,
          19.0738577
        ]
      },
      "id": "node/7070857457"
    },
    {
      "type": "Feature",
      "properties": {
        "@id": "node/7070857458",
        "addr:district": "Mumbai",
        "addr:full": "C-Wing 1st Floor Rizvi Park,At Milan Subway Signal S V Road Santacruz(W)",
        "addr:postcode": "400054",
        "addr:state": "Maharashtra",
        "amenity": "hospital",
        "name": "Life Line Hospital and Diagnostics Pvt Ltd",
        "source": "OpenGovernmentData"
      },
      "geometry": {
        "type": "Point",
        "coordinates": [
          72.8379983,
          19.0895432
        ]
      },
      "id": "node/7070857458"
    },
    {
      "type": "Feature",
      "properties": {
        "@id": "node/7070857459",
        "addr:district": "Mumbai",
        "addr:full": "Bldg. No.2, 1st Floor, R.No. 4, 5 & 10, Navjivan Society, Lamington Road",
        "addr:postcode": "400008",
        "addr:state": "Maharashtra",
        "amenity": "hospital",
        "check_date": "2026-03-20",
        "healthcare": "hospital",
        "name": "Sadhu-Kamal Eye Hospital",
        "source": "OpenGovernmentData"
      },
      "geometry": {
        "type": "Point",
        "coordinates": [
          72.8195715,
          18.9661811
        ]
      },
      "id": "node/7070857459"
    },
    {
      "type": "Feature",
      "properties": {
        "@id": "node/7070857468",
        "addr:district": "Mumbai",
        "addr:full": "Sushrut Hospital. 365, Swastik Park Chembur",
        "addr:postcode": "400071",
        "addr:state": "Maharashtra",
        "amenity": "hospital",
        "name": "Daycare Angels",
        "source": "OpenGovernmentData"
      },
      "geometry": {
        "type": "Point",
        "coordinates": [
          72.8895275,
          19.0565342
        ]
      },
      "id": "node/7070857468"
    },
    {
      "type": "Feature",
      "properties": {
        "@id": "node/7070859091",
        "addr:district": "Mumbai",
        "addr:full": "A - 103, 104, Saurabh Apartment, Shahaji Raje Marg Next To Bhuta High School",
        "addr:postcode": "400057",
        "addr:state": "Maharashtra",
        "amenity": "hospital",
        "healthcare": "hospital",
        "name": "Nityanand Iccu and Nursing Home",
        "source": "OpenGovernmentData"
      },
      "geometry": {
        "type": "Point",
        "coordinates": [
          72.8484213,
          19.1074601
        ]
      },
      "id": "node/7070859091"
    },
    {
      "type": "Feature",
      "properties": {
        "@id": "node/7070859097",
        "addr:district": "Mumbai",
        "addr:full": "D-31, Navmangal Chs, 1st Floor,Above Venilal Saree Shop, S. V. Road",
        "addr:postcode": "400056",
        "addr:state": "Maharashtra",
        "amenity": "hospital",
        "name": "Khandwala Eye Hospital and Polyclinic",
        "source": "OpenGovernmentData"
      },
      "geometry": {
        "type": "Point",
        "coordinates": [
          72.8392227,
          19.1031325
        ]
      },
      "id": "node/7070859097"
    },
    {
      "type": "Feature",
      "properties": {
        "@id": "node/7070859098",
        "addr:district": "Thane",
        "addr:full": "2nd Floor, Om Chanakya Complex, Sector-6, C.B.D,Belapur, Navi Mumbai",
        "addr:postcode": "400615",
        "addr:state": "Maharashtra",
        "amenity": "hospital",
        "healthcare": "hospital",
        "name": "Dr. Jairaj's Hospital",
        "source": "OpenGovernmentData"
      },
      "geometry": {
        "type": "Point",
        "coordinates": [
          73.0421519,
          19.0253823
        ]
      },
      "id": "node/7070859098"
    },
    {
      "type": "Feature",
      "properties": {
        "@id": "node/7070859138",
        "addr:district": "Mumbai",
        "addr:full": "2nd Floor , Shri Mumbadevi Homeopathic Hospital , Natakkar Ram , Ganesh Gadkari Road , Irla , Vile Parle ( West )",
        "addr:postcode": "400056",
        "addr:state": "Maharashtra",
        "amenity": "hospital",
        "healthcare": "hospital",
        "name": "Life Care Iccu , Medical and Surgical Emergencies",
        "source": "OpenGovernmentData"
      },
      "geometry": {
        "type": "Point",
        "coordinates": [
          72.8376684,
          19.1095535
        ]
      },
      "id": "node/7070859138"
    },
    {
      "type": "Feature",
      "properties": {
        "@id": "node/7072535182",
        "addr:district": "Mumbai",
        "addr:full": "Bhaveshwar Plaza, C Wing, 2nd Floor, Lal Bahadur Shastri Road, Ghatkoper West",
        "addr:postcode": "400086",
        "addr:state": "Maharashtra",
        "amenity": "hospital",
        "name": "Satyam Hospital",
        "source": "OpenGovernmentData"
      },
      "geometry": {
        "type": "Point",
        "coordinates": [
          72.9124309,
          19.0924974
        ]
      },
      "id": "node/7072535182"
    },
    {
      "type": "Feature",
      "properties": {
        "@id": "node/7072544639",
        "addr:district": "Thane",
        "addr:full": "Plot 13, Sector 10, D - Mart, Kopar Khairane, Navi Mumbai",
        "addr:postcode": "400709",
        "addr:state": "Maharashtra",
        "amenity": "hospital",
        "email": "info@rajpaloldagehome.com",
        "name": "Rajpal Hospital and I.C.U.",
        "source": "OpenGovernmentData",
        "website": "https://www.rajpaloldagehome.com/"
      },
      "geometry": {
        "type": "Point",
        "coordinates": [
          73.006162,
          19.0995664
        ]
      },
      "id": "node/7072544639"
    },
    {
      "type": "Feature",
      "properties": {
        "@id": "node/7072544640",
        "addr:district": "Thane",
        "addr:full": "F-2/D-1, Aditi Apartments, F-Type Building, Main Road, Sector No 9, Near Shabri Hotel, Vashi, Navi Mumbai",
        "addr:postcode": "400703",
        "addr:state": "Maharashtra",
        "amenity": "hospital",
        "email": "global5health@gmail.com",
        "name": "Global 5 Health Care Centre",
        "source": "OpenGovernmentData",
        "website": "https://www.global5hospital.com/"
      },
      "geometry": {
        "type": "Point",
        "coordinates": [
          72.9981503,
          19.0797703
        ]
      },
      "id": "node/7072544640"
    },
    {
      "type": "Feature",
      "properties": {
        "@id": "node/7072544668",
        "addr:district": "Mumbai",
        "addr:full": "3-D, Kakad House, 11, 3rd Floor, Opposite Liberty Cinema, Vithaldas Thackersey Marg, New Marine Lines",
        "addr:postcode": "400020",
        "addr:state": "Maharashtra",
        "amenity": "hospital",
        "healthcare": "hospital",
        "name": "Zain Eye Care",
        "source": "OpenGovernmentData",
        "website": "http://zaineyecare.net/"
      },
      "geometry": {
        "type": "Point",
        "coordinates": [
          72.8278414,
          18.9415002
        ]
      },
      "id": "node/7072544668"
    },
    {
      "type": "Feature",
      "properties": {
        "@id": "node/7072801164",
        "addr:district": "Mumbai",
        "addr:full": "5-D, Dattaray Road, Santacruz (West)",
        "addr:postcode": "400054",
        "addr:state": "Maharashtra",
        "amenity": "hospital",
        "name": "Sarla Hospital and Icu",
        "source": "OpenGovernmentData"
      },
      "geometry": {
        "type": "Point",
        "coordinates": [
          72.8367229,
          19.0857328
        ]
      },
      "id": "node/7072801164"
    },
    {
      "type": "Feature",
      "properties": {
        "@id": "node/7072837154",
        "addr:district": "Mumbai",
        "addr:full": "724, 11Th Road , Khar West-Bhandara",
        "addr:postcode": "400052",
        "addr:state": "Maharashtra",
        "amenity": "hospital",
        "healthcare": "hospital",
        "name": "Hinduja Healthcare",
        "source": "OpenGovernmentData"
      },
      "geometry": {
        "type": "Point",
        "coordinates": [
          72.8353534,
          19.0679055
        ]
      },
      "id": "node/7072837154"
    },
    {
      "type": "Feature",
      "properties": {
        "@id": "node/7073438340",
        "addr:district": "Thane",
        "addr:full": "Plot No.301, Mahavir Niwas, Sec-21, Nerul, Navi Mumbai",
        "addr:postcode": "400706",
        "addr:state": "Maharashtra",
        "amenity": "hospital",
        "name": "Patoriya Eye Hospital",
        "source": "OpenGovernmentData"
      },
      "geometry": {
        "type": "Point",
        "coordinates": [
          73.0211227,
          19.0250793
        ]
      },
      "id": "node/7073438340"
    },
    {
      "type": "Feature",
      "properties": {
        "@id": "node/7073537755",
        "addr:district": "Mumbai",
        "addr:full": "(Previously Known As The Metropolitan Heart Institute And Research Centre) Trimurti Arcade, L B S Marg, Near Sarvoday Hospital, Ghatkopar, (West)",
        "addr:postcode": "400086",
        "addr:state": "Maharashtra",
        "amenity": "hospital",
        "name": "The Metropolitan Heart Institute and Research Centre",
        "source": "OpenGovernmentData"
      },
      "geometry": {
        "type": "Point",
        "coordinates": [
          72.9070102,
          19.0889539
        ]
      },
      "id": "node/7073537755"
    },
    {
      "type": "Feature",
      "properties": {
        "@id": "node/7073537782",
        "addr:district": "Mumbai",
        "addr:full": "201-202, Sunny Estate, Sion Trombay Road",
        "addr:postcode": "400071",
        "addr:state": "Maharashtra",
        "amenity": "hospital",
        "name": "Sunny Childrens Hospital",
        "source": "OpenGovernmentData"
      },
      "geometry": {
        "type": "Point",
        "coordinates": [
          72.8978303,
          19.0528644
        ]
      },
      "id": "node/7073537782"
    },
    {
      "type": "Feature",
      "properties": {
        "@id": "node/7073672865",
        "addr:district": "Mumbai",
        "addr:full": "V.P.Road",
        "addr:postcode": "400004",
        "addr:state": "Maharashtra",
        "amenity": "hospital",
        "name": "Dr.Pai Dhungat Maternity and Nursing Home",
        "source": "OpenGovernmentData"
      },
      "geometry": {
        "type": "Point",
        "coordinates": [
          72.8229122,
          18.9571912
        ]
      },
      "id": "node/7073672865"
    },
    {
      "type": "Feature",
      "properties": {
        "@id": "node/7073765630",
        "addr:district": "Mumbai",
        "addr:full": "Renuka, Gr Flr 269-D, Nr National College , Linking Road Bandra W)",
        "addr:postcode": "400050",
        "addr:state": "Maharashtra",
        "amenity": "hospital",
        "healthcare": "hospital",
        "name": "Dr A K Chandiramani Hospital",
        "source": "OpenGovernmentData"
      },
      "geometry": {
        "type": "Point",
        "coordinates": [
          72.8358504,
          19.062597
        ]
      },
      "id": "node/7073765630"
    },
    {
      "type": "Feature",
      "properties": {
        "@id": "node/7073895614",
        "addr:city": "Mumbai",
        "addr:district": "Mumbai",
        "addr:full": "#6, Manish Tower , Manish Nagar,J.R. Road ,Near Manish Shopping Centre",
        "addr:housenumber": "four bungalows",
        "addr:postcode": "400053",
        "addr:state": "Maharashtra",
        "addr:street": "jp road",
        "amenity": "hospital",
        "emergency": "no",
        "healthcare": "hospital",
        "healthcare:speciality": "gynaecology",
        "name": "Akanksha Maternity and Surgical Hospital",
        "opening_hours": "24/7",
        "source": "OpenGovernmentData;gps"
      },
      "geometry": {
        "type": "Point",
        "coordinates": [
          72.8269772,
          19.1285722
        ]
      },
      "id": "node/7073895614"
    },
    {
      "type": "Feature",
      "properties": {
        "@id": "node/7073944650",
        "addr:district": "Thane",
        "addr:full": "Unit 8-8A, Balaji Sadan, Plot 20-D, Sector-15, Opposite Icl School Ground,Near Modern College",
        "addr:postcode": "400705",
        "addr:state": "Maharashtra",
        "amenity": "hospital",
        "name": "Lotus Multispeciality Hospital and Icu",
        "source": "OpenGovernmentData"
      },
      "geometry": {
        "type": "Point",
        "coordinates": [
          73.0014119,
          19.0787817
        ]
      },
      "id": "node/7073944650"
    },
    {
      "type": "Feature",
      "properties": {
        "@id": "node/7073944671",
        "addr:district": "Mumbai",
        "addr:full": "Netaji Subash Road",
        "addr:postcode": "400002",
        "addr:state": "Maharashtra",
        "amenity": "hospital",
        "healthcare": "hospital",
        "name": "Smt. Kamladevi Gauridutt Mittal Ayurvedic Hospital",
        "source": "OpenGovernmentData"
      },
      "geometry": {
        "type": "Point",
        "coordinates": [
          72.8201012,
          18.9498421
        ]
      },
      "id": "node/7073944671"
    },
    {
      "type": "Feature",
      "properties": {
        "@id": "node/7073949849",
        "addr:district": "Mumbai",
        "addr:full": "202-A, Sukh Sagar,2nd Floor, N S Patkar Marg",
        "addr:postcode": "400007",
        "addr:state": "Maharashtra",
        "amenity": "hospital",
        "healthcare": "hospital",
        "name": "Samyak Drishti Eye Centre",
        "source": "OpenGovernmentData"
      },
      "geometry": {
        "type": "Point",
        "coordinates": [
          72.8133488,
          18.9563909
        ]
      },
      "id": "node/7073949849"
    },
    {
      "type": "Feature",
      "properties": {
        "@id": "node/7073949883",
        "addr:district": "Mumbai",
        "addr:full": "1st & 2nd Floor Laxmi Commarcial Premises Saki Naka Junction Andheri ( E)",
        "addr:postcode": "400059",
        "addr:state": "Maharashtra",
        "amenity": "hospital",
        "healthcare": "hospital",
        "name": "Paramount General Hospital and ICU",
        "name:en": "Paramount General Hospital and ICU",
        "source": "OpenGovernmentData",
        "website": "https://paramountgeneralhospital.com/"
      },
      "geometry": {
        "type": "Point",
        "coordinates": [
          72.886899,
          19.1038168
        ]
      },
      "id": "node/7073949883"
    },
    {
      "type": "Feature",
      "properties": {
        "@id": "node/7073961725",
        "addr:district": "Mumbai",
        "addr:full": "Laxmi Commercial Premises, Near Sakinaka Junction, Andheri Kurla Road, Andheri East",
        "addr:postcode": "400072",
        "addr:state": "Maharashtra",
        "amenity": "hospital",
        "email": "clinics2hospitals@gmail.com",
        "name": "Paramount General Hospital and ICCU",
        "operator:type": "private",
        "source": "OpenGovernmentData",
        "website": "https://parakhhospital.com/"
      },
      "geometry": {
        "type": "Point",
        "coordinates": [
          72.8870398,
          19.103614
        ]
      },
      "id": "node/7073961725"
    },
    {
      "type": "Feature",
      "properties": {
        "@id": "node/7074541583",
        "addr:district": "Mumbai",
        "addr:full": "Yashashree Society N M Joshi Marg Opp Zee News Bldg Lower Parel",
        "addr:postcode": "400011",
        "addr:state": "Maharashtra",
        "amenity": "hospital",
        "name": "Sankalp Eye Care Centre",
        "source": "OpenGovernmentData"
      },
      "geometry": {
        "type": "Point",
        "coordinates": [
          72.8313598,
          18.9893399
        ]
      },
      "id": "node/7074541583"
    },
    {
      "type": "Feature",
      "properties": {
        "@id": "node/7076379914",
        "addr:district": "Mumbai",
        "addr:full": "PLOT No, 88, Rd Number 15, Marol MIDC Industry Estate, Andheri East",
        "addr:postcode": "400058",
        "addr:state": "Maharashtra",
        "amenity": "hospital",
        "name": "SRL Diagnostics Andheri (MIDC)",
        "source": "OpenGovernmentData"
      },
      "geometry": {
        "type": "Point",
        "coordinates": [
          72.8736167,
          19.1176805
        ]
      },
      "id": "node/7076379914"
    },
    {
      "type": "Feature",
      "properties": {
        "@id": "node/7079392099",
        "addr:district": "Mumbai",
        "addr:full": "Nanda Patkar Road, Vileparle East",
        "addr:postcode": "400057",
        "addr:state": "Maharashtra",
        "amenity": "hospital",
        "name": "Dr. Rane hospital maternity & surgical",
        "source": "OpenGovernmentData"
      },
      "geometry": {
        "type": "Point",
        "coordinates": [
          72.849741,
          19.0942526
        ]
      },
      "id": "node/7079392099"
    },
    {
      "type": "Feature",
      "properties": {
        "@id": "node/7079665691",
        "addr:district": "Mumbai",
        "addr:full": "17/1, Vijay Niwas, R.A.K Road Wadala (W)",
        "addr:postcode": "400031",
        "addr:state": "Maharashtra",
        "amenity": "hospital",
        "name": "Shobha Maternity and Surgical Home",
        "source": "OpenGovernmentData"
      },
      "geometry": {
        "type": "Point",
        "coordinates": [
          72.8549686,
          19.0120922
        ]
      },
      "id": "node/7079665691"
    },
    {
      "type": "Feature",
      "properties": {
        "@id": "node/7079665692",
        "addr:district": "Mumbai",
        "addr:full": "Jeevan Vikas Kendra Marg , Off S. Nityanand Marg Andheri (East)",
        "addr:postcode": "400069",
        "addr:state": "Maharashtra",
        "amenity": "hospital",
        "healthcare": "hospital",
        "name": "Sadanand Danait Hospital",
        "source": "OpenGovernmentData"
      },
      "geometry": {
        "type": "Point",
        "coordinates": [
          72.8483811,
          19.1107257
        ]
      },
      "id": "node/7079665692"
    },
    {
      "type": "Feature",
      "properties": {
        "@id": "node/7079665770",
        "addr:district": "Mumbai",
        "addr:full": "103, Parasurampuria Apt, 2 Tps 6 2nd Road , Santacruz West",
        "addr:postcode": "400054",
        "addr:state": "Maharashtra",
        "amenity": "hospital",
        "name": "Netrapuja Research Centre",
        "source": "OpenGovernmentData"
      },
      "geometry": {
        "type": "Point",
        "coordinates": [
          72.8367417,
          19.0880071
        ]
      },
      "id": "node/7079665770"
    },
    {
      "type": "Feature",
      "properties": {
        "@id": "node/7080141268",
        "addr:district": "Mumbai",
        "addr:full": "A Wing,Bhaveshwar Plaza Lbs Marg Ghatkopar - West",
        "addr:postcode": "400086",
        "addr:state": "Maharashtra",
        "amenity": "hospital",
        "name": "Sapna Health Care Centre Pvt Ltd",
        "source": "OpenGovernmentData"
      },
      "geometry": {
        "type": "Point",
        "coordinates": [
          72.9123692,
          19.0921146
        ]
      },
      "id": "node/7080141268"
    },
    {
      "type": "Feature",
      "properties": {
        "@id": "node/7080141269",
        "addr:district": "Latur",
        "addr:full": "122, Dr Maheshwari Rd, Dongri, Umerkhadi",
        "addr:postcode": "400009",
        "addr:state": "Maharashtra",
        "amenity": "hospital",
        "name": "Smt.Laxmiben Dhanji Devshi Health Centre",
        "source": "OpenGovernmentData"
      },
      "geometry": {
        "type": "Point",
        "coordinates": [
          72.8383537,
          18.9592421
        ]
      },
      "id": "node/7080141269"
    },
    {
      "type": "Feature",
      "properties": {
        "@id": "node/7080205211",
        "addr:district": "Mumbai",
        "addr:full": "Samaj Bhavan, 5Th Floor, Joshi Lane, M G Road, Ghatkopar",
        "addr:postcode": "400077",
        "addr:state": "Maharashtra",
        "amenity": "hospital",
        "name": "Cg Eye Foundaton and Shree Ghatkopar Brahman Samaj",
        "source": "OpenGovernmentData"
      },
      "geometry": {
        "type": "Point",
        "coordinates": [
          72.9057965,
          19.0814154
        ]
      },
      "id": "node/7080205211"
    },
    {
      "type": "Feature",
      "properties": {
        "@id": "node/7080205222",
        "addr:district": "Mumbai",
        "addr:full": "Mumbai",
        "addr:postcode": "400026",
        "addr:state": "Maharashtra",
        "amenity": "hospital",
        "healthcare": "hospital",
        "name": "Gynaecworld",
        "source": "OpenGovernmentData"
      },
      "geometry": {
        "type": "Point",
        "coordinates": [
          72.8078722,
          18.9639954
        ]
      },
      "id": "node/7080205222"
    },
    {
      "type": "Feature",
      "properties": {
        "@id": "node/7080229647",
        "addr:district": "Thane",
        "addr:full": "1st Floor Priyanka Palace Sec-10 Sanpada Navi Mumbai",
        "addr:postcode": "400705",
        "addr:state": "Maharashtra",
        "amenity": "hospital",
        "name": "Millennium Life Line Hospital and Research Centre",
        "source": "OpenGovernmentData"
      },
      "geometry": {
        "type": "Point",
        "coordinates": [
          73.0143441,
          19.0599009
        ]
      },
      "id": "node/7080229647"
    },
    {
      "type": "Feature",
      "properties": {
        "@id": "node/7080269652",
        "addr:district": "Mumbai",
        "addr:full": "Ganesh Apt. Ground Floor, L. J. Road, Opposite Sitladevi Temple, Mahim",
        "addr:postcode": "400014",
        "addr:state": "Maharashtra",
        "amenity": "hospital",
        "healthcare": "hospital",
        "name": "Ashwini Accident Hospital and Poly Clinic",
        "source": "OpenGovernmentData"
      },
      "geometry": {
        "type": "Point",
        "coordinates": [
          72.8427344,
          19.0363697
        ]
      },
      "id": "node/7080269652"
    },
    {
      "type": "Feature",
      "properties": {
        "@id": "node/7080269989",
        "addr:district": "Mumbai",
        "addr:full": "199, Dixit Cross Road, Near Chetan School, Vile Parle (East)",
        "addr:postcode": "400057",
        "addr:state": "Maharashtra",
        "amenity": "hospital",
        "healthcare": "hospital",
        "name": "Ashish Maternity and Nursing Home - Vile Parle (E)",
        "source": "OpenGovernmentData"
      },
      "geometry": {
        "type": "Point",
        "coordinates": [
          72.847386,
          19.0970597
        ]
      },
      "id": "node/7080269989"
    },
    {
      "type": "Feature",
      "properties": {
        "@id": "node/7080413752",
        "addr:district": "Mumbai",
        "addr:full": "Gagangiri Complex, 1st And 4Th Floor, 18Th Road, Near Dr. Ambedkar Garden Chembur",
        "addr:postcode": "400071",
        "addr:state": "Maharashtra",
        "amenity": "hospital",
        "healthcare": "hospital",
        "name": "Tandon Hospital",
        "source": "OpenGovernmentData"
      },
      "geometry": {
        "type": "Point",
        "coordinates": [
          72.8996768,
          19.0597001
        ]
      },
      "id": "node/7080413752"
    },
    {
      "type": "Feature",
      "properties": {
        "@id": "node/7080878125",
        "addr:district": "Mumbai",
        "addr:full": "Santacruz (W)",
        "addr:postcode": "400054",
        "addr:state": "Maharashtra",
        "amenity": "hospital",
        "name": "Radiance Laser Vision Centre",
        "source": "OpenGovernmentData"
      },
      "geometry": {
        "type": "Point",
        "coordinates": [
          72.8376549,
          19.0828996
        ]
      },
      "id": "node/7080878125"
    },
    {
      "type": "Feature",
      "properties": {
        "@id": "node/7081965757",
        "addr:district": "Mumbai",
        "addr:full": "Opp Mehboob Sutdio, Hill Road , Bandra West",
        "addr:postcode": "400050",
        "addr:state": "Maharashtra",
        "amenity": "hospital",
        "name": "Vision Laser Surgery Centre",
        "source": "OpenGovernmentData"
      },
      "geometry": {
        "type": "Point",
        "coordinates": [
          72.8238114,
          19.0520436
        ]
      },
      "id": "node/7081965757"
    },
    {
      "type": "Feature",
      "properties": {
        "@id": "node/7082370226",
        "addr:district": "Mumbai",
        "addr:full": "Flat 1, Ridhhi, E W Road 2, 41, Vallabhnagar Society, Opposite Cooper Casualy, Jvpd Scheme",
        "addr:postcode": "400056",
        "addr:state": "Maharashtra",
        "amenity": "hospital",
        "healthcare": "hospital",
        "name": "Dr Sanjay Soni Dental Clinic",
        "source": "OpenGovernmentData"
      },
      "geometry": {
        "type": "Point",
        "coordinates": [
          72.8356406,
          19.1069165
        ]
      },
      "id": "node/7082370226"
    },
    {
      "type": "Feature",
      "properties": {
        "@id": "node/7082370250",
        "addr:district": "Mumbai",
        "addr:full": "Eversun Soc., Sahakar Nagar, Jp Road, Andheri West",
        "addr:postcode": "400053",
        "addr:state": "Maharashtra",
        "amenity": "hospital",
        "healthcare": "hospital",
        "name": "Parijat Surgical and General Hospital",
        "source": "OpenGovernmentData"
      },
      "geometry": {
        "type": "Point",
        "coordinates": [
          72.832253,
          19.1284059
        ]
      },
      "id": "node/7082370250"
    },
    {
      "type": "Feature",
      "properties": {
        "@id": "node/7082499146",
        "addr:district": "Mumbai",
        "addr:full": "Veer Makrand Ghanekar Marg, Navpada, Vile Parle East, Vile Parle",
        "addr:postcode": "400057",
        "addr:state": "Maharashtra",
        "amenity": "hospital",
        "healthcare": "hospital",
        "name": "Shree Ramnath Eye Care",
        "source": "OpenGovernmentData"
      },
      "geometry": {
        "type": "Point",
        "coordinates": [
          72.8436054,
          19.0918193
        ]
      },
      "id": "node/7082499146"
    },
    {
      "type": "Feature",
      "properties": {
        "@id": "node/7082733154",
        "addr:district": "Mumbai",
        "addr:full": "B/6-7, 1st Floor, Dharmodaya Building, Near Telephone Exchange, Jivdaya Lane, Ghatkopar West",
        "addr:postcode": "400086",
        "addr:state": "Maharashtra",
        "amenity": "hospital",
        "name": "Nachiketa Health Care Center",
        "source": "OpenGovernmentData"
      },
      "geometry": {
        "type": "Point",
        "coordinates": [
          72.9050951,
          19.0887333
        ]
      },
      "id": "node/7082733154"
    },
    {
      "type": "Feature",
      "properties": {
        "@id": "node/7082733172",
        "addr:district": "Mumbai",
        "addr:full": "47-A, Walchand Terraces, Opp Tardeo A/C Market, Tardeo",
        "addr:postcode": "400034",
        "addr:state": "Maharashtra",
        "amenity": "hospital",
        "name": "Anudhiti Care",
        "source": "OpenGovernmentData"
      },
      "geometry": {
        "type": "Point",
        "coordinates": [
          72.8145584,
          18.9734559
        ]
      },
      "id": "node/7082733172"
    },
    {
      "type": "Feature",
      "properties": {
        "@id": "node/7082738898",
        "addr:district": "Mumbai",
        "addr:full": "207, Jyoti Chambers, Khot Lane, Above New Bata Showroom,Ghatkopar(W)",
        "addr:postcode": "400086",
        "addr:state": "Maharashtra",
        "amenity": "hospital",
        "name": "Amar Jyot Eye Care Centre",
        "source": "OpenGovernmentData"
      },
      "geometry": {
        "type": "Point",
        "coordinates": [
          72.9074769,
          19.0887777
        ]
      },
      "id": "node/7082738898"
    },
    {
      "type": "Feature",
      "properties": {
        "@id": "node/7083190122",
        "addr:district": "Mumbai",
        "addr:full": "74/78/Lady Ratan Tata M R C Karve Road, Cooperage",
        "addr:postcode": "400021",
        "addr:state": "Maharashtra",
        "amenity": "hospital",
        "name": "Abhishek Day Care Institute and Medical Research Centre",
        "source": "OpenGovernmentData"
      },
      "geometry": {
        "type": "Point",
        "coordinates": [
          72.8275497,
          18.9230674
        ]
      },
      "id": "node/7083190122"
    },
    {
      "type": "Feature",
      "properties": {
        "@id": "node/7085422788",
        "addr:district": "Mumbai",
        "addr:full": "Sambhaji Maidan Circle,Sai Prasad Shopping Centre",
        "addr:postcode": "400083",
        "addr:state": "Maharashtra",
        "amenity": "hospital",
        "name": "Sai Hospital, Mumbai",
        "source": "OpenGovernmentData"
      },
      "geometry": {
        "type": "Point",
        "coordinates": [
          72.9370737,
          19.1166953
        ]
      },
      "id": "node/7085422788"
    },
    {
      "type": "Feature",
      "properties": {
        "@id": "node/7085422809",
        "addr:district": "Mumbai",
        "addr:full": "C/0. Sushrut Hosptial, 2nd Floor, Swastik Park, Near Kach Gujar Hall, Chembur (E)",
        "addr:postcode": "400001",
        "addr:state": "Maharashtra",
        "amenity": "hospital",
        "name": "Apex Kidney Care Pvt. Ltd.",
        "source": "OpenGovernmentData"
      },
      "geometry": {
        "type": "Point",
        "coordinates": [
          72.8948718,
          19.0611444
        ]
      },
      "id": "node/7085422809"
    },
    {
      "type": "Feature",
      "properties": {
        "@id": "node/7085731347",
        "addr:district": "Mumbai",
        "addr:full": "No. A/102, Chandrodaya Building,Jivdaya Lane,Between Sarvodaya Hospital & Telephone Exchange,Ghatkopar (W)",
        "addr:postcode": "400086",
        "addr:state": "Maharashtra",
        "amenity": "hospital",
        "name": "Jeevandeep Children Hospital, Mumbai",
        "source": "OpenGovernmentData"
      },
      "geometry": {
        "type": "Point",
        "coordinates": [
          72.905198,
          19.0881256
        ]
      },
      "id": "node/7085731347"
    },
    {
      "type": "Feature",
      "properties": {
        "@id": "node/7085742085",
        "addr:district": "Mumbai",
        "addr:full": "No. 7, Rajsarovar Nikethan, No. 315. A Working Road, Above Punjab Sindhi Bank, Khar West",
        "addr:postcode": "400054",
        "addr:state": "Maharashtra",
        "amenity": "hospital",
        "name": "Zen Eye Center",
        "source": "OpenGovernmentData"
      },
      "geometry": {
        "type": "Point",
        "coordinates": [
          72.8343692,
          19.0721453
        ]
      },
      "id": "node/7085742085"
    },
    {
      "type": "Feature",
      "properties": {
        "@id": "node/7085742120",
        "addr:district": "Mumbai",
        "addr:full": "Heena Smruti, Road No 2, Juhu Scheme, Opposite Cooper Hospital Casualty, Vile Parle(W)",
        "addr:postcode": "400056",
        "addr:state": "Maharashtra",
        "amenity": "hospital",
        "healthcare": "hospital",
        "name": "Iris Eye Center",
        "source": "OpenGovernmentData"
      },
      "geometry": {
        "type": "Point",
        "coordinates": [
          72.8358773,
          19.1069728
        ]
      },
      "id": "node/7085742120"
    },
    {
      "type": "Feature",
      "properties": {
        "@id": "node/7086283490",
        "addr:district": "Mumbai",
        "addr:full": "14,Ground Floor Muljee House,Veer Savarkar Marg,Prabhadevi",
        "addr:postcode": "400025",
        "addr:state": "Maharashtra",
        "amenity": "hospital",
        "healthcare": "hospital",
        "name": "Varad Medical Centre",
        "source": "OpenGovernmentData"
      },
      "geometry": {
        "type": "Point",
        "coordinates": [
          72.8274786,
          19.0146877
        ]
      },
      "id": "node/7086283490"
    },
    {
      "type": "Feature",
      "properties": {
        "@id": "node/7086409774",
        "addr:district": "Mumbai",
        "addr:full": "153-B Dongre Building Hindu Colony Opp Ruia College Matunga (Cr)",
        "addr:postcode": "400019",
        "addr:state": "Maharashtra",
        "amenity": "hospital",
        "check_date": "2026-03-20",
        "name": "Icon The Eye Consultants Eye and Laser Centre",
        "source": "OpenGovernmentData"
      },
      "geometry": {
        "type": "Point",
        "coordinates": [
          72.8498315,
          19.0230349
        ]
      },
      "id": "node/7086409774"
    },
    {
      "type": "Feature",
      "properties": {
        "@id": "node/7086532370",
        "addr:district": "Mumbai",
        "addr:full": "Goel Apartments, J B Nagar, Near Kalgidhar High School, Wireless Street, Andheri East",
        "addr:postcode": "400059",
        "addr:state": "Maharashtra",
        "amenity": "hospital",
        "healthcare": "hospital",
        "name": "Goel Hospital",
        "source": "OpenGovernmentData"
      },
      "geometry": {
        "type": "Point",
        "coordinates": [
          72.8642115,
          19.1100591
        ]
      },
      "id": "node/7086532370"
    },
    {
      "type": "Feature",
      "properties": {
        "@id": "node/7086734179",
        "addr:district": "Mumbai",
        "addr:full": "6,Jaymahal,French Bridge,Opera House, Next To Patidar Samaj Hall",
        "addr:postcode": "400007",
        "addr:state": "Maharashtra",
        "amenity": "hospital",
        "name": "Infiniti Eye Hospital",
        "source": "OpenGovernmentData"
      },
      "geometry": {
        "type": "Point",
        "coordinates": [
          72.8116241,
          18.9654379
        ]
      },
      "id": "node/7086734179"
    },
    {
      "type": "Feature",
      "properties": {
        "@id": "node/7086758044",
        "addr:district": "Mumbai",
        "addr:full": "Priyadarshini Co-Op. Hsg.Soc.,Room No.102,G-Wing, 1st Floor,OppositeNew Ongc Tower, Sion-Bandra Link Road, Dharavi",
        "addr:postcode": "400017",
        "addr:state": "Maharashtra",
        "amenity": "hospital",
        "name": "Lifecare Hospital",
        "source": "OpenGovernmentData"
      },
      "geometry": {
        "type": "Point",
        "coordinates": [
          72.8574979,
          19.0466757
        ]
      },
      "id": "node/7086758044"
    },
    {
      "type": "Feature",
      "properties": {
        "@id": "node/7087131445",
        "addr:district": "Mumbai",
        "addr:full": "206, Gayatri Dham, Jn. Of M.G Road , & Derasar Lane , Ghatkopar (East)",
        "addr:postcode": "400077",
        "addr:state": "Maharashtra",
        "amenity": "hospital",
        "name": "Dr. Dipak Desai's Ear Nose and Throat Hospital",
        "source": "OpenGovernmentData"
      },
      "geometry": {
        "type": "Point",
        "coordinates": [
          72.9049838,
          19.0824839
        ]
      },
      "id": "node/7087131445"
    },
    {
      "type": "Feature",
      "properties": {
        "@id": "node/7087131468",
        "addr:district": "Mumbai",
        "addr:full": "Opp-Building No-101 Nehru Nagar, Kurla (E)",
        "addr:postcode": "400024",
        "addr:state": "Maharashtra",
        "amenity": "hospital",
        "name": "Prarushi Healthcare Pvt Ltd / Kusumesh Chandra Maternity Hospital",
        "source": "OpenGovernmentData"
      },
      "geometry": {
        "type": "Point",
        "coordinates": [
          72.881615,
          19.0626503
        ]
      },
      "id": "node/7087131468"
    },
    {
      "type": "Feature",
      "properties": {
        "@id": "node/7206288300",
        "addr:city": "Mumbai",
        "addr:district": "Mumbai",
        "addr:housenumber": "21/22",
        "addr:postcode": "400008",
        "addr:street": "Memni Buidling, Dimtimakar Road",
        "amenity": "hospital",
        "emergency": "yes",
        "healthcare": "hospital",
        "healthcare:speciality": "gynaecology;surgery;paediatrics;orthopaedics;general",
        "name": "Dawood Multispeciality Nursing Home",
        "opening_hours": "09:30-22:30, We off",
        "operator": "sabusiddique",
        "operator:type": "public",
        "phone": "+91 22 23091413, +91 22 23051797"
      },
      "geometry": {
        "type": "Point",
        "coordinates": [
          72.8289157,
          18.9666435
        ]
      },
      "id": "node/7206288300"
    },
    {
      "type": "Feature",
      "properties": {
        "@id": "node/7207893889",
        "addr:city": "Mumbai",
        "addr:postcode": "400008",
        "addr:street": "Duncan Road, Dalal Estate, Kamathipura",
        "amenity": "hospital",
        "facility:unani": "yes",
        "healthcare": "clinic",
        "healthcare:speciality": "general",
        "name": "Tibbia Hospital"
      },
      "geometry": {
        "type": "Point",
        "coordinates": [
          72.8284384,
          18.966675
        ]
      },
      "id": "node/7207893889"
    },
    {
      "type": "Feature",
      "properties": {
        "@id": "node/7207893890",
        "addr:city": "Mumbai",
        "addr:full": "49, Mohammed Ali Road near Masjid Bunder, Pydhonie, Mumbai 400003",
        "addr:housenumber": "49",
        "addr:postcode": "400003",
        "addr:street": "Mohammed Ali Road",
        "amenity": "hospital",
        "healthcare": "hospital",
        "healthcare:speciality": "general;gynaecology",
        "name": "Noor Hospital"
      },
      "geometry": {
        "type": "Point",
        "coordinates": [
          72.8334612,
          18.9538884
        ]
      },
      "id": "node/7207893890"
    },
    {
      "type": "Feature",
      "properties": {
        "@id": "node/7207893891",
        "addr:city": "Mumbai",
        "addr:full": "1st Floor, Greenstone Heritage, Commercial premises, C-Wing, Chhatrapati Shivaji Terminus Area, Mumbai 400001",
        "addr:postcode": "400001",
        "amenity": "hospital",
        "emergency": "no",
        "healthcare": "laboratory",
        "healthcare:speciality": "blood_check",
        "phone": "+91 22 2344 8024"
      },
      "geometry": {
        "type": "Point",
        "coordinates": [
          72.8345389,
          18.9456103
        ]
      },
      "id": "node/7207893891"
    },
    {
      "type": "Feature",
      "properties": {
        "@id": "node/7225067112",
        "addr:district": "Mumbai",
        "addr:full": "Kalina Health Post, Near Geeta Vihar Market, Santacruz East",
        "addr:postcode": "400029",
        "addr:state": "Maharashtra",
        "amenity": "hospital",
        "check_date": "2026-03-21",
        "name": "Kalina Hospital",
        "source": "OpenGovernmentData"
      },
      "geometry": {
        "type": "Point",
        "coordinates": [
          72.86302,
          19.078004
        ]
      },
      "id": "node/7225067112"
    },
    {
      "type": "Feature",
      "properties": {
        "@id": "node/7225067144",
        "addr:district": "Mumbai",
        "addr:full": "Near Nirmal Park Railway Quarters, Chinchpokli",
        "addr:postcode": "400011",
        "addr:state": "Maharashtra",
        "amenity": "hospital",
        "check_date": "2026-03-20",
        "description": "Civil Hospital/General Hospital",
        "name": "Kasturba Hospital",
        "source": "OpenGovernmentData"
      },
      "geometry": {
        "type": "Point",
        "coordinates": [
          72.830035,
          18.98419
        ]
      },
      "id": "node/7225067144"
    },
    {
      "type": "Feature",
      "properties": {
        "@id": "node/7225067148",
        "addr:district": "Mumbai",
        "addr:full": "RN Gandhi Road, Near Somaiya College, Ghatkopar East, Mumbai",
        "addr:postcode": "400077",
        "addr:state": "Maharashtra",
        "amenity": "hospital",
        "description": "Sub District Hospital",
        "source": "OpenGovernmentData"
      },
      "geometry": {
        "type": "Point",
        "coordinates": [
          72.9013145,
          19.0786832
        ]
      },
      "id": "node/7225067148"
    },
    {
      "type": "Feature",
      "properties": {
        "@id": "node/7225067153",
        "addr:district": "Mumbai",
        "addr:full": "BDD Chawls Worli, behind Poddar Hospital",
        "addr:postcode": "400018",
        "addr:state": "Maharashtra",
        "amenity": "hospital",
        "name": "ESIS Hospital WORLI",
        "source": "OpenGovernmentData"
      },
      "geometry": {
        "type": "Point",
        "coordinates": [
          72.816903,
          19.0017314
        ]
      },
      "id": "node/7225067153"
    },
    {
      "type": "Feature",
      "properties": {
        "@id": "node/7225067170",
        "addr:district": "Mumbai",
        "addr:full": "Marol Village Road, Near Miljul Housing Society, Marol",
        "addr:postcode": "400059",
        "addr:state": "Maharashtra",
        "amenity": "hospital",
        "name": "Marol Maternity Home",
        "source": "OpenGovernmentData"
      },
      "geometry": {
        "type": "Point",
        "coordinates": [
          72.8781592,
          19.1108771
        ]
      },
      "id": "node/7225067170"
    },
    {
      "type": "Feature",
      "properties": {
        "@id": "node/7225067179",
        "addr:district": "Mumbai",
        "addr:full": "Ramakrishna Chemburkar Marg, Near BMC Office, Chembur",
        "addr:postcode": "400071",
        "addr:state": "Maharashtra",
        "amenity": "hospital",
        "name": "Matoshri Ramabai Ambedkar Maternity Hospital",
        "name:etymology:wikidata": "Q19812241",
        "source": "OpenGovernmentData"
      },
      "geometry": {
        "type": "Point",
        "coordinates": [
          72.894763,
          19.056203
        ]
      },
      "id": "node/7225067179"
    },
    {
      "type": "Feature",
      "properties": {
        "@id": "node/7225067192",
        "addr:district": "Mumbai",
        "addr:full": "Dr Annie Besant Road, B Wing, BDD Chawls Worli",
        "addr:postcode": "400018",
        "addr:state": "Maharashtra",
        "amenity": "hospital",
        "name": "Poddar Hospital",
        "source": "OpenGovernmentData"
      },
      "geometry": {
        "type": "Point",
        "coordinates": [
          72.8162624,
          19.0022803
        ]
      },
      "id": "node/7225067192"
    },
    {
      "type": "Feature",
      "properties": {
        "@id": "node/7225067197",
        "addr:district": "Mumbai",
        "addr:full": "Dr. V.N.Shirodkar Municipal Maternity Home, Vileparle (E)",
        "addr:postcode": "400057",
        "addr:state": "Maharashtra",
        "amenity": "hospital",
        "healthcare": "hospital",
        "name": "V N Shirodkar Hospital",
        "source": "OpenGovernmentData"
      },
      "geometry": {
        "type": "Point",
        "coordinates": [
          72.8518587,
          19.1054569
        ]
      },
      "id": "node/7225067197"
    },
    {
      "type": "Feature",
      "properties": {
        "@id": "node/7225067213",
        "addr:district": "Mumbai",
        "addr:full": "55, Dr Anandrao Nair Marg, Near Mumbai Central Railway Station, Mumbai",
        "addr:postcode": "400008",
        "addr:state": "Maharashtra",
        "amenity": "hospital",
        "description": "Medical Colleges Hospital",
        "healthcare": "hospital",
        "name": "Nair Hospital Dental College",
        "source": "OpenGovernmentData"
      },
      "geometry": {
        "type": "Point",
        "coordinates": [
          72.820968,
          18.971194
        ]
      },
      "id": "node/7225067213"
    },
    {
      "type": "Feature",
      "properties": {
        "@id": "node/7225067267",
        "addr:district": "Mumbai",
        "addr:full": "Sant Muktabai Mun. Gen. Hospital, Barve Nagar, Ghatkopar (W)",
        "addr:postcode": "400086",
        "addr:state": "Maharashtra",
        "amenity": "hospital",
        "name": "Sant Muktabai Hospital",
        "source": "OpenGovernmentData"
      },
      "geometry": {
        "type": "Point",
        "coordinates": [
          72.904147,
          19.0984853
        ]
      },
      "id": "node/7225067267"
    },
    {
      "type": "Feature",
      "properties": {
        "@id": "node/7225067271",
        "addr:district": "Mumbai",
        "addr:full": "Dr Babasaheb Ambedkar Road, Sion West, Sion",
        "addr:postcode": "400022",
        "addr:state": "Maharashtra",
        "amenity": "hospital",
        "check_date": "2026-03-20",
        "description": "Medical Colleges Hospital",
        "healthcare": "hospital",
        "name": "L.T.Muncipal Medical College and Sion Hospital",
        "source": "OpenGovernmentData"
      },
      "geometry": {
        "type": "Point",
        "coordinates": [
          72.8582046,
          19.0369195
        ]
      },
      "id": "node/7225067271"
    },
    {
      "type": "Feature",
      "properties": {
        "@id": "node/7225067275",
        "addr:district": "Mumbai",
        "addr:full": "Krantiveer Mahatma Jyotiba Phule Hospital, Vikas College Road, Kannamwar Nagar - 2",
        "addr:postcode": "400083",
        "addr:state": "Maharashtra",
        "amenity": "hospital",
        "description": "Sub District Hospital",
        "name": "Krantiveer Mahatma Jyotiba Phule Hospital, Vikhroli",
        "source": "OpenGovernmentData"
      },
      "geometry": {
        "type": "Point",
        "coordinates": [
          72.9394753,
          19.1180038
        ]
      },
      "id": "node/7225067275"
    },
    {
      "type": "Feature",
      "properties": {
        "@id": "node/7225067284",
        "addr:district": "Mumbai",
        "addr:full": "Dr. A. L. Nair Road, Mumbai",
        "addr:postcode": "400008",
        "addr:state": "Maharashtra",
        "amenity": "hospital",
        "check_date": "2026-03-20",
        "description": "Medical Colleges Hospital",
        "healthcare": "hospital",
        "name": "BYL Nair hospital",
        "source": "OpenGovernmentData"
      },
      "geometry": {
        "type": "Point",
        "coordinates": [
          72.8219188,
          18.9742153
        ]
      },
      "id": "node/7225067284"
    },
    {
      "type": "Feature",
      "properties": {
        "@id": "node/7226727393",
        "addr:district": "Mumbai",
        "addr:full": "Janabai Madhavrao Rokade Municipal School Ground Floor, Masjid Bunder Katha Bazzar, Mumbai",
        "addr:postcode": "400009",
        "addr:state": "Maharashtra",
        "amenity": "hospital",
        "emergency": "yes",
        "healthcare": "hospital",
        "name": "General Hospital, Janabai Rokade",
        "source": "OpenGovernmentData"
      },
      "geometry": {
        "type": "Point",
        "coordinates": [
          72.838827,
          18.95168
        ]
      },
      "id": "node/7226727393"
    },
    {
      "type": "Feature",
      "properties": {
        "@id": "node/7405089091",
        "amenity": "school",
        "name": "The Golden Spiral School"
      },
      "geometry": {
        "type": "Point",
        "coordinates": [
          72.813493,
          18.9737612
        ]
      },
      "id": "node/7405089091"
    },
    {
      "type": "Feature",
      "properties": {
        "@id": "node/7405863748",
        "amenity": "school",
        "name": "The Universal School, Tardeo"
      },
      "geometry": {
        "type": "Point",
        "coordinates": [
          72.8140038,
          18.9651298
        ]
      },
      "id": "node/7405863748"
    },
    {
      "type": "Feature",
      "properties": {
        "@id": "node/7405863749",
        "amenity": "school",
        "check_date": "2026-03-20",
        "name": "Grant Road Central High School"
      },
      "geometry": {
        "type": "Point",
        "coordinates": [
          72.8159226,
          18.9634363
        ]
      },
      "id": "node/7405863749"
    },
    {
      "type": "Feature",
      "properties": {
        "@id": "node/7411177793",
        "amenity": "school",
        "name": "Tardeo Municipal Secondary School"
      },
      "geometry": {
        "type": "Point",
        "coordinates": [
          72.8173698,
          18.9709943
        ]
      },
      "id": "node/7411177793"
    },
    {
      "type": "Feature",
      "properties": {
        "@id": "node/7411177799",
        "amenity": "school",
        "check_date": "2026-03-20",
        "name": "Education Inspector South"
      },
      "geometry": {
        "type": "Point",
        "coordinates": [
          72.8185191,
          18.9675962
        ]
      },
      "id": "node/7411177799"
    },
    {
      "type": "Feature",
      "properties": {
        "@id": "node/7411177803",
        "amenity": "school",
        "name": "Gilder Lane Muncipal School"
      },
      "geometry": {
        "type": "Point",
        "coordinates": [
          72.8189721,
          18.9684792
        ]
      },
      "id": "node/7411177803"
    },
    {
      "type": "Feature",
      "properties": {
        "@id": "node/7414783359",
        "addr:housenumber": "Nm Joshi Marg, Near Bycullaw Railway Station, Mumbai, Maharashtra",
        "amenity": "school",
        "name": "Sadhvi Savitribai Phule Upper Primary School"
      },
      "geometry": {
        "type": "Point",
        "coordinates": [
          72.8319417,
          18.9764347
        ]
      },
      "id": "node/7414783359"
    },
    {
      "type": "Feature",
      "properties": {
        "@id": "node/7414791530",
        "amenity": "school",
        "name": "Napoo High School"
      },
      "geometry": {
        "type": "Point",
        "coordinates": [
          72.8347715,
          18.9871
        ]
      },
      "id": "node/7414791530"
    },
    {
      "type": "Feature",
      "properties": {
        "@id": "node/7425930335",
        "addr:housenumber": "16",
        "addr:street": "Sir Pochkhanawala Road",
        "amenity": "school",
        "name": "Worli Seaface Municipal School"
      },
      "geometry": {
        "type": "Point",
        "coordinates": [
          72.8157382,
          19.0086699
        ]
      },
      "id": "node/7425930335"
    },
    {
      "type": "Feature",
      "properties": {
        "@id": "node/7430392503",
        "amenity": "school",
        "check_date": "2026-03-20",
        "fixme": "does not exist here, nor is this place called Worli Naka",
        "name": "Worli Naka Upper Primary School-Tamil"
      },
      "geometry": {
        "type": "Point",
        "coordinates": [
          72.8285467,
          18.9869676
        ]
      },
      "id": "node/7430392503"
    },
    {
      "type": "Feature",
      "properties": {
        "@id": "node/7430392504",
        "amenity": "school",
        "check_date": "2026-03-20",
        "name": "KASTURBA GANDHI MUNICIPAL SCHOOL"
      },
      "geometry": {
        "type": "Point",
        "coordinates": [
          72.8214434,
          18.9956112
        ]
      },
      "id": "node/7430392504"
    },
    {
      "type": "Feature",
      "properties": {
        "@id": "node/7433481437",
        "amenity": "hospital",
        "emergency": "no",
        "healthcare": "hospital",
        "name": "The Muslim Ambulance Society Diagnostic Center"
      },
      "geometry": {
        "type": "Point",
        "coordinates": [
          72.8340909,
          18.9540069
        ]
      },
      "id": "node/7433481437"
    },
    {
      "type": "Feature",
      "properties": {
        "@id": "node/7433481438",
        "amenity": "hospital",
        "healthcare": "hospital",
        "healthcare:speciality": "general;paediatrics;gynaecology;orthopaedics",
        "name": "Habib Hospital",
        "phone": "+91-22-23788100",
        "website": "http://habibhospital.com/"
      },
      "geometry": {
        "type": "Point",
        "coordinates": [
          72.8368049,
          18.9596948
        ]
      },
      "id": "node/7433481438"
    },
    {
      "type": "Feature",
      "properties": {
        "@id": "node/7433682214",
        "addr:district": "Mumbai City",
        "addr:full": "Shreeram Rane Chowk, Police Colony, New Nagpada, Byculla, Mumbai",
        "addr:postcode": "400008",
        "addr:state": "Maharastra",
        "amenity": "hospital",
        "healthcare": "hospital",
        "name": "Nagpada Police Hospital",
        "name:mr": "नागपाडा पोलीस रुग्णालय",
        "source": "Local Knowledge"
      },
      "geometry": {
        "type": "Point",
        "coordinates": [
          72.831912,
          18.9660613
        ]
      },
      "id": "node/7433682214"
    },
    {
      "type": "Feature",
      "properties": {
        "@id": "node/7433749757",
        "addr:postcode": "400010",
        "amenity": "hospital",
        "healthcare": "hospital",
        "healthcare:speciality": "gynaecology",
        "name": "Rajshree Maternity",
        "name:mr": "राजश्री मैटरनिटी"
      },
      "geometry": {
        "type": "Point",
        "coordinates": [
          72.8357505,
          18.9724219
        ]
      },
      "id": "node/7433749757"
    },
    {
      "type": "Feature",
      "properties": {
        "@id": "node/7433829905",
        "amenity": "hospital",
        "healthcare": "hospital",
        "healthcare:speciality": "oncology",
        "name": "Masina Cancer Center"
      },
      "geometry": {
        "type": "Point",
        "coordinates": [
          72.8357371,
          18.9749545
        ]
      },
      "id": "node/7433829905"
    },
    {
      "type": "Feature",
      "properties": {
        "@id": "node/7434309486",
        "addr:postcode": "400013",
        "addr:street": "Pandurang Budhkar Marg",
        "amenity": "school",
        "name": "Kamaladevi Gobindram Tahiliani High School"
      },
      "geometry": {
        "type": "Point",
        "coordinates": [
          72.8304056,
          19.0058854
        ]
      },
      "id": "node/7434309486"
    },
    {
      "type": "Feature",
      "properties": {
        "@id": "node/7442381761",
        "addr:street": "College Lane, MTNL Marg",
        "amenity": "school",
        "name": "Pragati School"
      },
      "geometry": {
        "type": "Point",
        "coordinates": [
          72.8356824,
          19.0209617
        ]
      },
      "id": "node/7442381761"
    },
    {
      "type": "Feature",
      "properties": {
        "@id": "node/7442381773",
        "addr:street": "Jamshetji Road",
        "amenity": "school",
        "name": "St. Michaels English Primary School"
      },
      "geometry": {
        "type": "Point",
        "coordinates": [
          72.8399288,
          19.0313861
        ]
      },
      "id": "node/7442381773"
    },
    {
      "type": "Feature",
      "properties": {
        "@id": "node/7442381774",
        "addr:street": "L.J. Cross Road 2",
        "amenity": "school",
        "name": "R.C.Mahim Municipal Urdu Primary"
      },
      "geometry": {
        "type": "Point",
        "coordinates": [
          72.8400202,
          19.0295396
        ]
      },
      "id": "node/7442381774"
    },
    {
      "type": "Feature",
      "properties": {
        "@id": "node/7442452600",
        "amenity": "school",
        "check_date": "2026-03-20",
        "isced:level": "1;2;3",
        "name": "Shishuvihar Madhyamik Vidhyala"
      },
      "geometry": {
        "type": "Point",
        "coordinates": [
          72.8477584,
          19.0224005
        ]
      },
      "id": "node/7442452600"
    },
    {
      "type": "Feature",
      "properties": {
        "@id": "node/7442452610",
        "amenity": "school",
        "name": "Saraswati Mandir School"
      },
      "geometry": {
        "type": "Point",
        "coordinates": [
          72.8481813,
          19.0200022
        ]
      },
      "id": "node/7442452610"
    },
    {
      "type": "Feature",
      "properties": {
        "@id": "node/7442452611",
        "amenity": "school",
        "education": "school",
        "fee": "yes",
        "isced:level": "1",
        "name": "Patkar Guruji Vidyalaya"
      },
      "geometry": {
        "type": "Point",
        "coordinates": [
          72.8487774,
          19.0206415
        ]
      },
      "id": "node/7442452611"
    },
    {
      "type": "Feature",
      "properties": {
        "@id": "node/7453717287",
        "amenity": "school",
        "name": "Kranti Singh Nana Patil Vidyalaya"
      },
      "geometry": {
        "type": "Point",
        "coordinates": [
          72.8480814,
          19.0108269
        ]
      },
      "id": "node/7453717287"
    },
    {
      "type": "Feature",
      "properties": {
        "@id": "node/7453717309",
        "amenity": "school",
        "name": "Matunga Labour Camp Upper Primary Marathi School"
      },
      "geometry": {
        "type": "Point",
        "coordinates": [
          72.8527661,
          19.0358812
        ]
      },
      "id": "node/7453717309"
    },
    {
      "type": "Feature",
      "properties": {
        "@id": "node/7453717329",
        "amenity": "school",
        "name": "Shree Amulakh Amichand Bhimji Vividhlakshi Vidyalaya"
      },
      "geometry": {
        "type": "Point",
        "coordinates": [
          72.8602496,
          19.0270588
        ]
      },
      "id": "node/7453717329"
    },
    {
      "type": "Feature",
      "properties": {
        "@id": "node/7453717330",
        "amenity": "school",
        "name": "I.H.Bhatia English Primary School"
      },
      "geometry": {
        "type": "Point",
        "coordinates": [
          72.8604438,
          19.0263438
        ]
      },
      "id": "node/7453717330"
    },
    {
      "type": "Feature",
      "properties": {
        "@id": "node/7463765598",
        "addr:housenumber": "VN Purav Rd, Dhobi Ghat, Pailipada, Trombay, Mumbai, Maharashtra 400088",
        "amenity": "school",
        "name": "Sir Sayyad English High School"
      },
      "geometry": {
        "type": "Point",
        "coordinates": [
          72.9456677,
          19.0366365
        ]
      },
      "id": "node/7463765598"
    },
    {
      "type": "Feature",
      "properties": {
        "@id": "node/7463765602",
        "addr:housenumber": "B R Patil Marg, Pailipada, Trombay, Mumbai, Maharashtra 400088",
        "amenity": "school",
        "name": "Crescent High School"
      },
      "geometry": {
        "type": "Point",
        "coordinates": [
          72.9456677,
          19.0355691
        ]
      },
      "id": "node/7463765602"
    },
    {
      "type": "Feature",
      "properties": {
        "@id": "node/7463765603",
        "addr:housenumber": "Pailipada, Trombay, Mumbai, Maharashtra 400088",
        "amenity": "school",
        "name": "Vivekanand English High School"
      },
      "geometry": {
        "type": "Point",
        "coordinates": [
          72.9441845,
          19.0344233
        ]
      },
      "id": "node/7463765603"
    },
    {
      "type": "Feature",
      "properties": {
        "@id": "node/7463765609",
        "amenity": "school",
        "name": "Trombay Municipal Marathi School"
      },
      "geometry": {
        "type": "Point",
        "coordinates": [
          72.9493518,
          19.0338443
        ]
      },
      "id": "node/7463765609"
    },
    {
      "type": "Feature",
      "properties": {
        "@id": "node/7463765611",
        "addr:housenumber": "Cheeta Camp, Trombay, Mumbai, Maharashtra 400088",
        "amenity": "school",
        "name": "Fazlani Star English High School and Junior College"
      },
      "geometry": {
        "type": "Point",
        "coordinates": [
          72.951103,
          19.0378275
        ]
      },
      "id": "node/7463765611"
    },
    {
      "type": "Feature",
      "properties": {
        "@id": "node/7463765612",
        "amenity": "school",
        "name": "Trombay Public High School"
      },
      "geometry": {
        "type": "Point",
        "coordinates": [
          72.948564,
          19.0406739
        ]
      },
      "id": "node/7463765612"
    },
    {
      "type": "Feature",
      "properties": {
        "@id": "node/7607557871",
        "addr:district": "Mumbai",
        "addr:full": "MS Ali Road, Siddharth Nagar, Kamathipura, Mumbai",
        "addr:postcode": "400008",
        "addr:state": "Maharashtra",
        "amenity": "hospital",
        "healthcare": "hospital",
        "name": "BMC Eye Hospital ,Kamathipura",
        "source": "Local Knowledge"
      },
      "geometry": {
        "type": "Point",
        "coordinates": [
          72.8265104,
          18.961983
        ]
      },
      "id": "node/7607557871"
    },
    {
      "type": "Feature",
      "properties": {
        "@id": "node/7607578889",
        "addr:district": "Mumbai",
        "addr:full": "Sainath Nagar, Indira Nagar, Ghatkopar West, Mumbai",
        "addr:postcode": "400086",
        "addr:state": "Maharashtra",
        "amenity": "hospital",
        "name": "Matoshree Ramabai Maternity BMC Hospital",
        "source": "Local Knowledge"
      },
      "geometry": {
        "type": "Point",
        "coordinates": [
          72.9103804,
          19.0960915
        ]
      },
      "id": "node/7607578889"
    },
    {
      "type": "Feature",
      "properties": {
        "@id": "node/7607631740",
        "addr:district": "Mumbai",
        "addr:full": "Deonar",
        "addr:postcode": "400043",
        "addr:state": "Maharashtra",
        "amenity": "hospital",
        "name": "Deonar Maternity Home",
        "source": "Local Knowledge"
      },
      "geometry": {
        "type": "Point",
        "coordinates": [
          72.9232104,
          19.0536272
        ]
      },
      "id": "node/7607631740"
    },
    {
      "type": "Feature",
      "properties": {
        "@id": "node/7607886540",
        "addr:district": "Mumbai",
        "addr:full": "Haji Ali, Keshavrao Khadye Marg",
        "addr:postcode": "400034",
        "addr:state": "Maharashtra",
        "amenity": "hospital",
        "name": "All India Institute of Physical Medicine and Rehabilitation",
        "source": "Local Knowledge"
      },
      "geometry": {
        "type": "Point",
        "coordinates": [
          72.8128747,
          18.9785849
        ]
      },
      "id": "node/7607886540"
    },
    {
      "type": "Feature",
      "properties": {
        "@id": "node/7663961397",
        "addr:district": "Mumbai Suburban",
        "addr:full": "Bus Terminus, North South Road, Opp Juhu, Vithal Nagar, Juhu, Mumbai",
        "addr:postcode": "400049",
        "addr:state": "Maharastra",
        "amenity": "hospital",
        "name": "Lotus Eye Hospital",
        "source": "Local Knowledge"
      },
      "geometry": {
        "type": "Point",
        "coordinates": [
          72.82763,
          19.10982
        ]
      },
      "id": "node/7663961397"
    },
    {
      "type": "Feature",
      "properties": {
        "@id": "node/7663961398",
        "addr:district": "Mumbai Suburban",
        "addr:full": "Sonapur Road, New Gautam Nagar, Govandi East, Mumbai",
        "addr:postcode": "400043",
        "addr:state": "Maharastra",
        "amenity": "hospital",
        "name": "Dr. Ashfaque Shah's City Hospital",
        "source": "Local Knowledge"
      },
      "geometry": {
        "type": "Point",
        "coordinates": [
          72.9169906,
          19.0605847
        ]
      },
      "id": "node/7663961398"
    },
    {
      "type": "Feature",
      "properties": {
        "@id": "node/7663961401",
        "addr:district": "Mumbai Suburban",
        "addr:full": "Eastern Express Highway, Ramabai Ambedkar Nagar, Mumbai",
        "addr:postcode": "400075",
        "addr:state": "Maharastra",
        "amenity": "hospital",
        "name": "Dadasaheb Gaikwad BMC Hospital",
        "source": "Local Knowledge"
      },
      "geometry": {
        "type": "Point",
        "coordinates": [
          72.91527,
          19.076394
        ]
      },
      "id": "node/7663961401"
    },
    {
      "type": "Feature",
      "properties": {
        "@id": "node/7663961402",
        "addr:district": "Mumbai Suburban",
        "addr:full": "Near Petrol Pump, Marol Naka, Andheri Kurla Road, Andheri East, Mumbai",
        "addr:postcode": "400059",
        "addr:state": "Maharastra",
        "amenity": "hospital",
        "check_date": "2025-10-24",
        "name": "Medicare Hospital",
        "source": "Local Knowledge"
      },
      "geometry": {
        "type": "Point",
        "coordinates": [
          72.877743,
          19.108448
        ]
      },
      "id": "node/7663961402"
    },
    {
      "type": "Feature",
      "properties": {
        "@id": "node/7663961403",
        "addr:district": "Mumbai Suburban",
        "addr:full": "Door No. 10, 1, Mahul Road, Laxmi Colony, Tolaram Colony, Chembur, Mumbai",
        "addr:postcode": "400071",
        "addr:state": "Maharastra",
        "amenity": "hospital",
        "name": "Chandra Maternity Hospital",
        "source": "Local Knowledge"
      },
      "geometry": {
        "type": "Point",
        "coordinates": [
          72.894166,
          19.042245
        ]
      },
      "id": "node/7663961403"
    },
    {
      "type": "Feature",
      "properties": {
        "@id": "node/7663961404",
        "addr:district": "Mumbai Suburban",
        "addr:full": "Besides SBI, Telli Galli, Andheri East, Mumbai",
        "addr:postcode": "400069",
        "addr:state": "Maharastra",
        "amenity": "hospital",
        "healthcare": "hospital",
        "name": "CritiCare Hospital",
        "source": "Local Knowledge"
      },
      "geometry": {
        "type": "Point",
        "coordinates": [
          72.8505516,
          19.1180803
        ]
      },
      "id": "node/7663961404"
    },
    {
      "type": "Feature",
      "properties": {
        "@id": "node/7663961406",
        "addr:district": "Mumbai Suburban",
        "addr:full": "G B Indulkar Road, Vishnu Prasad Society, Navpada, Vile Parle East, Mumbai",
        "addr:postcode": "400057",
        "addr:state": "Maharastra",
        "amenity": "hospital",
        "healthcare": "hospital",
        "name": "Dr. Sanjanwala Hospital",
        "source": "Local Knowledge"
      },
      "geometry": {
        "type": "Point",
        "coordinates": [
          72.8481238,
          19.1054972
        ]
      },
      "id": "node/7663961406"
    },
    {
      "type": "Feature",
      "properties": {
        "@id": "node/7663961413",
        "addr:district": "Mumbai Suburban",
        "addr:full": "Kirol Gaon, Ramabai Ambedkar Nagar, Mankur, Mumbai",
        "addr:postcode": "400075",
        "addr:state": "Maharastra",
        "amenity": "hospital",
        "name": "Sona Maternity and Surgical Nursing Home",
        "source": "Local Knowledge"
      },
      "geometry": {
        "type": "Point",
        "coordinates": [
          72.916753,
          19.07815
        ]
      },
      "id": "node/7663961413"
    },
    {
      "type": "Feature",
      "properties": {
        "@id": "node/7663961415",
        "addr:district": "Mumbai Suburban",
        "addr:full": "LBS Road, Bail Bajar, Saki Naka, Mumbai",
        "addr:postcode": "400070",
        "addr:state": "Maharastra",
        "amenity": "hospital",
        "name": "Subhash Hospital",
        "source": "Local Knowledge"
      },
      "geometry": {
        "type": "Point",
        "coordinates": [
          72.8816976,
          19.0826988
        ]
      },
      "id": "node/7663961415"
    },
    {
      "type": "Feature",
      "properties": {
        "@id": "node/7663961416",
        "addr:district": "Mumbai Suburban",
        "addr:full": "LBS Road, Kurla West, Kurla, Mumbai",
        "addr:postcode": "400070",
        "addr:state": "Maharastra",
        "amenity": "hospital",
        "healthcare": "hospital",
        "name": "Lions Club Medical Centre General Hospital",
        "source": "Local Knowledge"
      },
      "geometry": {
        "type": "Point",
        "coordinates": [
          72.8725536,
          19.0615419
        ]
      },
      "id": "node/7663961416"
    },
    {
      "type": "Feature",
      "properties": {
        "@id": "node/7663961417",
        "addr:district": "Mumbai Suburban",
        "addr:full": "88, New Hall Road, Jai Ambika Nagar, Christian Gaon, Kurla West, Mumbai",
        "addr:postcode": "400070",
        "addr:state": "Maharastra",
        "amenity": "hospital",
        "name": "Buddh Colony BMC Hospital",
        "source": "Local Knowledge"
      },
      "geometry": {
        "type": "Point",
        "coordinates": [
          72.8827185,
          19.0797861
        ]
      },
      "id": "node/7663961417"
    },
    {
      "type": "Feature",
      "properties": {
        "@id": "node/7663961419",
        "addr:district": "Mumbai Suburban",
        "addr:full": "513, Linking Road, Khar, Pali Village, Khar West, Mumbai",
        "addr:postcode": "400050",
        "addr:state": "Maharastra",
        "amenity": "hospital",
        "healthcare": "hospital",
        "name": "Kohinoor Hospital",
        "source": "Local Knowledge"
      },
      "geometry": {
        "type": "Point",
        "coordinates": [
          72.835138,
          19.064667
        ]
      },
      "id": "node/7663961419"
    },
    {
      "type": "Feature",
      "properties": {
        "@id": "node/7663961423",
        "addr:district": "Mumbai Suburban",
        "addr:full": "RM House, Khairani Road, Near Jama Masjid, Yadav Nagar, Chandivali, Powai, Mumbai",
        "addr:postcode": "400072",
        "addr:state": "Maharastra",
        "amenity": "hospital",
        "name": "Zobiya Hospital Maternity Home",
        "source": "Local Knowledge"
      },
      "geometry": {
        "type": "Point",
        "coordinates": [
          72.8931541,
          19.1072994
        ]
      },
      "id": "node/7663961423"
    },
    {
      "type": "Feature",
      "properties": {
        "@id": "node/7663961428",
        "addr:district": "Mumbai Suburban",
        "addr:full": "Pestom Sagar Road, Number 2, Chembur West, Asha Nagar, Mumbai",
        "addr:postcode": "400089",
        "addr:state": "Maharastra",
        "amenity": "hospital",
        "healthcare": "hospital",
        "name": "Kankal Hospital Child Specialist",
        "source": "Local Knowledge"
      },
      "geometry": {
        "type": "Point",
        "coordinates": [
          72.901948,
          19.068348
        ]
      },
      "id": "node/7663961428"
    },
    {
      "type": "Feature",
      "properties": {
        "@id": "node/7663961430",
        "addr:district": "Mumbai Suburban",
        "addr:full": "Kherani Road, Nair Wadi, Asalfa, Mumbai",
        "addr:postcode": "400072",
        "addr:state": "Maharastra",
        "amenity": "hospital",
        "name": "Sapna Maternity and General Hospital",
        "source": "Local Knowledge"
      },
      "geometry": {
        "type": "Point",
        "coordinates": [
          72.8934892,
          19.1026186
        ]
      },
      "id": "node/7663961430"
    },
    {
      "type": "Feature",
      "properties": {
        "@id": "node/7663961433",
        "addr:district": "Mumbai Suburban",
        "addr:full": "Ram Niwas Mohili Village, Saki Naka, Mumbai",
        "addr:postcode": "400072",
        "addr:state": "Maharastra",
        "amenity": "hospital",
        "name": "Dr. Chhajed Surgerical & Maternity Hospital",
        "source": "Local Knowledge"
      },
      "geometry": {
        "type": "Point",
        "coordinates": [
          72.8914583,
          19.1023801
        ]
      },
      "id": "node/7663961433"
    },
    {
      "type": "Feature",
      "properties": {
        "@id": "node/7663961434",
        "addr:district": "Mumbai Suburban",
        "addr:full": "Vikas Building Shree Chambers, Ganesh Co-operative Housing LTD, Sion - Trombay Road, Sindhi Society, Chembur, Mumbai",
        "addr:postcode": "400071",
        "addr:state": "Maharastra",
        "amenity": "hospital",
        "name": "Sai Hospital",
        "source": "Local Knowledge"
      },
      "geometry": {
        "type": "Point",
        "coordinates": [
          72.891364,
          19.054452
        ]
      },
      "id": "node/7663961434"
    },
    {
      "type": "Feature",
      "properties": {
        "@id": "node/7663961436",
        "addr:district": "Mumbai Suburban",
        "addr:full": "Opposite Quality Bakery, Near Shalimar Hotel, Swadeshi Mills Road, Kurla West, Kurla, Mumbai",
        "addr:postcode": "400070",
        "addr:state": "Maharastra",
        "amenity": "hospital",
        "healthcare": "hospital",
        "name": "Muskaan Hospital",
        "source": "Local Knowledge"
      },
      "geometry": {
        "type": "Point",
        "coordinates": [
          72.880408,
          19.078367
        ]
      },
      "id": "node/7663961436"
    },
    {
      "type": "Feature",
      "properties": {
        "@id": "node/7663961440",
        "addr:district": "Mumbai Suburban",
        "addr:full": "Bhatwadi, Bhim Nagar, Barve Nagar, Ghatkopar West, Mumbai",
        "addr:postcode": "400084",
        "addr:state": "Maharastra",
        "amenity": "hospital",
        "name": "Pasaydan Hospital and Trust",
        "source": "Local Knowledge"
      },
      "geometry": {
        "type": "Point",
        "coordinates": [
          72.9038731,
          19.0929208
        ]
      },
      "id": "node/7663961440"
    },
    {
      "type": "Feature",
      "properties": {
        "@id": "node/7663961441",
        "addr:district": "Mumbai Suburban",
        "addr:full": "Baman Apartment, Sion - Trombay Road, Chembur, Mumbai",
        "addr:postcode": "400071",
        "addr:state": "Maharastra",
        "amenity": "hospital",
        "name": "Amarnath Multidisciplinary Children's Hospital",
        "source": "Local Knowledge"
      },
      "geometry": {
        "type": "Point",
        "coordinates": [
          72.9060511,
          19.0492423
        ]
      },
      "id": "node/7663961441"
    },
    {
      "type": "Feature",
      "properties": {
        "@id": "node/7663961442",
        "addr:district": "Mumbai Suburban",
        "addr:full": "Blue Fortuna, Military Road, Sankara Nagar, Marol, Andheri East, Mumbai",
        "addr:postcode": "400059",
        "addr:state": "Maharastra",
        "amenity": "hospital",
        "name": "Cuddles N Care Pediatric Hospital",
        "source": "Local Knowledge"
      },
      "geometry": {
        "type": "Point",
        "coordinates": [
          72.8841859,
          19.1173421
        ]
      },
      "id": "node/7663961442"
    },
    {
      "type": "Feature",
      "properties": {
        "@id": "node/7663961443",
        "addr:district": "Mumbai Suburban",
        "addr:full": "AH Wadia Marg, Old Agra Road, Off, LBS Road, Opp. Shalimar Hotel, Kurla West, Mumbai",
        "addr:postcode": "400070",
        "addr:state": "Maharastra",
        "amenity": "hospital",
        "healthcare": "hospital",
        "name": "Habib Hospital",
        "source": "Local Knowledge"
      },
      "geometry": {
        "type": "Point",
        "coordinates": [
          72.880101,
          19.078247
        ]
      },
      "id": "node/7663961443"
    },
    {
      "type": "Feature",
      "properties": {
        "@id": "node/7663961444",
        "addr:district": "Mumbai Suburban",
        "addr:full": "Plot No.16, Prem Nivas, Mahul Road, Laxmi Colony, Chembur, Near Ashish Theatre, Mumbai",
        "addr:postcode": "400074",
        "addr:state": "Maharastra",
        "amenity": "hospital",
        "name": "Shiv Hospital",
        "source": "Local Knowledge"
      },
      "geometry": {
        "type": "Point",
        "coordinates": [
          72.8940869,
          19.0411897
        ]
      },
      "id": "node/7663961444"
    },
    {
      "type": "Feature",
      "properties": {
        "@id": "node/7663961445",
        "addr:district": "Mumbai Suburban",
        "addr:full": "Seth Govindram Jolly Marg, Group 2, Sona Intp Colony, Tagore Nagar, Vikhroli, Mumbai",
        "addr:postcode": "400083",
        "addr:state": "Maharastra",
        "amenity": "hospital",
        "name": "Ruby Hospital",
        "source": "Local Knowledge"
      },
      "geometry": {
        "type": "Point",
        "coordinates": [
          72.931802,
          19.116499
        ]
      },
      "id": "node/7663961445"
    },
    {
      "type": "Feature",
      "properties": {
        "@id": "node/7663961446",
        "addr:district": "Mumbai Suburban",
        "addr:full": "Behind Ashish Theater, Tolaram Colony, RCF Colony, Chembur, Mumbai",
        "addr:postcode": "400074",
        "addr:state": "Maharastra",
        "amenity": "hospital",
        "name": "RCF Hospital",
        "source": "Local Knowledge"
      },
      "geometry": {
        "type": "Point",
        "coordinates": [
          72.897252,
          19.040567
        ]
      },
      "id": "node/7663961446"
    },
    {
      "type": "Feature",
      "properties": {
        "@id": "node/7663961450",
        "addr:district": "Mumbai Suburban",
        "addr:full": "Dosti Building, D'souza Nagar, 90 Feet Road, Mayfair Industrial Area, Sakinaka, Andheri East, Mumbai",
        "addr:postcode": "400072",
        "addr:state": "Maharastra",
        "amenity": "hospital",
        "name": "Uma Hospital",
        "source": "Local Knowledge"
      },
      "geometry": {
        "type": "Point",
        "coordinates": [
          72.8870507,
          19.094566
        ]
      },
      "id": "node/7663961450"
    },
    {
      "type": "Feature",
      "properties": {
        "@id": "node/7663961454",
        "addr:district": "Mumbai Suburban",
        "addr:full": "Office No. 701, Trade Center, Bandra Kurla Complex, Opp. MTNL, Bandra (East), Mumbai",
        "addr:postcode": "400051",
        "addr:state": "Maharastra",
        "amenity": "hospital",
        "check_date": "2026-03-21",
        "name": "Alphine Life Solutions General Hospital",
        "source": "Local Knowledge"
      },
      "geometry": {
        "type": "Point",
        "coordinates": [
          72.871065,
          19.072612
        ]
      },
      "id": "node/7663961454"
    },
    {
      "type": "Feature",
      "properties": {
        "@id": "node/7663961457",
        "addr:district": "Mumbai Suburban",
        "addr:full": "Baji Prabhu Deshpande Road, Govandi West, Phase 1, Shivaji Nagar, Mumbai",
        "addr:postcode": "400043",
        "addr:state": "Maharastra",
        "amenity": "hospital",
        "name": "Mahavir Hospital",
        "source": "Local Knowledge"
      },
      "geometry": {
        "type": "Point",
        "coordinates": [
          72.9197954,
          19.0632122
        ]
      },
      "id": "node/7663961457"
    },
    {
      "type": "Feature",
      "properties": {
        "@id": "node/7663961459",
        "addr:district": "Mumbai Suburban",
        "addr:full": "Harihar Niwas, Besant Road, Santacruz West, Mumbai",
        "addr:postcode": "400054",
        "addr:state": "Maharastra",
        "amenity": "hospital",
        "healthcare": "hospital",
        "name": "Mangal Multispeciality Hospital",
        "source": "Local Knowledge"
      },
      "geometry": {
        "type": "Point",
        "coordinates": [
          72.8395008,
          19.0834657
        ]
      },
      "id": "node/7663961459"
    },
    {
      "type": "Feature",
      "properties": {
        "@id": "node/7663961462",
        "addr:district": "Mumbai Suburban",
        "addr:full": "Chittaranjan Road, Satsang CHSL, Navpada, Park Road, Vile Parle, Mumbai",
        "addr:postcode": "400057",
        "addr:state": "Maharastra",
        "amenity": "hospital",
        "healthcare": "hospital",
        "name": "Dr. Wagh Maternity Hospital",
        "source": "Local Knowledge"
      },
      "geometry": {
        "type": "Point",
        "coordinates": [
          72.848999,
          19.101669
        ]
      },
      "id": "node/7663961462"
    },
    {
      "type": "Feature",
      "properties": {
        "@id": "node/7663961463",
        "addr:district": "Mumbai Suburban",
        "addr:full": "Flat No.5/6 Sheetal Building, Narayan Nagar, Chunabhatti East, Mumbai",
        "addr:postcode": "400022",
        "addr:state": "Maharastra",
        "amenity": "hospital",
        "name": "Santrupti Hospital",
        "source": "Local Knowledge"
      },
      "geometry": {
        "type": "Point",
        "coordinates": [
          72.876813,
          19.053227
        ]
      },
      "id": "node/7663961463"
    },
    {
      "type": "Feature",
      "properties": {
        "@id": "node/7663961465",
        "addr:district": "Mumbai Suburban",
        "addr:full": "V. L Vaikunthlal Mehta Road, JVPD Scheme, Vile Parle",
        "addr:postcode": "400056",
        "addr:state": "Maharastra",
        "amenity": "hospital",
        "healthcare": "hospital",
        "name": "Sunridges Speciality Hospital",
        "operator": "Private",
        "operator:type": "private",
        "source": "Local Knowledge"
      },
      "geometry": {
        "type": "Point",
        "coordinates": [
          72.834862,
          19.103219
        ]
      },
      "id": "node/7663961465"
    },
    {
      "type": "Feature",
      "properties": {
        "@id": "node/7663961467",
        "addr:district": "Mumbai Suburban",
        "addr:full": "New Dwarkapuri Building, LBS Road, Next To Subiksha, Christian Gaon, Kurla, Mumbai",
        "addr:postcode": "400070",
        "addr:state": "Maharastra",
        "amenity": "hospital",
        "name": "Masoom Child Hospital",
        "source": "Local Knowledge"
      },
      "geometry": {
        "type": "Point",
        "coordinates": [
          72.8821058,
          19.0818439
        ]
      },
      "id": "node/7663961467"
    },
    {
      "type": "Feature",
      "properties": {
        "@id": "node/7663961471",
        "addr:district": "Mumbai Suburban",
        "addr:full": "Plot No 425, 10th Road, Near Sandu Garden, Chembur Gaothan, Chembur, Mumbai",
        "addr:postcode": "400071",
        "addr:state": "Maharastra",
        "amenity": "hospital",
        "name": "Zen Multi Speciality Hospital",
        "source": "Local Knowledge"
      },
      "geometry": {
        "type": "Point",
        "coordinates": [
          72.8969651,
          19.0559349
        ]
      },
      "id": "node/7663961471"
    },
    {
      "type": "Feature",
      "properties": {
        "@id": "node/7663961472",
        "addr:district": "Mumbai Suburban",
        "addr:full": "Postal Colony Road, Chembur East, Postal Colony, Mumbai",
        "addr:postcode": "400071",
        "addr:state": "Maharastra",
        "amenity": "hospital",
        "name": "Shrimati Diwaliben Mohanlal Mehta Maa Sarvasadharan Rugnalay Hospital",
        "source": "Local Knowledge"
      },
      "geometry": {
        "type": "Point",
        "coordinates": [
          72.8967193,
          19.0619918
        ]
      },
      "id": "node/7663961472"
    },
    {
      "type": "Feature",
      "properties": {
        "@id": "node/7663961476",
        "addr:district": "Mumbai Suburban",
        "addr:full": "9-1, Laxmi Colony, Tolaram Colony, RCF Colony, Chembur, Mumbai",
        "addr:postcode": "400074",
        "addr:state": "Maharastra",
        "amenity": "hospital",
        "name": "Chandra Hospital",
        "source": "Local Knowledge"
      },
      "geometry": {
        "type": "Point",
        "coordinates": [
          72.8947434,
          19.0413817
        ]
      },
      "id": "node/7663961476"
    },
    {
      "type": "Feature",
      "properties": {
        "@id": "node/7663961478",
        "addr:district": "Mumbai Suburban",
        "addr:full": "Near Station, Ambedkar Garden, 19th Road, D Marg, Chembur, Mumbai",
        "addr:postcode": "400071",
        "addr:state": "Maharastra",
        "amenity": "hospital",
        "healthcare": "hospital",
        "name": "Shree Hospital",
        "source": "Local Knowledge"
      },
      "geometry": {
        "type": "Point",
        "coordinates": [
          72.9000956,
          19.0605329
        ]
      },
      "id": "node/7663961478"
    },
    {
      "type": "Feature",
      "properties": {
        "@id": "node/7663961479",
        "addr:district": "Mumbai Suburban",
        "addr:full": "Akansha Building, VN Purav Marg, Opp. Muncipal Hospital, Chunabhatti, Mumbai",
        "addr:postcode": "400022",
        "addr:state": "Maharastra",
        "amenity": "hospital",
        "name": "Prathamesh Hospital",
        "source": "Local Knowledge"
      },
      "geometry": {
        "type": "Point",
        "coordinates": [
          72.87496,
          19.052772
        ]
      },
      "id": "node/7663961479"
    },
    {
      "type": "Feature",
      "properties": {
        "@id": "node/7663961482",
        "addr:district": "Mumbai Suburban",
        "addr:full": "Behind Sakinaka Telephone Exchange, Safed Pul, Saki Naka, Mumbai",
        "addr:postcode": "400072",
        "addr:state": "Maharastra",
        "amenity": "hospital",
        "name": "Central Hospital & Child Care Centre",
        "source": "Local Knowledge"
      },
      "geometry": {
        "type": "Point",
        "coordinates": [
          72.8829976,
          19.1002971
        ]
      },
      "id": "node/7663961482"
    },
    {
      "type": "Feature",
      "properties": {
        "@id": "node/7663961484",
        "addr:district": "Mumbai Suburban",
        "addr:full": "Raza Estate, Opp BMC School, Andheri Ghatkopar Link Road, Andheri East, Mumbai",
        "addr:postcode": "400072",
        "addr:state": "Maharastra",
        "amenity": "hospital",
        "name": "Apex Multi Speciality Hospital",
        "source": "Local Knowledge"
      },
      "geometry": {
        "type": "Point",
        "coordinates": [
          72.8916481,
          19.0994867
        ]
      },
      "id": "node/7663961484"
    },
    {
      "type": "Feature",
      "properties": {
        "@id": "node/7663961486",
        "addr:district": "Mumbai Suburban",
        "addr:full": "Sir Mathuradas Vasanji Road, Lokmanya Tilak Nagar, Saki Naka, Mumbai",
        "addr:postcode": "400072",
        "addr:state": "Maharastra",
        "amenity": "hospital",
        "name": "Mohili Village Municipal Hospital",
        "source": "Local Knowledge"
      },
      "geometry": {
        "type": "Point",
        "coordinates": [
          72.892138,
          19.097922
        ]
      },
      "id": "node/7663961486"
    },
    {
      "type": "Feature",
      "properties": {
        "@id": "node/7663961492",
        "addr:district": "Mumbai Suburban",
        "addr:full": "Khairani Road, Ansa Industrial Estate, Chandivali, Asalpha, Mumbai",
        "addr:postcode": "400072",
        "addr:state": "Maharastra",
        "amenity": "hospital",
        "name": "Asmira Hospital",
        "source": "Local Knowledge"
      },
      "geometry": {
        "type": "Point",
        "coordinates": [
          72.8920753,
          19.1070662
        ]
      },
      "id": "node/7663961492"
    },
    {
      "type": "Feature",
      "properties": {
        "@id": "node/7663961493",
        "addr:district": "Mumbai Suburban",
        "addr:full": "B, 82, 72, Govandi Station Road, Deonar, Chembur, Mumbai",
        "addr:postcode": "400088",
        "addr:state": "Maharastra",
        "amenity": "hospital",
        "name": "Shashikant Hospital",
        "source": "Local Knowledge"
      },
      "geometry": {
        "type": "Point",
        "coordinates": [
          72.901475,
          19.061966
        ]
      },
      "id": "node/7663961493"
    },
    {
      "type": "Feature",
      "properties": {
        "@id": "node/7663961495",
        "addr:district": "Mumbai Suburban",
        "addr:full": "Shivaji Nagar, Govandi West, Phase 1, Shivaji Nagar, Mumbai",
        "addr:postcode": "400043",
        "addr:state": "Maharastra",
        "amenity": "hospital",
        "name": "Jeevan Jyot Hospital and Nursing Home",
        "source": "Local Knowledge"
      },
      "geometry": {
        "type": "Point",
        "coordinates": [
          72.9199586,
          19.0636814
        ]
      },
      "id": "node/7663961495"
    },
    {
      "type": "Feature",
      "properties": {
        "@id": "node/7664032187",
        "addr:district": "Mumbai City",
        "addr:full": "Khemraj Srikrishna Das Marg, Grant Road, Khetwadi, Girgaon, Mumbai",
        "addr:postcode": "400004",
        "addr:state": "Maharastra",
        "amenity": "hospital",
        "healthcare": "hospital",
        "name": "Dr. Sanjay Shah Hospital",
        "source": "Local Knowledge"
      },
      "geometry": {
        "type": "Point",
        "coordinates": [
          72.823862,
          18.959185
        ]
      },
      "id": "node/7664032187"
    },
    {
      "type": "Feature",
      "properties": {
        "@id": "node/7664032188",
        "addr:district": "Mumbai City",
        "addr:full": "Zaobawadi Road, Marine Lines East, Thakurdwar, Kalbadevi, Mumbai",
        "addr:postcode": "400002",
        "addr:state": "Maharastra",
        "amenity": "hospital",
        "healthcare": "hospital",
        "name": "Suryakant Wagal Maternity Hospital",
        "source": "Local Knowledge"
      },
      "geometry": {
        "type": "Point",
        "coordinates": [
          72.8236501,
          18.9513853
        ]
      },
      "id": "node/7664032188"
    },
    {
      "type": "Feature",
      "properties": {
        "@id": "node/7664032192",
        "addr:district": "Mumbai City",
        "addr:full": "R K Madani Building, Babasaheb Ambedkar Nagar, Mumbai",
        "addr:postcode": "400028",
        "addr:state": "Maharastra",
        "amenity": "hospital",
        "healthcare": "hospital",
        "name": "Gorai Naka Nalasopara Zoya Hospital",
        "source": "Local Knowledge"
      },
      "geometry": {
        "type": "Point",
        "coordinates": [
          72.835058,
          19.012455
        ]
      },
      "id": "node/7664032192"
    },
    {
      "type": "Feature",
      "properties": {
        "@id": "node/7664032193",
        "addr:district": "Mumbai City",
        "addr:full": "Devidas Mansion, 4, Behind Taj Hotel, Apollo Bandar, Colaba, Mumbai",
        "addr:postcode": "400005",
        "addr:state": "Maharastra",
        "amenity": "hospital",
        "name": "Kalajot Hospital",
        "source": "Local Knowledge"
      },
      "geometry": {
        "type": "Point",
        "coordinates": [
          72.832811,
          18.923038
        ]
      },
      "id": "node/7664032193"
    },
    {
      "type": "Feature",
      "properties": {
        "@id": "node/7664032196",
        "addr:district": "Mumbai City",
        "addr:full": "20, Dr E Moses Road, Gandhi Nagar, Upper Worli, Lower Parel, Mumbai",
        "addr:postcode": "400013",
        "addr:state": "Maharastra",
        "amenity": "hospital",
        "check_date": "2026-03-20",
        "name": "Anand Niketan Hospital",
        "opening_hours": "24/7",
        "source": "Local Knowledge"
      },
      "geometry": {
        "type": "Point",
        "coordinates": [
          72.8230369,
          18.9887771
        ]
      },
      "id": "node/7664032196"
    },
    {
      "type": "Feature",
      "properties": {
        "@id": "node/7664032197",
        "addr:district": "Mumbai City",
        "addr:full": "Dadyseth Road, Opp Bombay Garage, Chowpatty, Mumbai",
        "addr:postcode": "400007",
        "addr:state": "Maharastra",
        "amenity": "hospital",
        "name": "Desa's Hospital",
        "source": "Local Knowledge"
      },
      "geometry": {
        "type": "Point",
        "coordinates": [
          72.807685,
          18.956001
        ]
      },
      "id": "node/7664032197"
    },
    {
      "type": "Feature",
      "properties": {
        "@id": "node/7664032200",
        "addr:district": "Mumbai City",
        "addr:full": "KM Munshi Road, Gamdevi, Mumbai",
        "addr:postcode": "400007",
        "addr:state": "Maharastra",
        "amenity": "hospital",
        "name": "Dolby Hospital",
        "source": "Local Knowledge"
      },
      "geometry": {
        "type": "Point",
        "coordinates": [
          72.8115973,
          18.9570962
        ]
      },
      "id": "node/7664032200"
    },
    {
      "type": "Feature",
      "properties": {
        "@id": "node/7664032202",
        "addr:district": "Mumbai City",
        "addr:full": "Rupal Apartment, 1st Floor, Dadasaheb Phalke Road, Dadar East, Mumbai",
        "addr:postcode": "400014",
        "addr:state": "Maharastra",
        "amenity": "hospital",
        "check_date": "2026-03-20",
        "name": "Ashvini Nursing Home",
        "source": "Local Knowledge"
      },
      "geometry": {
        "type": "Point",
        "coordinates": [
          72.8424841,
          19.0146087
        ]
      },
      "id": "node/7664032202"
    },
    {
      "type": "Feature",
      "properties": {
        "@id": "node/7664032203",
        "addr:district": "Mumbai City",
        "addr:full": "37, St Mary Road, Tadwadi, Mazgaon, Mumbai",
        "addr:postcode": "400010",
        "addr:state": "Maharastra",
        "amenity": "hospital",
        "name": "Dr. Shantilal Oza Hospital",
        "source": "Local Knowledge"
      },
      "geometry": {
        "type": "Point",
        "coordinates": [
          72.838751,
          18.967509
        ]
      },
      "id": "node/7664032203"
    },
    {
      "type": "Feature",
      "properties": {
        "@id": "node/7664032209",
        "addr:district": "Mumbai City",
        "addr:full": "Dharavi Vivekananda Cooperative Housing Society Limited, RP Nagar, Dharavi, Mumbai",
        "addr:postcode": "400017",
        "addr:state": "Maharastra",
        "amenity": "hospital",
        "healthcare": "hospital",
        "name": "Janani Hospital",
        "source": "Local Knowledge"
      },
      "geometry": {
        "type": "Point",
        "coordinates": [
          72.854633,
          19.040411
        ]
      },
      "id": "node/7664032209"
    },
    {
      "type": "Feature",
      "properties": {
        "@id": "node/7664032211",
        "addr:district": "Mumbai City",
        "addr:full": "Elphinstone Bridge, Babasaheb Ambedkar Nagar, Parel, Mumbai",
        "addr:postcode": "400012",
        "addr:state": "Maharastra",
        "amenity": "hospital",
        "name": "Laxmi Niwas General Hospital",
        "source": "Local Knowledge"
      },
      "geometry": {
        "type": "Point",
        "coordinates": [
          72.835476,
          19.008175
        ]
      },
      "id": "node/7664032211"
    },
    {
      "type": "Feature",
      "properties": {
        "@id": "node/7664032212",
        "addr:district": "Mumbai City",
        "addr:full": "90 Feet Road, Dharavi Slums, Laxmi Baug, Dharavi, Mumbai",
        "addr:postcode": "400017",
        "addr:state": "Maharastra",
        "amenity": "hospital",
        "healthcare": "hospital",
        "name": "Resham Hospital",
        "source": "Local Knowledge"
      },
      "geometry": {
        "type": "Point",
        "coordinates": [
          72.8596339,
          19.0456326
        ]
      },
      "id": "node/7664032212"
    },
    {
      "type": "Feature",
      "properties": {
        "@id": "node/7664032213",
        "addr:district": "Mumbai City",
        "addr:full": "Sitladevi Temple Road, Mahim West, Mahim, Mumbai",
        "addr:postcode": "400016",
        "addr:state": "Maharastra",
        "amenity": "hospital",
        "healthcare": "hospital",
        "name": "New Ratna Hospital",
        "source": "Local Knowledge"
      },
      "geometry": {
        "type": "Point",
        "coordinates": [
          72.8386025,
          19.0358599
        ]
      },
      "id": "node/7664032213"
    },
    {
      "type": "Feature",
      "properties": {
        "@id": "node/7664032214",
        "addr:district": "Mumbai City",
        "addr:full": "N S Patkar Marg, Opp Westside, Babulnath, Dadi Sheth Wadi, Gamdevi, Mumbai",
        "addr:postcode": "400007",
        "addr:state": "Maharastra",
        "amenity": "hospital",
        "name": "Smt. Motiben B. Dalvi Hospital",
        "source": "Local Knowledge"
      },
      "geometry": {
        "type": "Point",
        "coordinates": [
          72.8102818,
          18.9582867
        ]
      },
      "id": "node/7664032214"
    },
    {
      "type": "Feature",
      "properties": {
        "@id": "node/7664032215",
        "addr:district": "Mumbai City",
        "addr:full": "101, Inder Tower, Gokhale Road, Near Tilak Bhavan, Dadar West, Mumbai",
        "addr:postcode": "400028",
        "addr:state": "Maharastra",
        "amenity": "hospital",
        "healthcare": "hospital",
        "name": "Punamiya Hospital",
        "source": "Local Knowledge"
      },
      "geometry": {
        "type": "Point",
        "coordinates": [
          72.833644,
          19.012145
        ]
      },
      "id": "node/7664032215"
    },
    {
      "type": "Feature",
      "properties": {
        "@id": "node/7664032217",
        "addr:district": "Mumbai City",
        "addr:full": "2, Banganga Cross Lane, Teen Batti, Malabar Hill, Mumbai",
        "addr:postcode": "400006",
        "addr:state": "Maharastra",
        "amenity": "hospital",
        "name": "Khimji Jeeva Sanitorium Hospital",
        "source": "Local Knowledge"
      },
      "geometry": {
        "type": "Point",
        "coordinates": [
          72.7952414,
          18.9459308
        ]
      },
      "id": "node/7664032217"
    },
    {
      "type": "Feature",
      "properties": {
        "@id": "node/7664032218",
        "addr:district": "Mumbai City",
        "addr:full": "Digvijay Mill Building, Dattaram Lad Marg, Ghodapdeo, Byculla East, Mumbai",
        "addr:postcode": "400033",
        "addr:state": "Maharastra",
        "amenity": "hospital",
        "name": "Astha Nursing Home",
        "source": "Local Knowledge"
      },
      "geometry": {
        "type": "Point",
        "coordinates": [
          72.8376926,
          18.9881485
        ]
      },
      "id": "node/7664032218"
    },
    {
      "type": "Feature",
      "properties": {
        "@id": "node/7664032219",
        "addr:district": "Mumbai City",
        "addr:full": "Old Prabhadevi Road, G-South Ward, Dadar West, Prabhadevi, Mumbai",
        "addr:postcode": "400025",
        "addr:state": "Maharastra",
        "amenity": "hospital",
        "healthcare": "hospital",
        "healthcare:speciality": "general",
        "name": "BMC Hospital",
        "source": "Local Knowledge"
      },
      "geometry": {
        "type": "Point",
        "coordinates": [
          72.8261774,
          19.015443
        ]
      },
      "id": "node/7664032219"
    },
    {
      "type": "Feature",
      "properties": {
        "@id": "node/7664032220",
        "addr:district": "Mumbai City",
        "addr:full": "Rambha Bhavan, Near Babulnath Temple, Khareghat Colony, Malabar Hill, Mumbai",
        "addr:postcode": "400007",
        "addr:state": "Maharastra",
        "amenity": "hospital",
        "name": "Hospital For Women Care",
        "source": "Local Knowledge"
      },
      "geometry": {
        "type": "Point",
        "coordinates": [
          72.807333,
          18.957089
        ]
      },
      "id": "node/7664032220"
    },
    {
      "type": "Feature",
      "properties": {
        "@id": "node/7664032222",
        "addr:district": "Mumbai City",
        "addr:full": "Building No.1, Ground Floor, New Mahim Police Colony, Mahim, Mumbai",
        "addr:postcode": "400016",
        "addr:state": "Maharastra",
        "amenity": "hospital",
        "name": "Mahim Police Hospital",
        "source": "Local Knowledge"
      },
      "geometry": {
        "type": "Point",
        "coordinates": [
          72.84134,
          19.047153
        ]
      },
      "id": "node/7664032222"
    },
    {
      "type": "Feature",
      "properties": {
        "@id": "node/7664032224",
        "addr:district": "Mumbai City",
        "addr:full": "Welkarwadi BMC Building, LJ Cross Road, Opp.Darga Sarff, Mahim West, Mahim, Mumbai",
        "addr:postcode": "400016",
        "addr:state": "Maharastra",
        "amenity": "hospital",
        "healthcare": "hospital",
        "name": "Welkarwadi BMC Hospital",
        "source": "Local Knowledge"
      },
      "geometry": {
        "type": "Point",
        "coordinates": [
          72.840027,
          19.03978
        ]
      },
      "id": "node/7664032224"
    },
    {
      "type": "Feature",
      "properties": {
        "@id": "node/7664032225",
        "addr:district": "Mumbai City",
        "addr:full": "Baig Mansion, Chowpatty Medical Centre 3, Babulnath Road, Mumbai",
        "addr:postcode": "400007",
        "addr:state": "Maharastra",
        "amenity": "hospital",
        "name": "Dr. Nadeem Rais Endocrinologist",
        "source": "Local Knowledge"
      },
      "geometry": {
        "type": "Point",
        "coordinates": [
          72.8084083,
          18.9559782
        ]
      },
      "id": "node/7664032225"
    },
    {
      "type": "Feature",
      "properties": {
        "@id": "node/7664032231",
        "addr:district": "Mumbai City",
        "addr:full": "Bobby Apartments, Near Mahim Bazar, P.O., Kapad Bazar, Mahim West, Mumbai",
        "addr:postcode": "400016",
        "addr:state": "Maharastra",
        "amenity": "hospital",
        "healthcare": "hospital",
        "name": "Raj Ratan Hospital",
        "source": "Local Knowledge"
      },
      "geometry": {
        "type": "Point",
        "coordinates": [
          72.8400357,
          19.0363379
        ]
      },
      "id": "node/7664032231"
    },
    {
      "type": "Feature",
      "properties": {
        "@id": "node/7664032232",
        "addr:district": "Mumbai City",
        "addr:full": "RB2 Central Railway Quarters, Jain Society, Sion, Mumbai",
        "addr:postcode": "400022",
        "addr:state": "Maharastra",
        "amenity": "hospital",
        "check_date": "2026-03-20",
        "healthcare": "hospital",
        "name": "Sion Hospital",
        "source": "Local Knowledge"
      },
      "geometry": {
        "type": "Point",
        "coordinates": [
          72.8598664,
          19.0363806
        ]
      },
      "id": "node/7664032232"
    },
    {
      "type": "Feature",
      "properties": {
        "@id": "node/7664032233",
        "addr:district": "Mumbai City",
        "addr:full": "5, Walchand Hirachand Marg, Ballard Estate, Fort, Mumbai",
        "addr:postcode": "400001",
        "addr:state": "Maharastra",
        "amenity": "hospital",
        "name": "Reliance Health Ventures Limited Hospital",
        "source": "Local Knowledge"
      },
      "geometry": {
        "type": "Point",
        "coordinates": [
          72.8403416,
          18.9368113
        ]
      },
      "id": "node/7664032233"
    },
    {
      "type": "Feature",
      "properties": {
        "@id": "node/7664032237",
        "addr:district": "Mumbai City",
        "addr:full": "43-A/43B, Dr Anandrao Nair Marg, RTO Colony, Mumbai Central, Mumbai",
        "addr:postcode": "400008",
        "addr:state": "Maharastra",
        "amenity": "hospital",
        "check_date": "2026-03-20",
        "healthcare": "hospital",
        "name": "Nair Hospital",
        "source": "Local Knowledge"
      },
      "geometry": {
        "type": "Point",
        "coordinates": [
          72.8219132,
          18.9730222
        ]
      },
      "id": "node/7664032237"
    },
    {
      "type": "Feature",
      "properties": {
        "@id": "node/7664032240",
        "addr:district": "Mumbai City",
        "addr:full": "Bandra Reclamation Road, Muslim Nagar, Kumbhar Wada, Bandra West, Mumbai",
        "addr:postcode": "400017",
        "addr:state": "Maharastra",
        "amenity": "hospital",
        "healthcare": "hospital",
        "name": "Lelavati Hospital",
        "source": "Local Knowledge"
      },
      "geometry": {
        "type": "Point",
        "coordinates": [
          72.8553219,
          19.04033
        ]
      },
      "id": "node/7664032240"
    },
    {
      "type": "Feature",
      "properties": {
        "@id": "node/7664032241",
        "addr:district": "Mumbai City",
        "addr:full": "Dharavi Vivekananda Cooperative Housing Society Limited, 90 Feet Road, Muslim Nagar, RP Nagar, Dharavi, Mumbai",
        "addr:postcode": "400017",
        "addr:state": "Maharastra",
        "amenity": "hospital",
        "healthcare": "hospital",
        "name": "Aayush Hospital",
        "source": "Local Knowledge"
      },
      "geometry": {
        "type": "Point",
        "coordinates": [
          72.854812,
          19.040315
        ]
      },
      "id": "node/7664032241"
    },
    {
      "type": "Feature",
      "properties": {
        "@id": "node/7664032243",
        "addr:district": "Mumbai City",
        "addr:full": "Dharavi, Mumbai",
        "addr:postcode": "400017",
        "addr:state": "Maharastra",
        "amenity": "hospital",
        "name": "Lifecare Hospital",
        "source": "Local Knowledge"
      },
      "geometry": {
        "type": "Point",
        "coordinates": [
          72.857919,
          19.0479325
        ]
      },
      "id": "node/7664032243"
    },
    {
      "type": "Feature",
      "properties": {
        "@id": "node/7664032244",
        "addr:district": "Mumbai City",
        "addr:full": "31, Lower Parel East, BDD Chawl, Lower Parel, Mumbai",
        "addr:postcode": "400013",
        "addr:state": "Maharastra",
        "amenity": "hospital",
        "check_date": "2026-03-20",
        "healthcare": "hospital",
        "name": "Mhaskar Hospital",
        "source": "Local Knowledge"
      },
      "geometry": {
        "type": "Point",
        "coordinates": [
          72.8294352,
          18.9921984
        ]
      },
      "id": "node/7664032244"
    },
    {
      "type": "Feature",
      "properties": {
        "@id": "node/7896696885",
        "addr:city": "Mumbai",
        "addr:country": "IN",
        "addr:postcode": "400070",
        "addr:street": "S G Barve Marg, Kurla West",
        "amenity": "school",
        "description": "education from Nursery to Class 10",
        "email": "communications.oisk@orchids.edu.in",
        "name": "Orchids The International School, Kurla",
        "name:en": "Orchids The International School, Kurla",
        "opening_hours": "Mo-Su 09:00-18:30",
        "operator": "Orchids The International School",
        "operator:type": "private",
        "phone": "9513923100",
        "website": "https://www.orchidsinternationalschool.com/mumbai-branches/kurla/"
      },
      "geometry": {
        "type": "Point",
        "coordinates": [
          72.8791177,
          19.0678395
        ]
      },
      "id": "node/7896696885"
    },
    {
      "type": "Feature",
      "properties": {
        "@id": "node/7912220986",
        "addr:housenumber": "6A",
        "addr:postcode": "400703",
        "addr:street": "MAFCO Rd, beside Swami Vivekanand School, Sector 26, Vashi",
        "amenity": "school",
        "email": "communications.oisvsh@orchids.edu.in",
        "name:en": "Orchids The International School - Vashi",
        "opening_hours": "Mo-Su 09:00-18:30",
        "operator": "Orchids International School",
        "phone": "9513731352",
        "website": "https://www.orchidsinternationalschool.com/mumbai-branches/vashi/"
      },
      "geometry": {
        "type": "Point",
        "coordinates": [
          73.0141812,
          19.0876871
        ]
      },
      "id": "node/7912220986"
    },
    {
      "type": "Feature",
      "properties": {
        "@id": "node/7912349790",
        "addr:housenumber": "4 - 83",
        "addr:postcode": "400083",
        "addr:street": "SM Mandir Marg, Rajiv Gandhi Nagar, Vikhroli",
        "amenity": "school",
        "email": "communications.oisvkh@orchids.edu.in",
        "name:en": "Orchids The International School, Vikhroli",
        "opening_hours": "Mo-Su 09:00-18:30",
        "operator": "Orchids International School",
        "phone": "9513731352",
        "website": "https://www.orchidsinternationalschool.com/mumbai-branches/vikhroli/"
      },
      "geometry": {
        "type": "Point",
        "coordinates": [
          72.9308431,
          19.1210633
        ]
      },
      "id": "node/7912349790"
    },
    {
      "type": "Feature",
      "properties": {
        "@id": "node/7912405385",
        "addr:housenumber": "#84",
        "addr:postcode": "400009",
        "addr:street": "C.V.O.D. Jain Pathshala, SVP Road, Samuel Street (PalaGaly), Masjid Bunder",
        "amenity": "school",
        "email": "communications.oisp@orchids.edu.in",
        "name:en": "Orchids The International School, Masjid Bunder",
        "opening_hours": "Mo-Su 09:00-18:30",
        "operator": "Orchids International School",
        "phone": "9513731352",
        "website": "https://www.orchidsinternationalschool.com/mumbai-branches/masjid-bunder/"
      },
      "geometry": {
        "type": "Point",
        "coordinates": [
          72.8366214,
          18.9562488
        ]
      },
      "id": "node/7912405385"
    },
    {
      "type": "Feature",
      "properties": {
        "@id": "node/8100020840",
        "amenity": "school",
        "check_date": "2026-03-21",
        "denomination": "catholic",
        "name": "St. Charles Girls' High chool, ground",
        "religion": "christian"
      },
      "geometry": {
        "type": "Point",
        "coordinates": [
          72.855288,
          19.0803065
        ]
      },
      "id": "node/8100020840"
    },
    {
      "type": "Feature",
      "properties": {
        "@id": "node/8797105668",
        "addr:district": "Mumbai",
        "addr:full": "Sant Savata Mali Marg, Naralwadi, Sewri, Mumbai",
        "addr:postcode": "400027",
        "addr:state": "Maharashtra",
        "amenity": "hospital",
        "source": "Local Knowledge"
      },
      "geometry": {
        "type": "Point",
        "coordinates": [
          72.8416085,
          18.9764756
        ]
      },
      "id": "node/8797105668"
    },
    {
      "type": "Feature",
      "properties": {
        "@id": "node/8797139771",
        "addr:district": "Mumbai",
        "addr:full": "A Wing, Ghatkopar, Mumbai",
        "addr:postcode": "400086",
        "addr:state": "Maharashtra",
        "amenity": "hospital",
        "name": "Sapna Health Care Centre Pvt Ltd",
        "source": "Local Knowledge"
      },
      "geometry": {
        "type": "Point",
        "coordinates": [
          72.8836535,
          19.0846423
        ]
      },
      "id": "node/8797139771"
    },
    {
      "type": "Feature",
      "properties": {
        "@id": "node/8797173216",
        "addr:district": "Mumbai",
        "addr:full": "E-1, Society, Ghatkopar West, Mumbai",
        "addr:postcode": "400086",
        "addr:state": "Maharashtra",
        "amenity": "hospital",
        "check_date": "2026-06-20",
        "name": "Shantiniketan Hospital",
        "phone": "+91 84510 23444",
        "source": "Local Knowledge"
      },
      "geometry": {
        "type": "Point",
        "coordinates": [
          72.9137056,
          19.0952772
        ]
      },
      "id": "node/8797173216"
    },
    {
      "type": "Feature",
      "properties": {
        "@id": "node/8797197801",
        "addr:district": "Mumbai",
        "addr:full": "VN Purav Marg, Chunabhatti, Mumbai",
        "addr:postcode": "400022",
        "addr:state": "Maharashtra",
        "amenity": "hospital",
        "name": "Dalvi Nursing Home",
        "source": "Local Knowledge"
      },
      "geometry": {
        "type": "Point",
        "coordinates": [
          72.8732117,
          19.0526857
        ]
      },
      "id": "node/8797197801"
    },
    {
      "type": "Feature",
      "properties": {
        "@id": "node/8797726541",
        "addr:district": "Mumbai",
        "addr:full": "SS Wagh Marg, Old bdd chawl, Naigaon, Dadar, Mumbai",
        "addr:postcode": "400014",
        "addr:state": "Maharashtra",
        "amenity": "hospital",
        "healthcare": "hospital",
        "name": "Naigaon Municipal Maternity Home",
        "source": "Local Knowledge"
      },
      "geometry": {
        "type": "Point",
        "coordinates": [
          72.8460141,
          19.0115774
        ]
      },
      "id": "node/8797726541"
    },
    {
      "type": "Feature",
      "properties": {
        "@id": "node/8798069854",
        "addr:district": "Mumbai",
        "addr:full": "5th Floor, 'A' Wing, Pranik Chamber, Marol, Andheri East, Mumbai",
        "addr:postcode": "400072",
        "addr:state": "Maharashtra",
        "amenity": "hospital",
        "name": "Axon Hospital & Dialysis Center",
        "source": "Local Knowledge"
      },
      "geometry": {
        "type": "Point",
        "coordinates": [
          72.887139,
          19.1053464
        ]
      },
      "id": "node/8798069854"
    },
    {
      "type": "Feature",
      "properties": {
        "@id": "node/8798161108",
        "addr:district": "Mumbai",
        "addr:full": "BEST Colony, Santacruz West, Mumbai",
        "addr:postcode": "400054",
        "addr:state": "Maharashtra",
        "amenity": "hospital",
        "name": "Surya Hospital",
        "source": "Local Knowledge"
      },
      "geometry": {
        "type": "Point",
        "coordinates": [
          72.8376684,
          19.0899538
        ]
      },
      "id": "node/8798161108"
    },
    {
      "type": "Feature",
      "properties": {
        "@id": "node/8801598781",
        "addr:district": "Mumbai",
        "addr:full": "Plot No. 77, Vile Parle, Mumbai",
        "addr:postcode": "400057",
        "addr:state": "Maharashtra",
        "amenity": "hospital",
        "name": "Babasaheb Gawde Hospital",
        "source": "Local Knowledge"
      },
      "geometry": {
        "type": "Point",
        "coordinates": [
          72.8463493,
          19.0997223
        ]
      },
      "id": "node/8801598781"
    },
    {
      "type": "Feature",
      "properties": {
        "@id": "node/8816437186",
        "addr:district": "Thane",
        "addr:full": "Kopar Khairane, Navi Mumbai",
        "addr:postcode": "400709",
        "addr:state": "Maharashtra",
        "amenity": "hospital",
        "name": "Mathadi Hospital KK",
        "source": "Local Knowledge"
      },
      "geometry": {
        "type": "Point",
        "coordinates": [
          73.0037038,
          19.1043782
        ]
      },
      "id": "node/8816437186"
    },
    {
      "type": "Feature",
      "properties": {
        "@id": "node/8816467181",
        "addr:district": "Thane",
        "addr:full": "Plot No 34-37, CBD Belapur, Navi Mumbai",
        "addr:postcode": "400614",
        "addr:state": "Maharashtra",
        "amenity": "hospital",
        "name": "Acharya Shri Nanesh Hospital",
        "source": "Local Knowledge"
      },
      "geometry": {
        "type": "Point",
        "coordinates": [
          73.0411944,
          19.0332935
        ]
      },
      "id": "node/8816467181"
    },
    {
      "type": "Feature",
      "properties": {
        "@id": "node/8816508984",
        "addr:district": "Thane",
        "addr:full": "Plot No 516, Teli Gali, Andheri East",
        "addr:postcode": "400069",
        "addr:state": "Maharashtra",
        "amenity": "hospital",
        "name": "CritiCare Hospital",
        "source": "Local Knowledge"
      },
      "geometry": {
        "type": "Point",
        "coordinates": [
          72.8504612,
          19.1172807
        ]
      },
      "id": "node/8816508984"
    },
    {
      "type": "Feature",
      "properties": {
        "@id": "node/8816579299",
        "addr:district": "Thane",
        "addr:full": "plot 108, 109, Juhu ,Vashi, Navi Mumbai",
        "addr:postcode": "400703",
        "addr:state": "Maharashtra",
        "amenity": "hospital",
        "name": "Vinamra Swaraj Hospital",
        "source": "Local Knowledge"
      },
      "geometry": {
        "type": "Point",
        "coordinates": [
          73.0030788,
          19.0875015
        ]
      },
      "id": "node/8816579299"
    },
    {
      "type": "Feature",
      "properties": {
        "@id": "node/8817020641",
        "addr:city": "Mumbai",
        "addr:housenumber": "1877",
        "addr:postcode": "400011",
        "addr:street": "Doctor Anandrao Nair Marg, Near Agripada Police Station Mumbai Central East, Agripada",
        "amenity": "hospital",
        "check_date": "2026-03-20",
        "healthcare": "hospital",
        "healthcare:speciality": "Arthroplasty;Arthroscopy;Hip_Replacement;Knee_Replacement;Trauma",
        "name": "Dr Mudit Khanna",
        "website": "https://www.drmuditkhanna.com/"
      },
      "geometry": {
        "type": "Point",
        "coordinates": [
          72.8237596,
          18.9752297
        ]
      },
      "id": "node/8817020641"
    },
    {
      "type": "Feature",
      "properties": {
        "@id": "node/8817571670",
        "addr:district": "Thane",
        "addr:full": "Plot No. 46/K/1,2 3, Govandi West, Shivaji Nagar, Mumbai",
        "addr:postcode": "400043",
        "addr:state": "Maharashtra",
        "amenity": "hospital",
        "name": "S.N. Hospital",
        "source": "Local Knowledge"
      },
      "geometry": {
        "type": "Point",
        "coordinates": [
          72.921592,
          19.062128
        ]
      },
      "id": "node/8817571670"
    },
    {
      "type": "Feature",
      "properties": {
        "@id": "node/9055069383",
        "amenity": "school",
        "name": "Prabhadevi Municipal School"
      },
      "geometry": {
        "type": "Point",
        "coordinates": [
          72.828683,
          19.0108648
        ]
      },
      "id": "node/9055069383"
    },
    {
      "type": "Feature",
      "properties": {
        "@id": "node/9055082839",
        "amenity": "school",
        "check_date": "2026-03-20",
        "name": "Guru Nank English High School"
      },
      "geometry": {
        "type": "Point",
        "coordinates": [
          72.8446515,
          19.0124003
        ]
      },
      "id": "node/9055082839"
    },
    {
      "type": "Feature",
      "properties": {
        "@id": "node/9056958182",
        "amenity": "school",
        "isced:level": "1",
        "name": "The Blossom English Primary School"
      },
      "geometry": {
        "type": "Point",
        "coordinates": [
          72.8280567,
          18.938294
        ]
      },
      "id": "node/9056958182"
    },
    {
      "type": "Feature",
      "properties": {
        "@id": "node/9060641466",
        "amenity": "school",
        "name": "Bhausaheb Hiray Vidyalaya"
      },
      "geometry": {
        "type": "Point",
        "coordinates": [
          72.812634,
          18.973182
        ]
      },
      "id": "node/9060641466"
    },
    {
      "type": "Feature",
      "properties": {
        "@id": "node/9060840937",
        "amenity": "school",
        "name": "VLN High School"
      },
      "geometry": {
        "type": "Point",
        "coordinates": [
          72.8347508,
          18.9868553
        ]
      },
      "id": "node/9060840937"
    },
    {
      "type": "Feature",
      "properties": {
        "@id": "node/9116487322",
        "amenity": "school",
        "operator:type": "religious"
      },
      "geometry": {
        "type": "Point",
        "coordinates": [
          72.82408,
          19.127313
        ]
      },
      "id": "node/9116487322"
    },
    {
      "type": "Feature",
      "properties": {
        "@id": "node/9215480148",
        "addr:district": "Mumbai",
        "addr:full": "Ambedkar Nagar, Kurla West",
        "addr:postcode": "400070",
        "addr:state": "Maharashtra",
        "amenity": "hospital",
        "description": "Private Hospital",
        "name": "Bhabha Hospital",
        "source": "Local Knowledge"
      },
      "geometry": {
        "type": "Point",
        "coordinates": [
          72.878112,
          19.0708455
        ]
      },
      "id": "node/9215480148"
    },
    {
      "type": "Feature",
      "properties": {
        "@id": "node/9215659357",
        "addr:district": "Mumbai",
        "addr:full": "Dadar West",
        "addr:postcode": "400028",
        "addr:state": "Maharashtra",
        "amenity": "hospital",
        "description": "Private Hospital",
        "name": "Thyrocare Aarogyam Center - Dadar West",
        "source": "Local Knowledge"
      },
      "geometry": {
        "type": "Point",
        "coordinates": [
          72.8419304,
          19.0207825
        ]
      },
      "id": "node/9215659357"
    },
    {
      "type": "Feature",
      "properties": {
        "@id": "node/9441680530",
        "amenity": "hospital",
        "healthcare": "hospital"
      },
      "geometry": {
        "type": "Point",
        "coordinates": [
          72.8271482,
          19.0554479
        ]
      },
      "id": "node/9441680530"
    },
    {
      "type": "Feature",
      "properties": {
        "@id": "node/9470829702",
        "addr:city": "mumbai",
        "addr:housenumber": "Shubham Flora",
        "addr:postcode": "400071",
        "addr:street": "Ramakrishna Chemburkar Marg",
        "amenity": "hospital",
        "healthcare": "hospital",
        "name": "Satvic Hospital"
      },
      "geometry": {
        "type": "Point",
        "coordinates": [
          72.894684,
          19.0519425
        ]
      },
      "id": "node/9470829702"
    },
    {
      "type": "Feature",
      "properties": {
        "@id": "node/10048595319",
        "amenity": "school",
        "name": "Amulakh amichand vidyalaya"
      },
      "geometry": {
        "type": "Point",
        "coordinates": [
          72.8603055,
          19.0271011
        ]
      },
      "id": "node/10048595319"
    },
    {
      "type": "Feature",
      "properties": {
        "@id": "node/10172914421",
        "amenity": "hospital",
        "healthcare": "hospital",
        "name": "Fauziya hospital"
      },
      "geometry": {
        "type": "Point",
        "coordinates": [
          72.8731767,
          19.0627787
        ]
      },
      "id": "node/10172914421"
    },
    {
      "type": "Feature",
      "properties": {
        "@id": "node/10172914423",
        "amenity": "hospital",
        "healthcare": "hospital",
        "name": "bhabha hospital"
      },
      "geometry": {
        "type": "Point",
        "coordinates": [
          72.8781127,
          19.0708724
        ]
      },
      "id": "node/10172914423"
    },
    {
      "type": "Feature",
      "properties": {
        "@id": "node/10172914425",
        "amenity": "hospital",
        "check_date": "2026-03-21",
        "healthcare": "hospital",
        "name": "Alphine life solutions general hospital"
      },
      "geometry": {
        "type": "Point",
        "coordinates": [
          72.8710522,
          19.072649
        ]
      },
      "id": "node/10172914425"
    },
    {
      "type": "Feature",
      "properties": {
        "@id": "node/10172914426",
        "amenity": "hospital",
        "healthcare": "hospital",
        "name": "Dalvi nursing home"
      },
      "geometry": {
        "type": "Point",
        "coordinates": [
          72.8732182,
          19.0527267
        ]
      },
      "id": "node/10172914426"
    },
    {
      "type": "Feature",
      "properties": {
        "@id": "node/10172914427",
        "amenity": "hospital",
        "healthcare": "hospital",
        "name": "Prathamesh hospital"
      },
      "geometry": {
        "type": "Point",
        "coordinates": [
          72.8749595,
          19.0528
        ]
      },
      "id": "node/10172914427"
    },
    {
      "type": "Feature",
      "properties": {
        "@id": "node/10172914428",
        "amenity": "hospital",
        "healthcare": "hospital",
        "name": "Brihanmumbai mucipality Hospital"
      },
      "geometry": {
        "type": "Point",
        "coordinates": [
          72.8751862,
          19.0532885
        ]
      },
      "id": "node/10172914428"
    },
    {
      "type": "Feature",
      "properties": {
        "@id": "node/10172914429",
        "amenity": "hospital",
        "healthcare": "hospital",
        "name": "Santrupti hospital"
      },
      "geometry": {
        "type": "Point",
        "coordinates": [
          72.876812,
          19.0532245
        ]
      },
      "id": "node/10172914429"
    },
    {
      "type": "Feature",
      "properties": {
        "@id": "node/10172914433",
        "amenity": "hospital",
        "healthcare": "hospital",
        "name": "Dr.Sanjay sonar laparoscopy and scopy centre"
      },
      "geometry": {
        "type": "Point",
        "coordinates": [
          72.8973108,
          19.0590301
        ]
      },
      "id": "node/10172914433"
    },
    {
      "type": "Feature",
      "properties": {
        "@id": "node/10172914443",
        "amenity": "hospital",
        "healthcare": "hospital",
        "name": "Amita Patil Nursing Home"
      },
      "geometry": {
        "type": "Point",
        "coordinates": [
          72.8997239,
          19.0622534
        ]
      },
      "id": "node/10172914443"
    },
    {
      "type": "Feature",
      "properties": {
        "@id": "node/10172914444",
        "amenity": "hospital",
        "healthcare": "hospital",
        "name": "Chandra maternity Hospital"
      },
      "geometry": {
        "type": "Point",
        "coordinates": [
          72.8941536,
          19.0422679
        ]
      },
      "id": "node/10172914444"
    },
    {
      "type": "Feature",
      "properties": {
        "@id": "node/10172914445",
        "amenity": "hospital",
        "healthcare": "hospital",
        "name": "Chandra Hospital"
      },
      "geometry": {
        "type": "Point",
        "coordinates": [
          72.8947448,
          19.0414049
        ]
      },
      "id": "node/10172914445"
    },
    {
      "type": "Feature",
      "properties": {
        "@id": "node/10172914446",
        "amenity": "hospital",
        "healthcare": "hospital",
        "name": "Shiv Hospital"
      },
      "geometry": {
        "type": "Point",
        "coordinates": [
          72.8940795,
          19.0412186
        ]
      },
      "id": "node/10172914446"
    },
    {
      "type": "Feature",
      "properties": {
        "@id": "node/10172914447",
        "amenity": "hospital",
        "healthcare": "hospital",
        "name": "RCF Hospital"
      },
      "geometry": {
        "type": "Point",
        "coordinates": [
          72.8972639,
          19.0406126
        ]
      },
      "id": "node/10172914447"
    },
    {
      "type": "Feature",
      "properties": {
        "@id": "node/10172914448",
        "amenity": "hospital",
        "healthcare": "hospital",
        "name": "Nayak medicare -chembur"
      },
      "geometry": {
        "type": "Point",
        "coordinates": [
          72.9024989,
          19.0456806
        ]
      },
      "id": "node/10172914448"
    },
    {
      "type": "Feature",
      "properties": {
        "@id": "node/10172914449",
        "amenity": "hospital",
        "healthcare": "hospital",
        "name": "Inlaska Hospital"
      },
      "geometry": {
        "type": "Point",
        "coordinates": [
          72.8964139,
          19.0466542
        ]
      },
      "id": "node/10172914449"
    },
    {
      "type": "Feature",
      "properties": {
        "@id": "node/10607816273",
        "amenity": "hospital",
        "check_date": "2026-03-21",
        "healthcare": "hospital"
      },
      "geometry": {
        "type": "Point",
        "coordinates": [
          72.8569934,
          19.0814514
        ]
      },
      "id": "node/10607816273"
    },
    {
      "type": "Feature",
      "properties": {
        "@id": "node/10616180012",
        "amenity": "hospital",
        "healthcare": "hospital"
      },
      "geometry": {
        "type": "Point",
        "coordinates": [
          72.8271144,
          18.9783359
        ]
      },
      "id": "node/10616180012"
    },
    {
      "type": "Feature",
      "properties": {
        "@id": "node/10878535991",
        "addr:housenumber": "02267111111",
        "addr:street": "Saraswati Road",
        "amenity": "school",
        "name": "Podar International School",
        "source": "AND"
      },
      "geometry": {
        "type": "Point",
        "coordinates": [
          72.8379688,
          19.0790492
        ]
      },
      "id": "node/10878535991"
    },
    {
      "type": "Feature",
      "properties": {
        "@id": "node/11050854563",
        "addr:city": "Navi Mumbai",
        "addr:district": "Thane",
        "addr:postcode": "400703",
        "addr:street": "Shree polyclinic, Nirman Vyapar Kendra, C/O Shree Poly Clinic, 114 Hotel Navratna Building, Sector 17, vashi",
        "amenity": "hospital",
        "healthcare": "hospital",
        "healthcare:speciality": "urology",
        "name": "Dr Ninad Tamboli- Urologist at Terna Hospital, Terna Speciality Hospital and research center",
        "operator": "Novosalus Technology",
        "operator:type": "private",
        "wheelchair": "yes"
      },
      "geometry": {
        "type": "Point",
        "coordinates": [
          73.0163389,
          19.0315293
        ]
      },
      "id": "node/11050854563"
    },
    {
      "type": "Feature",
      "properties": {
        "@id": "node/11192643417",
        "amenity": "hospital",
        "healthcare": "hospital",
        "healthcare:speciality": "vaccination",
        "name": "Nursing Home"
      },
      "geometry": {
        "type": "Point",
        "coordinates": [
          72.8690282,
          19.1108158
        ]
      },
      "id": "node/11192643417"
    },
    {
      "type": "Feature",
      "properties": {
        "@id": "node/11263873540",
        "addr:postcode": "400086",
        "addr:street": "Amrut Nagar",
        "amenity": "hospital",
        "name:en": "Adarsh Hospital",
        "phone": "022 2500 7853"
      },
      "geometry": {
        "type": "Point",
        "coordinates": [
          72.9121067,
          19.1015846
        ]
      },
      "id": "node/11263873540"
    },
    {
      "type": "Feature",
      "properties": {
        "@id": "node/11296361349",
        "amenity": "school",
        "name": "Learner's Academy I.C.S.E School"
      },
      "geometry": {
        "type": "Point",
        "coordinates": [
          72.8270872,
          19.061141
        ]
      },
      "id": "node/11296361349"
    },
    {
      "type": "Feature",
      "properties": {
        "@id": "node/11426731276",
        "amenity": "hospital",
        "name": "KLS Memorial Hospital"
      },
      "geometry": {
        "type": "Point",
        "coordinates": [
          72.8408635,
          19.1079187
        ]
      },
      "id": "node/11426731276"
    },
    {
      "type": "Feature",
      "properties": {
        "@id": "node/11426738529",
        "amenity": "school",
        "name": "Mumbai Public School"
      },
      "geometry": {
        "type": "Point",
        "coordinates": [
          72.852419,
          19.1098119
        ]
      },
      "id": "node/11426738529"
    },
    {
      "type": "Feature",
      "properties": {
        "@id": "node/11426739575",
        "addr:street": "Juhu Tara Road",
        "amenity": "school",
        "name": "Juhu Tara Municipal School"
      },
      "geometry": {
        "type": "Point",
        "coordinates": [
          72.8282127,
          19.0919763
        ]
      },
      "id": "node/11426739575"
    },
    {
      "type": "Feature",
      "properties": {
        "@id": "node/11430465717",
        "amenity": "hospital",
        "healthcare": "hospital",
        "healthcare:speciality": "homeopathy",
        "name": "Noble chemist",
        "operator": "Noble pharmaceuticals",
        "operator:type": "private"
      },
      "geometry": {
        "type": "Point",
        "coordinates": [
          72.9022577,
          19.0771201
        ]
      },
      "id": "node/11430465717"
    },
    {
      "type": "Feature",
      "properties": {
        "@id": "node/11617868277",
        "addr:city": "Mumbai",
        "addr:district": "Mumbai Suburban",
        "addr:postcode": "400076",
        "addr:street": "Adi Sankaracharya Marg",
        "amenity": "hospital",
        "healthcare": "hospital",
        "healthcare:speciality": "otolaryngology",
        "name": "dr.anjali's hospital",
        "opening_hours": "Mo-Su 09:00-21:00",
        "operator": "dr.anjali",
        "operator:type": "private"
      },
      "geometry": {
        "type": "Point",
        "coordinates": [
          72.9160425,
          19.1245264
        ]
      },
      "id": "node/11617868277"
    },
    {
      "type": "Feature",
      "properties": {
        "@id": "node/11691635521",
        "amenity": "hospital",
        "healthcare": "hospital",
        "name": "Cessna Lifeline Veterinary Hospital"
      },
      "geometry": {
        "type": "Point",
        "coordinates": [
          73.0338451,
          19.0072459
        ]
      },
      "id": "node/11691635521"
    },
    {
      "type": "Feature",
      "properties": {
        "@id": "node/11691647051",
        "amenity": "school",
        "name": "Amity International School"
      },
      "geometry": {
        "type": "Point",
        "coordinates": [
          73.0366023,
          19.0094021
        ]
      },
      "id": "node/11691647051"
    },
    {
      "type": "Feature",
      "properties": {
        "@id": "node/11697877354",
        "amenity": "school",
        "name": "S.M. Shetty School Ground"
      },
      "geometry": {
        "type": "Point",
        "coordinates": [
          72.9054975,
          19.115227
        ]
      },
      "id": "node/11697877354"
    },
    {
      "type": "Feature",
      "properties": {
        "@id": "node/11698432789",
        "amenity": "school",
        "grades": "11-12",
        "name": "IItian's PACE - Andheri",
        "website": "https://iitianspace.com/"
      },
      "geometry": {
        "type": "Point",
        "coordinates": [
          72.8454164,
          19.1203044
        ]
      },
      "id": "node/11698432789"
    },
    {
      "type": "Feature",
      "properties": {
        "@id": "node/12150771601",
        "amenity": "hospital",
        "healthcare": "hospital",
        "name": "Agarwal Children's Hospital",
        "outdoor_seating": "no"
      },
      "geometry": {
        "type": "Point",
        "coordinates": [
          72.8480068,
          19.0588838
        ]
      },
      "id": "node/12150771601"
    },
    {
      "type": "Feature",
      "properties": {
        "@id": "node/12307080607",
        "amenity": "hospital",
        "healthcare": "hospital",
        "healthcare:speciality": "general;dentist;internal;physiotherapy;fertility",
        "level": "1",
        "name": "Sai Asha Hospital"
      },
      "geometry": {
        "type": "Point",
        "coordinates": [
          73.0190447,
          19.0375602
        ]
      },
      "id": "node/12307080607"
    },
    {
      "type": "Feature",
      "properties": {
        "@id": "node/12311758511",
        "addr:district": "Mumbai",
        "addr:full": "Khokhani Lane, Opposite Ghatkopar Rly. Station, Ghatkopar",
        "addr:postcode": "400077",
        "addr:state": "Maharashtra",
        "amenity": "hospital",
        "name": "Parakh Hospital and Research Centre - Ghatkopar",
        "source": "OpenGovernmentData"
      },
      "geometry": {
        "type": "Point",
        "coordinates": [
          72.907615,
          19.0845459
        ]
      },
      "id": "node/12311758511"
    },
    {
      "type": "Feature",
      "properties": {
        "@id": "node/12413297718",
        "amenity": "hospital",
        "healthcare": "hospital"
      },
      "geometry": {
        "type": "Point",
        "coordinates": [
          72.8450037,
          19.0722491
        ]
      },
      "id": "node/12413297718"
    },
    {
      "type": "Feature",
      "properties": {
        "@id": "node/12415386367",
        "addr:city": "mumbai santacruz",
        "addr:housenumber": "2",
        "addr:postcode": "400055",
        "addr:street": "golibar road",
        "amenity": "hospital",
        "healthcare": "hospital",
        "name": "sanjivani hospital",
        "opening_hours": "24/7"
      },
      "geometry": {
        "type": "Point",
        "coordinates": [
          72.8443905,
          19.0726487
        ]
      },
      "id": "node/12415386367"
    },
    {
      "type": "Feature",
      "properties": {
        "@id": "node/12479914831",
        "amenity": "school",
        "check_date": "2026-03-21"
      },
      "geometry": {
        "type": "Point",
        "coordinates": [
          72.8494628,
          19.0815886
        ]
      },
      "id": "node/12479914831"
    },
    {
      "type": "Feature",
      "properties": {
        "@id": "node/12555159227",
        "addr:city": "Mumbai",
        "addr:district": "Mumbai",
        "addr:housenumber": "222",
        "addr:postcode": "400008",
        "addr:street": "Dimtimakar Road",
        "amenity": "hospital",
        "email": "sshaikh@gmail.com",
        "emergency": "yes",
        "healthcare": "hospital",
        "healthcare:speciality": "dentist;ophthalmology;orthodontics;dermatology;biology;gynaecology;radiology;otolaryngology;orthopaedics;internal;osteopathy;plastic_surgery;chiropractic;physiotherapy;urology;general;cardiology;surgery;neurology;emergency;psychiatry;traditional_chinese_m",
        "name": "siddiqui",
        "opening_hours": "Mo-Su 09:00-21:00",
        "operator": "iffat",
        "operator:type": "public"
      },
      "geometry": {
        "type": "Point",
        "coordinates": [
          72.8288189,
          18.9666988
        ]
      },
      "id": "node/12555159227"
    },
    {
      "type": "Feature",
      "properties": {
        "@id": "node/12560946824",
        "amenity": "hospital",
        "check_date": "2026-03-12",
        "healthcare": "hospital",
        "name": "Apollo Hospitals",
        "operator": "Apollo Hospitals",
        "operator:type": "private",
        "operator:wikidata": "Q4780321"
      },
      "geometry": {
        "type": "Point",
        "coordinates": [
          72.831386,
          18.9232674
        ]
      },
      "id": "node/12560946824"
    },
    {
      "type": "Feature",
      "properties": {
        "@id": "node/12573856473",
        "addr:city": "Mumbai",
        "addr:postcode": "400021",
        "addr:street": "Maharshi Karve Rd, Nariman Point",
        "amenity": "hospital",
        "healthcare": "hospital",
        "name": "Indian Cancer Society"
      },
      "geometry": {
        "type": "Point",
        "coordinates": [
          72.8274992,
          18.9231434
        ]
      },
      "id": "node/12573856473"
    },
    {
      "type": "Feature",
      "properties": {
        "@id": "node/12603333590",
        "addr:city": "Mumbai",
        "addr:district": "Mumbai",
        "addr:housenumber": "36/2515 Abhyudayanagar Sagar Chs",
        "addr:postcode": "400033",
        "addr:street": "G D Ambedkar Marg (Parel Tank Road)",
        "amenity": "hospital",
        "email": "sattvapediatric@gmail.com",
        "healthcare": "hospital",
        "healthcare:speciality": "paediatrics;vaccination;neonatology;child_psychiatry",
        "image": "https://lh3.googleusercontent.com/p/AF1QipNqWO4N20NhKCfqGCxIpUpdiu8KE_mlghX88Cle=s1360-w1360-h1020",
        "level": "0",
        "mobile": "+918655285545",
        "name": "Sattva Pediatric - Dr. Rishabh K. Shah",
        "operator": "Dr. Rishabh K. Shah",
        "operator:type": "private",
        "payment:cards": "yes",
        "payment:cash": "yes",
        "payment:credit_cards": "yes",
        "payment:debit_cards": "yes",
        "payment:upi": "yes",
        "website": "https://www.google.com/search?gs_ssp=eJzj4tVP1zc0LE_LMTbILso1YLRSNagwTko1T04zNLO0MDAxNk0ytTKoMDExSzY3Tk42TkkyTDJMM_cSKE4sKSlLVChITclMLCnKTAYA7LAV0Q&q=sattva+pediatric&oq=sattva+pediat&gs_lcrp=EgZjaHJvbWUqDQgBEC4YrwEYxwEYgAQyCggAEAAY4wIYgAQyDQgBEC4YrwEYxwE"
      },
      "geometry": {
        "type": "Point",
        "coordinates": [
          72.8414756,
          18.9899194
        ]
      },
      "id": "node/12603333590"
    },
    {
      "type": "Feature",
      "properties": {
        "@id": "node/12688155437",
        "addr:city": "Mumbai",
        "addr:country": "IN",
        "addr:district": "Mumbai",
        "addr:housenumber": "201, Sapphire Plaza",
        "addr:postcode": "400053",
        "addr:street": "Dadabhai Road",
        "amenity": "hospital",
        "description": "Centre for Dermatology & Lasers",
        "emergency": "no",
        "healthcare": "hospital",
        "healthcare:speciality": "dermatology;dermatovenereology",
        "level": "2",
        "mobile": "+91-9136095925",
        "name": "Auro Skin Clinic",
        "opening_hours": "Mo-Sa 10:00-18:00",
        "operator": "Dr Avina Jain",
        "operator:type": "business",
        "payment:american_express": "yes",
        "payment:cash": "yes",
        "payment:contactless": "yes",
        "payment:credit_cards": "yes",
        "payment:debit_cards": "yes",
        "payment:google_pay": "yes",
        "payment:mastercard": "yes",
        "payment:visa": "yes",
        "website": "https://www.auroskin.in"
      },
      "geometry": {
        "type": "Point",
        "coordinates": [
          72.8414741,
          19.1059731
        ]
      },
      "id": "node/12688155437"
    },
    {
      "type": "Feature",
      "properties": {
        "@id": "node/13088720350",
        "amenity": "hospital",
        "emergency": "yes",
        "healthcare": "hospital",
        "name": "goel hospital"
      },
      "geometry": {
        "type": "Point",
        "coordinates": [
          72.8642165,
          19.1100931
        ]
      },
      "id": "node/13088720350"
    },
    {
      "type": "Feature",
      "properties": {
        "@id": "node/13096586484",
        "addr:city": "mumbai",
        "addr:district": "mumbai suburban",
        "addr:housenumber": "123",
        "addr:postcode": "400077",
        "addr:street": "Hingwala Lane",
        "amenity": "school",
        "name": "svdd",
        "religion": "hindu"
      },
      "geometry": {
        "type": "Point",
        "coordinates": [
          72.9083633,
          19.0827272
        ]
      },
      "id": "node/13096586484"
    },
    {
      "type": "Feature",
      "properties": {
        "@id": "node/13097872633",
        "amenity": "school",
        "name": "Podar International School",
        "name:en": "Podar International School"
      },
      "geometry": {
        "type": "Point",
        "coordinates": [
          72.837565,
          19.0694479
        ]
      },
      "id": "node/13097872633"
    },
    {
      "type": "Feature",
      "properties": {
        "@id": "node/13116847401",
        "addr:postcode": "400004",
        "addr:street": "Khetwadi 12th Lane",
        "amenity": "school",
        "name": "Sant Gadge Maharaj School"
      },
      "geometry": {
        "type": "Point",
        "coordinates": [
          72.8212203,
          18.9598574
        ]
      },
      "id": "node/13116847401"
    },
    {
      "type": "Feature",
      "properties": {
        "@id": "node/13377774440",
        "addr:city": "mumbai",
        "addr:postcode": "400005",
        "addr:street": "s bharucha marg",
        "amenity": "hospital",
        "healthcare": "hospital",
        "healthcare:speciality": "ophthalmology",
        "name": "Kataria eye clinic",
        "operator": "Mr. Kataria",
        "operator:type": "private"
      },
      "geometry": {
        "type": "Point",
        "coordinates": [
          72.8296146,
          18.9192257
        ]
      },
      "id": "node/13377774440"
    },
    {
      "type": "Feature",
      "properties": {
        "@id": "node/13533576101",
        "addr:postcode": "400043",
        "addr:street": "Natvar Parekh Compound Road",
        "amenity": "school",
        "email": "mpscbsenpc@gmail.com",
        "name": "MPS CBSE Natwar Parekh Compound"
      },
      "geometry": {
        "type": "Point",
        "coordinates": [
          72.9159256,
          19.0659095
        ]
      },
      "id": "node/13533576101"
    },
    {
      "type": "Feature",
      "properties": {
        "@id": "node/13633845989",
        "addr:city": "Mumbai",
        "addr:district": "Mumbai",
        "addr:postcode": "400012",
        "addr:street": "Royal imperia building, Parmar guruji Marg, lane, next to Bharat bank, opposite to global hospital",
        "amenity": "hospital",
        "healthcare": "hospital",
        "healthcare:speciality": "orthopaedic_and_spine_surgeon",
        "name": "M J Speciality Clinic - Dr Manoj Jain",
        "website": "https://www.drmanojjainortho.com/"
      },
      "geometry": {
        "type": "Point",
        "coordinates": [
          72.8386903,
          19.0009418
        ]
      },
      "id": "node/13633845989"
    },
    {
      "type": "Feature",
      "properties": {
        "@id": "node/13805880401",
        "addr:city": "Mumbai",
        "addr:district": "Mumbai",
        "addr:housenumber": "B-3,C-4 1st floor, Mayfair Meridien HSG Society",
        "addr:postcode": "400058",
        "addr:street": "Ceasar Road",
        "amenity": "hospital",
        "emergency": "no",
        "healthcare": "hospital",
        "healthcare:speciality": "proctology;piles;hernia;fistula;fissure;varicose_veins;pilondial_sinus",
        "name": "Healing Hands Clinic - Andheri West, Mumbai",
        "website": "https://www.healinghandsclinic.co.in/mumbai-location/piles-fistula-hospital-in-andheri-west/"
      },
      "geometry": {
        "type": "Point",
        "coordinates": [
          72.8440998,
          19.1272912
        ]
      },
      "id": "node/13805880401"
    },
    {
      "type": "Feature",
      "properties": {
        "@id": "node/13808000655",
        "addr:city": "Vashi, Navi Mumbai",
        "addr:housenumber": "Unit no 18 at Palm Beach Galleria, 1st Floor",
        "addr:postcode": "400703",
        "addr:street": "Palm Beach Marg",
        "amenity": "hospital",
        "healthcare": "hospital",
        "healthcare:speciality": "proctology;piles;hernia;fissure;fistula;varicose_veins;pilondal_sinus",
        "name": "Healing Hands Clinic - Vashi, New Mumbai",
        "opening_hours": "24/7",
        "website": "https://www.healinghandsclinic.co.in/mumbai-location/piles-fistula-hospital-in-vashi/"
      },
      "geometry": {
        "type": "Point",
        "coordinates": [
          73.0075398,
          19.0853131
        ]
      },
      "id": "node/13808000655"
    },
    {
      "type": "Feature",
      "properties": {
        "@id": "node/13970254600",
        "amenity": "school",
        "isced:level": "0",
        "name": "Euro Kids",
        "operator": "Eurokids",
        "operator:type": "private",
        "wheelchair": "no"
      },
      "geometry": {
        "type": "Point",
        "coordinates": [
          73.032636,
          19.0066604
        ]
      },
      "id": "node/13970254600"
    },
    {
      "type": "Feature",
      "properties": {
        "@id": "node/13996773101",
        "amenity": "hospital",
        "check_date": "2026-07-08",
        "healthcare": "hospital",
        "name": "Airport Health Organization"
      },
      "geometry": {
        "type": "Point",
        "coordinates": [
          72.8768021,
          19.10341
        ]
      },
      "id": "node/13996773101"
    }
  ]
}